v -0.0026000014040619126 0.0286177322268486 0.004836070351302623
v -0.0064600016921758634 0.0286177322268486 0.004836070351302623
v -0.0064600016921758634 0.028974598273634907 0.005074520595371722
v -0.0026000014040619126 0.028974598273634907 0.005074520595371722
v -0.0064600016921758634 0.029395550489425656 0.005158253014087676
v -0.0026000014040619126 0.029395550489425656 0.005158253014087676
v -0.0026000014040619126 0.02837928384542465 0.004479205235838889
v -0.0064600016921758634 0.02837928384542465 0.004479205235838889
v -0.0026000014040619126 0.028974598273634907 0.003041985677555203
v -0.0026000014040619126 0.029395550489425656 0.002958253258839249
v -0.0064600016921758634 0.029395550489425656 0.002958253258839249
v -0.0026000014040619126 0.02829555049538612 0.004058253485709428
v -0.0064600016921758634 0.02837928384542465 0.0036373015027493234
v -0.0064600016921758634 0.02829555049538612 0.004058253485709428
v -0.0064600016921758634 0.028974598273634907 0.003041985677555203
v -0.0064600016921758634 0.0286177322268486 0.003280435455963015
v -0.0026000014040619126 0.0286177322268486 0.003280435455963015
v -0.0026000014040619126 0.02837928384542465 0.0036373015027493234
v -0.0026000014040619126 0.020617732778191563 0.004836070351302623
v -0.0064600016921758634 0.020617732778191563 0.004836070351302623
v -0.0064600016921758634 0.02097459882497787 0.005074520595371722
v -0.0026000014040619126 0.02097459882497787 0.005074520595371722
v -0.0064600016921758634 0.02139554917812347 0.005158253014087676
v -0.0026000014040619126 0.02139554917812347 0.005158253014087676
v -0.0026000014040619126 0.020379284396767613 0.004479205235838889
v -0.0064600016921758634 0.020379284396767613 0.004479205235838889
v -0.0026000014040619126 0.02097459882497787 0.003041985677555203
v -0.0026000014040619126 0.02139554917812347 0.002958253258839249
v -0.0064600016921758634 0.02139554917812347 0.002958253258839249
v -0.0026000014040619126 0.020295551046729084 0.004058253485709428
v -0.0064600016921758634 0.020379284396767613 0.0036373015027493234
v -0.0064600016921758634 0.020295551046729084 0.004058253485709428
v -0.0064600016921758634 0.02097459882497787 0.003041985677555203
v -0.0064600016921758634 0.020617732778191563 0.003280435455963015
v -0.0026000014040619126 0.020617732778191563 0.003280435455963015
v -0.0026000014040619126 0.020379284396767613 0.0036373015027493234
v -0.0026000014040619126 0.03661773353815078 0.004836070351302623
v -0.0064600016921758634 0.03661773353815078 0.004836070351302623
v -0.0064600016921758634 0.03697459772229194 0.005074520595371722
v -0.0026000014040619126 0.03697459772229194 0.005074520595371722
v -0.0064600016921758634 0.03739554807543754 0.005158253014087676
v -0.0026000014040619126 0.03739554807543754 0.005158253014087676
v -0.0026000014040619126 0.03637928515672683 0.004479205235838889
v -0.0064600016921758634 0.03637928515672683 0.004479205235838889
v -0.0026000014040619126 0.03697459772229194 0.003041985677555203
v -0.0026000014040619126 0.03739554807543754 0.002958253258839249
v -0.0064600016921758634 0.03739554807543754 0.002958253258839249
v -0.0026000014040619126 0.03637928515672683 0.0036373015027493234
v -0.0064600016921758634 0.03637928515672683 0.0036373015027493234
v -0.0064600016921758634 0.0362955518066883 0.004058253485709428
v -0.0026000014040619126 0.03661773353815078 0.003280435455963015
v -0.0064600016921758634 0.03697459772229194 0.003041985677555203
v -0.0064600016921758634 0.03661773353815078 0.003280435455963015
v -0.0026000014040619126 0.0362955518066883 0.004058253485709428
v -0.00420000124722719 0.046217732131481164 0.0016360706649720667
v -0.0064800013788044435 0.046217732131481164 0.0016360706649720667
v -0.0064800013788044435 0.04657460004091262 0.0018745206762105224
v -0.00420000124722719 0.04657460004091262 0.0018745206762105224
v -0.0064800013788044435 0.04699555039405822 0.001958253094926476
v -0.00420000124722719 0.04699555039405822 0.001958253094926476
v -0.00420000124722719 0.045979283750057214 0.0012792049674317239
v -0.0064800013788044435 0.045979283750057214 0.0012792049674317239
v -0.00420000124722719 0.04657460004091262 -0.00015801435802131889
v -0.00420000124722719 0.04699555039405822 -0.0002417468786006793
v -0.0064800013788044435 0.04699555039405822 -0.0002417468786006793
v -0.00420000124722719 0.045979283750057214 0.00043730137986131007
v -0.0064800013788044435 0.045979283750057214 0.00043730137986131007
v -0.0064800013788044435 0.045895550400018685 0.0008582531008869408
v -0.0064800013788044435 0.04657460004091262 -0.00015801435802131889
v -0.0064800013788044435 0.046217732131481164 8.043567504500969e-05
v -0.00420000124722719 0.046217732131481164 8.043567504500969e-05
v -0.00420000124722719 0.045895550400018685 0.0008582531008869408
v -0.00420000124722719 0.004617732949554919 0.0016360706649720667
v -0.0064800013788044435 0.004617732949554919 0.0016360706649720667
v -0.0064800013788044435 0.004974598996341228 0.0018745206762105224
v -0.00420000124722719 0.004974598996341228 0.0018745206762105224
v -0.0064800013788044435 0.005395550746470689 0.001958253094926476
v -0.00420000124722719 0.005395550746470689 0.001958253094926476
v -0.00420000124722719 0.004379283171147107 0.0012792049674317239
v -0.0064800013788044435 0.004379283171147107 0.0012792049674317239
v -0.00420000124722719 0.004974598996341228 -0.00015801435802131889
v -0.00420000124722719 0.005395550746470689 -0.0002417468786006793
v -0.0064800013788044435 0.005395550746470689 -0.0002417468786006793
v -0.00420000124722719 0.004379283171147107 0.00043730137986131007
v -0.0064800013788044435 0.004379283171147107 0.00043730137986131007
v -0.0064800013788044435 0.004295550752431153 0.0008582531008869408
v -0.0064800013788044435 0.004974598996341228 -0.00015801435802131889
v -0.0064800013788044435 0.004617732949554919 8.043567504500969e-05
v -0.00420000124722719 0.004617732949554919 8.043567504500969e-05
v -0.00420000124722719 0.004295550752431153 0.0008582531008869408
v 0.006459998432546852 0.0286177322268486 0.004836070351302623
v 0.0025999986100941888 0.0286177322268486 0.004836070351302623
v 0.0025999986100941888 0.028974598273634907 0.005074520595371722
v 0.006459998432546852 0.028974598273634907 0.005074520595371722
v 0.0025999986100941888 0.029395550489425656 0.005158253014087676
v 0.006459998432546852 0.029395550489425656 0.005158253014087676
v 0.0025999986100941888 0.02837928384542465 0.004479205235838889
v 0.006459998432546852 0.02837928384542465 0.004479205235838889
v 0.006459998432546852 0.028974598273634907 0.003041985677555203
v 0.006459998432546852 0.029395550489425656 0.002958253258839249
v 0.0025999986100941888 0.029395550489425656 0.002958253258839249
v 0.006459998432546852 0.02829555049538612 0.004058253485709428
v 0.0025999986100941888 0.02837928384542465 0.0036373015027493234
v 0.0025999986100941888 0.02829555049538612 0.004058253485709428
v 0.0025999986100941888 0.028974598273634907 0.003041985677555203
v 0.0025999986100941888 0.0286177322268486 0.003280435455963015
v 0.006459998432546852 0.02837928384542465 0.0036373015027493234
v 0.006459998432546852 0.0286177322268486 0.003280435455963015
v 0.006459998432546852 0.020617732778191563 0.004836070351302623
v 0.0025999986100941888 0.020617732778191563 0.004836070351302623
v 0.0025999986100941888 0.02097459882497787 0.005074520595371722
v 0.006459998432546852 0.02097459882497787 0.005074520595371722
v 0.0025999986100941888 0.02139554917812347 0.005158253014087676
v 0.006459998432546852 0.02139554917812347 0.005158253014087676
v 0.0025999986100941888 0.020379284396767613 0.004479205235838889
v 0.006459998432546852 0.020379284396767613 0.004479205235838889
v 0.006459998432546852 0.02097459882497787 0.003041985677555203
v 0.006459998432546852 0.02139554917812347 0.002958253258839249
v 0.0025999986100941888 0.02139554917812347 0.002958253258839249
v 0.006459998432546852 0.020295551046729084 0.004058253485709428
v 0.0025999986100941888 0.020379284396767613 0.0036373015027493234
v 0.0025999986100941888 0.020295551046729084 0.004058253485709428
v 0.0025999986100941888 0.02097459882497787 0.003041985677555203
v 0.0025999986100941888 0.020617732778191563 0.003280435455963015
v 0.006459998432546852 0.020379284396767613 0.0036373015027493234
v 0.006459998432546852 0.020617732778191563 0.003280435455963015
v 0.006459998432546852 0.03697459772229194 0.005074520595371722
v 0.0025999986100941888 0.03661773353815078 0.004836070351302623
v 0.0025999986100941888 0.03697459772229194 0.005074520595371722
v 0.006459998432546852 0.03739554807543754 0.005158253014087676
v 0.0025999986100941888 0.03739554807543754 0.005158253014087676
v 0.006459998432546852 0.03661773353815078 0.004836070351302623
v 0.006459998432546852 0.03637928515672683 0.004479205235838889
v 0.0025999986100941888 0.03637928515672683 0.004479205235838889
v 0.006459998432546852 0.03697459772229194 0.003041985677555203
v 0.006459998432546852 0.03739554807543754 0.002958253258839249
v 0.0025999986100941888 0.03739554807543754 0.002958253258839249
v 0.006459998432546852 0.03637928515672683 0.0036373015027493234
v 0.0025999986100941888 0.03637928515672683 0.0036373015027493234
v 0.0025999986100941888 0.0362955518066883 0.004058253485709428
v 0.0025999986100941888 0.03697459772229194 0.003041985677555203
v 0.0025999986100941888 0.03661773353815078 0.003280435455963015
v 0.006459998432546852 0.03661773353815078 0.003280435455963015
v 0.006459998432546852 0.0362955518066883 0.004058253485709428
v 0.00647999858483672 0.046217732131481164 0.0016360706649720667
v 0.004199998918920754 0.046217732131481164 0.0016360706649720667
v 0.004199998918920754 0.04657460004091262 0.0018745206762105224
v 0.00647999858483672 0.04657460004091262 0.0018745206762105224
v 0.004199998918920754 0.04699555039405822 0.001958253094926476
v 0.00647999858483672 0.04699555039405822 0.001958253094926476
v 0.00647999858483672 0.045979283750057214 0.0012792049674317239
v 0.004199998918920754 0.045979283750057214 0.0012792049674317239
v 0.00647999858483672 0.04657460004091262 -0.00015801435802131889
v 0.00647999858483672 0.04699555039405822 -0.0002417468786006793
v 0.004199998918920754 0.04699555039405822 -0.0002417468786006793
v 0.00647999858483672 0.045979283750057214 0.00043730137986131007
v 0.004199998918920754 0.045979283750057214 0.00043730137986131007
v 0.004199998918920754 0.045895550400018685 0.0008582531008869408
v 0.004199998918920754 0.04657460004091262 -0.00015801435802131889
v 0.004199998918920754 0.046217732131481164 8.043567504500969e-05
v 0.00647999858483672 0.046217732131481164 8.043567504500969e-05
v 0.00647999858483672 0.045895550400018685 0.0008582531008869408
v 0.00647999858483672 0.004617732949554919 0.0016360706649720667
v 0.004199998918920754 0.004617732949554919 0.0016360706649720667
v 0.004199998918920754 0.004974598996341228 0.0018745206762105224
v 0.00647999858483672 0.004974598996341228 0.0018745206762105224
v 0.004199998918920754 0.005395550746470689 0.001958253094926476
v 0.00647999858483672 0.005395550746470689 0.001958253094926476
v 0.00647999858483672 0.004379283171147107 0.0012792049674317239
v 0.004199998918920754 0.004379283171147107 0.0012792049674317239
v 0.00647999858483672 0.004974598996341228 -0.00015801435802131889
v 0.00647999858483672 0.005395550746470689 -0.0002417468786006793
v 0.004199998918920754 0.005395550746470689 -0.0002417468786006793
v 0.00647999858483672 0.004379283171147107 0.00043730137986131007
v 0.004199998918920754 0.004379283171147107 0.00043730137986131007
v 0.004199998918920754 0.004295550752431153 0.0008582531008869408
v 0.004199998918920754 0.004974598996341228 -0.00015801435802131889
v 0.004199998918920754 0.004617732949554919 8.043567504500969e-05
v 0.00647999858483672 0.004617732949554919 8.043567504500969e-05
v 0.00647999858483672 0.004295550752431153 0.0008582531008869408
v 0.006459998432546852 0.03637928515672683 0.004479205235838889
v 0.006459998432546852 0.03661773353815078 0.004836070351302623
v 0.00647999858483672 0.03660359233617782 0.004850212484598159
v 0.006459998432546852 0.03697459772229194 0.005074520595371722
v 0.00647999858483672 0.0369669459760189 0.005092998035252093
v 0.006459998432546852 0.03739554807543754 0.005158253014087676
v 0.00647999858483672 0.03739554807543754 0.0051782531663775435
v 0.00647999858483672 0.03636080399155616 0.004486858379095792
v 0.00647999858483672 0.0369669459760189 0.0030235080048441883
v 0.00647999858483672 0.03739554807543754 0.0029382531065493818
v 0.006459998432546852 0.03739554807543754 0.002958253258839249
v 0.00647999858483672 0.03627555072307586 0.004058253485709428
v 0.006459998432546852 0.03637928515672683 0.0036373015027493234
v 0.006459998432546852 0.0362955518066883 0.004058253485709428
v 0.00647999858483672 0.03660359233617782 0.0032662935554981227
v 0.006459998432546852 0.03661773353815078 0.003280435455963015
v 0.006459998432546852 0.03697459772229194 0.003041985677555203
v 0.00647999858483672 0.03636080399155616 0.0036296476610004898
v 0.00647999858483672 0.02139554917812347 0.0051782531663775435
v 0.006459998432546852 0.02097459882497787 0.005074520595371722
v 0.006459998432546852 0.02139554917812347 0.005158253014087676
v 0.006459998432546852 0.020617732778191563 0.004836070351302623
v 0.00647999858483672 0.02096694521605968 0.005092998035252093
v 0.00647999858483672 0.0206035915762186 0.004850212484598159
v 0.00647999858483672 0.020360805094242092 0.004486858379095792
v 0.006459998432546852 0.020379284396767613 0.004479205235838889
v 0.006459998432546852 0.02097459882497787 0.003041985677555203
v 0.00647999858483672 0.02139554917812347 0.0029382531065493818
v 0.006459998432546852 0.02139554917812347 0.002958253258839249
v 0.00647999858483672 0.0206035915762186 0.0032662935554981227
v 0.006459998432546852 0.020617732778191563 0.003280435455963015
v 0.006459998432546852 0.020379284396767613 0.0036373015027493234
v 0.00647999858483672 0.02096694521605968 0.0030235080048441883
v 0.00647999858483672 0.020275549963116642 0.004058253485709428
v 0.006459998432546852 0.020295551046729084 0.004058253485709428
v 0.00647999858483672 0.020360805094242092 0.0036296476610004898
v 0.00647999858483672 0.029395550489425656 0.0051782531663775435
v 0.006459998432546852 0.028974598273634907 0.005074520595371722
v 0.006459998432546852 0.029395550489425656 0.005158253014087676
v 0.006459998432546852 0.0286177322268486 0.004836070351302623
v 0.00647999858483672 0.028966946527361866 0.005092998035252093
v 0.00647999858483672 0.028603591024875637 0.004850212484598159
v 0.00647999858483672 0.028360806405544278 0.004486858379095792
v 0.006459998432546852 0.02837928384542465 0.004479205235838889
v 0.006459998432546852 0.028974598273634907 0.003041985677555203
v 0.00647999858483672 0.029395550489425656 0.0029382531065493818
v 0.006459998432546852 0.029395550489425656 0.002958253258839249
v 0.00647999858483672 0.028603591024875637 0.0032662935554981227
v 0.006459998432546852 0.0286177322268486 0.003280435455963015
v 0.006459998432546852 0.02837928384542465 0.0036373015027493234
v 0.00647999858483672 0.028966946527361866 0.0030235080048441883
v 0.00647999858483672 0.028275551274418827 0.004058253485709428
v 0.006459998432546852 0.02829555049538612 0.004058253485709428
v 0.00647999858483672 0.028360806405544278 0.0036296476610004898
v 0.000792529957834631 0.010615732520818709 0.008316522464156149
v -1.344323763419197e-09 0.010675550438463686 0.008339557796716688
v 0.0006056701531633733 0.010640697553753851 0.0034982531797140832
v 0.002293259371072053 0.010151531547307966 0.008087355643510817
v 0.0015661483630537982 0.01043792814016342 0.008239693008363245
v 0.0017851343145593994 0.010364623740315436 0.0034982531797140832
v 0.0012033454841002818 0.010536597110331057 0.0034982531797140832
v 0.0023433554451912633 0.01012704987078905 0.0034982531797140832
v 0.0029480799566954366 0.009775872342288492 0.00782407447695732
v -1.344323763419197e-09 0.010675550438463686 0.0034982531797140832
v 0.002870639553293585 0.009827009402215479 0.0034982531797140832
v 0.003235008101910352 0.009568377397954462 0.007639744784682988
v 0.0033600251190364348 0.009468464180827139 0.0034982531797140832
v 0.003490339498966931 0.009357359260320662 0.00741444993764162
v 0.003707929980009793 0.009154523722827433 0.007148960139602422
v 0.004024605732411144 0.008813289925456045 0.006502182688564061
v 0.0038856407627463328 0.008970489725470541 0.006844964809715747
v 0.003805051557719706 0.009056147187948225 0.0034982531797140832
v 0.004121994134038685 0.00869517959654331 0.006134235765784978
v 0.0041998079977929575 0.008595550432801245 0.005341959185898303
v 0.004180297721177338 0.008621134795248507 0.005744512658566236
v 0.004199998918920754 0.008595550432801245 0.0042982529848814
v 0.0041999034583568556 0.008595550432801245 0.0034982531797140832
v -0.0064600016921758634 0.03637928515672683 0.0036373015027493234
v -0.0064600016921758634 0.03661773353815078 0.003280435455963015
v -0.0064800013788044435 0.03660359233617782 0.0032662935554981227
v -0.0064600016921758634 0.03697459772229194 0.003041985677555203
v -0.0064800013788044435 0.0369669459760189 0.0030235080048441883
v -0.0064600016921758634 0.03739554807543754 0.002958253258839249
v -0.0064800013788044435 0.03739554807543754 0.0029382531065493818
v -0.0064800013788044435 0.03636080399155616 0.0036296476610004898
v -0.0064800013788044435 0.0369669459760189 0.005092998035252093
v -0.0064800013788044435 0.03739554807543754 0.0051782531663775435
v -0.0064600016921758634 0.03739554807543754 0.005158253014087676
v -0.0064800013788044435 0.03627555072307586 0.004058253485709428
v -0.0064600016921758634 0.03637928515672683 0.004479205235838889
v -0.0064600016921758634 0.0362955518066883 0.004058253485709428
v -0.0064800013788044435 0.03660359233617782 0.004850212484598159
v -0.0064600016921758634 0.03661773353815078 0.004836070351302623
v -0.0064600016921758634 0.03697459772229194 0.005074520595371722
v -0.0064800013788044435 0.03636080399155616 0.004486858379095792
v -0.0064800013788044435 0.02139554917812347 0.0029382531065493818
v -0.0064600016921758634 0.02097459882497787 0.003041985677555203
v -0.0064600016921758634 0.02139554917812347 0.002958253258839249
v -0.0064600016921758634 0.020617732778191563 0.003280435455963015
v -0.0064800013788044435 0.02096694521605968 0.0030235080048441883
v -0.0064800013788044435 0.0206035915762186 0.0032662935554981227
v -0.0064800013788044435 0.020360805094242092 0.0036296476610004898
v -0.0064600016921758634 0.020379284396767613 0.0036373015027493234
v -0.0064800013788044435 0.02096694521605968 0.005092998035252093
v -0.0064800013788044435 0.02139554917812347 0.0051782531663775435
v -0.0064600016921758634 0.02139554917812347 0.005158253014087676
v -0.0064600016921758634 0.020379284396767613 0.004479205235838889
v -0.0064600016921758634 0.020295551046729084 0.004058253485709428
v -0.0064800013788044435 0.020275549963116642 0.004058253485709428
v -0.0064800013788044435 0.020360805094242092 0.004486858379095792
v -0.0064600016921758634 0.020617732778191563 0.004836070351302623
v -0.0064800013788044435 0.0206035915762186 0.004850212484598159
v -0.0064600016921758634 0.02097459882497787 0.005074520595371722
v -0.0064800013788044435 0.029395550489425656 0.0029382531065493818
v -0.0064600016921758634 0.028974598273634907 0.003041985677555203
v -0.0064600016921758634 0.029395550489425656 0.002958253258839249
v -0.0064600016921758634 0.0286177322268486 0.003280435455963015
v -0.0064800013788044435 0.028966946527361866 0.0030235080048441883
v -0.0064800013788044435 0.028603591024875637 0.0032662935554981227
v -0.0064800013788044435 0.028360806405544278 0.0036296476610004898
v -0.0064600016921758634 0.02837928384542465 0.0036373015027493234
v -0.0064800013788044435 0.028966946527361866 0.005092998035252093
v -0.0064800013788044435 0.029395550489425656 0.0051782531663775435
v -0.0064600016921758634 0.029395550489425656 0.005158253014087676
v -0.0064600016921758634 0.02837928384542465 0.004479205235838889
v -0.0064600016921758634 0.02829555049538612 0.004058253485709428
v -0.0064800013788044435 0.028275551274418827 0.004058253485709428
v -0.0064800013788044435 0.028360806405544278 0.004486858379095792
v -0.0064600016921758634 0.0286177322268486 0.004836070351302623
v -0.0064800013788044435 0.028603591024875637 0.004850212484598159
v -0.0064600016921758634 0.028974598273634907 0.005074520595371722
v -0.005280001088976858 0.005395550746470689 -0.0017817468615248797
v -0.005280001088976858 0.010552923195064066 -0.0017817468615248797
v -0.00420000124722719 0.010552923195064066 -0.0017817468615248797
v -0.00420000124722719 0.005395550746470689 -0.0017817468615248797
v 0.005279998760670422 0.005395550746470689 -0.0017817468615248797
v 0.004199998918920754 0.010552923195064066 -0.0017817468615248797
v 0.005279998760670422 0.010552923195064066 -0.0017817468615248797
v 0.004199998918920754 0.005395550746470689 -0.0017817468615248797
v 0.00647999858483672 0.015571102499961851 0.007346436381340026
v 0.00647999858483672 0.02139554917812347 0.0051782531663775435
v 0.00647999858483672 0.01893857307732105 0.007640791591256856
v 0.00647999858483672 0.012208717875182627 0.006998737808316945
v 0.00647999858483672 0.008660387247800825 0.005982855800539254
v 0.00647999858483672 0.02096694521605968 0.005092998035252093
v 0.00647999858483672 0.008852269500494002 0.0065977820195257655
v 0.00647999858483672 0.008595550432801245 0.005341959185898303
v 0.00647999858483672 0.022310290485620495 0.00788172800093889
v 0.00647999858483672 0.029395550489425656 0.0051782531663775435
v 0.00647999858483672 0.0206035915762186 0.004850212484598159
v 0.00647999858483672 0.028966946527361866 0.005092998035252093
v 0.00647999858483672 0.02182415500283241 0.005092998035252093
v 0.00647999858483672 0.008595550432801245 0.0042982529848814
v 0.00647999858483672 0.020360805094242092 0.004486858379095792
v 0.00647999858483672 0.02218750864267349 0.004850212484598159
v 0.00647999858483672 0.028603591024875637 0.004850212484598159
v 0.00647999858483672 0.008534654974937437 0.0039921062998473636
v 0.00647999858483672 0.008361235260963438 0.0037325678858906026
v 0.00647999858483672 0.020360805094242092 0.0036296476610004898
v 0.00647999858483672 0.020275549963116642 0.004058253485709428
v 0.00647999858483672 0.007795550860464572 0.0034982531797140832
v 0.00647999858483672 0.005395550746470689 0.0034982531797140832
v 0.00647999858483672 0.0040451851673424235 0.003126757917925715
v 0.00647999858483672 0.0206035915762186 0.0032662935554981227
v 0.00647999858483672 0.00810169707983732 0.0035591495689004655
v 0.00647999858483672 0.02096694521605968 0.0030235080048441883
v 0.00647999858483672 0.028360806405544278 0.004486858379095792
v 0.00647999858483672 0.022430295124649998 0.004486858379095792
v 0.00647999858483672 0.022430295124649998 0.0036296476610004898
v 0.00647999858483672 0.02218750864267349 0.0032662935554981227
v 0.00647999858483672 0.028603591024875637 0.0032662935554981227
v 0.00647999858483672 0.022515550255775448 0.004058253485709428
v 0.00647999858483672 0.028360806405544278 0.0036296476610004898
v 0.00647999858483672 0.004695283249020576 0.0034036855213344093
v 0.00647999858483672 0.028275551274418827 0.004058253485709428
v 0.00647999858483672 0.029063060879707333 0.008203118108212946
v 0.00647999858483672 0.02568540163338184 0.008069186471402643
v 0.00647999858483672 0.03244241699576377 0.008283491246402262
v 0.00647999858483672 0.03739554807543754 0.0051782531663775435
v 0.00647999858483672 0.029824156314134594 0.005092998035252093
v 0.00647999858483672 0.03660359233617782 0.004850212484598159
v 0.00647999858483672 0.030187509953975674 0.004850212484598159
v 0.00647999858483672 0.0461687184870243 0.008310284465551375
v 0.00647999858483672 0.03582262620329856 0.008310284465551375
v 0.00647999858483672 0.0369669459760189 0.005092998035252093
v 0.00647999858483672 0.037824157625436776 0.005092998035252093
v 0.00647999858483672 0.038187511265277856 0.004850212484598159
v 0.00647999858483672 0.030430296435952183 0.004486858379095792
v 0.00647999858483672 0.03636080399155616 0.004486858379095792
v 0.00647999858483672 0.030515549704432484 0.004058253485709428
v 0.00647999858483672 0.030430296435952183 0.0036296476610004898
v 0.00647999858483672 0.03636080399155616 0.0036296476610004898
v 0.00647999858483672 0.030187509953975674 0.0032662935554981227
v 0.00647999858483672 0.03627555072307586 0.004058253485709428
v 0.00647999858483672 0.04699555039405822 0.001958253094926476
v 0.00647999858483672 0.038430295884609215 0.004486858379095792
v 0.00647999858483672 0.038515552878379815 0.004058253485709428
v 0.00647999858483672 0.038430295884609215 0.0036296476610004898
v 0.00647999858483672 0.02182415500283241 0.0030235080048441883
v 0.00647999858483672 0.0034918298479169603 0.0026873094029724594
v 0.00647999858483672 0.005395550746470689 0.001958253094926476
v 0.00647999858483672 0.0030748611316084857 0.0021168235689401622
v 0.00647999858483672 0.004617732949554919 0.0016360706649720667
v 0.00647999858483672 0.004974598996341228 0.0018745206762105224
v 0.00647999858483672 0.0028241514228284355 0.0014561713906005023
v 0.00647999858483672 0.00581650249660015 0.0018745206762105224
v 0.00647999858483672 0.028966946527361866 0.0030235080048441883
v 0.00647999858483672 0.02139554917812347 0.0029382531065493818
v 0.00647999858483672 0.006173368077725171 0.0016360706649720667
v 0.00647999858483672 0.029395550489425656 0.0029382531065493818
v 0.00647999858483672 0.006173368077725171 8.043567504500969e-05
v 0.00647999858483672 0.006411817856132983 0.0012792049674317239
v 0.00647999858483672 0.004379283171147107 0.0012792049674317239
v 0.00647999858483672 0.0027576622087508436 0.0007526827976107596
v 0.00647999858483672 0.004295550752431153 0.0008582531008869408
v 0.00647999858483672 0.004379283171147107 0.00043730137986131007
v 0.00647999858483672 0.004617732949554919 8.043567504500969e-05
v 0.00647999858483672 0.0028801569715142246 5.6757548009045415e-05
v 0.00647999858483672 0.004974598996341228 -0.00015801435802131889
v 0.00647999858483672 0.003182859858497977 -0.0005817468627355992
v 0.00647999858483672 0.006495550740510224 0.0008582531008869408
v 0.00647999858483672 0.006411817856132983 0.00043730137986131007
v 0.00647999858483672 0.005395550746470689 -0.0002417468786006793
v 0.00647999858483672 0.046217732131481164 8.043567504500969e-05
v 0.00647999858483672 0.00581650249660015 -0.00015801435802131889
v 0.00647999858483672 0.04657460004091262 -0.00015801435802131889
v 0.00647999858483672 0.04699555039405822 -0.0002417468786006793
v 0.00647999858483672 0.049185924232006066 -0.0005817468627355992
v 0.00647999858483672 0.03660359233617782 0.0032662935554981227
v 0.00647999858483672 0.029824156314134594 0.0030235080048441883
v 0.00647999858483672 0.0369669459760189 0.0030235080048441883
v 0.00647999858483672 0.03739554807543754 0.0029382531065493818
v 0.00647999858483672 0.037824157625436776 0.0030235080048441883
v 0.00647999858483672 0.04657460004091262 0.0018745206762105224
v 0.00647999858483672 0.045979283750057214 0.0012792049674317239
v 0.00647999858483672 0.046217732131481164 0.0016360706649720667
v 0.00647999858483672 0.038187511265277856 0.0032662935554981227
v 0.00647999858483672 0.04741650447249412 0.0018745206762105224
v 0.00647999858483672 0.04928260296583175 0.0016325369942933319
v 0.00647999858483672 0.04801181703805923 0.0012792049674317239
v 0.00647999858483672 0.04946134984493255 0.0010864698560908435
v 0.00647999858483672 0.04777336865663528 0.0016360706649720667
v 0.00647999858483672 0.045895550400018685 0.0008582531008869408
v 0.00647999858483672 0.045979283750057214 0.00043730137986131007
v 0.00647999858483672 0.04741650447249412 -0.00015801435802131889
v 0.00647999858483672 0.048095550388097756 0.0008582531008869408
v 0.00647999858483672 0.04950518161058425 0.0005135665996931492
v 0.00647999858483672 0.04801181703805923 0.00043730137986131007
v 0.00647999858483672 0.04777336865663528 8.043567504500969e-05
v 0.00647999858483672 0.049411583691835397 -5.333650187822058e-05
v 0.00647999858483672 0.007795550860464572 0.0034982531797140832
v 0.004199998918920754 0.007795550860464572 0.0034982531797140832
v 0.00647999858483672 0.005395550746470689 0.0034982531797140832
v 0.004199998918920754 0.005395550746470689 0.0034982531797140832
v 0.005884645506739615 0.009222705848515032 0.007244712207466363
v 0.00647999858483672 0.008852269500494002 0.0065977820195257655
v 0.005617147777229546 0.009475156664848326 0.007545761298388242
v 0.0053779245354235155 0.009775539860129355 0.007823803462088106
v 0.00647999858483672 0.012208717875182627 0.006998737808316945
v 0.004879998508840798 0.011432252824306486 0.008521270006895064
v 0.00647999858483672 0.015571102499961851 0.007346436381340026
v 0.005172998644411562 0.010127890855073927 0.00807305984199047
v 0.0050153331831097585 0.010526426136493681 0.008279530331492422
v 0.004914605524390934 0.010966454632580279 0.008432687260210512
v 0.004879998508840798 0.017512559890747067 0.009128594771027563
v 0.00647999858483672 0.01893857307732105 0.007640791591256856
v 0.00647999858483672 0.022310290485620495 0.00788172800093889
v 0.00647999858483672 0.02568540163338184 0.008069186471402643
v 0.00647999858483672 0.029063060879707333 0.008203118108212946
v 0.004879998508840798 0.02971268072724342 0.009823383763432501
v 0.00647999858483672 0.03244241699576377 0.008283491246402262
v 0.004879998508840798 0.023607678711414334 0.009562749415636061
v 0.004879998508840798 0.03582262620329856 0.009910283610224722
v 0.00647999858483672 0.03582262620329856 0.008310284465551375
v 0.005708096548914908 0.04570725187659263 0.009082186967134474
v 0.005464178975671528 0.04546298831701278 0.009326104074716566
v 0.00647999858483672 0.03582262620329856 0.008310284465551375
v 0.004879998508840798 0.03582262620329856 0.009910283610224722
v 0.005978572648018597 0.04591016471385955 0.008811710402369497
v 0.00647999858483672 0.0461687184870243 0.008310284465551375
v 0.00626571476459503 0.046068798750638955 0.008524568751454352
v 0.005255859345197676 0.04518317803740501 0.009534424170851706
v 0.004879998508840798 0.04389365762472152 0.009910283610224722
v 0.004902418702840803 0.04422093927860259 0.009887863881886004
v 0.004972009453922508 0.04455182701349258 0.009818273596465586
v 0.005090303253382443 0.044876120984554284 0.009699979797005652
v 0.00647999858483672 0.04928260296583175 0.0016325369942933319
v 0.004199998918920754 0.04928260296583175 0.0016325369942933319
v 0.00647999858483672 0.0461687184870243 0.008310284465551375
v 0.004199998918920754 0.0461687184870243 0.008310284465551375
v -0.00420000124722719 0.04928260296583175 0.0016325369942933319
v -0.0064800013788044435 0.04928260296583175 0.0016325369942933319
v -0.00420000124722719 0.0461687184870243 0.008310284465551375
v -0.0064800013788044435 0.0461687184870243 0.008310284465551375
v -0.006265717558562754 0.046068798750638955 0.008524568751454352
v 0.00626571476459503 0.046068798750638955 0.008524568751454352
v 0.005299314856529234 0.04741134494543075 -0.0017624307656660674
v 0.005279998760670422 0.04710746556520461 -0.0017817468615248797
v 0.004199998918920754 0.04710746556520461 -0.0017817468615248797
v 0.004199998918920754 0.047703303396701806 -0.0017066065920516846
v 0.005460056476294993 0.048019528388977044 -0.0016016891459003089
v 0.004199998918920754 0.0482618361711502 -0.0014858910581097005
v 0.005601537879556416 0.04830746352672576 -0.0014602078590542076
v 0.004199998918920754 0.04874808341264724 -0.0011334206210449336
v 0.0053589660674333555 0.04771804437041282 -0.001702779554761946
v 0.005780159030109642 0.04857395961880683 -0.0012815864756703375
v 0.005990704987198113 0.04881224781274795 -0.0010710406349971888
v 0.004199998918920754 0.049131602048873894 -0.0006712658796459435
v 0.004199998918920754 0.04938837885856628 -0.00012836560199502853
v 0.00647999858483672 0.049185924232006066 -0.0005817468627355992
v 0.004199998918920754 0.0494663156569004 0.0010607655858621
v 0.00647999858483672 0.04946134984493255 0.0010864698560908435
v 0.004199998918920754 0.04950232803821563 0.00046128561371006066
v 0.00647999858483672 0.04950518161058425 0.0005135665996931492
v 0.00647999858483672 0.049411583691835397 -5.333650187822058e-05
v 0.006116365082561968 0.01246331539005041 -0.0009453807142563163
v 0.00647999858483672 0.003182859858497977 -0.0005817468627355992
v 0.005987069103866814 0.003597389673814177 -0.0010746765183284877
v 0.00605481071397662 0.011900913901627062 -0.001006935257464647
v 0.005878590513020752 0.011377087794244288 -0.0011831549927592275
v 0.005776922218501566 0.0038538558874279256 -0.0012848234036937354
v 0.005610298365354536 0.010922067798674105 -0.0014514472568407653
v 0.005599308758974074 0.0041369800455868235 -0.0014624363975599406
v 0.005990704987198113 0.04881224781274795 -0.0010710406349971888
v 0.00647999858483672 0.049185924232006066 -0.0005817468627355992
v 0.00605481071397662 0.013025715015828608 -0.001006935257464647
v 0.005878590513020752 0.013549541123211382 -0.0011831549927592275
v 0.005780159030109642 0.04857395961880683 -0.0012815864756703375
v 0.005610298365354536 0.014004561118781565 -0.0014514472568407653
v 0.005458890926092861 0.004440275952219962 -0.0016028543468564747
v 0.005279998760670422 0.010552923195064066 -0.0017817468615248797
v 0.005358561873435972 0.004756298847496509 -0.0017031835159286854
v 0.0052992580458521826 0.005077243316918611 -0.0017624873435124753
v 0.005279998760670422 0.005395550746470689 -0.0017817468615248797
v 0.005460056476294993 0.048019528388977044 -0.0016016891459003089
v 0.005601537879556416 0.04830746352672576 -0.0014602078590542076
v 0.005279998760670422 0.014373705722391604 -0.0017817468615248797
v 0.005279998760670422 0.04710746556520461 -0.0017817468615248797
v 0.0053589660674333555 0.04771804437041282 -0.001702779554761946
v 0.005299314856529234 0.04741134494543075 -0.0017624307656660674
v 0.0052992580458521826 0.005077243316918611 -0.0017624873435124753
v 0.005358561873435972 0.004756298847496509 -0.0017031835159286854
v 0.004199998918920754 0.004880512133240699 -0.0017310199327766893
v 0.005458890926092861 0.004440275952219962 -0.0016028543468564747
v 0.004199998918920754 0.004385266453027724 -0.0015807888703420756
v 0.005987069103866814 0.003597389673814177 -0.0010746765183284877
v 0.00647999858483672 0.003182859858497977 -0.0005817468627355992
v 0.004199998918920754 0.003200470935553312 -0.0006084522465243935
v 0.005599308758974074 0.0041369800455868235 -0.0014624363975599406
v 0.005776922218501566 0.0038538558874279256 -0.0012848234036937354
v 0.004199998918920754 0.0039288452826440326 -0.0013368267100304363
v 0.004199998918920754 0.0035287889186292882 -0.0010085088433697818
v 0.004199998918920754 0.005395550746470689 -0.0017817468615248797
v 0.005279998760670422 0.005395550746470689 -0.0017817468615248797
v 0.004199998918920754 0.0029565086588263507 -0.00015203111979644743
v 0.00647999858483672 0.005395550746470689 0.0034982531797140832
v 0.004199998918920754 0.005395550746470689 0.0034982531797140832
v 0.004199998918920754 0.004880512133240699 0.003447526134550571
v 0.00647999858483672 0.0028801569715142246 5.6757548009045415e-05
v 0.004199998918920754 0.002806277479976415 0.0003432146913837641
v 0.00647999858483672 0.0028241514228284355 0.0014561713906005023
v 0.004199998918920754 0.0027555506676435466 0.0008582531008869408
v 0.00647999858483672 0.0027576622087508436 0.0007526827976107596
v 0.004199998918920754 0.0029565086588263507 0.0018685373943299053
v 0.00647999858483672 0.0030748611316084857 0.0021168235689401622
v 0.004199998918920754 0.0039288452826440326 0.003053332911804318
v 0.00647999858483672 0.0034918298479169603 0.0026873094029724594
v 0.00647999858483672 0.0040451851673424235 0.003126757917925715
v 0.004199998918920754 0.003200470935553312 0.002324958564713597
v 0.004199998918920754 0.004385266453027724 0.003297295188531279
v 0.00647999858483672 0.004695283249020576 0.0034036855213344093
v 0.004199998918920754 0.002806277479976415 0.001373291597701609
v 0.004199998918920754 0.0035287889186292882 0.0027250149287283416
v 0.006459998432546852 0.038173366338014596 0.003280435455963015
v 0.006459998432546852 0.03781650215387344 0.003041985677555203
v 0.00647999858483672 0.037824157625436776 0.0030235080048441883
v 0.00647999858483672 0.038430295884609215 0.0036296476610004898
v 0.006459998432546852 0.03849555179476737 0.004058253485709428
v 0.006459998432546852 0.038411818444728844 0.0036373015027493234
v 0.00647999858483672 0.038187511265277856 0.0032662935554981227
v 0.00647999858483672 0.038515552878379815 0.004058253485709428
v 0.006459998432546852 0.038173366338014596 0.004836070351302623
v 0.006459998432546852 0.038411818444728844 0.004479205235838889
v 0.00647999858483672 0.038187511265277856 0.004850212484598159
v 0.00647999858483672 0.037824157625436776 0.005092998035252093
v 0.006459998432546852 0.03781650215387344 0.005074520595371722
v 0.00647999858483672 0.038430295884609215 0.004486858379095792
v 0.006459998432546852 0.02181650139391422 0.003041985677555203
v 0.00647999858483672 0.022430295124649998 0.0036296476610004898
v 0.006459998432546852 0.022411817684769627 0.0036373015027493234
v 0.006459998432546852 0.022173369303345677 0.003280435455963015
v 0.00647999858483672 0.02182415500283241 0.0030235080048441883
v 0.00647999858483672 0.02218750864267349 0.0032662935554981227
v 0.006459998432546852 0.022495551034808155 0.004058253485709428
v 0.00647999858483672 0.022515550255775448 0.004058253485709428
v 0.006459998432546852 0.022173369303345677 0.004836070351302623
v 0.006459998432546852 0.022411817684769627 0.004479205235838889
v 0.00647999858483672 0.02218750864267349 0.004850212484598159
v 0.006459998432546852 0.02181650139391422 0.005074520595371722
v 0.00647999858483672 0.02182415500283241 0.005092998035252093
v 0.006459998432546852 0.02139554917812347 0.005158253014087676
v 0.00647999858483672 0.02139554917812347 0.0051782531663775435
v 0.00647999858483672 0.022430295124649998 0.004486858379095792
v 0.006459998432546852 0.029816500842571255 0.003041985677555203
v 0.00647999858483672 0.030430296435952183 0.0036296476610004898
v 0.006459998432546852 0.030411817133426663 0.0036373015027493234
v 0.006459998432546852 0.030173368752002713 0.003280435455963015
v 0.00647999858483672 0.029824156314134594 0.0030235080048441883
v 0.00647999858483672 0.030187509953975674 0.0032662935554981227
v 0.006459998432546852 0.03049555048346519 0.004058253485709428
v 0.00647999858483672 0.030515549704432484 0.004058253485709428
v 0.006459998432546852 0.030173368752002713 0.004836070351302623
v 0.006459998432546852 0.030411817133426663 0.004479205235838889
v 0.00647999858483672 0.030187509953975674 0.004850212484598159
v 0.006459998432546852 0.029816500842571255 0.005074520595371722
v 0.00647999858483672 0.029824156314134594 0.005092998035252093
v 0.006459998432546852 0.029395550489425656 0.005158253014087676
v 0.00647999858483672 0.029395550489425656 0.0051782531663775435
v 0.00647999858483672 0.030430296435952183 0.004486858379095792
v 0.004199998918920754 0.046217732131481164 0.0016360706649720667
v 0.004199998918920754 0.04189584404230117 0.008276613429188727
v 0.004199998918920754 0.04470375180244445 0.008310284465551375
v 0.004199998918920754 0.0461687184870243 0.008310284465551375
v 0.004199998918920754 0.04657460004091262 0.0018745206762105224
v 0.004199998918920754 0.045979283750057214 0.0012792049674317239
v 0.004199998918920754 0.0447205863893032 -0.0005478840903379022
v 0.004199998918920754 0.045895550400018685 0.0008582531008869408
v 0.004199998918920754 0.045979283750057214 0.00043730137986131007
v 0.004199998918920754 0.046217732131481164 8.043567504500969e-05
v 0.004199998918920754 0.039089553058147423 0.00817561987787485
v 0.004199998918920754 0.04699555039405822 0.001958253094926476
v 0.004199998918920754 0.04928260296583175 0.0016325369942933319
v 0.004199998918920754 0.04777336865663528 0.0016360706649720667
v 0.004199998918920754 0.04741650447249412 0.0018745206762105224
v 0.004199998918920754 0.04801181703805923 0.0012792049674317239
v 0.004199998918920754 0.04950232803821563 0.00046128561371006066
v 0.004199998918920754 0.048095550388097756 0.0008582531008869408
v 0.004199998918920754 0.0494663156569004 0.0010607655858621
v 0.004199998918920754 0.04801181703805923 0.00043730137986131007
v 0.004199998918920754 0.04938837885856628 -0.00012836560199502853
v 0.004199998918920754 0.04481147974729537 -0.0007413552957586943
v 0.004199998918920754 0.044847901910543435 -0.0009519893792457878
v 0.004199998918920754 0.04657460004091262 -0.00015801435802131889
v 0.004199998918920754 0.044827241450548165 -0.0011647479841485617
v 0.004199998918920754 0.04710746556520461 -0.0017817468615248797
v 0.004199998918920754 0.04404845461249351 -0.0017817468615248797
v 0.004199998918920754 0.04426029697060584 -0.0017531887860968707
v 0.004199998918920754 0.04445701465010642 -0.0016695532249286769
v 0.004199998918920754 0.044624563306570046 -0.0015368117019534109
v 0.004199998918920754 0.04475098103284835 -0.0013644411228597162
v 0.004199998918920754 0.04699555039405822 -0.0002417468786006793
v 0.004199998918920754 0.049131602048873894 -0.0006712658796459435
v 0.004199998918920754 0.04777336865663528 8.043567504500969e-05
v 0.004199998918920754 0.04874808341264724 -0.0011334206210449336
v 0.004199998918920754 0.04741650447249412 -0.00015801435802131889
v 0.004199998918920754 0.047703303396701806 -0.0017066065920516846
v 0.004199998918920754 0.0482618361711502 -0.0014858910581097005
v 0.004199998918920754 0.0035287889186292882 0.0027250149287283416
v 0.004199998918920754 0.0039288452826440326 0.003053332911804318
v 0.004199998918920754 0.005395550746470689 0.001958253094926476
v 0.004199998918920754 0.004974598996341228 0.0018745206762105224
v 0.004199998918920754 0.004385266453027724 0.003297295188531279
v 0.004199998918920754 0.004880512133240699 0.003447526134550571
v 0.004199998918920754 0.005395550746470689 0.0034982531797140832
v 0.004199998918920754 0.00581650249660015 0.0018745206762105224
v 0.004199998918920754 0.003200470935553312 0.002324958564713597
v 0.004199998918920754 0.002806277479976415 0.001373291597701609
v 0.004199998918920754 0.0029565086588263507 0.0018685373943299053
v 0.004199998918920754 0.004379283171147107 0.0012792049674317239
v 0.004199998918920754 0.004295550752431153 0.0008582531008869408
v 0.004199998918920754 0.0027555506676435466 0.0008582531008869408
v 0.004199998918920754 0.002806277479976415 0.0003432146913837641
v 0.004199998918920754 0.004617732949554919 0.0016360706649720667
v 0.004199998918920754 0.007795550860464572 0.0034982531797140832
v 0.0041999034583568556 0.008595550432801245 0.0034982531797140832
v 0.004199998918920754 0.00810169707983732 0.0035591495689004655
v 0.004199998918920754 0.008361235260963438 0.0037325678858906026
v 0.004199998918920754 0.008595550432801245 0.0042982529848814
v 0.004199950955808161 0.008595550432801245 0.00389825296588242
v 0.004199998918920754 0.008534654974937437 0.0039921062998473636
v 0.004199998918920754 0.011480482295155523 0.0034982531797140832
v 0.004199998918920754 0.012061469256877897 0.0031015386339277025
v 0.004199998918920754 0.006173368077725171 0.0016360706649720667
v 0.004199998918920754 0.012593462131917475 0.002641200320795178
v 0.004199998918920754 0.006411817856132983 0.0012792049674317239
v 0.004199998918920754 0.006495550740510224 0.0008582531008869408
v 0.004199998918920754 0.013483470305800436 0.0015543940244242547
v 0.004199998918920754 0.013069529086351393 0.0021232359576970334
v 0.004199998918920754 0.013829890638589857 0.0009420859278179704
v 0.004199998918920754 0.011930653825402258 -0.0010005285730585454
v 0.004199998918920754 0.0029565086588263507 -0.00015203111979644743
v 0.004199998918920754 0.004379283171147107 0.00043730137986131007
v 0.004199998918920754 0.004617732949554919 8.043567504500969e-05
v 0.004199998918920754 0.00581650249660015 -0.00015801435802131889
v 0.004199998918920754 0.006173368077725171 8.043567504500969e-05
v 0.004199998918920754 0.010954759083688257 -0.0014277738519012926
v 0.004199998918920754 0.006411817856132983 0.00043730137986131007
v 0.004199998918920754 0.011420589871704577 -0.0011636326089501379
v 0.004199998918920754 0.003200470935553312 -0.0006084522465243935
v 0.004199998918920754 0.0035287889186292882 -0.0010085088433697818
v 0.004199998918920754 0.004974598996341228 -0.00015801435802131889
v 0.004199998918920754 0.005395550746470689 -0.0002417468786006793
v 0.004199998918920754 0.0039288452826440326 -0.0013368267100304363
v 0.004199998918920754 0.004385266453027724 -0.0015807888703420756
v 0.004199998918920754 0.005395550746470689 -0.0017817468615248797
v 0.004199998918920754 0.004880512133240699 -0.0017310199327766893
v 0.004199998918920754 0.010552923195064066 -0.0017817468615248797
v 0.004199998918920754 0.014104275964200495 0.0002942893770523369
v 0.004199998918920754 0.01246331539005041 -0.0009453807142563163
v 0.004199998918920754 0.014303051866590975 -0.0003805556043516844
v 0.004199998918920754 0.012995975092053412 -0.0010005285730585454
v 0.004199998918920754 0.013971870765089987 -0.0014277738519012926
v 0.004199998918920754 0.013506039977073668 -0.0011636326089501379
v 0.004199998918920754 0.014423630200326441 -0.0010736566036939619
v 0.004199998918920754 0.014508902095258234 -0.001350232516415417
v 0.004199998918920754 0.014686133712530134 -0.0015790440374985335
v 0.004199998918920754 0.014373705722391604 -0.0017817468615248797
v 0.004199998918920754 0.014933791011571882 -0.0017288140952587126
v 0.004199998918920754 0.015218333341181276 -0.0017817468615248797
v 0.00647999858483672 0.00810169707983732 0.0035591495689004655
v 0.004199998918920754 0.00810169707983732 0.0035591495689004655
v 0.004199998918920754 0.007795550860464572 0.0034982531797140832
v 0.00647999858483672 0.007795550860464572 0.0034982531797140832
v 0.00647999858483672 0.008361235260963438 0.0037325678858906026
v 0.004199998918920754 0.008361235260963438 0.0037325678858906026
v 0.00647999858483672 0.008595550432801245 0.0042982529848814
v 0.004199998918920754 0.008595550432801245 0.0042982529848814
v 0.004199998918920754 0.008534654974937437 0.0039921062998473636
v 0.00647999858483672 0.008534654974937437 0.0039921062998473636
v 0.00647999858483672 0.008595550432801245 0.005341959185898303
v 0.00647999858483672 0.008660387247800825 0.005982855800539254
v 0.004180297721177338 0.008621134795248507 0.005744512658566236
v 0.0041998079977929575 0.008595550432801245 0.005341959185898303
v 0.004121994134038685 0.00869517959654331 0.006134235765784978
v 0.00647999858483672 0.008852269500494002 0.0065977820195257655
v 0.0038856407627463328 0.008970489725470541 0.006844964809715747
v 0.004024605732411144 0.008813289925456045 0.006502182688564061
v 0.005884645506739615 0.009222705848515032 0.007244712207466363
v 0.003707929980009793 0.009154523722827433 0.007148960139602422
v 0.003490339498966931 0.009357359260320662 0.00741444993764162
v 0.005617147777229546 0.009475156664848326 0.007545761298388242
v -0.004180881194770334 0.008620391599833964 0.0057406644336879245
v -0.004123127553611992 0.008693767711520193 0.006128686014562844
v -0.0064800013788044435 0.008660387247800825 0.005982855800539254
v -0.0064800013788044435 0.008595550432801245 0.005341959185898303
v -0.004199810791760681 0.008595550432801245 0.005341959185898303
v -0.0064800013788044435 0.008852269500494002 0.0065977820195257655
v -0.0037092922721058117 0.009153151884675024 0.007146875839680432
v -0.003491949755698441 0.009355941787362097 0.0074127819389104834
v -0.0058846483007073385 0.009222705848515032 0.007244712207466363
v -0.0038883592933416354 0.008967534638941286 0.006839399226009845
v -0.0040259268134832365 0.008811816573143004 0.006498317699879407
v -0.00561715057119727 0.009475156664848326 0.007545761298388242
v 0.0053779245354235155 0.009775539860129355 0.007823803462088106
v 0.003235008101910352 0.009568377397954462 0.007639744784682988
v 0.0029480799566954366 0.009775872342288492 0.00782407447695732
v 0.005172998644411562 0.010127890855073927 0.00807305984199047
v 0.002293259371072053 0.010151531547307966 0.008087355643510817
v 0.000792529957834631 0.010615732520818709 0.008316522464156149
v 0.004914605524390934 0.010966454632580279 0.008432687260210512
v -1.344323763419197e-09 0.010675550438463686 0.008339557796716688
v 0.0050153331831097585 0.010526426136493681 0.008279530331492422
v 0.0015661483630537982 0.01043792814016342 0.008239693008363245
v 0.004879998508840798 0.011432252824306486 0.008521270006895064
v -0.004914608318358658 0.010966454632580279 0.008432687260210512
v -0.002949437126517295 0.009774960577487944 0.007823332212865351
v -0.0022953671868890515 0.010150516405701636 0.008086747489869593
v -0.005173000972717999 0.010127890855073927 0.00807305984199047
v -0.003236295422539114 0.009567456319928168 0.00763882603496313
v -0.005377926863729952 0.009775539860129355 0.007823803462088106
v -0.0015695355832576747 0.010436876676976679 0.008239199407398699
v -0.0007954830070957539 0.01061521843075752 0.008317049592733381
v -0.005015335511416195 0.010526426136493681 0.008279530331492422
v -0.004880001768469809 0.011432252824306486 0.008521270006895064
v -0.004880001768469809 0.017512559890747067 0.009128594771027563
v 0.004879998508840798 0.03582262620329856 0.009910283610224722
v -0.004880001768469809 0.03582262620329856 0.009910283610224722
v -0.004880001768469809 0.02971268072724342 0.009823383763432501
v 0.004879998508840798 0.017512559890747067 0.009128594771027563
v 0.004879998508840798 0.023607678711414334 0.009562749415636061
v 0.004879998508840798 0.02971268072724342 0.009823383763432501
v -0.004880001768469809 0.023607678711414334 0.009562749415636061
v 0.004879998508840798 0.04389365762472152 0.009910283610224722
v 0.004902418702840803 0.04422093927860259 0.009887863881886004
v -0.004880001768469809 0.04389365762472152 0.009910283610224722
v 0.004972009453922508 0.04455182701349258 0.009818273596465586
v 0.005090303253382443 0.044876120984554284 0.009699979797005652
v -0.004972012247890232 0.04455182701349258 0.009818273596465586
v -0.00490242103114724 0.04422093927860259 0.009887863881886004
v -0.005090306513011454 0.044876120984554284 0.009699979797005652
v -0.005255861673504112 0.04518317803740501 0.009534424170851706
v 0.005255859345197676 0.04518317803740501 0.009534424170851706
v 0.005464178975671528 0.04546298831701278 0.009326104074716566
v 0.005708096548914908 0.04570725187659263 0.009082186967134474
v -0.0057080993428826315 0.04570725187659263 0.009082186967134474
v 0.005978572648018597 0.04591016471385955 0.008811710402369497
v -0.005978575441986321 0.04591016471385955 0.008811710402369497
v -0.005464181303977965 0.04546298831701278 0.009326104074716566
v 0.004879998508840798 0.04389365762472152 0.009910283610224722
v -0.004880001768469809 0.04389365762472152 0.009910283610224722
v -0.004880001768469809 0.03582262620329856 0.009910283610224722
v 0.004879998508840798 0.03582262620329856 0.009910283610224722
v -0.0064800013788044435 0.01893857307732105 0.007640791591256856
v -0.0064800013788044435 0.02139554917812347 0.0051782531663775435
v -0.0064800013788044435 0.015571102499961851 0.007346436381340026
v -0.0064800013788044435 0.012208717875182627 0.006998737808316945
v -0.0064800013788044435 0.02096694521605968 0.005092998035252093
v -0.0064800013788044435 0.008660387247800825 0.005982855800539254
v -0.0064800013788044435 0.008852269500494002 0.0065977820195257655
v -0.0064800013788044435 0.008595550432801245 0.005341959185898303
v -0.0064800013788044435 0.022310290485620495 0.00788172800093889
v -0.0064800013788044435 0.02568540163338184 0.008069186471402643
v -0.0064800013788044435 0.029395550489425656 0.0051782531663775435
v -0.0064800013788044435 0.02182415500283241 0.005092998035252093
v -0.0064800013788044435 0.028966946527361866 0.005092998035252093
v -0.0064800013788044435 0.0206035915762186 0.004850212484598159
v -0.0064800013788044435 0.028603591024875637 0.004850212484598159
v -0.0064800013788044435 0.02218750864267349 0.004850212484598159
v -0.0064800013788044435 0.008595550432801245 0.0042982529848814
v -0.0064800013788044435 0.020360805094242092 0.0036296476610004898
v -0.0064800013788044435 0.008361235260963438 0.0037325678858906026
v -0.0064800013788044435 0.00853938143700361 0.004003777634352445
v -0.0064800013788044435 0.020275549963116642 0.004058253485709428
v -0.0064800013788044435 0.0040451851673424235 0.003126757917925715
v -0.0064800013788044435 0.005395550746470689 0.0034982531797140832
v -0.0064800013788044435 0.007795550860464572 0.0034982531797140832
v -0.0064800013788044435 0.0206035915762186 0.0032662935554981227
v -0.0064800013788044435 0.008090026676654814 0.003554422408342361
v -0.0064800013788044435 0.02096694521605968 0.0030235080048441883
v -0.0064800013788044435 0.020360805094242092 0.004486858379095792
v -0.0064800013788044435 0.022515550255775448 0.004058253485709428
v -0.0064800013788044435 0.022430295124649998 0.004486858379095792
v -0.0064800013788044435 0.028275551274418827 0.004058253485709428
v -0.0064800013788044435 0.028360806405544278 0.0036296476610004898
v -0.0064800013788044435 0.022430295124649998 0.0036296476610004898
v -0.0064800013788044435 0.028360806405544278 0.004486858379095792
v -0.0064800013788044435 0.004695283249020576 0.0034036855213344093
v -0.0064800013788044435 0.02218750864267349 0.0032662935554981227
v -0.0064800013788044435 0.029063060879707333 0.008203118108212946
v -0.0064800013788044435 0.03244241699576377 0.008283491246402262
v -0.0064800013788044435 0.03739554807543754 0.0051782531663775435
v -0.0064800013788044435 0.029824156314134594 0.005092998035252093
v -0.0064800013788044435 0.0369669459760189 0.005092998035252093
v -0.0064800013788044435 0.030187509953975674 0.004850212484598159
v -0.0064800013788044435 0.03660359233617782 0.004850212484598159
v -0.0064800013788044435 0.0461687184870243 0.008310284465551375
v -0.0064800013788044435 0.03582262620329856 0.008310284465551375
v -0.0064800013788044435 0.037824157625436776 0.005092998035252093
v -0.0064800013788044435 0.038187511265277856 0.004850212484598159
v -0.0064800013788044435 0.04699555039405822 0.001958253094926476
v -0.0064800013788044435 0.030430296435952183 0.004486858379095792
v -0.0064800013788044435 0.03636080399155616 0.004486858379095792
v -0.0064800013788044435 0.03636080399155616 0.0036296476610004898
v -0.0064800013788044435 0.030430296435952183 0.0036296476610004898
v -0.0064800013788044435 0.030515549704432484 0.004058253485709428
v -0.0064800013788044435 0.03660359233617782 0.0032662935554981227
v -0.0064800013788044435 0.03627555072307586 0.004058253485709428
v -0.0064800013788044435 0.038515552878379815 0.004058253485709428
v -0.0064800013788044435 0.038430295884609215 0.004486858379095792
v -0.0064800013788044435 0.038430295884609215 0.0036296476610004898
v -0.0064800013788044435 0.030187509953975674 0.0032662935554981227
v -0.0064800013788044435 0.038187511265277856 0.0032662935554981227
v -0.0064800013788044435 0.028603591024875637 0.0032662935554981227
v -0.0064800013788044435 0.005395550746470689 0.001958253094926476
v -0.0064800013788044435 0.0034918298479169603 0.0026873094029724594
v -0.0064800013788044435 0.0030748611316084857 0.0021168235689401622
v -0.0064800013788044435 0.004974598996341228 0.0018745206762105224
v -0.0064800013788044435 0.004617732949554919 0.0016360706649720667
v -0.0064800013788044435 0.0028241514228284355 0.0014561713906005023
v -0.0064800013788044435 0.00581650249660015 0.0018745206762105224
v -0.0064800013788044435 0.02182415500283241 0.0030235080048441883
v -0.0064800013788044435 0.02139554917812347 0.0029382531065493818
v -0.0064800013788044435 0.006173368077725171 0.0016360706649720667
v -0.0064800013788044435 0.028966946527361866 0.0030235080048441883
v -0.0064800013788044435 0.029395550489425656 0.0029382531065493818
v -0.0064800013788044435 0.006411817856132983 0.0012792049674317239
v -0.0064800013788044435 0.004379283171147107 0.0012792049674317239
v -0.0064800013788044435 0.004295550752431153 0.0008582531008869408
v -0.0064800013788044435 0.0027576622087508436 0.0007526827976107596
v -0.0064800013788044435 0.004379283171147107 0.00043730137986131007
v -0.0064800013788044435 0.004974598996341228 -0.00015801435802131889
v -0.0064800013788044435 0.0028801569715142246 5.6757548009045415e-05
v -0.0064800013788044435 0.004617732949554919 8.043567504500969e-05
v -0.0064800013788044435 0.003182859858497977 -0.0005817468627355992
v -0.0064800013788044435 0.006411817856132983 0.00043730137986131007
v -0.0064800013788044435 0.006495550740510224 0.0008582531008869408
v -0.0064800013788044435 0.005395550746470689 -0.0002417468786006793
v -0.0064800013788044435 0.006173368077725171 8.043567504500969e-05
v -0.0064800013788044435 0.00581650249660015 -0.00015801435802131889
v -0.0064800013788044435 0.04657460004091262 -0.00015801435802131889
v -0.0064800013788044435 0.04699555039405822 -0.0002417468786006793
v -0.0064800013788044435 0.049185924232006066 -0.0005817468627355992
v -0.0064800013788044435 0.029824156314134594 0.0030235080048441883
v -0.0064800013788044435 0.0369669459760189 0.0030235080048441883
v -0.0064800013788044435 0.03739554807543754 0.0029382531065493818
v -0.0064800013788044435 0.04657460004091262 0.0018745206762105224
v -0.0064800013788044435 0.037824157625436776 0.0030235080048441883
v -0.0064800013788044435 0.046217732131481164 0.0016360706649720667
v -0.0064800013788044435 0.045979283750057214 0.0012792049674317239
v -0.0064800013788044435 0.04928260296583175 0.0016325369942933319
v -0.0064800013788044435 0.04741650447249412 0.0018745206762105224
v -0.0064800013788044435 0.04946134984493255 0.0010864698560908435
v -0.0064800013788044435 0.04801181703805923 0.0012792049674317239
v -0.0064800013788044435 0.04777336865663528 0.0016360706649720667
v -0.0064800013788044435 0.045895550400018685 0.0008582531008869408
v -0.0064800013788044435 0.045979283750057214 0.00043730137986131007
v -0.0064800013788044435 0.046217732131481164 8.043567504500969e-05
v -0.0064800013788044435 0.04741650447249412 -0.00015801435802131889
v -0.0064800013788044435 0.04950518161058425 0.0005135665996931492
v -0.0064800013788044435 0.048095550388097756 0.0008582531008869408
v -0.0064800013788044435 0.04801181703805923 0.00043730137986131007
v -0.0064800013788044435 0.049411583691835397 -5.333650187822058e-05
v -0.0064800013788044435 0.04777336865663528 8.043567504500969e-05
v -0.005299317184835671 0.04741134494543075 -0.0017624307656660674
v -0.005358968861401079 0.04771804437041282 -0.001702779554761946
v -0.00420000124722719 0.047703303396701806 -0.0017066065920516846
v -0.00560154067352414 0.04830746352672576 -0.0014602078590542076
v -0.005780161824077366 0.04857395961880683 -0.0012815864756703375
v -0.00420000124722719 0.04874808341264724 -0.0011334206210449336
v -0.0054600592702627165 0.048019528388977044 -0.0016016891459003089
v -0.00420000124722719 0.0482618361711502 -0.0014858910581097005
v -0.005280001088976858 0.04710746556520461 -0.0017817468615248797
v -0.00420000124722719 0.04710746556520461 -0.0017817468615248797
v -0.005990707315504549 0.04881224781274795 -0.0010710406349971888
v -0.0064800013788044435 0.049185924232006066 -0.0005817468627355992
v -0.0064800013788044435 0.049411583691835397 -5.333650187822058e-05
v -0.00420000124722719 0.04938837885856628 -0.00012836560199502853
v -0.0064800013788044435 0.04950518161058425 0.0005135665996931492
v -0.0064800013788044435 0.04946134984493255 0.0010864698560908435
v -0.00420000124722719 0.0494663156569004 0.0010607655858621
v -0.00420000124722719 0.04950232803821563 0.00046128561371006066
v -0.00420000124722719 0.049131602048873894 -0.0006712658796459435
v -0.00420000124722719 0.04470375180244445 0.008310284465551375
v -0.00420000124722719 0.04189584404230117 0.008276613429188727
v -0.00420000124722719 0.046217732131481164 0.0016360706649720667
v -0.00420000124722719 0.04657460004091262 0.0018745206762105224
v -0.00420000124722719 0.0461687184870243 0.008310284465551375
v -0.00420000124722719 0.0447205863893032 -0.0005478840903379022
v -0.00420000124722719 0.045979283750057214 0.0012792049674317239
v -0.00420000124722719 0.045895550400018685 0.0008582531008869408
v -0.00420000124722719 0.046217732131481164 8.043567504500969e-05
v -0.00420000124722719 0.045979283750057214 0.00043730137986131007
v -0.00420000124722719 0.039089553058147423 0.00817561987787485
v -0.00420000124722719 0.04699555039405822 0.001958253094926476
v -0.00420000124722719 0.04741650447249412 0.0018745206762105224
v -0.00420000124722719 0.04777336865663528 0.0016360706649720667
v -0.00420000124722719 0.04928260296583175 0.0016325369942933319
v -0.00420000124722719 0.04801181703805923 0.0012792049674317239
v -0.00420000124722719 0.0494663156569004 0.0010607655858621
v -0.00420000124722719 0.048095550388097756 0.0008582531008869408
v -0.00420000124722719 0.04950232803821563 0.00046128561371006066
v -0.00420000124722719 0.04801181703805923 0.00043730137986131007
v -0.00420000124722719 0.04938837885856628 -0.00012836560199502853
v -0.00420000124722719 0.044847901910543435 -0.0009519893792457878
v -0.00420000124722719 0.04481147974729537 -0.0007413552957586943
v -0.00420000124722719 0.044827241450548165 -0.0011647479841485617
v -0.00420000124722719 0.04657460004091262 -0.00015801435802131889
v -0.00420000124722719 0.04426029697060584 -0.0017531887860968707
v -0.00420000124722719 0.04404845461249351 -0.0017817468615248797
v -0.00420000124722719 0.04710746556520461 -0.0017817468615248797
v -0.00420000124722719 0.044624563306570046 -0.0015368117019534109
v -0.00420000124722719 0.04445701465010642 -0.0016695532249286769
v -0.00420000124722719 0.04475098103284835 -0.0013644411228597162
v -0.00420000124722719 0.04699555039405822 -0.0002417468786006793
v -0.00420000124722719 0.049131602048873894 -0.0006712658796459435
v -0.00420000124722719 0.04741650447249412 -0.00015801435802131889
v -0.00420000124722719 0.04874808341264724 -0.0011334206210449336
v -0.00420000124722719 0.04777336865663528 8.043567504500969e-05
v -0.00420000124722719 0.047703303396701806 -0.0017066065920516846
v -0.00420000124722719 0.0482618361711502 -0.0014858910581097005
v -0.00420000124722719 0.04470375180244445 0.008310284465551375
v -0.00420000124722719 0.0461687184870243 0.008310284465551375
v 0.004199998918920754 0.0461687184870243 0.008310284465551375
v 0.004199998918920754 0.04470375180244445 0.008310284465551375
v 0.005279998760670422 0.014373705722391604 -0.0017817468615248797
v 0.004199998918920754 0.04404845461249351 -0.0017817468615248797
v 0.005279998760670422 0.04710746556520461 -0.0017817468615248797
v 0.004199998918920754 0.04710746556520461 -0.0017817468615248797
v 0.0025999986100941888 0.04404845461249351 -0.0017817468615248797
v 0.004199998918920754 0.015218333341181276 -0.0017817468615248797
v 0.0025999986100941888 0.015218333341181276 -0.0017817468615248797
v 0.004199998918920754 0.014373705722391604 -0.0017817468615248797
v 0.004199998918920754 0.0447205863893032 -0.0005478840903379022
v 0.004199998918920754 0.04481147974729537 -0.0007413552957586943
v 0.0025999986100941888 0.04481147974729537 -0.0007413552957586943
v 0.004199998918920754 0.044847901910543435 -0.0009519893792457878
v 0.004199998918920754 0.044827241450548165 -0.0011647479841485617
v 0.0025999986100941888 0.044827241450548165 -0.0011647479841485617
v 0.0025999986100941888 0.044847901910543435 -0.0009519893792457878
v 0.0025999986100941888 0.0447205863893032 -0.0005478840903379022
v 0.0025999986100941888 0.04475098103284835 -0.0013644411228597162
v 0.004199998918920754 0.04475098103284835 -0.0013644411228597162
v 0.004199998918920754 0.044624563306570046 -0.0015368117019534109
v 0.0025999986100941888 0.044624563306570046 -0.0015368117019534109
v 0.004199998918920754 0.04445701465010642 -0.0016695532249286769
v 0.004199998918920754 0.04426029697060584 -0.0017531887860968707
v 0.0025999986100941888 0.04426029697060584 -0.0017531887860968707
v 0.0025999986100941888 0.04445701465010642 -0.0016695532249286769
v 0.0025999986100941888 0.04404845461249351 -0.0017817468615248797
v 0.004199998918920754 0.04404845461249351 -0.0017817468615248797
v 0.004199998918920754 0.039089553058147423 0.00817561987787485
v 0.0025999986100941888 0.039089553058147423 0.00817561987787485
v -0.00420000124722719 0.04189584404230117 0.008276613429188727
v -0.00420000124722719 0.04470375180244445 0.008310284465551375
v 0.004199998918920754 0.04189584404230117 0.008276613429188727
v -0.0026000014040619126 0.039089553058147423 0.00817561987787485
v -0.00420000124722719 0.039089553058147423 0.00817561987787485
v 0.0025999986100941888 0.039089553058147423 0.00817561987787485
v -0.0026000014040619126 0.03558792918920516 0.007954916916787623
v 0.0025999986100941888 0.03558792918920516 0.007954916916787623
v -0.0026000014040619126 0.03209448978304862 0.007629403378814458
v 0.004199998918920754 0.04470375180244445 0.008310284465551375
v 0.004199998918920754 0.039089553058147423 0.00817561987787485
v 0.0025999986100941888 0.03209448978304862 0.007629403378814458
v -0.0026000014040619126 0.028612369671463963 0.007199374493211507
v 0.0025999986100941888 0.028612369671463963 0.007199374493211507
v -0.0026000014040619126 0.025144698098301884 0.006665214430540799
v 0.0025999986100941888 0.025144698098301884 0.006665214430540799
v -0.0026000014040619126 0.021694583818316456 0.0060274037532508365
v 0.0025999986100941888 0.018265126273036 0.0052865142934024325
v -0.0026000014040619126 0.014859407208859919 0.0044432119466364375
v -0.0026000014040619126 0.018265126273036 0.0052865142934024325
v 0.0025999986100941888 0.014859407208859919 0.0044432119466364375
v -0.0026000014040619126 0.011480482295155523 0.0034982531797140832
v 0.0025999986100941888 0.021694583818316456 0.0060274037532508365
v 0.0025999986100941888 0.011480482295155523 0.0034982531797140832
v 0.0025999986100941888 0.014303051866590975 -0.0003805556043516844
v 0.0025999986100941888 0.014423630200326441 -0.0010736566036939619
v 0.004199998918920754 0.014303051866590975 -0.0003805556043516844
v 0.0025999986100941888 0.014104275964200495 0.0002942893770523369
v 0.004199998918920754 0.014104275964200495 0.0002942893770523369
v 0.0025999986100941888 0.013829890638589857 0.0009420859278179704
v 0.004199998918920754 0.013829890638589857 0.0009420859278179704
v 0.004199998918920754 0.014423630200326441 -0.0010736566036939619
v 0.004199998918920754 0.013483470305800436 0.0015543940244242547
v 0.0025999986100941888 0.013483470305800436 0.0015543940244242547
v 0.004199998918920754 0.013069529086351393 0.0021232359576970334
v 0.0025999986100941888 0.013069529086351393 0.0021232359576970334
v 0.004199998918920754 0.012061469256877897 0.0031015386339277025
v 0.0025999986100941888 0.012061469256877897 0.0031015386339277025
v 0.0025999986100941888 0.012593462131917475 0.002641200320795178
v 0.004199998918920754 0.012593462131917475 0.002641200320795178
v 0.004199998918920754 0.011480482295155523 0.0034982531797140832
v 0.0025999986100941888 0.011480482295155523 0.0034982531797140832
v -0.0038050541188567864 0.009056147187948225 0.0034982531797140832
v -0.004199905786663292 0.008595550432801245 0.0034982531797140832
v -0.00420000124722719 0.011480482295155523 0.0034982531797140832
v -0.002870642114430665 0.009827009402215479 0.0034982531797140832
v -0.003360027680173515 0.009468464180827139 0.0034982531797140832
v -0.002343358239158987 0.01012704987078905 0.0034982531797140832
v 0.0041999034583568556 0.008595550432801245 0.0034982531797140832
v 0.003805051557719706 0.009056147187948225 0.0034982531797140832
v 0.004199998918920754 0.011480482295155523 0.0034982531797140832
v 0.002870639553293585 0.009827009402215479 0.0034982531797140832
v 0.0023433554451912633 0.01012704987078905 0.0034982531797140832
v 0.0033600251190364348 0.009468464180827139 0.0034982531797140832
v -0.0012033482780680056 0.010536597110331057 0.0034982531797140832
v -0.0017851369921118015 0.010364623740315436 0.0034982531797140832
v -0.0026000014040619126 0.011480482295155523 0.0034982531797140832
v -0.0006056728307157753 0.010640697553753851 0.0034982531797140832
v -1.344323763419197e-09 0.010675550438463686 0.0034982531797140832
v 0.0012033454841002818 0.010536597110331057 0.0034982531797140832
v 0.0006056701531633733 0.010640697553753851 0.0034982531797140832
v 0.0025999986100941888 0.011480482295155523 0.0034982531797140832
v 0.0017851343145593994 0.010364623740315436 0.0034982531797140832
v 0.00647999858483672 0.008595550432801245 0.005341959185898303
v 0.0041998079977929575 0.008595550432801245 0.005341959185898303
v 0.004199998918920754 0.008595550432801245 0.0042982529848814
v 0.00647999858483672 0.008595550432801245 0.0042982529848814
v -0.0038883592933416354 0.008967534638941286 0.006839399226009845
v -0.0040259268134832365 0.008811816573143004 0.006498317699879407
v -0.0038050541188567864 0.009056147187948225 0.0034982531797140832
v -0.004123127553611992 0.008693767711520193 0.006128686014562844
v -0.0037092922721058117 0.009153151884675024 0.007146875839680432
v -0.00420000124722719 0.008595550432801245 0.0042982529848814
v -0.004199905786663292 0.008595550432801245 0.0034982531797140832
v -0.004199810791760681 0.008595550432801245 0.005341959185898303
v -0.004180881194770334 0.008620391599833964 0.0057406644336879245
v -0.003360027680173515 0.009468464180827139 0.0034982531797140832
v -0.0006056728307157753 0.010640697553753851 0.0034982531797140832
v -0.003236295422539114 0.009567456319928168 0.00763882603496313
v -0.003491949755698441 0.009355941787362097 0.0074127819389104834
v -0.002870642114430665 0.009827009402215479 0.0034982531797140832
v -0.002949437126517295 0.009774960577487944 0.007823332212865351
v -0.0015695355832576747 0.010436876676976679 0.008239199407398699
v -0.0022953671868890515 0.010150516405701636 0.008086747489869593
v -0.0017851369921118015 0.010364623740315436 0.0034982531797140832
v -0.002343358239158987 0.01012704987078905 0.0034982531797140832
v -0.0007954830070957539 0.01061521843075752 0.008317049592733381
v -0.0012033482780680056 0.010536597110331057 0.0034982531797140832
v -0.004199810791760681 0.008595550432801245 0.005341959185898303
v -0.0064800013788044435 0.008595550432801245 0.005341959185898303
v -0.00420000124722719 0.008595550432801245 0.0042982529848814
v -0.0064800013788044435 0.008595550432801245 0.0042982529848814
v -0.0064800013788044435 0.03582262620329856 0.008310284465551375
v -0.0064800013788044435 0.03244241699576377 0.008283491246402262
v -0.004880001768469809 0.03582262620329856 0.009910283610224722
v -0.0064800013788044435 0.029063060879707333 0.008203118108212946
v -0.0064800013788044435 0.02568540163338184 0.008069186471402643
v -0.004880001768469809 0.02971268072724342 0.009823383763432501
v -0.0064800013788044435 0.022310290485620495 0.00788172800093889
v -0.004880001768469809 0.023607678711414334 0.009562749415636061
v -0.004880001768469809 0.017512559890747067 0.009128594771027563
v -0.0064800013788044435 0.01893857307732105 0.007640791591256856
v -0.0064800013788044435 0.015571102499961851 0.007346436381340026
v -0.004880001768469809 0.011432252824306486 0.008521270006895064
v -0.0064800013788044435 0.012208717875182627 0.006998737808316945
v -0.00561715057119727 0.009475156664848326 0.007545761298388242
v -0.0064800013788044435 0.008852269500494002 0.0065977820195257655
v -0.0058846483007073385 0.009222705848515032 0.007244712207466363
v -0.005377926863729952 0.009775539860129355 0.007823803462088106
v -0.004914608318358658 0.010966454632580279 0.008432687260210512
v -0.005173000972717999 0.010127890855073927 0.00807305984199047
v -0.005015335511416195 0.010526426136493681 0.008279530331492422
v -0.0064800013788044435 0.03582262620329856 0.008310284465551375
v -0.005464181303977965 0.04546298831701278 0.009326104074716566
v -0.0057080993428826315 0.04570725187659263 0.009082186967134474
v -0.004880001768469809 0.03582262620329856 0.009910283610224722
v -0.005978575441986321 0.04591016471385955 0.008811710402369497
v -0.006265717558562754 0.046068798750638955 0.008524568751454352
v -0.0064800013788044435 0.0461687184870243 0.008310284465551375
v -0.004880001768469809 0.04389365762472152 0.009910283610224722
v -0.005255861673504112 0.04518317803740501 0.009534424170851706
v -0.004972012247890232 0.04455182701349258 0.009818273596465586
v -0.00490242103114724 0.04422093927860259 0.009887863881886004
v -0.005090306513011454 0.044876120984554284 0.009699979797005652
v -0.006054813042283056 0.011900913901627062 -0.001006935257464647
v -0.00596384424716234 0.0036235069856047626 -0.0010986478300765155
v -0.0061163674108684046 0.01246331539005041 -0.0009453807142563163
v -0.0064800013788044435 0.003182859858497977 -0.0005817468627355992
v -0.0064800013788044435 0.049185924232006066 -0.0005817468627355992
v -0.00561030115932226 0.010922067798674105 -0.0014514472568407653
v -0.005599312018603085 0.0041369800455868235 -0.0014624363975599406
v -0.005878593306988476 0.011377087794244288 -0.0011831549927592275
v -0.005990707315504549 0.04881224781274795 -0.0010710406349971888
v -0.006054813042283056 0.013025715015828608 -0.001006935257464647
v -0.005878593306988476 0.013549541123211382 -0.0011831549927592275
v -0.005780161824077366 0.04857395961880683 -0.0012815864756703375
v -0.00561030115932226 0.014004561118781565 -0.0014514472568407653
v -0.00560154067352414 0.04830746352672576 -0.0014602078590542076
v -0.005280001088976858 0.010552923195064066 -0.0017817468615248797
v -0.005459613166749476 0.004439023323357104 -0.0016021329211071131
v -0.005359828937798737 0.004752926528453826 -0.0017019176157191394
v -0.005280001088976858 0.005395550746470689 -0.0017817468615248797
v -0.005299958400428293 0.005073498934507369 -0.001761789317242801
v -0.005358968861401079 0.04771804437041282 -0.001702779554761946
v -0.005280001088976858 0.014373705722391604 -0.0017817468615248797
v -0.0054600592702627165 0.048019528388977044 -0.0016016891459003089
v -0.005299317184835671 0.04741134494543075 -0.0017624307656660674
v -0.005280001088976858 0.04710746556520461 -0.0017817468615248797
v -0.00420000124722719 0.004880544263869523 -0.001730860094539821
v -0.00420000124722719 0.004385266453027724 -0.0015807888703420756
v -0.005359828937798737 0.004752926528453826 -0.0017019176157191394
v -0.005299958400428293 0.005073498934507369 -0.001761789317242801
v -0.00420000124722719 0.005395550746470689 -0.0017817468615248797
v -0.00420000124722719 0.00392893562093377 -0.001336690969765186
v -0.00420000124722719 0.0035287889186292882 -0.0010085088433697818
v -0.00596384424716234 0.0036235069856047626 -0.0010986478300765155
v -0.00420000124722719 0.0032006064429879184 -0.0006083616754040121
v -0.00420000124722719 0.0029565086588263507 -0.00015203111979644743
v -0.0064800013788044435 0.003182859858497977 -0.0005817468627355992
v -0.005599312018603085 0.0041369800455868235 -0.0014624363975599406
v -0.005280001088976858 0.005395550746470689 -0.0017817468615248797
v -0.005459613166749476 0.004439023323357104 -0.0016021329211071131
v -0.0064800013788044435 0.0028801569715142246 5.6757548009045415e-05
v -0.00420000124722719 0.005395550746470689 0.0034982531797140832
v -0.0064800013788044435 0.005395550746470689 0.0034982531797140832
v -0.00420000124722719 0.004880544263869523 0.003447366179898381
v -0.00420000124722719 0.0028064374346286054 0.0003432465018704533
v -0.00420000124722719 0.0027555506676435466 0.0008582531008869408
v -0.0064800013788044435 0.0027576622087508436 0.0007526827976107596
v -0.00420000124722719 0.0028064374346286054 0.0013732598163187502
v -0.00420000124722719 0.0029565086588263507 0.0018685373943299053
v -0.0064800013788044435 0.0028241514228284355 0.0014561713906005023
v -0.00420000124722719 0.0032006064429879184 0.0023248679935932155
v -0.00420000124722719 0.0035287889186292882 0.0027250149287283416
v -0.0064800013788044435 0.0034918298479169603 0.0026873094029724594
v -0.00420000124722719 0.00392893562093377 0.0030531974043697114
v -0.00420000124722719 0.004385266453027724 0.003297295188531279
v -0.0064800013788044435 0.0040451851673424235 0.003126757917925715
v -0.0064800013788044435 0.0030748611316084857 0.0021168235689401622
v -0.0064800013788044435 0.004695283249020576 0.0034036855213344093
v -0.0064800013788044435 0.007795550860464572 0.0034982531797140832
v -0.0064800013788044435 0.005395550746470689 0.0034982531797140832
v -0.00420000124722719 0.005395550746470689 0.0034982531797140832
v -0.00420000124722719 0.007795550860464572 0.0034982531797140832
v -0.0064600016921758634 0.03781650215387344 0.005074520595371722
v -0.0064600016921758634 0.038173366338014596 0.004836070351302623
v -0.0064800013788044435 0.037824157625436776 0.005092998035252093
v -0.0064800013788044435 0.038430295884609215 0.004486858379095792
v -0.0064600016921758634 0.038411818444728844 0.004479205235838889
v -0.0064800013788044435 0.038187511265277856 0.004850212484598159
v -0.0064800013788044435 0.038515552878379815 0.004058253485709428
v -0.0064600016921758634 0.03849555179476737 0.004058253485709428
v -0.0064600016921758634 0.038173366338014596 0.003280435455963015
v -0.0064600016921758634 0.038411818444728844 0.0036373015027493234
v -0.0064800013788044435 0.038187511265277856 0.0032662935554981227
v -0.0064800013788044435 0.037824157625436776 0.0030235080048441883
v -0.0064600016921758634 0.03781650215387344 0.003041985677555203
v -0.0064800013788044435 0.038430295884609215 0.0036296476610004898
v -0.0064600016921758634 0.02181650139391422 0.005074520595371722
v -0.0064800013788044435 0.022430295124649998 0.004486858379095792
v -0.0064600016921758634 0.022411817684769627 0.004479205235838889
v -0.0064600016921758634 0.022173369303345677 0.004836070351302623
v -0.0064800013788044435 0.02218750864267349 0.004850212484598159
v -0.0064800013788044435 0.02182415500283241 0.005092998035252093
v -0.0064800013788044435 0.022515550255775448 0.004058253485709428
v -0.0064600016921758634 0.022495551034808155 0.004058253485709428
v -0.0064600016921758634 0.022173369303345677 0.003280435455963015
v -0.0064600016921758634 0.022411817684769627 0.0036373015027493234
v -0.0064800013788044435 0.02218750864267349 0.0032662935554981227
v -0.0064600016921758634 0.02181650139391422 0.003041985677555203
v -0.0064800013788044435 0.02182415500283241 0.0030235080048441883
v -0.0064800013788044435 0.022430295124649998 0.0036296476610004898
v -0.0064600016921758634 0.029816500842571255 0.005074520595371722
v -0.0064800013788044435 0.030430296435952183 0.004486858379095792
v -0.0064600016921758634 0.030411817133426663 0.004479205235838889
v -0.0064600016921758634 0.030173368752002713 0.004836070351302623
v -0.0064800013788044435 0.030187509953975674 0.004850212484598159
v -0.0064800013788044435 0.029824156314134594 0.005092998035252093
v -0.0064800013788044435 0.030515549704432484 0.004058253485709428
v -0.0064600016921758634 0.03049555048346519 0.004058253485709428
v -0.0064600016921758634 0.030173368752002713 0.003280435455963015
v -0.0064600016921758634 0.030411817133426663 0.0036373015027493234
v -0.0064800013788044435 0.030187509953975674 0.0032662935554981227
v -0.0064600016921758634 0.029816500842571255 0.003041985677555203
v -0.0064800013788044435 0.029824156314134594 0.0030235080048441883
v -0.0064800013788044435 0.030430296435952183 0.0036296476610004898
v -0.00420000124722719 0.04404845461249351 -0.0017817468615248797
v -0.005280001088976858 0.04710746556520461 -0.0017817468615248797
v -0.00420000124722719 0.04710746556520461 -0.0017817468615248797
v -0.0026000014040619126 0.015218333341181276 -0.0017817468615248797
v -0.00420000124722719 0.015218333341181276 -0.0017817468615248797
v -0.005280001088976858 0.014373705722391604 -0.0017817468615248797
v -0.00420000124722719 0.014373705722391604 -0.0017817468615248797
v -0.0026000014040619126 0.04404845461249351 -0.0017817468615248797
v -0.00420000124722719 0.0447205863893032 -0.0005478840903379022
v -0.0026000014040619126 0.0447205863893032 -0.0005478840903379022
v -0.0026000014040619126 0.04481131583452224 -0.0007414067513309418
v -0.0026000014040619126 0.04482707753777503 -0.001164708752185106
v -0.0026000014040619126 0.04475098103284835 -0.0013644411228597162
v -0.00420000124722719 0.044827241450548165 -0.0011647479841485617
v -0.00420000124722719 0.04481147974729537 -0.0007413552957586943
v -0.00420000124722719 0.044847901910543435 -0.0009519893792457878
v -0.0026000014040619126 0.044847901910543435 -0.0009519893792457878
v -0.00420000124722719 0.04475098103284835 -0.0013644411228597162
v -0.0026000014040619126 0.0446244403719902 -0.0015366929583251474
v -0.0026000014040619126 0.04445701465010642 -0.0016695532249286769
v -0.00420000124722719 0.044624563306570046 -0.0015368117019534109
v -0.0026000014040619126 0.04426024854183196 -0.00175302370917052
v -0.0026000014040619126 0.04404845461249351 -0.0017817468615248797
v -0.00420000124722719 0.04426029697060584 -0.0017531887860968707
v -0.00420000124722719 0.04445701465010642 -0.0016695532249286769
v -0.00420000124722719 0.04404845461249351 -0.0017817468615248797
v -0.00420000124722719 0.039089553058147423 0.00817561987787485
v -0.0026000014040619126 0.039089553058147423 0.00817561987787485
v 0.004199998918920754 0.014508902095258234 -0.001350232516415417
v 0.0025999986100941888 0.014508902095258234 -0.001350232516415417
v 0.0025999986100941888 0.015218333341181276 -0.0017817468615248797
v 0.004199998918920754 0.015218333341181276 -0.0017817468615248797
v 0.0025999986100941888 0.014933791011571882 -0.0017288140952587126
v 0.0025999986100941888 0.014686133712530134 -0.0015790440374985335
v 0.004199998918920754 0.014686133712530134 -0.0015790440374985335
v 0.004199998918920754 0.014933791011571882 -0.0017288140952587126
v 0.0025999986100941888 0.029395550489425656 0.002958253258839249
v 0.0025999986100941888 0.015218333341181276 -0.0017817468615248797
v 0.0025999986100941888 0.014303051866590975 -0.0003805556043516844
v 0.0025999986100941888 0.013829890638589857 0.0009420859278179704
v 0.0025999986100941888 0.013483470305800436 0.0015543940244242547
v 0.0025999986100941888 0.02139554917812347 0.002958253258839249
v 0.0025999986100941888 0.014104275964200495 0.0002942893770523369
v 0.0025999986100941888 0.014933791011571882 -0.0017288140952587126
v 0.0025999986100941888 0.014686133712530134 -0.0015790440374985335
v 0.0025999986100941888 0.014508902095258234 -0.001350232516415417
v 0.0025999986100941888 0.014423630200326441 -0.0010736566036939619
v 0.0025999986100941888 0.020617732778191563 0.003280435455963015
v 0.0025999986100941888 0.013069529086351393 0.0021232359576970334
v 0.0025999986100941888 0.012593462131917475 0.002641200320795178
v 0.0025999986100941888 0.014859407208859919 0.0044432119466364375
v 0.0025999986100941888 0.012061469256877897 0.0031015386339277025
v 0.0025999986100941888 0.011480482295155523 0.0034982531797140832
v 0.0025999986100941888 0.020379284396767613 0.0036373015027493234
v 0.0025999986100941888 0.02097459882497787 0.003041985677555203
v 0.0025999986100941888 0.028974598273634907 0.003041985677555203
v 0.0025999986100941888 0.02181650139391422 0.003041985677555203
v 0.0025999986100941888 0.022173369303345677 0.003280435455963015
v 0.0025999986100941888 0.04426029697060584 -0.0017531887860968707
v 0.0025999986100941888 0.04404845461249351 -0.0017817468615248797
v 0.0025999986100941888 0.04445701465010642 -0.0016695532249286769
v 0.0025999986100941888 0.044624563306570046 -0.0015368117019534109
v 0.0025999986100941888 0.04475098103284835 -0.0013644411228597162
v 0.0025999986100941888 0.0447205863893032 -0.0005478840903379022
v 0.0025999986100941888 0.044827241450548165 -0.0011647479841485617
v 0.0025999986100941888 0.04481147974729537 -0.0007413552957586943
v 0.0025999986100941888 0.044847901910543435 -0.0009519893792457878
v 0.0025999986100941888 0.03739554807543754 0.002958253258839249
v 0.0025999986100941888 0.03697459772229194 0.003041985677555203
v 0.0025999986100941888 0.029816500842571255 0.003041985677555203
v 0.0025999986100941888 0.0286177322268486 0.003280435455963015
v 0.0025999986100941888 0.03661773353815078 0.003280435455963015
v 0.0025999986100941888 0.030173368752002713 0.003280435455963015
v 0.0025999986100941888 0.030411817133426663 0.0036373015027493234
v 0.0025999986100941888 0.03781650215387344 0.003041985677555203
v 0.0025999986100941888 0.038173366338014596 0.003280435455963015
v 0.0025999986100941888 0.022411817684769627 0.0036373015027493234
v 0.0025999986100941888 0.02837928384542465 0.0036373015027493234
v 0.0025999986100941888 0.038411818444728844 0.0036373015027493234
v 0.0025999986100941888 0.020295551046729084 0.004058253485709428
v 0.0025999986100941888 0.020379284396767613 0.004479205235838889
v 0.0025999986100941888 0.018265126273036 0.0052865142934024325
v 0.0025999986100941888 0.020617732778191563 0.004836070351302623
v 0.0025999986100941888 0.022495551034808155 0.004058253485709428
v 0.0025999986100941888 0.02829555049538612 0.004058253485709428
v 0.0025999986100941888 0.022411817684769627 0.004479205235838889
v 0.0025999986100941888 0.02837928384542465 0.004479205235838889
v 0.0025999986100941888 0.0286177322268486 0.004836070351302623
v 0.0025999986100941888 0.02139554917812347 0.005158253014087676
v 0.0025999986100941888 0.021694583818316456 0.0060274037532508365
v 0.0025999986100941888 0.02097459882497787 0.005074520595371722
v 0.0025999986100941888 0.02181650139391422 0.005074520595371722
v 0.0025999986100941888 0.025144698098301884 0.006665214430540799
v 0.0025999986100941888 0.022173369303345677 0.004836070351302623
v 0.0025999986100941888 0.029395550489425656 0.005158253014087676
v 0.0025999986100941888 0.028974598273634907 0.005074520595371722
v 0.0025999986100941888 0.028612369671463963 0.007199374493211507
v 0.0025999986100941888 0.03637928515672683 0.0036373015027493234
v 0.0025999986100941888 0.03049555048346519 0.004058253485709428
v 0.0025999986100941888 0.0362955518066883 0.004058253485709428
v 0.0025999986100941888 0.03637928515672683 0.004479205235838889
v 0.0025999986100941888 0.030411817133426663 0.004479205235838889
v 0.0025999986100941888 0.03849555179476737 0.004058253485709428
v 0.0025999986100941888 0.03661773353815078 0.004836070351302623
v 0.0025999986100941888 0.038411818444728844 0.004479205235838889
v 0.0025999986100941888 0.039089553058147423 0.00817561987787485
v 0.0025999986100941888 0.030173368752002713 0.004836070351302623
v 0.0025999986100941888 0.03697459772229194 0.005074520595371722
v 0.0025999986100941888 0.029816500842571255 0.005074520595371722
v 0.0025999986100941888 0.03209448978304862 0.007629403378814458
v 0.0025999986100941888 0.03558792918920516 0.007954916916787623
v 0.0025999986100941888 0.03739554807543754 0.005158253014087676
v 0.0025999986100941888 0.03781650215387344 0.005074520595371722
v 0.0025999986100941888 0.038173366338014596 0.004836070351302623
v -0.0026000014040619126 0.018265126273036 0.0052865142934024325
v -0.0026000014040619126 0.02139554917812347 0.005158253014087676
v -0.0026000014040619126 0.021694583818316456 0.0060274037532508365
v -0.0026000014040619126 0.02097459882497787 0.005074520595371722
v -0.0026000014040619126 0.020617732778191563 0.004836070351302623
v -0.0026000014040619126 0.020379284396767613 0.004479205235838889
v -0.0026000014040619126 0.025144698098301884 0.006665214430540799
v -0.0026000014040619126 0.029395550489425656 0.005158253014087676
v -0.0026000014040619126 0.028612369671463963 0.007199374493211507
v -0.0026000014040619126 0.028974598273634907 0.005074520595371722
v -0.0026000014040619126 0.02181650139391422 0.005074520595371722
v -0.0026000014040619126 0.022173369303345677 0.004836070351302623
v -0.0026000014040619126 0.022411817684769627 0.004479205235838889
v -0.0026000014040619126 0.0286177322268486 0.004836070351302623
v -0.0026000014040619126 0.014859407208859919 0.0044432119466364375
v -0.0026000014040619126 0.020379284396767613 0.0036373015027493234
v -0.0026000014040619126 0.020295551046729084 0.004058253485709428
v -0.0026000014040619126 0.012580092065036295 0.002654136391356587
v -0.0026000014040619126 0.02837928384542465 0.004479205235838889
v -0.0026000014040619126 0.022495551034808155 0.004058253485709428
v -0.0026000014040619126 0.022411817684769627 0.0036373015027493234
v -0.0026000014040619126 0.02829555049538612 0.004058253485709428
v -0.0026000014040619126 0.03209448978304862 0.007629403378814458
v -0.0026000014040619126 0.029816500842571255 0.005074520595371722
v -0.0026000014040619126 0.03697459772229194 0.005074520595371722
v -0.0026000014040619126 0.030173368752002713 0.004836070351302623
v -0.0026000014040619126 0.039089553058147423 0.00817561987787485
v -0.0026000014040619126 0.03558792918920516 0.007954916916787623
v -0.0026000014040619126 0.03739554807543754 0.005158253014087676
v -0.0026000014040619126 0.03781650215387344 0.005074520595371722
v -0.0026000014040619126 0.038173366338014596 0.004836070351302623
v -0.0026000014040619126 0.03661773353815078 0.004836070351302623
v -0.0026000014040619126 0.030411817133426663 0.004479205235838889
v -0.0026000014040619126 0.03637928515672683 0.004479205235838889
v -0.0026000014040619126 0.03049555048346519 0.004058253485709428
v -0.0026000014040619126 0.03637928515672683 0.0036373015027493234
v -0.0026000014040619126 0.0362955518066883 0.004058253485709428
v -0.0026000014040619126 0.030411817133426663 0.0036373015027493234
v -0.0026000014040619126 0.03849555179476737 0.004058253485709428
v -0.0026000014040619126 0.038411818444728844 0.0036373015027493234
v -0.0026000014040619126 0.0447205863893032 -0.0005478840903379022
v -0.0026000014040619126 0.038411818444728844 0.004479205235838889
v -0.0026000014040619126 0.02837928384542465 0.0036373015027493234
v -0.0026000014040619126 0.012054082006216047 0.003107360797002911
v -0.0026000014040619126 0.020617732778191563 0.003280435455963015
v -0.0026000014040619126 0.02097459882497787 0.003041985677555203
v -0.0026000014040619126 0.013063717633485792 0.0021305028349161144
v -0.0026000014040619126 0.0286177322268486 0.003280435455963015
v -0.0026000014040619126 0.022173369303345677 0.003280435455963015
v -0.0026000014040619126 0.013483470305800436 0.0015543940244242547
v -0.0026000014040619126 0.02139554917812347 0.002958253258839249
v -0.0026000014040619126 0.02181650139391422 0.003041985677555203
v -0.0026000014040619126 0.028974598273634907 0.003041985677555203
v -0.0026000014040619126 0.011480482295155523 0.0034982531797140832
v -0.0026000014040619126 0.014305270276963709 -0.0003894839901477098
v -0.0026000014040619126 0.029395550489425656 0.002958253258839249
v -0.0026000014040619126 0.014110515825450419 0.00027676345780491823
v -0.0026000014040619126 0.013834028504788874 0.0009339867392554878
v -0.0026000014040619126 0.014423630200326441 -0.0010736566036939619
v -0.0026000014040619126 0.014503849670290945 -0.0013416272122412918
v -0.0026000014040619126 0.015218333341181276 -0.0017817468615248797
v -0.0026000014040619126 0.014686133712530134 -0.0015790440374985335
v -0.0026000014040619126 0.014942920766770838 -0.0017328447429463265
v -0.0026000014040619126 0.03739554807543754 0.002958253258839249
v -0.0026000014040619126 0.029816500842571255 0.003041985677555203
v -0.0026000014040619126 0.030173368752002713 0.003280435455963015
v -0.0026000014040619126 0.03697459772229194 0.003041985677555203
v -0.0026000014040619126 0.03661773353815078 0.003280435455963015
v -0.0026000014040619126 0.03781650215387344 0.003041985677555203
v -0.0026000014040619126 0.038173366338014596 0.003280435455963015
v -0.0026000014040619126 0.04475098103284835 -0.0013644411228597162
v -0.0026000014040619126 0.04404845461249351 -0.0017817468615248797
v -0.0026000014040619126 0.0446244403719902 -0.0015366929583251474
v -0.0026000014040619126 0.04445701465010642 -0.0016695532249286769
v -0.0026000014040619126 0.04426024854183196 -0.00175302370917052
v -0.0026000014040619126 0.04481131583452224 -0.0007414067513309418
v -0.0026000014040619126 0.04482707753777503 -0.001164708752185106
v -0.0026000014040619126 0.044847901910543435 -0.0009519893792457878
v -0.00420000124722719 0.011480482295155523 0.0034982531797140832
v -0.0026000014040619126 0.012054082006216047 0.003107360797002911
v -0.0026000014040619126 0.011480482295155523 0.0034982531797140832
v -0.00420000124722719 0.012054258957505224 0.0031072534620761867
v -0.0026000014040619126 0.012580092065036295 0.002654136391356587
v -0.00420000124722719 0.01306387037038803 0.0021303554531186815
v -0.0026000014040619126 0.013063717633485792 0.0021305028349161144
v -0.00420000124722719 0.012580092065036295 0.002654136391356587
v -0.0026000014040619126 0.013483470305800436 0.0015543940244242547
v -0.00420000124722719 0.013483470305800436 0.0015543940244242547
v -0.00420000124722719 0.01383409835398197 0.0009337867377325891
v -0.0026000014040619126 0.014110515825450419 0.00027676345780491823
v -0.0026000014040619126 0.013834028504788874 0.0009339867392554878
v -0.00420000124722719 0.014305294491350649 -0.0003896905691362917
v -0.0026000014040619126 0.014423630200326441 -0.0010736566036939619
v -0.0026000014040619126 0.014305270276963709 -0.0003894839901477098
v -0.00420000124722719 0.014110515825450419 0.00027676345780491823
v -0.00420000124722719 0.014423630200326441 -0.0010736566036939619
v -0.00420000124722719 0.005395550746470689 0.001958253094926476
v -0.00420000124722719 0.00392893562093377 0.0030531974043697114
v -0.00420000124722719 0.0035287889186292882 0.0027250149287283416
v -0.00420000124722719 0.004974598996341228 0.0018745206762105224
v -0.00420000124722719 0.005395550746470689 0.0034982531797140832
v -0.00420000124722719 0.004880544263869523 0.003447366179898381
v -0.00420000124722719 0.004385266453027724 0.003297295188531279
v -0.00420000124722719 0.00581650249660015 0.0018745206762105224
v -0.00420000124722719 0.0032006064429879184 0.0023248679935932155
v -0.00420000124722719 0.004379283171147107 0.0012792049674317239
v -0.00420000124722719 0.0029565086588263507 0.0018685373943299053
v -0.00420000124722719 0.0028064374346286054 0.0013732598163187502
v -0.00420000124722719 0.0027555506676435466 0.0008582531008869408
v -0.00420000124722719 0.004295550752431153 0.0008582531008869408
v -0.00420000124722719 0.004617732949554919 0.0016360706649720667
v -0.00420000124722719 0.007795550860464572 0.0034982531797140832
v -0.00420000124722719 0.008090026676654814 0.003554422408342361
v -0.004199905786663292 0.008595550432801245 0.0034982531797140832
v -0.00420000124722719 0.008361235260963438 0.0037325678858906026
v -0.00420000124722719 0.00853938143700361 0.004003777634352445
v -0.004199953749775885 0.008595550432801245 0.00389825296588242
v -0.00420000124722719 0.008595550432801245 0.0042982529848814
v -0.00420000124722719 0.011480482295155523 0.0034982531797140832
v -0.00420000124722719 0.012054258957505224 0.0031072534620761867
v -0.00420000124722719 0.006173368077725171 0.0016360706649720667
v -0.00420000124722719 0.012580092065036295 0.002654136391356587
v -0.00420000124722719 0.006411817856132983 0.0012792049674317239
v -0.00420000124722719 0.013483470305800436 0.0015543940244242547
v -0.00420000124722719 0.006495550740510224 0.0008582531008869408
v -0.00420000124722719 0.01306387037038803 0.0021303554531186815
v -0.00420000124722719 0.01383409835398197 0.0009337867377325891
v -0.00420000124722719 0.011930653825402258 -0.0010005285730585454
v -0.00420000124722719 0.0028064374346286054 0.0003432465018704533
v -0.00420000124722719 0.004379283171147107 0.00043730137986131007
v -0.00420000124722719 0.0029565086588263507 -0.00015203111979644743
v -0.00420000124722719 0.004617732949554919 8.043567504500969e-05
v -0.00420000124722719 0.010954759083688257 -0.0014277738519012926
v -0.00420000124722719 0.006173368077725171 8.043567504500969e-05
v -0.00420000124722719 0.00581650249660015 -0.00015801435802131889
v -0.00420000124722719 0.011420589871704577 -0.0011636326089501379
v -0.00420000124722719 0.006411817856132983 0.00043730137986131007
v -0.00420000124722719 0.0032006064429879184 -0.0006083616754040121
v -0.00420000124722719 0.004974598996341228 -0.00015801435802131889
v -0.00420000124722719 0.0035287889186292882 -0.0010085088433697818
v -0.00420000124722719 0.00392893562093377 -0.001336690969765186
v -0.00420000124722719 0.005395550746470689 -0.0002417468786006793
v -0.00420000124722719 0.004385266453027724 -0.0015807888703420756
v -0.00420000124722719 0.005395550746470689 -0.0017817468615248797
v -0.00420000124722719 0.004880544263869523 -0.001730860094539821
v -0.00420000124722719 0.010552923195064066 -0.0017817468615248797
v -0.00420000124722719 0.01246331539005041 -0.0009453807142563163
v -0.00420000124722719 0.014110515825450419 0.00027676345780491823
v -0.00420000124722719 0.012995975092053412 -0.0010005285730585454
v -0.00420000124722719 0.014305294491350649 -0.0003896905691362917
v -0.00420000124722719 0.014423630200326441 -0.0010736566036939619
v -0.00420000124722719 0.013506039977073668 -0.0011636326089501379
v -0.00420000124722719 0.013971870765089987 -0.0014277738519012926
v -0.00420000124722719 0.014503849670290945 -0.0013416272122412918
v -0.00420000124722719 0.014373705722391604 -0.0017817468615248797
v -0.00420000124722719 0.014686133712530134 -0.0015790440374985335
v -0.00420000124722719 0.015218333341181276 -0.0017817468615248797
v -0.00420000124722719 0.014942920766770838 -0.0017328447429463265
v -0.00420000124722719 0.008090026676654814 0.003554422408342361
v -0.0064800013788044435 0.008090026676654814 0.003554422408342361
v -0.0064800013788044435 0.007795550860464572 0.0034982531797140832
v -0.00420000124722719 0.007795550860464572 0.0034982531797140832
v -0.0064800013788044435 0.008361235260963438 0.0037325678858906026
v -0.00420000124722719 0.008361235260963438 0.0037325678858906026
v -0.00420000124722719 0.00853938143700361 0.004003777634352445
v -0.0064800013788044435 0.008595550432801245 0.0042982529848814
v -0.0064800013788044435 0.00853938143700361 0.004003777634352445
v -0.00420000124722719 0.008595550432801245 0.0042982529848814
v -0.0026000014040619126 0.015218333341181276 -0.0017817468615248797
v -0.0026000014040619126 0.014942920766770838 -0.0017328447429463265
v -0.00420000124722719 0.014942920766770838 -0.0017328447429463265
v -0.00420000124722719 0.015218333341181276 -0.0017817468615248797
v -0.00420000124722719 0.014686133712530134 -0.0015790440374985335
v -0.0026000014040619126 0.014686133712530134 -0.0015790440374985335
v -0.0026000014040619126 0.014503849670290945 -0.0013416272122412918
v -0.00420000124722719 0.014503849670290945 -0.0013416272122412918
v 0.005279998760670422 0.014373705722391604 -0.0017817468615248797
v 0.004199998918920754 0.013971870765089987 -0.0014277738519012926
v 0.004199998918920754 0.014373705722391604 -0.0017817468615248797
v 0.005878590513020752 0.013549541123211382 -0.0011831549927592275
v 0.004199998918920754 0.012995975092053412 -0.0010005285730585454
v 0.004199998918920754 0.013506039977073668 -0.0011636326089501379
v 0.005610298365354536 0.014004561118781565 -0.0014514472568407653
v 0.00605481071397662 0.013025715015828608 -0.001006935257464647
v 0.006116365082561968 0.01246331539005041 -0.0009453807142563163
v 0.004199998918920754 0.01246331539005041 -0.0009453807142563163
v 0.005878590513020752 0.011377087794244288 -0.0011831549927592275
v 0.004199998918920754 0.011420589871704577 -0.0011636326089501379
v 0.004199998918920754 0.011930653825402258 -0.0010005285730585454
v 0.005279998760670422 0.010552923195064066 -0.0017817468615248797
v 0.004199998918920754 0.010552923195064066 -0.0017817468615248797
v 0.004199998918920754 0.010954759083688257 -0.0014277738519012926
v 0.005610298365354536 0.010922067798674105 -0.0014514472568407653
v 0.00605481071397662 0.011900913901627062 -0.001006935257464647
v -0.005878593306988476 0.013549541123211382 -0.0011831549927592275
v -0.00561030115932226 0.014004561118781565 -0.0014514472568407653
v -0.00420000124722719 0.013506039977073668 -0.0011636326089501379
v -0.00420000124722719 0.012995975092053412 -0.0010005285730585454
v -0.006054813042283056 0.013025715015828608 -0.001006935257464647
v -0.00420000124722719 0.01246331539005041 -0.0009453807142563163
v -0.00420000124722719 0.013971870765089987 -0.0014277738519012926
v -0.005280001088976858 0.014373705722391604 -0.0017817468615248797
v -0.00420000124722719 0.014373705722391604 -0.0017817468615248797
v -0.0061163674108684046 0.01246331539005041 -0.0009453807142563163
v -0.005878593306988476 0.011377087794244288 -0.0011831549927592275
v -0.006054813042283056 0.011900913901627062 -0.001006935257464647
v -0.00420000124722719 0.011930653825402258 -0.0010005285730585454
v -0.00561030115932226 0.010922067798674105 -0.0014514472568407653
v -0.00420000124722719 0.011420589871704577 -0.0011636326089501379
v -0.005280001088976858 0.010552923195064066 -0.0017817468615248797
v -0.00420000124722719 0.010954759083688257 -0.0014277738519012926
v -0.00420000124722719 0.010552923195064066 -0.0017817468615248797
v 0.00647999858483672 0.00581650249660015 -0.00015801435802131889
v 0.004199998918920754 0.00581650249660015 -0.00015801435802131889
v 0.00647999858483672 0.006411817856132983 0.00043730137986131007
v 0.004199998918920754 0.006411817856132983 0.00043730137986131007
v 0.004199998918920754 0.006173368077725171 8.043567504500969e-05
v 0.00647999858483672 0.006173368077725171 8.043567504500969e-05
v 0.00647999858483672 0.006495550740510224 0.0008582531008869408
v 0.004199998918920754 0.006495550740510224 0.0008582531008869408
v 0.00647999858483672 0.006173368077725171 0.0016360706649720667
v 0.004199998918920754 0.006173368077725171 0.0016360706649720667
v 0.004199998918920754 0.006411817856132983 0.0012792049674317239
v 0.004199998918920754 0.00581650249660015 0.0018745206762105224
v 0.00647999858483672 0.00581650249660015 0.0018745206762105224
v 0.00647999858483672 0.006411817856132983 0.0012792049674317239
v 0.00647999858483672 0.04741650447249412 -0.00015801435802131889
v 0.004199998918920754 0.04741650447249412 -0.00015801435802131889
v 0.00647999858483672 0.04801181703805923 0.00043730137986131007
v 0.004199998918920754 0.04801181703805923 0.00043730137986131007
v 0.004199998918920754 0.04777336865663528 8.043567504500969e-05
v 0.00647999858483672 0.04777336865663528 8.043567504500969e-05
v 0.00647999858483672 0.048095550388097756 0.0008582531008869408
v 0.004199998918920754 0.048095550388097756 0.0008582531008869408
v 0.00647999858483672 0.04777336865663528 0.0016360706649720667
v 0.004199998918920754 0.04777336865663528 0.0016360706649720667
v 0.004199998918920754 0.04801181703805923 0.0012792049674317239
v 0.004199998918920754 0.04741650447249412 0.0018745206762105224
v 0.00647999858483672 0.04741650447249412 0.0018745206762105224
v 0.00647999858483672 0.04801181703805923 0.0012792049674317239
v 0.006459998432546852 0.03781650215387344 0.003041985677555203
v 0.0025999986100941888 0.03781650215387344 0.003041985677555203
v 0.006459998432546852 0.038411818444728844 0.0036373015027493234
v 0.0025999986100941888 0.038411818444728844 0.0036373015027493234
v 0.0025999986100941888 0.038173366338014596 0.003280435455963015
v 0.006459998432546852 0.038173366338014596 0.003280435455963015
v 0.0025999986100941888 0.03849555179476737 0.004058253485709428
v 0.006459998432546852 0.03849555179476737 0.004058253485709428
v 0.006459998432546852 0.038173366338014596 0.004836070351302623
v 0.0025999986100941888 0.038173366338014596 0.004836070351302623
v 0.0025999986100941888 0.038411818444728844 0.004479205235838889
v 0.0025999986100941888 0.03781650215387344 0.005074520595371722
v 0.006459998432546852 0.03781650215387344 0.005074520595371722
v 0.006459998432546852 0.038411818444728844 0.004479205235838889
v 0.006459998432546852 0.02181650139391422 0.003041985677555203
v 0.0025999986100941888 0.02181650139391422 0.003041985677555203
v 0.006459998432546852 0.022173369303345677 0.003280435455963015
v 0.0025999986100941888 0.022411817684769627 0.0036373015027493234
v 0.0025999986100941888 0.022173369303345677 0.003280435455963015
v 0.006459998432546852 0.022411817684769627 0.0036373015027493234
v 0.0025999986100941888 0.022495551034808155 0.004058253485709428
v 0.006459998432546852 0.022495551034808155 0.004058253485709428
v 0.006459998432546852 0.022173369303345677 0.004836070351302623
v 0.0025999986100941888 0.022173369303345677 0.004836070351302623
v 0.0025999986100941888 0.022411817684769627 0.004479205235838889
v 0.006459998432546852 0.02181650139391422 0.005074520595371722
v 0.0025999986100941888 0.02181650139391422 0.005074520595371722
v 0.006459998432546852 0.022411817684769627 0.004479205235838889
v 0.006459998432546852 0.029816500842571255 0.003041985677555203
v 0.0025999986100941888 0.029816500842571255 0.003041985677555203
v 0.006459998432546852 0.030173368752002713 0.003280435455963015
v 0.0025999986100941888 0.030411817133426663 0.0036373015027493234
v 0.0025999986100941888 0.030173368752002713 0.003280435455963015
v 0.006459998432546852 0.030411817133426663 0.0036373015027493234
v 0.0025999986100941888 0.03049555048346519 0.004058253485709428
v 0.006459998432546852 0.03049555048346519 0.004058253485709428
v 0.006459998432546852 0.030173368752002713 0.004836070351302623
v 0.0025999986100941888 0.030173368752002713 0.004836070351302623
v 0.0025999986100941888 0.030411817133426663 0.004479205235838889
v 0.006459998432546852 0.029816500842571255 0.005074520595371722
v 0.0025999986100941888 0.029816500842571255 0.005074520595371722
v 0.006459998432546852 0.030411817133426663 0.004479205235838889
v -0.00420000124722719 0.00581650249660015 -0.00015801435802131889
v -0.0064800013788044435 0.00581650249660015 -0.00015801435802131889
v -0.00420000124722719 0.006411817856132983 0.00043730137986131007
v -0.0064800013788044435 0.006411817856132983 0.00043730137986131007
v -0.0064800013788044435 0.006173368077725171 8.043567504500969e-05
v -0.00420000124722719 0.006173368077725171 8.043567504500969e-05
v -0.00420000124722719 0.006495550740510224 0.0008582531008869408
v -0.0064800013788044435 0.006495550740510224 0.0008582531008869408
v -0.00420000124722719 0.006173368077725171 0.0016360706649720667
v -0.0064800013788044435 0.006173368077725171 0.0016360706649720667
v -0.0064800013788044435 0.006411817856132983 0.0012792049674317239
v -0.0064800013788044435 0.00581650249660015 0.0018745206762105224
v -0.00420000124722719 0.00581650249660015 0.0018745206762105224
v -0.00420000124722719 0.006411817856132983 0.0012792049674317239
v -0.00420000124722719 0.04741650447249412 -0.00015801435802131889
v -0.0064800013788044435 0.04741650447249412 -0.00015801435802131889
v -0.00420000124722719 0.04801181703805923 0.00043730137986131007
v -0.0064800013788044435 0.04801181703805923 0.00043730137986131007
v -0.0064800013788044435 0.04777336865663528 8.043567504500969e-05
v -0.00420000124722719 0.04777336865663528 8.043567504500969e-05
v -0.00420000124722719 0.048095550388097756 0.0008582531008869408
v -0.0064800013788044435 0.048095550388097756 0.0008582531008869408
v -0.00420000124722719 0.04777336865663528 0.0016360706649720667
v -0.0064800013788044435 0.04777336865663528 0.0016360706649720667
v -0.0064800013788044435 0.04801181703805923 0.0012792049674317239
v -0.0064800013788044435 0.04741650447249412 0.0018745206762105224
v -0.00420000124722719 0.04741650447249412 0.0018745206762105224
v -0.00420000124722719 0.04801181703805923 0.0012792049674317239
v -0.0026000014040619126 0.03781650215387344 0.003041985677555203
v -0.0064600016921758634 0.03781650215387344 0.003041985677555203
v -0.0026000014040619126 0.038411818444728844 0.0036373015027493234
v -0.0064600016921758634 0.038411818444728844 0.0036373015027493234
v -0.0064600016921758634 0.038173366338014596 0.003280435455963015
v -0.0026000014040619126 0.038173366338014596 0.003280435455963015
v -0.0026000014040619126 0.03849555179476737 0.004058253485709428
v -0.0064600016921758634 0.03849555179476737 0.004058253485709428
v -0.0026000014040619126 0.038173366338014596 0.004836070351302623
v -0.0064600016921758634 0.038173366338014596 0.004836070351302623
v -0.0064600016921758634 0.038411818444728844 0.004479205235838889
v -0.0064600016921758634 0.03781650215387344 0.005074520595371722
v -0.0026000014040619126 0.03781650215387344 0.005074520595371722
v -0.0026000014040619126 0.038411818444728844 0.004479205235838889
v -0.0064600016921758634 0.02181650139391422 0.003041985677555203
v -0.0026000014040619126 0.022411817684769627 0.0036373015027493234
v -0.0064600016921758634 0.022411817684769627 0.0036373015027493234
v -0.0064600016921758634 0.022173369303345677 0.003280435455963015
v -0.0026000014040619126 0.02181650139391422 0.003041985677555203
v -0.0026000014040619126 0.022173369303345677 0.003280435455963015
v -0.0064600016921758634 0.022495551034808155 0.004058253485709428
v -0.0026000014040619126 0.022495551034808155 0.004058253485709428
v -0.0026000014040619126 0.022411817684769627 0.004479205235838889
v -0.0064600016921758634 0.022173369303345677 0.004836070351302623
v -0.0064600016921758634 0.022411817684769627 0.004479205235838889
v -0.0064600016921758634 0.02181650139391422 0.005074520595371722
v -0.0026000014040619126 0.022173369303345677 0.004836070351302623
v -0.0026000014040619126 0.02181650139391422 0.005074520595371722
v -0.0064600016921758634 0.029816500842571255 0.003041985677555203
v -0.0026000014040619126 0.030411817133426663 0.0036373015027493234
v -0.0064600016921758634 0.030411817133426663 0.0036373015027493234
v -0.0064600016921758634 0.030173368752002713 0.003280435455963015
v -0.0026000014040619126 0.029816500842571255 0.003041985677555203
v -0.0026000014040619126 0.030173368752002713 0.003280435455963015
v -0.0064600016921758634 0.03049555048346519 0.004058253485709428
v -0.0026000014040619126 0.03049555048346519 0.004058253485709428
v -0.0026000014040619126 0.030411817133426663 0.004479205235838889
v -0.0064600016921758634 0.030173368752002713 0.004836070351302623
v -0.0064600016921758634 0.030411817133426663 0.004479205235838889
v -0.0064600016921758634 0.029816500842571255 0.005074520595371722
v -0.0026000014040619126 0.030173368752002713 0.004836070351302623
v -0.0026000014040619126 0.029816500842571255 0.005074520595371722
v -0.0026000014040619126 0.0286177322268486 0.004836070351302623
v -0.0064600016921758634 0.0286177322268486 0.004836070351302623
v -0.0064600016921758634 0.028974598273634907 0.005074520595371722
v -0.0026000014040619126 0.028974598273634907 0.005074520595371722
v -0.0064600016921758634 0.029395550489425656 0.005158253014087676
v -0.0026000014040619126 0.029395550489425656 0.005158253014087676
v -0.0026000014040619126 0.02837928384542465 0.004479205235838889
v -0.0064600016921758634 0.02837928384542465 0.004479205235838889
v -0.0026000014040619126 0.028974598273634907 0.003041985677555203
v -0.0026000014040619126 0.029395550489425656 0.002958253258839249
v -0.0064600016921758634 0.029395550489425656 0.002958253258839249
v -0.0026000014040619126 0.02829555049538612 0.004058253485709428
v -0.0064600016921758634 0.02837928384542465 0.0036373015027493234
v -0.0064600016921758634 0.02829555049538612 0.004058253485709428
v -0.0064600016921758634 0.028974598273634907 0.003041985677555203
v -0.0064600016921758634 0.0286177322268486 0.003280435455963015
v -0.0026000014040619126 0.0286177322268486 0.003280435455963015
v -0.0026000014040619126 0.02837928384542465 0.0036373015027493234
v -0.0026000014040619126 0.020617732778191563 0.004836070351302623
v -0.0064600016921758634 0.020617732778191563 0.004836070351302623
v -0.0064600016921758634 0.02097459882497787 0.005074520595371722
v -0.0026000014040619126 0.02097459882497787 0.005074520595371722
v -0.0064600016921758634 0.02139554917812347 0.005158253014087676
v -0.0026000014040619126 0.02139554917812347 0.005158253014087676
v -0.0026000014040619126 0.020379284396767613 0.004479205235838889
v -0.0064600016921758634 0.020379284396767613 0.004479205235838889
v -0.0026000014040619126 0.02097459882497787 0.003041985677555203
v -0.0026000014040619126 0.02139554917812347 0.002958253258839249
v -0.0064600016921758634 0.02139554917812347 0.002958253258839249
v -0.0026000014040619126 0.020295551046729084 0.004058253485709428
v -0.0064600016921758634 0.020379284396767613 0.0036373015027493234
v -0.0064600016921758634 0.020295551046729084 0.004058253485709428
v -0.0064600016921758634 0.02097459882497787 0.003041985677555203
v -0.0064600016921758634 0.020617732778191563 0.003280435455963015
v -0.0026000014040619126 0.020617732778191563 0.003280435455963015
v -0.0026000014040619126 0.020379284396767613 0.0036373015027493234
v -0.0026000014040619126 0.03661773353815078 0.004836070351302623
v -0.0064600016921758634 0.03661773353815078 0.004836070351302623
v -0.0064600016921758634 0.03697459772229194 0.005074520595371722
v -0.0026000014040619126 0.03697459772229194 0.005074520595371722
v -0.0064600016921758634 0.03739554807543754 0.005158253014087676
v -0.0026000014040619126 0.03739554807543754 0.005158253014087676
v -0.0026000014040619126 0.03637928515672683 0.004479205235838889
v -0.0064600016921758634 0.03637928515672683 0.004479205235838889
v -0.0026000014040619126 0.03697459772229194 0.003041985677555203
v -0.0026000014040619126 0.03739554807543754 0.002958253258839249
v -0.0064600016921758634 0.03739554807543754 0.002958253258839249
v -0.0026000014040619126 0.03637928515672683 0.0036373015027493234
v -0.0064600016921758634 0.03637928515672683 0.0036373015027493234
v -0.0064600016921758634 0.0362955518066883 0.004058253485709428
v -0.0026000014040619126 0.03661773353815078 0.003280435455963015
v -0.0064600016921758634 0.03697459772229194 0.003041985677555203
v -0.0064600016921758634 0.03661773353815078 0.003280435455963015
v -0.0026000014040619126 0.0362955518066883 0.004058253485709428
v -0.00420000124722719 0.046217732131481164 0.0016360706649720667
v -0.0064800013788044435 0.046217732131481164 0.0016360706649720667
v -0.0064800013788044435 0.04657460004091262 0.0018745206762105224
v -0.00420000124722719 0.04657460004091262 0.0018745206762105224
v -0.0064800013788044435 0.04699555039405822 0.001958253094926476
v -0.00420000124722719 0.04699555039405822 0.001958253094926476
v -0.00420000124722719 0.045979283750057214 0.0012792049674317239
v -0.0064800013788044435 0.045979283750057214 0.0012792049674317239
v -0.00420000124722719 0.04657460004091262 -0.00015801435802131889
v -0.00420000124722719 0.04699555039405822 -0.0002417468786006793
v -0.0064800013788044435 0.04699555039405822 -0.0002417468786006793
v -0.00420000124722719 0.045979283750057214 0.00043730137986131007
v -0.0064800013788044435 0.045979283750057214 0.00043730137986131007
v -0.0064800013788044435 0.045895550400018685 0.0008582531008869408
v -0.0064800013788044435 0.04657460004091262 -0.00015801435802131889
v -0.0064800013788044435 0.046217732131481164 8.043567504500969e-05
v -0.00420000124722719 0.046217732131481164 8.043567504500969e-05
v -0.00420000124722719 0.045895550400018685 0.0008582531008869408
v -0.00420000124722719 0.004617732949554919 0.0016360706649720667
v -0.0064800013788044435 0.004617732949554919 0.0016360706649720667
v -0.0064800013788044435 0.004974598996341228 0.0018745206762105224
v -0.00420000124722719 0.004974598996341228 0.0018745206762105224
v -0.0064800013788044435 0.005395550746470689 0.001958253094926476
v -0.00420000124722719 0.005395550746470689 0.001958253094926476
v -0.00420000124722719 0.004379283171147107 0.0012792049674317239
v -0.0064800013788044435 0.004379283171147107 0.0012792049674317239
v -0.00420000124722719 0.004974598996341228 -0.00015801435802131889
v -0.00420000124722719 0.005395550746470689 -0.0002417468786006793
v -0.0064800013788044435 0.005395550746470689 -0.0002417468786006793
v -0.00420000124722719 0.004379283171147107 0.00043730137986131007
v -0.0064800013788044435 0.004379283171147107 0.00043730137986131007
v -0.0064800013788044435 0.004295550752431153 0.0008582531008869408
v -0.0064800013788044435 0.004974598996341228 -0.00015801435802131889
v -0.0064800013788044435 0.004617732949554919 8.043567504500969e-05
v -0.00420000124722719 0.004617732949554919 8.043567504500969e-05
v -0.00420000124722719 0.004295550752431153 0.0008582531008869408
v 0.006459998432546852 0.0286177322268486 0.004836070351302623
v 0.0025999986100941888 0.0286177322268486 0.004836070351302623
v 0.0025999986100941888 0.028974598273634907 0.005074520595371722
v 0.006459998432546852 0.028974598273634907 0.005074520595371722
v 0.0025999986100941888 0.029395550489425656 0.005158253014087676
v 0.006459998432546852 0.029395550489425656 0.005158253014087676
v 0.0025999986100941888 0.02837928384542465 0.004479205235838889
v 0.006459998432546852 0.02837928384542465 0.004479205235838889
v 0.006459998432546852 0.028974598273634907 0.003041985677555203
v 0.006459998432546852 0.029395550489425656 0.002958253258839249
v 0.0025999986100941888 0.029395550489425656 0.002958253258839249
v 0.006459998432546852 0.02829555049538612 0.004058253485709428
v 0.0025999986100941888 0.02837928384542465 0.0036373015027493234
v 0.0025999986100941888 0.02829555049538612 0.004058253485709428
v 0.0025999986100941888 0.028974598273634907 0.003041985677555203
v 0.0025999986100941888 0.0286177322268486 0.003280435455963015
v 0.006459998432546852 0.02837928384542465 0.0036373015027493234
v 0.006459998432546852 0.0286177322268486 0.003280435455963015
v 0.006459998432546852 0.020617732778191563 0.004836070351302623
v 0.0025999986100941888 0.020617732778191563 0.004836070351302623
v 0.0025999986100941888 0.02097459882497787 0.005074520595371722
v 0.006459998432546852 0.02097459882497787 0.005074520595371722
v 0.0025999986100941888 0.02139554917812347 0.005158253014087676
v 0.006459998432546852 0.02139554917812347 0.005158253014087676
v 0.0025999986100941888 0.020379284396767613 0.004479205235838889
v 0.006459998432546852 0.020379284396767613 0.004479205235838889
v 0.006459998432546852 0.02097459882497787 0.003041985677555203
v 0.006459998432546852 0.02139554917812347 0.002958253258839249
v 0.0025999986100941888 0.02139554917812347 0.002958253258839249
v 0.006459998432546852 0.020295551046729084 0.004058253485709428
v 0.0025999986100941888 0.020379284396767613 0.0036373015027493234
v 0.0025999986100941888 0.020295551046729084 0.004058253485709428
v 0.0025999986100941888 0.02097459882497787 0.003041985677555203
v 0.0025999986100941888 0.020617732778191563 0.003280435455963015
v 0.006459998432546852 0.020379284396767613 0.0036373015027493234
v 0.006459998432546852 0.020617732778191563 0.003280435455963015
v 0.006459998432546852 0.03697459772229194 0.005074520595371722
v 0.0025999986100941888 0.03661773353815078 0.004836070351302623
v 0.0025999986100941888 0.03697459772229194 0.005074520595371722
v 0.006459998432546852 0.03739554807543754 0.005158253014087676
v 0.0025999986100941888 0.03739554807543754 0.005158253014087676
v 0.006459998432546852 0.03661773353815078 0.004836070351302623
v 0.006459998432546852 0.03637928515672683 0.004479205235838889
v 0.0025999986100941888 0.03637928515672683 0.004479205235838889
v 0.006459998432546852 0.03697459772229194 0.003041985677555203
v 0.006459998432546852 0.03739554807543754 0.002958253258839249
v 0.0025999986100941888 0.03739554807543754 0.002958253258839249
v 0.006459998432546852 0.03637928515672683 0.0036373015027493234
v 0.0025999986100941888 0.03637928515672683 0.0036373015027493234
v 0.0025999986100941888 0.0362955518066883 0.004058253485709428
v 0.0025999986100941888 0.03697459772229194 0.003041985677555203
v 0.0025999986100941888 0.03661773353815078 0.003280435455963015
v 0.006459998432546852 0.03661773353815078 0.003280435455963015
v 0.006459998432546852 0.0362955518066883 0.004058253485709428
v 0.00647999858483672 0.046217732131481164 0.0016360706649720667
v 0.004199998918920754 0.046217732131481164 0.0016360706649720667
v 0.004199998918920754 0.04657460004091262 0.0018745206762105224
v 0.00647999858483672 0.04657460004091262 0.0018745206762105224
v 0.004199998918920754 0.04699555039405822 0.001958253094926476
v 0.00647999858483672 0.04699555039405822 0.001958253094926476
v 0.00647999858483672 0.045979283750057214 0.0012792049674317239
v 0.004199998918920754 0.045979283750057214 0.0012792049674317239
v 0.00647999858483672 0.04657460004091262 -0.00015801435802131889
v 0.00647999858483672 0.04699555039405822 -0.0002417468786006793
v 0.004199998918920754 0.04699555039405822 -0.0002417468786006793
v 0.00647999858483672 0.045979283750057214 0.00043730137986131007
v 0.004199998918920754 0.045979283750057214 0.00043730137986131007
v 0.004199998918920754 0.045895550400018685 0.0008582531008869408
v 0.004199998918920754 0.04657460004091262 -0.00015801435802131889
v 0.004199998918920754 0.046217732131481164 8.043567504500969e-05
v 0.00647999858483672 0.046217732131481164 8.043567504500969e-05
v 0.00647999858483672 0.045895550400018685 0.0008582531008869408
v 0.00647999858483672 0.004617732949554919 0.0016360706649720667
v 0.004199998918920754 0.004617732949554919 0.0016360706649720667
v 0.004199998918920754 0.004974598996341228 0.0018745206762105224
v 0.00647999858483672 0.004974598996341228 0.0018745206762105224
v 0.004199998918920754 0.005395550746470689 0.001958253094926476
v 0.00647999858483672 0.005395550746470689 0.001958253094926476
v 0.00647999858483672 0.004379283171147107 0.0012792049674317239
v 0.004199998918920754 0.004379283171147107 0.0012792049674317239
v 0.00647999858483672 0.004974598996341228 -0.00015801435802131889
v 0.00647999858483672 0.005395550746470689 -0.0002417468786006793
v 0.004199998918920754 0.005395550746470689 -0.0002417468786006793
v 0.00647999858483672 0.004379283171147107 0.00043730137986131007
v 0.004199998918920754 0.004379283171147107 0.00043730137986131007
v 0.004199998918920754 0.004295550752431153 0.0008582531008869408
v 0.004199998918920754 0.004974598996341228 -0.00015801435802131889
v 0.004199998918920754 0.004617732949554919 8.043567504500969e-05
v 0.00647999858483672 0.004617732949554919 8.043567504500969e-05
v 0.00647999858483672 0.004295550752431153 0.0008582531008869408
v 0.006459998432546852 0.03637928515672683 0.004479205235838889
v 0.006459998432546852 0.03661773353815078 0.004836070351302623
v 0.00647999858483672 0.03660359233617782 0.004850212484598159
v 0.006459998432546852 0.03697459772229194 0.005074520595371722
v 0.00647999858483672 0.0369669459760189 0.005092998035252093
v 0.006459998432546852 0.03739554807543754 0.005158253014087676
v 0.00647999858483672 0.03739554807543754 0.0051782531663775435
v 0.00647999858483672 0.03636080399155616 0.004486858379095792
v 0.00647999858483672 0.0369669459760189 0.0030235080048441883
v 0.00647999858483672 0.03739554807543754 0.0029382531065493818
v 0.006459998432546852 0.03739554807543754 0.002958253258839249
v 0.00647999858483672 0.03627555072307586 0.004058253485709428
v 0.006459998432546852 0.03637928515672683 0.0036373015027493234
v 0.006459998432546852 0.0362955518066883 0.004058253485709428
v 0.00647999858483672 0.03660359233617782 0.0032662935554981227
v 0.006459998432546852 0.03661773353815078 0.003280435455963015
v 0.006459998432546852 0.03697459772229194 0.003041985677555203
v 0.00647999858483672 0.03636080399155616 0.0036296476610004898
v 0.00647999858483672 0.02139554917812347 0.0051782531663775435
v 0.006459998432546852 0.02097459882497787 0.005074520595371722
v 0.006459998432546852 0.02139554917812347 0.005158253014087676
v 0.006459998432546852 0.020617732778191563 0.004836070351302623
v 0.00647999858483672 0.02096694521605968 0.005092998035252093
v 0.00647999858483672 0.0206035915762186 0.004850212484598159
v 0.00647999858483672 0.020360805094242092 0.004486858379095792
v 0.006459998432546852 0.020379284396767613 0.004479205235838889
v 0.006459998432546852 0.02097459882497787 0.003041985677555203
v 0.00647999858483672 0.02139554917812347 0.0029382531065493818
v 0.006459998432546852 0.02139554917812347 0.002958253258839249
v 0.00647999858483672 0.0206035915762186 0.0032662935554981227
v 0.006459998432546852 0.020617732778191563 0.003280435455963015
v 0.006459998432546852 0.020379284396767613 0.0036373015027493234
v 0.00647999858483672 0.02096694521605968 0.0030235080048441883
v 0.00647999858483672 0.020275549963116642 0.004058253485709428
v 0.006459998432546852 0.020295551046729084 0.004058253485709428
v 0.00647999858483672 0.020360805094242092 0.0036296476610004898
v 0.00647999858483672 0.029395550489425656 0.0051782531663775435
v 0.006459998432546852 0.028974598273634907 0.005074520595371722
v 0.006459998432546852 0.029395550489425656 0.005158253014087676
v 0.006459998432546852 0.0286177322268486 0.004836070351302623
v 0.00647999858483672 0.028966946527361866 0.005092998035252093
v 0.00647999858483672 0.028603591024875637 0.004850212484598159
v 0.00647999858483672 0.028360806405544278 0.004486858379095792
v 0.006459998432546852 0.02837928384542465 0.004479205235838889
v 0.006459998432546852 0.028974598273634907 0.003041985677555203
v 0.00647999858483672 0.029395550489425656 0.0029382531065493818
v 0.006459998432546852 0.029395550489425656 0.002958253258839249
v 0.00647999858483672 0.028603591024875637 0.0032662935554981227
v 0.006459998432546852 0.0286177322268486 0.003280435455963015
v 0.006459998432546852 0.02837928384542465 0.0036373015027493234
v 0.00647999858483672 0.028966946527361866 0.0030235080048441883
v 0.00647999858483672 0.028275551274418827 0.004058253485709428
v 0.006459998432546852 0.02829555049538612 0.004058253485709428
v 0.00647999858483672 0.028360806405544278 0.0036296476610004898
v 0.000792529957834631 0.010615732520818709 0.008316522464156149
v -1.344323763419197e-09 0.010675550438463686 0.008339557796716688
v 0.0006056701531633733 0.010640697553753851 0.0034982531797140832
v 0.002293259371072053 0.010151531547307966 0.008087355643510817
v 0.0015661483630537982 0.01043792814016342 0.008239693008363245
v 0.0017851343145593994 0.010364623740315436 0.0034982531797140832
v 0.0012033454841002818 0.010536597110331057 0.0034982531797140832
v 0.0023433554451912633 0.01012704987078905 0.0034982531797140832
v 0.0029480799566954366 0.009775872342288492 0.00782407447695732
v -1.344323763419197e-09 0.010675550438463686 0.0034982531797140832
v 0.002870639553293585 0.009827009402215479 0.0034982531797140832
v 0.003235008101910352 0.009568377397954462 0.007639744784682988
v 0.0033600251190364348 0.009468464180827139 0.0034982531797140832
v 0.003490339498966931 0.009357359260320662 0.00741444993764162
v 0.003707929980009793 0.009154523722827433 0.007148960139602422
v 0.004024605732411144 0.008813289925456045 0.006502182688564061
v 0.0038856407627463328 0.008970489725470541 0.006844964809715747
v 0.003805051557719706 0.009056147187948225 0.0034982531797140832
v 0.004121994134038685 0.00869517959654331 0.006134235765784978
v 0.0041998079977929575 0.008595550432801245 0.005341959185898303
v 0.004180297721177338 0.008621134795248507 0.005744512658566236
v 0.004199998918920754 0.008595550432801245 0.0042982529848814
v 0.0041999034583568556 0.008595550432801245 0.0034982531797140832
v -0.0064600016921758634 0.03637928515672683 0.0036373015027493234
v -0.0064600016921758634 0.03661773353815078 0.003280435455963015
v -0.0064800013788044435 0.03660359233617782 0.0032662935554981227
v -0.0064600016921758634 0.03697459772229194 0.003041985677555203
v -0.0064800013788044435 0.0369669459760189 0.0030235080048441883
v -0.0064600016921758634 0.03739554807543754 0.002958253258839249
v -0.0064800013788044435 0.03739554807543754 0.0029382531065493818
v -0.0064800013788044435 0.03636080399155616 0.0036296476610004898
v -0.0064800013788044435 0.0369669459760189 0.005092998035252093
v -0.0064800013788044435 0.03739554807543754 0.0051782531663775435
v -0.0064600016921758634 0.03739554807543754 0.005158253014087676
v -0.0064800013788044435 0.03627555072307586 0.004058253485709428
v -0.0064600016921758634 0.03637928515672683 0.004479205235838889
v -0.0064600016921758634 0.0362955518066883 0.004058253485709428
v -0.0064800013788044435 0.03660359233617782 0.004850212484598159
v -0.0064600016921758634 0.03661773353815078 0.004836070351302623
v -0.0064600016921758634 0.03697459772229194 0.005074520595371722
v -0.0064800013788044435 0.03636080399155616 0.004486858379095792
v -0.0064800013788044435 0.02139554917812347 0.0029382531065493818
v -0.0064600016921758634 0.02097459882497787 0.003041985677555203
v -0.0064600016921758634 0.02139554917812347 0.002958253258839249
v -0.0064600016921758634 0.020617732778191563 0.003280435455963015
v -0.0064800013788044435 0.02096694521605968 0.0030235080048441883
v -0.0064800013788044435 0.0206035915762186 0.0032662935554981227
v -0.0064800013788044435 0.020360805094242092 0.0036296476610004898
v -0.0064600016921758634 0.020379284396767613 0.0036373015027493234
v -0.0064800013788044435 0.02096694521605968 0.005092998035252093
v -0.0064800013788044435 0.02139554917812347 0.0051782531663775435
v -0.0064600016921758634 0.02139554917812347 0.005158253014087676
v -0.0064600016921758634 0.020379284396767613 0.004479205235838889
v -0.0064600016921758634 0.020295551046729084 0.004058253485709428
v -0.0064800013788044435 0.020275549963116642 0.004058253485709428
v -0.0064800013788044435 0.020360805094242092 0.004486858379095792
v -0.0064600016921758634 0.020617732778191563 0.004836070351302623
v -0.0064800013788044435 0.0206035915762186 0.004850212484598159
v -0.0064600016921758634 0.02097459882497787 0.005074520595371722
v -0.0064800013788044435 0.029395550489425656 0.0029382531065493818
v -0.0064600016921758634 0.028974598273634907 0.003041985677555203
v -0.0064600016921758634 0.029395550489425656 0.002958253258839249
v -0.0064600016921758634 0.0286177322268486 0.003280435455963015
v -0.0064800013788044435 0.028966946527361866 0.0030235080048441883
v -0.0064800013788044435 0.028603591024875637 0.0032662935554981227
v -0.0064800013788044435 0.028360806405544278 0.0036296476610004898
v -0.0064600016921758634 0.02837928384542465 0.0036373015027493234
v -0.0064800013788044435 0.028966946527361866 0.005092998035252093
v -0.0064800013788044435 0.029395550489425656 0.0051782531663775435
v -0.0064600016921758634 0.029395550489425656 0.005158253014087676
v -0.0064600016921758634 0.02837928384542465 0.004479205235838889
v -0.0064600016921758634 0.02829555049538612 0.004058253485709428
v -0.0064800013788044435 0.028275551274418827 0.004058253485709428
v -0.0064800013788044435 0.028360806405544278 0.004486858379095792
v -0.0064600016921758634 0.0286177322268486 0.004836070351302623
v -0.0064800013788044435 0.028603591024875637 0.004850212484598159
v -0.0064600016921758634 0.028974598273634907 0.005074520595371722
v -0.005280001088976858 0.005395550746470689 -0.0017817468615248797
v -0.005280001088976858 0.010552923195064066 -0.0017817468615248797
v -0.00420000124722719 0.010552923195064066 -0.0017817468615248797
v -0.00420000124722719 0.005395550746470689 -0.0017817468615248797
v 0.005279998760670422 0.005395550746470689 -0.0017817468615248797
v 0.004199998918920754 0.010552923195064066 -0.0017817468615248797
v 0.005279998760670422 0.010552923195064066 -0.0017817468615248797
v 0.004199998918920754 0.005395550746470689 -0.0017817468615248797
v 0.00647999858483672 0.015571102499961851 0.007346436381340026
v 0.00647999858483672 0.02139554917812347 0.0051782531663775435
v 0.00647999858483672 0.01893857307732105 0.007640791591256856
v 0.00647999858483672 0.012208717875182627 0.006998737808316945
v 0.00647999858483672 0.008660387247800825 0.005982855800539254
v 0.00647999858483672 0.02096694521605968 0.005092998035252093
v 0.00647999858483672 0.008852269500494002 0.0065977820195257655
v 0.00647999858483672 0.008595550432801245 0.005341959185898303
v 0.00647999858483672 0.022310290485620495 0.00788172800093889
v 0.00647999858483672 0.029395550489425656 0.0051782531663775435
v 0.00647999858483672 0.0206035915762186 0.004850212484598159
v 0.00647999858483672 0.028966946527361866 0.005092998035252093
v 0.00647999858483672 0.02182415500283241 0.005092998035252093
v 0.00647999858483672 0.008595550432801245 0.0042982529848814
v 0.00647999858483672 0.020360805094242092 0.004486858379095792
v 0.00647999858483672 0.02218750864267349 0.004850212484598159
v 0.00647999858483672 0.028603591024875637 0.004850212484598159
v 0.00647999858483672 0.008534654974937437 0.0039921062998473636
v 0.00647999858483672 0.008361235260963438 0.0037325678858906026
v 0.00647999858483672 0.020360805094242092 0.0036296476610004898
v 0.00647999858483672 0.020275549963116642 0.004058253485709428
v 0.00647999858483672 0.007795550860464572 0.0034982531797140832
v 0.00647999858483672 0.005395550746470689 0.0034982531797140832
v 0.00647999858483672 0.0040451851673424235 0.003126757917925715
v 0.00647999858483672 0.0206035915762186 0.0032662935554981227
v 0.00647999858483672 0.00810169707983732 0.0035591495689004655
v 0.00647999858483672 0.02096694521605968 0.0030235080048441883
v 0.00647999858483672 0.028360806405544278 0.004486858379095792
v 0.00647999858483672 0.022430295124649998 0.004486858379095792
v 0.00647999858483672 0.022430295124649998 0.0036296476610004898
v 0.00647999858483672 0.02218750864267349 0.0032662935554981227
v 0.00647999858483672 0.028603591024875637 0.0032662935554981227
v 0.00647999858483672 0.022515550255775448 0.004058253485709428
v 0.00647999858483672 0.028360806405544278 0.0036296476610004898
v 0.00647999858483672 0.004695283249020576 0.0034036855213344093
v 0.00647999858483672 0.028275551274418827 0.004058253485709428
v 0.00647999858483672 0.029063060879707333 0.008203118108212946
v 0.00647999858483672 0.02568540163338184 0.008069186471402643
v 0.00647999858483672 0.03244241699576377 0.008283491246402262
v 0.00647999858483672 0.03739554807543754 0.0051782531663775435
v 0.00647999858483672 0.029824156314134594 0.005092998035252093
v 0.00647999858483672 0.03660359233617782 0.004850212484598159
v 0.00647999858483672 0.030187509953975674 0.004850212484598159
v 0.00647999858483672 0.0461687184870243 0.008310284465551375
v 0.00647999858483672 0.03582262620329856 0.008310284465551375
v 0.00647999858483672 0.0369669459760189 0.005092998035252093
v 0.00647999858483672 0.037824157625436776 0.005092998035252093
v 0.00647999858483672 0.038187511265277856 0.004850212484598159
v 0.00647999858483672 0.030430296435952183 0.004486858379095792
v 0.00647999858483672 0.03636080399155616 0.004486858379095792
v 0.00647999858483672 0.030515549704432484 0.004058253485709428
v 0.00647999858483672 0.030430296435952183 0.0036296476610004898
v 0.00647999858483672 0.03636080399155616 0.0036296476610004898
v 0.00647999858483672 0.030187509953975674 0.0032662935554981227
v 0.00647999858483672 0.03627555072307586 0.004058253485709428
v 0.00647999858483672 0.04699555039405822 0.001958253094926476
v 0.00647999858483672 0.038430295884609215 0.004486858379095792
v 0.00647999858483672 0.038515552878379815 0.004058253485709428
v 0.00647999858483672 0.038430295884609215 0.0036296476610004898
v 0.00647999858483672 0.02182415500283241 0.0030235080048441883
v 0.00647999858483672 0.0034918298479169603 0.0026873094029724594
v 0.00647999858483672 0.005395550746470689 0.001958253094926476
v 0.00647999858483672 0.0030748611316084857 0.0021168235689401622
v 0.00647999858483672 0.004617732949554919 0.0016360706649720667
v 0.00647999858483672 0.004974598996341228 0.0018745206762105224
v 0.00647999858483672 0.0028241514228284355 0.0014561713906005023
v 0.00647999858483672 0.00581650249660015 0.0018745206762105224
v 0.00647999858483672 0.028966946527361866 0.0030235080048441883
v 0.00647999858483672 0.02139554917812347 0.0029382531065493818
v 0.00647999858483672 0.006173368077725171 0.0016360706649720667
v 0.00647999858483672 0.029395550489425656 0.0029382531065493818
v 0.00647999858483672 0.006173368077725171 8.043567504500969e-05
v 0.00647999858483672 0.006411817856132983 0.0012792049674317239
v 0.00647999858483672 0.004379283171147107 0.0012792049674317239
v 0.00647999858483672 0.0027576622087508436 0.0007526827976107596
v 0.00647999858483672 0.004295550752431153 0.0008582531008869408
v 0.00647999858483672 0.004379283171147107 0.00043730137986131007
v 0.00647999858483672 0.004617732949554919 8.043567504500969e-05
v 0.00647999858483672 0.0028801569715142246 5.6757548009045415e-05
v 0.00647999858483672 0.004974598996341228 -0.00015801435802131889
v 0.00647999858483672 0.003182859858497977 -0.0005817468627355992
v 0.00647999858483672 0.006495550740510224 0.0008582531008869408
v 0.00647999858483672 0.006411817856132983 0.00043730137986131007
v 0.00647999858483672 0.005395550746470689 -0.0002417468786006793
v 0.00647999858483672 0.046217732131481164 8.043567504500969e-05
v 0.00647999858483672 0.00581650249660015 -0.00015801435802131889
v 0.00647999858483672 0.04657460004091262 -0.00015801435802131889
v 0.00647999858483672 0.04699555039405822 -0.0002417468786006793
v 0.00647999858483672 0.049185924232006066 -0.0005817468627355992
v 0.00647999858483672 0.03660359233617782 0.0032662935554981227
v 0.00647999858483672 0.029824156314134594 0.0030235080048441883
v 0.00647999858483672 0.0369669459760189 0.0030235080048441883
v 0.00647999858483672 0.03739554807543754 0.0029382531065493818
v 0.00647999858483672 0.037824157625436776 0.0030235080048441883
v 0.00647999858483672 0.04657460004091262 0.0018745206762105224
v 0.00647999858483672 0.045979283750057214 0.0012792049674317239
v 0.00647999858483672 0.046217732131481164 0.0016360706649720667
v 0.00647999858483672 0.038187511265277856 0.0032662935554981227
v 0.00647999858483672 0.04741650447249412 0.0018745206762105224
v 0.00647999858483672 0.04928260296583175 0.0016325369942933319
v 0.00647999858483672 0.04801181703805923 0.0012792049674317239
v 0.00647999858483672 0.04946134984493255 0.0010864698560908435
v 0.00647999858483672 0.04777336865663528 0.0016360706649720667
v 0.00647999858483672 0.045895550400018685 0.0008582531008869408
v 0.00647999858483672 0.045979283750057214 0.00043730137986131007
v 0.00647999858483672 0.04741650447249412 -0.00015801435802131889
v 0.00647999858483672 0.048095550388097756 0.0008582531008869408
v 0.00647999858483672 0.04950518161058425 0.0005135665996931492
v 0.00647999858483672 0.04801181703805923 0.00043730137986131007
v 0.00647999858483672 0.04777336865663528 8.043567504500969e-05
v 0.00647999858483672 0.049411583691835397 -5.333650187822058e-05
v 0.00647999858483672 0.007795550860464572 0.0034982531797140832
v 0.004199998918920754 0.007795550860464572 0.0034982531797140832
v 0.00647999858483672 0.005395550746470689 0.0034982531797140832
v 0.004199998918920754 0.005395550746470689 0.0034982531797140832
v 0.005884645506739615 0.009222705848515032 0.007244712207466363
v 0.00647999858483672 0.008852269500494002 0.0065977820195257655
v 0.005617147777229546 0.009475156664848326 0.007545761298388242
v 0.0053779245354235155 0.009775539860129355 0.007823803462088106
v 0.00647999858483672 0.012208717875182627 0.006998737808316945
v 0.004879998508840798 0.011432252824306486 0.008521270006895064
v 0.00647999858483672 0.015571102499961851 0.007346436381340026
v 0.005172998644411562 0.010127890855073927 0.00807305984199047
v 0.0050153331831097585 0.010526426136493681 0.008279530331492422
v 0.004914605524390934 0.010966454632580279 0.008432687260210512
v 0.004879998508840798 0.017512559890747067 0.009128594771027563
v 0.00647999858483672 0.01893857307732105 0.007640791591256856
v 0.00647999858483672 0.022310290485620495 0.00788172800093889
v 0.00647999858483672 0.02568540163338184 0.008069186471402643
v 0.00647999858483672 0.029063060879707333 0.008203118108212946
v 0.004879998508840798 0.02971268072724342 0.009823383763432501
v 0.00647999858483672 0.03244241699576377 0.008283491246402262
v 0.004879998508840798 0.023607678711414334 0.009562749415636061
v 0.004879998508840798 0.03582262620329856 0.009910283610224722
v 0.00647999858483672 0.03582262620329856 0.008310284465551375
v 0.005708096548914908 0.04570725187659263 0.009082186967134474
v 0.005464178975671528 0.04546298831701278 0.009326104074716566
v 0.00647999858483672 0.03582262620329856 0.008310284465551375
v 0.004879998508840798 0.03582262620329856 0.009910283610224722
v 0.005978572648018597 0.04591016471385955 0.008811710402369497
v 0.00647999858483672 0.0461687184870243 0.008310284465551375
v 0.00626571476459503 0.046068798750638955 0.008524568751454352
v 0.005255859345197676 0.04518317803740501 0.009534424170851706
v 0.004879998508840798 0.04389365762472152 0.009910283610224722
v 0.004902418702840803 0.04422093927860259 0.009887863881886004
v 0.004972009453922508 0.04455182701349258 0.009818273596465586
v 0.005090303253382443 0.044876120984554284 0.009699979797005652
v 0.00647999858483672 0.04928260296583175 0.0016325369942933319
v 0.004199998918920754 0.04928260296583175 0.0016325369942933319
v 0.00647999858483672 0.0461687184870243 0.008310284465551375
v 0.004199998918920754 0.0461687184870243 0.008310284465551375
v -0.00420000124722719 0.04928260296583175 0.0016325369942933319
v -0.0064800013788044435 0.04928260296583175 0.0016325369942933319
v -0.00420000124722719 0.0461687184870243 0.008310284465551375
v -0.0064800013788044435 0.0461687184870243 0.008310284465551375
v -0.006265717558562754 0.046068798750638955 0.008524568751454352
v 0.00626571476459503 0.046068798750638955 0.008524568751454352
v 0.005299314856529234 0.04741134494543075 -0.0017624307656660674
v 0.005279998760670422 0.04710746556520461 -0.0017817468615248797
v 0.004199998918920754 0.04710746556520461 -0.0017817468615248797
v 0.004199998918920754 0.047703303396701806 -0.0017066065920516846
v 0.005460056476294993 0.048019528388977044 -0.0016016891459003089
v 0.004199998918920754 0.0482618361711502 -0.0014858910581097005
v 0.005601537879556416 0.04830746352672576 -0.0014602078590542076
v 0.004199998918920754 0.04874808341264724 -0.0011334206210449336
v 0.0053589660674333555 0.04771804437041282 -0.001702779554761946
v 0.005780159030109642 0.04857395961880683 -0.0012815864756703375
v 0.005990704987198113 0.04881224781274795 -0.0010710406349971888
v 0.004199998918920754 0.049131602048873894 -0.0006712658796459435
v 0.004199998918920754 0.04938837885856628 -0.00012836560199502853
v 0.00647999858483672 0.049185924232006066 -0.0005817468627355992
v 0.004199998918920754 0.0494663156569004 0.0010607655858621
v 0.00647999858483672 0.04946134984493255 0.0010864698560908435
v 0.004199998918920754 0.04950232803821563 0.00046128561371006066
v 0.00647999858483672 0.04950518161058425 0.0005135665996931492
v 0.00647999858483672 0.049411583691835397 -5.333650187822058e-05
v 0.006116365082561968 0.01246331539005041 -0.0009453807142563163
v 0.00647999858483672 0.003182859858497977 -0.0005817468627355992
v 0.005987069103866814 0.003597389673814177 -0.0010746765183284877
v 0.00605481071397662 0.011900913901627062 -0.001006935257464647
v 0.005878590513020752 0.011377087794244288 -0.0011831549927592275
v 0.005776922218501566 0.0038538558874279256 -0.0012848234036937354
v 0.005610298365354536 0.010922067798674105 -0.0014514472568407653
v 0.005599308758974074 0.0041369800455868235 -0.0014624363975599406
v 0.005990704987198113 0.04881224781274795 -0.0010710406349971888
v 0.00647999858483672 0.049185924232006066 -0.0005817468627355992
v 0.00605481071397662 0.013025715015828608 -0.001006935257464647
v 0.005878590513020752 0.013549541123211382 -0.0011831549927592275
v 0.005780159030109642 0.04857395961880683 -0.0012815864756703375
v 0.005610298365354536 0.014004561118781565 -0.0014514472568407653
v 0.005458890926092861 0.004440275952219962 -0.0016028543468564747
v 0.005279998760670422 0.010552923195064066 -0.0017817468615248797
v 0.005358561873435972 0.004756298847496509 -0.0017031835159286854
v 0.0052992580458521826 0.005077243316918611 -0.0017624873435124753
v 0.005279998760670422 0.005395550746470689 -0.0017817468615248797
v 0.005460056476294993 0.048019528388977044 -0.0016016891459003089
v 0.005601537879556416 0.04830746352672576 -0.0014602078590542076
v 0.005279998760670422 0.014373705722391604 -0.0017817468615248797
v 0.005279998760670422 0.04710746556520461 -0.0017817468615248797
v 0.0053589660674333555 0.04771804437041282 -0.001702779554761946
v 0.005299314856529234 0.04741134494543075 -0.0017624307656660674
v 0.0052992580458521826 0.005077243316918611 -0.0017624873435124753
v 0.005358561873435972 0.004756298847496509 -0.0017031835159286854
v 0.004199998918920754 0.004880512133240699 -0.0017310199327766893
v 0.005458890926092861 0.004440275952219962 -0.0016028543468564747
v 0.004199998918920754 0.004385266453027724 -0.0015807888703420756
v 0.005987069103866814 0.003597389673814177 -0.0010746765183284877
v 0.00647999858483672 0.003182859858497977 -0.0005817468627355992
v 0.004199998918920754 0.003200470935553312 -0.0006084522465243935
v 0.005599308758974074 0.0041369800455868235 -0.0014624363975599406
v 0.005776922218501566 0.0038538558874279256 -0.0012848234036937354
v 0.004199998918920754 0.0039288452826440326 -0.0013368267100304363
v 0.004199998918920754 0.0035287889186292882 -0.0010085088433697818
v 0.004199998918920754 0.005395550746470689 -0.0017817468615248797
v 0.005279998760670422 0.005395550746470689 -0.0017817468615248797
v 0.004199998918920754 0.0029565086588263507 -0.00015203111979644743
v 0.00647999858483672 0.005395550746470689 0.0034982531797140832
v 0.004199998918920754 0.005395550746470689 0.0034982531797140832
v 0.004199998918920754 0.004880512133240699 0.003447526134550571
v 0.00647999858483672 0.0028801569715142246 5.6757548009045415e-05
v 0.004199998918920754 0.002806277479976415 0.0003432146913837641
v 0.00647999858483672 0.0028241514228284355 0.0014561713906005023
v 0.004199998918920754 0.0027555506676435466 0.0008582531008869408
v 0.00647999858483672 0.0027576622087508436 0.0007526827976107596
v 0.004199998918920754 0.0029565086588263507 0.0018685373943299053
v 0.00647999858483672 0.0030748611316084857 0.0021168235689401622
v 0.004199998918920754 0.0039288452826440326 0.003053332911804318
v 0.00647999858483672 0.0034918298479169603 0.0026873094029724594
v 0.00647999858483672 0.0040451851673424235 0.003126757917925715
v 0.004199998918920754 0.003200470935553312 0.002324958564713597
v 0.004199998918920754 0.004385266453027724 0.003297295188531279
v 0.00647999858483672 0.004695283249020576 0.0034036855213344093
v 0.004199998918920754 0.002806277479976415 0.001373291597701609
v 0.004199998918920754 0.0035287889186292882 0.0027250149287283416
v 0.006459998432546852 0.038173366338014596 0.003280435455963015
v 0.006459998432546852 0.03781650215387344 0.003041985677555203
v 0.00647999858483672 0.037824157625436776 0.0030235080048441883
v 0.00647999858483672 0.038430295884609215 0.0036296476610004898
v 0.006459998432546852 0.03849555179476737 0.004058253485709428
v 0.006459998432546852 0.038411818444728844 0.0036373015027493234
v 0.00647999858483672 0.038187511265277856 0.0032662935554981227
v 0.00647999858483672 0.038515552878379815 0.004058253485709428
v 0.006459998432546852 0.038173366338014596 0.004836070351302623
v 0.006459998432546852 0.038411818444728844 0.004479205235838889
v 0.00647999858483672 0.038187511265277856 0.004850212484598159
v 0.00647999858483672 0.037824157625436776 0.005092998035252093
v 0.006459998432546852 0.03781650215387344 0.005074520595371722
v 0.00647999858483672 0.038430295884609215 0.004486858379095792
v 0.006459998432546852 0.02181650139391422 0.003041985677555203
v 0.00647999858483672 0.022430295124649998 0.0036296476610004898
v 0.006459998432546852 0.022411817684769627 0.0036373015027493234
v 0.006459998432546852 0.022173369303345677 0.003280435455963015
v 0.00647999858483672 0.02182415500283241 0.0030235080048441883
v 0.00647999858483672 0.02218750864267349 0.0032662935554981227
v 0.006459998432546852 0.022495551034808155 0.004058253485709428
v 0.00647999858483672 0.022515550255775448 0.004058253485709428
v 0.006459998432546852 0.022173369303345677 0.004836070351302623
v 0.006459998432546852 0.022411817684769627 0.004479205235838889
v 0.00647999858483672 0.02218750864267349 0.004850212484598159
v 0.006459998432546852 0.02181650139391422 0.005074520595371722
v 0.00647999858483672 0.02182415500283241 0.005092998035252093
v 0.006459998432546852 0.02139554917812347 0.005158253014087676
v 0.00647999858483672 0.02139554917812347 0.0051782531663775435
v 0.00647999858483672 0.022430295124649998 0.004486858379095792
v 0.006459998432546852 0.029816500842571255 0.003041985677555203
v 0.00647999858483672 0.030430296435952183 0.0036296476610004898
v 0.006459998432546852 0.030411817133426663 0.0036373015027493234
v 0.006459998432546852 0.030173368752002713 0.003280435455963015
v 0.00647999858483672 0.029824156314134594 0.0030235080048441883
v 0.00647999858483672 0.030187509953975674 0.0032662935554981227
v 0.006459998432546852 0.03049555048346519 0.004058253485709428
v 0.00647999858483672 0.030515549704432484 0.004058253485709428
v 0.006459998432546852 0.030173368752002713 0.004836070351302623
v 0.006459998432546852 0.030411817133426663 0.004479205235838889
v 0.00647999858483672 0.030187509953975674 0.004850212484598159
v 0.006459998432546852 0.029816500842571255 0.005074520595371722
v 0.00647999858483672 0.029824156314134594 0.005092998035252093
v 0.006459998432546852 0.029395550489425656 0.005158253014087676
v 0.00647999858483672 0.029395550489425656 0.0051782531663775435
v 0.00647999858483672 0.030430296435952183 0.004486858379095792
v 0.004199998918920754 0.046217732131481164 0.0016360706649720667
v 0.004199998918920754 0.04189584404230117 0.008276613429188727
v 0.004199998918920754 0.04470375180244445 0.008310284465551375
v 0.004199998918920754 0.0461687184870243 0.008310284465551375
v 0.004199998918920754 0.04657460004091262 0.0018745206762105224
v 0.004199998918920754 0.045979283750057214 0.0012792049674317239
v 0.004199998918920754 0.0447205863893032 -0.0005478840903379022
v 0.004199998918920754 0.045895550400018685 0.0008582531008869408
v 0.004199998918920754 0.045979283750057214 0.00043730137986131007
v 0.004199998918920754 0.046217732131481164 8.043567504500969e-05
v 0.004199998918920754 0.039089553058147423 0.00817561987787485
v 0.004199998918920754 0.04699555039405822 0.001958253094926476
v 0.004199998918920754 0.04928260296583175 0.0016325369942933319
v 0.004199998918920754 0.04777336865663528 0.0016360706649720667
v 0.004199998918920754 0.04741650447249412 0.0018745206762105224
v 0.004199998918920754 0.04801181703805923 0.0012792049674317239
v 0.004199998918920754 0.04950232803821563 0.00046128561371006066
v 0.004199998918920754 0.048095550388097756 0.0008582531008869408
v 0.004199998918920754 0.0494663156569004 0.0010607655858621
v 0.004199998918920754 0.04801181703805923 0.00043730137986131007
v 0.004199998918920754 0.04938837885856628 -0.00012836560199502853
v 0.004199998918920754 0.04481147974729537 -0.0007413552957586943
v 0.004199998918920754 0.044847901910543435 -0.0009519893792457878
v 0.004199998918920754 0.04657460004091262 -0.00015801435802131889
v 0.004199998918920754 0.044827241450548165 -0.0011647479841485617
v 0.004199998918920754 0.04710746556520461 -0.0017817468615248797
v 0.004199998918920754 0.04404845461249351 -0.0017817468615248797
v 0.004199998918920754 0.04426029697060584 -0.0017531887860968707
v 0.004199998918920754 0.04445701465010642 -0.0016695532249286769
v 0.004199998918920754 0.044624563306570046 -0.0015368117019534109
v 0.004199998918920754 0.04475098103284835 -0.0013644411228597162
v 0.004199998918920754 0.04699555039405822 -0.0002417468786006793
v 0.004199998918920754 0.049131602048873894 -0.0006712658796459435
v 0.004199998918920754 0.04777336865663528 8.043567504500969e-05
v 0.004199998918920754 0.04874808341264724 -0.0011334206210449336
v 0.004199998918920754 0.04741650447249412 -0.00015801435802131889
v 0.004199998918920754 0.047703303396701806 -0.0017066065920516846
v 0.004199998918920754 0.0482618361711502 -0.0014858910581097005
v 0.004199998918920754 0.0035287889186292882 0.0027250149287283416
v 0.004199998918920754 0.0039288452826440326 0.003053332911804318
v 0.004199998918920754 0.005395550746470689 0.001958253094926476
v 0.004199998918920754 0.004974598996341228 0.0018745206762105224
v 0.004199998918920754 0.004385266453027724 0.003297295188531279
v 0.004199998918920754 0.004880512133240699 0.003447526134550571
v 0.004199998918920754 0.005395550746470689 0.0034982531797140832
v 0.004199998918920754 0.00581650249660015 0.0018745206762105224
v 0.004199998918920754 0.003200470935553312 0.002324958564713597
v 0.004199998918920754 0.002806277479976415 0.001373291597701609
v 0.004199998918920754 0.0029565086588263507 0.0018685373943299053
v 0.004199998918920754 0.004379283171147107 0.0012792049674317239
v 0.004199998918920754 0.004295550752431153 0.0008582531008869408
v 0.004199998918920754 0.0027555506676435466 0.0008582531008869408
v 0.004199998918920754 0.002806277479976415 0.0003432146913837641
v 0.004199998918920754 0.004617732949554919 0.0016360706649720667
v 0.004199998918920754 0.007795550860464572 0.0034982531797140832
v 0.0041999034583568556 0.008595550432801245 0.0034982531797140832
v 0.004199998918920754 0.00810169707983732 0.0035591495689004655
v 0.004199998918920754 0.008361235260963438 0.0037325678858906026
v 0.004199998918920754 0.008595550432801245 0.0042982529848814
v 0.004199950955808161 0.008595550432801245 0.00389825296588242
v 0.004199998918920754 0.008534654974937437 0.0039921062998473636
v 0.004199998918920754 0.011480482295155523 0.0034982531797140832
v 0.004199998918920754 0.012061469256877897 0.0031015386339277025
v 0.004199998918920754 0.006173368077725171 0.0016360706649720667
v 0.004199998918920754 0.012593462131917475 0.002641200320795178
v 0.004199998918920754 0.006411817856132983 0.0012792049674317239
v 0.004199998918920754 0.006495550740510224 0.0008582531008869408
v 0.004199998918920754 0.013483470305800436 0.0015543940244242547
v 0.004199998918920754 0.013069529086351393 0.0021232359576970334
v 0.004199998918920754 0.013829890638589857 0.0009420859278179704
v 0.004199998918920754 0.011930653825402258 -0.0010005285730585454
v 0.004199998918920754 0.0029565086588263507 -0.00015203111979644743
v 0.004199998918920754 0.004379283171147107 0.00043730137986131007
v 0.004199998918920754 0.004617732949554919 8.043567504500969e-05
v 0.004199998918920754 0.00581650249660015 -0.00015801435802131889
v 0.004199998918920754 0.006173368077725171 8.043567504500969e-05
v 0.004199998918920754 0.010954759083688257 -0.0014277738519012926
v 0.004199998918920754 0.006411817856132983 0.00043730137986131007
v 0.004199998918920754 0.011420589871704577 -0.0011636326089501379
v 0.004199998918920754 0.003200470935553312 -0.0006084522465243935
v 0.004199998918920754 0.0035287889186292882 -0.0010085088433697818
v 0.004199998918920754 0.004974598996341228 -0.00015801435802131889
v 0.004199998918920754 0.005395550746470689 -0.0002417468786006793
v 0.004199998918920754 0.0039288452826440326 -0.0013368267100304363
v 0.004199998918920754 0.004385266453027724 -0.0015807888703420756
v 0.004199998918920754 0.005395550746470689 -0.0017817468615248797
v 0.004199998918920754 0.004880512133240699 -0.0017310199327766893
v 0.004199998918920754 0.010552923195064066 -0.0017817468615248797
v 0.004199998918920754 0.014104275964200495 0.0002942893770523369
v 0.004199998918920754 0.01246331539005041 -0.0009453807142563163
v 0.004199998918920754 0.014303051866590975 -0.0003805556043516844
v 0.004199998918920754 0.012995975092053412 -0.0010005285730585454
v 0.004199998918920754 0.013971870765089987 -0.0014277738519012926
v 0.004199998918920754 0.013506039977073668 -0.0011636326089501379
v 0.004199998918920754 0.014423630200326441 -0.0010736566036939619
v 0.004199998918920754 0.014508902095258234 -0.001350232516415417
v 0.004199998918920754 0.014686133712530134 -0.0015790440374985335
v 0.004199998918920754 0.014373705722391604 -0.0017817468615248797
v 0.004199998918920754 0.014933791011571882 -0.0017288140952587126
v 0.004199998918920754 0.015218333341181276 -0.0017817468615248797
v 0.00647999858483672 0.00810169707983732 0.0035591495689004655
v 0.004199998918920754 0.00810169707983732 0.0035591495689004655
v 0.004199998918920754 0.007795550860464572 0.0034982531797140832
v 0.00647999858483672 0.007795550860464572 0.0034982531797140832
v 0.00647999858483672 0.008361235260963438 0.0037325678858906026
v 0.004199998918920754 0.008361235260963438 0.0037325678858906026
v 0.00647999858483672 0.008595550432801245 0.0042982529848814
v 0.004199998918920754 0.008595550432801245 0.0042982529848814
v 0.004199998918920754 0.008534654974937437 0.0039921062998473636
v 0.00647999858483672 0.008534654974937437 0.0039921062998473636
v 0.00647999858483672 0.008595550432801245 0.005341959185898303
v 0.00647999858483672 0.008660387247800825 0.005982855800539254
v 0.004180297721177338 0.008621134795248507 0.005744512658566236
v 0.0041998079977929575 0.008595550432801245 0.005341959185898303
v 0.004121994134038685 0.00869517959654331 0.006134235765784978
v 0.00647999858483672 0.008852269500494002 0.0065977820195257655
v 0.0038856407627463328 0.008970489725470541 0.006844964809715747
v 0.004024605732411144 0.008813289925456045 0.006502182688564061
v 0.005884645506739615 0.009222705848515032 0.007244712207466363
v 0.003707929980009793 0.009154523722827433 0.007148960139602422
v 0.003490339498966931 0.009357359260320662 0.00741444993764162
v 0.005617147777229546 0.009475156664848326 0.007545761298388242
v -0.004180881194770334 0.008620391599833964 0.0057406644336879245
v -0.004123127553611992 0.008693767711520193 0.006128686014562844
v -0.0064800013788044435 0.008660387247800825 0.005982855800539254
v -0.0064800013788044435 0.008595550432801245 0.005341959185898303
v -0.004199810791760681 0.008595550432801245 0.005341959185898303
v -0.0064800013788044435 0.008852269500494002 0.0065977820195257655
v -0.0037092922721058117 0.009153151884675024 0.007146875839680432
v -0.003491949755698441 0.009355941787362097 0.0074127819389104834
v -0.0058846483007073385 0.009222705848515032 0.007244712207466363
v -0.0038883592933416354 0.008967534638941286 0.006839399226009845
v -0.0040259268134832365 0.008811816573143004 0.006498317699879407
v -0.00561715057119727 0.009475156664848326 0.007545761298388242
v 0.0053779245354235155 0.009775539860129355 0.007823803462088106
v 0.003235008101910352 0.009568377397954462 0.007639744784682988
v 0.0029480799566954366 0.009775872342288492 0.00782407447695732
v 0.005172998644411562 0.010127890855073927 0.00807305984199047
v 0.002293259371072053 0.010151531547307966 0.008087355643510817
v 0.000792529957834631 0.010615732520818709 0.008316522464156149
v 0.004914605524390934 0.010966454632580279 0.008432687260210512
v -1.344323763419197e-09 0.010675550438463686 0.008339557796716688
v 0.0050153331831097585 0.010526426136493681 0.008279530331492422
v 0.0015661483630537982 0.01043792814016342 0.008239693008363245
v 0.004879998508840798 0.011432252824306486 0.008521270006895064
v -0.004914608318358658 0.010966454632580279 0.008432687260210512
v -0.002949437126517295 0.009774960577487944 0.007823332212865351
v -0.0022953671868890515 0.010150516405701636 0.008086747489869593
v -0.005173000972717999 0.010127890855073927 0.00807305984199047
v -0.003236295422539114 0.009567456319928168 0.00763882603496313
v -0.005377926863729952 0.009775539860129355 0.007823803462088106
v -0.0015695355832576747 0.010436876676976679 0.008239199407398699
v -0.0007954830070957539 0.01061521843075752 0.008317049592733381
v -0.005015335511416195 0.010526426136493681 0.008279530331492422
v -0.004880001768469809 0.011432252824306486 0.008521270006895064
v -0.004880001768469809 0.017512559890747067 0.009128594771027563
v 0.004879998508840798 0.03582262620329856 0.009910283610224722
v -0.004880001768469809 0.03582262620329856 0.009910283610224722
v -0.004880001768469809 0.02971268072724342 0.009823383763432501
v 0.004879998508840798 0.017512559890747067 0.009128594771027563
v 0.004879998508840798 0.023607678711414334 0.009562749415636061
v 0.004879998508840798 0.02971268072724342 0.009823383763432501
v -0.004880001768469809 0.023607678711414334 0.009562749415636061
v 0.004879998508840798 0.04389365762472152 0.009910283610224722
v 0.004902418702840803 0.04422093927860259 0.009887863881886004
v -0.004880001768469809 0.04389365762472152 0.009910283610224722
v 0.004972009453922508 0.04455182701349258 0.009818273596465586
v 0.005090303253382443 0.044876120984554284 0.009699979797005652
v -0.004972012247890232 0.04455182701349258 0.009818273596465586
v -0.00490242103114724 0.04422093927860259 0.009887863881886004
v -0.005090306513011454 0.044876120984554284 0.009699979797005652
v -0.005255861673504112 0.04518317803740501 0.009534424170851706
v 0.005255859345197676 0.04518317803740501 0.009534424170851706
v 0.005464178975671528 0.04546298831701278 0.009326104074716566
v 0.005708096548914908 0.04570725187659263 0.009082186967134474
v -0.0057080993428826315 0.04570725187659263 0.009082186967134474
v 0.005978572648018597 0.04591016471385955 0.008811710402369497
v -0.005978575441986321 0.04591016471385955 0.008811710402369497
v -0.005464181303977965 0.04546298831701278 0.009326104074716566
v 0.004879998508840798 0.04389365762472152 0.009910283610224722
v -0.004880001768469809 0.04389365762472152 0.009910283610224722
v -0.004880001768469809 0.03582262620329856 0.009910283610224722
v 0.004879998508840798 0.03582262620329856 0.009910283610224722
v -0.0064800013788044435 0.01893857307732105 0.007640791591256856
v -0.0064800013788044435 0.02139554917812347 0.0051782531663775435
v -0.0064800013788044435 0.015571102499961851 0.007346436381340026
v -0.0064800013788044435 0.012208717875182627 0.006998737808316945
v -0.0064800013788044435 0.02096694521605968 0.005092998035252093
v -0.0064800013788044435 0.008660387247800825 0.005982855800539254
v -0.0064800013788044435 0.008852269500494002 0.0065977820195257655
v -0.0064800013788044435 0.008595550432801245 0.005341959185898303
v -0.0064800013788044435 0.022310290485620495 0.00788172800093889
v -0.0064800013788044435 0.02568540163338184 0.008069186471402643
v -0.0064800013788044435 0.029395550489425656 0.0051782531663775435
v -0.0064800013788044435 0.02182415500283241 0.005092998035252093
v -0.0064800013788044435 0.028966946527361866 0.005092998035252093
v -0.0064800013788044435 0.0206035915762186 0.004850212484598159
v -0.0064800013788044435 0.028603591024875637 0.004850212484598159
v -0.0064800013788044435 0.02218750864267349 0.004850212484598159
v -0.0064800013788044435 0.008595550432801245 0.0042982529848814
v -0.0064800013788044435 0.020360805094242092 0.0036296476610004898
v -0.0064800013788044435 0.008361235260963438 0.0037325678858906026
v -0.0064800013788044435 0.00853938143700361 0.004003777634352445
v -0.0064800013788044435 0.020275549963116642 0.004058253485709428
v -0.0064800013788044435 0.0040451851673424235 0.003126757917925715
v -0.0064800013788044435 0.005395550746470689 0.0034982531797140832
v -0.0064800013788044435 0.007795550860464572 0.0034982531797140832
v -0.0064800013788044435 0.0206035915762186 0.0032662935554981227
v -0.0064800013788044435 0.008090026676654814 0.003554422408342361
v -0.0064800013788044435 0.02096694521605968 0.0030235080048441883
v -0.0064800013788044435 0.020360805094242092 0.004486858379095792
v -0.0064800013788044435 0.022515550255775448 0.004058253485709428
v -0.0064800013788044435 0.022430295124649998 0.004486858379095792
v -0.0064800013788044435 0.028275551274418827 0.004058253485709428
v -0.0064800013788044435 0.028360806405544278 0.0036296476610004898
v -0.0064800013788044435 0.022430295124649998 0.0036296476610004898
v -0.0064800013788044435 0.028360806405544278 0.004486858379095792
v -0.0064800013788044435 0.004695283249020576 0.0034036855213344093
v -0.0064800013788044435 0.02218750864267349 0.0032662935554981227
v -0.0064800013788044435 0.029063060879707333 0.008203118108212946
v -0.0064800013788044435 0.03244241699576377 0.008283491246402262
v -0.0064800013788044435 0.03739554807543754 0.0051782531663775435
v -0.0064800013788044435 0.029824156314134594 0.005092998035252093
v -0.0064800013788044435 0.0369669459760189 0.005092998035252093
v -0.0064800013788044435 0.030187509953975674 0.004850212484598159
v -0.0064800013788044435 0.03660359233617782 0.004850212484598159
v -0.0064800013788044435 0.0461687184870243 0.008310284465551375
v -0.0064800013788044435 0.03582262620329856 0.008310284465551375
v -0.0064800013788044435 0.037824157625436776 0.005092998035252093
v -0.0064800013788044435 0.038187511265277856 0.004850212484598159
v -0.0064800013788044435 0.04699555039405822 0.001958253094926476
v -0.0064800013788044435 0.030430296435952183 0.004486858379095792
v -0.0064800013788044435 0.03636080399155616 0.004486858379095792
v -0.0064800013788044435 0.03636080399155616 0.0036296476610004898
v -0.0064800013788044435 0.030430296435952183 0.0036296476610004898
v -0.0064800013788044435 0.030515549704432484 0.004058253485709428
v -0.0064800013788044435 0.03660359233617782 0.0032662935554981227
v -0.0064800013788044435 0.03627555072307586 0.004058253485709428
v -0.0064800013788044435 0.038515552878379815 0.004058253485709428
v -0.0064800013788044435 0.038430295884609215 0.004486858379095792
v -0.0064800013788044435 0.038430295884609215 0.0036296476610004898
v -0.0064800013788044435 0.030187509953975674 0.0032662935554981227
v -0.0064800013788044435 0.038187511265277856 0.0032662935554981227
v -0.0064800013788044435 0.028603591024875637 0.0032662935554981227
v -0.0064800013788044435 0.005395550746470689 0.001958253094926476
v -0.0064800013788044435 0.0034918298479169603 0.0026873094029724594
v -0.0064800013788044435 0.0030748611316084857 0.0021168235689401622
v -0.0064800013788044435 0.004974598996341228 0.0018745206762105224
v -0.0064800013788044435 0.004617732949554919 0.0016360706649720667
v -0.0064800013788044435 0.0028241514228284355 0.0014561713906005023
v -0.0064800013788044435 0.00581650249660015 0.0018745206762105224
v -0.0064800013788044435 0.02182415500283241 0.0030235080048441883
v -0.0064800013788044435 0.02139554917812347 0.0029382531065493818
v -0.0064800013788044435 0.006173368077725171 0.0016360706649720667
v -0.0064800013788044435 0.028966946527361866 0.0030235080048441883
v -0.0064800013788044435 0.029395550489425656 0.0029382531065493818
v -0.0064800013788044435 0.006411817856132983 0.0012792049674317239
v -0.0064800013788044435 0.004379283171147107 0.0012792049674317239
v -0.0064800013788044435 0.004295550752431153 0.0008582531008869408
v -0.0064800013788044435 0.0027576622087508436 0.0007526827976107596
v -0.0064800013788044435 0.004379283171147107 0.00043730137986131007
v -0.0064800013788044435 0.004974598996341228 -0.00015801435802131889
v -0.0064800013788044435 0.0028801569715142246 5.6757548009045415e-05
v -0.0064800013788044435 0.004617732949554919 8.043567504500969e-05
v -0.0064800013788044435 0.003182859858497977 -0.0005817468627355992
v -0.0064800013788044435 0.006411817856132983 0.00043730137986131007
v -0.0064800013788044435 0.006495550740510224 0.0008582531008869408
v -0.0064800013788044435 0.005395550746470689 -0.0002417468786006793
v -0.0064800013788044435 0.006173368077725171 8.043567504500969e-05
v -0.0064800013788044435 0.00581650249660015 -0.00015801435802131889
v -0.0064800013788044435 0.04657460004091262 -0.00015801435802131889
v -0.0064800013788044435 0.04699555039405822 -0.0002417468786006793
v -0.0064800013788044435 0.049185924232006066 -0.0005817468627355992
v -0.0064800013788044435 0.029824156314134594 0.0030235080048441883
v -0.0064800013788044435 0.0369669459760189 0.0030235080048441883
v -0.0064800013788044435 0.03739554807543754 0.0029382531065493818
v -0.0064800013788044435 0.04657460004091262 0.0018745206762105224
v -0.0064800013788044435 0.037824157625436776 0.0030235080048441883
v -0.0064800013788044435 0.046217732131481164 0.0016360706649720667
v -0.0064800013788044435 0.045979283750057214 0.0012792049674317239
v -0.0064800013788044435 0.04928260296583175 0.0016325369942933319
v -0.0064800013788044435 0.04741650447249412 0.0018745206762105224
v -0.0064800013788044435 0.04946134984493255 0.0010864698560908435
v -0.0064800013788044435 0.04801181703805923 0.0012792049674317239
v -0.0064800013788044435 0.04777336865663528 0.0016360706649720667
v -0.0064800013788044435 0.045895550400018685 0.0008582531008869408
v -0.0064800013788044435 0.045979283750057214 0.00043730137986131007
v -0.0064800013788044435 0.046217732131481164 8.043567504500969e-05
v -0.0064800013788044435 0.04741650447249412 -0.00015801435802131889
v -0.0064800013788044435 0.04950518161058425 0.0005135665996931492
v -0.0064800013788044435 0.048095550388097756 0.0008582531008869408
v -0.0064800013788044435 0.04801181703805923 0.00043730137986131007
v -0.0064800013788044435 0.049411583691835397 -5.333650187822058e-05
v -0.0064800013788044435 0.04777336865663528 8.043567504500969e-05
v -0.005299317184835671 0.04741134494543075 -0.0017624307656660674
v -0.005358968861401079 0.04771804437041282 -0.001702779554761946
v -0.00420000124722719 0.047703303396701806 -0.0017066065920516846
v -0.00560154067352414 0.04830746352672576 -0.0014602078590542076
v -0.005780161824077366 0.04857395961880683 -0.0012815864756703375
v -0.00420000124722719 0.04874808341264724 -0.0011334206210449336
v -0.0054600592702627165 0.048019528388977044 -0.0016016891459003089
v -0.00420000124722719 0.0482618361711502 -0.0014858910581097005
v -0.005280001088976858 0.04710746556520461 -0.0017817468615248797
v -0.00420000124722719 0.04710746556520461 -0.0017817468615248797
v -0.005990707315504549 0.04881224781274795 -0.0010710406349971888
v -0.0064800013788044435 0.049185924232006066 -0.0005817468627355992
v -0.0064800013788044435 0.049411583691835397 -5.333650187822058e-05
v -0.00420000124722719 0.04938837885856628 -0.00012836560199502853
v -0.0064800013788044435 0.04950518161058425 0.0005135665996931492
v -0.0064800013788044435 0.04946134984493255 0.0010864698560908435
v -0.00420000124722719 0.0494663156569004 0.0010607655858621
v -0.00420000124722719 0.04950232803821563 0.00046128561371006066
v -0.00420000124722719 0.049131602048873894 -0.0006712658796459435
v -0.00420000124722719 0.04470375180244445 0.008310284465551375
v -0.00420000124722719 0.04189584404230117 0.008276613429188727
v -0.00420000124722719 0.046217732131481164 0.0016360706649720667
v -0.00420000124722719 0.04657460004091262 0.0018745206762105224
v -0.00420000124722719 0.0461687184870243 0.008310284465551375
v -0.00420000124722719 0.0447205863893032 -0.0005478840903379022
v -0.00420000124722719 0.045979283750057214 0.0012792049674317239
v -0.00420000124722719 0.045895550400018685 0.0008582531008869408
v -0.00420000124722719 0.046217732131481164 8.043567504500969e-05
v -0.00420000124722719 0.045979283750057214 0.00043730137986131007
v -0.00420000124722719 0.039089553058147423 0.00817561987787485
v -0.00420000124722719 0.04699555039405822 0.001958253094926476
v -0.00420000124722719 0.04741650447249412 0.0018745206762105224
v -0.00420000124722719 0.04777336865663528 0.0016360706649720667
v -0.00420000124722719 0.04928260296583175 0.0016325369942933319
v -0.00420000124722719 0.04801181703805923 0.0012792049674317239
v -0.00420000124722719 0.0494663156569004 0.0010607655858621
v -0.00420000124722719 0.048095550388097756 0.0008582531008869408
v -0.00420000124722719 0.04950232803821563 0.00046128561371006066
v -0.00420000124722719 0.04801181703805923 0.00043730137986131007
v -0.00420000124722719 0.04938837885856628 -0.00012836560199502853
v -0.00420000124722719 0.044847901910543435 -0.0009519893792457878
v -0.00420000124722719 0.04481147974729537 -0.0007413552957586943
v -0.00420000124722719 0.044827241450548165 -0.0011647479841485617
v -0.00420000124722719 0.04657460004091262 -0.00015801435802131889
v -0.00420000124722719 0.04426029697060584 -0.0017531887860968707
v -0.00420000124722719 0.04404845461249351 -0.0017817468615248797
v -0.00420000124722719 0.04710746556520461 -0.0017817468615248797
v -0.00420000124722719 0.044624563306570046 -0.0015368117019534109
v -0.00420000124722719 0.04445701465010642 -0.0016695532249286769
v -0.00420000124722719 0.04475098103284835 -0.0013644411228597162
v -0.00420000124722719 0.04699555039405822 -0.0002417468786006793
v -0.00420000124722719 0.049131602048873894 -0.0006712658796459435
v -0.00420000124722719 0.04741650447249412 -0.00015801435802131889
v -0.00420000124722719 0.04874808341264724 -0.0011334206210449336
v -0.00420000124722719 0.04777336865663528 8.043567504500969e-05
v -0.00420000124722719 0.047703303396701806 -0.0017066065920516846
v -0.00420000124722719 0.0482618361711502 -0.0014858910581097005
v -0.00420000124722719 0.04470375180244445 0.008310284465551375
v -0.00420000124722719 0.0461687184870243 0.008310284465551375
v 0.004199998918920754 0.0461687184870243 0.008310284465551375
v 0.004199998918920754 0.04470375180244445 0.008310284465551375
v 0.005279998760670422 0.014373705722391604 -0.0017817468615248797
v 0.004199998918920754 0.04404845461249351 -0.0017817468615248797
v 0.005279998760670422 0.04710746556520461 -0.0017817468615248797
v 0.004199998918920754 0.04710746556520461 -0.0017817468615248797
v 0.0025999986100941888 0.04404845461249351 -0.0017817468615248797
v 0.004199998918920754 0.015218333341181276 -0.0017817468615248797
v 0.0025999986100941888 0.015218333341181276 -0.0017817468615248797
v 0.004199998918920754 0.014373705722391604 -0.0017817468615248797
v 0.004199998918920754 0.0447205863893032 -0.0005478840903379022
v 0.004199998918920754 0.04481147974729537 -0.0007413552957586943
v 0.0025999986100941888 0.04481147974729537 -0.0007413552957586943
v 0.004199998918920754 0.044847901910543435 -0.0009519893792457878
v 0.004199998918920754 0.044827241450548165 -0.0011647479841485617
v 0.0025999986100941888 0.044827241450548165 -0.0011647479841485617
v 0.0025999986100941888 0.044847901910543435 -0.0009519893792457878
v 0.0025999986100941888 0.0447205863893032 -0.0005478840903379022
v 0.0025999986100941888 0.04475098103284835 -0.0013644411228597162
v 0.004199998918920754 0.04475098103284835 -0.0013644411228597162
v 0.004199998918920754 0.044624563306570046 -0.0015368117019534109
v 0.0025999986100941888 0.044624563306570046 -0.0015368117019534109
v 0.004199998918920754 0.04445701465010642 -0.0016695532249286769
v 0.004199998918920754 0.04426029697060584 -0.0017531887860968707
v 0.0025999986100941888 0.04426029697060584 -0.0017531887860968707
v 0.0025999986100941888 0.04445701465010642 -0.0016695532249286769
v 0.0025999986100941888 0.04404845461249351 -0.0017817468615248797
v 0.004199998918920754 0.04404845461249351 -0.0017817468615248797
v 0.004199998918920754 0.039089553058147423 0.00817561987787485
v 0.0025999986100941888 0.039089553058147423 0.00817561987787485
v -0.00420000124722719 0.04189584404230117 0.008276613429188727
v -0.00420000124722719 0.04470375180244445 0.008310284465551375
v 0.004199998918920754 0.04189584404230117 0.008276613429188727
v -0.0026000014040619126 0.039089553058147423 0.00817561987787485
v -0.00420000124722719 0.039089553058147423 0.00817561987787485
v 0.0025999986100941888 0.039089553058147423 0.00817561987787485
v -0.0026000014040619126 0.03558792918920516 0.007954916916787623
v 0.0025999986100941888 0.03558792918920516 0.007954916916787623
v -0.0026000014040619126 0.03209448978304862 0.007629403378814458
v 0.004199998918920754 0.04470375180244445 0.008310284465551375
v 0.004199998918920754 0.039089553058147423 0.00817561987787485
v 0.0025999986100941888 0.03209448978304862 0.007629403378814458
v -0.0026000014040619126 0.028612369671463963 0.007199374493211507
v 0.0025999986100941888 0.028612369671463963 0.007199374493211507
v -0.0026000014040619126 0.025144698098301884 0.006665214430540799
v 0.0025999986100941888 0.025144698098301884 0.006665214430540799
v -0.0026000014040619126 0.021694583818316456 0.0060274037532508365
v 0.0025999986100941888 0.018265126273036 0.0052865142934024325
v -0.0026000014040619126 0.014859407208859919 0.0044432119466364375
v -0.0026000014040619126 0.018265126273036 0.0052865142934024325
v 0.0025999986100941888 0.014859407208859919 0.0044432119466364375
v -0.0026000014040619126 0.011480482295155523 0.0034982531797140832
v 0.0025999986100941888 0.021694583818316456 0.0060274037532508365
v 0.0025999986100941888 0.011480482295155523 0.0034982531797140832
v 0.0025999986100941888 0.014303051866590975 -0.0003805556043516844
v 0.0025999986100941888 0.014423630200326441 -0.0010736566036939619
v 0.004199998918920754 0.014303051866590975 -0.0003805556043516844
v 0.0025999986100941888 0.014104275964200495 0.0002942893770523369
v 0.004199998918920754 0.014104275964200495 0.0002942893770523369
v 0.0025999986100941888 0.013829890638589857 0.0009420859278179704
v 0.004199998918920754 0.013829890638589857 0.0009420859278179704
v 0.004199998918920754 0.014423630200326441 -0.0010736566036939619
v 0.004199998918920754 0.013483470305800436 0.0015543940244242547
v 0.0025999986100941888 0.013483470305800436 0.0015543940244242547
v 0.004199998918920754 0.013069529086351393 0.0021232359576970334
v 0.0025999986100941888 0.013069529086351393 0.0021232359576970334
v 0.004199998918920754 0.012061469256877897 0.0031015386339277025
v 0.0025999986100941888 0.012061469256877897 0.0031015386339277025
v 0.0025999986100941888 0.012593462131917475 0.002641200320795178
v 0.004199998918920754 0.012593462131917475 0.002641200320795178
v 0.004199998918920754 0.011480482295155523 0.0034982531797140832
v 0.0025999986100941888 0.011480482295155523 0.0034982531797140832
v -0.0038050541188567864 0.009056147187948225 0.0034982531797140832
v -0.004199905786663292 0.008595550432801245 0.0034982531797140832
v -0.00420000124722719 0.011480482295155523 0.0034982531797140832
v -0.002870642114430665 0.009827009402215479 0.0034982531797140832
v -0.003360027680173515 0.009468464180827139 0.0034982531797140832
v -0.002343358239158987 0.01012704987078905 0.0034982531797140832
v 0.0041999034583568556 0.008595550432801245 0.0034982531797140832
v 0.003805051557719706 0.009056147187948225 0.0034982531797140832
v 0.004199998918920754 0.011480482295155523 0.0034982531797140832
v 0.002870639553293585 0.009827009402215479 0.0034982531797140832
v 0.0023433554451912633 0.01012704987078905 0.0034982531797140832
v 0.0033600251190364348 0.009468464180827139 0.0034982531797140832
v -0.0012033482780680056 0.010536597110331057 0.0034982531797140832
v -0.0017851369921118015 0.010364623740315436 0.0034982531797140832
v -0.0026000014040619126 0.011480482295155523 0.0034982531797140832
v -0.0006056728307157753 0.010640697553753851 0.0034982531797140832
v -1.344323763419197e-09 0.010675550438463686 0.0034982531797140832
v 0.0012033454841002818 0.010536597110331057 0.0034982531797140832
v 0.0006056701531633733 0.010640697553753851 0.0034982531797140832
v 0.0025999986100941888 0.011480482295155523 0.0034982531797140832
v 0.0017851343145593994 0.010364623740315436 0.0034982531797140832
v 0.00647999858483672 0.008595550432801245 0.005341959185898303
v 0.0041998079977929575 0.008595550432801245 0.005341959185898303
v 0.004199998918920754 0.008595550432801245 0.0042982529848814
v 0.00647999858483672 0.008595550432801245 0.0042982529848814
v -0.0038883592933416354 0.008967534638941286 0.006839399226009845
v -0.0040259268134832365 0.008811816573143004 0.006498317699879407
v -0.0038050541188567864 0.009056147187948225 0.0034982531797140832
v -0.004123127553611992 0.008693767711520193 0.006128686014562844
v -0.0037092922721058117 0.009153151884675024 0.007146875839680432
v -0.00420000124722719 0.008595550432801245 0.0042982529848814
v -0.004199905786663292 0.008595550432801245 0.0034982531797140832
v -0.004199810791760681 0.008595550432801245 0.005341959185898303
v -0.004180881194770334 0.008620391599833964 0.0057406644336879245
v -0.003360027680173515 0.009468464180827139 0.0034982531797140832
v -0.0006056728307157753 0.010640697553753851 0.0034982531797140832
v -0.003236295422539114 0.009567456319928168 0.00763882603496313
v -0.003491949755698441 0.009355941787362097 0.0074127819389104834
v -0.002870642114430665 0.009827009402215479 0.0034982531797140832
v -0.002949437126517295 0.009774960577487944 0.007823332212865351
v -0.0015695355832576747 0.010436876676976679 0.008239199407398699
v -0.0022953671868890515 0.010150516405701636 0.008086747489869593
v -0.0017851369921118015 0.010364623740315436 0.0034982531797140832
v -0.002343358239158987 0.01012704987078905 0.0034982531797140832
v -0.0007954830070957539 0.01061521843075752 0.008317049592733381
v -0.0012033482780680056 0.010536597110331057 0.0034982531797140832
v -0.004199810791760681 0.008595550432801245 0.005341959185898303
v -0.0064800013788044435 0.008595550432801245 0.005341959185898303
v -0.00420000124722719 0.008595550432801245 0.0042982529848814
v -0.0064800013788044435 0.008595550432801245 0.0042982529848814
v -0.0064800013788044435 0.03582262620329856 0.008310284465551375
v -0.0064800013788044435 0.03244241699576377 0.008283491246402262
v -0.004880001768469809 0.03582262620329856 0.009910283610224722
v -0.0064800013788044435 0.029063060879707333 0.008203118108212946
v -0.0064800013788044435 0.02568540163338184 0.008069186471402643
v -0.004880001768469809 0.02971268072724342 0.009823383763432501
v -0.0064800013788044435 0.022310290485620495 0.00788172800093889
v -0.004880001768469809 0.023607678711414334 0.009562749415636061
v -0.004880001768469809 0.017512559890747067 0.009128594771027563
v -0.0064800013788044435 0.01893857307732105 0.007640791591256856
v -0.0064800013788044435 0.015571102499961851 0.007346436381340026
v -0.004880001768469809 0.011432252824306486 0.008521270006895064
v -0.0064800013788044435 0.012208717875182627 0.006998737808316945
v -0.00561715057119727 0.009475156664848326 0.007545761298388242
v -0.0064800013788044435 0.008852269500494002 0.0065977820195257655
v -0.0058846483007073385 0.009222705848515032 0.007244712207466363
v -0.005377926863729952 0.009775539860129355 0.007823803462088106
v -0.004914608318358658 0.010966454632580279 0.008432687260210512
v -0.005173000972717999 0.010127890855073927 0.00807305984199047
v -0.005015335511416195 0.010526426136493681 0.008279530331492422
v -0.0064800013788044435 0.03582262620329856 0.008310284465551375
v -0.005464181303977965 0.04546298831701278 0.009326104074716566
v -0.0057080993428826315 0.04570725187659263 0.009082186967134474
v -0.004880001768469809 0.03582262620329856 0.009910283610224722
v -0.005978575441986321 0.04591016471385955 0.008811710402369497
v -0.006265717558562754 0.046068798750638955 0.008524568751454352
v -0.0064800013788044435 0.0461687184870243 0.008310284465551375
v -0.004880001768469809 0.04389365762472152 0.009910283610224722
v -0.005255861673504112 0.04518317803740501 0.009534424170851706
v -0.004972012247890232 0.04455182701349258 0.009818273596465586
v -0.00490242103114724 0.04422093927860259 0.009887863881886004
v -0.005090306513011454 0.044876120984554284 0.009699979797005652
v -0.006054813042283056 0.011900913901627062 -0.001006935257464647
v -0.00596384424716234 0.0036235069856047626 -0.0010986478300765155
v -0.0061163674108684046 0.01246331539005041 -0.0009453807142563163
v -0.0064800013788044435 0.003182859858497977 -0.0005817468627355992
v -0.0064800013788044435 0.049185924232006066 -0.0005817468627355992
v -0.00561030115932226 0.010922067798674105 -0.0014514472568407653
v -0.005599312018603085 0.0041369800455868235 -0.0014624363975599406
v -0.005878593306988476 0.011377087794244288 -0.0011831549927592275
v -0.005990707315504549 0.04881224781274795 -0.0010710406349971888
v -0.006054813042283056 0.013025715015828608 -0.001006935257464647
v -0.005878593306988476 0.013549541123211382 -0.0011831549927592275
v -0.005780161824077366 0.04857395961880683 -0.0012815864756703375
v -0.00561030115932226 0.014004561118781565 -0.0014514472568407653
v -0.00560154067352414 0.04830746352672576 -0.0014602078590542076
v -0.005280001088976858 0.010552923195064066 -0.0017817468615248797
v -0.005459613166749476 0.004439023323357104 -0.0016021329211071131
v -0.005359828937798737 0.004752926528453826 -0.0017019176157191394
v -0.005280001088976858 0.005395550746470689 -0.0017817468615248797
v -0.005299958400428293 0.005073498934507369 -0.001761789317242801
v -0.005358968861401079 0.04771804437041282 -0.001702779554761946
v -0.005280001088976858 0.014373705722391604 -0.0017817468615248797
v -0.0054600592702627165 0.048019528388977044 -0.0016016891459003089
v -0.005299317184835671 0.04741134494543075 -0.0017624307656660674
v -0.005280001088976858 0.04710746556520461 -0.0017817468615248797
v -0.00420000124722719 0.004880544263869523 -0.001730860094539821
v -0.00420000124722719 0.004385266453027724 -0.0015807888703420756
v -0.005359828937798737 0.004752926528453826 -0.0017019176157191394
v -0.005299958400428293 0.005073498934507369 -0.001761789317242801
v -0.00420000124722719 0.005395550746470689 -0.0017817468615248797
v -0.00420000124722719 0.00392893562093377 -0.001336690969765186
v -0.00420000124722719 0.0035287889186292882 -0.0010085088433697818
v -0.00596384424716234 0.0036235069856047626 -0.0010986478300765155
v -0.00420000124722719 0.0032006064429879184 -0.0006083616754040121
v -0.00420000124722719 0.0029565086588263507 -0.00015203111979644743
v -0.0064800013788044435 0.003182859858497977 -0.0005817468627355992
v -0.005599312018603085 0.0041369800455868235 -0.0014624363975599406
v -0.005280001088976858 0.005395550746470689 -0.0017817468615248797
v -0.005459613166749476 0.004439023323357104 -0.0016021329211071131
v -0.0064800013788044435 0.0028801569715142246 5.6757548009045415e-05
v -0.00420000124722719 0.005395550746470689 0.0034982531797140832
v -0.0064800013788044435 0.005395550746470689 0.0034982531797140832
v -0.00420000124722719 0.004880544263869523 0.003447366179898381
v -0.00420000124722719 0.0028064374346286054 0.0003432465018704533
v -0.00420000124722719 0.0027555506676435466 0.0008582531008869408
v -0.0064800013788044435 0.0027576622087508436 0.0007526827976107596
v -0.00420000124722719 0.0028064374346286054 0.0013732598163187502
v -0.00420000124722719 0.0029565086588263507 0.0018685373943299053
v -0.0064800013788044435 0.0028241514228284355 0.0014561713906005023
v -0.00420000124722719 0.0032006064429879184 0.0023248679935932155
v -0.00420000124722719 0.0035287889186292882 0.0027250149287283416
v -0.0064800013788044435 0.0034918298479169603 0.0026873094029724594
v -0.00420000124722719 0.00392893562093377 0.0030531974043697114
v -0.00420000124722719 0.004385266453027724 0.003297295188531279
v -0.0064800013788044435 0.0040451851673424235 0.003126757917925715
v -0.0064800013788044435 0.0030748611316084857 0.0021168235689401622
v -0.0064800013788044435 0.004695283249020576 0.0034036855213344093
v -0.0064800013788044435 0.007795550860464572 0.0034982531797140832
v -0.0064800013788044435 0.005395550746470689 0.0034982531797140832
v -0.00420000124722719 0.005395550746470689 0.0034982531797140832
v -0.00420000124722719 0.007795550860464572 0.0034982531797140832
v -0.0064600016921758634 0.03781650215387344 0.005074520595371722
v -0.0064600016921758634 0.038173366338014596 0.004836070351302623
v -0.0064800013788044435 0.037824157625436776 0.005092998035252093
v -0.0064800013788044435 0.038430295884609215 0.004486858379095792
v -0.0064600016921758634 0.038411818444728844 0.004479205235838889
v -0.0064800013788044435 0.038187511265277856 0.004850212484598159
v -0.0064800013788044435 0.038515552878379815 0.004058253485709428
v -0.0064600016921758634 0.03849555179476737 0.004058253485709428
v -0.0064600016921758634 0.038173366338014596 0.003280435455963015
v -0.0064600016921758634 0.038411818444728844 0.0036373015027493234
v -0.0064800013788044435 0.038187511265277856 0.0032662935554981227
v -0.0064800013788044435 0.037824157625436776 0.0030235080048441883
v -0.0064600016921758634 0.03781650215387344 0.003041985677555203
v -0.0064800013788044435 0.038430295884609215 0.0036296476610004898
v -0.0064600016921758634 0.02181650139391422 0.005074520595371722
v -0.0064800013788044435 0.022430295124649998 0.004486858379095792
v -0.0064600016921758634 0.022411817684769627 0.004479205235838889
v -0.0064600016921758634 0.022173369303345677 0.004836070351302623
v -0.0064800013788044435 0.02218750864267349 0.004850212484598159
v -0.0064800013788044435 0.02182415500283241 0.005092998035252093
v -0.0064800013788044435 0.022515550255775448 0.004058253485709428
v -0.0064600016921758634 0.022495551034808155 0.004058253485709428
v -0.0064600016921758634 0.022173369303345677 0.003280435455963015
v -0.0064600016921758634 0.022411817684769627 0.0036373015027493234
v -0.0064800013788044435 0.02218750864267349 0.0032662935554981227
v -0.0064600016921758634 0.02181650139391422 0.003041985677555203
v -0.0064800013788044435 0.02182415500283241 0.0030235080048441883
v -0.0064800013788044435 0.022430295124649998 0.0036296476610004898
v -0.0064600016921758634 0.029816500842571255 0.005074520595371722
v -0.0064800013788044435 0.030430296435952183 0.004486858379095792
v -0.0064600016921758634 0.030411817133426663 0.004479205235838889
v -0.0064600016921758634 0.030173368752002713 0.004836070351302623
v -0.0064800013788044435 0.030187509953975674 0.004850212484598159
v -0.0064800013788044435 0.029824156314134594 0.005092998035252093
v -0.0064800013788044435 0.030515549704432484 0.004058253485709428
v -0.0064600016921758634 0.03049555048346519 0.004058253485709428
v -0.0064600016921758634 0.030173368752002713 0.003280435455963015
v -0.0064600016921758634 0.030411817133426663 0.0036373015027493234
v -0.0064800013788044435 0.030187509953975674 0.0032662935554981227
v -0.0064600016921758634 0.029816500842571255 0.003041985677555203
v -0.0064800013788044435 0.029824156314134594 0.0030235080048441883
v -0.0064800013788044435 0.030430296435952183 0.0036296476610004898
v -0.00420000124722719 0.04404845461249351 -0.0017817468615248797
v -0.005280001088976858 0.04710746556520461 -0.0017817468615248797
v -0.00420000124722719 0.04710746556520461 -0.0017817468615248797
v -0.0026000014040619126 0.015218333341181276 -0.0017817468615248797
v -0.00420000124722719 0.015218333341181276 -0.0017817468615248797
v -0.005280001088976858 0.014373705722391604 -0.0017817468615248797
v -0.00420000124722719 0.014373705722391604 -0.0017817468615248797
v -0.0026000014040619126 0.04404845461249351 -0.0017817468615248797
v -0.00420000124722719 0.0447205863893032 -0.0005478840903379022
v -0.0026000014040619126 0.0447205863893032 -0.0005478840903379022
v -0.0026000014040619126 0.04481131583452224 -0.0007414067513309418
v -0.0026000014040619126 0.04482707753777503 -0.001164708752185106
v -0.0026000014040619126 0.04475098103284835 -0.0013644411228597162
v -0.00420000124722719 0.044827241450548165 -0.0011647479841485617
v -0.00420000124722719 0.04481147974729537 -0.0007413552957586943
v -0.00420000124722719 0.044847901910543435 -0.0009519893792457878
v -0.0026000014040619126 0.044847901910543435 -0.0009519893792457878
v -0.00420000124722719 0.04475098103284835 -0.0013644411228597162
v -0.0026000014040619126 0.0446244403719902 -0.0015366929583251474
v -0.0026000014040619126 0.04445701465010642 -0.0016695532249286769
v -0.00420000124722719 0.044624563306570046 -0.0015368117019534109
v -0.0026000014040619126 0.04426024854183196 -0.00175302370917052
v -0.0026000014040619126 0.04404845461249351 -0.0017817468615248797
v -0.00420000124722719 0.04426029697060584 -0.0017531887860968707
v -0.00420000124722719 0.04445701465010642 -0.0016695532249286769
v -0.00420000124722719 0.04404845461249351 -0.0017817468615248797
v -0.00420000124722719 0.039089553058147423 0.00817561987787485
v -0.0026000014040619126 0.039089553058147423 0.00817561987787485
v 0.004199998918920754 0.014508902095258234 -0.001350232516415417
v 0.0025999986100941888 0.014508902095258234 -0.001350232516415417
v 0.0025999986100941888 0.015218333341181276 -0.0017817468615248797
v 0.004199998918920754 0.015218333341181276 -0.0017817468615248797
v 0.0025999986100941888 0.014933791011571882 -0.0017288140952587126
v 0.0025999986100941888 0.014686133712530134 -0.0015790440374985335
v 0.004199998918920754 0.014686133712530134 -0.0015790440374985335
v 0.004199998918920754 0.014933791011571882 -0.0017288140952587126
v 0.0025999986100941888 0.029395550489425656 0.002958253258839249
v 0.0025999986100941888 0.015218333341181276 -0.0017817468615248797
v 0.0025999986100941888 0.014303051866590975 -0.0003805556043516844
v 0.0025999986100941888 0.013829890638589857 0.0009420859278179704
v 0.0025999986100941888 0.013483470305800436 0.0015543940244242547
v 0.0025999986100941888 0.02139554917812347 0.002958253258839249
v 0.0025999986100941888 0.014104275964200495 0.0002942893770523369
v 0.0025999986100941888 0.014933791011571882 -0.0017288140952587126
v 0.0025999986100941888 0.014686133712530134 -0.0015790440374985335
v 0.0025999986100941888 0.014508902095258234 -0.001350232516415417
v 0.0025999986100941888 0.014423630200326441 -0.0010736566036939619
v 0.0025999986100941888 0.020617732778191563 0.003280435455963015
v 0.0025999986100941888 0.013069529086351393 0.0021232359576970334
v 0.0025999986100941888 0.012593462131917475 0.002641200320795178
v 0.0025999986100941888 0.014859407208859919 0.0044432119466364375
v 0.0025999986100941888 0.012061469256877897 0.0031015386339277025
v 0.0025999986100941888 0.011480482295155523 0.0034982531797140832
v 0.0025999986100941888 0.020379284396767613 0.0036373015027493234
v 0.0025999986100941888 0.02097459882497787 0.003041985677555203
v 0.0025999986100941888 0.028974598273634907 0.003041985677555203
v 0.0025999986100941888 0.02181650139391422 0.003041985677555203
v 0.0025999986100941888 0.022173369303345677 0.003280435455963015
v 0.0025999986100941888 0.04426029697060584 -0.0017531887860968707
v 0.0025999986100941888 0.04404845461249351 -0.0017817468615248797
v 0.0025999986100941888 0.04445701465010642 -0.0016695532249286769
v 0.0025999986100941888 0.044624563306570046 -0.0015368117019534109
v 0.0025999986100941888 0.04475098103284835 -0.0013644411228597162
v 0.0025999986100941888 0.0447205863893032 -0.0005478840903379022
v 0.0025999986100941888 0.044827241450548165 -0.0011647479841485617
v 0.0025999986100941888 0.04481147974729537 -0.0007413552957586943
v 0.0025999986100941888 0.044847901910543435 -0.0009519893792457878
v 0.0025999986100941888 0.03739554807543754 0.002958253258839249
v 0.0025999986100941888 0.03697459772229194 0.003041985677555203
v 0.0025999986100941888 0.029816500842571255 0.003041985677555203
v 0.0025999986100941888 0.0286177322268486 0.003280435455963015
v 0.0025999986100941888 0.03661773353815078 0.003280435455963015
v 0.0025999986100941888 0.030173368752002713 0.003280435455963015
v 0.0025999986100941888 0.030411817133426663 0.0036373015027493234
v 0.0025999986100941888 0.03781650215387344 0.003041985677555203
v 0.0025999986100941888 0.038173366338014596 0.003280435455963015
v 0.0025999986100941888 0.022411817684769627 0.0036373015027493234
v 0.0025999986100941888 0.02837928384542465 0.0036373015027493234
v 0.0025999986100941888 0.038411818444728844 0.0036373015027493234
v 0.0025999986100941888 0.020295551046729084 0.004058253485709428
v 0.0025999986100941888 0.020379284396767613 0.004479205235838889
v 0.0025999986100941888 0.018265126273036 0.0052865142934024325
v 0.0025999986100941888 0.020617732778191563 0.004836070351302623
v 0.0025999986100941888 0.022495551034808155 0.004058253485709428
v 0.0025999986100941888 0.02829555049538612 0.004058253485709428
v 0.0025999986100941888 0.022411817684769627 0.004479205235838889
v 0.0025999986100941888 0.02837928384542465 0.004479205235838889
v 0.0025999986100941888 0.0286177322268486 0.004836070351302623
v 0.0025999986100941888 0.02139554917812347 0.005158253014087676
v 0.0025999986100941888 0.021694583818316456 0.0060274037532508365
v 0.0025999986100941888 0.02097459882497787 0.005074520595371722
v 0.0025999986100941888 0.02181650139391422 0.005074520595371722
v 0.0025999986100941888 0.025144698098301884 0.006665214430540799
v 0.0025999986100941888 0.022173369303345677 0.004836070351302623
v 0.0025999986100941888 0.029395550489425656 0.005158253014087676
v 0.0025999986100941888 0.028974598273634907 0.005074520595371722
v 0.0025999986100941888 0.028612369671463963 0.007199374493211507
v 0.0025999986100941888 0.03637928515672683 0.0036373015027493234
v 0.0025999986100941888 0.03049555048346519 0.004058253485709428
v 0.0025999986100941888 0.0362955518066883 0.004058253485709428
v 0.0025999986100941888 0.03637928515672683 0.004479205235838889
v 0.0025999986100941888 0.030411817133426663 0.004479205235838889
v 0.0025999986100941888 0.03849555179476737 0.004058253485709428
v 0.0025999986100941888 0.03661773353815078 0.004836070351302623
v 0.0025999986100941888 0.038411818444728844 0.004479205235838889
v 0.0025999986100941888 0.039089553058147423 0.00817561987787485
v 0.0025999986100941888 0.030173368752002713 0.004836070351302623
v 0.0025999986100941888 0.03697459772229194 0.005074520595371722
v 0.0025999986100941888 0.029816500842571255 0.005074520595371722
v 0.0025999986100941888 0.03209448978304862 0.007629403378814458
v 0.0025999986100941888 0.03558792918920516 0.007954916916787623
v 0.0025999986100941888 0.03739554807543754 0.005158253014087676
v 0.0025999986100941888 0.03781650215387344 0.005074520595371722
v 0.0025999986100941888 0.038173366338014596 0.004836070351302623
v -0.0026000014040619126 0.018265126273036 0.0052865142934024325
v -0.0026000014040619126 0.02139554917812347 0.005158253014087676
v -0.0026000014040619126 0.021694583818316456 0.0060274037532508365
v -0.0026000014040619126 0.02097459882497787 0.005074520595371722
v -0.0026000014040619126 0.020617732778191563 0.004836070351302623
v -0.0026000014040619126 0.020379284396767613 0.004479205235838889
v -0.0026000014040619126 0.025144698098301884 0.006665214430540799
v -0.0026000014040619126 0.029395550489425656 0.005158253014087676
v -0.0026000014040619126 0.028612369671463963 0.007199374493211507
v -0.0026000014040619126 0.028974598273634907 0.005074520595371722
v -0.0026000014040619126 0.02181650139391422 0.005074520595371722
v -0.0026000014040619126 0.022173369303345677 0.004836070351302623
v -0.0026000014040619126 0.022411817684769627 0.004479205235838889
v -0.0026000014040619126 0.0286177322268486 0.004836070351302623
v -0.0026000014040619126 0.014859407208859919 0.0044432119466364375
v -0.0026000014040619126 0.020379284396767613 0.0036373015027493234
v -0.0026000014040619126 0.020295551046729084 0.004058253485709428
v -0.0026000014040619126 0.012580092065036295 0.002654136391356587
v -0.0026000014040619126 0.02837928384542465 0.004479205235838889
v -0.0026000014040619126 0.022495551034808155 0.004058253485709428
v -0.0026000014040619126 0.022411817684769627 0.0036373015027493234
v -0.0026000014040619126 0.02829555049538612 0.004058253485709428
v -0.0026000014040619126 0.03209448978304862 0.007629403378814458
v -0.0026000014040619126 0.029816500842571255 0.005074520595371722
v -0.0026000014040619126 0.03697459772229194 0.005074520595371722
v -0.0026000014040619126 0.030173368752002713 0.004836070351302623
v -0.0026000014040619126 0.039089553058147423 0.00817561987787485
v -0.0026000014040619126 0.03558792918920516 0.007954916916787623
v -0.0026000014040619126 0.03739554807543754 0.005158253014087676
v -0.0026000014040619126 0.03781650215387344 0.005074520595371722
v -0.0026000014040619126 0.038173366338014596 0.004836070351302623
v -0.0026000014040619126 0.03661773353815078 0.004836070351302623
v -0.0026000014040619126 0.030411817133426663 0.004479205235838889
v -0.0026000014040619126 0.03637928515672683 0.004479205235838889
v -0.0026000014040619126 0.03049555048346519 0.004058253485709428
v -0.0026000014040619126 0.03637928515672683 0.0036373015027493234
v -0.0026000014040619126 0.0362955518066883 0.004058253485709428
v -0.0026000014040619126 0.030411817133426663 0.0036373015027493234
v -0.0026000014040619126 0.03849555179476737 0.004058253485709428
v -0.0026000014040619126 0.038411818444728844 0.0036373015027493234
v -0.0026000014040619126 0.0447205863893032 -0.0005478840903379022
v -0.0026000014040619126 0.038411818444728844 0.004479205235838889
v -0.0026000014040619126 0.02837928384542465 0.0036373015027493234
v -0.0026000014040619126 0.012054082006216047 0.003107360797002911
v -0.0026000014040619126 0.020617732778191563 0.003280435455963015
v -0.0026000014040619126 0.02097459882497787 0.003041985677555203
v -0.0026000014040619126 0.013063717633485792 0.0021305028349161144
v -0.0026000014040619126 0.0286177322268486 0.003280435455963015
v -0.0026000014040619126 0.022173369303345677 0.003280435455963015
v -0.0026000014040619126 0.013483470305800436 0.0015543940244242547
v -0.0026000014040619126 0.02139554917812347 0.002958253258839249
v -0.0026000014040619126 0.02181650139391422 0.003041985677555203
v -0.0026000014040619126 0.028974598273634907 0.003041985677555203
v -0.0026000014040619126 0.011480482295155523 0.0034982531797140832
v -0.0026000014040619126 0.014305270276963709 -0.0003894839901477098
v -0.0026000014040619126 0.029395550489425656 0.002958253258839249
v -0.0026000014040619126 0.014110515825450419 0.00027676345780491823
v -0.0026000014040619126 0.013834028504788874 0.0009339867392554878
v -0.0026000014040619126 0.014423630200326441 -0.0010736566036939619
v -0.0026000014040619126 0.014503849670290945 -0.0013416272122412918
v -0.0026000014040619126 0.015218333341181276 -0.0017817468615248797
v -0.0026000014040619126 0.014686133712530134 -0.0015790440374985335
v -0.0026000014040619126 0.014942920766770838 -0.0017328447429463265
v -0.0026000014040619126 0.03739554807543754 0.002958253258839249
v -0.0026000014040619126 0.029816500842571255 0.003041985677555203
v -0.0026000014040619126 0.030173368752002713 0.003280435455963015
v -0.0026000014040619126 0.03697459772229194 0.003041985677555203
v -0.0026000014040619126 0.03661773353815078 0.003280435455963015
v -0.0026000014040619126 0.03781650215387344 0.003041985677555203
v -0.0026000014040619126 0.038173366338014596 0.003280435455963015
v -0.0026000014040619126 0.04475098103284835 -0.0013644411228597162
v -0.0026000014040619126 0.04404845461249351 -0.0017817468615248797
v -0.0026000014040619126 0.0446244403719902 -0.0015366929583251474
v -0.0026000014040619126 0.04445701465010642 -0.0016695532249286769
v -0.0026000014040619126 0.04426024854183196 -0.00175302370917052
v -0.0026000014040619126 0.04481131583452224 -0.0007414067513309418
v -0.0026000014040619126 0.04482707753777503 -0.001164708752185106
v -0.0026000014040619126 0.044847901910543435 -0.0009519893792457878
v -0.00420000124722719 0.011480482295155523 0.0034982531797140832
v -0.0026000014040619126 0.012054082006216047 0.003107360797002911
v -0.0026000014040619126 0.011480482295155523 0.0034982531797140832
v -0.00420000124722719 0.012054258957505224 0.0031072534620761867
v -0.0026000014040619126 0.012580092065036295 0.002654136391356587
v -0.00420000124722719 0.01306387037038803 0.0021303554531186815
v -0.0026000014040619126 0.013063717633485792 0.0021305028349161144
v -0.00420000124722719 0.012580092065036295 0.002654136391356587
v -0.0026000014040619126 0.013483470305800436 0.0015543940244242547
v -0.00420000124722719 0.013483470305800436 0.0015543940244242547
v -0.00420000124722719 0.01383409835398197 0.0009337867377325891
v -0.0026000014040619126 0.014110515825450419 0.00027676345780491823
v -0.0026000014040619126 0.013834028504788874 0.0009339867392554878
v -0.00420000124722719 0.014305294491350649 -0.0003896905691362917
v -0.0026000014040619126 0.014423630200326441 -0.0010736566036939619
v -0.0026000014040619126 0.014305270276963709 -0.0003894839901477098
v -0.00420000124722719 0.014110515825450419 0.00027676345780491823
v -0.00420000124722719 0.014423630200326441 -0.0010736566036939619
v -0.00420000124722719 0.005395550746470689 0.001958253094926476
v -0.00420000124722719 0.00392893562093377 0.0030531974043697114
v -0.00420000124722719 0.0035287889186292882 0.0027250149287283416
v -0.00420000124722719 0.004974598996341228 0.0018745206762105224
v -0.00420000124722719 0.005395550746470689 0.0034982531797140832
v -0.00420000124722719 0.004880544263869523 0.003447366179898381
v -0.00420000124722719 0.004385266453027724 0.003297295188531279
v -0.00420000124722719 0.00581650249660015 0.0018745206762105224
v -0.00420000124722719 0.0032006064429879184 0.0023248679935932155
v -0.00420000124722719 0.004379283171147107 0.0012792049674317239
v -0.00420000124722719 0.0029565086588263507 0.0018685373943299053
v -0.00420000124722719 0.0028064374346286054 0.0013732598163187502
v -0.00420000124722719 0.0027555506676435466 0.0008582531008869408
v -0.00420000124722719 0.004295550752431153 0.0008582531008869408
v -0.00420000124722719 0.004617732949554919 0.0016360706649720667
v -0.00420000124722719 0.007795550860464572 0.0034982531797140832
v -0.00420000124722719 0.008090026676654814 0.003554422408342361
v -0.004199905786663292 0.008595550432801245 0.0034982531797140832
v -0.00420000124722719 0.008361235260963438 0.0037325678858906026
v -0.00420000124722719 0.00853938143700361 0.004003777634352445
v -0.004199953749775885 0.008595550432801245 0.00389825296588242
v -0.00420000124722719 0.008595550432801245 0.0042982529848814
v -0.00420000124722719 0.011480482295155523 0.0034982531797140832
v -0.00420000124722719 0.012054258957505224 0.0031072534620761867
v -0.00420000124722719 0.006173368077725171 0.0016360706649720667
v -0.00420000124722719 0.012580092065036295 0.002654136391356587
v -0.00420000124722719 0.006411817856132983 0.0012792049674317239
v -0.00420000124722719 0.013483470305800436 0.0015543940244242547
v -0.00420000124722719 0.006495550740510224 0.0008582531008869408
v -0.00420000124722719 0.01306387037038803 0.0021303554531186815
v -0.00420000124722719 0.01383409835398197 0.0009337867377325891
v -0.00420000124722719 0.011930653825402258 -0.0010005285730585454
v -0.00420000124722719 0.0028064374346286054 0.0003432465018704533
v -0.00420000124722719 0.004379283171147107 0.00043730137986131007
v -0.00420000124722719 0.0029565086588263507 -0.00015203111979644743
v -0.00420000124722719 0.004617732949554919 8.043567504500969e-05
v -0.00420000124722719 0.010954759083688257 -0.0014277738519012926
v -0.00420000124722719 0.006173368077725171 8.043567504500969e-05
v -0.00420000124722719 0.00581650249660015 -0.00015801435802131889
v -0.00420000124722719 0.011420589871704577 -0.0011636326089501379
v -0.00420000124722719 0.006411817856132983 0.00043730137986131007
v -0.00420000124722719 0.0032006064429879184 -0.0006083616754040121
v -0.00420000124722719 0.004974598996341228 -0.00015801435802131889
v -0.00420000124722719 0.0035287889186292882 -0.0010085088433697818
v -0.00420000124722719 0.00392893562093377 -0.001336690969765186
v -0.00420000124722719 0.005395550746470689 -0.0002417468786006793
v -0.00420000124722719 0.004385266453027724 -0.0015807888703420756
v -0.00420000124722719 0.005395550746470689 -0.0017817468615248797
v -0.00420000124722719 0.004880544263869523 -0.001730860094539821
v -0.00420000124722719 0.010552923195064066 -0.0017817468615248797
v -0.00420000124722719 0.01246331539005041 -0.0009453807142563163
v -0.00420000124722719 0.014110515825450419 0.00027676345780491823
v -0.00420000124722719 0.012995975092053412 -0.0010005285730585454
v -0.00420000124722719 0.014305294491350649 -0.0003896905691362917
v -0.00420000124722719 0.014423630200326441 -0.0010736566036939619
v -0.00420000124722719 0.013506039977073668 -0.0011636326089501379
v -0.00420000124722719 0.013971870765089987 -0.0014277738519012926
v -0.00420000124722719 0.014503849670290945 -0.0013416272122412918
v -0.00420000124722719 0.014373705722391604 -0.0017817468615248797
v -0.00420000124722719 0.014686133712530134 -0.0015790440374985335
v -0.00420000124722719 0.015218333341181276 -0.0017817468615248797
v -0.00420000124722719 0.014942920766770838 -0.0017328447429463265
v -0.00420000124722719 0.008090026676654814 0.003554422408342361
v -0.0064800013788044435 0.008090026676654814 0.003554422408342361
v -0.0064800013788044435 0.007795550860464572 0.0034982531797140832
v -0.00420000124722719 0.007795550860464572 0.0034982531797140832
v -0.0064800013788044435 0.008361235260963438 0.0037325678858906026
v -0.00420000124722719 0.008361235260963438 0.0037325678858906026
v -0.00420000124722719 0.00853938143700361 0.004003777634352445
v -0.0064800013788044435 0.008595550432801245 0.0042982529848814
v -0.0064800013788044435 0.00853938143700361 0.004003777634352445
v -0.00420000124722719 0.008595550432801245 0.0042982529848814
v -0.0026000014040619126 0.015218333341181276 -0.0017817468615248797
v -0.0026000014040619126 0.014942920766770838 -0.0017328447429463265
v -0.00420000124722719 0.014942920766770838 -0.0017328447429463265
v -0.00420000124722719 0.015218333341181276 -0.0017817468615248797
v -0.00420000124722719 0.014686133712530134 -0.0015790440374985335
v -0.0026000014040619126 0.014686133712530134 -0.0015790440374985335
v -0.0026000014040619126 0.014503849670290945 -0.0013416272122412918
v -0.00420000124722719 0.014503849670290945 -0.0013416272122412918
v 0.005279998760670422 0.014373705722391604 -0.0017817468615248797
v 0.004199998918920754 0.013971870765089987 -0.0014277738519012926
v 0.004199998918920754 0.014373705722391604 -0.0017817468615248797
v 0.005878590513020752 0.013549541123211382 -0.0011831549927592275
v 0.004199998918920754 0.012995975092053412 -0.0010005285730585454
v 0.004199998918920754 0.013506039977073668 -0.0011636326089501379
v 0.005610298365354536 0.014004561118781565 -0.0014514472568407653
v 0.00605481071397662 0.013025715015828608 -0.001006935257464647
v 0.006116365082561968 0.01246331539005041 -0.0009453807142563163
v 0.004199998918920754 0.01246331539005041 -0.0009453807142563163
v 0.005878590513020752 0.011377087794244288 -0.0011831549927592275
v 0.004199998918920754 0.011420589871704577 -0.0011636326089501379
v 0.004199998918920754 0.011930653825402258 -0.0010005285730585454
v 0.005279998760670422 0.010552923195064066 -0.0017817468615248797
v 0.004199998918920754 0.010552923195064066 -0.0017817468615248797
v 0.004199998918920754 0.010954759083688257 -0.0014277738519012926
v 0.005610298365354536 0.010922067798674105 -0.0014514472568407653
v 0.00605481071397662 0.011900913901627062 -0.001006935257464647
v -0.005878593306988476 0.013549541123211382 -0.0011831549927592275
v -0.00561030115932226 0.014004561118781565 -0.0014514472568407653
v -0.00420000124722719 0.013506039977073668 -0.0011636326089501379
v -0.00420000124722719 0.012995975092053412 -0.0010005285730585454
v -0.006054813042283056 0.013025715015828608 -0.001006935257464647
v -0.00420000124722719 0.01246331539005041 -0.0009453807142563163
v -0.00420000124722719 0.013971870765089987 -0.0014277738519012926
v -0.005280001088976858 0.014373705722391604 -0.0017817468615248797
v -0.00420000124722719 0.014373705722391604 -0.0017817468615248797
v -0.0061163674108684046 0.01246331539005041 -0.0009453807142563163
v -0.005878593306988476 0.011377087794244288 -0.0011831549927592275
v -0.006054813042283056 0.011900913901627062 -0.001006935257464647
v -0.00420000124722719 0.011930653825402258 -0.0010005285730585454
v -0.00561030115932226 0.010922067798674105 -0.0014514472568407653
v -0.00420000124722719 0.011420589871704577 -0.0011636326089501379
v -0.005280001088976858 0.010552923195064066 -0.0017817468615248797
v -0.00420000124722719 0.010954759083688257 -0.0014277738519012926
v -0.00420000124722719 0.010552923195064066 -0.0017817468615248797
v 0.00647999858483672 0.00581650249660015 -0.00015801435802131889
v 0.004199998918920754 0.00581650249660015 -0.00015801435802131889
v 0.00647999858483672 0.006411817856132983 0.00043730137986131007
v 0.004199998918920754 0.006411817856132983 0.00043730137986131007
v 0.004199998918920754 0.006173368077725171 8.043567504500969e-05
v 0.00647999858483672 0.006173368077725171 8.043567504500969e-05
v 0.00647999858483672 0.006495550740510224 0.0008582531008869408
v 0.004199998918920754 0.006495550740510224 0.0008582531008869408
v 0.00647999858483672 0.006173368077725171 0.0016360706649720667
v 0.004199998918920754 0.006173368077725171 0.0016360706649720667
v 0.004199998918920754 0.006411817856132983 0.0012792049674317239
v 0.004199998918920754 0.00581650249660015 0.0018745206762105224
v 0.00647999858483672 0.00581650249660015 0.0018745206762105224
v 0.00647999858483672 0.006411817856132983 0.0012792049674317239
v 0.00647999858483672 0.04741650447249412 -0.00015801435802131889
v 0.004199998918920754 0.04741650447249412 -0.00015801435802131889
v 0.00647999858483672 0.04801181703805923 0.00043730137986131007
v 0.004199998918920754 0.04801181703805923 0.00043730137986131007
v 0.004199998918920754 0.04777336865663528 8.043567504500969e-05
v 0.00647999858483672 0.04777336865663528 8.043567504500969e-05
v 0.00647999858483672 0.048095550388097756 0.0008582531008869408
v 0.004199998918920754 0.048095550388097756 0.0008582531008869408
v 0.00647999858483672 0.04777336865663528 0.0016360706649720667
v 0.004199998918920754 0.04777336865663528 0.0016360706649720667
v 0.004199998918920754 0.04801181703805923 0.0012792049674317239
v 0.004199998918920754 0.04741650447249412 0.0018745206762105224
v 0.00647999858483672 0.04741650447249412 0.0018745206762105224
v 0.00647999858483672 0.04801181703805923 0.0012792049674317239
v 0.006459998432546852 0.03781650215387344 0.003041985677555203
v 0.0025999986100941888 0.03781650215387344 0.003041985677555203
v 0.006459998432546852 0.038411818444728844 0.0036373015027493234
v 0.0025999986100941888 0.038411818444728844 0.0036373015027493234
v 0.0025999986100941888 0.038173366338014596 0.003280435455963015
v 0.006459998432546852 0.038173366338014596 0.003280435455963015
v 0.0025999986100941888 0.03849555179476737 0.004058253485709428
v 0.006459998432546852 0.03849555179476737 0.004058253485709428
v 0.006459998432546852 0.038173366338014596 0.004836070351302623
v 0.0025999986100941888 0.038173366338014596 0.004836070351302623
v 0.0025999986100941888 0.038411818444728844 0.004479205235838889
v 0.0025999986100941888 0.03781650215387344 0.005074520595371722
v 0.006459998432546852 0.03781650215387344 0.005074520595371722
v 0.006459998432546852 0.038411818444728844 0.004479205235838889
v 0.006459998432546852 0.02181650139391422 0.003041985677555203
v 0.0025999986100941888 0.02181650139391422 0.003041985677555203
v 0.006459998432546852 0.022173369303345677 0.003280435455963015
v 0.0025999986100941888 0.022411817684769627 0.0036373015027493234
v 0.0025999986100941888 0.022173369303345677 0.003280435455963015
v 0.006459998432546852 0.022411817684769627 0.0036373015027493234
v 0.0025999986100941888 0.022495551034808155 0.004058253485709428
v 0.006459998432546852 0.022495551034808155 0.004058253485709428
v 0.006459998432546852 0.022173369303345677 0.004836070351302623
v 0.0025999986100941888 0.022173369303345677 0.004836070351302623
v 0.0025999986100941888 0.022411817684769627 0.004479205235838889
v 0.006459998432546852 0.02181650139391422 0.005074520595371722
v 0.0025999986100941888 0.02181650139391422 0.005074520595371722
v 0.006459998432546852 0.022411817684769627 0.004479205235838889
v 0.006459998432546852 0.029816500842571255 0.003041985677555203
v 0.0025999986100941888 0.029816500842571255 0.003041985677555203
v 0.006459998432546852 0.030173368752002713 0.003280435455963015
v 0.0025999986100941888 0.030411817133426663 0.0036373015027493234
v 0.0025999986100941888 0.030173368752002713 0.003280435455963015
v 0.006459998432546852 0.030411817133426663 0.0036373015027493234
v 0.0025999986100941888 0.03049555048346519 0.004058253485709428
v 0.006459998432546852 0.03049555048346519 0.004058253485709428
v 0.006459998432546852 0.030173368752002713 0.004836070351302623
v 0.0025999986100941888 0.030173368752002713 0.004836070351302623
v 0.0025999986100941888 0.030411817133426663 0.004479205235838889
v 0.006459998432546852 0.029816500842571255 0.005074520595371722
v 0.0025999986100941888 0.029816500842571255 0.005074520595371722
v 0.006459998432546852 0.030411817133426663 0.004479205235838889
v -0.00420000124722719 0.00581650249660015 -0.00015801435802131889
v -0.0064800013788044435 0.00581650249660015 -0.00015801435802131889
v -0.00420000124722719 0.006411817856132983 0.00043730137986131007
v -0.0064800013788044435 0.006411817856132983 0.00043730137986131007
v -0.0064800013788044435 0.006173368077725171 8.043567504500969e-05
v -0.00420000124722719 0.006173368077725171 8.043567504500969e-05
v -0.00420000124722719 0.006495550740510224 0.0008582531008869408
v -0.0064800013788044435 0.006495550740510224 0.0008582531008869408
v -0.00420000124722719 0.006173368077725171 0.0016360706649720667
v -0.0064800013788044435 0.006173368077725171 0.0016360706649720667
v -0.0064800013788044435 0.006411817856132983 0.0012792049674317239
v -0.0064800013788044435 0.00581650249660015 0.0018745206762105224
v -0.00420000124722719 0.00581650249660015 0.0018745206762105224
v -0.00420000124722719 0.006411817856132983 0.0012792049674317239
v -0.00420000124722719 0.04741650447249412 -0.00015801435802131889
v -0.0064800013788044435 0.04741650447249412 -0.00015801435802131889
v -0.00420000124722719 0.04801181703805923 0.00043730137986131007
v -0.0064800013788044435 0.04801181703805923 0.00043730137986131007
v -0.0064800013788044435 0.04777336865663528 8.043567504500969e-05
v -0.00420000124722719 0.04777336865663528 8.043567504500969e-05
v -0.00420000124722719 0.048095550388097756 0.0008582531008869408
v -0.0064800013788044435 0.048095550388097756 0.0008582531008869408
v -0.00420000124722719 0.04777336865663528 0.0016360706649720667
v -0.0064800013788044435 0.04777336865663528 0.0016360706649720667
v -0.0064800013788044435 0.04801181703805923 0.0012792049674317239
v -0.0064800013788044435 0.04741650447249412 0.0018745206762105224
v -0.00420000124722719 0.04741650447249412 0.0018745206762105224
v -0.00420000124722719 0.04801181703805923 0.0012792049674317239
v -0.0026000014040619126 0.03781650215387344 0.003041985677555203
v -0.0064600016921758634 0.03781650215387344 0.003041985677555203
v -0.0026000014040619126 0.038411818444728844 0.0036373015027493234
v -0.0064600016921758634 0.038411818444728844 0.0036373015027493234
v -0.0064600016921758634 0.038173366338014596 0.003280435455963015
v -0.0026000014040619126 0.038173366338014596 0.003280435455963015
v -0.0026000014040619126 0.03849555179476737 0.004058253485709428
v -0.0064600016921758634 0.03849555179476737 0.004058253485709428
v -0.0026000014040619126 0.038173366338014596 0.004836070351302623
v -0.0064600016921758634 0.038173366338014596 0.004836070351302623
v -0.0064600016921758634 0.038411818444728844 0.004479205235838889
v -0.0064600016921758634 0.03781650215387344 0.005074520595371722
v -0.0026000014040619126 0.03781650215387344 0.005074520595371722
v -0.0026000014040619126 0.038411818444728844 0.004479205235838889
v -0.0064600016921758634 0.02181650139391422 0.003041985677555203
v -0.0026000014040619126 0.022411817684769627 0.0036373015027493234
v -0.0064600016921758634 0.022411817684769627 0.0036373015027493234
v -0.0064600016921758634 0.022173369303345677 0.003280435455963015
v -0.0026000014040619126 0.02181650139391422 0.003041985677555203
v -0.0026000014040619126 0.022173369303345677 0.003280435455963015
v -0.0064600016921758634 0.022495551034808155 0.004058253485709428
v -0.0026000014040619126 0.022495551034808155 0.004058253485709428
v -0.0026000014040619126 0.022411817684769627 0.004479205235838889
v -0.0064600016921758634 0.022173369303345677 0.004836070351302623
v -0.0064600016921758634 0.022411817684769627 0.004479205235838889
v -0.0064600016921758634 0.02181650139391422 0.005074520595371722
v -0.0026000014040619126 0.022173369303345677 0.004836070351302623
v -0.0026000014040619126 0.02181650139391422 0.005074520595371722
v -0.0064600016921758634 0.029816500842571255 0.003041985677555203
v -0.0026000014040619126 0.030411817133426663 0.0036373015027493234
v -0.0064600016921758634 0.030411817133426663 0.0036373015027493234
v -0.0064600016921758634 0.030173368752002713 0.003280435455963015
v -0.0026000014040619126 0.029816500842571255 0.003041985677555203
v -0.0026000014040619126 0.030173368752002713 0.003280435455963015
v -0.0064600016921758634 0.03049555048346519 0.004058253485709428
v -0.0026000014040619126 0.03049555048346519 0.004058253485709428
v -0.0026000014040619126 0.030411817133426663 0.004479205235838889
v -0.0064600016921758634 0.030173368752002713 0.004836070351302623
v -0.0064600016921758634 0.030411817133426663 0.004479205235838889
v -0.0064600016921758634 0.029816500842571255 0.005074520595371722
v -0.0026000014040619126 0.030173368752002713 0.004836070351302623
v -0.0026000014040619126 0.029816500842571255 0.005074520595371722
v 7.999865920282898e-05 0.011795550584793089 0.010858252644538878
v 0.0008375396137125787 0.011795550584793089 0.010841611772775648
v 7.999865920282898e-05 0.016124889254570004 0.011364728212356566
v 0.0012768979649990793 0.011795552447438238 0.01081586256623268
v 0.0008697698940522966 0.016124980524182316 0.011342727579176424
v 0.0016552396118640893 0.016125243157148358 0.011277263984084128
v 0.0017246548086404794 0.020465452224016186 0.011665310710668562
v 7.999865920282898e-05 0.020464822649955746 0.011770495213568209
v 0.0032404514495283357 0.016126193106174466 0.011018174700438975
v 0.00244320835918188 0.01612565293908119 0.011169148609042166
v 0.0024624667130410663 0.011796037666499613 0.010690008290112017
v 0.0015825523296371098 0.011795677244663237 0.010783415287733076
v 0.0015918146818876262 0.011795680969953535 0.010782431811094282
v 0.002314270706847309 0.011795977130532263 0.010705740191042422
v 0.0023327949456870547 0.01179598458111286 0.010703774169087408
v 0.0025531763676553956 0.020466184243559834 0.011535847559571264
v 0.0033431986812502133 0.011797509156167505 0.010533424094319342
v 0.004053257405757902 0.016126841306686398 0.010821497067809103
v 0.004886995069682596 0.016127577051520344 0.010568956844508646
v 0.0046516219154000265 0.011802931316196917 0.010211889632046221
v 0.004796599969267843 0.011803635396063326 0.010173412971198557
v 0.0057192514650523645 0.016128379851579663 0.010176201350986956
v 0.005345292389392851 0.011810244992375372 0.009934530593454836
v 0.006494670175015925 0.01612923108041286 0.009622580371797083
v 0.006216564215719698 0.011835043318569658 0.009353605099022387
v 0.006335592828691004 0.011839534156024454 0.009261508472263811
v 0.0067588114179670785 0.011865791864693163 0.008840871974825857
v 0.0031964101362973443 0.011797264218330382 0.010559521615505217
v 0.003389186458662151 0.020467145368456837 0.011356533505022524
v 0.0009010968497022983 0.02046498656272888 0.011743974871933459
v 7.999865920282898e-05 0.02481300942599773 0.012075362727046011
v 0.002655609278008341 0.02481477707624435 0.011808669194579123
v 0.003525063861161469 0.024816026911139485 0.01160597801208496
v 0.001790586626157164 0.024813825264573094 0.01195570547133684
v 0.0009315194329246875 0.024813221767544743 0.012045166455209253
v 7.999865920282898e-05 0.029167102649807927 0.012279139831662176
v 0.0009610363631509241 0.02916733920574188 0.012246114201843737
v 0.0018530307570472353 0.02916801162064075 0.012148263864219187
v 0.00275049777701497 0.029169064015150067 0.011987438425421713
v 0.0036480675917118775 0.029170449823141095 0.0117663387209177
v 0.004235146101564167 0.02046830207109451 0.011127077043056486
v 0.0043977848254144174 0.024817528203129765 0.011349698528647421
v 0.005092304199934004 0.02046961151063442 0.010840241797268389
v 0.003926732111722229 0.011799409054219721 0.01040427479892969
v 0.004216688219457863 0.011800819076597689 0.010327320545911787
v 0.00593391479924321 0.020471043884754177 0.010417356155812739
v 0.005859478842467068 0.011821571737527846 0.009629894979298113
v 0.006711895577609536 0.0204725619405508 0.009841460734605787
v 0.005271103233098982 0.024819230660796162 0.011035338044166563
v 0.0061141429468989355 0.024821093305945393 0.010589708574116228
v 0.004541148897260426 0.029172113165259358 0.011489207856357096
v 0.006886293645948169 0.02482306025922298 0.00999935995787382
v 0.007552284281700847 0.024825092405080792 0.009283666498959063
v 0.007382603827863929 0.020474124699831005 0.009134139865636824
v 0.006259891204535959 0.029176065698266026 0.010693129152059553
v 0.005423359107226132 0.029174003750085827 0.011154101230204104
v 0.007161444053053853 0.01613010838627815 0.008931696414947508
v 0.007017811760306356 0.029178248718380925 0.010096163488924502
v 0.007682088762521741 0.016130991280078884 0.008146528154611586
v 0.00791322253644466 0.020475698634982106 0.008331974968314169
v 0.007128463126718995 0.011902528814971445 0.008369771763682364
v 0.007677653338760135 0.012018282897770403 0.007312741596251725
v 0.007797439116984603 0.012051805853843687 0.007040604483336209
v 0.008065750822424885 0.016131861135363575 0.007321717683225869
v 0.008380446583032605 0.01613269373774528 0.006487135309725999
v 0.007917224429547783 0.012085327878594397 0.006768466904759406
v 0.0074380817823111985 0.011951238848268984 0.007857017219066618
v 0.007283272687345741 0.011926883831620215 0.008113394491374491
v 0.008311798796057698 0.020477250218391415 0.007483462337404489
v 0.008641722612082955 0.0204787366092205 0.006621623877435922
v 0.008287191390991207 0.012268029153347014 0.005644256249070167
v 0.008631600998342034 0.01613347418606281 0.005645644385367631
v 0.008416905999183651 0.012383725494146345 0.005075691733509301
v 0.00890645198523998 0.020480126142501828 0.0057511264458298674
v 0.008622573688626286 0.01264054700732231 0.003933236002922057
v 0.008698527701199051 0.012781674042344092 0.0033593457192182537
v 0.008946032263338562 0.016134785488247868 0.003947710618376731
v 0.00930248666554689 0.02048333920538425 0.0031200526282191272
v 0.009008910506963726 0.016135277226567265 0.0030934079550206657
v 0.008546618744730946 0.012499419972300528 0.0045071267522871486
v 0.0088200569152832 0.01613417826592922 0.004798776470124721
v 0.009105440229177472 0.02048137970268726 0.0048753092996776095
v 0.008102208375930783 0.012176678515970705 0.006206361111253499
v 0.00923785753548145 0.020482463762164112 0.003997293766587972
v 0.008084161207079884 0.024827139452099797 0.008472627960145472
v 0.008489076979458329 0.024829151108860966 0.007608405780047177
v 0.008825999684631821 0.02483108267188072 0.006726983468979596
v 0.009096613153815266 0.024832887575030323 0.005834645591676234
v 0.008597500622272488 0.029185000807046887 0.007696478627622127
v 0.00893317814916372 0.029187142848968502 0.006803160067647695
v 0.00908399652689695 0.02847443893551826 0.0062744556926190844
v 0.009137474000453946 0.028060162439942356 0.006052416749298572
v 0.008194830268621441 0.029182769358158108 0.008568405173718928
v 0.007670420221984384 0.029180502519011494 0.009380177594721316
v 0.009299191646277901 0.02483451925218105 0.004936350975185632
v 0.00943205505609512 0.02483592368662357 0.004036974161863326
v 0.009283757768571373 0.02740296348929405 0.005396011751145124
v 0.00943202897906303 0.02704435400664806 0.00453978357836604
v 0.009493589401245114 0.0248370636254549 0.003141311695799231
v 0.009530889801681038 0.02703919820487499 0.003604453522711992
v 0.009490034542977806 0.026995593681931492 0.004072548355907201
v 0.009206675924360749 0.02769840136170387 0.005755214951932429
v 0.009361558593809601 0.02718151360750198 0.004984552972018718
v 0.009553764946758744 0.027173023670911785 0.003152511082589626
v 0.009052803739905354 0.02892428264021873 0.006411528680473565
v 7.999865920282898e-05 0.0335247553884983 0.012381670065224169
v 0.000989647000096738 0.033524986356496804 0.01234665885567665
v 0.001911984174512326 0.03352564200758933 0.012242831289768217
v 0.0028378351125866166 0.03352667018771171 0.012072007171809672
v 7.999865920282898e-05 0.037883616983890527 0.012382940389215944
v 0.0010173518676310773 0.037883810698986047 0.01234679017215967
v 0.001967449439689516 0.03788435831665992 0.012239398434758185
v 7.999865920282898e-05 0.04224133118987083 0.012282981537282465
v 0.0029176275711506596 0.037885222584009164 0.012062364257872103
v 0.0037581857759505497 0.03352802246809005 0.011837477795779703
v 0.0038554288912564503 0.037886355072259896 0.011819384992122648
v 0.002989884000271558 0.04224233701825141 0.011958537623286246
v 0.002019431209191679 0.042241796851158135 0.012137992307543753
v 0.004665222484618424 0.03352964669466018 0.011545472778379915
v 0.006371129769831894 0.033533506095409386 0.010727509856224058
v 0.007106411736458537 0.03353563696146011 0.010131773538887499
v 0.005549049004912375 0.03353149071335792 0.011196409352123736
v 0.004770020022988318 0.037887714803218835 0.011518484912812708
v 0.005648192018270491 0.037889260798692696 0.011162256821990011
v 0.006447885185480116 0.0378909483551979 0.010692843236029146
v 0.007152126170694825 0.03789273649454116 0.010106185451149939
v 0.007736965082585809 0.0335378348827362 0.009423591196537016
v 0.0077519598416984055 0.0378945805132389 0.009413899853825567
v 0.003939813002943991 0.04224305227398872 0.01171208545565605
v 0.0010441523045301433 0.04224145412445068 0.012246537953615187
v 0.0009827226167544718 0.046590991318225854 0.012052316218614577
v 0.002783213043585419 0.046554926782846444 0.011818974278867243
v 0.003664904041215776 0.046523604542016976 0.011616304516792296
v 0.001886905170977115 0.04657740518450736 0.011964432895183561
v 7.999865920282898e-05 0.04659554734826087 0.012081822380423544
v 0.004532973282039164 0.046483572572469704 0.01135729346424341
v 0.004855564795434473 0.042243905365467065 0.011408268474042414
v 0.0057208221405744535 0.042244873940944665 0.011051665060222147
v 0.006490201223641632 0.042245935648679726 0.010589148849248884
v 0.007155009079724548 0.04224705696105956 0.010019415989518164
v 0.005384825635701416 0.04643497616052627 0.011042852886021136
v 0.00619054166600108 0.04637233540415763 0.010637554340064524
v 0.006910895928740499 0.04628757387399673 0.010089111514389513
v 0.007513294927775857 0.04618479683995246 0.009424109011888502
v 0.007715468760579822 0.042248215526342385 0.009351118467748163
v 0.008245175704360005 0.033540047705173485 0.008619233965873717
v 0.008963190950453278 0.03354431688785552 0.006850108038634061
v 0.00904773827642202 0.029395552352070805 0.006458253134042024
v 0.008637008257210251 0.033542226999998086 0.007747622672468423
v 0.009069741703569886 0.02986429817974567 0.006412032060325145
v 0.00823524501174688 0.037896431982517235 0.008625109679996966
v 0.008607652969658371 0.03789826110005378 0.007761834189295768
v 0.009116403758525845 0.03031506761908531 0.006275117862969636
v 0.009182146750390526 0.030727429315447804 0.006054420955479144
v 0.008916097693145272 0.03790001198649406 0.006867823190987109
v 0.00925980135798454 0.03108853660523891 0.005759370047599076
v 0.009222478605806824 0.03354626893997192 0.0059356391429901114
v 0.009411375969648358 0.033548038452863686 0.005011847708374261
v 0.009341865777969357 0.031385894864797585 0.005399347748607396
v 0.00941994413733482 0.031607244163751595 0.00499013578519225
v 0.009527117013931271 0.03354955837130546 0.004086553119122981
v 0.009487943723797795 0.031746320426464074 0.004541850648820399
v 0.00953988544642925 0.03179549053311347 0.004074860364198684
v 0.009573049843311306 0.03175236284732818 0.0036050209309905763
v 0.009158170782029625 0.03790164738893508 0.005953075364232062
v 0.008165111765265461 0.042249381542205804 0.00858604535460472
v 0.008509521372616288 0.04225052893161773 0.007739124353975057
v 0.008791996166110035 0.042251627892255776 0.006856314837932586
v 0.007987061515450474 0.04606622457504272 0.008656896650791166
v 0.008325398899614807 0.045938249677419656 0.007828862406313418
v 0.008594005368649956 0.04580643028020858 0.0069759408943355075
v 0.008800696581602093 0.04567164182662963 0.0061038052663207045
v 0.009009164758026596 0.04225265607237815 0.005948477890342473
v 0.00932979770004749 0.03790312632918357 0.005026277154684066
v 0.009156577289104458 0.04225358366966247 0.0050251642242074
v 0.009427970275282856 0.037904400378465646 0.004096435382962226
v 0.009567898698151108 0.03355079144239425 0.0031676343642175193
v 0.009451094083487984 0.03790543600916862 0.0031726886518299575
v 0.00923118460923433 0.04225438460707664 0.00409638276323676
v 0.00894262176007032 0.04553592205047607 0.005225650966167449
v 0.009020337834954258 0.045399568974971764 0.004343393724411725
v 0.009033296257257458 0.045262575149536126 0.0034569983836263414
v 0.009231803007423874 0.04225503280758857 0.003172339871525764
v 0.00900732725858688 0.01613563112914562 0.0022367527708411212
v 0.008720298297703263 0.012948268093168734 0.0027846179436892267
v 0.008742069825530049 0.013114864006638525 0.0022098901681601997
v 0.00929776672273874 0.02048397064208984 0.0022464895155280824
v 0.008939107879996296 0.016135828569531437 0.001378766377456486
v 0.009221731685101982 0.020484322682023045 0.0013795570703223345
v 0.00858264788985252 0.013702233321964739 0.0005322775105014442
v 0.008488424122333523 0.013912145979702471 -1.8602020645630543e-05
v 0.008798882365226742 0.016135878860950467 0.0005202845786698161
v 0.00856347661465406 0.01613606698811054 -0.00033826139406301076
v 0.008676871657371518 0.013492322526872156 0.0010831571416929362
v 0.009069290943443772 0.020484417676925656 0.0005204612389206885
v 0.008154249750077721 0.01436379551887512 -0.0010745055042207239
v 0.008230590261518952 0.01613642834126949 -0.0011863763211295006
v 0.008457593619823452 0.02048552222549915 -0.001200632657855749
v 0.00780388433486223 0.01613693870604038 -0.002011788077652454
v 0.0076912590302526925 0.014830914326012133 -0.0020596138201653953
v 0.008002496324479576 0.02048654109239578 -0.0020411326549947257
v 0.007355482317507264 0.01603421382606029 -0.0026994191575795408
v 0.008815025910735127 0.020484790205955502 -0.00034233622136525804
v 0.009482236579060551 0.02483788318932056 0.002254099585115909
v 0.009396441280841824 0.024838339537382122 0.0013800330925732849
v 0.00955945439636707 0.02739402279257774 0.0027339118532836433
v 0.009551773779094216 0.027693403884768483 0.0023663041647523637
v 0.009536386467516419 0.0280572697520256 0.002066017128527164
v 0.009519493207335469 0.02847402915358543 0.0018422206630930302
v 0.009507031179964539 0.02892428264021873 0.0017049774760380385
v 0.009463101625442501 0.02919518947601318 0.0013801938621327279
v 0.009231721051037308 0.02483846805989742 0.000520958041306585
v 0.008961594663560387 0.02483900263905525 -0.00034259902895428235
v 0.008585479110479351 0.024840051308274266 -0.0012042438611388204
v 0.00745599530637264 0.020487783476710316 -0.0028505884110927577
v 0.00682679936289787 0.02048918232321739 -0.003616678528487682
v 0.006936945486813781 0.01721756905317306 -0.003328620688989758
v 0.008110183291137215 0.02484151534736156 -0.0020502877887338396
v 0.009286040440201756 0.02919533662497997 0.000521775335073471
v 0.009003052487969395 0.029195982962846753 -0.0003390458296053111
v 0.0075431698933243726 0.024843297898769375 -0.0028671422041952606
v 0.006894009653478858 0.024845302104949948 -0.003642169758677482
v 0.008126831613481041 0.02919901348650455 -0.0020392325241118665
v 0.008614125661551949 0.02919724583625793 -0.0011971989879384635
v 0.006777814123779533 0.017513530328869816 -0.0035315642599016424
v 0.007549294270575044 0.029201164841651913 -0.002851847559213638
v 0.006569604389369485 0.017739823088049885 -0.003772608703002333
v 0.006326422560960053 0.017900209873914715 -0.004030534997582435
v 0.0025190114974975577 0.01800228841602802 -0.00639642123132944
v 0.002788494108244776 0.020496139302849766 -0.0064007327891886226
v 0.0032956274226307856 0.01800228841602802 -0.006101579871028661
v 0.0017183684976771467 0.01800228841602802 -0.006616066209971904
v 0.0018836701055988663 0.020497055724263188 -0.00668154889717698
v 0.0009056977578438815 0.01800228841602802 -0.006752935238182544
v 0.0009763888665474948 0.02049765177071094 -0.00685381656512618
v 7.999865920282898e-05 0.01800228841602802 -0.006800463888794183
v 0.00612411182373762 0.020490666851401326 -0.004327449016273021
v 0.006172696128487585 0.024847434833645817 -0.0043630730360746375
v 0.005420685280114411 0.01800228841602802 -0.004832854960113763
v 0.005357367452234028 0.020492173731327053 -0.004971037153154611
v 0.006057125516235827 0.01800228841602802 -0.004292902536690234
v 0.0047452431172132475 0.01800228841602802 -0.005316772032529115
v 0.005389417987316845 0.024849593639373776 -0.00501764379441738
v 0.006163408048450945 0.029206154868006703 -0.004339847248047589
v 0.004555919673293827 0.02485168911516666 -0.005595115479081868
v 0.00453780824318528 0.02049363404512405 -0.005537152756005525
v 0.0036774885375052677 0.020494978874921795 -0.006016725674271583
v 0.003684647614136337 0.024853616952896115 -0.00608580745756626
v 0.004539992194622753 0.029211286455392834 -0.0055664610117673865
v 0.005375702399760483 0.029208760708570477 -0.004991297144442796
v 0.004037044476717709 0.01800228841602802 -0.005740377586334943
v 0.0027880794368684283 0.024855285882949826 -0.006480080075561999
v 0.0009721200331114229 0.02485745586454868 -0.006947763264179229
v 7.999865920282898e-05 0.02123070694506168 -0.006937379483133554
v 0.0018793563358485692 0.024856597185134884 -0.006769531872123479
v 0.002773786894977092 0.02921562828123569 -0.006449322681874036
v 0.0018685136456042522 0.02921720966696739 -0.00673884805291891
v 7.999865920282898e-05 0.024461317807435986 -0.007005028892308473
v 7.999865920282898e-05 0.027692636474967 -0.0070033594965934745
v 0.0009661288349889216 0.02921824529767036 -0.006917444057762622
v 0.003668578807264565 0.029213612899184224 -0.006055677775293588
v 0.006891406606882808 0.029203582555055615 -0.00362272304482758
v 0.0095097878947854 0.029865954071283337 0.0017051189206540582
v 0.009503128007054325 0.029395552352070805 0.0016582531388849018
v 0.00942161679267883 0.03355217352509498 0.0013800387969240544
v 0.009547088295221325 0.030734503641724583 0.0020664695184677835
v 0.009525530040264126 0.030317766591906544 0.0018425098387524483
v 0.009586992673575875 0.03161745890974998 0.0031509990803897376
v 0.00958401151001453 0.031397227197885506 0.002734137931838631
v 0.00953277293592691 0.033551678061485284 0.0022629240993410345
v 0.009568648412823674 0.031097954139113423 0.0023665612097829576
v 0.009398829191923138 0.03790618106722831 0.002264134585857391
v 0.00923215132206678 0.03355232253670692 0.0005229133530519902
v 0.008543442934751507 0.03355432674288749 -0.001179491984657943
v 0.008052358403801915 0.033556181937456124 -0.0020079556852579112
v 0.00893930438905954 0.03355300053954124 -0.00033167455694638187
v 0.009070138446986672 0.03790672123432159 0.0005243715131655334
v 0.008770434185862538 0.03790732845664024 -0.00032049173023551697
v 0.007474296260625121 0.03355843946337699 -0.0028046879451721902
v 0.007886836305260655 0.03791017085313796 -0.0019564917311072345
v 0.008373509161174294 0.03790851309895515 -0.001151141128502786
v 0.009272071532905098 0.03790659457445144 0.0013795680133625863
v 0.009158901870250698 0.04225549846887588 0.002263211645185947
v 0.009014598093926903 0.04225576296448707 0.0013787815114483235
v 0.008800135925412175 0.04225584119558334 0.000526149000506848
v 0.008979853242635723 0.0451248213648796 0.002565697534009814
v 0.008858766406774517 0.04498786106705665 0.0016794848488643763
v 0.008669571019709107 0.04485350474715232 0.0008101889980025588
v 0.008399952203035351 0.04472242668271064 -3.796769669861532e-05
v 0.008496570400893685 0.04225624725222587 -0.00030550625524483616
v 0.008104448206722733 0.042257033288478844 -0.001112171448767185
v 0.007318239659070966 0.03791218623518943 -0.0027257171459496017
v 0.006818926893174646 0.03356098011136054 -0.0035583134740591045
v 0.006676624994724986 0.03791445866227149 -0.003449018113315105
v 0.007630378473550079 0.04225813597440719 -0.001884888741187751
v 0.0070812236517667744 0.04225947335362434 -0.0026150103658437725
v 0.008038938045501706 0.044595185667276376 -0.0008612482342869042
v 0.007597884628921745 0.0444747544825077 -0.0016404832713305948
v 0.00708475289866328 0.044362124055624 -0.0023692424874752756
v 0.006096195895224808 0.03356368094682693 -0.004257738590240478
v 0.0053161797113716585 0.033566415309906 -0.004891956690698861
v 0.0044899974018335325 0.033569067716598504 -0.005451141390949487
v 0.005971104837954043 0.0379168689250946 -0.004116848111152648
v 0.0052108843810856325 0.03791931271553039 -0.004719747696071862
v 0.005788207519799469 0.04226258397102355 -0.003917314112186431
v 0.004405959974974392 0.03792168200016021 -0.005249304696917533
v 0.005059875082224606 0.04226420819759368 -0.004474840592592954
v 0.003629261394962667 0.033571511507034295 -0.005926282610744237
v 0.006464588455855845 0.042260982096195214 -0.0032949426677078004
v 0.0027456043753772965 0.03357362747192382 -0.006308400537818669
v 0.003566713538020848 0.03792386502027511 -0.005697790998965501
v 0.0009584136423654851 0.03357637301087379 -0.006762790959328412
v 7.999865920282898e-05 0.030923174694180485 -0.006932321470230817
v 0.0018511363305151456 0.033575288951396935 -0.006589433643966912
v 0.0027035423554480067 0.03792575374245643 -0.006057501304894685
v 0.00182722951285541 0.03792723640799522 -0.006321490742266177
v 0.0009489757940173146 0.037928208708763116 -0.006484016776084899
v 7.999865920282898e-05 0.034151442348957055 -0.006791943684220313
v 7.999865920282898e-05 0.03737595677375793 -0.00658234255388379
v 0.004287923220545052 0.04226578027009963 -0.004961154423654079
v 0.006501279771327971 0.04425710439682006 -0.00304874125868082
v 0.0051493877544999105 0.04407368227839469 -0.004235547501593827
v 0.003480963874608277 0.04226723313331603 -0.005370436236262321
v 0.005851020105183123 0.04416020587086677 -0.003675736021250486
v 0.004398373886942862 0.04399766027927398 -0.004727448802441358
v 0.0035981319379061447 0.04393257200717925 -0.00514858542010188
v 0.00264761853031814 0.042268488556146615 -0.0056968838907778254
v 0.001796801341697573 0.04226947203278541 -0.0059352973476052276
v 0.0027580717578530303 0.043879814445972436 -0.005489955656230449
v 0.0009378175018355247 0.04227011650800704 -0.00608141254633665
v 7.999865920282898e-05 0.04059523344039916 -0.006303639151155948
v 0.0018860506825149053 0.04384064674377441 -0.005743384361267089
v 0.000986399943940341 0.04381612315773963 -0.005902066826820373
v 7.999865920282898e-05 0.04380779340863227 -0.005955954082310199
v 0.0018696823390200728 0.011795794591307638 0.010752934962511061
v 0.0015732900938019152 0.011795673519372938 0.01078439876437187
v 0.0017214862164109939 0.011795734986662863 0.010768666863441466
v 0.0016473882133141154 0.0117957042530179 0.010776532813906668
v 0.0016103391535580154 0.011795688420534132 0.010780465789139269
v 0.0021660744678229085 0.011795916594564913 0.010721472091972826
v 0.002388368593528866 0.01179600693285465 0.01069787424057722
v 0.002351319417357444 0.011795992031693457 0.01070180721580982
v 0.0030496211256831876 0.011797019280493258 0.010585618205368517
v 0.0036367760039865958 0.011798000894486902 0.010481228120625017
v 0.0031230158638209096 0.011797142215073107 0.01057256944477558
v 0.0030863187275826922 0.011797079816460608 0.010579094290733336
v 0.0038542428519576775 0.011799057014286516 0.010423513129353522
v 0.0037817540578544127 0.011798704974353312 0.010442751459777353
v 0.004506644327193497 0.011802227236330507 0.010250366292893885
v 0.005602385383099316 0.011815907433629034 0.009782212786376475
v 0.005473839119076727 0.011813076213002203 0.009858371689915655
v 0.00609753606840968 0.011830552481114863 0.009445700794458388
v 0.006943637039512393 0.011884160339832304 0.00860532186925411
v 0.007146213669329879 0.01662589237093925 -0.0030140199232846494
v 0.007250848226249215 0.016330054029822346 -0.002856719540432095
v -0.0007163915433920918 0.019624968990683552 -0.006017045583575963
v -0.001555300434119999 0.020436367020010945 -0.005896408110857009
v -0.0007198473322205243 0.01800228841602802 -0.005949040409177541
v -0.0017765072407200926 0.01800228841602802 -0.005736302118748426
v -0.002401650883257388 0.020432662218809124 -0.005628825165331363
v -0.0027960168663412324 0.01800228841602802 -0.005375915672630071
v -0.0022862621117383233 0.01800228841602802 -0.005556108895689248
v -0.0032381161581724873 0.02042886801064014 -0.005259707104414701
v -0.0023963949643075457 0.024773662909865376 -0.005711558274924754
v -0.004649618174880741 0.01800228841602802 -0.004292902536690234
v -0.003752677235752343 0.01800228841602802 -0.004892169963568448
v -0.004051101859658955 0.02042559906840324 -0.004795263055711984
v -0.0032743471674621092 0.01800228841602802 -0.0051340428180992595
v -0.00554703129455447 0.02042211219668388 -0.003618929767981171
v -0.00569963827729225 0.01721756905317306 -0.003328620688989758
v -0.005506125278770922 0.01752045005559921 -0.003537588287144899
v -0.00525530520826578 0.017747161909937855 -0.003782332874834537
v -0.004966779612004755 0.01790359243750572 -0.00403786078095436
v -0.004825510084629057 0.02042325213551521 -0.004244852811098098
v -0.0007067893748171625 0.024495037272572514 -0.006151649635285138
v -0.0015453795203939076 0.02477614767849445 -0.005987615790218114
v -0.0007129358127713201 0.021247649565339085 -0.006085051223635673
v -0.0007063256343826649 0.02477416396141052 -0.006151399575173854
v -0.0007063678349368272 0.024748789146542546 -0.006151422392576932
v -0.0032425986137241116 0.024771006777882573 -0.00533151626586914
v -0.0015334011986851688 0.029116971418261525 -0.005959699396044015
v -0.000701393582858145 0.02774305827915668 -0.006148742511868476
v -0.0032274422701448193 0.029114501550793644 -0.005303296260535716
v -0.0023817217443138352 0.029115853831171986 -0.0056833410635590545
v -0.0023573900107294312 0.03345586359500884 -0.005544078536331653
v -0.004069547634571789 0.024768561124801632 -0.004854489117860793
v -0.004056101199239491 0.029113054275512692 -0.004826802760362624
v -0.004861341789364813 0.024766584858298298 -0.004290576092898845
v -0.006204109173268078 0.02042228356003761 -0.0029292295221239324
v -0.005602821242064236 0.024765281006693837 -0.0036509598139673467
v -0.006281447131186722 0.02476476691663265 -0.002948100212961435
v -0.004851880483329294 0.029111646115779873 -0.004263992421329021
v -0.004010560456663368 0.033455882221460335 -0.0047122170217335215
v -0.005599635653197764 0.029110413044691082 -0.0036260162014514204
v -0.006286605726927517 0.029109464958310124 -0.0029252322856336828
v -0.005537558812648056 0.03345455974340438 -0.0035439399071037765
v -0.0047970660962164385 0.033455375581979745 -0.0041650733910500995
v -0.0031923719216138116 0.03345604613423347 -0.005175024271011352
v -0.005945300217717884 0.01662766374647617 -0.003014961257576942
v -0.006190962158143519 0.01603775471448898 -0.0027013015933334823
v -0.006785877980291841 0.020423779264092442 -0.0021884927991777654
v -0.006602119188755748 0.01608762703835964 -0.0021545884665101762
v -0.006586976349353788 0.014830914326012133 -0.0020596138201653953
v -0.007075399160385129 0.014402861706912516 -0.0011606832267716525
v -0.007066639605909583 0.016091914847493168 -0.0013996019260957835
v -0.007442473899573085 0.013982781209051607 -0.00019161726231686768
v -0.007441420108079908 0.016097135841846463 -0.0006169737316668033
v -0.007282041478902099 0.020426454022526738 -0.0014111952623352406
v -0.007684281561523673 0.020430024713277813 -0.0006121465121395885
v -0.007403119467198846 0.02476631104946136 -0.0014082759153097866
v -0.007987723685801026 0.02043397724628448 0.00019359547877684233
v -0.007723240647464988 0.016102453693747517 0.00018011828069575128
v -0.007825351320207116 0.024768292903900143 -0.0006021381705068051
v -0.007670770399272439 0.013586417771875857 0.0008241669856943189
v -0.006885330658406017 0.024765107780694958 -0.002195466542616486
v -0.007908295840024945 0.01610685139894485 0.0009782619308680294
v -0.008187008090317246 0.020437667146325108 0.0009897544514387844
v -0.007768392097204921 0.013223849236965178 0.001868417835794389
v -0.008013645187020298 0.01610920391976833 0.0017973107751458881
v -0.008051687851548191 0.016110070049762722 0.0026173661462962623
v -0.007763325702399013 0.01289806980639696 0.0029372181743383403
v -0.00830154865980148 0.02043998800218105 0.0018075719708576796
v -0.008358060382306572 0.02477370388805866 0.0010010988917201755
v -0.008482795208692547 0.024775944650173184 0.0018185528460890053
v -0.008319066837429997 0.020441209897398945 0.003473239485174417
v -0.008024861104786393 0.01610983163118362 0.0034365258179605003
v -0.008345003239810463 0.020441070199012753 0.0026366547681391235
v -0.008534184657037255 0.024777291342616078 0.002655562479048967
v -0.007656898349523542 0.012616348452866076 0.004006855189800262
v -0.008145863190293309 0.02477084100246429 0.00020696931460406629
v -0.0069006090052425835 0.029108911752700802 -0.002174965804442763
v -0.007864519022405144 0.029109409078955647 -0.000586427398957312
v -0.008167644962668415 0.028610628098249432 0.00013602199032902715
v -0.007429914548993108 0.029108861461281773 -0.001390217919833958
v -0.00683187413960695 0.03345243260264396 -0.002126506064087152
v -0.007362492382526395 0.03345143422484397 -0.001356481574475765
v -0.008137954398989674 0.029395552352070805 5.825313564855605e-05
v -0.00824346765875816 0.02785411477088928 0.0003671861195471137
v -0.0078017157502472375 0.03345078229904174 -0.0005645644268952309
v -0.008344028145074841 0.02716339938342571 0.0007389918318949639
v -0.008442442864179608 0.02655611932277679 0.0012408732436597345
v -0.00851304084062576 0.024777924641966816 0.0035066553391516204
v -0.008477586321532723 0.025395764037966725 0.004099485930055379
v -0.008545520715415474 0.025465173646807667 0.0033151933457702394
v -0.008558033965528008 0.02568949572741985 0.0025532136205583806
v -0.008519404567778107 0.026057509705424305 0.0018542816396802662
v -0.008511553518474099 0.025430468842387196 0.0037073397543281312
v -0.00822534970939159 0.020440652966499325 0.004316047299653291
v -0.007935048080980774 0.016108805313706395 0.004255630075931548
v -0.006219758186489342 0.0334535390138626 -0.002860294189304113
v -0.002324143657460808 0.03779006749391555 -0.005293922498822211
v -0.0015192438149824734 0.03345543891191482 -0.005812514107674359
v -0.0006967370864003895 0.030990319326519963 -0.006076245568692683
v -0.003138301195576786 0.03779212012887 -0.004946696106344461
v -0.0015033703530207272 0.037787880748510354 -0.0055463085882365695
v -0.0006928617949597535 0.03423533588647842 -0.005934198386967181
v -0.0006898529245518146 0.037476547062396996 -0.005722742993384599
v -0.0022829731460660687 0.04211479425430297 -0.004933084826916455
v -0.0030664412770420304 0.04211913794279098 -0.0046183126978576175
v -0.003933855798095463 0.03779365867376327 -0.004510567057877778
v -0.0046977205201983434 0.037794515490531914 -0.003993539605289697
v -0.006081347819417713 0.037793979048728936 -0.002752980217337608
v -0.00667940219864249 0.03779274225234985 -0.0020498370286077257
v -0.005417232401669024 0.037794612348079674 -0.0034044070634990926
v -0.004554888233542441 0.042125780135393136 -0.0037490464746952053
v -0.005239439662545918 0.04212739691138267 -0.003207051660865545
v -0.0072010122239589665 0.0377911627292633 -0.0013068701373413203
v -0.006945658475160596 0.04212512075901031 -0.0012412728974595664
v -0.006443499587476252 0.04212686419486999 -0.001944767660461366
v -0.005871888715773819 0.04212772846221923 -0.002602990018203854
v -0.003827198641374706 0.04212293773889541 -0.004221646580845117
v -0.0022154045291244975 0.04399308934807777 -0.004757015500217675
v -0.0014863904798403378 0.04211058095097541 -0.0051614297553896895
v -0.0006877972045913336 0.04071238636970519 -0.005442024674266576
v -0.002947856904938816 0.04403648898005485 -0.004476206377148627
v -0.0006872892845422027 0.042326837778091424 -0.005267106462270021
v -0.001456457306630909 0.04396095871925353 -0.004964926280081271
v 7.999865920282898e-05 0.043908324092626565 0.011417186819016932
v -0.00014573310909327114 0.04389731213450431 0.011414439417421816
v 7.999865920282898e-05 0.046472795307636254 0.011287570931017397
v -0.003647934645414351 0.044090218842029565 -0.00412856601178646
v -0.004315800964832304 0.04415385052561759 -0.0037168462295085187
v -0.005521190818399189 0.04430646076798438 -0.002729415893554687
v -0.006052366457879542 0.04439445957541465 -0.0021599973551928993
v -0.004942530300468205 0.04422627389430999 -0.0032482224050909276
v -0.006532067898660896 0.04448996856808662 -0.0015420427080243824
v -0.008158475160598751 0.03012098744511604 0.00012458529090508816
v -0.008142306469380852 0.033450771123170846 0.0002343985979678109
v -0.008220972493290898 0.03081780113279819 0.00031964303343556816
v -0.007637038826942441 0.037789598107337945 -0.0005363859236240386
v -0.00798052083700895 0.03778857365250587 0.00024880436831153924
v -0.008376523852348324 0.033451858907938 0.0010232909116894005
v -0.008412741124629971 0.03204777836799621 0.0010639778338372705
v -0.008312489837408062 0.031466647982597344 0.0006361834821291267
v -0.008504047058522698 0.032541200518608086 0.0015874495729804037
v -0.008223878219723698 0.03778884187340736 0.0010341178858652709
v -0.008524920791387555 0.03345382958650588 0.0018426578026264904
v -0.008574358187615868 0.03293567150831222 0.0021961207967251535
v -0.008385903201997277 0.0377906672656536 0.001855784561485052
v -0.008599814027547833 0.03345582261681556 0.002691967179998755
v -0.008609525859355923 0.033213075250387185 0.0028638918884098525
v -0.008591942489147183 0.03307437524199485 0.002530006458982825
v -0.008476468734443184 0.03779305517673492 0.0027094567194581027
v -0.008600464090704914 0.03336664289236068 0.0035782514605671163
v -0.008599984459578987 0.03345775231719016 0.003562880447134375
v -0.008539965376257893 0.03634820878505706 0.003578252391889691
v -0.007370625622570512 0.042122993618249886 -0.0005018000374548136
v -0.007712203077971933 0.042121205478906625 0.00026380739291198546
v -0.007963464595377442 0.0421207807958126 0.0010447552194818852
v -0.006948164198547599 0.04459093883633613 -0.0008887230651453136
v -0.007299445103853938 0.04469713941216468 -0.00020158589177299288
v -0.0075833019800484154 0.04480877146124839 0.000520730682183057
v -0.007794079836457965 0.044924821704626076 0.001271606422960758
v -0.008140434511005875 0.042122486978769295 0.0018696365877985952
v -0.008249401114881035 0.04212533310055732 0.002726550446823239
v -0.008485891856253144 0.03783820196986198 0.0035782526247203346
v -0.008431818336248394 0.039328191429376595 0.0035782528575509782
v -0.008034600876271721 0.04516122490167617 0.0028012357652187343
v -0.007941832765936848 0.045042391866445534 0.002032333286479115
v -0.008276076987385746 0.0423060730099678 0.003578253090381622
v -0.008072792552411553 0.04528131335973739 0.003578253090381622
v -0.00835394766181707 0.040817134082317345 0.0035782528575509782
v -0.007450814358890054 0.01237934362143278 0.005068101454526185
v -0.007782968226820228 0.016107322648167607 0.005072420462965964
v -0.007568475790321824 0.01610566489398479 0.005885612685233354
v -0.007142389658838508 0.012185175903141497 0.006120027974247932
v -0.00806479528546333 0.020439637824892994 0.0051606306806206695
v -0.007837960496544834 0.020438371226191517 0.006003540940582751
v -0.008357855491340157 0.025480175390839573 0.00487798498943448
v -0.007545155473053453 0.020437018945813176 0.006842019036412238
v -0.00729071022942662 0.016104059293866154 0.006694571115076541
v -0.007186987437307832 0.02043577097356319 0.007670655380934476
v -0.006948616355657575 0.016102755442261692 0.007495845202356576
v -0.007726061157882211 0.024776089936494824 0.006960099097341298
v -0.008025865070521828 0.024776965379714962 0.006100276950746774
v -0.006731566973030565 0.012033685110509394 0.007149107754230498
v -0.008420570753514763 0.02477798983454704 0.004368570633232593
v -0.006482319906353949 0.011974090710282324 0.007644930388778447
v -0.0057948720641434175 0.011889505200088022 0.008525379933416842
v -0.006168249994516371 0.011926051229238508 0.008109893649816511
v -0.005997684784233568 0.016103692352771756 0.0088411932811141
v -0.006540441419929263 0.016102997586131092 0.008206734433770178
v -0.005366242025047539 0.011862671002745627 0.008886140771210192
v -0.006763812620192764 0.020435562357306477 0.008405584841966627
v -0.006210061721503733 0.020435519516468045 0.009060934185981749
v -0.005343654192984102 0.01610470004379749 0.009363663382828234
v -0.005546904169023035 0.020435594022274014 0.009606824256479738
v -0.006931719835847614 0.02477476745843887 0.00855609681457281
v -0.004890838172286747 0.011843839660286902 0.009184902533888815
v -0.007360477931797502 0.02477513439953327 0.007807275280356406
v -0.00819762889295816 0.025712411850690838 0.00561853777617216
v -0.008257807232439515 0.024777632206678387 0.0052348985336720935
v -0.008012929931282994 0.026079231873154637 0.006294772494584321
v -0.007821639999747273 0.026570055633783337 0.0068896086886525145
v -0.007645623292773959 0.02716628089547157 0.00737945083528757
v -0.00841772090643644 0.02543796971440315 0.004488735925406217
v -0.007504798006266353 0.027855020016431805 0.007749698124825954
v -0.006377051118761299 0.024774238467216488 0.009222486056387423
v -0.005715143401175736 0.024773571640253064 0.009782740846276282
v -0.007419648580253122 0.02860990725457668 0.007980339229106901
v -0.006498386617749928 0.02911756560206413 0.009325914084911345
v -0.007044066209346053 0.029118297621607777 0.008658200502395628
v -0.006573796272277829 0.033463172614574425 0.009371354244649409
v -0.0074029550887644265 0.029395552352070805 0.008058252744376658
v -0.005847874097526072 0.029116390272974964 0.009891471825540064
v -0.004624913446605204 0.01610593125224113 0.009744688868522642
v -0.004814303014427422 0.0204357523471117 0.010016895830631254
v -0.004380254074931143 0.011831525713205336 0.009414052590727804
v -0.003288387320935725 0.011818638071417807 0.009701173752546309
v -0.0038568486925214516 0.016108172014355656 0.00999704375863075
v -0.0021764847915619603 0.0118115097284317 0.009896193630993365
v -0.002777246991172432 0.015951229259371754 0.010239109396934508
v -0.0024344788398593655 0.015659052878618237 0.010280764661729334
v -0.004022543784230946 0.020436676219105717 0.010302252136170862
v -0.004979052580893038 0.024772763252258297 0.010213814675807951
v -0.0031200151424854985 0.01624340564012527 0.010197454132139681
v -0.0029486310668289653 0.016097316518425938 0.010218282230198382
v -0.0030531620141118756 0.016111779958009716 0.010200176388025282
v -0.003120007459074258 0.01951348595321178 0.01048300229012966
v -0.0012530671665444966 0.01500145625323057 0.010374587029218672
v -0.0010516495676711197 0.011807818897068499 0.010013841092586516
v -0.0016666804440319532 0.015183654613792895 0.01034859102219343
v -0.0008230739040300247 0.01486553158611059 0.01039397995918989
v -0.0003760959662031381 0.014778834767639635 0.010406348854303358
v -0.0001480486680520698 0.014765485189855097 0.010408253408968447
v 7.999865920282898e-05 0.011806721799075602 0.010053291916847227
v -0.002050579758360981 0.015421354211866854 0.010314677841961382
v -0.005118370987474917 0.029114786535501477 0.010335369035601614
v -0.0031200051307678214 0.021150350570678707 0.010601493529975413
v -0.0031876626890152684 0.020438764244318005 0.010538190603256224
v -0.0031200030352920285 0.022787217050790783 0.010719984769821165
v -0.004172853659838436 0.024772481992840763 0.010525166057050226
v -0.004306728951632975 0.029113465920090672 0.010665567591786383
v -0.00523157464340329 0.03345958516001701 0.010381502099335192
v -0.0034302612766623484 0.029113151133060452 0.010948662646114824
v -0.003313714638352393 0.024773258715867993 0.010787769220769404
v -0.0031200016383081666 0.026063950732350346 0.010907073505222796
v -0.00353639363311231 0.033456269651651376 0.011020672507584093
v -0.004423273261636494 0.03345744311809539 0.010723284445703028
v -0.003120001405477523 0.029343036934733387 0.01104294043034315
v -0.005944641772657631 0.03346176072955131 0.009933103807270525
v -0.008156836964190003 0.03346229344606399 0.006228698883205651
v -0.008066084235906597 0.03254748135805129 0.006521042436361312
v -0.008242333307862278 0.03293627128005027 0.0059192501939833156
v -0.008377195335924622 0.03346107155084609 0.005340219009667634
v -0.00839650351554155 0.03321361169219016 0.005250904709100722
v -0.008514693006873127 0.03336664289236068 0.004538253415375947
v -0.008467108942568299 0.03638485819101333 0.00453825294971466
v -0.008303828537464138 0.03780147060751914 0.005371332634240388
v -0.008420013822615143 0.03789331763982772 0.00453825294971466
v -0.008100101724267002 0.03780401870608329 0.006260542664676904
v -0.007867212407290932 0.03346313908696174 0.00710681453347206
v -0.0078275678679347 0.037806164473295205 0.007135732565075158
v -0.007962187752127644 0.0421416088938713 0.0062715080566704265
v -0.007707503158599136 0.03148220106959342 0.007470858749002217
v -0.007881694473326203 0.03205663338303565 0.007044660858809947
v -0.007453474681824443 0.030131541192531582 0.00798995979130268
v -0.007512767799198625 0.03346360102295875 0.007964910939335821
v -0.007558564189821479 0.03083124570548534 0.007791721262037753
v -0.007491553667932746 0.03780781850218772 0.007986353710293768
v -0.007100733928382394 0.033463805913925164 0.00871195364743471
v -0.007101527880877254 0.03780878707766532 0.008717926219105719
v -0.006602988578379152 0.03780857473611831 0.009359234943985937
v -0.006005160510540007 0.03780721500515937 0.009907844476401804
v -0.00771460076794028 0.042145397514104836 0.007135851308703422
v -0.008372917771339413 0.039401769638061516 0.00453825294971466
v -0.008142163977026936 0.042137432843446725 0.005388624500483274
v -0.007840712554752823 0.04565929621458053 0.0060239341109991065
v -0.007405433803796766 0.04214861616492271 0.00797045975923538
v -0.007967455312609669 0.04554496705532073 0.005284173879772424
v -0.008232287131249901 0.04241687431931495 0.004538252018392085
v -0.008045389316976067 0.045429676771163933 0.004538250155746936
v -0.007453089114278552 0.04588349908590316 0.007474591024219989
v -0.00704623060300946 0.04215068742632865 0.008676817640662192
v -0.0065856627188622925 0.042151235044002526 0.009290053509175776
v -0.0060291890986263735 0.04215023294091224 0.00981592759490013
v -0.007174809928983447 0.045991193503141396 0.008171419613063334
v -0.006803454365581271 0.04609180241823196 0.008822401054203509
v -0.006320383399724959 0.04618077352643012 0.009398080408573149
v -0.005739525426179169 0.04625467956066131 0.009876261465251444
v -0.005378727801144121 0.042147651314735406 0.01024766359478235
v -0.005318409297615288 0.037804711610078805 0.010352248325943945
v -0.004522200208157299 0.037801977246999734 0.010698309168219565
v -0.003120001405477523 0.03262382745742797 0.011126491241157053
v -0.003631795290857552 0.03780019655823707 0.011003808118402956
v -0.004603375680744646 0.04214456677436828 0.010590680874884127
v -0.0031200009398162356 0.035905621945857995 0.011157191358506678
v -0.003120000008493661 0.03918767720460891 0.011134555563330649
v -0.0037162960506975638 0.04214243963360786 0.010898132808506487
v -0.0050801965408027155 0.04631108790636062 0.010241252370178698
v -0.003119997913017868 0.042469248175621026 0.011058093979954718
v -0.004382063634693621 0.04635475948452949 0.010523832403123377
v -0.003663708921521901 0.046391051262617104 0.01075864303857088
v -0.002930221613496541 0.04642031341791152 0.010947977192699907
v -0.0027746886480599633 0.04275096580386161 0.011128394864499567
v -0.0014382069930434223 0.04645916819572448 0.011199397034943102
v -0.002429379150271415 0.04303269088268279 0.011198696680366991
v -0.0012467005290091033 0.043662656098604195 0.01135588902980089
v -0.001661019399762153 0.043488997966051095 0.011312556453049181
v -0.0008142412989400324 0.043794363737106316 0.011388752609491347
v -0.00037146484828554083 0.04388629645109176 0.011411691084504126
v -0.0007146636489778755 0.02043630927801132 -0.006051048170775174
v -0.0007146366406232116 0.020448986440896984 -0.006051579490303992
v -0.0007137997308745978 0.020841980352997776 -0.006068049930036067
v -0.0007142316899262367 0.020639145746827122 -0.006059548817574977
v -0.0007144476403482256 0.020537728443741795 -0.006055298727005719
v -0.000714555673766881 0.020487017929553982 -0.006053173448890447
v -0.0007146096904762087 0.02046166360378265 -0.006052111275494098
v -0.0007040914497338233 0.026119047775864598 -0.0061501958407461635
v -0.0007054404704831538 0.025307040661573407 -0.006150922738015651
v -0.0007061148644424973 0.024901039898395535 -0.006151285953819751
v -0.0007064521196298299 0.02469803765416145 -0.006151467561721801
v -0.0007062834920361636 0.02479954063892364 -0.006151377223432063
v -0.0007063046214170752 0.02478685230016708 -0.006151387933641671
v -0.0006990653928369282 0.029366688802838322 -0.00611249404028058
v -0.0007002294296398757 0.0285548735409975 -0.0061306185089051715
v -0.0006996474112384019 0.028960781171917912 -0.006121556274592876
v -0.0006993563729338346 0.029163734987378117 -0.006117025390267371
v -0.0006995018920861182 0.029062258079648014 -0.006119290832430123
v -0.0006994291325099764 0.029112996533513066 -0.006118157878518104
v -0.0006994109717197714 0.02912568114697933 -0.006117874756455421
v -0.0006993927527219055 0.02913836576044559 -0.0061175916343927375
v -0.000694799469783902 0.032612826675176614 -0.006005221977829932
v -0.0006938306032679973 0.033424083143472665 -0.005969710182398557
v -0.0006938003352843223 0.0334494300186634 -0.005968600045889615
v -0.0006937852012924848 0.033462107181549065 -0.005968045443296432
v -0.0006933461991138754 0.03382970765233039 -0.005951954517513513
v -0.0006935884011909363 0.03362689539790153 -0.0059608318842947474
v -0.0006937094731256364 0.033525489270687096 -0.005965271499007939
v -0.0006937700090929864 0.03347478434443473 -0.005967490840703248
v -0.0006888250354677437 0.039094466716051095 -0.0055823833681643
v -0.0006893390091136096 0.038285505026578896 -0.005652563646435737
v -0.0006895959959365425 0.0378810241818428 -0.005687653087079524
v -0.0006897244020365176 0.0376787856221199 -0.005705198273062705
v -0.000689660257194191 0.03777990490198135 -0.005696425680071115
v -0.000689652166329324 0.03779254853725433 -0.005695329047739505
v -0.0006896281265653668 0.03783046454191207 -0.005692039616405963
v -0.000689644133672118 0.03780518472194671 -0.005694232415407895
v -0.00068678124807775 0.043941289186477654 -0.0050921887159347526
v -0.0006875432445667682 0.04151961207389831 -0.005354565568268298
v -0.000687416235450655 0.041923224925994866 -0.005310836248099803
v -0.0006873566890135405 0.04211241751909255 -0.005290337838232516
v -0.0006873586098663507 0.04210638627409934 -0.0052909916266798964
v -0.0006873527891002593 0.042125031352043145 -0.0052889715880155555
v -0.0006873844540677963 0.04202412441372871 -0.005299903918057679
v -0.0006873686215840278 0.042074579745531075 -0.005294437985867261
v -0.0006873607053421436 0.04209980741143226 -0.005291704554110765
v -0.00830260198563337 0.04090932384133338 0.0045382524840533725
v 7.999865920282898e-05 0.014752136543393133 0.010410157963633536
v 0.006639998871833083 0.03321499377489089 0.0028700474649667736
v 0.00876049883663654 0.03336664289236068 0.0035782514605671163
v 0.008769596926867958 0.033214185386896126 0.0028674537315964694
v 0.008734265342354771 0.03293511644005775 0.002195067005231976
v 0.006639998871833083 0.032938126474618905 0.002200796734541654
v 0.00866422243416309 0.03254216164350509 0.0015886712353676555
v 0.006639998871833083 0.03336664289236068 0.003578253090381622
v 0.006639998871833083 0.03254511579871177 0.0015924415783956645
v 0.00857231859117746 0.03204545378684997 0.0010619215900078414
v 0.006639998871833083 0.03204884752631187 0.001064927317202091
v 0.008472491055727002 0.031466670334339135 0.0006361975683830677
v 0.006639998871833083 0.03146559372544288 0.000635547621641308
v 0.008380792103707787 0.03081629984080791 0.0003190721909049898
v 0.008318481966853138 0.03012115508317947 0.00012461638834793118
v 0.006639998871833083 0.030814474448561665 0.0003183799271937459
v 0.006639998871833083 0.030116837471723553 0.00012382224667817351
v 0.00829795096069574 0.029395552352070805 5.825313564855605e-05
v 0.006639998871833083 0.029395552352070805 5.825313564855605e-05
v 0.00832780264317989 0.028608363121747967 0.0001364762720186263
v 0.008403480052947995 0.02785399183630943 0.00036723748780786986
v 0.006639998871833083 0.02786481752991676 0.0003627350088208913
v 0.00829795096069574 0.029395552352070805 5.825313564855605e-05
v 0.006639998871833083 0.028615191578865048 0.00013511201541405168
v 0.008602513931691643 0.02655566483736038 0.0012413328513503072
v 0.008679428137838837 0.026057317852973935 0.0018545739585533736
v 0.006639998871833083 0.026069670915603634 0.0018359721871092913
v 0.006639998871833083 0.026567123830318447 0.0012298260116949675
v 0.008504567667841908 0.027159992605447766 0.0007412848062813281
v 0.006639998871833083 0.027173269540071484 0.0007323746685869991
v 0.008718046359717842 0.025689162313938137 0.0025540331844240423
v 0.006639998871833083 0.02570003271102905 0.002527519594877958
v 0.006639998871833083 0.02547241002321243 0.0032778920140117403
v 0.008705608546733853 0.025465510785579678 0.003313415683805942
v 0.0075629530474543545 0.029395552352070805 0.008058252744376658
v 0.006639998871833083 0.029395552352070805 0.008058252744376658
v 0.006639998871833083 0.028615191578865048 0.00798139441758394
v 0.0086373146623373 0.025395786389708516 0.0041017094627022735
v 0.006639998871833083 0.025395551696419712 0.004058253485709428
v 0.008517767302691933 0.025480661541223523 0.004879012238234281
v 0.008356902748346325 0.025713656097650524 0.00562146957963705
v 0.006639998871833083 0.02547241002321243 0.004838614724576472
v 0.006639998871833083 0.02570003271102905 0.005588986910879611
v 0.008171591907739636 0.026082238182425495 0.006299226079136132
v 0.007804523222148416 0.027170654386281964 0.00738238263875246
v 0.007664869073778388 0.027854561805725094 0.007749506272375583
v 0.006639998871833083 0.027173269540071484 0.0073841316625475875
v 0.006639998871833083 0.026069670915603634 0.006280533969402312
v 0.007981062866747376 0.026571732014417645 0.006891280878335237
v 0.006639998871833083 0.026567123830318447 0.006886680144816636
v 0.006639998871833083 0.02786481752991676 0.007753771264106034
v 0.007579647935926912 0.02860988117754459 0.007980333641171454
v -0.006480000913143156 0.03336664289236068 0.004538253415375947
v -0.008514693006873127 0.03336664289236068 0.004538253415375947
v -0.00839650351554155 0.03321361169219016 0.005250904709100722
v -0.006480000913143156 0.03321499377489089 0.005246458575129508
v -0.008242333307862278 0.03293627128005027 0.0059192501939833156
v -0.006480000913143156 0.032938126474618905 0.005915709771215915
v -0.008066084235906597 0.03254748135805129 0.006521042436361312
v -0.006480000913143156 0.03254511579871177 0.006524064578115939
v -0.007881694473326203 0.03205663338303565 0.007044660858809947
v -0.006480000913143156 0.03204884752631187 0.007051579188555478
v -0.007707503158599136 0.03148220106959342 0.007470858749002217
v -0.007558564189821479 0.03083124570548534 0.007791721262037753
v -0.006480000913143156 0.03146559372544288 0.007480958476662635
v -0.007453474681824443 0.030131541192531582 0.00798995979130268
v -0.0074029550887644265 0.029395552352070805 0.008058252744376658
v -0.006480000913143156 0.030116837471723553 0.00799268390983343
v -0.006480000913143156 0.030814474448561665 0.007798125967383384
v -0.006480000913143156 0.029395552352070805 0.008058252744376658
v -0.007419648580253122 0.02860990725457668 0.007980339229106901
v -0.007504798006266353 0.027855020016431805 0.007749698124825954
v -0.006480000913143156 0.02786481752991676 0.007753771264106034
v -0.007645623292773959 0.02716628089547157 0.00737945083528757
v -0.006480000913143156 0.027173269540071484 0.0073841316625475875
v -0.008012929931282994 0.026079231873154637 0.006294772494584321
v -0.00819762889295816 0.025712411850690838 0.00561853777617216
v -0.006480000913143156 0.02570003271102905 0.005588986910879611
v -0.006480000913143156 0.026069670915603634 0.006280533969402312
v -0.007821639999747273 0.026570055633783337 0.0068896086886525145
v -0.006480000913143156 0.02547241002321243 0.004838614724576472
v -0.006480000913143156 0.026567123830318447 0.006886680144816636
v -0.006480000913143156 0.028615191578865048 0.00798139441758394
v -0.0074029550887644265 0.029395552352070805 0.008058252744376658
v -0.008357855491340157 0.025480175390839573 0.00487798498943448
v -0.008137954398989674 0.029395552352070805 5.825313564855605e-05
v -0.006480000913143156 0.029395552352070805 5.825313564855605e-05
v -0.006480000913143156 0.028615191578865048 0.00013511201541405168
v -0.008477586321532723 0.025395764037966725 0.004099485930055379
v -0.008545520715415474 0.025465173646807667 0.0033151933457702394
v -0.006480000913143156 0.02547241002321243 0.0032778920140117403
v -0.008519404567778107 0.026057509705424305 0.0018542816396802662
v -0.006480000913143156 0.02570003271102905 0.002527519594877958
v -0.008558033965528008 0.02568949572741985 0.0025532136205583806
v -0.006480000913143156 0.026567123830318447 0.0012298260116949675
v -0.008442442864179608 0.02655611932277679 0.0012408732436597345
v -0.008344028145074841 0.02716339938342571 0.0007389918318949639
v -0.006480000913143156 0.027173269540071484 0.0007323746685869991
v -0.00824346765875816 0.02785411477088928 0.0003671861195471137
v -0.006480000913143156 0.026069670915603634 0.0018359721871092913
v -0.006480000913143156 0.02786481752991676 0.0003627350088208913
v -0.008167644962668415 0.028610628098249432 0.00013602199032902715
v -0.006480000913143156 0.025395551696419712 0.004058253485709428
v 0.006639998871833083 0.028688443824648854 0.003351146355271339
v 0.008159997873008248 0.028688443824648854 0.003351146355271339
v 0.008159997873008248 0.029012866318225857 0.003134373808279633
v 0.006639998871833083 0.029012866318225857 0.003134373808279633
v 0.008159997873008248 0.029395552352070805 0.0030582530889660116
v 0.006639998871833083 0.029395552352070805 0.0030582530889660116
v 0.006639998871833083 0.028471672907471653 0.0036755695473402734
v 0.008159997873008248 0.028471672907471653 0.0036755695473402734
v 0.006639998871833083 0.029012866318225857 0.004982132464647292
v 0.006639998871833083 0.029395552352070805 0.005058253183960914
v 0.008159997873008248 0.029395552352070805 0.005058253183960914
v 0.006639998871833083 0.028471672907471653 0.004440936725586652
v 0.008159997873008248 0.028471672907471653 0.004440936725586652
v 0.008159997873008248 0.028395552188158032 0.004058253485709428
v 0.008159997873008248 0.029012866318225857 0.004982132464647292
v 0.008159997873008248 0.028688443824648854 0.00476536015048623
v 0.006639998871833083 0.028688443824648854 0.00476536015048623
v 0.006639998871833083 0.028395552188158032 0.004058253485709428
v -0.006480000913143156 0.028688443824648854 0.00476536015048623
v -0.008000001311302182 0.028688443824648854 0.00476536015048623
v -0.008000001311302182 0.029012866318225857 0.004982132464647292
v -0.006480000913143156 0.029012866318225857 0.004982132464647292
v -0.008000001311302182 0.029395552352070805 0.005058253183960914
v -0.006480000913143156 0.029395552352070805 0.005058253183960914
v -0.006480000913143156 0.028471672907471653 0.004440936725586652
v -0.008000001311302182 0.028471672907471653 0.004440936725586652
v -0.006480000913143156 0.029012866318225857 0.003134373808279633
v -0.006480000913143156 0.029395552352070805 0.0030582530889660116
v -0.008000001311302182 0.029395552352070805 0.0030582530889660116
v -0.006480000913143156 0.028471672907471653 0.0036755695473402734
v -0.008000001311302182 0.028471672907471653 0.0036755695473402734
v -0.008000001311302182 0.028395552188158032 0.004058253485709428
v -0.008000001311302182 0.029012866318225857 0.003134373808279633
v -0.008000001311302182 0.028688443824648854 0.003351146355271339
v -0.006480000913143156 0.028688443824648854 0.003351146355271339
v -0.006480000913143156 0.028395552188158032 0.004058253485709428
v 0.009507031179964539 0.02892428264021873 0.0017049774760380385
v 0.009503128007054325 0.029395552352070805 0.0016582531388849018
v 0.008159997873008248 0.02892733365297317 0.00170436839107424
v 0.009519493207335469 0.02847402915358543 0.0018422206630930302
v 0.008159997873008248 0.02847710996866226 0.0018409421900287268
v 0.008159997873008248 0.027400024235248562 0.0027248845435678955
v 0.00955945439636707 0.02739402279257774 0.0027339118532836433
v 0.009551773779094216 0.027693403884768483 0.0023663041647523637
v 0.009536386467516419 0.0280572697520256 0.002066017128527164
v 0.008159997873008248 0.02769849449396133 0.0023611967917531724
v 0.008159997873008248 0.028062181547284123 0.0020627260673791166
v 0.009553764946758744 0.027173023670911785 0.003152511082589626
v 0.008159997873008248 0.027178239077329632 0.003139812964946031
v 0.008159997873008248 0.029395552352070805 0.0016582531388849018
v 0.008159997873008248 0.02704166620969772 0.0035900364164263006
v 0.009530889801681038 0.02703919820487499 0.003604453522711992
v 0.008159997873008248 0.02892733365297317 0.006412138231098651
v 0.008159997873008248 0.029395552352070805 0.006458253134042024
v 0.00904773827642202 0.029395552352070805 0.006458253134042024
v 0.008159997873008248 0.02699555084109306 0.004058253485709428
v 0.009490034542977806 0.026995593681931492 0.004072548355907201
v 0.00943202897906303 0.02704435400664806 0.00453978357836604
v 0.008159997873008248 0.02704166620969772 0.004526469856500625
v 0.009361558593809601 0.02718151360750198 0.004984552972018718
v 0.009283757768571373 0.02740296348929405 0.005396011751145124
v 0.008159997873008248 0.027178239077329632 0.0049766930751502505
v 0.008159997873008248 0.028062181547284123 0.006053780205547809
v 0.00908399652689695 0.02847443893551826 0.0062744556926190844
v 0.009137474000453946 0.028060162439942356 0.006052416749298572
v 0.009206675924360749 0.02769840136170387 0.005755214951932429
v 0.008159997873008248 0.027400024235248562 0.005391621496528386
v 0.008159997873008248 0.02769849449396133 0.005755309481173753
v 0.008159997873008248 0.02847710996866226 0.006275564432144164
v 0.009052803739905354 0.02892428264021873 0.006411528680473565
v -0.008000001311302182 0.02847710996866226 0.006275564432144164
v -0.00892393849790096 0.02847504988312721 0.006274709478020667
v -0.008892805315554139 0.028924318030476567 0.006411535665392875
v -0.008000001311302182 0.028062181547284123 0.006053780205547809
v -0.008977400138974186 0.02806041948497295 0.006052600219845771
v -0.008000001311302182 0.027178239077329632 0.0049766930751502505
v -0.009201712906360623 0.02718114852905273 0.004983684979379176
v -0.009123886004090306 0.02740255184471607 0.005395395681262015
v -0.009046451188623902 0.027699410915374752 0.0057562249712646
v -0.008000001311302182 0.027400024235248562 0.005391621496528386
v -0.008000001311302182 0.02704166620969772 0.004526469856500625
v -0.008000001311302182 0.02769849449396133 0.005755309481173753
v -0.008887741714715954 0.029395552352070805 0.006458253134042024
v -0.008000001311302182 0.029395552352070805 0.006458253134042024
v -0.008000001311302182 0.02892733365297317 0.006412138231098651
v -0.009272279217839238 0.027044117450714108 0.004537194035947322
v -0.008000001311302182 0.02892733365297317 0.00170436839107424
v -0.008000001311302182 0.029395552352070805 0.0016582531388849018
v -0.00934313144534826 0.029395552352070805 0.0016582531388849018
v -0.009393817745149132 0.02717366628348827 0.0031509327236562963
v -0.00937122385948896 0.027039360255002972 0.0036017873790115114
v -0.008000001311302182 0.027178239077329632 0.003139812964946031
v -0.009330173954367634 0.026995586231350895 0.0040712584741413585
v -0.008000001311302182 0.02704166620969772 0.0035900364164263006
v -0.009399450384080407 0.02739510871469974 0.002732268068939447
v -0.009376424364745613 0.02805691212415695 0.002066213637590408
v -0.009391805157065388 0.027692642062902447 0.002367070177569985
v -0.008000001311302182 0.02769849449396133 0.0023611967917531724
v -0.009359518066048619 0.028473433107137677 0.001842469093389809
v -0.008000001311302182 0.028062181547284123 0.0020627260673791166
v -0.008000001311302182 0.027400024235248562 0.0027248845435678955
v -0.009347034618258473 0.028924232348799702 0.0017049877205863593
v -0.008000001311302182 0.02847710996866226 0.0018409421900287268
v -0.008000001311302182 0.02699555084109306 0.004058253485709428
v 7.999865920282898e-05 0.011795550584793089 0.010858252644538878
v -0.0007097726338542996 0.016124980524182316 0.011342727579176424
v 7.999865920282898e-05 0.020498124882578846 -0.0069063110277056685
v -0.0007527833222411571 0.01800228841602802 -0.006751891691237687
v -0.001566095394082367 0.01800228841602802 -0.0066143511794507495
v -0.0008163916063494977 0.02049765177071094 -0.00685381656512618
v -0.0017236727289855474 0.020497055724263188 -0.00668154889717698
v -0.0023595166858285657 0.01800228841602802 -0.006396588869392871
v -0.0026284970808774224 0.020496139302849766 -0.0064007327891886226
v -0.0031339642591774455 0.01800228841602802 -0.0061023025773465625
v -0.0008121228311210869 0.02485745586454868 -0.006947763264179229
v -0.0017193589592352503 0.024856597185134884 -0.006769531872123479
v 7.999865920282898e-05 0.024857761338353154 -0.00700482353568077
v -0.0008061315165832637 0.02921824529767036 -0.006917444057762622
v -0.0017085162689909332 0.02921720966696739 -0.00673884805291891
v -0.0026280821766704312 0.024855285882949826 -0.006480080075561999
v 7.999865920282898e-05 0.02481300942599773 0.012075362727046011
v -0.0007410995895043013 0.02046498656272888 0.011743974871933459
v -0.0035174912773072707 0.020494978874921795 -0.006016725674271583
v -0.004377811215817927 0.0204936321824789 -0.005537152756005525
v -0.0038825266528874623 0.01800228841602802 -0.005737253930419683
v -0.00352465035393834 0.024853616952896115 -0.00608580745756626
v -0.0051973694935441 0.020492171868681904 -0.004971037153154611
v -0.004591841716319321 0.01800228841602802 -0.00531244184821844
v -0.005263351835310457 0.01800228841602802 -0.004830955993384122
v -0.005964114330708979 0.020490666851401326 -0.004327449016273021
v -0.004395921714603899 0.02485168911516666 -0.005595115479081868
v -0.0026137896347790948 0.02921562828123569 -0.006449322681874036
v -0.005229420959949492 0.024849593639373776 -0.00501764379441738
v -0.0060126986354589445 0.024847434833645817 -0.0043630730360746375
v -0.0043799951672554 0.029211286455392834 -0.0055664610117673865
v -0.0035085817798972117 0.029213612899184224 -0.006055677775293588
v -0.005897127557545899 0.01800228841602802 -0.004292902536690234
v -0.005215704906731842 0.029208760708570477 -0.004991297144442796
v -0.008070593699812886 0.01613642834126949 -0.0011863763211295006
v -0.007531261071562764 0.014830914326012133 -0.0020596138201653953
v -0.007995744235813614 0.014362514950335024 -0.0010717652039602397
v -0.0072959982790052865 0.020487783476710316 -0.0028505884110927577
v -0.006986216641962526 0.01662589237093925 -0.0030140199232846494
v -0.007090850733220575 0.016330054029822346 -0.002856719540432095
v -0.007643887307494876 0.01613693870604038 -0.002011788077652454
v -0.007195485290139911 0.01603421382606029 -0.0026994191575795408
v -0.00784249976277351 0.02048654109239578 -0.0020411326549947257
v -0.008297596126794812 0.02048552222549915 -0.001200632657855749
v -0.008328534662723538 0.01391196623444557 -1.815859650378115e-05
v -0.008423242717981335 0.013700337149202822 0.0005375493201427161
v -0.008638884872198101 0.016135878860950467 0.0005202845786698161
v -0.008582198061048981 0.013110567815601824 0.0022236530203372236
v -0.008559903129935261 0.012944680638611315 0.0027968869544565673
v -0.008847330696880814 0.01613563112914562 0.0022367527708411212
v -0.008517952635884282 0.013488708995282648 0.0010932572185993192
v -0.00877911131829023 0.016135828569531437 0.001378766377456486
v -0.008403480052947995 0.01613606512546539 -0.00033826139406301076
v -0.008909293450415131 0.020484417676925656 0.0005204612389206885
v -0.009061735123395916 0.020484322682023045 0.0013795570703223345
v -0.00865502934902906 0.020484790205955502 -0.00034233622136525804
v -0.009137770161032673 0.02048397064208984 0.0022464895155280824
v -0.006168003659695385 0.017899090424180027 -0.004028836730867623
v -0.006666801404207942 0.02048918232321739 -0.003616678528487682
v -0.006411347538232802 0.017738351598381993 -0.0037706785369664426
v -0.00661932863295078 0.017511406913399693 -0.0035297276917845006
v -0.006776947528123853 0.01721756905317306 -0.003328620688989758
v -0.0067340121604502175 0.024845302104949948 -0.003642169758677482
v -0.007383172400295732 0.024843297898769375 -0.0028671422041952606
v -0.00673140864819288 0.029203582555055615 -0.00362272304482758
v -0.007950186729431149 0.02484151534736156 -0.0020502877887338396
v -0.008425482548773285 0.024840051308274266 -0.0012042438611388204
v -0.007966835051774975 0.02919901348650455 -0.0020392325241118665
v -0.007389296777546403 0.029201162979006764 -0.002851847559213638
v -0.008801598101854321 0.02483900263905525 -0.00034259902895428235
v -0.009071724489331242 0.02483846805989742 0.000520958041306585
v -0.009236443787813183 0.024838339537382122 0.0013800330925732849
v -0.00932223908603191 0.02483788318932056 0.002254099585115909
v -0.00912604387849569 0.02919533476233482 0.000521775335073471
v -0.009303105063736435 0.02919518947601318 0.0013801938621327279
v -0.009376424364745613 0.02805691212415695 0.002066213637590408
v -0.009359518066048619 0.028473433107137677 0.001842469093389809
v -0.008843054994940754 0.029195982962846753 -0.0003390458296053111
v -0.009142490103840824 0.02048333920538425 0.0031200526282191272
v -0.009333592839539048 0.0248370636254549 0.003141311695799231
v -0.008454129099845883 0.02919724583625793 -0.0011971989879384635
v -0.006003410555422304 0.029206154868006703 -0.004339847248047589
v -0.00884891394525766 0.016135277226567265 0.0030934079550206657
v -0.009347034618258473 0.028924232348799702 0.0017049877205863593
v 7.999865920282898e-05 0.029167102649807927 0.012279139831662176
v 7.999865920282898e-05 0.0335247553884983 0.012381670065224169
v -0.0008010391029529271 0.02916733920574188 0.012246114201843737
v 7.999865920282898e-05 0.029218424111604687 -0.0069698081351816646
v -0.0007984163821674881 0.03357637301087379 -0.006762790959328412
v 7.999865920282898e-05 0.03357654064893722 -0.006816942710429429
v 7.999865920282898e-05 0.037928134202957146 -0.006534538697451352
v -0.0007889784756116567 0.03792820498347282 -0.006484016776084899
v -0.0016911389539018267 0.03357528522610664 -0.006589433643966912
v 7.999865920282898e-05 0.037883616983890527 0.012382940389215944
v -0.00082964968169108 0.033524986356496804 0.01234665885567665
v -0.0025856071151792994 0.03357362747192382 -0.006308400537818669
v -0.0034692643675953137 0.033571511507034295 -0.005926282610744237
v -0.0051561817526817304 0.033566415309906 -0.004891956690698861
v -0.005936198402196167 0.03356367722153663 -0.004257738590240478
v -0.0043299994431436045 0.033569067716598504 -0.005451141856610774
v -0.001667232136242091 0.03792723640799522 -0.006321490742266177
v -0.0025435450952500096 0.03792575374245643 -0.006057501304894685
v -0.004245962481945751 0.03792168200016021 -0.005249304696917533
v -0.005050886888056992 0.03791931271553039 -0.004719747696071862
v -0.003406716277822851 0.03792386502027511 -0.005697790998965501
v -0.006658928934484718 0.03356098011136054 -0.0035583134740591045
v -0.005811107344925402 0.0379168689250946 -0.004116848111152648
v -0.0007778202416375277 0.04227011650800704 -0.00608141254633665
v 7.999865920282898e-05 0.04226941987872123 -0.006122447550296783
v -0.001636803965084254 0.04226947203278541 -0.0059352973476052276
v -0.0008268040255643424 0.0438162051141262 -0.005901517812162637
v -0.0017220183508470648 0.04384050145745277 -0.0057443263940513125
v -0.002487621270120143 0.042268484830856316 -0.0056968838907778254
v 7.999865920282898e-05 0.04659554734826087 0.012081822380423544
v -0.0008135715033859012 0.046591084450483315 0.012052944861352442
v -0.0033209668472409235 0.04226723313331603 -0.005370436701923608
v -0.004127925727516411 0.04226578027009963 -0.004961154423654079
v -0.004899877123534678 0.04226420819759368 -0.004474840592592954
v -0.0025905200745910397 0.043879404664039605 -0.0054926229640841475
v -0.00343190156854689 0.043932128697633736 -0.005151486955583095
v -0.004234023392200468 0.04399725422263145 -0.004730076529085635
v -0.004988275934010742 0.04407355934381484 -0.004236354492604732
v -0.005628209561109541 0.04226258397102355 -0.003917314112186431
v -0.0008573546074330803 0.037883810698986047 0.01234679017215967
v -0.007314299233257768 0.03355843946337699 -0.0028046879451721902
v -0.008383446373045441 0.03355432674288749 -0.001179491984657943
v -0.008779307827353474 0.03355300053954124 -0.00033167455694638187
v -0.007892361842095848 0.033556181937456124 -0.0020079556852579112
v -0.006516627501696346 0.03791445866227149 -0.003449018113315105
v -0.007158241700381038 0.03791218623518943 -0.0027257171459496017
v -0.006304591428488491 0.042260982096195214 -0.0032949426677078004
v -0.007726839277893302 0.03791017085313796 -0.0019564917311072345
v -0.008213511668145653 0.03790851309895515 -0.001151141128502786
v -0.009261620230972763 0.03355217352509498 0.0013800387969240544
v -0.00934313144534826 0.029395552352070805 0.0016582531388849018
v -0.0093496311455965 0.029864650219678875 0.0017045440617948768
v -0.008610436692833897 0.03790732845664024 -0.00032049173023551697
v -0.009072155691683289 0.03355232253670692 0.0005229133530519902
v -0.008910141885280606 0.03790672123432159 0.0005243715131655334
v -0.009387080557644364 0.030733561143279072 0.0020662050228565927
v -0.009372776374220845 0.033551678061485284 0.0022629240993410345
v -0.009408650919795033 0.031097928062081334 0.002366534667089581
v -0.00936553534120321 0.030317809432744976 0.0018425281159579752
v -0.009112074039876458 0.03790659457445144 0.0013795680133625863
v -0.009238831698894497 0.03790618106722831 0.002264134585857391
v -0.005695530213415621 0.0441608540713787 -0.003671527141705155
v -0.006921226624399421 0.04225947335362434 -0.0026150103658437725
v -0.007470380980521438 0.04225813224911689 -0.001884888741187751
v -0.007944450713694092 0.042257033288478844 -0.001112171448767185
v -0.006345600355416535 0.04425781592726707 -0.003044163109734654
v -0.006928974296897647 0.04436295852065086 -0.0023638324346393342
v -0.007444607559591529 0.04447639733552932 -0.0016298629343509672
v -0.008336572907865044 0.04225624725222587 -0.00030550625524483616
v -0.008640139363706108 0.04225584119558334 0.000526149000506848
v -0.007888063788413998 0.04459800571203231 -0.0008430030429735779
v -0.008854601532220837 0.04225575923919677 0.0013787815114483235
v -0.008998904377222058 0.04225549846887588 0.002263211645185947
v -0.008245742879807946 0.04472479969263076 -2.2601689124712717e-05
v -0.008514183573424813 0.044856209307909005 0.0008276692824438213
v -0.008703161031007763 0.04499173164367675 0.0017045390559360383
v -0.009407903067767617 0.03355079144239425 0.0031676343642175193
v -0.009291097521781918 0.03790543600916862 0.0031726886518299575
v -0.009391805157065388 0.027692642062902447 0.002367070177569985
v -0.008537609130144116 0.012778791598975657 0.0033701206557452674
v -0.008460055105388161 0.01263655163347721 0.003950025420635938
v -0.008786034770309922 0.016134785488247868 0.003947710618376731
v -0.009077860042452809 0.020482463762164112 0.003997293766587972
v -0.008945443667471405 0.02048137970268726 0.0048753092996776095
v -0.008660060353577134 0.01613417826592922 0.004798776470124721
v -0.008471603505313393 0.01613347418606281 0.005645644385367631
v -0.008746454492211338 0.020480126142501828 0.0057511264458298674
v -0.00913919601589441 0.0248345173895359 0.004936350975185632
v -0.008382502011954781 0.012494312599301336 0.0045299301855266086
v -0.009272058494389054 0.02483592368662357 0.004036974161863326
v -0.007932394742965695 0.012171791866421698 0.0062363860197365275
v -0.007746029179543254 0.012081188149750231 0.006797640118747949
v -0.008220450021326538 0.01613269373774528 0.006487135309725999
v -0.0075220912694931 0.016130991280078884 0.008146528154611586
v -0.0072599728591740105 0.011947691440582274 0.007891315966844557
v -0.006948744878172872 0.011900012381374834 0.008398714475333689
v -0.0076245148666203 0.012047814205288885 0.0070710587315261355
v -0.007503001019358632 0.012014439329504965 0.007344478275626897
v -0.007905754260718819 0.016131861135363575 0.007321717683225869
v -0.008481726981699463 0.0204787366092205 0.006621623877435922
v -0.008250631392002102 0.012378354556858538 0.0051025310531258574
v -0.008118759840726849 0.01226239465177059 0.005675131920725106
v -0.008151801303029057 0.020477250218391415 0.007483462337404489
v -0.007753224577754733 0.020475698634982106 0.008331974968314169
v -0.0089366165921092 0.024832887575030323 0.005834645591676234
v -0.00937122385948896 0.027039360255002972 0.0036017873790115114
v -0.009393817745149132 0.02717366628348827 0.0031509327236562963
v -0.009330173954367634 0.026995586231350895 0.0040712584741413585
v -0.009272279217839238 0.027044117450714108 0.004537194035947322
v -0.009399450384080407 0.02739510871469974 0.002732268068939447
v -0.009201712906360623 0.02718114852905273 0.004983684979379176
v -0.008666003122925755 0.02483108267188072 0.006726983468979596
v -0.009123886004090306 0.02740255184471607 0.005395395681262015
v -0.008329080417752262 0.024829151108860966 0.007608405780047177
v -0.008977400138974186 0.02806041948497295 0.006052600219845771
v -0.007924164645373818 0.024827139452099797 0.008472627960145472
v -0.008773181587457653 0.029187142848968502 0.006803160067647695
v -0.00892393849790096 0.02847504988312721 0.006274709478020667
v -0.009046451188623902 0.027699410915374752 0.0057562249712646
v -0.008892805315554139 0.028924318030476567 0.006411535665392875
v -0.008437503129243847 0.029185000807046887 0.007696478627622127
v -0.0070014465600252125 0.01613010838627815 0.008931696414947508
v -0.007222606334835288 0.020474124699831005 0.009134139865636824
v -0.005411243531852959 0.011815234087407587 0.009800505824387072
v -0.00528212310746312 0.011812489479780195 0.009875712916254996
v -0.005559253972023724 0.016128379851579663 0.010176201350986956
v -0.0061445380561053736 0.01183805428445339 0.009288576431572436
v -0.006025774870067833 0.011833721771836279 0.00937895569950342
v -0.006334672681987284 0.01612923108041286 0.009622580371797083
v -0.006762349046766755 0.011882018297910689 0.008632539771497248
v -0.0065759541466832135 0.011864025145769118 0.008866365067660807
v -0.005669485311955212 0.011820722371339796 0.009650091640651224
v -0.005773917306214569 0.020471043884754177 0.010417356155812739
v -0.006551897618919608 0.0204725619405508 0.009841460734605787
v -0.005153002217411993 0.011809744872152804 0.00995092000812292
v -0.004726997576653956 0.016127577051520344 0.010568956844508646
v -0.0014952422352507706 0.016125243157148358 0.011277263984084128
v -0.0015501792076975103 0.011795729398727415 0.010769894346594809
v -0.0014766379026696082 0.011795700527727602 0.010777644813060759
v -0.002283211098983883 0.01612565293908119 0.011169148609042166
v -0.00221205037087202 0.01179599482566118 0.010700137354433535
v -0.002175279660150408 0.011795980855822561 0.010704013518989084
v -0.004023101180791853 0.011800614185631273 0.010337357409298418
v -0.004310179036110638 0.011801959946751593 0.010262442752718924
v -0.0038932596798986184 0.016126841306686398 0.010821497067809103
v -0.004075148142874239 0.02046830020844936 0.011127077043056486
v -0.004597256425768135 0.011803305707871912 0.010187529027462004
v -0.001430674688890576 0.011795680969953535 0.010782489553093908
v -0.0014214820694178338 0.011795677244663237 0.010783457197248934
v -0.0030804544221609822 0.016126193106174466 0.011018174700438975
v -0.0034489459358155714 0.011797924526035784 0.010487184859812258
v -0.0011089318431913848 0.011795552447438238 0.010816398076713083
v -0.0006775422953069208 0.011795550584793089 0.010841611772775648
v -0.004932306241244076 0.02046961151063442 0.010840241797268389
v -0.006726296152919528 0.02482306025922298 0.00999935995787382
v -0.005111105740070341 0.024819230660796162 0.011035338044166563
v -0.004237786866724489 0.024817528203129765 0.011349698528647421
v -0.0059541449882090074 0.024821093305945393 0.010589708574116228
v -0.008034833706915375 0.029182769358158108 0.008568405173718928
v -0.007392286323010919 0.024825092405080792 0.009283666498959063
v -0.007510422263294456 0.029180502519011494 0.009380177594721316
v -0.006099893711507319 0.029176065698266026 0.010693129152059553
v -0.005263361614197491 0.029174001887440678 0.011154101230204104
v -0.006857814267277715 0.029178248718380925 0.010096163488924502
v -0.0032291891984641543 0.020467145368456837 0.01135653257369995
v -0.003365066600963472 0.024816026911139485 0.01160597801208496
v -0.0023931791074573985 0.020466184243559834 0.011535847559571264
v -0.0022855915594846 0.011796024627983568 0.010692386887967585
v -0.0015646574320271607 0.020465452224016186 0.011665310710668562
v -0.0019914265722036353 0.011795906350016592 0.01072338968515396
v -0.0016972615849226707 0.01179578900337219 0.010754392482340334
v -0.002495612017810344 0.02481477707624435 0.011808669194579123
v -0.001630589249543845 0.024813825264573094 0.01195570547133684
v -0.0034880703315138804 0.029170449823141095 0.0117663387209177
v -0.0007715221727266906 0.024813221767544743 0.012045166455209253
v -0.0016930334968492382 0.029168009757995602 0.012148263864219187
v -0.0025905007496476165 0.029169064015150067 0.011987438425421713
v -0.004381151404231785 0.029172113165259358 0.011489207856357096
v -0.009424010291695591 0.03139710053801536 0.0027339446824043985
v -0.009251379407942292 0.033548038452863686 0.005011847708374261
v -0.009260158054530617 0.03160775825381278 0.004988909699022769
v -0.009182095527648922 0.03138661757111549 0.0053982692770659915
v -0.009426997043192383 0.031617414206266396 0.003150885226204991
v -0.009367120452225205 0.03354955837130546 0.004086553119122981
v -0.009413048624992367 0.03175238519906997 0.0036051317583769556
v -0.009379971772432324 0.03179549798369407 0.004073954187333583
v -0.009327883832156655 0.031746417284011834 0.004541869740933179
v -0.009169801138341423 0.03790312632918357 0.005026277154684066
v -0.00926797371357679 0.037904400378465646 0.004096435382962226
v -0.008909990079700943 0.029865322634577748 0.006411497015506028
v -0.008887741714715954 0.029395552352070805 0.006458253134042024
v -0.008803194388747212 0.03354431688785552 0.006850108038634061
v -0.008477011695504185 0.033542226999998086 0.007747622672468423
v -0.009100011549890038 0.031089374795556065 0.005758534185588359
v -0.009062481112778183 0.03354626893997192 0.0059356391429901114
v -0.009022423997521397 0.030729370191693302 0.006053478922694921
v -0.008956458419561383 0.030315458774566647 0.006274955347180366
v -0.00875610206276178 0.03790001198649406 0.006867823190987109
v -0.008085179142653939 0.033540047705173485 0.008619233965873717
v -0.00899817422032356 0.03790164738893508 0.005953075364232062
v -0.009071806445717808 0.04225503280758857 0.003172339871525764
v -0.009071188047528263 0.04225438460707664 0.00409638276323676
v -0.008996580727398392 0.04225358366966247 0.0050251642242074
v -0.00882275868207216 0.0451291762292385 0.0025938528124243017
v -0.008873859420418736 0.045266695320606225 0.003483648411929607
v -0.008858786895871159 0.045404117554426186 0.004372832365334033
v -0.008778064511716362 0.04554150253534316 0.005261757411062717
v -0.00884916819632053 0.04225265234708785 0.005948477890342473
v -0.008447656407952305 0.03789826110005378 0.007761834189295768
v -0.00863199960440397 0.042251627892255776 0.006856314837932586
v -0.008075248450040814 0.037896431982517235 0.008625109679996966
v -0.007576967123895881 0.0335378348827362 0.009423591196537016
v -0.007591962348669765 0.0378945805132389 0.009413899853825567
v -0.008005115203559395 0.042249381542205804 0.00858604535460472
v -0.008349523879587647 0.04225052520632743 0.007739124353975057
v -0.008631614036858078 0.04567863792181014 0.00614906521514058
v -0.008421273902058598 0.04581351205706596 0.007021773606538772
v -0.008148264139890667 0.04594566673040389 0.007876831106841562
v -0.006946414243429897 0.03353563696146011 0.010131773538887499
v -0.006211132276803253 0.03353350237011909 0.010727509856224058
v -0.005389051046222447 0.03353149071335792 0.011196409352123736
v -0.006992128677666185 0.03789273649454116 0.010106185451149939
v -0.006287887692451475 0.0378909483551979 0.010692843236029146
v -0.006995012052357194 0.04224705696105956 0.010019415989518164
v -0.005488194059580563 0.037889260798692696 0.011162256821990011
v -0.0063302037306129915 0.042245935648679726 0.010589148849248884
v -0.004505224991589783 0.03352964669466018 0.011545472778379915
v -0.007555471267551181 0.04224821180105209 0.009351118467748163
v -0.0035981887485831963 0.03352802246809005 0.011837477795779703
v -0.00461002206429839 0.037887714803218835 0.011518484912812708
v -0.002677838085219263 0.03352667018771171 0.012072007171809672
v -0.0017519867978990071 0.03352564200758933 0.012242831289768217
v -0.003695431863889097 0.037886355072259896 0.011819384992122648
v -0.00469556776806712 0.042243905365467065 0.011408268474042414
v -0.002757630543783306 0.037885222584009164 0.012062364257872103
v -0.0018074521794915193 0.03788435831665992 0.012239398434758185
v -0.005560824647545813 0.042244873940944665 0.011051665060222147
v -0.007801577914506194 0.046074029058217995 0.008707400411367415
v -0.0073243128135800336 0.04619069397449493 0.009462281130254267
v -0.005994237493723629 0.0463758073747158 0.010660008527338503
v -0.005183178000152109 0.046437580138444894 0.011059693060815333
v -0.006712933070957658 0.046292912214994424 0.0101236579939723
v -0.004337958525866268 0.04648537561297416 0.011368960142135618
v -0.0037798157427459942 0.04224305227398872 0.01171208545565605
v -0.002829886740073561 0.04224233701825141 0.011958537623286246
v -0.0018594338325783604 0.042241796851158135 0.012137992307543753
v -0.0008841550443321463 0.04224145412445068 0.012246537953615187
v -0.003474148921668528 0.04652485623955726 0.011624399572610853
v -0.002592496806755661 0.04655588418245315 0.011825159192085264
v -0.0017044000560417765 0.04657785221934318 0.011967322789132593
v -0.005907011684030293 0.011829389259219168 0.00946933403611183
v -0.004453717265278099 0.01180263329297304 0.010224986821413038
v -0.004525486845523117 0.011802969500422476 0.010206256993114947
v -0.0037360235583037125 0.011799270287156103 0.010412271134555338
v -0.003592484863474964 0.011798596940934656 0.010449727997183798
v -0.0036642539780586945 0.011798933148384093 0.01043099910020828
v -0.003700139001011847 0.011799100786447523 0.010421635583043097
v -0.002867268631234764 0.011796974577009676 0.010589785873889921
v -0.002939978148788213 0.011797093786299227 0.010576960630714892
v -0.0029218010604381553 0.011797063052654265 0.010580167174339293
v -0.003158107167109846 0.01179744955152273 0.010538485832512377
v -0.003012688132002949 0.011797212064266203 0.010564136318862436
v -0.0029036235064268104 0.011797033250331877 0.010583373717963694
v -0.0021385091822594396 0.011795965023338793 0.010707887820899485
v -0.002166087040677666 0.011795977130532263 0.010704982094466685
v -0.0021568944212049237 0.011795973405241965 0.01070595160126686
v -0.0014030968304723497 0.011795670725405214 0.010785395279526709
v -0.001439867308363318 0.011795684695243834 0.010781520046293734
v -0.0021764847915619603 0.0118115097284317 0.009896193630993365
v -0.0034489459358155714 0.011797924526035784 0.010487184859812258
v -0.004597256425768135 0.011803305707871912 0.010187529027462004
v -0.005153002217411993 0.011809744872152804 0.00995092000812292
v -0.003288387320935725 0.011818638071417807 0.009701173752546309
v -0.005669485311955212 0.011820722371339796 0.009650091640651224
v -0.0011089318431913848 0.011795552447438238 0.010816398076713083
v -0.0022855915594846 0.011796024627983568 0.010692386887967585
v 7.999865920282898e-05 0.011806721799075602 0.010053291916847227
v -0.0010516495676711197 0.011807818897068499 0.010013841092586516
v 7.999865920282898e-05 0.011795550584793089 0.010858252644538878
v -0.005366242025047539 0.011862671002745627 0.008886140771210192
v -0.0061445380561053736 0.01183805428445339 0.009288576431572436
v -0.0065759541466832135 0.011864025145769118 0.008866365067660807
v -0.006948744878172872 0.011900012381374834 0.008398714475333689
v -0.0072599728591740105 0.011947691440582274 0.007891315966844557
v -0.006168249994516371 0.011926051229238508 0.008109893649816511
v -0.0057948720641434175 0.011889505200088022 0.008525379933416842
v -0.004380254074931143 0.011831525713205336 0.009414052590727804
v -0.004890838172286747 0.011843839660286902 0.009184902533888815
v 0.0012768979649990793 0.011795552447438238 0.01081586256623268
v 0.0036367760039865958 0.011798000894486902 0.010481228120625017
v 0.0024624667130410663 0.011796037666499613 0.010690008290112017
v 0.001198645448312163 0.011807793751358984 0.01001473981887102
v 0.002308692317456006 0.011811381205916403 0.00990005489438772
v 0.004796599969267843 0.011803635396063326 0.010173412971198557
v 0.005345292389392851 0.011810244992375372 0.009934530593454836
v 0.0034050326794385897 0.011818274855613707 0.00971032492816448
v 0.005859478842467068 0.011821571737527846 0.009629894979298113
v 0.004485828801989554 0.011830556206405161 0.00943364668637514
v 0.005002145189791916 0.011842379346489905 0.00921069737523794
v 0.006335592828691004 0.011839534156024454 0.009261508472263811
v 0.00591403618454933 0.011886427178978918 0.008563991636037825
v 0.00629301182925701 0.011921859346330164 0.00815430376678705
v 0.007128463126718995 0.011902528814971445 0.008369771763682364
v 0.005478804931044577 0.011860367842018603 0.008920227177441118
v 0.0067588114179670785 0.011865791864693163 0.008840871974825857
v 0.0074380817823111985 0.011951238848268984 0.007857017219066618
v 0.00661238422617316 0.011968481354415415 0.007695660460740327
v 0.006869267672300336 0.012027444317936896 0.0071978410705924025
v -0.006482319906353949 0.011974090710282324 0.007644930388778447
v -0.007450814358890054 0.01237934362143278 0.005068101454526185
v -0.008118759840726849 0.01226239465177059 0.005675131920725106
v -0.008382502011954781 0.012494312599301336 0.0045299301855266086
v -0.008537609130144116 0.012778791598975657 0.0033701206557452674
v -0.007656898349523542 0.012616348452866076 0.004006855189800262
v -0.007763325702399013 0.01289806980639696 0.0029372181743383403
v -0.008582198061048981 0.013110567815601824 0.0022236530203372236
v -0.006731566973030565 0.012033685110509394 0.007149107754230498
v -0.007746029179543254 0.012081188149750231 0.006797640118747949
v -0.007142389658838508 0.012185175903141497 0.006120027974247932
v -0.007768392097204921 0.013223849236965178 0.001868417835794389
v -0.008517952635884282 0.013488708995282648 0.0010932572185993192
v -0.007670770399272439 0.013586417771875857 0.0008241669856943189
v -0.008328534662723538 0.01391196623444557 -1.815859650378115e-05
v -0.007442473899573085 0.013982781209051607 -0.00019161726231686768
v -0.007995744235813614 0.014362514950335024 -0.0010717652039602397
v -0.007075399160385129 0.014402861706912516 -0.0011606832267716525
v -0.007531261071562764 0.014830914326012133 -0.0020596138201653953
v -0.006586976349353788 0.014830914326012133 -0.0020596138201653953
v 0.007601316552609203 0.012371563352644442 0.005106572527438401
v 0.0078124972060322736 0.012609138153493403 0.004036584869027137
v 0.008546618744730946 0.012499419972300528 0.0045071267522871486
v 0.007286690641194579 0.012177723459899424 0.006165259983390569
v 0.008287191390991207 0.012268029153347014 0.005644256249070167
v 0.007917224429547783 0.012085327878594397 0.006768466904759406
v 0.008698527701199051 0.012781674042344092 0.0033593457192182537
v 0.007922090590000149 0.012892311438918112 0.00295806978829205
v 0.008742069825530049 0.013114864006638525 0.0022098901681601997
v 0.008488424122333523 0.013912145979702471 -1.8602020645630543e-05
v 0.007832340896129605 0.01358252204954624 0.0008347381954081355
v 0.007602897472679612 0.013982200063765047 -0.00019020396575797347
v 0.007236734498292205 0.014401732012629507 -0.0011582920560613272
v 0.006746973376721141 0.014830914326012133 -0.0020596138201653953
v 0.0076912590302526925 0.014830914326012133 -0.0020596138201653953
v 0.008154249750077721 0.01436379551887512 -0.0010745055042207239
v 0.007929120212793347 0.013218316249549387 0.0018854108639061449
v 0.008676871657371518 0.013492322526872156 0.0010831571416929362
v -0.0050801965408027155 0.04631108790636062 0.010241252370178698
v -0.005183178000152109 0.046437580138444894 0.011059693060815333
v -0.004382063634693621 0.04635475948452949 0.010523832403123377
v -0.003663708921521901 0.046391051262617104 0.01075864303857088
v -0.004337958525866268 0.04648537561297416 0.011368960142135618
v -0.005994237493723629 0.0463758073747158 0.010660008527338503
v -0.006320383399724959 0.04618077352643012 0.009398080408573149
v -0.006712933070957658 0.046292912214994424 0.0101236579939723
v -0.005739525426179169 0.04625467956066131 0.009876261465251444
v -0.0073243128135800336 0.04619069397449493 0.009462281130254267
v -0.0017044000560417765 0.04657785221934318 0.011967322789132593
v -0.0008135715033859012 0.046591084450483315 0.012052944861352442
v -0.0014382069930434223 0.04645916819572448 0.011199397034943102
v 7.999865920282898e-05 0.04659554734826087 0.012081822380423544
v 7.999865920282898e-05 0.046472795307636254 0.011287570931017397
v -0.002592496806755661 0.04655588418245315 0.011825159192085264
v -0.002930221613496541 0.04642031341791152 0.010947977192699907
v -0.003474148921668528 0.04652485623955726 0.011624399572610853
v -0.008631614036858078 0.04567863792181014 0.00614906521514058
v -0.008421273902058598 0.04581351205706596 0.007021773606538772
v -0.007840712554752823 0.04565929621458053 0.0060239341109991065
v -0.008148264139890667 0.04594566673040389 0.007876831106841562
v -0.007453089114278552 0.04588349908590316 0.007474591024219989
v -0.007967455312609669 0.04554496705532073 0.005284173879772424
v -0.008778064511716362 0.04554150253534316 0.005261757411062717
v -0.008045389316976067 0.045429676771163933 0.004538250155746936
v -0.008072792552411553 0.04528131335973739 0.003578253090381622
v -0.008858786895871159 0.045404117554426186 0.004372832365334033
v -0.008873859420418736 0.045266695320606225 0.003483648411929607
v -0.008000001311302182 0.04542968049645423 0.004538253415375947
v -0.008000001311302182 0.04528131335973739 0.003578253090381622
v -0.006803454365581271 0.04609180241823196 0.008822401054203509
v -0.007174809928983447 0.045991193503141396 0.008171419613063334
v -0.007801577914506194 0.046074029058217995 0.008707400411367415
v 0.001886905170977115 0.04657740518450736 0.011964432895183561
v 0.002783213043585419 0.046554926782846444 0.011818974278867243
v 0.001599261886440217 0.04645913839340209 0.011199198663234709
v 0.003664904041215776 0.046523604542016976 0.011616304516792296
v 0.0030854085925966493 0.04641930013895034 0.010941414162516592
v 0.0009827226167544718 0.046590991318225854 0.012052316218614577
v 0.004532629158347843 0.04635356366634368 0.010516097769141195
v 0.004532973282039164 0.046483572572469704 0.01135729346424341
v 0.005384825635701416 0.04643497616052627 0.011042852886021136
v 0.005240370985120533 0.04631102085113525 0.010240840725600718
v 0.00619054166600108 0.04637233540415763 0.010637554340064524
v 0.005896454211324452 0.046255055814981454 0.009878705255687235
v 0.006910895928740499 0.04628757387399673 0.010089111514389513
v 0.006478562019765375 0.046181056648492806 0.009399890899658201
v 0.007513294927775857 0.04618479683995246 0.009424109011888502
v 0.006962460931390521 0.04609213024377822 0.008824525400996206
v 0.007987061515450474 0.04606622457504272 0.008656896650791166
v 0.0073347762227058385 0.04599087312817573 0.008169362321496008
v 0.008325398899614807 0.045938249677419656 0.007828862406313418
v 0.007604553364217279 0.04588276892900466 0.0074698678217828265
v 0.007825893349945542 0.045772220939397805 0.006754614878445863
v 0.008594005368649956 0.04580643028020858 0.0069759408943355075
v 0.008127324283123013 0.04554521664977073 0.00528580043464899
v 0.008000488393008705 0.04565955325961112 0.006025590933859347
v 0.008800696581602093 0.04567164182662963 0.0061038052663207045
v 0.00894262176007032 0.04553592205047607 0.005225650966167449
v 0.008232789114117619 0.04528131335973739 0.003578253090381622
v 0.008159997873008248 0.04528131335973739 0.003578253090381622
v 0.008205386810004708 0.045429676771163933 0.004538250155746936
v 0.009033296257257458 0.045262575149536126 0.0034569983836263414
v 0.009020337834954258 0.045399568974971764 0.004343393724411725
v 0.008159997873008248 0.04542968049645423 0.004538253415375947
v -0.008034600876271721 0.04516122490167617 0.0028012357652187343
v -0.00882275868207216 0.0451291762292385 0.0025938528124243017
v -0.007941832765936848 0.045042391866445534 0.002032333286479115
v -0.008703161031007763 0.04499173164367675 0.0017045390559360383
v -0.007794079836457965 0.044924821704626076 0.001271606422960758
v -0.008514183573424813 0.044856209307909005 0.0008276692824438213
v -0.0075833019800484154 0.04480877146124839 0.000520730682183057
v -0.008245742879807946 0.04472479969263076 -2.2601689124712717e-05
v -0.007888063788413998 0.04459800571203231 -0.0008430030429735779
v -0.007299445103853938 0.04469713941216468 -0.00020158589177299288
v -0.006948164198547599 0.04459093883633613 -0.0008887230651453136
v -0.006532067898660896 0.04448996856808662 -0.0015420427080243824
v -0.006928974296897647 0.04436295852065086 -0.0023638324346393342
v -0.007444607559591529 0.04447639733552932 -0.0016298629343509672
v -0.006052366457879542 0.04439445957541465 -0.0021599973551928993
v -0.006345600355416535 0.04425781592726707 -0.003044163109734654
v -0.005521190818399189 0.04430646076798438 -0.002729415893554687
v -0.005695530213415621 0.0441608540713787 -0.003671527141705155
v -0.004942530300468205 0.04422627389430999 -0.0032482224050909276
v -0.004988275934010742 0.04407355934381484 -0.004236354492604732
v -0.004234023392200468 0.04399725422263145 -0.004730076529085635
v -0.004315800964832304 0.04415385052561759 -0.0037168462295085187
v -0.00343190156854689 0.043932128697633736 -0.005151486955583095
v -0.003647934645414351 0.044090218842029565 -0.00412856601178646
v -0.0025905200745910397 0.043879404664039605 -0.0054926229640841475
v -0.002947856904938816 0.04403648898005485 -0.004476206377148627
v -0.0022154045291244975 0.04399308934807777 -0.004757015500217675
v -0.0008268040255643424 0.0438162051141262 -0.005901517812162637
v -0.001456457306630909 0.04396095871925353 -0.004964926280081271
v -0.00068678124807775 0.043941289186477654 -0.0050921887159347526
v -0.0017220183508470648 0.04384050145745277 -0.0057443263940513125
v 7.999865920282898e-05 0.04380779340863227 -0.005955954082310199
v 0.007597884628921745 0.0444747544825077 -0.0016404832713305948
v 0.006813657935708759 0.0445173792541027 -0.001364680705592036
v 0.007256880868226287 0.0446329154074192 -0.0006171290879137813
v 0.007620496675372121 0.0447564385831356 0.00018210995767731217
v 0.007888787426054474 0.04488424584269523 0.0010090781142935155
v 0.008399952203035351 0.04472242668271064 -3.796769669861532e-05
v 0.008038938045501706 0.044595185667276376 -0.0008612482342869042
v 0.006501279771327971 0.04425710439682006 -0.00304874125868082
v 0.0062954220920801145 0.044409707188606255 -0.0020613605156540866
v 0.00708475289866328 0.044362124055624 -0.0023692424874752756
v 0.005703062750399111 0.0443098060786724 -0.002707772888243198
v 0.008979853242635723 0.0451248213648796 0.002565697534009814
v 0.008072018623352047 0.04501457512378692 0.0018523378530517218
v 0.008186394348740574 0.04514693841338157 0.0027087854687124486
v 0.008858766406774517 0.04498786106705665 0.0016794848488643763
v 0.008669571019709107 0.04485350474715232 0.0008101889980025588
v 0.000986399943940341 0.04381612315773963 -0.005902066826820373
v 0.00019297120161354536 0.04393481090664863 -0.005134087055921554
v 0.0010777103016152974 0.043945837765932076 -0.005062776152044534
v 0.0027580717578530303 0.043879814445972436 -0.005489955656230449
v 0.001937057939358055 0.043972942978143685 -0.004887370858341455
v 0.0027703316882252685 0.044014941900968545 -0.004615631885826587
v 0.0018860506825149053 0.04384064674377441 -0.005743384361267089
v 0.0035981319379061447 0.04393257200717925 -0.00514858542010188
v 0.0051493877544999105 0.04407368227839469 -0.004235547501593827
v 0.005046270322054623 0.04421918466687202 -0.0032941205427050586
v 0.005851020105183123 0.04416020587086677 -0.003675736021250486
v 0.004337172489613293 0.0441395454108715 -0.0038094262126833196
v 0.004398373886942862 0.04399766027927398 -0.004727448802441358
v 0.0035771180409938084 0.04407112300395965 -0.004252125043421983
v 0.0005359055940061805 0.014780996367335318 0.010406039655208586
v 7.999865920282898e-05 0.014752136543393133 0.010410157963633536
v 0.0009821580024436112 0.014865299686789511 0.010394011624157427
v 0.001198645448312163 0.011807793751358984 0.01001473981887102
v 0.0014132191427052017 0.015001608990132807 0.010374564677476881
v 0.0018287445418536657 0.015184693969786165 0.010348443873226641
v 0.002308692317456006 0.011811381205916403 0.00990005489438772
v 0.002937491983175277 0.015950938686728474 0.010239154100418089
v 0.0034050326794385897 0.011818274855613707 0.00971032492816448
v 0.004485828801989554 0.011830556206405161 0.00943364668637514
v 0.003967241384088991 0.01610840298235416 0.01001085340976715
v 0.0031087521929293862 0.016097171232104298 0.010218304581940172
v 0.003165367990732192 0.016111984848976132 0.010210841894149779
v 0.005002145189791916 0.011842379346489905 0.00921069737523794
v 0.004740310367196797 0.016106013208627697 0.009763034060597418
v 0.004131289198994635 0.02043681219220161 0.010318124666810034
v 0.003280004486441611 0.019513430073857304 0.010482998564839361
v 0.003280012402683495 0.01624340564012527 0.010197454132139681
v 0.004928570706397293 0.020435761660337445 0.010037150233983992
v 0.005664091091603039 0.02043560147285461 0.009635692462325094
v 0.005461476277559994 0.01610476896166801 0.009390935301780699
v 0.002211857819929718 0.01542158331722021 0.010314648970961569
v 0.0025949713308364144 0.015658471733331677 0.010280855931341646
v 0.003280000295490025 0.022787066176533696 0.010719976387917994
v 0.0032800021581351744 0.0211502481251955 0.010601487942039965
v 0.004280411638319491 0.02477253787219524 0.010542696341872214
v 0.003422069130465387 0.024773295968770977 0.010801846161484717
v 0.005092807579785584 0.02477270923554897 0.010235525667667387
v 0.003297757357358931 0.020438881590962407 0.010550728999078272
v 0.0032799988985061632 0.026063703000545498 0.0109070623293519
v 0.0035372511483728873 0.029113123193383213 0.010963939130306242
v 0.004413554910570381 0.029113456606864926 0.010684352368116377
v 0.00523221120238304 0.029114672914147374 0.010358073748648165
v 0.005832327995449303 0.024773526936769482 0.009812685661017893
v 0.0059656738303601724 0.0291163045912981 0.009921969845890997
v 0.005346082616597412 0.03345942869782447 0.010404727421700953
v 0.00452982075512409 0.033457383513450616 0.010742917656898497
v 0.003279999596998094 0.02442538551986217 0.010813519358634947
v 0.0032800035551190363 0.020331839099526402 0.010542242787778376
v 0.0032799986656755196 0.02934273704886436 0.011042930185794829
v 0.005478804931044577 0.011860367842018603 0.008920227177441118
v 0.006120796781033276 0.016103744506835934 0.008876489475369452
v 0.00629301182925701 0.011921859346330164 0.00815430376678705
v 0.00591403618454933 0.011886427178978918 0.008563991636037825
v 0.00661238422617316 0.011968481354415415 0.007695660460740327
v 0.006671319250017402 0.01610302925109863 0.008247655816376208
v 0.006332619581371544 0.020435519516468045 0.009097518399357794
v 0.006893900688737628 0.02043555676937103 0.008447805419564245
v 0.0064996769651770574 0.024774201214313504 0.009259785525500773
v 0.007323432248085735 0.020435709506273266 0.007719890680164098
v 0.007086029741913078 0.016102699562907215 0.0075435182079672805
v 0.007061613723635671 0.024774737656116482 0.00859900191426277
v 0.006869267672300336 0.012027444317936896 0.0071978410705924025
v 0.007431836333125827 0.01610396988689899 0.006743343081325292
v 0.007685316260904071 0.02043693885207176 0.006892530713230371
v 0.007286690641194579 0.012177723459899424 0.006165259983390569
v 0.007601316552609203 0.012371563352644442 0.005106572527438401
v 0.007713447790592906 0.016105562448501583 0.005934775341302156
v 0.0078124972060322736 0.012609138153493403 0.004036584869027137
v 0.008087594062089917 0.016108725219964978 0.004305220209062099
v 0.007982084527611729 0.0204382911324501 0.006054519675672053
v 0.00786576513200998 0.024776035919785496 0.007011830806732177
v 0.007931751199066635 0.016107225790619847 0.005121808499097823
v 0.008212929591536518 0.020439567044377323 0.005211786832660436
v 0.008181198500096794 0.01610978879034519 0.0034861888270825143
v 0.008377509191632267 0.020440600812435147 0.00436722720041871
v 0.008475302718579766 0.02044119499623775 0.0035241823643445964
v 0.007922090590000149 0.012892311438918112 0.00295806978829205
v 0.007496495731174943 0.02477508410811424 0.007857515476644037
v 0.006621691863983867 0.029117505997419354 0.009363356977701185
v 0.007579647935926912 0.02860988117754459 0.007980333641171454
v 0.007804523222148416 0.027170654386281964 0.00738238263875246
v 0.007174353580921886 0.02911826781928539 0.008701189421117304
v 0.006698382552713153 0.03346310555934905 0.0094083733856678
v 0.007664869073778388 0.027854561805725094 0.007749506272375583
v 0.007981062866747376 0.026571732014417645 0.006891280878335237
v 0.008171591907739636 0.026082238182425495 0.006299226079136132
v 0.008405704982578751 0.0247775986790657 0.005287414416670798
v 0.008169608190655705 0.02477691881358623 0.006152600049972533
v 0.008517767302691933 0.025480661541223523 0.004879012238234281
v 0.0086373146623373 0.025395786389708516 0.0041017094627022735
v 0.008356902748346325 0.025713656097650524 0.00562146957963705
v 0.008572692982852455 0.024777978658676144 0.00442101340740919
v 0.008669453673064705 0.02477794326841831 0.003558644792065024
v 0.008671461604535576 0.02543064951896667 0.003707562573254108
v 0.008577540516853329 0.025438224896788594 0.004490360617637633
v 0.008694951422512528 0.024777347221970555 0.0027067475020885463
v 0.008505381643772122 0.02044110372662544 0.0026871277950704093
v 0.008211877197027203 0.016110083088278767 0.002667001681402325
v 0.006063660141080616 0.033461648970842355 0.009963626973330973
v 0.0032799982000142323 0.035905472934246056 0.011157188564538954
v 0.003279997035861014 0.03918763622641563 0.011134554632008074
v 0.0037371888756752 0.03780007362365722 0.011020464822649954
v 0.0036423970013856875 0.03345619142055511 0.011036808602511881
v 0.003279998432844876 0.03262356668710708 0.011126485653221605
v 0.005434168502688406 0.03780452162027358 0.010375514626502989
v 0.0061260047368705255 0.03780709207057952 0.009937849827110766
v 0.0046289199963212 0.037801880389451974 0.0107183875516057
v 0.0038214549422264086 0.04214229434728622 0.010914971120655535
v 0.004710716661065815 0.042144458740949624 0.010610798373818396
v 0.006729453802108762 0.03780852258205413 0.009395247325301169
v 0.0072343321517109845 0.037808805704116814 0.008759299293160437
v 0.007231994997709987 0.03346379473805427 0.008754432201385496
v 0.006152471061795948 0.04215011745691299 0.00984485913068056
v 0.005496327765285967 0.04214743897318839 0.010270483791828154
v 0.006714606657624242 0.04215122014284133 0.00932446029037237
v 0.001599261886440217 0.04645913839340209 0.011199198663234709
v 0.0025879978202283374 0.04303438961505889 0.01119912229478359
v 0.0018173112766817206 0.04349080100655555 0.011313007213175295
v 7.999865920282898e-05 0.046472795307636254 0.011287570931017397
v 0.0005302356439642606 0.04387992247939109 0.011410100385546683
v 0.0009743257542140779 0.04379680007696151 0.01138936076313257
v 0.0014054077910259362 0.043664738535881036 0.011356408707797526
v 0.0030854085925966493 0.04641930013895034 0.010941414162516592
v 0.003279995173215865 0.042469248175621026 0.011058093979954718
v 0.005240370985120533 0.04631102085113525 0.010240840725600718
v 0.005896454211324452 0.046255055814981454 0.009878705255687235
v 0.004532629158347843 0.04635356366634368 0.010516097769141195
v 0.0029339962638914576 0.04275181889533996 0.011128608137369154
v 0.006478562019765375 0.046181056648492806 0.009399890899658201
v 0.007613291032612321 0.030129903927445408 0.007990266196429728
v 0.0075629530474543545 0.029395552352070805 0.008058252744376658
v 0.007649549283087251 0.03346361592411994 0.008015516214072703
v 0.007719039451330898 0.030833752825856205 0.0077907564118504516
v 0.007867313921451565 0.03148150444030761 0.007471285760402679
v 0.007629517465829847 0.03780790045857429 0.00803632754832506
v 0.008007533848285672 0.03346318006515502 0.007159439381211995
v 0.008042540401220318 0.032059125602245324 0.00704243779182434
v 0.008225694298744198 0.03254654631018638 0.006522236391901969
v 0.00796895660459995 0.03780627995729446 0.007188040763139724
v 0.008402445353567597 0.03293649852275848 0.00591881014406681
v 0.00830121990293264 0.03346236050128936 0.00628229510039091
v 0.008245502598583695 0.03780416399240493 0.006314075551927089
v 0.008453500457108017 0.037801634520292275 0.005425463430583476
v 0.008479030802845951 0.03307436034083366 0.005587073974311351
v 0.008674689568579193 0.03336664289236068 0.004538253415375947
v 0.00855561718344688 0.03321222215890884 0.005255338270217179
v 0.00862710643559694 0.03638485819101333 0.00453825294971466
v 0.008525863289833065 0.03346115723252296 0.005394219886511563
v 0.007181138731539247 0.04215076565742492 0.008716477081179617
v 0.0075451005250215504 0.04214878752827644 0.008019266650080679
v 0.007857551798224446 0.04214561358094215 0.007187339942902326
v 0.006962460931390521 0.04609213024377822 0.008824525400996206
v 0.0073347762227058385 0.04599087312817573 0.008169362321496008
v 0.007604553364217279 0.04588276892900466 0.0074698678217828265
v 0.007825893349945542 0.045772220939397805 0.006754614878445863
v 0.008109062910079953 0.0421418510377407 0.006324519868940114
v 0.008293246850371357 0.04213769361376762 0.0054424870759248725
v 0.008532913401722905 0.039401769638061516 0.00453825294971466
v 0.008127324283123013 0.04554521664977073 0.00528580043464899
v 0.008000488393008705 0.04565955325961112 0.006025590933859347
v 0.008392283692955967 0.04241687431931495 0.004538252018392085
v 0.008205386810004708 0.045429676771163933 0.004538250155746936
v 0.008427441120147702 0.041663099080324166 0.0045382524840533725
v 0.008406427688896653 0.042133383452892297 0.004550535697489976
v 0.008462598547339436 0.04090932384133338 0.0045382524840533725
v 0.007929120212793347 0.013218316249549387 0.0018854108639061449
v 0.008076582103967663 0.016107056289911267 0.0010269863996654747
v 0.008177846670150753 0.016109291464090344 0.0018471009097993372
v 0.007832340896129605 0.01358252204954624 0.0008347381954081355
v 0.008466193452477452 0.02044008485972881 0.0018576321890577672
v 0.008355937898159024 0.02043785713613033 0.0010381190804764626
v 0.008647996000945565 0.02477604895830154 0.0018688694108277557
v 0.008162821643054482 0.020434215664863583 0.00024228137044701723
v 0.00789725128561258 0.01610275916755199 0.00022858403099235145
v 0.007865526713430878 0.020430259406566616 -0.0005633532418869435
v 0.007621172815561292 0.016097463667392727 -0.0005689453682862221
v 0.008321871049702164 0.02477101050317287 0.00025570995057933027
v 0.008527650497853752 0.02477387338876724 0.0010492247529327867
v 0.007602897472679612 0.013982200063765047 -0.00019020396575797347
v 0.007236734498292205 0.014401732012629507 -0.0011582920560613272
v 0.006746973376721141 0.014830914326012133 -0.0020596138201653953
v 0.007251943461596963 0.016092212870717045 -0.0013528267154470084
v 0.006350959651172159 0.01603775471448898 -0.0027013015933334823
v 0.006792719475924966 0.016087848693132397 -0.002109860302880406
v 0.0074691455811262105 0.020426651462912556 -0.0013632386690005658
v 0.006978483870625493 0.02042390778660774 -0.002142278710380196
v 0.007591493893414733 0.02476641163229942 -0.0013598009245470164
v 0.006401612423360346 0.020422337576746937 -0.002885649679228663
v 0.007079272065311668 0.024765158072113987 -0.0021485881879925724
v 0.008007726632058617 0.024768434464931485 -0.0005530252819880842
v 0.008718046359717842 0.025689162313938137 0.0025540331844240423
v 0.008705608546733853 0.025465510785579678 0.003313415683805942
v 0.008679428137838837 0.026057317852973935 0.0018545739585533736
v 0.008602513931691643 0.02655566483736038 0.0012413328513503072
v 0.008504567667841908 0.027159992605447766 0.0007412848062813281
v 0.00832780264317989 0.028608363121747967 0.0001364762720186263
v 0.006486010272055863 0.029109418392181393 -0.0028810254298150535
v 0.006480284966528414 0.02476476319134235 -0.00290375598706305
v 0.0070952130481600735 0.02910889312624931 -0.002128235530108213
v 0.007619022391736505 0.029108878225088116 -0.0013418889138847587
v 0.008403480052947995 0.02785399183630943 0.00036723748780786986
v 0.007551787886768577 0.033451382070779793 -0.0013089639833196995
v 0.008047654293477532 0.029109463095664975 -0.0005374518805183469
v 0.007026462815701959 0.03345236554741859 -0.0020807292312383647
v 0.00829795096069574 0.029395552352070805 5.825313564855605e-05
v 0.005748796276748179 0.020422082394361493 -0.0035788270179182287
v 0.005664484575390814 0.017522366717457768 -0.0035392695572227235
v 0.005859636235982178 0.01721756905317306 -0.003328620688989758
v 0.005414076149463652 0.017748016864061352 -0.0037834742106497283
v 0.005030863918364046 0.020423147827386853 -0.004208955448120832
v 0.005125288385897873 0.01790446229279041 -0.004039197694510221
v 0.004201157018542288 0.01800228841602802 -0.004715567920356988
v 0.004809616133570669 0.01800228841602802 -0.004292902536690234
v 0.004259284120053051 0.020425425842404362 -0.004764253739267587
v 0.003563610604032873 0.01800228841602802 -0.0050856033340096465
v 0.005805857013911007 0.024765228852629658 -0.0036100370343774553
v 0.002199223730713128 0.01800228841602802 -0.005658145993947982
v 0.002896092599257826 0.01800228841602802 -0.005401407368481158
v 0.0026127533055841914 0.02043242938816547 -0.005609293933957814
v 0.0014860798837617035 0.01800228841602802 -0.005847015883773564
v 0.0017666291678324335 0.02043615654110908 -0.005883177276700734
v 1.574513225932605e-05 0.01800228841602802 -0.0059989895671606055
v 0.0007579341181553898 0.01800228841602802 -0.005963073577731847
v 0.00010467100219102572 0.020440366119146344 -0.006109643261879682
v 0.0009249197319149968 0.020439106971025463 -0.006050982978194951
v 0.0034481978509575116 0.02042864821851253 -0.005234190262854098
v -0.0007198473322205243 0.01800228841602802 -0.005949040409177541
v 0.0058031203225254995 0.02911034598946571 -0.0035852079745382066
v 0.005067841149866579 0.02476648613810539 -0.0042538465932011596
v 0.004278693813830612 0.02476842515170574 -0.0048226797953248015
v 0.0034534144215285765 0.024770852178335186 -0.005305276717990636
v 0.005058696959167717 0.029111566022038456 -0.004227347671985625
v 0.0057406793348491175 0.033454503864049905 -0.00350417080335319
v 0.004265423398464916 0.029112966731190678 -0.004795044194906949
v 0.00343829859048128 0.02911441586911678 -0.005277073010802268
v 0.004219276830554007 0.03345586359500884 -0.0046813590452075
v 0.005003379192203282 0.03345533087849616 -0.004129425156861543
v 0.0017568306066095823 0.024776009842753407 -0.005973956082016229
v 0.0009163001668639478 0.024777933955192562 -0.00614725612103939
v 0.00010436746379127722 0.024778734892606732 -0.006207841914147138
v 0.002593186916783451 0.029115777462720868 -0.005663197021931409
v 0.0026079518720507613 0.024773502722382542 -0.005691426340490579
v 0.001744625158607959 0.0291169136762619 -0.005946018733084201
v 0.00010413682321086522 0.029117967933416363 -0.0061803488060832015
v 0.0009089660015888509 0.02911768294870853 -0.006119634024798869
v 0.006418962497264145 0.03345347195863723 -0.002817115513607859
v 0.008553458377718922 0.03779079765081405 0.0019067835528403518
v 0.008734265342354771 0.03293511644005775 0.002195067005231976
v 0.008751931600272652 0.03307465091347694 0.002531260251998901
v 0.008691573515534397 0.03345395252108573 0.0018934427062049506
v 0.00866422243416309 0.03254216164350509 0.0015886712353676555
v 0.008769596926867958 0.033214185386896126 0.0028674537315964694
v 0.00876049883663654 0.03336664289236068 0.0035782514605671163
v 0.008699976839125153 0.03634820878505706 0.003578252391889691
v 0.008639597333967682 0.03779321163892745 0.0027619707398116584
v 0.00864589866250753 0.03783820196986198 0.0035782526247203346
v 0.00876195356249809 0.03345594182610511 0.0027441740967333312
v 0.008547500707209107 0.03345196694135665 0.001071275328285992
v 0.008395591750741001 0.037788920104503625 0.0010821850737556813
v 0.008309022523462769 0.042122632265090935 0.0019208400044590233
v 0.008472491055727002 0.031466670334339135 0.0006361975683830677
v 0.00857231859117746 0.03204545378684997 0.0010619215900078414
v 0.008318481966853138 0.03012115508317947 0.00012461638834793118
v 0.0083196060732007 0.033450797200202935 0.0002826773561537265
v 0.008380792103707787 0.03081629984080791 0.0003190721909049898
v 0.008158195763826367 0.03778854385018348 0.0002965460298582911
v 0.00798523239791393 0.03345075994729995 -0.0005161934532225131
v 0.007820555008947846 0.03778951987624168 -0.0004890884156338869
v 0.0073899449780583356 0.03779106214642524 -0.0012608319520950315
v 0.006873290985822675 0.037792652845382683 -0.002005822956562042
v 0.008135945536196228 0.04212082922458648 0.001092997728846967
v 0.008591820485889908 0.039328191429376595 0.0035782528575509782
v 0.008413726463913914 0.04212553054094314 0.002779241185635328
v 0.008186394348740574 0.04514693841338157 0.0027087854687124486
v 0.007890072651207444 0.042121130973100655 0.00031080553890205914
v 0.008436074480414387 0.0423060730099678 0.003578253090381622
v 0.008232789114117619 0.04528131335973739 0.003578253090381622
v 0.007888787426054474 0.04488424584269523 0.0010090781142935155
v 0.008072018623352047 0.04501457512378692 0.0018523378530517218
v 0.0075537590309977505 0.04212286695837974 -0.00045604485785588617
v 0.007133672945201394 0.04212499409914016 -0.0011973846703767774
v 0.006635993253439662 0.042126774787902825 -0.001903331372886896
v 0.007620496675372121 0.0447564385831356 0.00018210995767731217
v 0.007256880868226287 0.0446329154074192 -0.0006171290879137813
v 0.006813657935708759 0.0445173792541027 -0.001364680705592036
v 0.0062954220920801145 0.044409707188606255 -0.0020613605156540866
v 0.0060683470219373686 0.04212770611047744 -0.0025645541027188297
v 0.006279575172811745 0.03779391571879386 -0.0027117230929434295
v 0.005619163624942301 0.03779459372162818 -0.003366601420566439
v 0.0034025770146399723 0.03345604613423347 -0.005149560049176215
v 0.004141181241720913 0.03779372945427894 -0.004481452051550149
v 0.004902701359242199 0.037794541567564004 -0.003959793131798505
v 0.005439337342977522 0.042127456516027444 -0.0031721352133899923
v 0.004757693037390707 0.04212591797113418 -0.0037181037478148933
v 0.0033471686765551554 0.03779222816228866 -0.004922723397612571
v 0.002533786464482545 0.037790201604366296 -0.005275526084005832
v 0.002568212337791919 0.033455882221460335 -0.005524516105651855
v 0.0032732903491705643 0.042119391262531274 -0.00459655001759529
v 0.004032343626022337 0.042123138904571526 -0.004195104353129863
v 0.0017298818565905088 0.03345546498894691 -0.005799221340566873
v 0.00010398029553471129 0.03345470130443572 -0.006027073133736848
v 0.0009029185166582462 0.03345497325062751 -0.005967986769974231
v 0.001713083125650882 0.0377880111336708 -0.0055338097736239425
v 0.0008983387961052355 0.03778614103794097 -0.005692568141967057
v 0.00010390208626631643 0.03778529167175292 -0.005748236086219548
v 0.005703062750399111 0.0443098060786724 -0.002707772888243198
v 0.004337172489613293 0.0441395454108715 -0.0038094262126833196
v 0.002490917919203638 0.04211506247520446 -0.0049164281226694575
v 0.005046270322054623 0.04421918466687202 -0.0032941205427050586
v 0.0027703316882252685 0.044014941900968545 -0.004615631885826587
v 0.0035771180409938084 0.04407112300395965 -0.004252125043421983
v 0.0016948641277849668 0.04211081936955451 -0.0051501262933015815
v 0.0008954529766924676 0.0421074628829956 -0.005293728318065404
v 0.001937057939358055 0.043972942978143685 -0.004887370858341455
v 0.0001039071503328159 0.0421060137450695 -0.00534413382411003
v 0.0010777103016152974 0.043945837765932076 -0.005062776152044534
v 0.00019297120161354536 0.04393481090664863 -0.005134087055921554
v 0.006105297710746525 0.01662766374647617 -0.003014961257576942
v 0.006228128913789986 0.01633270829916 -0.002858131425455212
v 0.0031943824142217627 0.01617028936743736 0.010207879357039927
v 0.008580009452998635 0.03789331763982772 0.00453825294971466
v 0.008205386810004708 0.045429676771163933 0.004538250155746936
v 0.008159997873008248 0.04542968049645423 0.004538253415375947
v 0.008392283692955967 0.04241687431931495 0.004538252018392085
v 0.006639998871833083 0.03448591381311416 0.004538253415375947
v 0.008532913401722905 0.039401769638061516 0.00453825294971466
v 0.006639998871833083 0.03336664289236068 0.004538253415375947
v 0.008674689568579193 0.03336664289236068 0.004538253415375947
v 0.00862710643559694 0.03638485819101333 0.00453825294971466
v 0.007613291032612321 0.030129903927445408 0.007990266196429728
v 0.006639998871833083 0.030116837471723553 0.00799268390983343
v 0.007719039451330898 0.030833752825856205 0.0077907564118504516
v 0.007867313921451565 0.03148150444030761 0.007471285760402679
v 0.006639998871833083 0.03146559372544288 0.007480958476662635
v 0.006639998871833083 0.030814474448561665 0.007798125967383384
v 0.006639998871833083 0.03204884752631187 0.007051579188555478
v 0.008042540401220318 0.032059125602245324 0.00704243779182434
v 0.006639998871833083 0.032938126474618905 0.005915709771215915
v 0.008225694298744198 0.03254654631018638 0.006522236391901969
v 0.008402445353567597 0.03293649852275848 0.00591881014406681
v 0.00855561718344688 0.03321222215890884 0.005255338270217179
v 0.006639998871833083 0.03321499377489089 0.005246458575129508
v 0.008674689568579193 0.03336664289236068 0.004538253415375947
v 0.006639998871833083 0.03336664289236068 0.004538253415375947
v 0.006639998871833083 0.03254511579871177 0.006524064578115939
v 0.006639998871833083 0.03336664289236068 0.003578253090381622
v 0.006639998871833083 0.03433754667639732 0.003578253090381622
v 0.00876049883663654 0.03336664289236068 0.0035782514605671163
v 0.008699976839125153 0.03634820878505706 0.003578252391889691
v 0.008591820485889908 0.039328191429376595 0.0035782528575509782
v 0.008159997873008248 0.04528131335973739 0.003578253090381622
v 0.008232789114117619 0.04528131335973739 0.003578253090381622
v 0.008436074480414387 0.0423060730099678 0.003578253090381622
v -0.006480000913143156 0.03433754667639732 0.003578253090381622
v -0.008276076987385746 0.0423060730099678 0.003578253090381622
v -0.008000001311302182 0.04528131335973739 0.003578253090381622
v -0.008072792552411553 0.04528131335973739 0.003578253090381622
v -0.008431818336248394 0.039328191429376595 0.0035782528575509782
v -0.008600464090704914 0.03336664289236068 0.0035782514605671163
v -0.008539965376257893 0.03634820878505706 0.003578252391889691
v -0.006480000913143156 0.03336664289236068 0.003578253090381622
v -0.008158475160598751 0.03012098744511604 0.00012458529090508816
v -0.008220972493290898 0.03081780113279819 0.00031964303343556816
v -0.006480000913143156 0.030814474448561665 0.0003183799271937459
v -0.006480000913143156 0.03146559372544288 0.000635547621641308
v -0.008312489837408062 0.031466647982597344 0.0006361834821291267
v -0.006480000913143156 0.03204884752631187 0.001064927317202091
v -0.006480000913143156 0.030116837471723553 0.00012382224667817351
v -0.008412741124629971 0.03204777836799621 0.0010639778338372705
v -0.006480000913143156 0.032938126474618905 0.002200796734541654
v -0.008504047058522698 0.032541200518608086 0.0015874495729804037
v -0.008574358187615868 0.03293567150831222 0.0021961207967251535
v -0.008609525859355923 0.033213075250387185 0.0028638918884098525
v -0.006480000913143156 0.03321499377489089 0.0028700474649667736
v -0.008600464090704914 0.03336664289236068 0.0035782514605671163
v -0.006480000913143156 0.03254511579871177 0.0015924415783956645
v -0.006480000913143156 0.03336664289236068 0.003578253090381622
v -0.006480000913143156 0.03448591381311416 0.004538253415375947
v -0.008467108942568299 0.03638485819101333 0.00453825294971466
v -0.008514693006873127 0.03336664289236068 0.004538253415375947
v -0.006480000913143156 0.03336664289236068 0.004538253415375947
v -0.008372917771339413 0.039401769638061516 0.00453825294971466
v -0.008000001311302182 0.04542968049645423 0.004538253415375947
v -0.008232287131249901 0.04241687431931495 0.004538252018392085
v -0.008045389316976067 0.045429676771163933 0.004538250155746936
v 0.0032799986656755196 0.02934273704886436 0.011042930185794829
v 0.0032799986656755196 0.03582262620329856 0.009910284541547297
v 0.003279998432844876 0.03262356668710708 0.011126485653221605
v 0.0032799988985061632 0.026063703000545498 0.0109070623293519
v 0.0032799986656755196 0.032257542014122 0.00988070201128721
v 0.003279997035861014 0.03918763622641563 0.011134554632008074
v 0.0032799982000142323 0.035905472934246056 0.011157188564538954
v 0.0032799986656755196 0.0378691479563713 0.009910284541547297
v 0.003279995173215865 0.042469248175621026 0.011058093979954718
v 0.003280000295490025 0.022787066176533696 0.010719976387917994
v 0.003280004486441611 0.019513430073857304 0.010482998564839361
v 0.003280012402683495 0.01624340564012527 0.010197454132139681
v 0.0032799986656755196 0.02513131499290466 0.009644092060625551
v 0.0032799986656755196 0.021572124212980267 0.009437130764126776
v 0.0032799986656755196 0.028693448752164837 0.009791962802410124
v -0.003120001405477523 0.03262382745742797 0.011126491241157053
v -0.003120001405477523 0.03582262620329856 0.009910284541547297
v -0.003120001405477523 0.029343036934733387 0.01104294043034315
v -0.003120001405477523 0.032257542014122 0.00988070201128721
v -0.0031200016383081666 0.026063950732350346 0.010907073505222796
v -0.0031200009398162356 0.035905621945857995 0.011157191358506678
v -0.003120000008493661 0.03918767720460891 0.011134555563330649
v -0.003119997913017868 0.042469248175621026 0.011058093979954718
v -0.003120001405477523 0.0378691479563713 0.009910284541547297
v -0.0031200030352920285 0.022787217050790783 0.010719984769821165
v -0.003120001405477523 0.02513131499290466 0.009644092060625551
v -0.0031200151424854985 0.01624340564012527 0.010197454132139681
v -0.003120007459074258 0.01951348595321178 0.01048300229012966
v -0.003120001405477523 0.021572124212980267 0.009437130764126776
v -0.003120001405477523 0.028693448752164837 0.009791962802410124
v 0.008159997873008248 0.04528131335973739 0.003578253090381622
v 0.006639998871833083 0.03433754667639732 0.003578253090381622
v 0.006639998871833083 0.03448591381311416 0.004538253415375947
v 0.008159997873008248 0.04542968049645423 0.004538253415375947
v 0.006639998871833083 0.02786481752991676 0.007753771264106034
v 0.006639998871833083 0.029012866318225857 0.004982132464647292
v 0.006639998871833083 0.027173269540071484 0.0073841316625475875
v 0.006639998871833083 0.026567123830318447 0.006886680144816636
v 0.006639998871833083 0.029395552352070805 0.008058252744376658
v 0.006639998871833083 0.029395552352070805 0.005058253183960914
v 0.006639998871833083 0.028615191578865048 0.00798139441758394
v 0.006639998871833083 0.028688443824648854 0.00476536015048623
v 0.006639998871833083 0.026069670915603634 0.006280533969402312
v 0.006639998871833083 0.02547241002321243 0.004838614724576472
v 0.006639998871833083 0.02570003271102905 0.005588986910879611
v 0.006639998871833083 0.028471672907471653 0.004440936725586652
v 0.006639998871833083 0.028395552188158032 0.004058253485709428
v 0.006639998871833083 0.03146559372544288 0.007480958476662635
v 0.006639998871833083 0.029778234660625454 0.004982132464647292
v 0.006639998871833083 0.030814474448561665 0.007798125967383384
v 0.006639998871833083 0.03204884752631187 0.007051579188555478
v 0.006639998871833083 0.03254511579871177 0.006524064578115939
v 0.006639998871833083 0.030102657154202458 0.00476536015048623
v 0.006639998871833083 0.032938126474618905 0.005915709771215915
v 0.006639998871833083 0.030116837471723553 0.00799268390983343
v 0.006639998871833083 0.030319431796669957 0.004440936725586652
v 0.006639998871833083 0.03433754667639732 0.003578253090381622
v 0.006639998871833083 0.03336664289236068 0.004538253415375947
v 0.006639998871833083 0.03448591381311416 0.004538253415375947
v 0.006639998871833083 0.03321499377489089 0.005246458575129508
v 0.006639998871833083 0.030395552515983578 0.004058253485709428
v 0.006639998871833083 0.025395551696419712 0.004058253485709428
v 0.006639998871833083 0.028471672907471653 0.0036755695473402734
v 0.006639998871833083 0.02547241002321243 0.0032778920140117403
v 0.006639998871833083 0.02570003271102905 0.002527519594877958
v 0.006639998871833083 0.028688443824648854 0.003351146355271339
v 0.006639998871833083 0.029012866318225857 0.003134373808279633
v 0.006639998871833083 0.026567123830318447 0.0012298260116949675
v 0.006639998871833083 0.029395552352070805 0.0030582530889660116
v 0.006639998871833083 0.028615191578865048 0.00013511201541405168
v 0.006639998871833083 0.026069670915603634 0.0018359721871092913
v 0.006639998871833083 0.027173269540071484 0.0007323746685869991
v 0.006639998871833083 0.02786481752991676 0.0003627350088208913
v 0.006639998871833083 0.029395552352070805 5.825313564855605e-05
v 0.006639998871833083 0.030116837471723553 0.00012382224667817351
v 0.006639998871833083 0.030102657154202458 0.003351146355271339
v 0.006639998871833083 0.030319431796669957 0.0036755695473402734
v 0.006639998871833083 0.032938126474618905 0.002200796734541654
v 0.006639998871833083 0.03321499377489089 0.0028700474649667736
v 0.006639998871833083 0.03336664289236068 0.003578253090381622
v 0.006639998871833083 0.029778234660625454 0.003134373808279633
v 0.006639998871833083 0.03204884752631187 0.001064927317202091
v 0.006639998871833083 0.03146559372544288 0.000635547621641308
v 0.006639998871833083 0.030814474448561665 0.0003183799271937459
v 0.006639998871833083 0.03254511579871177 0.0015924415783956645
v -0.006480000913143156 0.03448591381311416 0.004538253415375947
v -0.008000001311302182 0.04528131335973739 0.003578253090381622
v -0.008000001311302182 0.04542968049645423 0.004538253415375947
v -0.006480000913143156 0.03433754667639732 0.003578253090381622
v -0.006480000913143156 0.02786481752991676 0.0003627350088208913
v -0.006480000913143156 0.029012866318225857 0.003134373808279633
v -0.006480000913143156 0.027173269540071484 0.0007323746685869991
v -0.006480000913143156 0.026567123830318447 0.0012298260116949675
v -0.006480000913143156 0.029395552352070805 5.825313564855605e-05
v -0.006480000913143156 0.029395552352070805 0.0030582530889660116
v -0.006480000913143156 0.028615191578865048 0.00013511201541405168
v -0.006480000913143156 0.028688443824648854 0.003351146355271339
v -0.006480000913143156 0.026069670915603634 0.0018359721871092913
v -0.006480000913143156 0.02547241002321243 0.0032778920140117403
v -0.006480000913143156 0.02570003271102905 0.002527519594877958
v -0.006480000913143156 0.028471672907471653 0.0036755695473402734
v -0.006480000913143156 0.028395552188158032 0.004058253485709428
v -0.006480000913143156 0.03146559372544288 0.000635547621641308
v -0.006480000913143156 0.029778234660625454 0.003134373808279633
v -0.006480000913143156 0.030814474448561665 0.0003183799271937459
v -0.006480000913143156 0.03204884752631187 0.001064927317202091
v -0.006480000913143156 0.03254511579871177 0.0015924415783956645
v -0.006480000913143156 0.030102657154202458 0.003351146355271339
v -0.006480000913143156 0.032938126474618905 0.002200796734541654
v -0.006480000913143156 0.030116837471723553 0.00012382224667817351
v -0.006480000913143156 0.030319431796669957 0.0036755695473402734
v -0.006480000913143156 0.03336664289236068 0.004538253415375947
v -0.006480000913143156 0.03336664289236068 0.003578253090381622
v -0.006480000913143156 0.03433754667639732 0.003578253090381622
v -0.006480000913143156 0.03321499377489089 0.0028700474649667736
v -0.006480000913143156 0.030395552515983578 0.004058253485709428
v -0.006480000913143156 0.025395551696419712 0.004058253485709428
v -0.006480000913143156 0.028471672907471653 0.004440936725586652
v -0.006480000913143156 0.02547241002321243 0.004838614724576472
v -0.006480000913143156 0.02570003271102905 0.005588986910879611
v -0.006480000913143156 0.028688443824648854 0.00476536015048623
v -0.006480000913143156 0.029012866318225857 0.004982132464647292
v -0.006480000913143156 0.026567123830318447 0.006886680144816636
v -0.006480000913143156 0.029395552352070805 0.005058253183960914
v -0.006480000913143156 0.028615191578865048 0.00798139441758394
v -0.006480000913143156 0.026069670915603634 0.006280533969402312
v -0.006480000913143156 0.027173269540071484 0.0073841316625475875
v -0.006480000913143156 0.02786481752991676 0.007753771264106034
v -0.006480000913143156 0.029395552352070805 0.008058252744376658
v -0.006480000913143156 0.030116837471723553 0.00799268390983343
v -0.006480000913143156 0.030102657154202458 0.00476536015048623
v -0.006480000913143156 0.030319431796669957 0.004440936725586652
v -0.006480000913143156 0.032938126474618905 0.005915709771215915
v -0.006480000913143156 0.03321499377489089 0.005246458575129508
v -0.006480000913143156 0.03448591381311416 0.004538253415375947
v -0.006480000913143156 0.029778234660625454 0.004982132464647292
v -0.006480000913143156 0.03204884752631187 0.007051579188555478
v -0.006480000913143156 0.03146559372544288 0.007480958476662635
v -0.006480000913143156 0.030814474448561665 0.007798125967383384
v -0.006480000913143156 0.03254511579871177 0.006524064578115939
v -0.0008142412989400324 0.043794363737106316 0.011388752609491347
v -0.00037146484828554083 0.04388629645109176 0.011411691084504126
v 7.999865920282898e-05 0.043908324092626565 0.011417186819016932
v -0.0012467005290091033 0.043662656098604195 0.01135588902980089
v 0.0014054077910259362 0.043664738535881036 0.011356408707797526
v 0.0005302356439642606 0.04387992247939109 0.011410100385546683
v 0.0009743257542140779 0.04379680007696151 0.01138936076313257
v 0.0018173112766817206 0.04349080100655555 0.011313007213175295
v -0.003120001405477523 0.0378691479563713 0.009910284541547297
v -0.002429379150271415 0.04303269088268279 0.011198696680366991
v -0.001661019399762153 0.043488997966051095 0.011312556453049181
v -0.003119997913017868 0.042469248175621026 0.011058093979954718
v 0.0032799986656755196 0.0378691479563713 0.009910284541547297
v 0.0025879978202283374 0.04303438961505889 0.01119912229478359
v 0.003279995173215865 0.042469248175621026 0.011058093979954718
v 0.0032799986656755196 0.0378691479563713 0.009910284541547297
v 0.0032799986656755196 0.03582262620329856 0.009910284541547297
v -0.003120001405477523 0.03582262620329856 0.009910284541547297
v -0.003120001405477523 0.0378691479563713 0.009910284541547297
v 0.0032799986656755196 0.02513131499290466 0.009644092060625551
v 0.0032799986656755196 0.021572124212980267 0.009437130764126776
v -0.003120001405477523 0.021572124212980267 0.009437130764126776
v -0.003120001405477523 0.02513131499290466 0.009644092060625551
v -0.003120001405477523 0.032257542014122 0.00988070201128721
v -0.003120001405477523 0.028693448752164837 0.009791962802410124
v 0.0032799986656755196 0.032257542014122 0.00988070201128721
v 0.0032799986656755196 0.028693448752164837 0.009791962802410124
v 7.999865920282898e-05 0.014752136543393133 0.010410157963633536
v -0.0003760959662031381 0.014778834767639635 0.010406348854303358
v -0.0008230739040300247 0.01486553158611059 0.01039397995918989
v 0.0014132191427052017 0.015001608990132807 0.010374564677476881
v -0.0012530671665444966 0.01500145625323057 0.010374587029218672
v 0.0005359055940061805 0.014780996367335318 0.010406039655208586
v 0.0009821580024436112 0.014865299686789511 0.010394011624157427
v -0.003120001405477523 0.021572124212980267 0.009437130764126776
v -0.0016666804440319532 0.015183654613792895 0.01034859102219343
v -0.0024344788398593655 0.015659052878618237 0.010280764661729334
v -0.0031200151424854985 0.01624340564012527 0.010197454132139681
v 0.0032799986656755196 0.021572124212980267 0.009437130764126776
v 0.0025949713308364144 0.015658471733331677 0.010280855931341646
v 0.0018287445418536657 0.015184693969786165 0.010348443873226641
v 0.003280012402683495 0.01624340564012527 0.010197454132139681
v 0.006639998871833083 0.029778234660625454 0.004982132464647292
v 0.008159997873008248 0.029778234660625454 0.004982132464647292
v 0.006639998871833083 0.030319431796669957 0.004440936725586652
v 0.008159997873008248 0.030319431796669957 0.004440936725586652
v 0.008159997873008248 0.030102657154202458 0.00476536015048623
v 0.006639998871833083 0.030102657154202458 0.00476536015048623
v 0.006639998871833083 0.030395552515983578 0.004058253485709428
v 0.008159997873008248 0.030395552515983578 0.004058253485709428
v 0.006639998871833083 0.030102657154202458 0.003351146355271339
v 0.008159997873008248 0.030102657154202458 0.003351146355271339
v 0.008159997873008248 0.030319431796669957 0.0036755695473402734
v 0.008159997873008248 0.029778234660625454 0.003134373808279633
v 0.006639998871833083 0.029778234660625454 0.003134373808279633
v 0.006639998871833083 0.030319431796669957 0.0036755695473402734
v -0.006480000913143156 0.029778234660625454 0.003134373808279633
v -0.008000001311302182 0.029778234660625454 0.003134373808279633
v -0.006480000913143156 0.030319431796669957 0.0036755695473402734
v -0.008000001311302182 0.030319431796669957 0.0036755695473402734
v -0.008000001311302182 0.030102657154202458 0.003351146355271339
v -0.006480000913143156 0.030102657154202458 0.003351146355271339
v -0.006480000913143156 0.030395552515983578 0.004058253485709428
v -0.008000001311302182 0.030395552515983578 0.004058253485709428
v -0.006480000913143156 0.030102657154202458 0.00476536015048623
v -0.008000001311302182 0.030102657154202458 0.00476536015048623
v -0.008000001311302182 0.030319431796669957 0.004440936725586652
v -0.008000001311302182 0.029778234660625454 0.004982132464647292
v -0.006480000913143156 0.029778234660625454 0.004982132464647292
v -0.006480000913143156 0.030319431796669957 0.004440936725586652
v 0.008159997873008248 0.028688443824648854 0.00476536015048623
v 0.008159997873008248 0.029012866318225857 0.004982132464647292
v 0.008159997873008248 0.028062181547284123 0.006053780205547809
v 0.008159997873008248 0.02769849449396133 0.005755309481173753
v 0.008159997873008248 0.02892733365297317 0.006412138231098651
v 0.008159997873008248 0.02847710996866226 0.006275564432144164
v 0.008159997873008248 0.029395552352070805 0.005058253183960914
v 0.008159997873008248 0.027400024235248562 0.005391621496528386
v 0.008159997873008248 0.028471672907471653 0.004440936725586652
v 0.008159997873008248 0.027178239077329632 0.0049766930751502505
v 0.008159997873008248 0.02704166620969772 0.004526469856500625
v 0.008159997873008248 0.028395552188158032 0.004058253485709428
v 0.008159997873008248 0.02699555084109306 0.004058253485709428
v 0.008159997873008248 0.02704166620969772 0.0035900364164263006
v 0.008159997873008248 0.03072891943156719 0.006053780205547809
v 0.008159997873008248 0.030313991010189053 0.006275564432144164
v 0.008159997873008248 0.029778234660625454 0.004982132464647292
v 0.008159997873008248 0.02986376732587814 0.006412138231098651
v 0.008159997873008248 0.030102657154202458 0.00476536015048623
v 0.008159997873008248 0.03109260834753513 0.005755309481173753
v 0.008159997873008248 0.031391076743602746 0.005391621496528386
v 0.008159997873008248 0.029395552352070805 0.006458253134042024
v 0.008159997873008248 0.030319431796669957 0.004440936725586652
v 0.008159997873008248 0.03161285817623138 0.0049766930751502505
v 0.008159997873008248 0.03174943476915359 0.004526469856500625
v 0.008159997873008248 0.030395552515983578 0.004058253485709428
v 0.008159997873008248 0.028471672907471653 0.0036755695473402734
v 0.008159997873008248 0.027178239077329632 0.003139812964946031
v 0.008159997873008248 0.028688443824648854 0.003351146355271339
v 0.008159997873008248 0.027400024235248562 0.0027248845435678955
v 0.008159997873008248 0.028062181547284123 0.0020627260673791166
v 0.008159997873008248 0.029012866318225857 0.003134373808279633
v 0.008159997873008248 0.02892733365297317 0.00170436839107424
v 0.008159997873008248 0.029395552352070805 0.0030582530889660116
v 0.008159997873008248 0.02769849449396133 0.0023611967917531724
v 0.008159997873008248 0.02847710996866226 0.0018409421900287268
v 0.008159997873008248 0.029395552352070805 0.0016582531388849018
v 0.008159997873008248 0.02986376732587814 0.00170436839107424
v 0.008159997873008248 0.03161285817623138 0.003139812964946031
v 0.008159997873008248 0.030319431796669957 0.0036755695473402734
v 0.008159997873008248 0.031391076743602746 0.0027248845435678955
v 0.008159997873008248 0.03174943476915359 0.0035900364164263006
v 0.008159997873008248 0.03179555013775825 0.004058253485709428
v 0.008159997873008248 0.030102657154202458 0.003351146355271339
v 0.008159997873008248 0.029778234660625454 0.003134373808279633
v 0.008159997873008248 0.030313991010189053 0.0018409421900287268
v 0.008159997873008248 0.03072891943156719 0.0020627260673791166
v 0.008159997873008248 0.03109260834753513 0.0023611967917531724
v -0.008000001311302182 0.028688443824648854 0.003351146355271339
v -0.008000001311302182 0.029012866318225857 0.003134373808279633
v -0.008000001311302182 0.028062181547284123 0.0020627260673791166
v -0.008000001311302182 0.02769849449396133 0.0023611967917531724
v -0.008000001311302182 0.02892733365297317 0.00170436839107424
v -0.008000001311302182 0.02847710996866226 0.0018409421900287268
v -0.008000001311302182 0.029395552352070805 0.0030582530889660116
v -0.008000001311302182 0.027400024235248562 0.0027248845435678955
v -0.008000001311302182 0.028471672907471653 0.0036755695473402734
v -0.008000001311302182 0.027178239077329632 0.003139812964946031
v -0.008000001311302182 0.02704166620969772 0.0035900364164263006
v -0.008000001311302182 0.028395552188158032 0.004058253485709428
v -0.008000001311302182 0.02699555084109306 0.004058253485709428
v -0.008000001311302182 0.02704166620969772 0.004526469856500625
v -0.008000001311302182 0.03072891943156719 0.0020627260673791166
v -0.008000001311302182 0.030313991010189053 0.0018409421900287268
v -0.008000001311302182 0.029778234660625454 0.003134373808279633
v -0.008000001311302182 0.02986376732587814 0.00170436839107424
v -0.008000001311302182 0.030102657154202458 0.003351146355271339
v -0.008000001311302182 0.03109260834753513 0.0023611967917531724
v -0.008000001311302182 0.031391076743602746 0.0027248845435678955
v -0.008000001311302182 0.029395552352070805 0.0016582531388849018
v -0.008000001311302182 0.030319431796669957 0.0036755695473402734
v -0.008000001311302182 0.03161285817623138 0.003139812964946031
v -0.008000001311302182 0.03174943476915359 0.0035900364164263006
v -0.008000001311302182 0.030395552515983578 0.004058253485709428
v -0.008000001311302182 0.028471672907471653 0.004440936725586652
v -0.008000001311302182 0.027178239077329632 0.0049766930751502505
v -0.008000001311302182 0.028688443824648854 0.00476536015048623
v -0.008000001311302182 0.027400024235248562 0.005391621496528386
v -0.008000001311302182 0.028062181547284123 0.006053780205547809
v -0.008000001311302182 0.029012866318225857 0.004982132464647292
v -0.008000001311302182 0.02892733365297317 0.006412138231098651
v -0.008000001311302182 0.029395552352070805 0.005058253183960914
v -0.008000001311302182 0.02769849449396133 0.005755309481173753
v -0.008000001311302182 0.02847710996866226 0.006275564432144164
v -0.008000001311302182 0.029395552352070805 0.006458253134042024
v -0.008000001311302182 0.02986376732587814 0.006412138231098651
v -0.008000001311302182 0.03161285817623138 0.0049766930751502505
v -0.008000001311302182 0.030319431796669957 0.004440936725586652
v -0.008000001311302182 0.031391076743602746 0.005391621496528386
v -0.008000001311302182 0.03174943476915359 0.004526469856500625
v -0.008000001311302182 0.03179555013775825 0.004058253485709428
v -0.008000001311302182 0.030102657154202458 0.00476536015048623
v -0.008000001311302182 0.029778234660625454 0.004982132464647292
v -0.008000001311302182 0.030313991010189053 0.006275564432144164
v -0.008000001311302182 0.03072891943156719 0.006053780205547809
v -0.008000001311302182 0.03109260834753513 0.005755309481173753
v 0.00925980135798454 0.03108853660523891 0.005759370047599076
v 0.009182146750390526 0.030727429315447804 0.006054420955479144
v 0.008159997873008248 0.03109260834753513 0.005755309481173753
v 0.008159997873008248 0.030313991010189053 0.006275564432144164
v 0.009116403758525845 0.03031506761908531 0.006275117862969636
v 0.009069741703569886 0.02986429817974567 0.006412032060325145
v 0.008159997873008248 0.03072891943156719 0.006053780205547809
v 0.008159997873008248 0.03174943476915359 0.004526469856500625
v 0.009487943723797795 0.031746320426464074 0.004541850648820399
v 0.00941994413733482 0.031607244163751595 0.00499013578519225
v 0.009341865777969357 0.031385894864797585 0.005399347748607396
v 0.008159997873008248 0.03161285817623138 0.0049766930751502505
v 0.008159997873008248 0.031391076743602746 0.005391621496528386
v 0.008159997873008248 0.03179555013775825 0.004058253485709428
v 0.008159997873008248 0.02986376732587814 0.006412138231098651
v 0.00953988544642925 0.03179549053311347 0.004074860364198684
v 0.008159997873008248 0.03174943476915359 0.0035900364164263006
v 0.009586992673575875 0.03161745890974998 0.0031509990803897376
v 0.009573049843311306 0.03175236284732818 0.0036050209309905763
v 0.00958401151001453 0.031397227197885506 0.002734137931838631
v 0.008159997873008248 0.031391076743602746 0.0027248845435678955
v 0.009568648412823674 0.031097954139113423 0.0023665612097829576
v 0.008159997873008248 0.03161285817623138 0.003139812964946031
v 0.009547088295221325 0.030734503641724583 0.0020664695184677835
v 0.008159997873008248 0.03109260834753513 0.0023611967917531724
v 0.008159997873008248 0.02986376732587814 0.00170436839107424
v 0.0095097878947854 0.029865954071283337 0.0017051189206540582
v 0.009525530040264126 0.030317766591906544 0.0018425098387524483
v 0.008159997873008248 0.03072891943156719 0.0020627260673791166
v 0.008159997873008248 0.030313991010189053 0.0018409421900287268
v -0.009387080557644364 0.030733561143279072 0.0020662050228565927
v -0.00936553534120321 0.030317809432744976 0.0018425281159579752
v -0.008000001311302182 0.03072891943156719 0.0020627260673791166
v -0.008000001311302182 0.02986376732587814 0.00170436839107424
v -0.0093496311455965 0.029864650219678875 0.0017045440617948768
v -0.008000001311302182 0.030313991010189053 0.0018409421900287268
v -0.009426997043192383 0.031617414206266396 0.003150885226204991
v -0.009424010291695591 0.03139710053801536 0.0027339446824043985
v -0.008000001311302182 0.03161285817623138 0.003139812964946031
v -0.008000001311302182 0.03109260834753513 0.0023611967917531724
v -0.009408650919795033 0.031097928062081334 0.002366534667089581
v -0.008000001311302182 0.031391076743602746 0.0027248845435678955
v -0.008000001311302182 0.03174943476915359 0.0035900364164263006
v -0.009413048624992367 0.03175238519906997 0.0036051317583769556
v -0.008000001311302182 0.03179555013775825 0.004058253485709428
v -0.009379971772432324 0.03179549798369407 0.004073954187333583
v -0.008000001311302182 0.03174943476915359 0.004526469856500625
v -0.009327883832156655 0.031746417284011834 0.004541869740933179
v -0.009260158054530617 0.03160775825381278 0.004988909699022769
v -0.008000001311302182 0.03161285817623138 0.0049766930751502505
v -0.009182095527648922 0.03138661757111549 0.0053982692770659915
v -0.009100011549890038 0.031089374795556065 0.005758534185588359
v -0.008000001311302182 0.031391076743602746 0.005391621496528386
v -0.008000001311302182 0.030313991010189053 0.006275564432144164
v -0.008909990079700943 0.029865322634577748 0.006411497015506028
v -0.008956458419561383 0.030315458774566647 0.006274955347180366
v -0.008000001311302182 0.03072891943156719 0.006053780205547809
v -0.009022423997521397 0.030729370191693302 0.006053478922694921
v -0.008000001311302182 0.03109260834753513 0.005755309481173753
v -0.008000001311302182 0.02986376732587814 0.006412138231098651
v -0.00569963827729225 0.01721756905317306 -0.003328620688989758
v -0.006190962158143519 0.01603775471448898 -0.0027013015933334823
v -0.006776947528123853 0.01721756905317306 -0.003328620688989758
v -0.007195485290139911 0.01603421382606029 -0.0026994191575795408
v -0.006586976349353788 0.014830914326012133 -0.0020596138201653953
v -0.007531261071562764 0.014830914326012133 -0.0020596138201653953
v 0.006936945486813781 0.01721756905317306 -0.003328620688989758
v 0.006350959651172159 0.01603775471448898 -0.0027013015933334823
v 0.005859636235982178 0.01721756905317306 -0.003328620688989758
v 0.007355482317507264 0.01603421382606029 -0.0026994191575795408
v 0.0076912590302526925 0.014830914326012133 -0.0020596138201653953
v 0.006746973376721141 0.014830914326012133 -0.0020596138201653953
v -0.004966779612004755 0.01790359243750572 -0.00403786078095436
v -0.006168003659695385 0.017899090424180027 -0.004028836730867623
v -0.005897127557545899 0.01800228841602802 -0.004292902536690234
v -0.004649618174880741 0.01800228841602802 -0.004292902536690234
v -0.00525530520826578 0.017747161909937855 -0.003782332874834537
v -0.006411347538232802 0.017738351598381993 -0.0037706785369664426
v -0.00661932863295078 0.017511406913399693 -0.0035297276917845006
v -0.005506125278770922 0.01752045005559921 -0.003537588287144899
v 0.006057125516235827 0.01800228841602802 -0.004292902536690234
v 0.005125288385897873 0.01790446229279041 -0.004039197694510221
v 0.004809616133570669 0.01800228841602802 -0.004292902536690234
v 0.006326422560960053 0.017900209873914715 -0.004030534997582435
v 0.005414076149463652 0.017748016864061352 -0.0037834742106497283
v 0.006569604389369485 0.017739823088049885 -0.003772608703002333
v 0.006777814123779533 0.017513530328869816 -0.0035315642599016424
v 0.005664484575390814 0.017522366717457768 -0.0035392695572227235
v -0.001566095394082367 0.01800228841602802 -0.0066143511794507495
v -0.0007527833222411571 0.01800228841602802 -0.006751891691237687
v 1.574513225932605e-05 0.01800228841602802 -0.0059989895671606055
v -0.0023595166858285657 0.01800228841602802 -0.006396588869392871
v -0.0017765072407200926 0.01800228841602802 -0.005736302118748426
v -0.0031339642591774455 0.01800228841602802 -0.0061023025773465625
v -0.0007198473322205243 0.01800228841602802 -0.005949040409177541
v 0.0009056977578438815 0.01800228841602802 -0.006752935238182544
v 0.0017183684976771467 0.01800228841602802 -0.006616066209971904
v 0.0025190114974975577 0.01800228841602802 -0.00639642123132944
v 0.0007579341181553898 0.01800228841602802 -0.005963073577731847
v 7.999865920282898e-05 0.01800228841602802 -0.006800463888794183
v 0.0032956274226307856 0.01800228841602802 -0.006101579871028661
v 0.0014860798837617035 0.01800228841602802 -0.005847015883773564
v 0.004037044476717709 0.01800228841602802 -0.005740377586334943
v 0.002199223730713128 0.01800228841602802 -0.005658145993947982
v -0.0038825266528874623 0.01800228841602802 -0.005737253930419683
v -0.0027960168663412324 0.01800228841602802 -0.005375915672630071
v -0.004591841716319321 0.01800228841602802 -0.00531244184821844
v -0.003752677235752343 0.01800228841602802 -0.004892169963568448
v -0.004649618174880741 0.01800228841602802 -0.004292902536690234
v -0.005897127557545899 0.01800228841602802 -0.004292902536690234
v -0.005263351835310457 0.01800228841602802 -0.004830955993384122
v 0.0047452431172132475 0.01800228841602802 -0.005316772032529115
v 0.002896092599257826 0.01800228841602802 -0.005401407368481158
v 0.005420685280114411 0.01800228841602802 -0.004832854960113763
v 0.003563610604032873 0.01800228841602802 -0.0050856033340096465
v 0.004809616133570669 0.01800228841602802 -0.004292902536690234
v 0.004201157018542288 0.01800228841602802 -0.004715567920356988
v 0.006057125516235827 0.01800228841602802 -0.004292902536690234
v 7.999865920282898e-05 0.011795550584793089 0.010858252644538878
v 0.0008375396137125787 0.011795550584793089 0.010841611772775648
v 7.999865920282898e-05 0.016124889254570004 0.011364728212356566
v 0.0012768979649990793 0.011795552447438238 0.01081586256623268
v 0.0008697698940522966 0.016124980524182316 0.011342727579176424
v 0.0016552396118640893 0.016125243157148358 0.011277263984084128
v 0.0017246548086404794 0.020465452224016186 0.011665310710668562
v 7.999865920282898e-05 0.020464822649955746 0.011770495213568209
v 0.0032404514495283357 0.016126193106174466 0.011018174700438975
v 0.00244320835918188 0.01612565293908119 0.011169148609042166
v 0.0024624667130410663 0.011796037666499613 0.010690008290112017
v 0.0015825523296371098 0.011795677244663237 0.010783415287733076
v 0.0015918146818876262 0.011795680969953535 0.010782431811094282
v 0.002314270706847309 0.011795977130532263 0.010705740191042422
v 0.0023327949456870547 0.01179598458111286 0.010703774169087408
v 0.0025531763676553956 0.020466184243559834 0.011535847559571264
v 0.0033431986812502133 0.011797509156167505 0.010533424094319342
v 0.004053257405757902 0.016126841306686398 0.010821497067809103
v 0.004886995069682596 0.016127577051520344 0.010568956844508646
v 0.0046516219154000265 0.011802931316196917 0.010211889632046221
v 0.004796599969267843 0.011803635396063326 0.010173412971198557
v 0.0057192514650523645 0.016128379851579663 0.010176201350986956
v 0.005345292389392851 0.011810244992375372 0.009934530593454836
v 0.006494670175015925 0.01612923108041286 0.009622580371797083
v 0.006216564215719698 0.011835043318569658 0.009353605099022387
v 0.006335592828691004 0.011839534156024454 0.009261508472263811
v 0.0067588114179670785 0.011865791864693163 0.008840871974825857
v 0.0031964101362973443 0.011797264218330382 0.010559521615505217
v 0.003389186458662151 0.020467145368456837 0.011356533505022524
v 0.0009010968497022983 0.02046498656272888 0.011743974871933459
v 7.999865920282898e-05 0.02481300942599773 0.012075362727046011
v 0.002655609278008341 0.02481477707624435 0.011808669194579123
v 0.003525063861161469 0.024816026911139485 0.01160597801208496
v 0.001790586626157164 0.024813825264573094 0.01195570547133684
v 0.0009315194329246875 0.024813221767544743 0.012045166455209253
v 7.999865920282898e-05 0.029167102649807927 0.012279139831662176
v 0.0009610363631509241 0.02916733920574188 0.012246114201843737
v 0.0018530307570472353 0.02916801162064075 0.012148263864219187
v 0.00275049777701497 0.029169064015150067 0.011987438425421713
v 0.0036480675917118775 0.029170449823141095 0.0117663387209177
v 0.004235146101564167 0.02046830207109451 0.011127077043056486
v 0.0043977848254144174 0.024817528203129765 0.011349698528647421
v 0.005092304199934004 0.02046961151063442 0.010840241797268389
v 0.003926732111722229 0.011799409054219721 0.01040427479892969
v 0.004216688219457863 0.011800819076597689 0.010327320545911787
v 0.00593391479924321 0.020471043884754177 0.010417356155812739
v 0.005859478842467068 0.011821571737527846 0.009629894979298113
v 0.006711895577609536 0.0204725619405508 0.009841460734605787
v 0.005271103233098982 0.024819230660796162 0.011035338044166563
v 0.0061141429468989355 0.024821093305945393 0.010589708574116228
v 0.004541148897260426 0.029172113165259358 0.011489207856357096
v 0.006886293645948169 0.02482306025922298 0.00999935995787382
v 0.007552284281700847 0.024825092405080792 0.009283666498959063
v 0.007382603827863929 0.020474124699831005 0.009134139865636824
v 0.006259891204535959 0.029176065698266026 0.010693129152059553
v 0.005423359107226132 0.029174003750085827 0.011154101230204104
v 0.007161444053053853 0.01613010838627815 0.008931696414947508
v 0.007017811760306356 0.029178248718380925 0.010096163488924502
v 0.007682088762521741 0.016130991280078884 0.008146528154611586
v 0.00791322253644466 0.020475698634982106 0.008331974968314169
v 0.007128463126718995 0.011902528814971445 0.008369771763682364
v 0.007677653338760135 0.012018282897770403 0.007312741596251725
v 0.007797439116984603 0.012051805853843687 0.007040604483336209
v 0.008065750822424885 0.016131861135363575 0.007321717683225869
v 0.008380446583032605 0.01613269373774528 0.006487135309725999
v 0.007917224429547783 0.012085327878594397 0.006768466904759406
v 0.0074380817823111985 0.011951238848268984 0.007857017219066618
v 0.007283272687345741 0.011926883831620215 0.008113394491374491
v 0.008311798796057698 0.020477250218391415 0.007483462337404489
v 0.008641722612082955 0.0204787366092205 0.006621623877435922
v 0.008287191390991207 0.012268029153347014 0.005644256249070167
v 0.008631600998342034 0.01613347418606281 0.005645644385367631
v 0.008416905999183651 0.012383725494146345 0.005075691733509301
v 0.00890645198523998 0.020480126142501828 0.0057511264458298674
v 0.008622573688626286 0.01264054700732231 0.003933236002922057
v 0.008698527701199051 0.012781674042344092 0.0033593457192182537
v 0.008946032263338562 0.016134785488247868 0.003947710618376731
v 0.00930248666554689 0.02048333920538425 0.0031200526282191272
v 0.009008910506963726 0.016135277226567265 0.0030934079550206657
v 0.008546618744730946 0.012499419972300528 0.0045071267522871486
v 0.0088200569152832 0.01613417826592922 0.004798776470124721
v 0.009105440229177472 0.02048137970268726 0.0048753092996776095
v 0.008102208375930783 0.012176678515970705 0.006206361111253499
v 0.00923785753548145 0.020482463762164112 0.003997293766587972
v 0.008084161207079884 0.024827139452099797 0.008472627960145472
v 0.008489076979458329 0.024829151108860966 0.007608405780047177
v 0.008825999684631821 0.02483108267188072 0.006726983468979596
v 0.009096613153815266 0.024832887575030323 0.005834645591676234
v 0.008597500622272488 0.029185000807046887 0.007696478627622127
v 0.00893317814916372 0.029187142848968502 0.006803160067647695
v 0.00908399652689695 0.02847443893551826 0.0062744556926190844
v 0.009137474000453946 0.028060162439942356 0.006052416749298572
v 0.008194830268621441 0.029182769358158108 0.008568405173718928
v 0.007670420221984384 0.029180502519011494 0.009380177594721316
v 0.009299191646277901 0.02483451925218105 0.004936350975185632
v 0.00943205505609512 0.02483592368662357 0.004036974161863326
v 0.009283757768571373 0.02740296348929405 0.005396011751145124
v 0.00943202897906303 0.02704435400664806 0.00453978357836604
v 0.009493589401245114 0.0248370636254549 0.003141311695799231
v 0.009530889801681038 0.02703919820487499 0.003604453522711992
v 0.009490034542977806 0.026995593681931492 0.004072548355907201
v 0.009206675924360749 0.02769840136170387 0.005755214951932429
v 0.009361558593809601 0.02718151360750198 0.004984552972018718
v 0.009553764946758744 0.027173023670911785 0.003152511082589626
v 0.009052803739905354 0.02892428264021873 0.006411528680473565
v 7.999865920282898e-05 0.0335247553884983 0.012381670065224169
v 0.000989647000096738 0.033524986356496804 0.01234665885567665
v 0.001911984174512326 0.03352564200758933 0.012242831289768217
v 0.0028378351125866166 0.03352667018771171 0.012072007171809672
v 7.999865920282898e-05 0.037883616983890527 0.012382940389215944
v 0.0010173518676310773 0.037883810698986047 0.01234679017215967
v 0.001967449439689516 0.03788435831665992 0.012239398434758185
v 7.999865920282898e-05 0.04224133118987083 0.012282981537282465
v 0.0029176275711506596 0.037885222584009164 0.012062364257872103
v 0.0037581857759505497 0.03352802246809005 0.011837477795779703
v 0.0038554288912564503 0.037886355072259896 0.011819384992122648
v 0.002989884000271558 0.04224233701825141 0.011958537623286246
v 0.002019431209191679 0.042241796851158135 0.012137992307543753
v 0.004665222484618424 0.03352964669466018 0.011545472778379915
v 0.006371129769831894 0.033533506095409386 0.010727509856224058
v 0.007106411736458537 0.03353563696146011 0.010131773538887499
v 0.005549049004912375 0.03353149071335792 0.011196409352123736
v 0.004770020022988318 0.037887714803218835 0.011518484912812708
v 0.005648192018270491 0.037889260798692696 0.011162256821990011
v 0.006447885185480116 0.0378909483551979 0.010692843236029146
v 0.007152126170694825 0.03789273649454116 0.010106185451149939
v 0.007736965082585809 0.0335378348827362 0.009423591196537016
v 0.0077519598416984055 0.0378945805132389 0.009413899853825567
v 0.003939813002943991 0.04224305227398872 0.01171208545565605
v 0.0010441523045301433 0.04224145412445068 0.012246537953615187
v 0.0009827226167544718 0.046590991318225854 0.012052316218614577
v 0.002783213043585419 0.046554926782846444 0.011818974278867243
v 0.003664904041215776 0.046523604542016976 0.011616304516792296
v 0.001886905170977115 0.04657740518450736 0.011964432895183561
v 7.999865920282898e-05 0.04659554734826087 0.012081822380423544
v 0.004532973282039164 0.046483572572469704 0.01135729346424341
v 0.004855564795434473 0.042243905365467065 0.011408268474042414
v 0.0057208221405744535 0.042244873940944665 0.011051665060222147
v 0.006490201223641632 0.042245935648679726 0.010589148849248884
v 0.007155009079724548 0.04224705696105956 0.010019415989518164
v 0.005384825635701416 0.04643497616052627 0.011042852886021136
v 0.00619054166600108 0.04637233540415763 0.010637554340064524
v 0.006910895928740499 0.04628757387399673 0.010089111514389513
v 0.007513294927775857 0.04618479683995246 0.009424109011888502
v 0.007715468760579822 0.042248215526342385 0.009351118467748163
v 0.008245175704360005 0.033540047705173485 0.008619233965873717
v 0.008963190950453278 0.03354431688785552 0.006850108038634061
v 0.00904773827642202 0.029395552352070805 0.006458253134042024
v 0.008637008257210251 0.033542226999998086 0.007747622672468423
v 0.009069741703569886 0.02986429817974567 0.006412032060325145
v 0.00823524501174688 0.037896431982517235 0.008625109679996966
v 0.008607652969658371 0.03789826110005378 0.007761834189295768
v 0.009116403758525845 0.03031506761908531 0.006275117862969636
v 0.009182146750390526 0.030727429315447804 0.006054420955479144
v 0.008916097693145272 0.03790001198649406 0.006867823190987109
v 0.00925980135798454 0.03108853660523891 0.005759370047599076
v 0.009222478605806824 0.03354626893997192 0.0059356391429901114
v 0.009411375969648358 0.033548038452863686 0.005011847708374261
v 0.009341865777969357 0.031385894864797585 0.005399347748607396
v 0.00941994413733482 0.031607244163751595 0.00499013578519225
v 0.009527117013931271 0.03354955837130546 0.004086553119122981
v 0.009487943723797795 0.031746320426464074 0.004541850648820399
v 0.00953988544642925 0.03179549053311347 0.004074860364198684
v 0.009573049843311306 0.03175236284732818 0.0036050209309905763
v 0.009158170782029625 0.03790164738893508 0.005953075364232062
v 0.008165111765265461 0.042249381542205804 0.00858604535460472
v 0.008509521372616288 0.04225052893161773 0.007739124353975057
v 0.008791996166110035 0.042251627892255776 0.006856314837932586
v 0.007987061515450474 0.04606622457504272 0.008656896650791166
v 0.008325398899614807 0.045938249677419656 0.007828862406313418
v 0.008594005368649956 0.04580643028020858 0.0069759408943355075
v 0.008800696581602093 0.04567164182662963 0.0061038052663207045
v 0.009009164758026596 0.04225265607237815 0.005948477890342473
v 0.00932979770004749 0.03790312632918357 0.005026277154684066
v 0.009156577289104458 0.04225358366966247 0.0050251642242074
v 0.009427970275282856 0.037904400378465646 0.004096435382962226
v 0.009567898698151108 0.03355079144239425 0.0031676343642175193
v 0.009451094083487984 0.03790543600916862 0.0031726886518299575
v 0.00923118460923433 0.04225438460707664 0.00409638276323676
v 0.00894262176007032 0.04553592205047607 0.005225650966167449
v 0.009020337834954258 0.045399568974971764 0.004343393724411725
v 0.009033296257257458 0.045262575149536126 0.0034569983836263414
v 0.009231803007423874 0.04225503280758857 0.003172339871525764
v 0.00900732725858688 0.01613563112914562 0.0022367527708411212
v 0.008720298297703263 0.012948268093168734 0.0027846179436892267
v 0.008742069825530049 0.013114864006638525 0.0022098901681601997
v 0.00929776672273874 0.02048397064208984 0.0022464895155280824
v 0.008939107879996296 0.016135828569531437 0.001378766377456486
v 0.009221731685101982 0.020484322682023045 0.0013795570703223345
v 0.00858264788985252 0.013702233321964739 0.0005322775105014442
v 0.008488424122333523 0.013912145979702471 -1.8602020645630543e-05
v 0.008798882365226742 0.016135878860950467 0.0005202845786698161
v 0.00856347661465406 0.01613606698811054 -0.00033826139406301076
v 0.008676871657371518 0.013492322526872156 0.0010831571416929362
v 0.009069290943443772 0.020484417676925656 0.0005204612389206885
v 0.008154249750077721 0.01436379551887512 -0.0010745055042207239
v 0.008230590261518952 0.01613642834126949 -0.0011863763211295006
v 0.008457593619823452 0.02048552222549915 -0.001200632657855749
v 0.00780388433486223 0.01613693870604038 -0.002011788077652454
v 0.0076912590302526925 0.014830914326012133 -0.0020596138201653953
v 0.008002496324479576 0.02048654109239578 -0.0020411326549947257
v 0.007355482317507264 0.01603421382606029 -0.0026994191575795408
v 0.008815025910735127 0.020484790205955502 -0.00034233622136525804
v 0.009482236579060551 0.02483788318932056 0.002254099585115909
v 0.009396441280841824 0.024838339537382122 0.0013800330925732849
v 0.00955945439636707 0.02739402279257774 0.0027339118532836433
v 0.009551773779094216 0.027693403884768483 0.0023663041647523637
v 0.009536386467516419 0.0280572697520256 0.002066017128527164
v 0.009519493207335469 0.02847402915358543 0.0018422206630930302
v 0.009507031179964539 0.02892428264021873 0.0017049774760380385
v 0.009463101625442501 0.02919518947601318 0.0013801938621327279
v 0.009231721051037308 0.02483846805989742 0.000520958041306585
v 0.008961594663560387 0.02483900263905525 -0.00034259902895428235
v 0.008585479110479351 0.024840051308274266 -0.0012042438611388204
v 0.00745599530637264 0.020487783476710316 -0.0028505884110927577
v 0.00682679936289787 0.02048918232321739 -0.003616678528487682
v 0.006936945486813781 0.01721756905317306 -0.003328620688989758
v 0.008110183291137215 0.02484151534736156 -0.0020502877887338396
v 0.009286040440201756 0.02919533662497997 0.000521775335073471
v 0.009003052487969395 0.029195982962846753 -0.0003390458296053111
v 0.0075431698933243726 0.024843297898769375 -0.0028671422041952606
v 0.006894009653478858 0.024845302104949948 -0.003642169758677482
v 0.008126831613481041 0.02919901348650455 -0.0020392325241118665
v 0.008614125661551949 0.02919724583625793 -0.0011971989879384635
v 0.006777814123779533 0.017513530328869816 -0.0035315642599016424
v 0.007549294270575044 0.029201164841651913 -0.002851847559213638
v 0.006569604389369485 0.017739823088049885 -0.003772608703002333
v 0.006326422560960053 0.017900209873914715 -0.004030534997582435
v 0.0025190114974975577 0.01800228841602802 -0.00639642123132944
v 0.002788494108244776 0.020496139302849766 -0.0064007327891886226
v 0.0032956274226307856 0.01800228841602802 -0.006101579871028661
v 0.0017183684976771467 0.01800228841602802 -0.006616066209971904
v 0.0018836701055988663 0.020497055724263188 -0.00668154889717698
v 0.0009056977578438815 0.01800228841602802 -0.006752935238182544
v 0.0009763888665474948 0.02049765177071094 -0.00685381656512618
v 7.999865920282898e-05 0.01800228841602802 -0.006800463888794183
v 0.00612411182373762 0.020490666851401326 -0.004327449016273021
v 0.006172696128487585 0.024847434833645817 -0.0043630730360746375
v 0.005420685280114411 0.01800228841602802 -0.004832854960113763
v 0.005357367452234028 0.020492173731327053 -0.004971037153154611
v 0.006057125516235827 0.01800228841602802 -0.004292902536690234
v 0.0047452431172132475 0.01800228841602802 -0.005316772032529115
v 0.005389417987316845 0.024849593639373776 -0.00501764379441738
v 0.006163408048450945 0.029206154868006703 -0.004339847248047589
v 0.004555919673293827 0.02485168911516666 -0.005595115479081868
v 0.00453780824318528 0.02049363404512405 -0.005537152756005525
v 0.0036774885375052677 0.020494978874921795 -0.006016725674271583
v 0.003684647614136337 0.024853616952896115 -0.00608580745756626
v 0.004539992194622753 0.029211286455392834 -0.0055664610117673865
v 0.005375702399760483 0.029208760708570477 -0.004991297144442796
v 0.004037044476717709 0.01800228841602802 -0.005740377586334943
v 0.0027880794368684283 0.024855285882949826 -0.006480080075561999
v 0.0009721200331114229 0.02485745586454868 -0.006947763264179229
v 7.999865920282898e-05 0.02123070694506168 -0.006937379483133554
v 0.0018793563358485692 0.024856597185134884 -0.006769531872123479
v 0.002773786894977092 0.02921562828123569 -0.006449322681874036
v 0.0018685136456042522 0.02921720966696739 -0.00673884805291891
v 7.999865920282898e-05 0.024461317807435986 -0.007005028892308473
v 7.999865920282898e-05 0.027692636474967 -0.0070033594965934745
v 0.0009661288349889216 0.02921824529767036 -0.006917444057762622
v 0.003668578807264565 0.029213612899184224 -0.006055677775293588
v 0.006891406606882808 0.029203582555055615 -0.00362272304482758
v 0.0095097878947854 0.029865954071283337 0.0017051189206540582
v 0.009503128007054325 0.029395552352070805 0.0016582531388849018
v 0.00942161679267883 0.03355217352509498 0.0013800387969240544
v 0.009547088295221325 0.030734503641724583 0.0020664695184677835
v 0.009525530040264126 0.030317766591906544 0.0018425098387524483
v 0.009586992673575875 0.03161745890974998 0.0031509990803897376
v 0.00958401151001453 0.031397227197885506 0.002734137931838631
v 0.00953277293592691 0.033551678061485284 0.0022629240993410345
v 0.009568648412823674 0.031097954139113423 0.0023665612097829576
v 0.009398829191923138 0.03790618106722831 0.002264134585857391
v 0.00923215132206678 0.03355232253670692 0.0005229133530519902
v 0.008543442934751507 0.03355432674288749 -0.001179491984657943
v 0.008052358403801915 0.033556181937456124 -0.0020079556852579112
v 0.00893930438905954 0.03355300053954124 -0.00033167455694638187
v 0.009070138446986672 0.03790672123432159 0.0005243715131655334
v 0.008770434185862538 0.03790732845664024 -0.00032049173023551697
v 0.007474296260625121 0.03355843946337699 -0.0028046879451721902
v 0.007886836305260655 0.03791017085313796 -0.0019564917311072345
v 0.008373509161174294 0.03790851309895515 -0.001151141128502786
v 0.009272071532905098 0.03790659457445144 0.0013795680133625863
v 0.009158901870250698 0.04225549846887588 0.002263211645185947
v 0.009014598093926903 0.04225576296448707 0.0013787815114483235
v 0.008800135925412175 0.04225584119558334 0.000526149000506848
v 0.008979853242635723 0.0451248213648796 0.002565697534009814
v 0.008858766406774517 0.04498786106705665 0.0016794848488643763
v 0.008669571019709107 0.04485350474715232 0.0008101889980025588
v 0.008399952203035351 0.04472242668271064 -3.796769669861532e-05
v 0.008496570400893685 0.04225624725222587 -0.00030550625524483616
v 0.008104448206722733 0.042257033288478844 -0.001112171448767185
v 0.007318239659070966 0.03791218623518943 -0.0027257171459496017
v 0.006818926893174646 0.03356098011136054 -0.0035583134740591045
v 0.006676624994724986 0.03791445866227149 -0.003449018113315105
v 0.007630378473550079 0.04225813597440719 -0.001884888741187751
v 0.0070812236517667744 0.04225947335362434 -0.0026150103658437725
v 0.008038938045501706 0.044595185667276376 -0.0008612482342869042
v 0.007597884628921745 0.0444747544825077 -0.0016404832713305948
v 0.00708475289866328 0.044362124055624 -0.0023692424874752756
v 0.006096195895224808 0.03356368094682693 -0.004257738590240478
v 0.0053161797113716585 0.033566415309906 -0.004891956690698861
v 0.0044899974018335325 0.033569067716598504 -0.005451141390949487
v 0.005971104837954043 0.0379168689250946 -0.004116848111152648
v 0.0052108843810856325 0.03791931271553039 -0.004719747696071862
v 0.005788207519799469 0.04226258397102355 -0.003917314112186431
v 0.004405959974974392 0.03792168200016021 -0.005249304696917533
v 0.005059875082224606 0.04226420819759368 -0.004474840592592954
v 0.003629261394962667 0.033571511507034295 -0.005926282610744237
v 0.006464588455855845 0.042260982096195214 -0.0032949426677078004
v 0.0027456043753772965 0.03357362747192382 -0.006308400537818669
v 0.003566713538020848 0.03792386502027511 -0.005697790998965501
v 0.0009584136423654851 0.03357637301087379 -0.006762790959328412
v 7.999865920282898e-05 0.030923174694180485 -0.006932321470230817
v 0.0018511363305151456 0.033575288951396935 -0.006589433643966912
v 0.0027035423554480067 0.03792575374245643 -0.006057501304894685
v 0.00182722951285541 0.03792723640799522 -0.006321490742266177
v 0.0009489757940173146 0.037928208708763116 -0.006484016776084899
v 7.999865920282898e-05 0.034151442348957055 -0.006791943684220313
v 7.999865920282898e-05 0.03737595677375793 -0.00658234255388379
v 0.004287923220545052 0.04226578027009963 -0.004961154423654079
v 0.006501279771327971 0.04425710439682006 -0.00304874125868082
v 0.0051493877544999105 0.04407368227839469 -0.004235547501593827
v 0.003480963874608277 0.04226723313331603 -0.005370436236262321
v 0.005851020105183123 0.04416020587086677 -0.003675736021250486
v 0.004398373886942862 0.04399766027927398 -0.004727448802441358
v 0.0035981319379061447 0.04393257200717925 -0.00514858542010188
v 0.00264761853031814 0.042268488556146615 -0.0056968838907778254
v 0.001796801341697573 0.04226947203278541 -0.0059352973476052276
v 0.0027580717578530303 0.043879814445972436 -0.005489955656230449
v 0.0009378175018355247 0.04227011650800704 -0.00608141254633665
v 7.999865920282898e-05 0.04059523344039916 -0.006303639151155948
v 0.0018860506825149053 0.04384064674377441 -0.005743384361267089
v 0.000986399943940341 0.04381612315773963 -0.005902066826820373
v 7.999865920282898e-05 0.04380779340863227 -0.005955954082310199
v 0.0018696823390200728 0.011795794591307638 0.010752934962511061
v 0.0015732900938019152 0.011795673519372938 0.01078439876437187
v 0.0017214862164109939 0.011795734986662863 0.010768666863441466
v 0.0016473882133141154 0.0117957042530179 0.010776532813906668
v 0.0016103391535580154 0.011795688420534132 0.010780465789139269
v 0.0021660744678229085 0.011795916594564913 0.010721472091972826
v 0.002388368593528866 0.01179600693285465 0.01069787424057722
v 0.002351319417357444 0.011795992031693457 0.01070180721580982
v 0.0030496211256831876 0.011797019280493258 0.010585618205368517
v 0.0036367760039865958 0.011798000894486902 0.010481228120625017
v 0.0031230158638209096 0.011797142215073107 0.01057256944477558
v 0.0030863187275826922 0.011797079816460608 0.010579094290733336
v 0.0038542428519576775 0.011799057014286516 0.010423513129353522
v 0.0037817540578544127 0.011798704974353312 0.010442751459777353
v 0.004506644327193497 0.011802227236330507 0.010250366292893885
v 0.005602385383099316 0.011815907433629034 0.009782212786376475
v 0.005473839119076727 0.011813076213002203 0.009858371689915655
v 0.00609753606840968 0.011830552481114863 0.009445700794458388
v 0.006943637039512393 0.011884160339832304 0.00860532186925411
v 0.007146213669329879 0.01662589237093925 -0.0030140199232846494
v 0.007250848226249215 0.016330054029822346 -0.002856719540432095
v -0.0007163915433920918 0.019624968990683552 -0.006017045583575963
v -0.001555300434119999 0.020436367020010945 -0.005896408110857009
v -0.0007198473322205243 0.01800228841602802 -0.005949040409177541
v -0.0017765072407200926 0.01800228841602802 -0.005736302118748426
v -0.002401650883257388 0.020432662218809124 -0.005628825165331363
v -0.0027960168663412324 0.01800228841602802 -0.005375915672630071
v -0.0022862621117383233 0.01800228841602802 -0.005556108895689248
v -0.0032381161581724873 0.02042886801064014 -0.005259707104414701
v -0.0023963949643075457 0.024773662909865376 -0.005711558274924754
v -0.004649618174880741 0.01800228841602802 -0.004292902536690234
v -0.003752677235752343 0.01800228841602802 -0.004892169963568448
v -0.004051101859658955 0.02042559906840324 -0.004795263055711984
v -0.0032743471674621092 0.01800228841602802 -0.0051340428180992595
v -0.00554703129455447 0.02042211219668388 -0.003618929767981171
v -0.00569963827729225 0.01721756905317306 -0.003328620688989758
v -0.005506125278770922 0.01752045005559921 -0.003537588287144899
v -0.00525530520826578 0.017747161909937855 -0.003782332874834537
v -0.004966779612004755 0.01790359243750572 -0.00403786078095436
v -0.004825510084629057 0.02042325213551521 -0.004244852811098098
v -0.0007067893748171625 0.024495037272572514 -0.006151649635285138
v -0.0015453795203939076 0.02477614767849445 -0.005987615790218114
v -0.0007129358127713201 0.021247649565339085 -0.006085051223635673
v -0.0007063256343826649 0.02477416396141052 -0.006151399575173854
v -0.0007063678349368272 0.024748789146542546 -0.006151422392576932
v -0.0032425986137241116 0.024771006777882573 -0.00533151626586914
v -0.0015334011986851688 0.029116971418261525 -0.005959699396044015
v -0.000701393582858145 0.02774305827915668 -0.006148742511868476
v -0.0032274422701448193 0.029114501550793644 -0.005303296260535716
v -0.0023817217443138352 0.029115853831171986 -0.0056833410635590545
v -0.0023573900107294312 0.03345586359500884 -0.005544078536331653
v -0.004069547634571789 0.024768561124801632 -0.004854489117860793
v -0.004056101199239491 0.029113054275512692 -0.004826802760362624
v -0.004861341789364813 0.024766584858298298 -0.004290576092898845
v -0.006204109173268078 0.02042228356003761 -0.0029292295221239324
v -0.005602821242064236 0.024765281006693837 -0.0036509598139673467
v -0.006281447131186722 0.02476476691663265 -0.002948100212961435
v -0.004851880483329294 0.029111646115779873 -0.004263992421329021
v -0.004010560456663368 0.033455882221460335 -0.0047122170217335215
v -0.005599635653197764 0.029110413044691082 -0.0036260162014514204
v -0.006286605726927517 0.029109464958310124 -0.0029252322856336828
v -0.005537558812648056 0.03345455974340438 -0.0035439399071037765
v -0.0047970660962164385 0.033455375581979745 -0.0041650733910500995
v -0.0031923719216138116 0.03345604613423347 -0.005175024271011352
v -0.005945300217717884 0.01662766374647617 -0.003014961257576942
v -0.006190962158143519 0.01603775471448898 -0.0027013015933334823
v -0.006785877980291841 0.020423779264092442 -0.0021884927991777654
v -0.006602119188755748 0.01608762703835964 -0.0021545884665101762
v -0.006586976349353788 0.014830914326012133 -0.0020596138201653953
v -0.007075399160385129 0.014402861706912516 -0.0011606832267716525
v -0.007066639605909583 0.016091914847493168 -0.0013996019260957835
v -0.007442473899573085 0.013982781209051607 -0.00019161726231686768
v -0.007441420108079908 0.016097135841846463 -0.0006169737316668033
v -0.007282041478902099 0.020426454022526738 -0.0014111952623352406
v -0.007684281561523673 0.020430024713277813 -0.0006121465121395885
v -0.007403119467198846 0.02476631104946136 -0.0014082759153097866
v -0.007987723685801026 0.02043397724628448 0.00019359547877684233
v -0.007723240647464988 0.016102453693747517 0.00018011828069575128
v -0.007825351320207116 0.024768292903900143 -0.0006021381705068051
v -0.007670770399272439 0.013586417771875857 0.0008241669856943189
v -0.006885330658406017 0.024765107780694958 -0.002195466542616486
v -0.007908295840024945 0.01610685139894485 0.0009782619308680294
v -0.008187008090317246 0.020437667146325108 0.0009897544514387844
v -0.007768392097204921 0.013223849236965178 0.001868417835794389
v -0.008013645187020298 0.01610920391976833 0.0017973107751458881
v -0.008051687851548191 0.016110070049762722 0.0026173661462962623
v -0.007763325702399013 0.01289806980639696 0.0029372181743383403
v -0.00830154865980148 0.02043998800218105 0.0018075719708576796
v -0.008358060382306572 0.02477370388805866 0.0010010988917201755
v -0.008482795208692547 0.024775944650173184 0.0018185528460890053
v -0.008319066837429997 0.020441209897398945 0.003473239485174417
v -0.008024861104786393 0.01610983163118362 0.0034365258179605003
v -0.008345003239810463 0.020441070199012753 0.0026366547681391235
v -0.008534184657037255 0.024777291342616078 0.002655562479048967
v -0.007656898349523542 0.012616348452866076 0.004006855189800262
v -0.008145863190293309 0.02477084100246429 0.00020696931460406629
v -0.0069006090052425835 0.029108911752700802 -0.002174965804442763
v -0.007864519022405144 0.029109409078955647 -0.000586427398957312
v -0.008167644962668415 0.028610628098249432 0.00013602199032902715
v -0.007429914548993108 0.029108861461281773 -0.001390217919833958
v -0.00683187413960695 0.03345243260264396 -0.002126506064087152
v -0.007362492382526395 0.03345143422484397 -0.001356481574475765
v -0.008137954398989674 0.029395552352070805 5.825313564855605e-05
v -0.00824346765875816 0.02785411477088928 0.0003671861195471137
v -0.0078017157502472375 0.03345078229904174 -0.0005645644268952309
v -0.008344028145074841 0.02716339938342571 0.0007389918318949639
v -0.008442442864179608 0.02655611932277679 0.0012408732436597345
v -0.00851304084062576 0.024777924641966816 0.0035066553391516204
v -0.008477586321532723 0.025395764037966725 0.004099485930055379
v -0.008545520715415474 0.025465173646807667 0.0033151933457702394
v -0.008558033965528008 0.02568949572741985 0.0025532136205583806
v -0.008519404567778107 0.026057509705424305 0.0018542816396802662
v -0.008511553518474099 0.025430468842387196 0.0037073397543281312
v -0.00822534970939159 0.020440652966499325 0.004316047299653291
v -0.007935048080980774 0.016108805313706395 0.004255630075931548
v -0.006219758186489342 0.0334535390138626 -0.002860294189304113
v -0.002324143657460808 0.03779006749391555 -0.005293922498822211
v -0.0015192438149824734 0.03345543891191482 -0.005812514107674359
v -0.0006967370864003895 0.030990319326519963 -0.006076245568692683
v -0.003138301195576786 0.03779212012887 -0.004946696106344461
v -0.0015033703530207272 0.037787880748510354 -0.0055463085882365695
v -0.0006928617949597535 0.03423533588647842 -0.005934198386967181
v -0.0006898529245518146 0.037476547062396996 -0.005722742993384599
v -0.0022829731460660687 0.04211479425430297 -0.004933084826916455
v -0.0030664412770420304 0.04211913794279098 -0.0046183126978576175
v -0.003933855798095463 0.03779365867376327 -0.004510567057877778
v -0.0046977205201983434 0.037794515490531914 -0.003993539605289697
v -0.006081347819417713 0.037793979048728936 -0.002752980217337608
v -0.00667940219864249 0.03779274225234985 -0.0020498370286077257
v -0.005417232401669024 0.037794612348079674 -0.0034044070634990926
v -0.004554888233542441 0.042125780135393136 -0.0037490464746952053
v -0.005239439662545918 0.04212739691138267 -0.003207051660865545
v -0.0072010122239589665 0.0377911627292633 -0.0013068701373413203
v -0.006945658475160596 0.04212512075901031 -0.0012412728974595664
v -0.006443499587476252 0.04212686419486999 -0.001944767660461366
v -0.005871888715773819 0.04212772846221923 -0.002602990018203854
v -0.003827198641374706 0.04212293773889541 -0.004221646580845117
v -0.0022154045291244975 0.04399308934807777 -0.004757015500217675
v -0.0014863904798403378 0.04211058095097541 -0.0051614297553896895
v -0.0006877972045913336 0.04071238636970519 -0.005442024674266576
v -0.002947856904938816 0.04403648898005485 -0.004476206377148627
v -0.0006872892845422027 0.042326837778091424 -0.005267106462270021
v -0.001456457306630909 0.04396095871925353 -0.004964926280081271
v 7.999865920282898e-05 0.043908324092626565 0.011417186819016932
v -0.00014573310909327114 0.04389731213450431 0.011414439417421816
v 7.999865920282898e-05 0.046472795307636254 0.011287570931017397
v -0.003647934645414351 0.044090218842029565 -0.00412856601178646
v -0.004315800964832304 0.04415385052561759 -0.0037168462295085187
v -0.005521190818399189 0.04430646076798438 -0.002729415893554687
v -0.006052366457879542 0.04439445957541465 -0.0021599973551928993
v -0.004942530300468205 0.04422627389430999 -0.0032482224050909276
v -0.006532067898660896 0.04448996856808662 -0.0015420427080243824
v -0.008158475160598751 0.03012098744511604 0.00012458529090508816
v -0.008142306469380852 0.033450771123170846 0.0002343985979678109
v -0.008220972493290898 0.03081780113279819 0.00031964303343556816
v -0.007637038826942441 0.037789598107337945 -0.0005363859236240386
v -0.00798052083700895 0.03778857365250587 0.00024880436831153924
v -0.008376523852348324 0.033451858907938 0.0010232909116894005
v -0.008412741124629971 0.03204777836799621 0.0010639778338372705
v -0.008312489837408062 0.031466647982597344 0.0006361834821291267
v -0.008504047058522698 0.032541200518608086 0.0015874495729804037
v -0.008223878219723698 0.03778884187340736 0.0010341178858652709
v -0.008524920791387555 0.03345382958650588 0.0018426578026264904
v -0.008574358187615868 0.03293567150831222 0.0021961207967251535
v -0.008385903201997277 0.0377906672656536 0.001855784561485052
v -0.008599814027547833 0.03345582261681556 0.002691967179998755
v -0.008609525859355923 0.033213075250387185 0.0028638918884098525
v -0.008591942489147183 0.03307437524199485 0.002530006458982825
v -0.008476468734443184 0.03779305517673492 0.0027094567194581027
v -0.008600464090704914 0.03336664289236068 0.0035782514605671163
v -0.008599984459578987 0.03345775231719016 0.003562880447134375
v -0.008539965376257893 0.03634820878505706 0.003578252391889691
v -0.007370625622570512 0.042122993618249886 -0.0005018000374548136
v -0.007712203077971933 0.042121205478906625 0.00026380739291198546
v -0.007963464595377442 0.0421207807958126 0.0010447552194818852
v -0.006948164198547599 0.04459093883633613 -0.0008887230651453136
v -0.007299445103853938 0.04469713941216468 -0.00020158589177299288
v -0.0075833019800484154 0.04480877146124839 0.000520730682183057
v -0.007794079836457965 0.044924821704626076 0.001271606422960758
v -0.008140434511005875 0.042122486978769295 0.0018696365877985952
v -0.008249401114881035 0.04212533310055732 0.002726550446823239
v -0.008485891856253144 0.03783820196986198 0.0035782526247203346
v -0.008431818336248394 0.039328191429376595 0.0035782528575509782
v -0.008034600876271721 0.04516122490167617 0.0028012357652187343
v -0.007941832765936848 0.045042391866445534 0.002032333286479115
v -0.008276076987385746 0.0423060730099678 0.003578253090381622
v -0.008072792552411553 0.04528131335973739 0.003578253090381622
v -0.00835394766181707 0.040817134082317345 0.0035782528575509782
v -0.007450814358890054 0.01237934362143278 0.005068101454526185
v -0.007782968226820228 0.016107322648167607 0.005072420462965964
v -0.007568475790321824 0.01610566489398479 0.005885612685233354
v -0.007142389658838508 0.012185175903141497 0.006120027974247932
v -0.00806479528546333 0.020439637824892994 0.0051606306806206695
v -0.007837960496544834 0.020438371226191517 0.006003540940582751
v -0.008357855491340157 0.025480175390839573 0.00487798498943448
v -0.007545155473053453 0.020437018945813176 0.006842019036412238
v -0.00729071022942662 0.016104059293866154 0.006694571115076541
v -0.007186987437307832 0.02043577097356319 0.007670655380934476
v -0.006948616355657575 0.016102755442261692 0.007495845202356576
v -0.007726061157882211 0.024776089936494824 0.006960099097341298
v -0.008025865070521828 0.024776965379714962 0.006100276950746774
v -0.006731566973030565 0.012033685110509394 0.007149107754230498
v -0.008420570753514763 0.02477798983454704 0.004368570633232593
v -0.006482319906353949 0.011974090710282324 0.007644930388778447
v -0.0057948720641434175 0.011889505200088022 0.008525379933416842
v -0.006168249994516371 0.011926051229238508 0.008109893649816511
v -0.005997684784233568 0.016103692352771756 0.0088411932811141
v -0.006540441419929263 0.016102997586131092 0.008206734433770178
v -0.005366242025047539 0.011862671002745627 0.008886140771210192
v -0.006763812620192764 0.020435562357306477 0.008405584841966627
v -0.006210061721503733 0.020435519516468045 0.009060934185981749
v -0.005343654192984102 0.01610470004379749 0.009363663382828234
v -0.005546904169023035 0.020435594022274014 0.009606824256479738
v -0.006931719835847614 0.02477476745843887 0.00855609681457281
v -0.004890838172286747 0.011843839660286902 0.009184902533888815
v -0.007360477931797502 0.02477513439953327 0.007807275280356406
v -0.00819762889295816 0.025712411850690838 0.00561853777617216
v -0.008257807232439515 0.024777632206678387 0.0052348985336720935
v -0.008012929931282994 0.026079231873154637 0.006294772494584321
v -0.007821639999747273 0.026570055633783337 0.0068896086886525145
v -0.007645623292773959 0.02716628089547157 0.00737945083528757
v -0.00841772090643644 0.02543796971440315 0.004488735925406217
v -0.007504798006266353 0.027855020016431805 0.007749698124825954
v -0.006377051118761299 0.024774238467216488 0.009222486056387423
v -0.005715143401175736 0.024773571640253064 0.009782740846276282
v -0.007419648580253122 0.02860990725457668 0.007980339229106901
v -0.006498386617749928 0.02911756560206413 0.009325914084911345
v -0.007044066209346053 0.029118297621607777 0.008658200502395628
v -0.006573796272277829 0.033463172614574425 0.009371354244649409
v -0.0074029550887644265 0.029395552352070805 0.008058252744376658
v -0.005847874097526072 0.029116390272974964 0.009891471825540064
v -0.004624913446605204 0.01610593125224113 0.009744688868522642
v -0.004814303014427422 0.0204357523471117 0.010016895830631254
v -0.004380254074931143 0.011831525713205336 0.009414052590727804
v -0.003288387320935725 0.011818638071417807 0.009701173752546309
v -0.0038568486925214516 0.016108172014355656 0.00999704375863075
v -0.0021764847915619603 0.0118115097284317 0.009896193630993365
v -0.002777246991172432 0.015951229259371754 0.010239109396934508
v -0.0024344788398593655 0.015659052878618237 0.010280764661729334
v -0.004022543784230946 0.020436676219105717 0.010302252136170862
v -0.004979052580893038 0.024772763252258297 0.010213814675807951
v -0.0031200151424854985 0.01624340564012527 0.010197454132139681
v -0.0029486310668289653 0.016097316518425938 0.010218282230198382
v -0.0030531620141118756 0.016111779958009716 0.010200176388025282
v -0.003120007459074258 0.01951348595321178 0.01048300229012966
v -0.0012530671665444966 0.01500145625323057 0.010374587029218672
v -0.0010516495676711197 0.011807818897068499 0.010013841092586516
v -0.0016666804440319532 0.015183654613792895 0.01034859102219343
v -0.0008230739040300247 0.01486553158611059 0.01039397995918989
v -0.0003760959662031381 0.014778834767639635 0.010406348854303358
v -0.0001480486680520698 0.014765485189855097 0.010408253408968447
v 7.999865920282898e-05 0.011806721799075602 0.010053291916847227
v -0.002050579758360981 0.015421354211866854 0.010314677841961382
v -0.005118370987474917 0.029114786535501477 0.010335369035601614
v -0.0031200051307678214 0.021150350570678707 0.010601493529975413
v -0.0031876626890152684 0.020438764244318005 0.010538190603256224
v -0.0031200030352920285 0.022787217050790783 0.010719984769821165
v -0.004172853659838436 0.024772481992840763 0.010525166057050226
v -0.004306728951632975 0.029113465920090672 0.010665567591786383
v -0.00523157464340329 0.03345958516001701 0.010381502099335192
v -0.0034302612766623484 0.029113151133060452 0.010948662646114824
v -0.003313714638352393 0.024773258715867993 0.010787769220769404
v -0.0031200016383081666 0.026063950732350346 0.010907073505222796
v -0.00353639363311231 0.033456269651651376 0.011020672507584093
v -0.004423273261636494 0.03345744311809539 0.010723284445703028
v -0.003120001405477523 0.029343036934733387 0.01104294043034315
v -0.005944641772657631 0.03346176072955131 0.009933103807270525
v -0.008156836964190003 0.03346229344606399 0.006228698883205651
v -0.008066084235906597 0.03254748135805129 0.006521042436361312
v -0.008242333307862278 0.03293627128005027 0.0059192501939833156
v -0.008377195335924622 0.03346107155084609 0.005340219009667634
v -0.00839650351554155 0.03321361169219016 0.005250904709100722
v -0.008514693006873127 0.03336664289236068 0.004538253415375947
v -0.008467108942568299 0.03638485819101333 0.00453825294971466
v -0.008303828537464138 0.03780147060751914 0.005371332634240388
v -0.008420013822615143 0.03789331763982772 0.00453825294971466
v -0.008100101724267002 0.03780401870608329 0.006260542664676904
v -0.007867212407290932 0.03346313908696174 0.00710681453347206
v -0.0078275678679347 0.037806164473295205 0.007135732565075158
v -0.007962187752127644 0.0421416088938713 0.0062715080566704265
v -0.007707503158599136 0.03148220106959342 0.007470858749002217
v -0.007881694473326203 0.03205663338303565 0.007044660858809947
v -0.007453474681824443 0.030131541192531582 0.00798995979130268
v -0.007512767799198625 0.03346360102295875 0.007964910939335821
v -0.007558564189821479 0.03083124570548534 0.007791721262037753
v -0.007491553667932746 0.03780781850218772 0.007986353710293768
v -0.007100733928382394 0.033463805913925164 0.00871195364743471
v -0.007101527880877254 0.03780878707766532 0.008717926219105719
v -0.006602988578379152 0.03780857473611831 0.009359234943985937
v -0.006005160510540007 0.03780721500515937 0.009907844476401804
v -0.00771460076794028 0.042145397514104836 0.007135851308703422
v -0.008372917771339413 0.039401769638061516 0.00453825294971466
v -0.008142163977026936 0.042137432843446725 0.005388624500483274
v -0.007840712554752823 0.04565929621458053 0.0060239341109991065
v -0.007405433803796766 0.04214861616492271 0.00797045975923538
v -0.007967455312609669 0.04554496705532073 0.005284173879772424
v -0.008232287131249901 0.04241687431931495 0.004538252018392085
v -0.008045389316976067 0.045429676771163933 0.004538250155746936
v -0.007453089114278552 0.04588349908590316 0.007474591024219989
v -0.00704623060300946 0.04215068742632865 0.008676817640662192
v -0.0065856627188622925 0.042151235044002526 0.009290053509175776
v -0.0060291890986263735 0.04215023294091224 0.00981592759490013
v -0.007174809928983447 0.045991193503141396 0.008171419613063334
v -0.006803454365581271 0.04609180241823196 0.008822401054203509
v -0.006320383399724959 0.04618077352643012 0.009398080408573149
v -0.005739525426179169 0.04625467956066131 0.009876261465251444
v -0.005378727801144121 0.042147651314735406 0.01024766359478235
v -0.005318409297615288 0.037804711610078805 0.010352248325943945
v -0.004522200208157299 0.037801977246999734 0.010698309168219565
v -0.003120001405477523 0.03262382745742797 0.011126491241157053
v -0.003631795290857552 0.03780019655823707 0.011003808118402956
v -0.004603375680744646 0.04214456677436828 0.010590680874884127
v -0.0031200009398162356 0.035905621945857995 0.011157191358506678
v -0.003120000008493661 0.03918767720460891 0.011134555563330649
v -0.0037162960506975638 0.04214243963360786 0.010898132808506487
v -0.0050801965408027155 0.04631108790636062 0.010241252370178698
v -0.003119997913017868 0.042469248175621026 0.011058093979954718
v -0.004382063634693621 0.04635475948452949 0.010523832403123377
v -0.003663708921521901 0.046391051262617104 0.01075864303857088
v -0.002930221613496541 0.04642031341791152 0.010947977192699907
v -0.0027746886480599633 0.04275096580386161 0.011128394864499567
v -0.0014382069930434223 0.04645916819572448 0.011199397034943102
v -0.002429379150271415 0.04303269088268279 0.011198696680366991
v -0.0012467005290091033 0.043662656098604195 0.01135588902980089
v -0.001661019399762153 0.043488997966051095 0.011312556453049181
v -0.0008142412989400324 0.043794363737106316 0.011388752609491347
v -0.00037146484828554083 0.04388629645109176 0.011411691084504126
v -0.0007146636489778755 0.02043630927801132 -0.006051048170775174
v -0.0007146366406232116 0.020448986440896984 -0.006051579490303992
v -0.0007137997308745978 0.020841980352997776 -0.006068049930036067
v -0.0007142316899262367 0.020639145746827122 -0.006059548817574977
v -0.0007144476403482256 0.020537728443741795 -0.006055298727005719
v -0.000714555673766881 0.020487017929553982 -0.006053173448890447
v -0.0007146096904762087 0.02046166360378265 -0.006052111275494098
v -0.0007040914497338233 0.026119047775864598 -0.0061501958407461635
v -0.0007054404704831538 0.025307040661573407 -0.006150922738015651
v -0.0007061148644424973 0.024901039898395535 -0.006151285953819751
v -0.0007064521196298299 0.02469803765416145 -0.006151467561721801
v -0.0007062834920361636 0.02479954063892364 -0.006151377223432063
v -0.0007063046214170752 0.02478685230016708 -0.006151387933641671
v -0.0006990653928369282 0.029366688802838322 -0.00611249404028058
v -0.0007002294296398757 0.0285548735409975 -0.0061306185089051715
v -0.0006996474112384019 0.028960781171917912 -0.006121556274592876
v -0.0006993563729338346 0.029163734987378117 -0.006117025390267371
v -0.0006995018920861182 0.029062258079648014 -0.006119290832430123
v -0.0006994291325099764 0.029112996533513066 -0.006118157878518104
v -0.0006994109717197714 0.02912568114697933 -0.006117874756455421
v -0.0006993927527219055 0.02913836576044559 -0.0061175916343927375
v -0.000694799469783902 0.032612826675176614 -0.006005221977829932
v -0.0006938306032679973 0.033424083143472665 -0.005969710182398557
v -0.0006938003352843223 0.0334494300186634 -0.005968600045889615
v -0.0006937852012924848 0.033462107181549065 -0.005968045443296432
v -0.0006933461991138754 0.03382970765233039 -0.005951954517513513
v -0.0006935884011909363 0.03362689539790153 -0.0059608318842947474
v -0.0006937094731256364 0.033525489270687096 -0.005965271499007939
v -0.0006937700090929864 0.03347478434443473 -0.005967490840703248
v -0.0006888250354677437 0.039094466716051095 -0.0055823833681643
v -0.0006893390091136096 0.038285505026578896 -0.005652563646435737
v -0.0006895959959365425 0.0378810241818428 -0.005687653087079524
v -0.0006897244020365176 0.0376787856221199 -0.005705198273062705
v -0.000689660257194191 0.03777990490198135 -0.005696425680071115
v -0.000689652166329324 0.03779254853725433 -0.005695329047739505
v -0.0006896281265653668 0.03783046454191207 -0.005692039616405963
v -0.000689644133672118 0.03780518472194671 -0.005694232415407895
v -0.00068678124807775 0.043941289186477654 -0.0050921887159347526
v -0.0006875432445667682 0.04151961207389831 -0.005354565568268298
v -0.000687416235450655 0.041923224925994866 -0.005310836248099803
v -0.0006873566890135405 0.04211241751909255 -0.005290337838232516
v -0.0006873586098663507 0.04210638627409934 -0.0052909916266798964
v -0.0006873527891002593 0.042125031352043145 -0.0052889715880155555
v -0.0006873844540677963 0.04202412441372871 -0.005299903918057679
v -0.0006873686215840278 0.042074579745531075 -0.005294437985867261
v -0.0006873607053421436 0.04209980741143226 -0.005291704554110765
v -0.00830260198563337 0.04090932384133338 0.0045382524840533725
v 7.999865920282898e-05 0.014752136543393133 0.010410157963633536
v 0.006639998871833083 0.03321499377489089 0.0028700474649667736
v 0.00876049883663654 0.03336664289236068 0.0035782514605671163
v 0.008769596926867958 0.033214185386896126 0.0028674537315964694
v 0.008734265342354771 0.03293511644005775 0.002195067005231976
v 0.006639998871833083 0.032938126474618905 0.002200796734541654
v 0.00866422243416309 0.03254216164350509 0.0015886712353676555
v 0.006639998871833083 0.03336664289236068 0.003578253090381622
v 0.006639998871833083 0.03254511579871177 0.0015924415783956645
v 0.00857231859117746 0.03204545378684997 0.0010619215900078414
v 0.006639998871833083 0.03204884752631187 0.001064927317202091
v 0.008472491055727002 0.031466670334339135 0.0006361975683830677
v 0.006639998871833083 0.03146559372544288 0.000635547621641308
v 0.008380792103707787 0.03081629984080791 0.0003190721909049898
v 0.008318481966853138 0.03012115508317947 0.00012461638834793118
v 0.006639998871833083 0.030814474448561665 0.0003183799271937459
v 0.006639998871833083 0.030116837471723553 0.00012382224667817351
v 0.00829795096069574 0.029395552352070805 5.825313564855605e-05
v 0.006639998871833083 0.029395552352070805 5.825313564855605e-05
v 0.00832780264317989 0.028608363121747967 0.0001364762720186263
v 0.008403480052947995 0.02785399183630943 0.00036723748780786986
v 0.006639998871833083 0.02786481752991676 0.0003627350088208913
v 0.00829795096069574 0.029395552352070805 5.825313564855605e-05
v 0.006639998871833083 0.028615191578865048 0.00013511201541405168
v 0.008602513931691643 0.02655566483736038 0.0012413328513503072
v 0.008679428137838837 0.026057317852973935 0.0018545739585533736
v 0.006639998871833083 0.026069670915603634 0.0018359721871092913
v 0.006639998871833083 0.026567123830318447 0.0012298260116949675
v 0.008504567667841908 0.027159992605447766 0.0007412848062813281
v 0.006639998871833083 0.027173269540071484 0.0007323746685869991
v 0.008718046359717842 0.025689162313938137 0.0025540331844240423
v 0.006639998871833083 0.02570003271102905 0.002527519594877958
v 0.006639998871833083 0.02547241002321243 0.0032778920140117403
v 0.008705608546733853 0.025465510785579678 0.003313415683805942
v 0.0075629530474543545 0.029395552352070805 0.008058252744376658
v 0.006639998871833083 0.029395552352070805 0.008058252744376658
v 0.006639998871833083 0.028615191578865048 0.00798139441758394
v 0.0086373146623373 0.025395786389708516 0.0041017094627022735
v 0.006639998871833083 0.025395551696419712 0.004058253485709428
v 0.008517767302691933 0.025480661541223523 0.004879012238234281
v 0.008356902748346325 0.025713656097650524 0.00562146957963705
v 0.006639998871833083 0.02547241002321243 0.004838614724576472
v 0.006639998871833083 0.02570003271102905 0.005588986910879611
v 0.008171591907739636 0.026082238182425495 0.006299226079136132
v 0.007804523222148416 0.027170654386281964 0.00738238263875246
v 0.007664869073778388 0.027854561805725094 0.007749506272375583
v 0.006639998871833083 0.027173269540071484 0.0073841316625475875
v 0.006639998871833083 0.026069670915603634 0.006280533969402312
v 0.007981062866747376 0.026571732014417645 0.006891280878335237
v 0.006639998871833083 0.026567123830318447 0.006886680144816636
v 0.006639998871833083 0.02786481752991676 0.007753771264106034
v 0.007579647935926912 0.02860988117754459 0.007980333641171454
v -0.006480000913143156 0.03336664289236068 0.004538253415375947
v -0.008514693006873127 0.03336664289236068 0.004538253415375947
v -0.00839650351554155 0.03321361169219016 0.005250904709100722
v -0.006480000913143156 0.03321499377489089 0.005246458575129508
v -0.008242333307862278 0.03293627128005027 0.0059192501939833156
v -0.006480000913143156 0.032938126474618905 0.005915709771215915
v -0.008066084235906597 0.03254748135805129 0.006521042436361312
v -0.006480000913143156 0.03254511579871177 0.006524064578115939
v -0.007881694473326203 0.03205663338303565 0.007044660858809947
v -0.006480000913143156 0.03204884752631187 0.007051579188555478
v -0.007707503158599136 0.03148220106959342 0.007470858749002217
v -0.007558564189821479 0.03083124570548534 0.007791721262037753
v -0.006480000913143156 0.03146559372544288 0.007480958476662635
v -0.007453474681824443 0.030131541192531582 0.00798995979130268
v -0.0074029550887644265 0.029395552352070805 0.008058252744376658
v -0.006480000913143156 0.030116837471723553 0.00799268390983343
v -0.006480000913143156 0.030814474448561665 0.007798125967383384
v -0.006480000913143156 0.029395552352070805 0.008058252744376658
v -0.007419648580253122 0.02860990725457668 0.007980339229106901
v -0.007504798006266353 0.027855020016431805 0.007749698124825954
v -0.006480000913143156 0.02786481752991676 0.007753771264106034
v -0.007645623292773959 0.02716628089547157 0.00737945083528757
v -0.006480000913143156 0.027173269540071484 0.0073841316625475875
v -0.008012929931282994 0.026079231873154637 0.006294772494584321
v -0.00819762889295816 0.025712411850690838 0.00561853777617216
v -0.006480000913143156 0.02570003271102905 0.005588986910879611
v -0.006480000913143156 0.026069670915603634 0.006280533969402312
v -0.007821639999747273 0.026570055633783337 0.0068896086886525145
v -0.006480000913143156 0.02547241002321243 0.004838614724576472
v -0.006480000913143156 0.026567123830318447 0.006886680144816636
v -0.006480000913143156 0.028615191578865048 0.00798139441758394
v -0.0074029550887644265 0.029395552352070805 0.008058252744376658
v -0.008357855491340157 0.025480175390839573 0.00487798498943448
v -0.008137954398989674 0.029395552352070805 5.825313564855605e-05
v -0.006480000913143156 0.029395552352070805 5.825313564855605e-05
v -0.006480000913143156 0.028615191578865048 0.00013511201541405168
v -0.008477586321532723 0.025395764037966725 0.004099485930055379
v -0.008545520715415474 0.025465173646807667 0.0033151933457702394
v -0.006480000913143156 0.02547241002321243 0.0032778920140117403
v -0.008519404567778107 0.026057509705424305 0.0018542816396802662
v -0.006480000913143156 0.02570003271102905 0.002527519594877958
v -0.008558033965528008 0.02568949572741985 0.0025532136205583806
v -0.006480000913143156 0.026567123830318447 0.0012298260116949675
v -0.008442442864179608 0.02655611932277679 0.0012408732436597345
v -0.008344028145074841 0.02716339938342571 0.0007389918318949639
v -0.006480000913143156 0.027173269540071484 0.0007323746685869991
v -0.00824346765875816 0.02785411477088928 0.0003671861195471137
v -0.006480000913143156 0.026069670915603634 0.0018359721871092913
v -0.006480000913143156 0.02786481752991676 0.0003627350088208913
v -0.008167644962668415 0.028610628098249432 0.00013602199032902715
v -0.006480000913143156 0.025395551696419712 0.004058253485709428
v 0.006639998871833083 0.028688443824648854 0.003351146355271339
v 0.008159997873008248 0.028688443824648854 0.003351146355271339
v 0.008159997873008248 0.029012866318225857 0.003134373808279633
v 0.006639998871833083 0.029012866318225857 0.003134373808279633
v 0.008159997873008248 0.029395552352070805 0.0030582530889660116
v 0.006639998871833083 0.029395552352070805 0.0030582530889660116
v 0.006639998871833083 0.028471672907471653 0.0036755695473402734
v 0.008159997873008248 0.028471672907471653 0.0036755695473402734
v 0.006639998871833083 0.029012866318225857 0.004982132464647292
v 0.006639998871833083 0.029395552352070805 0.005058253183960914
v 0.008159997873008248 0.029395552352070805 0.005058253183960914
v 0.006639998871833083 0.028471672907471653 0.004440936725586652
v 0.008159997873008248 0.028471672907471653 0.004440936725586652
v 0.008159997873008248 0.028395552188158032 0.004058253485709428
v 0.008159997873008248 0.029012866318225857 0.004982132464647292
v 0.008159997873008248 0.028688443824648854 0.00476536015048623
v 0.006639998871833083 0.028688443824648854 0.00476536015048623
v 0.006639998871833083 0.028395552188158032 0.004058253485709428
v -0.006480000913143156 0.028688443824648854 0.00476536015048623
v -0.008000001311302182 0.028688443824648854 0.00476536015048623
v -0.008000001311302182 0.029012866318225857 0.004982132464647292
v -0.006480000913143156 0.029012866318225857 0.004982132464647292
v -0.008000001311302182 0.029395552352070805 0.005058253183960914
v -0.006480000913143156 0.029395552352070805 0.005058253183960914
v -0.006480000913143156 0.028471672907471653 0.004440936725586652
v -0.008000001311302182 0.028471672907471653 0.004440936725586652
v -0.006480000913143156 0.029012866318225857 0.003134373808279633
v -0.006480000913143156 0.029395552352070805 0.0030582530889660116
v -0.008000001311302182 0.029395552352070805 0.0030582530889660116
v -0.006480000913143156 0.028471672907471653 0.0036755695473402734
v -0.008000001311302182 0.028471672907471653 0.0036755695473402734
v -0.008000001311302182 0.028395552188158032 0.004058253485709428
v -0.008000001311302182 0.029012866318225857 0.003134373808279633
v -0.008000001311302182 0.028688443824648854 0.003351146355271339
v -0.006480000913143156 0.028688443824648854 0.003351146355271339
v -0.006480000913143156 0.028395552188158032 0.004058253485709428
v 0.009507031179964539 0.02892428264021873 0.0017049774760380385
v 0.009503128007054325 0.029395552352070805 0.0016582531388849018
v 0.008159997873008248 0.02892733365297317 0.00170436839107424
v 0.009519493207335469 0.02847402915358543 0.0018422206630930302
v 0.008159997873008248 0.02847710996866226 0.0018409421900287268
v 0.008159997873008248 0.027400024235248562 0.0027248845435678955
v 0.00955945439636707 0.02739402279257774 0.0027339118532836433
v 0.009551773779094216 0.027693403884768483 0.0023663041647523637
v 0.009536386467516419 0.0280572697520256 0.002066017128527164
v 0.008159997873008248 0.02769849449396133 0.0023611967917531724
v 0.008159997873008248 0.028062181547284123 0.0020627260673791166
v 0.009553764946758744 0.027173023670911785 0.003152511082589626
v 0.008159997873008248 0.027178239077329632 0.003139812964946031
v 0.008159997873008248 0.029395552352070805 0.0016582531388849018
v 0.008159997873008248 0.02704166620969772 0.0035900364164263006
v 0.009530889801681038 0.02703919820487499 0.003604453522711992
v 0.008159997873008248 0.02892733365297317 0.006412138231098651
v 0.008159997873008248 0.029395552352070805 0.006458253134042024
v 0.00904773827642202 0.029395552352070805 0.006458253134042024
v 0.008159997873008248 0.02699555084109306 0.004058253485709428
v 0.009490034542977806 0.026995593681931492 0.004072548355907201
v 0.00943202897906303 0.02704435400664806 0.00453978357836604
v 0.008159997873008248 0.02704166620969772 0.004526469856500625
v 0.009361558593809601 0.02718151360750198 0.004984552972018718
v 0.009283757768571373 0.02740296348929405 0.005396011751145124
v 0.008159997873008248 0.027178239077329632 0.0049766930751502505
v 0.008159997873008248 0.028062181547284123 0.006053780205547809
v 0.00908399652689695 0.02847443893551826 0.0062744556926190844
v 0.009137474000453946 0.028060162439942356 0.006052416749298572
v 0.009206675924360749 0.02769840136170387 0.005755214951932429
v 0.008159997873008248 0.027400024235248562 0.005391621496528386
v 0.008159997873008248 0.02769849449396133 0.005755309481173753
v 0.008159997873008248 0.02847710996866226 0.006275564432144164
v 0.009052803739905354 0.02892428264021873 0.006411528680473565
v -0.008000001311302182 0.02847710996866226 0.006275564432144164
v -0.00892393849790096 0.02847504988312721 0.006274709478020667
v -0.008892805315554139 0.028924318030476567 0.006411535665392875
v -0.008000001311302182 0.028062181547284123 0.006053780205547809
v -0.008977400138974186 0.02806041948497295 0.006052600219845771
v -0.008000001311302182 0.027178239077329632 0.0049766930751502505
v -0.009201712906360623 0.02718114852905273 0.004983684979379176
v -0.009123886004090306 0.02740255184471607 0.005395395681262015
v -0.009046451188623902 0.027699410915374752 0.0057562249712646
v -0.008000001311302182 0.027400024235248562 0.005391621496528386
v -0.008000001311302182 0.02704166620969772 0.004526469856500625
v -0.008000001311302182 0.02769849449396133 0.005755309481173753
v -0.008887741714715954 0.029395552352070805 0.006458253134042024
v -0.008000001311302182 0.029395552352070805 0.006458253134042024
v -0.008000001311302182 0.02892733365297317 0.006412138231098651
v -0.009272279217839238 0.027044117450714108 0.004537194035947322
v -0.008000001311302182 0.02892733365297317 0.00170436839107424
v -0.008000001311302182 0.029395552352070805 0.0016582531388849018
v -0.00934313144534826 0.029395552352070805 0.0016582531388849018
v -0.009393817745149132 0.02717366628348827 0.0031509327236562963
v -0.00937122385948896 0.027039360255002972 0.0036017873790115114
v -0.008000001311302182 0.027178239077329632 0.003139812964946031
v -0.009330173954367634 0.026995586231350895 0.0040712584741413585
v -0.008000001311302182 0.02704166620969772 0.0035900364164263006
v -0.009399450384080407 0.02739510871469974 0.002732268068939447
v -0.009376424364745613 0.02805691212415695 0.002066213637590408
v -0.009391805157065388 0.027692642062902447 0.002367070177569985
v -0.008000001311302182 0.02769849449396133 0.0023611967917531724
v -0.009359518066048619 0.028473433107137677 0.001842469093389809
v -0.008000001311302182 0.028062181547284123 0.0020627260673791166
v -0.008000001311302182 0.027400024235248562 0.0027248845435678955
v -0.009347034618258473 0.028924232348799702 0.0017049877205863593
v -0.008000001311302182 0.02847710996866226 0.0018409421900287268
v -0.008000001311302182 0.02699555084109306 0.004058253485709428
v 7.999865920282898e-05 0.011795550584793089 0.010858252644538878
v -0.0007097726338542996 0.016124980524182316 0.011342727579176424
v 7.999865920282898e-05 0.020498124882578846 -0.0069063110277056685
v -0.0007527833222411571 0.01800228841602802 -0.006751891691237687
v -0.001566095394082367 0.01800228841602802 -0.0066143511794507495
v -0.0008163916063494977 0.02049765177071094 -0.00685381656512618
v -0.0017236727289855474 0.020497055724263188 -0.00668154889717698
v -0.0023595166858285657 0.01800228841602802 -0.006396588869392871
v -0.0026284970808774224 0.020496139302849766 -0.0064007327891886226
v -0.0031339642591774455 0.01800228841602802 -0.0061023025773465625
v -0.0008121228311210869 0.02485745586454868 -0.006947763264179229
v -0.0017193589592352503 0.024856597185134884 -0.006769531872123479
v 7.999865920282898e-05 0.024857761338353154 -0.00700482353568077
v -0.0008061315165832637 0.02921824529767036 -0.006917444057762622
v -0.0017085162689909332 0.02921720966696739 -0.00673884805291891
v -0.0026280821766704312 0.024855285882949826 -0.006480080075561999
v 7.999865920282898e-05 0.02481300942599773 0.012075362727046011
v -0.0007410995895043013 0.02046498656272888 0.011743974871933459
v -0.0035174912773072707 0.020494978874921795 -0.006016725674271583
v -0.004377811215817927 0.0204936321824789 -0.005537152756005525
v -0.0038825266528874623 0.01800228841602802 -0.005737253930419683
v -0.00352465035393834 0.024853616952896115 -0.00608580745756626
v -0.0051973694935441 0.020492171868681904 -0.004971037153154611
v -0.004591841716319321 0.01800228841602802 -0.00531244184821844
v -0.005263351835310457 0.01800228841602802 -0.004830955993384122
v -0.005964114330708979 0.020490666851401326 -0.004327449016273021
v -0.004395921714603899 0.02485168911516666 -0.005595115479081868
v -0.0026137896347790948 0.02921562828123569 -0.006449322681874036
v -0.005229420959949492 0.024849593639373776 -0.00501764379441738
v -0.0060126986354589445 0.024847434833645817 -0.0043630730360746375
v -0.0043799951672554 0.029211286455392834 -0.0055664610117673865
v -0.0035085817798972117 0.029213612899184224 -0.006055677775293588
v -0.005897127557545899 0.01800228841602802 -0.004292902536690234
v -0.005215704906731842 0.029208760708570477 -0.004991297144442796
v -0.008070593699812886 0.01613642834126949 -0.0011863763211295006
v -0.007531261071562764 0.014830914326012133 -0.0020596138201653953
v -0.007995744235813614 0.014362514950335024 -0.0010717652039602397
v -0.0072959982790052865 0.020487783476710316 -0.0028505884110927577
v -0.006986216641962526 0.01662589237093925 -0.0030140199232846494
v -0.007090850733220575 0.016330054029822346 -0.002856719540432095
v -0.007643887307494876 0.01613693870604038 -0.002011788077652454
v -0.007195485290139911 0.01603421382606029 -0.0026994191575795408
v -0.00784249976277351 0.02048654109239578 -0.0020411326549947257
v -0.008297596126794812 0.02048552222549915 -0.001200632657855749
v -0.008328534662723538 0.01391196623444557 -1.815859650378115e-05
v -0.008423242717981335 0.013700337149202822 0.0005375493201427161
v -0.008638884872198101 0.016135878860950467 0.0005202845786698161
v -0.008582198061048981 0.013110567815601824 0.0022236530203372236
v -0.008559903129935261 0.012944680638611315 0.0027968869544565673
v -0.008847330696880814 0.01613563112914562 0.0022367527708411212
v -0.008517952635884282 0.013488708995282648 0.0010932572185993192
v -0.00877911131829023 0.016135828569531437 0.001378766377456486
v -0.008403480052947995 0.01613606512546539 -0.00033826139406301076
v -0.008909293450415131 0.020484417676925656 0.0005204612389206885
v -0.009061735123395916 0.020484322682023045 0.0013795570703223345
v -0.00865502934902906 0.020484790205955502 -0.00034233622136525804
v -0.009137770161032673 0.02048397064208984 0.0022464895155280824
v -0.006168003659695385 0.017899090424180027 -0.004028836730867623
v -0.006666801404207942 0.02048918232321739 -0.003616678528487682
v -0.006411347538232802 0.017738351598381993 -0.0037706785369664426
v -0.00661932863295078 0.017511406913399693 -0.0035297276917845006
v -0.006776947528123853 0.01721756905317306 -0.003328620688989758
v -0.0067340121604502175 0.024845302104949948 -0.003642169758677482
v -0.007383172400295732 0.024843297898769375 -0.0028671422041952606
v -0.00673140864819288 0.029203582555055615 -0.00362272304482758
v -0.007950186729431149 0.02484151534736156 -0.0020502877887338396
v -0.008425482548773285 0.024840051308274266 -0.0012042438611388204
v -0.007966835051774975 0.02919901348650455 -0.0020392325241118665
v -0.007389296777546403 0.029201162979006764 -0.002851847559213638
v -0.008801598101854321 0.02483900263905525 -0.00034259902895428235
v -0.009071724489331242 0.02483846805989742 0.000520958041306585
v -0.009236443787813183 0.024838339537382122 0.0013800330925732849
v -0.00932223908603191 0.02483788318932056 0.002254099585115909
v -0.00912604387849569 0.02919533476233482 0.000521775335073471
v -0.009303105063736435 0.02919518947601318 0.0013801938621327279
v -0.009376424364745613 0.02805691212415695 0.002066213637590408
v -0.009359518066048619 0.028473433107137677 0.001842469093389809
v -0.008843054994940754 0.029195982962846753 -0.0003390458296053111
v -0.009142490103840824 0.02048333920538425 0.0031200526282191272
v -0.009333592839539048 0.0248370636254549 0.003141311695799231
v -0.008454129099845883 0.02919724583625793 -0.0011971989879384635
v -0.006003410555422304 0.029206154868006703 -0.004339847248047589
v -0.00884891394525766 0.016135277226567265 0.0030934079550206657
v -0.009347034618258473 0.028924232348799702 0.0017049877205863593
v 7.999865920282898e-05 0.029167102649807927 0.012279139831662176
v 7.999865920282898e-05 0.0335247553884983 0.012381670065224169
v -0.0008010391029529271 0.02916733920574188 0.012246114201843737
v 7.999865920282898e-05 0.029218424111604687 -0.0069698081351816646
v -0.0007984163821674881 0.03357637301087379 -0.006762790959328412
v 7.999865920282898e-05 0.03357654064893722 -0.006816942710429429
v 7.999865920282898e-05 0.037928134202957146 -0.006534538697451352
v -0.0007889784756116567 0.03792820498347282 -0.006484016776084899
v -0.0016911389539018267 0.03357528522610664 -0.006589433643966912
v 7.999865920282898e-05 0.037883616983890527 0.012382940389215944
v -0.00082964968169108 0.033524986356496804 0.01234665885567665
v -0.0025856071151792994 0.03357362747192382 -0.006308400537818669
v -0.0034692643675953137 0.033571511507034295 -0.005926282610744237
v -0.0051561817526817304 0.033566415309906 -0.004891956690698861
v -0.005936198402196167 0.03356367722153663 -0.004257738590240478
v -0.0043299994431436045 0.033569067716598504 -0.005451141856610774
v -0.001667232136242091 0.03792723640799522 -0.006321490742266177
v -0.0025435450952500096 0.03792575374245643 -0.006057501304894685
v -0.004245962481945751 0.03792168200016021 -0.005249304696917533
v -0.005050886888056992 0.03791931271553039 -0.004719747696071862
v -0.003406716277822851 0.03792386502027511 -0.005697790998965501
v -0.006658928934484718 0.03356098011136054 -0.0035583134740591045
v -0.005811107344925402 0.0379168689250946 -0.004116848111152648
v -0.0007778202416375277 0.04227011650800704 -0.00608141254633665
v 7.999865920282898e-05 0.04226941987872123 -0.006122447550296783
v -0.001636803965084254 0.04226947203278541 -0.0059352973476052276
v -0.0008268040255643424 0.0438162051141262 -0.005901517812162637
v -0.0017220183508470648 0.04384050145745277 -0.0057443263940513125
v -0.002487621270120143 0.042268484830856316 -0.0056968838907778254
v 7.999865920282898e-05 0.04659554734826087 0.012081822380423544
v -0.0008135715033859012 0.046591084450483315 0.012052944861352442
v -0.0033209668472409235 0.04226723313331603 -0.005370436701923608
v -0.004127925727516411 0.04226578027009963 -0.004961154423654079
v -0.004899877123534678 0.04226420819759368 -0.004474840592592954
v -0.0025905200745910397 0.043879404664039605 -0.0054926229640841475
v -0.00343190156854689 0.043932128697633736 -0.005151486955583095
v -0.004234023392200468 0.04399725422263145 -0.004730076529085635
v -0.004988275934010742 0.04407355934381484 -0.004236354492604732
v -0.005628209561109541 0.04226258397102355 -0.003917314112186431
v -0.0008573546074330803 0.037883810698986047 0.01234679017215967
v -0.007314299233257768 0.03355843946337699 -0.0028046879451721902
v -0.008383446373045441 0.03355432674288749 -0.001179491984657943
v -0.008779307827353474 0.03355300053954124 -0.00033167455694638187
v -0.007892361842095848 0.033556181937456124 -0.0020079556852579112
v -0.006516627501696346 0.03791445866227149 -0.003449018113315105
v -0.007158241700381038 0.03791218623518943 -0.0027257171459496017
v -0.006304591428488491 0.042260982096195214 -0.0032949426677078004
v -0.007726839277893302 0.03791017085313796 -0.0019564917311072345
v -0.008213511668145653 0.03790851309895515 -0.001151141128502786
v -0.009261620230972763 0.03355217352509498 0.0013800387969240544
v -0.00934313144534826 0.029395552352070805 0.0016582531388849018
v -0.0093496311455965 0.029864650219678875 0.0017045440617948768
v -0.008610436692833897 0.03790732845664024 -0.00032049173023551697
v -0.009072155691683289 0.03355232253670692 0.0005229133530519902
v -0.008910141885280606 0.03790672123432159 0.0005243715131655334
v -0.009387080557644364 0.030733561143279072 0.0020662050228565927
v -0.009372776374220845 0.033551678061485284 0.0022629240993410345
v -0.009408650919795033 0.031097928062081334 0.002366534667089581
v -0.00936553534120321 0.030317809432744976 0.0018425281159579752
v -0.009112074039876458 0.03790659457445144 0.0013795680133625863
v -0.009238831698894497 0.03790618106722831 0.002264134585857391
v -0.005695530213415621 0.0441608540713787 -0.003671527141705155
v -0.006921226624399421 0.04225947335362434 -0.0026150103658437725
v -0.007470380980521438 0.04225813224911689 -0.001884888741187751
v -0.007944450713694092 0.042257033288478844 -0.001112171448767185
v -0.006345600355416535 0.04425781592726707 -0.003044163109734654
v -0.006928974296897647 0.04436295852065086 -0.0023638324346393342
v -0.007444607559591529 0.04447639733552932 -0.0016298629343509672
v -0.008336572907865044 0.04225624725222587 -0.00030550625524483616
v -0.008640139363706108 0.04225584119558334 0.000526149000506848
v -0.007888063788413998 0.04459800571203231 -0.0008430030429735779
v -0.008854601532220837 0.04225575923919677 0.0013787815114483235
v -0.008998904377222058 0.04225549846887588 0.002263211645185947
v -0.008245742879807946 0.04472479969263076 -2.2601689124712717e-05
v -0.008514183573424813 0.044856209307909005 0.0008276692824438213
v -0.008703161031007763 0.04499173164367675 0.0017045390559360383
v -0.009407903067767617 0.03355079144239425 0.0031676343642175193
v -0.009291097521781918 0.03790543600916862 0.0031726886518299575
v -0.009391805157065388 0.027692642062902447 0.002367070177569985
v -0.008537609130144116 0.012778791598975657 0.0033701206557452674
v -0.008460055105388161 0.01263655163347721 0.003950025420635938
v -0.008786034770309922 0.016134785488247868 0.003947710618376731
v -0.009077860042452809 0.020482463762164112 0.003997293766587972
v -0.008945443667471405 0.02048137970268726 0.0048753092996776095
v -0.008660060353577134 0.01613417826592922 0.004798776470124721
v -0.008471603505313393 0.01613347418606281 0.005645644385367631
v -0.008746454492211338 0.020480126142501828 0.0057511264458298674
v -0.00913919601589441 0.0248345173895359 0.004936350975185632
v -0.008382502011954781 0.012494312599301336 0.0045299301855266086
v -0.009272058494389054 0.02483592368662357 0.004036974161863326
v -0.007932394742965695 0.012171791866421698 0.0062363860197365275
v -0.007746029179543254 0.012081188149750231 0.006797640118747949
v -0.008220450021326538 0.01613269373774528 0.006487135309725999
v -0.0075220912694931 0.016130991280078884 0.008146528154611586
v -0.0072599728591740105 0.011947691440582274 0.007891315966844557
v -0.006948744878172872 0.011900012381374834 0.008398714475333689
v -0.0076245148666203 0.012047814205288885 0.0070710587315261355
v -0.007503001019358632 0.012014439329504965 0.007344478275626897
v -0.007905754260718819 0.016131861135363575 0.007321717683225869
v -0.008481726981699463 0.0204787366092205 0.006621623877435922
v -0.008250631392002102 0.012378354556858538 0.0051025310531258574
v -0.008118759840726849 0.01226239465177059 0.005675131920725106
v -0.008151801303029057 0.020477250218391415 0.007483462337404489
v -0.007753224577754733 0.020475698634982106 0.008331974968314169
v -0.0089366165921092 0.024832887575030323 0.005834645591676234
v -0.00937122385948896 0.027039360255002972 0.0036017873790115114
v -0.009393817745149132 0.02717366628348827 0.0031509327236562963
v -0.009330173954367634 0.026995586231350895 0.0040712584741413585
v -0.009272279217839238 0.027044117450714108 0.004537194035947322
v -0.009399450384080407 0.02739510871469974 0.002732268068939447
v -0.009201712906360623 0.02718114852905273 0.004983684979379176
v -0.008666003122925755 0.02483108267188072 0.006726983468979596
v -0.009123886004090306 0.02740255184471607 0.005395395681262015
v -0.008329080417752262 0.024829151108860966 0.007608405780047177
v -0.008977400138974186 0.02806041948497295 0.006052600219845771
v -0.007924164645373818 0.024827139452099797 0.008472627960145472
v -0.008773181587457653 0.029187142848968502 0.006803160067647695
v -0.00892393849790096 0.02847504988312721 0.006274709478020667
v -0.009046451188623902 0.027699410915374752 0.0057562249712646
v -0.008892805315554139 0.028924318030476567 0.006411535665392875
v -0.008437503129243847 0.029185000807046887 0.007696478627622127
v -0.0070014465600252125 0.01613010838627815 0.008931696414947508
v -0.007222606334835288 0.020474124699831005 0.009134139865636824
v -0.005411243531852959 0.011815234087407587 0.009800505824387072
v -0.00528212310746312 0.011812489479780195 0.009875712916254996
v -0.005559253972023724 0.016128379851579663 0.010176201350986956
v -0.0061445380561053736 0.01183805428445339 0.009288576431572436
v -0.006025774870067833 0.011833721771836279 0.00937895569950342
v -0.006334672681987284 0.01612923108041286 0.009622580371797083
v -0.006762349046766755 0.011882018297910689 0.008632539771497248
v -0.0065759541466832135 0.011864025145769118 0.008866365067660807
v -0.005669485311955212 0.011820722371339796 0.009650091640651224
v -0.005773917306214569 0.020471043884754177 0.010417356155812739
v -0.006551897618919608 0.0204725619405508 0.009841460734605787
v -0.005153002217411993 0.011809744872152804 0.00995092000812292
v -0.004726997576653956 0.016127577051520344 0.010568956844508646
v -0.0014952422352507706 0.016125243157148358 0.011277263984084128
v -0.0015501792076975103 0.011795729398727415 0.010769894346594809
v -0.0014766379026696082 0.011795700527727602 0.010777644813060759
v -0.002283211098983883 0.01612565293908119 0.011169148609042166
v -0.00221205037087202 0.01179599482566118 0.010700137354433535
v -0.002175279660150408 0.011795980855822561 0.010704013518989084
v -0.004023101180791853 0.011800614185631273 0.010337357409298418
v -0.004310179036110638 0.011801959946751593 0.010262442752718924
v -0.0038932596798986184 0.016126841306686398 0.010821497067809103
v -0.004075148142874239 0.02046830020844936 0.011127077043056486
v -0.004597256425768135 0.011803305707871912 0.010187529027462004
v -0.001430674688890576 0.011795680969953535 0.010782489553093908
v -0.0014214820694178338 0.011795677244663237 0.010783457197248934
v -0.0030804544221609822 0.016126193106174466 0.011018174700438975
v -0.0034489459358155714 0.011797924526035784 0.010487184859812258
v -0.0011089318431913848 0.011795552447438238 0.010816398076713083
v -0.0006775422953069208 0.011795550584793089 0.010841611772775648
v -0.004932306241244076 0.02046961151063442 0.010840241797268389
v -0.006726296152919528 0.02482306025922298 0.00999935995787382
v -0.005111105740070341 0.024819230660796162 0.011035338044166563
v -0.004237786866724489 0.024817528203129765 0.011349698528647421
v -0.0059541449882090074 0.024821093305945393 0.010589708574116228
v -0.008034833706915375 0.029182769358158108 0.008568405173718928
v -0.007392286323010919 0.024825092405080792 0.009283666498959063
v -0.007510422263294456 0.029180502519011494 0.009380177594721316
v -0.006099893711507319 0.029176065698266026 0.010693129152059553
v -0.005263361614197491 0.029174001887440678 0.011154101230204104
v -0.006857814267277715 0.029178248718380925 0.010096163488924502
v -0.0032291891984641543 0.020467145368456837 0.01135653257369995
v -0.003365066600963472 0.024816026911139485 0.01160597801208496
v -0.0023931791074573985 0.020466184243559834 0.011535847559571264
v -0.0022855915594846 0.011796024627983568 0.010692386887967585
v -0.0015646574320271607 0.020465452224016186 0.011665310710668562
v -0.0019914265722036353 0.011795906350016592 0.01072338968515396
v -0.0016972615849226707 0.01179578900337219 0.010754392482340334
v -0.002495612017810344 0.02481477707624435 0.011808669194579123
v -0.001630589249543845 0.024813825264573094 0.01195570547133684
v -0.0034880703315138804 0.029170449823141095 0.0117663387209177
v -0.0007715221727266906 0.024813221767544743 0.012045166455209253
v -0.0016930334968492382 0.029168009757995602 0.012148263864219187
v -0.0025905007496476165 0.029169064015150067 0.011987438425421713
v -0.004381151404231785 0.029172113165259358 0.011489207856357096
v -0.009424010291695591 0.03139710053801536 0.0027339446824043985
v -0.009251379407942292 0.033548038452863686 0.005011847708374261
v -0.009260158054530617 0.03160775825381278 0.004988909699022769
v -0.009182095527648922 0.03138661757111549 0.0053982692770659915
v -0.009426997043192383 0.031617414206266396 0.003150885226204991
v -0.009367120452225205 0.03354955837130546 0.004086553119122981
v -0.009413048624992367 0.03175238519906997 0.0036051317583769556
v -0.009379971772432324 0.03179549798369407 0.004073954187333583
v -0.009327883832156655 0.031746417284011834 0.004541869740933179
v -0.009169801138341423 0.03790312632918357 0.005026277154684066
v -0.00926797371357679 0.037904400378465646 0.004096435382962226
v -0.008909990079700943 0.029865322634577748 0.006411497015506028
v -0.008887741714715954 0.029395552352070805 0.006458253134042024
v -0.008803194388747212 0.03354431688785552 0.006850108038634061
v -0.008477011695504185 0.033542226999998086 0.007747622672468423
v -0.009100011549890038 0.031089374795556065 0.005758534185588359
v -0.009062481112778183 0.03354626893997192 0.0059356391429901114
v -0.009022423997521397 0.030729370191693302 0.006053478922694921
v -0.008956458419561383 0.030315458774566647 0.006274955347180366
v -0.00875610206276178 0.03790001198649406 0.006867823190987109
v -0.008085179142653939 0.033540047705173485 0.008619233965873717
v -0.00899817422032356 0.03790164738893508 0.005953075364232062
v -0.009071806445717808 0.04225503280758857 0.003172339871525764
v -0.009071188047528263 0.04225438460707664 0.00409638276323676
v -0.008996580727398392 0.04225358366966247 0.0050251642242074
v -0.00882275868207216 0.0451291762292385 0.0025938528124243017
v -0.008873859420418736 0.045266695320606225 0.003483648411929607
v -0.008858786895871159 0.045404117554426186 0.004372832365334033
v -0.008778064511716362 0.04554150253534316 0.005261757411062717
v -0.00884916819632053 0.04225265234708785 0.005948477890342473
v -0.008447656407952305 0.03789826110005378 0.007761834189295768
v -0.00863199960440397 0.042251627892255776 0.006856314837932586
v -0.008075248450040814 0.037896431982517235 0.008625109679996966
v -0.007576967123895881 0.0335378348827362 0.009423591196537016
v -0.007591962348669765 0.0378945805132389 0.009413899853825567
v -0.008005115203559395 0.042249381542205804 0.00858604535460472
v -0.008349523879587647 0.04225052520632743 0.007739124353975057
v -0.008631614036858078 0.04567863792181014 0.00614906521514058
v -0.008421273902058598 0.04581351205706596 0.007021773606538772
v -0.008148264139890667 0.04594566673040389 0.007876831106841562
v -0.006946414243429897 0.03353563696146011 0.010131773538887499
v -0.006211132276803253 0.03353350237011909 0.010727509856224058
v -0.005389051046222447 0.03353149071335792 0.011196409352123736
v -0.006992128677666185 0.03789273649454116 0.010106185451149939
v -0.006287887692451475 0.0378909483551979 0.010692843236029146
v -0.006995012052357194 0.04224705696105956 0.010019415989518164
v -0.005488194059580563 0.037889260798692696 0.011162256821990011
v -0.0063302037306129915 0.042245935648679726 0.010589148849248884
v -0.004505224991589783 0.03352964669466018 0.011545472778379915
v -0.007555471267551181 0.04224821180105209 0.009351118467748163
v -0.0035981887485831963 0.03352802246809005 0.011837477795779703
v -0.00461002206429839 0.037887714803218835 0.011518484912812708
v -0.002677838085219263 0.03352667018771171 0.012072007171809672
v -0.0017519867978990071 0.03352564200758933 0.012242831289768217
v -0.003695431863889097 0.037886355072259896 0.011819384992122648
v -0.00469556776806712 0.042243905365467065 0.011408268474042414
v -0.002757630543783306 0.037885222584009164 0.012062364257872103
v -0.0018074521794915193 0.03788435831665992 0.012239398434758185
v -0.005560824647545813 0.042244873940944665 0.011051665060222147
v -0.007801577914506194 0.046074029058217995 0.008707400411367415
v -0.0073243128135800336 0.04619069397449493 0.009462281130254267
v -0.005994237493723629 0.0463758073747158 0.010660008527338503
v -0.005183178000152109 0.046437580138444894 0.011059693060815333
v -0.006712933070957658 0.046292912214994424 0.0101236579939723
v -0.004337958525866268 0.04648537561297416 0.011368960142135618
v -0.0037798157427459942 0.04224305227398872 0.01171208545565605
v -0.002829886740073561 0.04224233701825141 0.011958537623286246
v -0.0018594338325783604 0.042241796851158135 0.012137992307543753
v -0.0008841550443321463 0.04224145412445068 0.012246537953615187
v -0.003474148921668528 0.04652485623955726 0.011624399572610853
v -0.002592496806755661 0.04655588418245315 0.011825159192085264
v -0.0017044000560417765 0.04657785221934318 0.011967322789132593
v -0.005907011684030293 0.011829389259219168 0.00946933403611183
v -0.004453717265278099 0.01180263329297304 0.010224986821413038
v -0.004525486845523117 0.011802969500422476 0.010206256993114947
v -0.0037360235583037125 0.011799270287156103 0.010412271134555338
v -0.003592484863474964 0.011798596940934656 0.010449727997183798
v -0.0036642539780586945 0.011798933148384093 0.01043099910020828
v -0.003700139001011847 0.011799100786447523 0.010421635583043097
v -0.002867268631234764 0.011796974577009676 0.010589785873889921
v -0.002939978148788213 0.011797093786299227 0.010576960630714892
v -0.0029218010604381553 0.011797063052654265 0.010580167174339293
v -0.003158107167109846 0.01179744955152273 0.010538485832512377
v -0.003012688132002949 0.011797212064266203 0.010564136318862436
v -0.0029036235064268104 0.011797033250331877 0.010583373717963694
v -0.0021385091822594396 0.011795965023338793 0.010707887820899485
v -0.002166087040677666 0.011795977130532263 0.010704982094466685
v -0.0021568944212049237 0.011795973405241965 0.01070595160126686
v -0.0014030968304723497 0.011795670725405214 0.010785395279526709
v -0.001439867308363318 0.011795684695243834 0.010781520046293734
v -0.0021764847915619603 0.0118115097284317 0.009896193630993365
v -0.0034489459358155714 0.011797924526035784 0.010487184859812258
v -0.004597256425768135 0.011803305707871912 0.010187529027462004
v -0.005153002217411993 0.011809744872152804 0.00995092000812292
v -0.003288387320935725 0.011818638071417807 0.009701173752546309
v -0.005669485311955212 0.011820722371339796 0.009650091640651224
v -0.0011089318431913848 0.011795552447438238 0.010816398076713083
v -0.0022855915594846 0.011796024627983568 0.010692386887967585
v 7.999865920282898e-05 0.011806721799075602 0.010053291916847227
v -0.0010516495676711197 0.011807818897068499 0.010013841092586516
v 7.999865920282898e-05 0.011795550584793089 0.010858252644538878
v -0.005366242025047539 0.011862671002745627 0.008886140771210192
v -0.0061445380561053736 0.01183805428445339 0.009288576431572436
v -0.0065759541466832135 0.011864025145769118 0.008866365067660807
v -0.006948744878172872 0.011900012381374834 0.008398714475333689
v -0.0072599728591740105 0.011947691440582274 0.007891315966844557
v -0.006168249994516371 0.011926051229238508 0.008109893649816511
v -0.0057948720641434175 0.011889505200088022 0.008525379933416842
v -0.004380254074931143 0.011831525713205336 0.009414052590727804
v -0.004890838172286747 0.011843839660286902 0.009184902533888815
v 0.0012768979649990793 0.011795552447438238 0.01081586256623268
v 0.0036367760039865958 0.011798000894486902 0.010481228120625017
v 0.0024624667130410663 0.011796037666499613 0.010690008290112017
v 0.001198645448312163 0.011807793751358984 0.01001473981887102
v 0.002308692317456006 0.011811381205916403 0.00990005489438772
v 0.004796599969267843 0.011803635396063326 0.010173412971198557
v 0.005345292389392851 0.011810244992375372 0.009934530593454836
v 0.0034050326794385897 0.011818274855613707 0.00971032492816448
v 0.005859478842467068 0.011821571737527846 0.009629894979298113
v 0.004485828801989554 0.011830556206405161 0.00943364668637514
v 0.005002145189791916 0.011842379346489905 0.00921069737523794
v 0.006335592828691004 0.011839534156024454 0.009261508472263811
v 0.00591403618454933 0.011886427178978918 0.008563991636037825
v 0.00629301182925701 0.011921859346330164 0.00815430376678705
v 0.007128463126718995 0.011902528814971445 0.008369771763682364
v 0.005478804931044577 0.011860367842018603 0.008920227177441118
v 0.0067588114179670785 0.011865791864693163 0.008840871974825857
v 0.0074380817823111985 0.011951238848268984 0.007857017219066618
v 0.00661238422617316 0.011968481354415415 0.007695660460740327
v 0.006869267672300336 0.012027444317936896 0.0071978410705924025
v -0.006482319906353949 0.011974090710282324 0.007644930388778447
v -0.007450814358890054 0.01237934362143278 0.005068101454526185
v -0.008118759840726849 0.01226239465177059 0.005675131920725106
v -0.008382502011954781 0.012494312599301336 0.0045299301855266086
v -0.008537609130144116 0.012778791598975657 0.0033701206557452674
v -0.007656898349523542 0.012616348452866076 0.004006855189800262
v -0.007763325702399013 0.01289806980639696 0.0029372181743383403
v -0.008582198061048981 0.013110567815601824 0.0022236530203372236
v -0.006731566973030565 0.012033685110509394 0.007149107754230498
v -0.007746029179543254 0.012081188149750231 0.006797640118747949
v -0.007142389658838508 0.012185175903141497 0.006120027974247932
v -0.007768392097204921 0.013223849236965178 0.001868417835794389
v -0.008517952635884282 0.013488708995282648 0.0010932572185993192
v -0.007670770399272439 0.013586417771875857 0.0008241669856943189
v -0.008328534662723538 0.01391196623444557 -1.815859650378115e-05
v -0.007442473899573085 0.013982781209051607 -0.00019161726231686768
v -0.007995744235813614 0.014362514950335024 -0.0010717652039602397
v -0.007075399160385129 0.014402861706912516 -0.0011606832267716525
v -0.007531261071562764 0.014830914326012133 -0.0020596138201653953
v -0.006586976349353788 0.014830914326012133 -0.0020596138201653953
v 0.007601316552609203 0.012371563352644442 0.005106572527438401
v 0.0078124972060322736 0.012609138153493403 0.004036584869027137
v 0.008546618744730946 0.012499419972300528 0.0045071267522871486
v 0.007286690641194579 0.012177723459899424 0.006165259983390569
v 0.008287191390991207 0.012268029153347014 0.005644256249070167
v 0.007917224429547783 0.012085327878594397 0.006768466904759406
v 0.008698527701199051 0.012781674042344092 0.0033593457192182537
v 0.007922090590000149 0.012892311438918112 0.00295806978829205
v 0.008742069825530049 0.013114864006638525 0.0022098901681601997
v 0.008488424122333523 0.013912145979702471 -1.8602020645630543e-05
v 0.007832340896129605 0.01358252204954624 0.0008347381954081355
v 0.007602897472679612 0.013982200063765047 -0.00019020396575797347
v 0.007236734498292205 0.014401732012629507 -0.0011582920560613272
v 0.006746973376721141 0.014830914326012133 -0.0020596138201653953
v 0.0076912590302526925 0.014830914326012133 -0.0020596138201653953
v 0.008154249750077721 0.01436379551887512 -0.0010745055042207239
v 0.007929120212793347 0.013218316249549387 0.0018854108639061449
v 0.008676871657371518 0.013492322526872156 0.0010831571416929362
v -0.0050801965408027155 0.04631108790636062 0.010241252370178698
v -0.005183178000152109 0.046437580138444894 0.011059693060815333
v -0.004382063634693621 0.04635475948452949 0.010523832403123377
v -0.003663708921521901 0.046391051262617104 0.01075864303857088
v -0.004337958525866268 0.04648537561297416 0.011368960142135618
v -0.005994237493723629 0.0463758073747158 0.010660008527338503
v -0.006320383399724959 0.04618077352643012 0.009398080408573149
v -0.006712933070957658 0.046292912214994424 0.0101236579939723
v -0.005739525426179169 0.04625467956066131 0.009876261465251444
v -0.0073243128135800336 0.04619069397449493 0.009462281130254267
v -0.0017044000560417765 0.04657785221934318 0.011967322789132593
v -0.0008135715033859012 0.046591084450483315 0.012052944861352442
v -0.0014382069930434223 0.04645916819572448 0.011199397034943102
v 7.999865920282898e-05 0.04659554734826087 0.012081822380423544
v 7.999865920282898e-05 0.046472795307636254 0.011287570931017397
v -0.002592496806755661 0.04655588418245315 0.011825159192085264
v -0.002930221613496541 0.04642031341791152 0.010947977192699907
v -0.003474148921668528 0.04652485623955726 0.011624399572610853
v -0.008631614036858078 0.04567863792181014 0.00614906521514058
v -0.008421273902058598 0.04581351205706596 0.007021773606538772
v -0.007840712554752823 0.04565929621458053 0.0060239341109991065
v -0.008148264139890667 0.04594566673040389 0.007876831106841562
v -0.007453089114278552 0.04588349908590316 0.007474591024219989
v -0.007967455312609669 0.04554496705532073 0.005284173879772424
v -0.008778064511716362 0.04554150253534316 0.005261757411062717
v -0.008045389316976067 0.045429676771163933 0.004538250155746936
v -0.008072792552411553 0.04528131335973739 0.003578253090381622
v -0.008858786895871159 0.045404117554426186 0.004372832365334033
v -0.008873859420418736 0.045266695320606225 0.003483648411929607
v -0.008000001311302182 0.04542968049645423 0.004538253415375947
v -0.008000001311302182 0.04528131335973739 0.003578253090381622
v -0.006803454365581271 0.04609180241823196 0.008822401054203509
v -0.007174809928983447 0.045991193503141396 0.008171419613063334
v -0.007801577914506194 0.046074029058217995 0.008707400411367415
v 0.001886905170977115 0.04657740518450736 0.011964432895183561
v 0.002783213043585419 0.046554926782846444 0.011818974278867243
v 0.001599261886440217 0.04645913839340209 0.011199198663234709
v 0.003664904041215776 0.046523604542016976 0.011616304516792296
v 0.0030854085925966493 0.04641930013895034 0.010941414162516592
v 0.0009827226167544718 0.046590991318225854 0.012052316218614577
v 0.004532629158347843 0.04635356366634368 0.010516097769141195
v 0.004532973282039164 0.046483572572469704 0.01135729346424341
v 0.005384825635701416 0.04643497616052627 0.011042852886021136
v 0.005240370985120533 0.04631102085113525 0.010240840725600718
v 0.00619054166600108 0.04637233540415763 0.010637554340064524
v 0.005896454211324452 0.046255055814981454 0.009878705255687235
v 0.006910895928740499 0.04628757387399673 0.010089111514389513
v 0.006478562019765375 0.046181056648492806 0.009399890899658201
v 0.007513294927775857 0.04618479683995246 0.009424109011888502
v 0.006962460931390521 0.04609213024377822 0.008824525400996206
v 0.007987061515450474 0.04606622457504272 0.008656896650791166
v 0.0073347762227058385 0.04599087312817573 0.008169362321496008
v 0.008325398899614807 0.045938249677419656 0.007828862406313418
v 0.007604553364217279 0.04588276892900466 0.0074698678217828265
v 0.007825893349945542 0.045772220939397805 0.006754614878445863
v 0.008594005368649956 0.04580643028020858 0.0069759408943355075
v 0.008127324283123013 0.04554521664977073 0.00528580043464899
v 0.008000488393008705 0.04565955325961112 0.006025590933859347
v 0.008800696581602093 0.04567164182662963 0.0061038052663207045
v 0.00894262176007032 0.04553592205047607 0.005225650966167449
v 0.008232789114117619 0.04528131335973739 0.003578253090381622
v 0.008159997873008248 0.04528131335973739 0.003578253090381622
v 0.008205386810004708 0.045429676771163933 0.004538250155746936
v 0.009033296257257458 0.045262575149536126 0.0034569983836263414
v 0.009020337834954258 0.045399568974971764 0.004343393724411725
v 0.008159997873008248 0.04542968049645423 0.004538253415375947
v -0.008034600876271721 0.04516122490167617 0.0028012357652187343
v -0.00882275868207216 0.0451291762292385 0.0025938528124243017
v -0.007941832765936848 0.045042391866445534 0.002032333286479115
v -0.008703161031007763 0.04499173164367675 0.0017045390559360383
v -0.007794079836457965 0.044924821704626076 0.001271606422960758
v -0.008514183573424813 0.044856209307909005 0.0008276692824438213
v -0.0075833019800484154 0.04480877146124839 0.000520730682183057
v -0.008245742879807946 0.04472479969263076 -2.2601689124712717e-05
v -0.007888063788413998 0.04459800571203231 -0.0008430030429735779
v -0.007299445103853938 0.04469713941216468 -0.00020158589177299288
v -0.006948164198547599 0.04459093883633613 -0.0008887230651453136
v -0.006532067898660896 0.04448996856808662 -0.0015420427080243824
v -0.006928974296897647 0.04436295852065086 -0.0023638324346393342
v -0.007444607559591529 0.04447639733552932 -0.0016298629343509672
v -0.006052366457879542 0.04439445957541465 -0.0021599973551928993
v -0.006345600355416535 0.04425781592726707 -0.003044163109734654
v -0.005521190818399189 0.04430646076798438 -0.002729415893554687
v -0.005695530213415621 0.0441608540713787 -0.003671527141705155
v -0.004942530300468205 0.04422627389430999 -0.0032482224050909276
v -0.004988275934010742 0.04407355934381484 -0.004236354492604732
v -0.004234023392200468 0.04399725422263145 -0.004730076529085635
v -0.004315800964832304 0.04415385052561759 -0.0037168462295085187
v -0.00343190156854689 0.043932128697633736 -0.005151486955583095
v -0.003647934645414351 0.044090218842029565 -0.00412856601178646
v -0.0025905200745910397 0.043879404664039605 -0.0054926229640841475
v -0.002947856904938816 0.04403648898005485 -0.004476206377148627
v -0.0022154045291244975 0.04399308934807777 -0.004757015500217675
v -0.0008268040255643424 0.0438162051141262 -0.005901517812162637
v -0.001456457306630909 0.04396095871925353 -0.004964926280081271
v -0.00068678124807775 0.043941289186477654 -0.0050921887159347526
v -0.0017220183508470648 0.04384050145745277 -0.0057443263940513125
v 7.999865920282898e-05 0.04380779340863227 -0.005955954082310199
v 0.007597884628921745 0.0444747544825077 -0.0016404832713305948
v 0.006813657935708759 0.0445173792541027 -0.001364680705592036
v 0.007256880868226287 0.0446329154074192 -0.0006171290879137813
v 0.007620496675372121 0.0447564385831356 0.00018210995767731217
v 0.007888787426054474 0.04488424584269523 0.0010090781142935155
v 0.008399952203035351 0.04472242668271064 -3.796769669861532e-05
v 0.008038938045501706 0.044595185667276376 -0.0008612482342869042
v 0.006501279771327971 0.04425710439682006 -0.00304874125868082
v 0.0062954220920801145 0.044409707188606255 -0.0020613605156540866
v 0.00708475289866328 0.044362124055624 -0.0023692424874752756
v 0.005703062750399111 0.0443098060786724 -0.002707772888243198
v 0.008979853242635723 0.0451248213648796 0.002565697534009814
v 0.008072018623352047 0.04501457512378692 0.0018523378530517218
v 0.008186394348740574 0.04514693841338157 0.0027087854687124486
v 0.008858766406774517 0.04498786106705665 0.0016794848488643763
v 0.008669571019709107 0.04485350474715232 0.0008101889980025588
v 0.000986399943940341 0.04381612315773963 -0.005902066826820373
v 0.00019297120161354536 0.04393481090664863 -0.005134087055921554
v 0.0010777103016152974 0.043945837765932076 -0.005062776152044534
v 0.0027580717578530303 0.043879814445972436 -0.005489955656230449
v 0.001937057939358055 0.043972942978143685 -0.004887370858341455
v 0.0027703316882252685 0.044014941900968545 -0.004615631885826587
v 0.0018860506825149053 0.04384064674377441 -0.005743384361267089
v 0.0035981319379061447 0.04393257200717925 -0.00514858542010188
v 0.0051493877544999105 0.04407368227839469 -0.004235547501593827
v 0.005046270322054623 0.04421918466687202 -0.0032941205427050586
v 0.005851020105183123 0.04416020587086677 -0.003675736021250486
v 0.004337172489613293 0.0441395454108715 -0.0038094262126833196
v 0.004398373886942862 0.04399766027927398 -0.004727448802441358
v 0.0035771180409938084 0.04407112300395965 -0.004252125043421983
v 0.0005359055940061805 0.014780996367335318 0.010406039655208586
v 7.999865920282898e-05 0.014752136543393133 0.010410157963633536
v 0.0009821580024436112 0.014865299686789511 0.010394011624157427
v 0.001198645448312163 0.011807793751358984 0.01001473981887102
v 0.0014132191427052017 0.015001608990132807 0.010374564677476881
v 0.0018287445418536657 0.015184693969786165 0.010348443873226641
v 0.002308692317456006 0.011811381205916403 0.00990005489438772
v 0.002937491983175277 0.015950938686728474 0.010239154100418089
v 0.0034050326794385897 0.011818274855613707 0.00971032492816448
v 0.004485828801989554 0.011830556206405161 0.00943364668637514
v 0.003967241384088991 0.01610840298235416 0.01001085340976715
v 0.0031087521929293862 0.016097171232104298 0.010218304581940172
v 0.003165367990732192 0.016111984848976132 0.010210841894149779
v 0.005002145189791916 0.011842379346489905 0.00921069737523794
v 0.004740310367196797 0.016106013208627697 0.009763034060597418
v 0.004131289198994635 0.02043681219220161 0.010318124666810034
v 0.003280004486441611 0.019513430073857304 0.010482998564839361
v 0.003280012402683495 0.01624340564012527 0.010197454132139681
v 0.004928570706397293 0.020435761660337445 0.010037150233983992
v 0.005664091091603039 0.02043560147285461 0.009635692462325094
v 0.005461476277559994 0.01610476896166801 0.009390935301780699
v 0.002211857819929718 0.01542158331722021 0.010314648970961569
v 0.0025949713308364144 0.015658471733331677 0.010280855931341646
v 0.003280000295490025 0.022787066176533696 0.010719976387917994
v 0.0032800021581351744 0.0211502481251955 0.010601487942039965
v 0.004280411638319491 0.02477253787219524 0.010542696341872214
v 0.003422069130465387 0.024773295968770977 0.010801846161484717
v 0.005092807579785584 0.02477270923554897 0.010235525667667387
v 0.003297757357358931 0.020438881590962407 0.010550728999078272
v 0.0032799988985061632 0.026063703000545498 0.0109070623293519
v 0.0035372511483728873 0.029113123193383213 0.010963939130306242
v 0.004413554910570381 0.029113456606864926 0.010684352368116377
v 0.00523221120238304 0.029114672914147374 0.010358073748648165
v 0.005832327995449303 0.024773526936769482 0.009812685661017893
v 0.0059656738303601724 0.0291163045912981 0.009921969845890997
v 0.005346082616597412 0.03345942869782447 0.010404727421700953
v 0.00452982075512409 0.033457383513450616 0.010742917656898497
v 0.003279999596998094 0.02442538551986217 0.010813519358634947
v 0.0032800035551190363 0.020331839099526402 0.010542242787778376
v 0.0032799986656755196 0.02934273704886436 0.011042930185794829
v 0.005478804931044577 0.011860367842018603 0.008920227177441118
v 0.006120796781033276 0.016103744506835934 0.008876489475369452
v 0.00629301182925701 0.011921859346330164 0.00815430376678705
v 0.00591403618454933 0.011886427178978918 0.008563991636037825
v 0.00661238422617316 0.011968481354415415 0.007695660460740327
v 0.006671319250017402 0.01610302925109863 0.008247655816376208
v 0.006332619581371544 0.020435519516468045 0.009097518399357794
v 0.006893900688737628 0.02043555676937103 0.008447805419564245
v 0.0064996769651770574 0.024774201214313504 0.009259785525500773
v 0.007323432248085735 0.020435709506273266 0.007719890680164098
v 0.007086029741913078 0.016102699562907215 0.0075435182079672805
v 0.007061613723635671 0.024774737656116482 0.00859900191426277
v 0.006869267672300336 0.012027444317936896 0.0071978410705924025
v 0.007431836333125827 0.01610396988689899 0.006743343081325292
v 0.007685316260904071 0.02043693885207176 0.006892530713230371
v 0.007286690641194579 0.012177723459899424 0.006165259983390569
v 0.007601316552609203 0.012371563352644442 0.005106572527438401
v 0.007713447790592906 0.016105562448501583 0.005934775341302156
v 0.0078124972060322736 0.012609138153493403 0.004036584869027137
v 0.008087594062089917 0.016108725219964978 0.004305220209062099
v 0.007982084527611729 0.0204382911324501 0.006054519675672053
v 0.00786576513200998 0.024776035919785496 0.007011830806732177
v 0.007931751199066635 0.016107225790619847 0.005121808499097823
v 0.008212929591536518 0.020439567044377323 0.005211786832660436
v 0.008181198500096794 0.01610978879034519 0.0034861888270825143
v 0.008377509191632267 0.020440600812435147 0.00436722720041871
v 0.008475302718579766 0.02044119499623775 0.0035241823643445964
v 0.007922090590000149 0.012892311438918112 0.00295806978829205
v 0.007496495731174943 0.02477508410811424 0.007857515476644037
v 0.006621691863983867 0.029117505997419354 0.009363356977701185
v 0.007579647935926912 0.02860988117754459 0.007980333641171454
v 0.007804523222148416 0.027170654386281964 0.00738238263875246
v 0.007174353580921886 0.02911826781928539 0.008701189421117304
v 0.006698382552713153 0.03346310555934905 0.0094083733856678
v 0.007664869073778388 0.027854561805725094 0.007749506272375583
v 0.007981062866747376 0.026571732014417645 0.006891280878335237
v 0.008171591907739636 0.026082238182425495 0.006299226079136132
v 0.008405704982578751 0.0247775986790657 0.005287414416670798
v 0.008169608190655705 0.02477691881358623 0.006152600049972533
v 0.008517767302691933 0.025480661541223523 0.004879012238234281
v 0.0086373146623373 0.025395786389708516 0.0041017094627022735
v 0.008356902748346325 0.025713656097650524 0.00562146957963705
v 0.008572692982852455 0.024777978658676144 0.00442101340740919
v 0.008669453673064705 0.02477794326841831 0.003558644792065024
v 0.008671461604535576 0.02543064951896667 0.003707562573254108
v 0.008577540516853329 0.025438224896788594 0.004490360617637633
v 0.008694951422512528 0.024777347221970555 0.0027067475020885463
v 0.008505381643772122 0.02044110372662544 0.0026871277950704093
v 0.008211877197027203 0.016110083088278767 0.002667001681402325
v 0.006063660141080616 0.033461648970842355 0.009963626973330973
v 0.0032799982000142323 0.035905472934246056 0.011157188564538954
v 0.003279997035861014 0.03918763622641563 0.011134554632008074
v 0.0037371888756752 0.03780007362365722 0.011020464822649954
v 0.0036423970013856875 0.03345619142055511 0.011036808602511881
v 0.003279998432844876 0.03262356668710708 0.011126485653221605
v 0.005434168502688406 0.03780452162027358 0.010375514626502989
v 0.0061260047368705255 0.03780709207057952 0.009937849827110766
v 0.0046289199963212 0.037801880389451974 0.0107183875516057
v 0.0038214549422264086 0.04214229434728622 0.010914971120655535
v 0.004710716661065815 0.042144458740949624 0.010610798373818396
v 0.006729453802108762 0.03780852258205413 0.009395247325301169
v 0.0072343321517109845 0.037808805704116814 0.008759299293160437
v 0.007231994997709987 0.03346379473805427 0.008754432201385496
v 0.006152471061795948 0.04215011745691299 0.00984485913068056
v 0.005496327765285967 0.04214743897318839 0.010270483791828154
v 0.006714606657624242 0.04215122014284133 0.00932446029037237
v 0.001599261886440217 0.04645913839340209 0.011199198663234709
v 0.0025879978202283374 0.04303438961505889 0.01119912229478359
v 0.0018173112766817206 0.04349080100655555 0.011313007213175295
v 7.999865920282898e-05 0.046472795307636254 0.011287570931017397
v 0.0005302356439642606 0.04387992247939109 0.011410100385546683
v 0.0009743257542140779 0.04379680007696151 0.01138936076313257
v 0.0014054077910259362 0.043664738535881036 0.011356408707797526
v 0.0030854085925966493 0.04641930013895034 0.010941414162516592
v 0.003279995173215865 0.042469248175621026 0.011058093979954718
v 0.005240370985120533 0.04631102085113525 0.010240840725600718
v 0.005896454211324452 0.046255055814981454 0.009878705255687235
v 0.004532629158347843 0.04635356366634368 0.010516097769141195
v 0.0029339962638914576 0.04275181889533996 0.011128608137369154
v 0.006478562019765375 0.046181056648492806 0.009399890899658201
v 0.007613291032612321 0.030129903927445408 0.007990266196429728
v 0.0075629530474543545 0.029395552352070805 0.008058252744376658
v 0.007649549283087251 0.03346361592411994 0.008015516214072703
v 0.007719039451330898 0.030833752825856205 0.0077907564118504516
v 0.007867313921451565 0.03148150444030761 0.007471285760402679
v 0.007629517465829847 0.03780790045857429 0.00803632754832506
v 0.008007533848285672 0.03346318006515502 0.007159439381211995
v 0.008042540401220318 0.032059125602245324 0.00704243779182434
v 0.008225694298744198 0.03254654631018638 0.006522236391901969
v 0.00796895660459995 0.03780627995729446 0.007188040763139724
v 0.008402445353567597 0.03293649852275848 0.00591881014406681
v 0.00830121990293264 0.03346236050128936 0.00628229510039091
v 0.008245502598583695 0.03780416399240493 0.006314075551927089
v 0.008453500457108017 0.037801634520292275 0.005425463430583476
v 0.008479030802845951 0.03307436034083366 0.005587073974311351
v 0.008674689568579193 0.03336664289236068 0.004538253415375947
v 0.00855561718344688 0.03321222215890884 0.005255338270217179
v 0.00862710643559694 0.03638485819101333 0.00453825294971466
v 0.008525863289833065 0.03346115723252296 0.005394219886511563
v 0.007181138731539247 0.04215076565742492 0.008716477081179617
v 0.0075451005250215504 0.04214878752827644 0.008019266650080679
v 0.007857551798224446 0.04214561358094215 0.007187339942902326
v 0.006962460931390521 0.04609213024377822 0.008824525400996206
v 0.0073347762227058385 0.04599087312817573 0.008169362321496008
v 0.007604553364217279 0.04588276892900466 0.0074698678217828265
v 0.007825893349945542 0.045772220939397805 0.006754614878445863
v 0.008109062910079953 0.0421418510377407 0.006324519868940114
v 0.008293246850371357 0.04213769361376762 0.0054424870759248725
v 0.008532913401722905 0.039401769638061516 0.00453825294971466
v 0.008127324283123013 0.04554521664977073 0.00528580043464899
v 0.008000488393008705 0.04565955325961112 0.006025590933859347
v 0.008392283692955967 0.04241687431931495 0.004538252018392085
v 0.008205386810004708 0.045429676771163933 0.004538250155746936
v 0.008427441120147702 0.041663099080324166 0.0045382524840533725
v 0.008406427688896653 0.042133383452892297 0.004550535697489976
v 0.008462598547339436 0.04090932384133338 0.0045382524840533725
v 0.007929120212793347 0.013218316249549387 0.0018854108639061449
v 0.008076582103967663 0.016107056289911267 0.0010269863996654747
v 0.008177846670150753 0.016109291464090344 0.0018471009097993372
v 0.007832340896129605 0.01358252204954624 0.0008347381954081355
v 0.008466193452477452 0.02044008485972881 0.0018576321890577672
v 0.008355937898159024 0.02043785713613033 0.0010381190804764626
v 0.008647996000945565 0.02477604895830154 0.0018688694108277557
v 0.008162821643054482 0.020434215664863583 0.00024228137044701723
v 0.00789725128561258 0.01610275916755199 0.00022858403099235145
v 0.007865526713430878 0.020430259406566616 -0.0005633532418869435
v 0.007621172815561292 0.016097463667392727 -0.0005689453682862221
v 0.008321871049702164 0.02477101050317287 0.00025570995057933027
v 0.008527650497853752 0.02477387338876724 0.0010492247529327867
v 0.007602897472679612 0.013982200063765047 -0.00019020396575797347
v 0.007236734498292205 0.014401732012629507 -0.0011582920560613272
v 0.006746973376721141 0.014830914326012133 -0.0020596138201653953
v 0.007251943461596963 0.016092212870717045 -0.0013528267154470084
v 0.006350959651172159 0.01603775471448898 -0.0027013015933334823
v 0.006792719475924966 0.016087848693132397 -0.002109860302880406
v 0.0074691455811262105 0.020426651462912556 -0.0013632386690005658
v 0.006978483870625493 0.02042390778660774 -0.002142278710380196
v 0.007591493893414733 0.02476641163229942 -0.0013598009245470164
v 0.006401612423360346 0.020422337576746937 -0.002885649679228663
v 0.007079272065311668 0.024765158072113987 -0.0021485881879925724
v 0.008007726632058617 0.024768434464931485 -0.0005530252819880842
v 0.008718046359717842 0.025689162313938137 0.0025540331844240423
v 0.008705608546733853 0.025465510785579678 0.003313415683805942
v 0.008679428137838837 0.026057317852973935 0.0018545739585533736
v 0.008602513931691643 0.02655566483736038 0.0012413328513503072
v 0.008504567667841908 0.027159992605447766 0.0007412848062813281
v 0.00832780264317989 0.028608363121747967 0.0001364762720186263
v 0.006486010272055863 0.029109418392181393 -0.0028810254298150535
v 0.006480284966528414 0.02476476319134235 -0.00290375598706305
v 0.0070952130481600735 0.02910889312624931 -0.002128235530108213
v 0.007619022391736505 0.029108878225088116 -0.0013418889138847587
v 0.008403480052947995 0.02785399183630943 0.00036723748780786986
v 0.007551787886768577 0.033451382070779793 -0.0013089639833196995
v 0.008047654293477532 0.029109463095664975 -0.0005374518805183469
v 0.007026462815701959 0.03345236554741859 -0.0020807292312383647
v 0.00829795096069574 0.029395552352070805 5.825313564855605e-05
v 0.005748796276748179 0.020422082394361493 -0.0035788270179182287
v 0.005664484575390814 0.017522366717457768 -0.0035392695572227235
v 0.005859636235982178 0.01721756905317306 -0.003328620688989758
v 0.005414076149463652 0.017748016864061352 -0.0037834742106497283
v 0.005030863918364046 0.020423147827386853 -0.004208955448120832
v 0.005125288385897873 0.01790446229279041 -0.004039197694510221
v 0.004201157018542288 0.01800228841602802 -0.004715567920356988
v 0.004809616133570669 0.01800228841602802 -0.004292902536690234
v 0.004259284120053051 0.020425425842404362 -0.004764253739267587
v 0.003563610604032873 0.01800228841602802 -0.0050856033340096465
v 0.005805857013911007 0.024765228852629658 -0.0036100370343774553
v 0.002199223730713128 0.01800228841602802 -0.005658145993947982
v 0.002896092599257826 0.01800228841602802 -0.005401407368481158
v 0.0026127533055841914 0.02043242938816547 -0.005609293933957814
v 0.0014860798837617035 0.01800228841602802 -0.005847015883773564
v 0.0017666291678324335 0.02043615654110908 -0.005883177276700734
v 1.574513225932605e-05 0.01800228841602802 -0.0059989895671606055
v 0.0007579341181553898 0.01800228841602802 -0.005963073577731847
v 0.00010467100219102572 0.020440366119146344 -0.006109643261879682
v 0.0009249197319149968 0.020439106971025463 -0.006050982978194951
v 0.0034481978509575116 0.02042864821851253 -0.005234190262854098
v -0.0007198473322205243 0.01800228841602802 -0.005949040409177541
v 0.0058031203225254995 0.02911034598946571 -0.0035852079745382066
v 0.005067841149866579 0.02476648613810539 -0.0042538465932011596
v 0.004278693813830612 0.02476842515170574 -0.0048226797953248015
v 0.0034534144215285765 0.024770852178335186 -0.005305276717990636
v 0.005058696959167717 0.029111566022038456 -0.004227347671985625
v 0.0057406793348491175 0.033454503864049905 -0.00350417080335319
v 0.004265423398464916 0.029112966731190678 -0.004795044194906949
v 0.00343829859048128 0.02911441586911678 -0.005277073010802268
v 0.004219276830554007 0.03345586359500884 -0.0046813590452075
v 0.005003379192203282 0.03345533087849616 -0.004129425156861543
v 0.0017568306066095823 0.024776009842753407 -0.005973956082016229
v 0.0009163001668639478 0.024777933955192562 -0.00614725612103939
v 0.00010436746379127722 0.024778734892606732 -0.006207841914147138
v 0.002593186916783451 0.029115777462720868 -0.005663197021931409
v 0.0026079518720507613 0.024773502722382542 -0.005691426340490579
v 0.001744625158607959 0.0291169136762619 -0.005946018733084201
v 0.00010413682321086522 0.029117967933416363 -0.0061803488060832015
v 0.0009089660015888509 0.02911768294870853 -0.006119634024798869
v 0.006418962497264145 0.03345347195863723 -0.002817115513607859
v 0.008553458377718922 0.03779079765081405 0.0019067835528403518
v 0.008734265342354771 0.03293511644005775 0.002195067005231976
v 0.008751931600272652 0.03307465091347694 0.002531260251998901
v 0.008691573515534397 0.03345395252108573 0.0018934427062049506
v 0.00866422243416309 0.03254216164350509 0.0015886712353676555
v 0.008769596926867958 0.033214185386896126 0.0028674537315964694
v 0.00876049883663654 0.03336664289236068 0.0035782514605671163
v 0.008699976839125153 0.03634820878505706 0.003578252391889691
v 0.008639597333967682 0.03779321163892745 0.0027619707398116584
v 0.00864589866250753 0.03783820196986198 0.0035782526247203346
v 0.00876195356249809 0.03345594182610511 0.0027441740967333312
v 0.008547500707209107 0.03345196694135665 0.001071275328285992
v 0.008395591750741001 0.037788920104503625 0.0010821850737556813
v 0.008309022523462769 0.042122632265090935 0.0019208400044590233
v 0.008472491055727002 0.031466670334339135 0.0006361975683830677
v 0.00857231859117746 0.03204545378684997 0.0010619215900078414
v 0.008318481966853138 0.03012115508317947 0.00012461638834793118
v 0.0083196060732007 0.033450797200202935 0.0002826773561537265
v 0.008380792103707787 0.03081629984080791 0.0003190721909049898
v 0.008158195763826367 0.03778854385018348 0.0002965460298582911
v 0.00798523239791393 0.03345075994729995 -0.0005161934532225131
v 0.007820555008947846 0.03778951987624168 -0.0004890884156338869
v 0.0073899449780583356 0.03779106214642524 -0.0012608319520950315
v 0.006873290985822675 0.037792652845382683 -0.002005822956562042
v 0.008135945536196228 0.04212082922458648 0.001092997728846967
v 0.008591820485889908 0.039328191429376595 0.0035782528575509782
v 0.008413726463913914 0.04212553054094314 0.002779241185635328
v 0.008186394348740574 0.04514693841338157 0.0027087854687124486
v 0.007890072651207444 0.042121130973100655 0.00031080553890205914
v 0.008436074480414387 0.0423060730099678 0.003578253090381622
v 0.008232789114117619 0.04528131335973739 0.003578253090381622
v 0.007888787426054474 0.04488424584269523 0.0010090781142935155
v 0.008072018623352047 0.04501457512378692 0.0018523378530517218
v 0.0075537590309977505 0.04212286695837974 -0.00045604485785588617
v 0.007133672945201394 0.04212499409914016 -0.0011973846703767774
v 0.006635993253439662 0.042126774787902825 -0.001903331372886896
v 0.007620496675372121 0.0447564385831356 0.00018210995767731217
v 0.007256880868226287 0.0446329154074192 -0.0006171290879137813
v 0.006813657935708759 0.0445173792541027 -0.001364680705592036
v 0.0062954220920801145 0.044409707188606255 -0.0020613605156540866
v 0.0060683470219373686 0.04212770611047744 -0.0025645541027188297
v 0.006279575172811745 0.03779391571879386 -0.0027117230929434295
v 0.005619163624942301 0.03779459372162818 -0.003366601420566439
v 0.0034025770146399723 0.03345604613423347 -0.005149560049176215
v 0.004141181241720913 0.03779372945427894 -0.004481452051550149
v 0.004902701359242199 0.037794541567564004 -0.003959793131798505
v 0.005439337342977522 0.042127456516027444 -0.0031721352133899923
v 0.004757693037390707 0.04212591797113418 -0.0037181037478148933
v 0.0033471686765551554 0.03779222816228866 -0.004922723397612571
v 0.002533786464482545 0.037790201604366296 -0.005275526084005832
v 0.002568212337791919 0.033455882221460335 -0.005524516105651855
v 0.0032732903491705643 0.042119391262531274 -0.00459655001759529
v 0.004032343626022337 0.042123138904571526 -0.004195104353129863
v 0.0017298818565905088 0.03345546498894691 -0.005799221340566873
v 0.00010398029553471129 0.03345470130443572 -0.006027073133736848
v 0.0009029185166582462 0.03345497325062751 -0.005967986769974231
v 0.001713083125650882 0.0377880111336708 -0.0055338097736239425
v 0.0008983387961052355 0.03778614103794097 -0.005692568141967057
v 0.00010390208626631643 0.03778529167175292 -0.005748236086219548
v 0.005703062750399111 0.0443098060786724 -0.002707772888243198
v 0.004337172489613293 0.0441395454108715 -0.0038094262126833196
v 0.002490917919203638 0.04211506247520446 -0.0049164281226694575
v 0.005046270322054623 0.04421918466687202 -0.0032941205427050586
v 0.0027703316882252685 0.044014941900968545 -0.004615631885826587
v 0.0035771180409938084 0.04407112300395965 -0.004252125043421983
v 0.0016948641277849668 0.04211081936955451 -0.0051501262933015815
v 0.0008954529766924676 0.0421074628829956 -0.005293728318065404
v 0.001937057939358055 0.043972942978143685 -0.004887370858341455
v 0.0001039071503328159 0.0421060137450695 -0.00534413382411003
v 0.0010777103016152974 0.043945837765932076 -0.005062776152044534
v 0.00019297120161354536 0.04393481090664863 -0.005134087055921554
v 0.006105297710746525 0.01662766374647617 -0.003014961257576942
v 0.006228128913789986 0.01633270829916 -0.002858131425455212
v 0.0031943824142217627 0.01617028936743736 0.010207879357039927
v 0.008580009452998635 0.03789331763982772 0.00453825294971466
v 0.008205386810004708 0.045429676771163933 0.004538250155746936
v 0.008159997873008248 0.04542968049645423 0.004538253415375947
v 0.008392283692955967 0.04241687431931495 0.004538252018392085
v 0.006639998871833083 0.03448591381311416 0.004538253415375947
v 0.008532913401722905 0.039401769638061516 0.00453825294971466
v 0.006639998871833083 0.03336664289236068 0.004538253415375947
v 0.008674689568579193 0.03336664289236068 0.004538253415375947
v 0.00862710643559694 0.03638485819101333 0.00453825294971466
v 0.007613291032612321 0.030129903927445408 0.007990266196429728
v 0.006639998871833083 0.030116837471723553 0.00799268390983343
v 0.007719039451330898 0.030833752825856205 0.0077907564118504516
v 0.007867313921451565 0.03148150444030761 0.007471285760402679
v 0.006639998871833083 0.03146559372544288 0.007480958476662635
v 0.006639998871833083 0.030814474448561665 0.007798125967383384
v 0.006639998871833083 0.03204884752631187 0.007051579188555478
v 0.008042540401220318 0.032059125602245324 0.00704243779182434
v 0.006639998871833083 0.032938126474618905 0.005915709771215915
v 0.008225694298744198 0.03254654631018638 0.006522236391901969
v 0.008402445353567597 0.03293649852275848 0.00591881014406681
v 0.00855561718344688 0.03321222215890884 0.005255338270217179
v 0.006639998871833083 0.03321499377489089 0.005246458575129508
v 0.008674689568579193 0.03336664289236068 0.004538253415375947
v 0.006639998871833083 0.03336664289236068 0.004538253415375947
v 0.006639998871833083 0.03254511579871177 0.006524064578115939
v 0.006639998871833083 0.03336664289236068 0.003578253090381622
v 0.006639998871833083 0.03433754667639732 0.003578253090381622
v 0.00876049883663654 0.03336664289236068 0.0035782514605671163
v 0.008699976839125153 0.03634820878505706 0.003578252391889691
v 0.008591820485889908 0.039328191429376595 0.0035782528575509782
v 0.008159997873008248 0.04528131335973739 0.003578253090381622
v 0.008232789114117619 0.04528131335973739 0.003578253090381622
v 0.008436074480414387 0.0423060730099678 0.003578253090381622
v -0.006480000913143156 0.03433754667639732 0.003578253090381622
v -0.008276076987385746 0.0423060730099678 0.003578253090381622
v -0.008000001311302182 0.04528131335973739 0.003578253090381622
v -0.008072792552411553 0.04528131335973739 0.003578253090381622
v -0.008431818336248394 0.039328191429376595 0.0035782528575509782
v -0.008600464090704914 0.03336664289236068 0.0035782514605671163
v -0.008539965376257893 0.03634820878505706 0.003578252391889691
v -0.006480000913143156 0.03336664289236068 0.003578253090381622
v -0.008158475160598751 0.03012098744511604 0.00012458529090508816
v -0.008220972493290898 0.03081780113279819 0.00031964303343556816
v -0.006480000913143156 0.030814474448561665 0.0003183799271937459
v -0.006480000913143156 0.03146559372544288 0.000635547621641308
v -0.008312489837408062 0.031466647982597344 0.0006361834821291267
v -0.006480000913143156 0.03204884752631187 0.001064927317202091
v -0.006480000913143156 0.030116837471723553 0.00012382224667817351
v -0.008412741124629971 0.03204777836799621 0.0010639778338372705
v -0.006480000913143156 0.032938126474618905 0.002200796734541654
v -0.008504047058522698 0.032541200518608086 0.0015874495729804037
v -0.008574358187615868 0.03293567150831222 0.0021961207967251535
v -0.008609525859355923 0.033213075250387185 0.0028638918884098525
v -0.006480000913143156 0.03321499377489089 0.0028700474649667736
v -0.008600464090704914 0.03336664289236068 0.0035782514605671163
v -0.006480000913143156 0.03254511579871177 0.0015924415783956645
v -0.006480000913143156 0.03336664289236068 0.003578253090381622
v -0.006480000913143156 0.03448591381311416 0.004538253415375947
v -0.008467108942568299 0.03638485819101333 0.00453825294971466
v -0.008514693006873127 0.03336664289236068 0.004538253415375947
v -0.006480000913143156 0.03336664289236068 0.004538253415375947
v -0.008372917771339413 0.039401769638061516 0.00453825294971466
v -0.008000001311302182 0.04542968049645423 0.004538253415375947
v -0.008232287131249901 0.04241687431931495 0.004538252018392085
v -0.008045389316976067 0.045429676771163933 0.004538250155746936
v 0.0032799986656755196 0.02934273704886436 0.011042930185794829
v 0.0032799986656755196 0.03582262620329856 0.009910284541547297
v 0.003279998432844876 0.03262356668710708 0.011126485653221605
v 0.0032799988985061632 0.026063703000545498 0.0109070623293519
v 0.0032799986656755196 0.032257542014122 0.00988070201128721
v 0.003279997035861014 0.03918763622641563 0.011134554632008074
v 0.0032799982000142323 0.035905472934246056 0.011157188564538954
v 0.0032799986656755196 0.0378691479563713 0.009910284541547297
v 0.003279995173215865 0.042469248175621026 0.011058093979954718
v 0.003280000295490025 0.022787066176533696 0.010719976387917994
v 0.003280004486441611 0.019513430073857304 0.010482998564839361
v 0.003280012402683495 0.01624340564012527 0.010197454132139681
v 0.0032799986656755196 0.02513131499290466 0.009644092060625551
v 0.0032799986656755196 0.021572124212980267 0.009437130764126776
v 0.0032799986656755196 0.028693448752164837 0.009791962802410124
v -0.003120001405477523 0.03262382745742797 0.011126491241157053
v -0.003120001405477523 0.03582262620329856 0.009910284541547297
v -0.003120001405477523 0.029343036934733387 0.01104294043034315
v -0.003120001405477523 0.032257542014122 0.00988070201128721
v -0.0031200016383081666 0.026063950732350346 0.010907073505222796
v -0.0031200009398162356 0.035905621945857995 0.011157191358506678
v -0.003120000008493661 0.03918767720460891 0.011134555563330649
v -0.003119997913017868 0.042469248175621026 0.011058093979954718
v -0.003120001405477523 0.0378691479563713 0.009910284541547297
v -0.0031200030352920285 0.022787217050790783 0.010719984769821165
v -0.003120001405477523 0.02513131499290466 0.009644092060625551
v -0.0031200151424854985 0.01624340564012527 0.010197454132139681
v -0.003120007459074258 0.01951348595321178 0.01048300229012966
v -0.003120001405477523 0.021572124212980267 0.009437130764126776
v -0.003120001405477523 0.028693448752164837 0.009791962802410124
v 0.008159997873008248 0.04528131335973739 0.003578253090381622
v 0.006639998871833083 0.03433754667639732 0.003578253090381622
v 0.006639998871833083 0.03448591381311416 0.004538253415375947
v 0.008159997873008248 0.04542968049645423 0.004538253415375947
v 0.006639998871833083 0.02786481752991676 0.007753771264106034
v 0.006639998871833083 0.029012866318225857 0.004982132464647292
v 0.006639998871833083 0.027173269540071484 0.0073841316625475875
v 0.006639998871833083 0.026567123830318447 0.006886680144816636
v 0.006639998871833083 0.029395552352070805 0.008058252744376658
v 0.006639998871833083 0.029395552352070805 0.005058253183960914
v 0.006639998871833083 0.028615191578865048 0.00798139441758394
v 0.006639998871833083 0.028688443824648854 0.00476536015048623
v 0.006639998871833083 0.026069670915603634 0.006280533969402312
v 0.006639998871833083 0.02547241002321243 0.004838614724576472
v 0.006639998871833083 0.02570003271102905 0.005588986910879611
v 0.006639998871833083 0.028471672907471653 0.004440936725586652
v 0.006639998871833083 0.028395552188158032 0.004058253485709428
v 0.006639998871833083 0.03146559372544288 0.007480958476662635
v 0.006639998871833083 0.029778234660625454 0.004982132464647292
v 0.006639998871833083 0.030814474448561665 0.007798125967383384
v 0.006639998871833083 0.03204884752631187 0.007051579188555478
v 0.006639998871833083 0.03254511579871177 0.006524064578115939
v 0.006639998871833083 0.030102657154202458 0.00476536015048623
v 0.006639998871833083 0.032938126474618905 0.005915709771215915
v 0.006639998871833083 0.030116837471723553 0.00799268390983343
v 0.006639998871833083 0.030319431796669957 0.004440936725586652
v 0.006639998871833083 0.03433754667639732 0.003578253090381622
v 0.006639998871833083 0.03336664289236068 0.004538253415375947
v 0.006639998871833083 0.03448591381311416 0.004538253415375947
v 0.006639998871833083 0.03321499377489089 0.005246458575129508
v 0.006639998871833083 0.030395552515983578 0.004058253485709428
v 0.006639998871833083 0.025395551696419712 0.004058253485709428
v 0.006639998871833083 0.028471672907471653 0.0036755695473402734
v 0.006639998871833083 0.02547241002321243 0.0032778920140117403
v 0.006639998871833083 0.02570003271102905 0.002527519594877958
v 0.006639998871833083 0.028688443824648854 0.003351146355271339
v 0.006639998871833083 0.029012866318225857 0.003134373808279633
v 0.006639998871833083 0.026567123830318447 0.0012298260116949675
v 0.006639998871833083 0.029395552352070805 0.0030582530889660116
v 0.006639998871833083 0.028615191578865048 0.00013511201541405168
v 0.006639998871833083 0.026069670915603634 0.0018359721871092913
v 0.006639998871833083 0.027173269540071484 0.0007323746685869991
v 0.006639998871833083 0.02786481752991676 0.0003627350088208913
v 0.006639998871833083 0.029395552352070805 5.825313564855605e-05
v 0.006639998871833083 0.030116837471723553 0.00012382224667817351
v 0.006639998871833083 0.030102657154202458 0.003351146355271339
v 0.006639998871833083 0.030319431796669957 0.0036755695473402734
v 0.006639998871833083 0.032938126474618905 0.002200796734541654
v 0.006639998871833083 0.03321499377489089 0.0028700474649667736
v 0.006639998871833083 0.03336664289236068 0.003578253090381622
v 0.006639998871833083 0.029778234660625454 0.003134373808279633
v 0.006639998871833083 0.03204884752631187 0.001064927317202091
v 0.006639998871833083 0.03146559372544288 0.000635547621641308
v 0.006639998871833083 0.030814474448561665 0.0003183799271937459
v 0.006639998871833083 0.03254511579871177 0.0015924415783956645
v -0.006480000913143156 0.03448591381311416 0.004538253415375947
v -0.008000001311302182 0.04528131335973739 0.003578253090381622
v -0.008000001311302182 0.04542968049645423 0.004538253415375947
v -0.006480000913143156 0.03433754667639732 0.003578253090381622
v -0.006480000913143156 0.02786481752991676 0.0003627350088208913
v -0.006480000913143156 0.029012866318225857 0.003134373808279633
v -0.006480000913143156 0.027173269540071484 0.0007323746685869991
v -0.006480000913143156 0.026567123830318447 0.0012298260116949675
v -0.006480000913143156 0.029395552352070805 5.825313564855605e-05
v -0.006480000913143156 0.029395552352070805 0.0030582530889660116
v -0.006480000913143156 0.028615191578865048 0.00013511201541405168
v -0.006480000913143156 0.028688443824648854 0.003351146355271339
v -0.006480000913143156 0.026069670915603634 0.0018359721871092913
v -0.006480000913143156 0.02547241002321243 0.0032778920140117403
v -0.006480000913143156 0.02570003271102905 0.002527519594877958
v -0.006480000913143156 0.028471672907471653 0.0036755695473402734
v -0.006480000913143156 0.028395552188158032 0.004058253485709428
v -0.006480000913143156 0.03146559372544288 0.000635547621641308
v -0.006480000913143156 0.029778234660625454 0.003134373808279633
v -0.006480000913143156 0.030814474448561665 0.0003183799271937459
v -0.006480000913143156 0.03204884752631187 0.001064927317202091
v -0.006480000913143156 0.03254511579871177 0.0015924415783956645
v -0.006480000913143156 0.030102657154202458 0.003351146355271339
v -0.006480000913143156 0.032938126474618905 0.002200796734541654
v -0.006480000913143156 0.030116837471723553 0.00012382224667817351
v -0.006480000913143156 0.030319431796669957 0.0036755695473402734
v -0.006480000913143156 0.03336664289236068 0.004538253415375947
v -0.006480000913143156 0.03336664289236068 0.003578253090381622
v -0.006480000913143156 0.03433754667639732 0.003578253090381622
v -0.006480000913143156 0.03321499377489089 0.0028700474649667736
v -0.006480000913143156 0.030395552515983578 0.004058253485709428
v -0.006480000913143156 0.025395551696419712 0.004058253485709428
v -0.006480000913143156 0.028471672907471653 0.004440936725586652
v -0.006480000913143156 0.02547241002321243 0.004838614724576472
v -0.006480000913143156 0.02570003271102905 0.005588986910879611
v -0.006480000913143156 0.028688443824648854 0.00476536015048623
v -0.006480000913143156 0.029012866318225857 0.004982132464647292
v -0.006480000913143156 0.026567123830318447 0.006886680144816636
v -0.006480000913143156 0.029395552352070805 0.005058253183960914
v -0.006480000913143156 0.028615191578865048 0.00798139441758394
v -0.006480000913143156 0.026069670915603634 0.006280533969402312
v -0.006480000913143156 0.027173269540071484 0.0073841316625475875
v -0.006480000913143156 0.02786481752991676 0.007753771264106034
v -0.006480000913143156 0.029395552352070805 0.008058252744376658
v -0.006480000913143156 0.030116837471723553 0.00799268390983343
v -0.006480000913143156 0.030102657154202458 0.00476536015048623
v -0.006480000913143156 0.030319431796669957 0.004440936725586652
v -0.006480000913143156 0.032938126474618905 0.005915709771215915
v -0.006480000913143156 0.03321499377489089 0.005246458575129508
v -0.006480000913143156 0.03448591381311416 0.004538253415375947
v -0.006480000913143156 0.029778234660625454 0.004982132464647292
v -0.006480000913143156 0.03204884752631187 0.007051579188555478
v -0.006480000913143156 0.03146559372544288 0.007480958476662635
v -0.006480000913143156 0.030814474448561665 0.007798125967383384
v -0.006480000913143156 0.03254511579871177 0.006524064578115939
v -0.0008142412989400324 0.043794363737106316 0.011388752609491347
v -0.00037146484828554083 0.04388629645109176 0.011411691084504126
v 7.999865920282898e-05 0.043908324092626565 0.011417186819016932
v -0.0012467005290091033 0.043662656098604195 0.01135588902980089
v 0.0014054077910259362 0.043664738535881036 0.011356408707797526
v 0.0005302356439642606 0.04387992247939109 0.011410100385546683
v 0.0009743257542140779 0.04379680007696151 0.01138936076313257
v 0.0018173112766817206 0.04349080100655555 0.011313007213175295
v -0.003120001405477523 0.0378691479563713 0.009910284541547297
v -0.002429379150271415 0.04303269088268279 0.011198696680366991
v -0.001661019399762153 0.043488997966051095 0.011312556453049181
v -0.003119997913017868 0.042469248175621026 0.011058093979954718
v 0.0032799986656755196 0.0378691479563713 0.009910284541547297
v 0.0025879978202283374 0.04303438961505889 0.01119912229478359
v 0.003279995173215865 0.042469248175621026 0.011058093979954718
v 0.0032799986656755196 0.0378691479563713 0.009910284541547297
v 0.0032799986656755196 0.03582262620329856 0.009910284541547297
v -0.003120001405477523 0.03582262620329856 0.009910284541547297
v -0.003120001405477523 0.0378691479563713 0.009910284541547297
v 0.0032799986656755196 0.02513131499290466 0.009644092060625551
v 0.0032799986656755196 0.021572124212980267 0.009437130764126776
v -0.003120001405477523 0.021572124212980267 0.009437130764126776
v -0.003120001405477523 0.02513131499290466 0.009644092060625551
v -0.003120001405477523 0.032257542014122 0.00988070201128721
v -0.003120001405477523 0.028693448752164837 0.009791962802410124
v 0.0032799986656755196 0.032257542014122 0.00988070201128721
v 0.0032799986656755196 0.028693448752164837 0.009791962802410124
v 7.999865920282898e-05 0.014752136543393133 0.010410157963633536
v -0.0003760959662031381 0.014778834767639635 0.010406348854303358
v -0.0008230739040300247 0.01486553158611059 0.01039397995918989
v 0.0014132191427052017 0.015001608990132807 0.010374564677476881
v -0.0012530671665444966 0.01500145625323057 0.010374587029218672
v 0.0005359055940061805 0.014780996367335318 0.010406039655208586
v 0.0009821580024436112 0.014865299686789511 0.010394011624157427
v -0.003120001405477523 0.021572124212980267 0.009437130764126776
v -0.0016666804440319532 0.015183654613792895 0.01034859102219343
v -0.0024344788398593655 0.015659052878618237 0.010280764661729334
v -0.0031200151424854985 0.01624340564012527 0.010197454132139681
v 0.0032799986656755196 0.021572124212980267 0.009437130764126776
v 0.0025949713308364144 0.015658471733331677 0.010280855931341646
v 0.0018287445418536657 0.015184693969786165 0.010348443873226641
v 0.003280012402683495 0.01624340564012527 0.010197454132139681
v 0.006639998871833083 0.029778234660625454 0.004982132464647292
v 0.008159997873008248 0.029778234660625454 0.004982132464647292
v 0.006639998871833083 0.030319431796669957 0.004440936725586652
v 0.008159997873008248 0.030319431796669957 0.004440936725586652
v 0.008159997873008248 0.030102657154202458 0.00476536015048623
v 0.006639998871833083 0.030102657154202458 0.00476536015048623
v 0.006639998871833083 0.030395552515983578 0.004058253485709428
v 0.008159997873008248 0.030395552515983578 0.004058253485709428
v 0.006639998871833083 0.030102657154202458 0.003351146355271339
v 0.008159997873008248 0.030102657154202458 0.003351146355271339
v 0.008159997873008248 0.030319431796669957 0.0036755695473402734
v 0.008159997873008248 0.029778234660625454 0.003134373808279633
v 0.006639998871833083 0.029778234660625454 0.003134373808279633
v 0.006639998871833083 0.030319431796669957 0.0036755695473402734
v -0.006480000913143156 0.029778234660625454 0.003134373808279633
v -0.008000001311302182 0.029778234660625454 0.003134373808279633
v -0.006480000913143156 0.030319431796669957 0.0036755695473402734
v -0.008000001311302182 0.030319431796669957 0.0036755695473402734
v -0.008000001311302182 0.030102657154202458 0.003351146355271339
v -0.006480000913143156 0.030102657154202458 0.003351146355271339
v -0.006480000913143156 0.030395552515983578 0.004058253485709428
v -0.008000001311302182 0.030395552515983578 0.004058253485709428
v -0.006480000913143156 0.030102657154202458 0.00476536015048623
v -0.008000001311302182 0.030102657154202458 0.00476536015048623
v -0.008000001311302182 0.030319431796669957 0.004440936725586652
v -0.008000001311302182 0.029778234660625454 0.004982132464647292
v -0.006480000913143156 0.029778234660625454 0.004982132464647292
v -0.006480000913143156 0.030319431796669957 0.004440936725586652
v 0.008159997873008248 0.028688443824648854 0.00476536015048623
v 0.008159997873008248 0.029012866318225857 0.004982132464647292
v 0.008159997873008248 0.028062181547284123 0.006053780205547809
v 0.008159997873008248 0.02769849449396133 0.005755309481173753
v 0.008159997873008248 0.02892733365297317 0.006412138231098651
v 0.008159997873008248 0.02847710996866226 0.006275564432144164
v 0.008159997873008248 0.029395552352070805 0.005058253183960914
v 0.008159997873008248 0.027400024235248562 0.005391621496528386
v 0.008159997873008248 0.028471672907471653 0.004440936725586652
v 0.008159997873008248 0.027178239077329632 0.0049766930751502505
v 0.008159997873008248 0.02704166620969772 0.004526469856500625
v 0.008159997873008248 0.028395552188158032 0.004058253485709428
v 0.008159997873008248 0.02699555084109306 0.004058253485709428
v 0.008159997873008248 0.02704166620969772 0.0035900364164263006
v 0.008159997873008248 0.03072891943156719 0.006053780205547809
v 0.008159997873008248 0.030313991010189053 0.006275564432144164
v 0.008159997873008248 0.029778234660625454 0.004982132464647292
v 0.008159997873008248 0.02986376732587814 0.006412138231098651
v 0.008159997873008248 0.030102657154202458 0.00476536015048623
v 0.008159997873008248 0.03109260834753513 0.005755309481173753
v 0.008159997873008248 0.031391076743602746 0.005391621496528386
v 0.008159997873008248 0.029395552352070805 0.006458253134042024
v 0.008159997873008248 0.030319431796669957 0.004440936725586652
v 0.008159997873008248 0.03161285817623138 0.0049766930751502505
v 0.008159997873008248 0.03174943476915359 0.004526469856500625
v 0.008159997873008248 0.030395552515983578 0.004058253485709428
v 0.008159997873008248 0.028471672907471653 0.0036755695473402734
v 0.008159997873008248 0.027178239077329632 0.003139812964946031
v 0.008159997873008248 0.028688443824648854 0.003351146355271339
v 0.008159997873008248 0.027400024235248562 0.0027248845435678955
v 0.008159997873008248 0.028062181547284123 0.0020627260673791166
v 0.008159997873008248 0.029012866318225857 0.003134373808279633
v 0.008159997873008248 0.02892733365297317 0.00170436839107424
v 0.008159997873008248 0.029395552352070805 0.0030582530889660116
v 0.008159997873008248 0.02769849449396133 0.0023611967917531724
v 0.008159997873008248 0.02847710996866226 0.0018409421900287268
v 0.008159997873008248 0.029395552352070805 0.0016582531388849018
v 0.008159997873008248 0.02986376732587814 0.00170436839107424
v 0.008159997873008248 0.03161285817623138 0.003139812964946031
v 0.008159997873008248 0.030319431796669957 0.0036755695473402734
v 0.008159997873008248 0.031391076743602746 0.0027248845435678955
v 0.008159997873008248 0.03174943476915359 0.0035900364164263006
v 0.008159997873008248 0.03179555013775825 0.004058253485709428
v 0.008159997873008248 0.030102657154202458 0.003351146355271339
v 0.008159997873008248 0.029778234660625454 0.003134373808279633
v 0.008159997873008248 0.030313991010189053 0.0018409421900287268
v 0.008159997873008248 0.03072891943156719 0.0020627260673791166
v 0.008159997873008248 0.03109260834753513 0.0023611967917531724
v -0.008000001311302182 0.028688443824648854 0.003351146355271339
v -0.008000001311302182 0.029012866318225857 0.003134373808279633
v -0.008000001311302182 0.028062181547284123 0.0020627260673791166
v -0.008000001311302182 0.02769849449396133 0.0023611967917531724
v -0.008000001311302182 0.02892733365297317 0.00170436839107424
v -0.008000001311302182 0.02847710996866226 0.0018409421900287268
v -0.008000001311302182 0.029395552352070805 0.0030582530889660116
v -0.008000001311302182 0.027400024235248562 0.0027248845435678955
v -0.008000001311302182 0.028471672907471653 0.0036755695473402734
v -0.008000001311302182 0.027178239077329632 0.003139812964946031
v -0.008000001311302182 0.02704166620969772 0.0035900364164263006
v -0.008000001311302182 0.028395552188158032 0.004058253485709428
v -0.008000001311302182 0.02699555084109306 0.004058253485709428
v -0.008000001311302182 0.02704166620969772 0.004526469856500625
v -0.008000001311302182 0.03072891943156719 0.0020627260673791166
v -0.008000001311302182 0.030313991010189053 0.0018409421900287268
v -0.008000001311302182 0.029778234660625454 0.003134373808279633
v -0.008000001311302182 0.02986376732587814 0.00170436839107424
v -0.008000001311302182 0.030102657154202458 0.003351146355271339
v -0.008000001311302182 0.03109260834753513 0.0023611967917531724
v -0.008000001311302182 0.031391076743602746 0.0027248845435678955
v -0.008000001311302182 0.029395552352070805 0.0016582531388849018
v -0.008000001311302182 0.030319431796669957 0.0036755695473402734
v -0.008000001311302182 0.03161285817623138 0.003139812964946031
v -0.008000001311302182 0.03174943476915359 0.0035900364164263006
v -0.008000001311302182 0.030395552515983578 0.004058253485709428
v -0.008000001311302182 0.028471672907471653 0.004440936725586652
v -0.008000001311302182 0.027178239077329632 0.0049766930751502505
v -0.008000001311302182 0.028688443824648854 0.00476536015048623
v -0.008000001311302182 0.027400024235248562 0.005391621496528386
v -0.008000001311302182 0.028062181547284123 0.006053780205547809
v -0.008000001311302182 0.029012866318225857 0.004982132464647292
v -0.008000001311302182 0.02892733365297317 0.006412138231098651
v -0.008000001311302182 0.029395552352070805 0.005058253183960914
v -0.008000001311302182 0.02769849449396133 0.005755309481173753
v -0.008000001311302182 0.02847710996866226 0.006275564432144164
v -0.008000001311302182 0.029395552352070805 0.006458253134042024
v -0.008000001311302182 0.02986376732587814 0.006412138231098651
v -0.008000001311302182 0.03161285817623138 0.0049766930751502505
v -0.008000001311302182 0.030319431796669957 0.004440936725586652
v -0.008000001311302182 0.031391076743602746 0.005391621496528386
v -0.008000001311302182 0.03174943476915359 0.004526469856500625
v -0.008000001311302182 0.03179555013775825 0.004058253485709428
v -0.008000001311302182 0.030102657154202458 0.00476536015048623
v -0.008000001311302182 0.029778234660625454 0.004982132464647292
v -0.008000001311302182 0.030313991010189053 0.006275564432144164
v -0.008000001311302182 0.03072891943156719 0.006053780205547809
v -0.008000001311302182 0.03109260834753513 0.005755309481173753
v 0.00925980135798454 0.03108853660523891 0.005759370047599076
v 0.009182146750390526 0.030727429315447804 0.006054420955479144
v 0.008159997873008248 0.03109260834753513 0.005755309481173753
v 0.008159997873008248 0.030313991010189053 0.006275564432144164
v 0.009116403758525845 0.03031506761908531 0.006275117862969636
v 0.009069741703569886 0.02986429817974567 0.006412032060325145
v 0.008159997873008248 0.03072891943156719 0.006053780205547809
v 0.008159997873008248 0.03174943476915359 0.004526469856500625
v 0.009487943723797795 0.031746320426464074 0.004541850648820399
v 0.00941994413733482 0.031607244163751595 0.00499013578519225
v 0.009341865777969357 0.031385894864797585 0.005399347748607396
v 0.008159997873008248 0.03161285817623138 0.0049766930751502505
v 0.008159997873008248 0.031391076743602746 0.005391621496528386
v 0.008159997873008248 0.03179555013775825 0.004058253485709428
v 0.008159997873008248 0.02986376732587814 0.006412138231098651
v 0.00953988544642925 0.03179549053311347 0.004074860364198684
v 0.008159997873008248 0.03174943476915359 0.0035900364164263006
v 0.009586992673575875 0.03161745890974998 0.0031509990803897376
v 0.009573049843311306 0.03175236284732818 0.0036050209309905763
v 0.00958401151001453 0.031397227197885506 0.002734137931838631
v 0.008159997873008248 0.031391076743602746 0.0027248845435678955
v 0.009568648412823674 0.031097954139113423 0.0023665612097829576
v 0.008159997873008248 0.03161285817623138 0.003139812964946031
v 0.009547088295221325 0.030734503641724583 0.0020664695184677835
v 0.008159997873008248 0.03109260834753513 0.0023611967917531724
v 0.008159997873008248 0.02986376732587814 0.00170436839107424
v 0.0095097878947854 0.029865954071283337 0.0017051189206540582
v 0.009525530040264126 0.030317766591906544 0.0018425098387524483
v 0.008159997873008248 0.03072891943156719 0.0020627260673791166
v 0.008159997873008248 0.030313991010189053 0.0018409421900287268
v -0.009387080557644364 0.030733561143279072 0.0020662050228565927
v -0.00936553534120321 0.030317809432744976 0.0018425281159579752
v -0.008000001311302182 0.03072891943156719 0.0020627260673791166
v -0.008000001311302182 0.02986376732587814 0.00170436839107424
v -0.0093496311455965 0.029864650219678875 0.0017045440617948768
v -0.008000001311302182 0.030313991010189053 0.0018409421900287268
v -0.009426997043192383 0.031617414206266396 0.003150885226204991
v -0.009424010291695591 0.03139710053801536 0.0027339446824043985
v -0.008000001311302182 0.03161285817623138 0.003139812964946031
v -0.008000001311302182 0.03109260834753513 0.0023611967917531724
v -0.009408650919795033 0.031097928062081334 0.002366534667089581
v -0.008000001311302182 0.031391076743602746 0.0027248845435678955
v -0.008000001311302182 0.03174943476915359 0.0035900364164263006
v -0.009413048624992367 0.03175238519906997 0.0036051317583769556
v -0.008000001311302182 0.03179555013775825 0.004058253485709428
v -0.009379971772432324 0.03179549798369407 0.004073954187333583
v -0.008000001311302182 0.03174943476915359 0.004526469856500625
v -0.009327883832156655 0.031746417284011834 0.004541869740933179
v -0.009260158054530617 0.03160775825381278 0.004988909699022769
v -0.008000001311302182 0.03161285817623138 0.0049766930751502505
v -0.009182095527648922 0.03138661757111549 0.0053982692770659915
v -0.009100011549890038 0.031089374795556065 0.005758534185588359
v -0.008000001311302182 0.031391076743602746 0.005391621496528386
v -0.008000001311302182 0.030313991010189053 0.006275564432144164
v -0.008909990079700943 0.029865322634577748 0.006411497015506028
v -0.008956458419561383 0.030315458774566647 0.006274955347180366
v -0.008000001311302182 0.03072891943156719 0.006053780205547809
v -0.009022423997521397 0.030729370191693302 0.006053478922694921
v -0.008000001311302182 0.03109260834753513 0.005755309481173753
v -0.008000001311302182 0.02986376732587814 0.006412138231098651
v -0.00569963827729225 0.01721756905317306 -0.003328620688989758
v -0.006190962158143519 0.01603775471448898 -0.0027013015933334823
v -0.006776947528123853 0.01721756905317306 -0.003328620688989758
v -0.007195485290139911 0.01603421382606029 -0.0026994191575795408
v -0.006586976349353788 0.014830914326012133 -0.0020596138201653953
v -0.007531261071562764 0.014830914326012133 -0.0020596138201653953
v 0.006936945486813781 0.01721756905317306 -0.003328620688989758
v 0.006350959651172159 0.01603775471448898 -0.0027013015933334823
v 0.005859636235982178 0.01721756905317306 -0.003328620688989758
v 0.007355482317507264 0.01603421382606029 -0.0026994191575795408
v 0.0076912590302526925 0.014830914326012133 -0.0020596138201653953
v 0.006746973376721141 0.014830914326012133 -0.0020596138201653953
v -0.004966779612004755 0.01790359243750572 -0.00403786078095436
v -0.006168003659695385 0.017899090424180027 -0.004028836730867623
v -0.005897127557545899 0.01800228841602802 -0.004292902536690234
v -0.004649618174880741 0.01800228841602802 -0.004292902536690234
v -0.00525530520826578 0.017747161909937855 -0.003782332874834537
v -0.006411347538232802 0.017738351598381993 -0.0037706785369664426
v -0.00661932863295078 0.017511406913399693 -0.0035297276917845006
v -0.005506125278770922 0.01752045005559921 -0.003537588287144899
v 0.006057125516235827 0.01800228841602802 -0.004292902536690234
v 0.005125288385897873 0.01790446229279041 -0.004039197694510221
v 0.004809616133570669 0.01800228841602802 -0.004292902536690234
v 0.006326422560960053 0.017900209873914715 -0.004030534997582435
v 0.005414076149463652 0.017748016864061352 -0.0037834742106497283
v 0.006569604389369485 0.017739823088049885 -0.003772608703002333
v 0.006777814123779533 0.017513530328869816 -0.0035315642599016424
v 0.005664484575390814 0.017522366717457768 -0.0035392695572227235
v -0.001566095394082367 0.01800228841602802 -0.0066143511794507495
v -0.0007527833222411571 0.01800228841602802 -0.006751891691237687
v 1.574513225932605e-05 0.01800228841602802 -0.0059989895671606055
v -0.0023595166858285657 0.01800228841602802 -0.006396588869392871
v -0.0017765072407200926 0.01800228841602802 -0.005736302118748426
v -0.0031339642591774455 0.01800228841602802 -0.0061023025773465625
v -0.0007198473322205243 0.01800228841602802 -0.005949040409177541
v 0.0009056977578438815 0.01800228841602802 -0.006752935238182544
v 0.0017183684976771467 0.01800228841602802 -0.006616066209971904
v 0.0025190114974975577 0.01800228841602802 -0.00639642123132944
v 0.0007579341181553898 0.01800228841602802 -0.005963073577731847
v 7.999865920282898e-05 0.01800228841602802 -0.006800463888794183
v 0.0032956274226307856 0.01800228841602802 -0.006101579871028661
v 0.0014860798837617035 0.01800228841602802 -0.005847015883773564
v 0.004037044476717709 0.01800228841602802 -0.005740377586334943
v 0.002199223730713128 0.01800228841602802 -0.005658145993947982
v -0.0038825266528874623 0.01800228841602802 -0.005737253930419683
v -0.0027960168663412324 0.01800228841602802 -0.005375915672630071
v -0.004591841716319321 0.01800228841602802 -0.00531244184821844
v -0.003752677235752343 0.01800228841602802 -0.004892169963568448
v -0.004649618174880741 0.01800228841602802 -0.004292902536690234
v -0.005897127557545899 0.01800228841602802 -0.004292902536690234
v -0.005263351835310457 0.01800228841602802 -0.004830955993384122
v 0.0047452431172132475 0.01800228841602802 -0.005316772032529115
v 0.002896092599257826 0.01800228841602802 -0.005401407368481158
v 0.005420685280114411 0.01800228841602802 -0.004832854960113763
v 0.003563610604032873 0.01800228841602802 -0.0050856033340096465
v 0.004809616133570669 0.01800228841602802 -0.004292902536690234
v 0.004201157018542288 0.01800228841602802 -0.004715567920356988
v 0.006057125516235827 0.01800228841602802 -0.004292902536690234
f 1 2 3
f 4 3 5
f 4 1 3
f 5 6 4
f 1 7 2
f 7 8 2
f 9 10 11
f 12 13 14
f 9 15 16
f 17 16 13
f 12 8 7
f 13 18 17
f 16 17 9
f 18 13 12
f 9 11 15
f 14 8 12
f 19 20 21
f 22 21 23
f 22 19 21
f 23 24 22
f 19 25 20
f 25 26 20
f 27 28 29
f 30 31 32
f 27 33 34
f 35 34 31
f 30 26 25
f 31 36 35
f 34 35 27
f 36 31 30
f 27 29 33
f 32 26 30
f 37 38 39
f 40 39 41
f 40 37 39
f 41 42 40
f 37 43 38
f 43 44 38
f 45 46 47
f 48 49 50
f 51 52 53
f 51 53 49
f 54 44 43
f 49 48 51
f 52 51 45
f 48 50 54
f 45 47 52
f 50 44 54
f 55 56 57
f 58 57 59
f 58 55 57
f 59 60 58
f 55 61 56
f 61 62 56
f 63 64 65
f 66 67 68
f 63 69 70
f 71 70 67
f 72 62 61
f 67 66 71
f 70 71 63
f 66 68 72
f 63 65 69
f 68 62 72
f 73 74 75
f 76 75 77
f 76 73 75
f 77 78 76
f 73 79 74
f 79 80 74
f 81 82 83
f 84 85 86
f 81 87 88
f 89 88 85
f 90 80 79
f 85 84 89
f 88 89 81
f 84 86 90
f 81 83 87
f 86 80 90
f 91 92 93
f 94 93 95
f 94 91 93
f 95 96 94
f 97 92 98
f 92 91 98
f 99 100 101
f 102 103 104
f 99 105 106
f 107 106 103
f 104 98 102
f 106 107 108
f 106 108 99
f 107 103 102
f 99 101 105
f 97 98 104
f 109 110 111
f 112 111 113
f 112 109 111
f 113 114 112
f 115 110 116
f 110 109 116
f 117 118 119
f 120 121 122
f 117 123 124
f 125 124 121
f 122 116 120
f 124 125 126
f 124 126 117
f 125 121 120
f 117 119 123
f 115 116 122
f 127 128 129
f 130 129 131
f 127 132 128
f 129 130 127
f 132 133 128
f 133 134 128
f 135 136 137
f 138 139 140
f 135 141 142
f 143 142 139
f 144 134 133
f 139 138 143
f 142 143 135
f 138 140 144
f 135 137 141
f 140 134 144
f 145 146 147
f 148 147 149
f 148 145 147
f 149 150 148
f 145 151 146
f 151 152 146
f 153 154 155
f 156 157 158
f 153 159 160
f 161 160 157
f 162 152 151
f 157 156 161
f 160 161 153
f 156 158 162
f 153 155 159
f 158 152 162
f 163 164 165
f 166 165 167
f 166 163 165
f 167 168 166
f 163 169 164
f 169 170 164
f 171 172 173
f 174 175 176
f 171 177 178
f 179 178 175
f 180 170 169
f 175 174 179
f 178 179 171
f 174 176 180
f 171 173 177
f 176 170 180
f 181 182 183
f 183 184 185
f 186 187 185
f 182 184 183
f 186 185 184
f 183 188 181
f 189 190 191
f 192 193 194
f 195 196 193
f 197 196 195
f 192 194 188
f 193 192 198
f 197 195 189
f 193 198 195
f 189 191 197
f 181 188 194
f 199 200 201
f 202 200 203
f 200 199 203
f 204 202 203
f 204 205 206
f 206 202 204
f 207 208 209
f 210 211 212
f 207 211 213
f 206 214 215
f 216 215 214
f 212 215 216
f 210 212 216
f 210 213 211
f 213 208 207
f 205 214 206
f 217 218 219
f 220 218 221
f 218 217 221
f 222 220 221
f 222 223 224
f 224 220 222
f 225 226 227
f 228 229 230
f 225 229 231
f 224 232 233
f 234 233 232
f 230 233 234
f 228 230 234
f 228 231 229
f 231 226 225
f 223 232 224
f 235 236 237
f 238 239 240
f 241 239 235
f 242 243 238
f 236 244 237
f 235 237 241
f 238 240 242
f 243 242 245
f 240 239 241
f 245 246 243
f 246 247 248
f 248 247 249
f 250 251 252
f 252 251 249
f 253 250 252
f 247 252 249
f 254 255 253
f 253 256 254
f 252 257 256
f 256 253 252
f 245 247 246
f 258 259 260
f 260 261 262
f 263 264 262
f 259 261 260
f 263 262 261
f 260 265 258
f 266 267 268
f 269 270 271
f 272 273 270
f 274 273 272
f 269 258 265
f 269 275 270
f 275 272 270
f 272 266 274
f 266 268 274
f 271 258 269
f 276 277 278
f 279 277 280
f 280 281 279
f 277 276 280
f 282 283 281
f 283 279 281
f 284 285 286
f 287 288 289
f 290 291 287
f 291 292 293
f 288 282 289
f 291 290 292
f 293 292 284
f 290 287 289
f 284 286 293
f 283 282 288
f 294 295 296
f 297 295 298
f 298 299 297
f 295 294 298
f 300 301 299
f 301 297 299
f 302 303 304
f 305 306 307
f 308 309 305
f 309 310 311
f 306 300 307
f 309 308 310
f 311 310 302
f 308 305 307
f 302 304 311
f 301 300 306
f 312 313 314
f 314 315 312
f 316 317 318
f 317 316 319
f 320 321 322
f 323 321 320
f 323 324 325
f 324 323 326
f 324 327 325
f 322 321 328
f 323 325 321
f 329 328 321
f 325 327 330
f 331 321 332
f 330 333 334
f 335 336 332
f 330 327 333
f 337 338 339
f 333 337 340
f 341 342 343
f 344 345 346
f 345 341 346
f 338 345 339
f 347 335 348
f 344 339 345
f 349 350 351
f 340 337 339
f 352 349 353
f 343 342 354
f 340 334 333
f 355 348 352
f 356 357 329
f 357 328 329
f 358 356 329
f 329 321 331
f 359 329 360
f 336 331 332
f 361 360 362
f 363 364 359
f 359 364 358
f 359 360 365
f 359 366 363
f 359 358 329
f 360 361 365
f 363 366 367
f 362 368 361
f 336 335 347
f 369 361 368
f 351 353 349
f 370 371 372
f 371 373 372
f 348 355 347
f 368 370 374
f 363 367 375
f 372 374 370
f 375 376 377
f 369 368 374
f 375 367 376
f 352 353 355
f 375 377 378
f 350 379 351
f 341 380 381
f 381 380 382
f 383 384 382
f 381 382 384
f 382 385 383
f 381 386 341
f 387 379 388
f 379 387 351
f 389 388 346
f 388 390 387
f 391 390 388
f 388 389 392
f 389 346 386
f 341 386 346
f 383 385 393
f 393 394 395
f 394 393 385
f 395 394 396
f 397 398 399
f 397 396 398
f 398 400 399
f 398 396 394
f 401 402 388
f 392 401 388
f 403 399 400
f 390 391 404
f 391 405 406
f 402 391 388
f 405 403 407
f 408 403 400
f 373 409 372
f 409 373 410
f 410 411 409
f 411 410 412
f 413 412 414
f 412 415 416
f 417 413 375
f 414 375 413
f 375 418 419
f 419 420 421
f 420 419 422
f 422 419 418
f 414 412 416
f 419 363 375
f 412 410 390
f 375 378 417
f 423 415 412
f 412 390 423
f 424 390 404
f 425 407 408
f 391 406 404
f 390 424 423
f 421 426 427
f 421 420 426
f 427 426 428
f 428 429 430
f 430 429 425
f 425 408 430
f 428 430 427
f 407 403 408
f 405 407 406
f 380 341 343
f 431 432 433
f 434 433 432
f 435 436 437
f 438 437 439
f 439 437 436
f 440 439 441
f 438 439 442
f 443 442 439
f 439 444 443
f 439 440 444
f 441 445 440
f 446 447 445
f 448 449 450
f 449 451 450
f 447 448 452
f 445 447 452
f 451 453 450
f 450 452 448
f 453 451 454
f 446 445 441
f 455 456 457
f 458 457 456
f 459 455 457
f 460 461 457
f 459 457 461
f 458 462 463
f 464 463 465
f 462 466 463
f 465 463 466
f 456 462 458
f 467 468 469
f 470 469 468
f 471 472 473
f 474 475 473
f 475 470 473
f 470 475 476
f 470 476 469
f 474 473 472
f 477 478 479
f 477 479 480
f 481 480 482
f 483 482 484
f 485 477 480
f 483 481 482
f 486 483 484
f 485 480 481
f 484 487 486
f 488 489 490
f 491 468 492
f 493 491 494
f 489 493 495
f 488 490 487
f 489 495 490
f 495 493 494
f 494 491 492
f 468 467 492
f 488 487 484
f 496 497 498
f 499 498 500
f 496 498 499
f 500 501 502
f 501 500 498
f 502 501 503
f 504 505 496
f 496 505 497
f 504 496 506
f 504 507 508
f 507 504 506
f 509 508 507
f 502 510 511
f 511 510 512
f 513 514 511
f 513 511 512
f 509 515 516
f 515 509 517
f 509 516 508
f 517 518 519
f 520 519 518
f 517 519 515
f 510 502 503
f 521 522 523
f 524 525 522
f 526 527 528
f 529 530 531
f 526 532 530
f 524 529 525
f 533 534 521
f 523 533 521
f 523 522 525
f 531 530 532
f 529 531 525
f 526 528 532
f 527 535 528
f 536 537 538
f 535 539 540
f 541 542 543
f 539 543 540
f 539 535 527
f 544 541 545
f 546 547 548
f 549 545 547
f 550 548 551
f 542 540 543
f 544 552 541
f 542 541 552
f 553 549 547
f 550 546 548
f 538 550 551
f 553 547 546
f 544 545 549
f 551 536 538
f 554 555 556
f 557 558 559
f 559 554 560
f 190 555 191
f 555 190 556
f 556 560 554
f 560 557 559
f 557 561 558
f 562 563 564
f 565 186 566
f 566 562 564
f 561 567 558
f 564 565 566
f 187 186 565
f 567 564 563
f 563 558 567
f 208 568 209
f 569 570 571
f 572 571 568
f 572 568 208
f 573 569 571
f 571 572 573
f 574 570 575
f 570 569 575
f 576 577 578
f 579 576 580
f 581 579 582
f 577 575 583
f 578 580 576
f 577 583 578
f 579 580 582
f 574 575 577
f 226 584 227
f 585 586 587
f 588 587 584
f 588 584 226
f 589 585 587
f 587 588 589
f 590 586 591
f 586 585 591
f 592 593 594
f 595 592 596
f 597 595 598
f 593 591 599
f 594 596 592
f 593 599 594
f 595 596 598
f 590 591 593
f 600 601 602
f 603 604 602
f 601 605 606
f 605 607 606
f 608 609 606
f 606 607 608
f 601 600 605
f 606 610 601
f 600 602 604
f 603 611 604
f 612 613 614
f 615 613 612
f 614 603 612
f 611 603 614
f 616 617 618
f 617 612 618
f 619 617 616
f 620 619 616
f 615 612 617
f 621 609 622
f 623 624 622
f 609 623 622
f 625 626 627
f 625 628 629
f 625 629 630
f 628 625 627
f 625 630 624
f 625 623 631
f 620 632 619
f 633 634 635
f 633 619 632
f 636 631 635
f 635 637 636
f 633 632 634
f 634 637 635
f 631 636 625
f 625 624 623
f 606 609 621
f 638 639 640
f 638 640 641
f 642 643 644
f 644 640 642
f 639 642 640
f 645 640 644
f 641 646 638
f 647 648 649
f 647 650 651
f 652 651 650
f 650 647 649
f 648 653 649
f 641 653 646
f 648 646 653
f 654 645 644
f 655 654 656
f 655 656 657
f 658 659 660
f 655 661 662
f 659 655 657
f 660 659 657
f 663 654 655
f 664 655 662
f 665 663 655
f 664 665 655
f 666 665 667
f 668 665 664
f 667 665 668
f 667 669 666
f 669 670 666
f 663 645 654
f 671 652 672
f 650 672 652
f 673 671 672
f 674 675 676
f 675 677 678
f 679 671 673
f 680 679 681
f 682 683 680
f 683 682 684
f 682 680 681
f 684 682 685
f 684 685 686
f 674 685 682
f 673 681 679
f 674 687 685
f 688 689 670
f 688 670 669
f 690 691 689
f 690 689 688
f 692 693 694
f 690 694 693
f 690 693 691
f 678 677 670
f 694 695 692
f 687 674 676
f 696 697 692
f 692 695 696
f 697 698 699
f 698 697 696
f 676 675 678
f 677 666 670
f 700 701 702
f 703 700 702
f 704 705 701
f 700 704 701
f 706 707 708
f 709 705 704
f 708 709 706
f 708 705 709
f 710 711 712
f 712 713 710
f 714 712 711
f 711 715 714
f 716 717 715
f 715 717 714
f 716 715 718
f 719 716 718
f 720 719 718
f 718 721 720
f 722 723 724
f 722 725 726
f 725 722 724
f 723 727 724
f 728 729 730
f 731 728 730
f 731 727 732
f 727 731 730
f 732 727 723
f 729 733 730
f 721 734 735
f 734 736 735
f 736 734 737
f 736 737 738
f 739 740 741
f 742 740 739
f 738 737 743
f 739 743 742
f 740 744 745
f 743 737 742
f 746 747 748
f 749 746 750
f 750 733 749
f 748 750 746
f 747 751 748
f 733 729 749
f 752 741 745
f 751 752 753
f 745 753 752
f 745 741 740
f 744 754 745
f 751 753 748
f 720 721 735
f 754 744 755
f 756 757 758
f 744 759 755
f 760 761 758
f 755 759 762
f 758 762 760
f 761 756 758
f 762 759 760
f 763 764 765
f 766 767 768
f 764 766 769
f 769 765 764
f 770 768 767
f 771 770 767
f 769 766 768
f 767 772 771
f 773 774 775
f 776 476 475
f 774 776 777
f 772 778 771
f 772 773 778
f 778 773 775
f 775 774 777
f 776 475 777
f 779 780 781
f 781 782 779
f 783 784 785
f 785 784 786
f 787 788 786
f 789 786 788
f 787 790 788
f 791 792 793
f 784 783 791
f 791 793 784
f 787 786 784
f 794 784 795
f 787 796 790
f 794 797 798
f 796 799 790
f 800 801 802
f 803 802 799
f 804 805 806
f 807 808 800
f 806 808 809
f 800 808 801
f 799 810 803
f 811 812 813
f 814 815 811
f 800 802 803
f 812 798 816
f 817 805 804
f 796 810 799
f 818 815 814
f 793 819 820
f 793 792 819
f 793 820 821
f 795 784 793
f 822 793 823
f 794 795 797
f 824 822 825
f 826 821 827
f 821 820 827
f 828 821 826
f 823 793 821
f 826 829 828
f 823 825 822
f 829 826 830
f 825 831 824
f 816 798 797
f 825 832 831
f 833 834 835
f 833 836 834
f 814 811 813
f 837 835 831
f 831 832 837
f 838 839 830
f 830 840 838
f 833 835 837
f 839 829 830
f 841 834 836
f 816 813 812
f 842 840 830
f 843 818 814
f 844 845 806
f 846 845 844
f 846 847 848
f 847 846 844
f 848 849 846
f 806 850 844
f 843 851 818
f 809 808 807
f 809 852 853
f 854 851 843
f 852 851 855
f 853 850 809
f 806 809 850
f 853 852 856
f 857 849 848
f 806 845 804
f 858 859 857
f 849 857 859
f 860 859 858
f 861 862 863
f 862 860 863
f 861 864 862
f 859 860 862
f 852 865 866
f 852 866 856
f 864 861 867
f 855 868 852
f 869 868 870
f 852 868 865
f 871 867 869
f 864 867 872
f 841 836 873
f 874 873 836
f 875 855 874
f 873 874 855
f 876 875 877
f 878 879 875
f 855 851 854
f 842 830 877
f 877 830 876
f 880 881 830
f 882 883 880
f 884 880 883
f 881 880 884
f 878 875 876
f 826 880 830
f 855 875 885
f 875 879 885
f 855 885 886
f 868 855 887
f 872 871 888
f 887 870 868
f 887 855 886
f 889 890 882
f 890 883 882
f 891 890 889
f 892 893 891
f 888 893 892
f 892 872 888
f 889 892 891
f 872 867 871
f 870 871 869
f 894 895 896
f 897 898 899
f 900 897 901
f 895 900 896
f 902 894 903
f 903 894 896
f 896 900 901
f 897 899 901
f 898 904 899
f 905 906 907
f 908 909 910
f 909 472 471
f 906 908 911
f 905 912 904
f 905 907 912
f 904 912 899
f 911 907 906
f 908 910 911
f 909 471 910
f 913 914 915
f 913 916 917
f 918 919 914
f 918 920 919
f 918 921 922
f 922 920 918
f 919 915 914
f 914 923 918
f 916 913 915
f 916 924 917
f 925 926 927
f 927 926 928
f 927 917 925
f 925 917 924
f 929 930 931
f 929 927 930
f 931 930 932
f 931 932 933
f 930 927 928
f 934 921 935
f 934 936 937
f 934 937 921
f 938 939 940
f 941 942 940
f 943 941 940
f 938 940 942
f 936 943 940
f 944 937 940
f 932 945 933
f 946 947 948
f 945 932 948
f 946 944 949
f 949 950 946
f 947 945 948
f 946 950 947
f 940 949 944
f 937 936 940
f 935 921 918
f 951 952 953
f 953 954 951
f 955 956 957
f 958 957 956
f 959 960 961
f 959 956 960
f 960 955 962
f 956 955 960
f 963 964 965
f 966 967 968
f 964 966 969
f 965 970 963
f 968 969 966
f 971 968 967
f 965 964 969
f 967 972 971
f 972 973 974
f 975 976 977
f 973 975 978
f 974 973 978
f 976 979 977
f 977 978 975
f 979 976 980
f 972 974 971
f 963 970 981
f 982 981 970
f 983 984 985
f 986 987 983
f 988 989 986
f 990 991 989
f 986 983 985
f 992 985 984
f 988 986 985
f 993 988 985
f 991 990 994
f 990 989 988
f 994 995 991
f 996 997 995
f 998 999 997
f 1000 1001 1002
f 1003 1004 1001
f 1005 1002 999
f 997 996 998
f 999 998 1005
f 1001 1000 1003
f 1004 1003 1006
f 1000 1002 1005
f 994 996 995
f 1007 1008 1009
f 1010 1007 1011
f 1012 1010 1013
f 1008 1014 1009
f 1010 1011 1013
f 1012 1013 1015
f 1011 1007 1009
f 1015 1016 1012
f 1017 1018 1016
f 1019 1020 1021
f 1022 1021 1018
f 1022 1018 1017
f 1019 1023 1020
f 1021 1022 1019
f 1024 1020 1023
f 1015 1017 1016
f 1025 1026 1027
f 1028 1029 1027
f 1030 1028 1027
f 1025 1027 1029
f 1031 1032 1033
f 1034 1035 1033
f 1036 1034 1033
f 1032 1036 1033
f 1037 1038 1039
f 1037 1039 1040
f 1039 1038 1027
f 1040 1039 1041
f 1038 1030 1027
f 1042 1043 1044
f 1045 1042 1044
f 1044 1033 1045
f 1044 1041 1039
f 1044 1043 1041
f 1045 1033 1035
f 1046 1047 1048
f 1048 1049 1046
f 1050 1051 1052
f 1053 1052 1051
f 1054 1050 1052
f 1052 1055 1056
f 1057 1053 1058
f 1055 1052 1053
f 1057 1055 1053
f 1052 1059 1054
f 1060 244 236
f 1061 1062 1059
f 1061 1063 1064
f 1065 1066 1067
f 1068 1066 1064
f 1069 1065 1070
f 1061 1059 1063
f 1064 1063 1068
f 1065 1067 1070
f 1069 1070 1060
f 1067 1066 1068
f 1060 236 1069
f 1054 1059 1062
f 1071 1072 1073
f 1074 1073 1072
f 1075 1076 1077
f 1078 1079 1080
f 1079 1081 1082
f 1076 1078 1080
f 1077 1076 1080
f 1081 1083 1082
f 1082 1080 1079
f 1083 1084 1085
f 1083 1081 1084
f 1086 1085 1087
f 1088 1089 1090
f 1089 1088 1087
f 1091 1087 1088
f 1086 1087 1092
f 1087 1093 1094
f 1094 1092 1087
f 1093 1087 1091
f 1085 1086 1083
f 1095 1096 1097
f 1096 1095 1098
f 1095 1097 1099
f 1095 1100 1101
f 1100 1095 1099
f 1102 1103 1098
f 1104 1102 1105
f 1102 1106 1103
f 1106 1102 1104
f 1098 1103 1096
f 1107 1108 1109
f 1110 1109 1108
f 1111 1109 1110
f 1112 1113 1114
f 1108 1114 1113
f 1107 1114 1108
f 1111 1115 1109
f 1116 1109 1115
f 1117 1116 1115
f 1118 1119 1117
f 1120 1119 1118
f 1115 1118 1117
f 1121 1122 1112
f 1123 1122 1121
f 1121 1124 1125
f 1123 1121 1125
f 1126 1127 1128
f 1119 1120 1128
f 1129 1130 1126
f 1127 1126 1130
f 1119 1128 1127
f 1122 1113 1112
f 1131 1132 1133
f 1134 1135 1131
f 1136 1137 1138
f 1139 1140 1141
f 1137 1139 1138
f 1132 1136 1142
f 1134 1143 1135
f 1134 1131 1133
f 1142 1144 1132
f 1141 1138 1139
f 1142 1136 1138
f 1133 1132 1144
f 1140 1145 1141
f 1146 1147 1148
f 1149 1150 1151
f 1152 1153 1154
f 1150 1152 1154
f 1155 1156 1157
f 1158 1159 1160
f 1156 1158 1157
f 1153 1155 1161
f 1145 1149 1151
f 1154 1153 1161
f 1150 1154 1151
f 1158 1160 1157
f 1157 1161 1155
f 1160 1159 1162
f 1148 1147 1162
f 1162 1159 1148
f 1149 1145 1140
f 1163 1164 1165
f 1165 1166 1163
f 1167 268 267
f 1168 1167 1169
f 1169 1167 267
f 1170 1171 1172
f 1168 1169 1172
f 1171 1170 1173
f 1168 1172 1171
f 1173 1174 1171
f 1175 1176 1177
f 1178 263 1179
f 1179 1175 1177
f 1180 1176 1173
f 1177 1176 1180
f 1178 1179 1177
f 1178 264 263
f 1174 1173 1176
f 285 1181 286
f 1182 1183 1184
f 1185 1184 1181
f 1186 1181 285
f 1185 1182 1184
f 1181 1186 1185
f 1187 1188 1182
f 1188 1183 1182
f 1189 1190 1191
f 1192 1189 1193
f 278 1192 276
f 1194 1188 1187
f 1189 1191 1193
f 1192 1193 276
f 1191 1190 1194
f 1190 1188 1194
f 303 1195 304
f 1196 1197 1198
f 1199 1198 1195
f 1200 1195 303
f 1199 1196 1198
f 1195 1200 1199
f 1201 1202 1196
f 1202 1197 1196
f 1203 1204 1205
f 1206 1203 1207
f 296 1206 294
f 1208 1202 1201
f 1203 1205 1207
f 1206 1207 294
f 1205 1204 1208
f 1204 1202 1208
f 1209 1210 1211
f 1212 1213 1209
f 1209 1214 1210
f 1215 1214 1213
f 1209 1213 1214
f 1209 1216 1212
f 1217 1218 1219
f 1220 1221 1222
f 1217 1219 1223
f 1220 1224 1225
f 1224 1220 1222
f 1225 1224 1223
f 1219 1225 1223
f 1221 1226 1222
f 1227 1228 1229
f 1230 1231 1232
f 1228 1230 1233
f 1229 1226 1227
f 1232 1233 1230
f 1234 1232 1231
f 1229 1228 1233
f 1227 1226 1221
f 1218 1235 1236
f 1235 1218 1217
f 1014 1008 1237
f 1008 1238 1237
f 1239 1240 1241
f 1238 1242 1243
f 1242 1244 1243
f 1244 1242 1241
f 1244 1241 1240
f 1238 1243 1237
f 1245 1246 1247
f 1248 1249 1250
f 1250 1247 1251
f 1246 1252 1253
f 1254 1255 1246
f 1254 1246 1253
f 1246 1255 1247
f 1251 1248 1250
f 1256 1257 1258
f 1259 1258 1260
f 1259 1260 1261
f 1258 1259 1262
f 1256 1258 1262
f 1250 1249 1263
f 1264 1250 1265
f 1263 1257 1256
f 1245 1247 1250
f 1263 1249 1257
f 1264 1265 1266
f 1267 1268 1269
f 1268 1270 1269
f 1271 1270 1268
f 1272 1268 1245
f 1246 1245 1268
f 1271 1268 1273
f 1268 1274 1275
f 1273 1268 1275
f 1272 1274 1268
f 1245 1276 1272
f 1277 1245 1278
f 1279 1264 1266
f 1280 1281 1282
f 1245 1250 1264
f 1278 1281 1277
f 1276 1245 1277
f 1283 1284 1272
f 1277 1281 1280
f 1276 1283 1272
f 1285 1286 1279
f 1279 1266 1285
f 1272 1284 1287
f 1288 1259 1289
f 1259 1288 1262
f 1290 1291 1289
f 1289 1259 1290
f 1286 1292 1293
f 1286 1285 1292
f 1293 1294 1295
f 1294 1293 1292
f 1296 1295 1294
f 1297 1290 1298
f 1290 1297 1299
f 1297 1298 1300
f 1300 1298 1301
f 1302 1296 1294
f 1302 1300 1296
f 1303 1304 1301
f 1296 1300 1304
f 1303 1301 1305
f 1300 1301 1304
f 1299 1291 1290
f 1306 1282 1307
f 1308 1307 1309
f 1309 1307 1310
f 1307 1308 1306
f 1287 1311 1272
f 1312 1309 1310
f 1313 1314 1272
f 1310 1315 1312
f 1306 1280 1282
f 1316 1315 1317
f 1317 1318 1316
f 1318 1303 1305
f 1318 1317 1303
f 1319 1320 1318
f 1321 1320 1314
f 1320 1316 1318
f 1321 1314 1322
f 1319 1314 1320
f 1322 1314 1313
f 1316 1312 1315
f 1313 1272 1311
f 1323 1324 1325
f 1324 1323 1326
f 1327 1326 1323
f 1323 1328 1327
f 1329 1330 1331
f 1332 1329 1333
f 1333 1325 1324
f 1333 1329 1325
f 1333 1334 1332
f 1335 1336 1334
f 1337 1338 1339
f 1338 1337 1340
f 1337 1339 1328
f 1336 1335 1341
f 1342 1343 1344
f 1342 1344 1341
f 1335 1342 1341
f 1328 1323 1337
f 1334 1336 1332
f 1345 1330 1346
f 1345 1331 1330
f 1345 1346 1347
f 1329 1332 1330
f 1347 1346 1348
f 1349 1350 1351
f 1351 1350 1345
f 1351 1352 1349
f 1345 1347 1351
f 1349 1352 1353
f 1347 1348 1354
f 1355 1356 1354
f 1356 1355 1357
f 1357 1358 1359
f 1360 1358 1357
f 1357 1359 1356
f 1361 1362 1363
f 1349 1364 1363
f 1353 1364 1349
f 1355 1354 1348
f 1363 1364 1361
f 1365 1344 1343
f 1366 1340 1337
f 1340 1367 1338
f 1368 1367 1369
f 1365 1343 1370
f 1343 1371 1370
f 1372 1373 1368
f 1370 1371 1374
f 1373 1375 1374
f 1369 1367 1340
f 1337 1376 1366
f 1369 1372 1368
f 1373 1377 1378
f 1377 1373 1379
f 1372 1380 1373
f 1381 1382 1383
f 1384 1385 1383
f 1384 1383 1382
f 1381 1383 1377
f 1379 1373 1380
f 1383 1378 1377
f 1386 1387 1378
f 1388 1387 1389
f 1370 1374 1375
f 1360 1388 1390
f 1386 1389 1387
f 1391 1386 1363
f 1390 1388 1389
f 1392 1391 1363
f 1390 1358 1360
f 1393 1394 1395
f 1394 1363 1378
f 1396 1394 1397
f 1394 1396 1395
f 1375 1373 1378
f 1363 1394 1398
f 1394 1399 1400
f 1398 1394 1400
f 1393 1399 1394
f 1378 1363 1386
f 1383 1394 1378
f 1392 1363 1362
f 1401 1402 1403
f 1404 1405 1402
f 1404 1402 1401
f 1406 1407 1408
f 1405 1404 1408
f 1409 1407 1406
f 1405 1408 1407
f 1406 1410 1409
f 1411 1412 1413
f 1414 1415 1416
f 1417 1416 1412
f 1411 1413 1410
f 1417 1412 1411
f 1414 1416 1417
f 1414 1418 1415
f 1409 1410 1413
f 1419 1420 1421
f 1422 1419 1421
f 1423 1424 1425
f 1425 1419 1423
f 1419 1425 1420
f 1423 1419 1426
f 1421 1427 1422
f 1428 1429 1430
f 1431 1432 1430
f 1428 1430 1432
f 1428 1433 1429
f 1427 1433 1422
f 1433 1427 1429
f 1423 1426 1434
f 1435 1434 1436
f 1437 1435 1436
f 1438 1439 1440
f 1441 1436 1442
f 1437 1436 1439
f 1437 1439 1438
f 1434 1443 1436
f 1442 1436 1444
f 1436 1443 1445
f 1436 1445 1444
f 1446 1445 1447
f 1444 1445 1448
f 1448 1445 1446
f 1447 1449 1446
f 1447 1450 1449
f 1434 1426 1443
f 1432 1431 1451
f 1452 1451 1453
f 1451 1452 1432
f 1452 1453 1454
f 1455 1456 1457
f 1458 1459 1456
f 1454 1453 1460
f 1461 1460 1462
f 1462 1463 1464
f 1465 1464 1463
f 1461 1462 1464
f 1466 1464 1465
f 1467 1466 1465
f 1464 1466 1457
f 1460 1461 1454
f 1466 1468 1457
f 1450 1469 1470
f 1449 1450 1470
f 1469 1471 1472
f 1470 1469 1472
f 1473 1474 1475
f 1474 1473 1472
f 1471 1474 1472
f 1450 1459 1458
f 1475 1476 1473
f 1455 1457 1468
f 1475 1477 1478
f 1478 1476 1475
f 1479 1480 1477
f 1478 1477 1480
f 1458 1456 1455
f 1450 1447 1459
f 1481 1482 1483
f 1484 1481 1483
f 1485 1482 1481
f 1486 1485 1481
f 1487 1488 1489
f 1489 1486 1487
f 1488 1487 1490
f 1485 1486 1489
f 1491 1492 1493
f 1493 1494 1491
f 1495 1493 1492
f 1492 1496 1495
f 1496 1497 1498
f 1497 1418 1498
f 1418 1497 1415
f 1496 1498 1495
f 1499 1500 1501
f 1502 1503 1504
f 1505 1504 1500
f 1505 1500 1499
f 1502 1506 1503
f 1504 1505 1502
f 1507 1508 1506
f 1508 1503 1506
f 1509 1510 1511
f 1512 1513 1514
f 1515 1514 1510
f 1507 1516 1508
f 1511 1516 1509
f 1509 1515 1510
f 1515 1512 1514
f 1511 1508 1516
f 1517 1518 1519
f 1520 1521 1517
f 1520 1522 1521
f 1523 1524 1525
f 1518 1524 1523
f 1519 1518 1523
f 1519 1520 1517
f 1522 1526 1521
f 1527 1528 1529
f 1530 1527 1531
f 1532 1530 1533
f 1528 1522 1529
f 1530 1531 1533
f 1532 1533 1534
f 1531 1527 1529
f 1526 1522 1528
f 1535 1536 173
f 1537 1538 1539
f 1540 1539 1536
f 1535 173 172
f 1540 1537 1539
f 1536 1535 1540
f 1537 1541 1538
f 1541 1542 1538
f 1543 1544 1545
f 168 167 1546
f 1547 1546 1544
f 1548 1542 1541
f 1544 1543 1547
f 1546 1547 168
f 1543 1545 1548
f 1545 1542 1548
f 1549 1550 155
f 1551 1552 1553
f 1554 1553 1550
f 1549 155 154
f 1554 1551 1553
f 1550 1549 1554
f 1551 1555 1552
f 1555 1556 1552
f 1557 1558 1559
f 150 149 1560
f 1561 1560 1558
f 1562 1556 1555
f 1558 1557 1561
f 1560 1561 150
f 1557 1559 1562
f 1559 1556 1562
f 1563 1564 137
f 1565 1566 1567
f 1568 1567 1564
f 1563 137 136
f 1568 1565 1567
f 1564 1563 1568
f 1569 1566 1570
f 1566 1565 1570
f 1571 1572 1573
f 130 131 1574
f 1575 1574 1572
f 1576 1569 1570
f 1572 1571 1575
f 1574 1575 130
f 1571 1573 1576
f 1573 1569 1576
f 1577 1578 119
f 1579 1580 1581
f 1577 1581 1578
f 1577 119 118
f 1579 1582 1580
f 1581 1577 1579
f 1583 1580 1584
f 1580 1582 1584
f 1585 1586 1587
f 1588 113 1589
f 1585 1589 1586
f 1590 1583 1584
f 1589 1585 1588
f 113 1588 114
f 1585 1587 1590
f 1587 1583 1590
f 1591 1592 101
f 1593 1594 1595
f 1591 1595 1592
f 1591 101 100
f 1593 1596 1594
f 1595 1591 1593
f 1597 1594 1598
f 1594 1596 1598
f 1599 1600 1601
f 1602 95 1603
f 1599 1603 1600
f 1604 1597 1598
f 1603 1599 1602
f 95 1602 96
f 1599 1601 1604
f 1601 1597 1604
f 1605 1606 83
f 1607 1608 1609
f 1610 1609 1606
f 1605 83 82
f 1610 1607 1609
f 1606 1605 1610
f 1607 1611 1608
f 1611 1612 1608
f 1613 1614 1615
f 78 77 1616
f 1617 1616 1614
f 1618 1612 1611
f 1614 1613 1617
f 1616 1617 78
f 1613 1615 1618
f 1615 1612 1618
f 1619 1620 65
f 1621 1622 1623
f 1624 1623 1620
f 1619 65 64
f 1624 1621 1623
f 1620 1619 1624
f 1621 1625 1622
f 1625 1626 1622
f 1627 1628 1629
f 60 59 1630
f 1631 1630 1628
f 1632 1626 1625
f 1628 1627 1631
f 1630 1631 60
f 1627 1629 1632
f 1629 1626 1632
f 1633 1634 47
f 1635 1636 1637
f 1638 1637 1634
f 1633 47 46
f 1638 1635 1637
f 1634 1633 1638
f 1635 1639 1636
f 1639 1640 1636
f 1641 1642 1643
f 42 41 1644
f 1645 1644 1642
f 1646 1640 1639
f 1642 1641 1645
f 1644 1645 42
f 1641 1643 1646
f 1643 1640 1646
f 28 1647 29
f 1648 1649 1650
f 1651 1650 1647
f 1651 1647 28
f 1652 1648 1650
f 1650 1651 1652
f 1653 1649 1654
f 1649 1648 1654
f 1655 1656 1657
f 24 23 1658
f 1659 1658 1656
f 1655 1653 1654
f 1658 1659 1660
f 1658 1660 24
f 1659 1656 1655
f 1657 1653 1655
f 10 1661 11
f 1662 1663 1664
f 1665 1664 1661
f 1665 1661 10
f 1666 1662 1664
f 1664 1665 1666
f 1667 1663 1668
f 1663 1662 1668
f 1669 1670 1671
f 6 5 1672
f 1673 1672 1670
f 1669 1667 1668
f 1672 1673 1674
f 1672 1674 6
f 1673 1670 1669
f 1671 1667 1669
f 1675 1676 1677
f 1678 1677 1679
f 1678 1675 1677
f 1679 1680 1678
f 1675 1681 1676
f 1681 1682 1676
f 1683 1684 1685
f 1686 1687 1688
f 1683 1689 1690
f 1691 1690 1687
f 1686 1682 1681
f 1687 1692 1691
f 1690 1691 1683
f 1692 1687 1686
f 1683 1685 1689
f 1688 1682 1686
f 1693 1694 1695
f 1696 1695 1697
f 1696 1693 1695
f 1697 1698 1696
f 1693 1699 1694
f 1699 1700 1694
f 1701 1702 1703
f 1704 1705 1706
f 1701 1707 1708
f 1709 1708 1705
f 1704 1700 1699
f 1705 1710 1709
f 1708 1709 1701
f 1710 1705 1704
f 1701 1703 1707
f 1706 1700 1704
f 1711 1712 1713
f 1714 1713 1715
f 1714 1711 1713
f 1715 1716 1714
f 1711 1717 1712
f 1717 1718 1712
f 1719 1720 1721
f 1722 1723 1724
f 1725 1726 1727
f 1725 1727 1723
f 1728 1718 1717
f 1723 1722 1725
f 1726 1725 1719
f 1722 1724 1728
f 1719 1721 1726
f 1724 1718 1728
f 1729 1730 1731
f 1732 1731 1733
f 1732 1729 1731
f 1733 1734 1732
f 1729 1735 1730
f 1735 1736 1730
f 1737 1738 1739
f 1740 1741 1742
f 1737 1743 1744
f 1745 1744 1741
f 1746 1736 1735
f 1741 1740 1745
f 1744 1745 1737
f 1740 1742 1746
f 1737 1739 1743
f 1742 1736 1746
f 1747 1748 1749
f 1750 1749 1751
f 1750 1747 1749
f 1751 1752 1750
f 1747 1753 1748
f 1753 1754 1748
f 1755 1756 1757
f 1758 1759 1760
f 1755 1761 1762
f 1763 1762 1759
f 1764 1754 1753
f 1759 1758 1763
f 1762 1763 1755
f 1758 1760 1764
f 1755 1757 1761
f 1760 1754 1764
f 1765 1766 1767
f 1768 1767 1769
f 1768 1765 1767
f 1769 1770 1768
f 1771 1766 1772
f 1766 1765 1772
f 1773 1774 1775
f 1776 1777 1778
f 1773 1779 1780
f 1781 1780 1777
f 1778 1772 1776
f 1780 1781 1782
f 1780 1782 1773
f 1781 1777 1776
f 1773 1775 1779
f 1771 1772 1778
f 1783 1784 1785
f 1786 1785 1787
f 1786 1783 1785
f 1787 1788 1786
f 1789 1784 1790
f 1784 1783 1790
f 1791 1792 1793
f 1794 1795 1796
f 1791 1797 1798
f 1799 1798 1795
f 1796 1790 1794
f 1798 1799 1800
f 1798 1800 1791
f 1799 1795 1794
f 1791 1793 1797
f 1789 1790 1796
f 1801 1802 1803
f 1804 1803 1805
f 1801 1806 1802
f 1803 1804 1801
f 1806 1807 1802
f 1807 1808 1802
f 1809 1810 1811
f 1812 1813 1814
f 1809 1815 1816
f 1817 1816 1813
f 1818 1808 1807
f 1813 1812 1817
f 1816 1817 1809
f 1812 1814 1818
f 1809 1811 1815
f 1814 1808 1818
f 1819 1820 1821
f 1822 1821 1823
f 1822 1819 1821
f 1823 1824 1822
f 1819 1825 1820
f 1825 1826 1820
f 1827 1828 1829
f 1830 1831 1832
f 1827 1833 1834
f 1835 1834 1831
f 1836 1826 1825
f 1831 1830 1835
f 1834 1835 1827
f 1830 1832 1836
f 1827 1829 1833
f 1832 1826 1836
f 1837 1838 1839
f 1840 1839 1841
f 1840 1837 1839
f 1841 1842 1840
f 1837 1843 1838
f 1843 1844 1838
f 1845 1846 1847
f 1848 1849 1850
f 1845 1851 1852
f 1853 1852 1849
f 1854 1844 1843
f 1849 1848 1853
f 1852 1853 1845
f 1848 1850 1854
f 1845 1847 1851
f 1850 1844 1854
f 1855 1856 1857
f 1857 1858 1859
f 1860 1861 1859
f 1856 1858 1857
f 1860 1859 1858
f 1857 1862 1855
f 1863 1864 1865
f 1866 1867 1868
f 1869 1870 1867
f 1871 1870 1869
f 1866 1868 1862
f 1867 1866 1872
f 1871 1869 1863
f 1867 1872 1869
f 1863 1865 1871
f 1855 1862 1868
f 1873 1874 1875
f 1876 1874 1877
f 1874 1873 1877
f 1878 1876 1877
f 1878 1879 1880
f 1880 1876 1878
f 1881 1882 1883
f 1884 1885 1886
f 1881 1885 1887
f 1880 1888 1889
f 1890 1889 1888
f 1886 1889 1890
f 1884 1886 1890
f 1884 1887 1885
f 1887 1882 1881
f 1879 1888 1880
f 1891 1892 1893
f 1894 1892 1895
f 1892 1891 1895
f 1896 1894 1895
f 1896 1897 1898
f 1898 1894 1896
f 1899 1900 1901
f 1902 1903 1904
f 1899 1903 1905
f 1898 1906 1907
f 1908 1907 1906
f 1904 1907 1908
f 1902 1904 1908
f 1902 1905 1903
f 1905 1900 1899
f 1897 1906 1898
f 1909 1910 1911
f 1912 1913 1914
f 1915 1913 1909
f 1916 1917 1912
f 1910 1918 1911
f 1909 1911 1915
f 1912 1914 1916
f 1917 1916 1919
f 1914 1913 1915
f 1919 1920 1917
f 1920 1921 1922
f 1922 1921 1923
f 1924 1925 1926
f 1926 1925 1923
f 1927 1924 1926
f 1921 1926 1923
f 1928 1929 1927
f 1927 1930 1928
f 1926 1931 1930
f 1930 1927 1926
f 1919 1921 1920
f 1932 1933 1934
f 1934 1935 1936
f 1937 1938 1936
f 1933 1935 1934
f 1937 1936 1935
f 1934 1939 1932
f 1940 1941 1942
f 1943 1944 1945
f 1946 1947 1944
f 1948 1947 1946
f 1943 1932 1939
f 1943 1949 1944
f 1949 1946 1944
f 1946 1940 1948
f 1940 1942 1948
f 1945 1932 1943
f 1950 1951 1952
f 1953 1951 1954
f 1954 1955 1953
f 1951 1950 1954
f 1956 1957 1955
f 1957 1953 1955
f 1958 1959 1960
f 1961 1962 1963
f 1964 1965 1961
f 1965 1966 1967
f 1962 1956 1963
f 1965 1964 1966
f 1967 1966 1958
f 1964 1961 1963
f 1958 1960 1967
f 1957 1956 1962
f 1968 1969 1970
f 1971 1969 1972
f 1972 1973 1971
f 1969 1968 1972
f 1974 1975 1973
f 1975 1971 1973
f 1976 1977 1978
f 1979 1980 1981
f 1982 1983 1979
f 1983 1984 1985
f 1980 1974 1981
f 1983 1982 1984
f 1985 1984 1976
f 1982 1979 1981
f 1976 1978 1985
f 1975 1974 1980
f 1986 1987 1988
f 1988 1989 1986
f 1990 1991 1992
f 1991 1990 1993
f 1994 1995 1996
f 1997 1995 1994
f 1997 1998 1999
f 1998 1997 2000
f 1998 2001 1999
f 1996 1995 2002
f 1997 1999 1995
f 2003 2002 1995
f 1999 2001 2004
f 2005 1995 2006
f 2004 2007 2008
f 2009 2010 2006
f 2004 2001 2007
f 2011 2012 2013
f 2007 2011 2014
f 2015 2016 2017
f 2018 2019 2020
f 2019 2015 2020
f 2012 2019 2013
f 2021 2009 2022
f 2018 2013 2019
f 2023 2024 2025
f 2014 2011 2013
f 2026 2023 2027
f 2017 2016 2028
f 2014 2008 2007
f 2029 2022 2026
f 2030 2031 2003
f 2031 2002 2003
f 2032 2030 2003
f 2003 1995 2005
f 2033 2003 2034
f 2010 2005 2006
f 2035 2034 2036
f 2037 2038 2033
f 2033 2038 2032
f 2033 2034 2039
f 2033 2040 2037
f 2033 2032 2003
f 2034 2035 2039
f 2037 2040 2041
f 2036 2042 2035
f 2010 2009 2021
f 2043 2035 2042
f 2025 2027 2023
f 2044 2045 2046
f 2045 2047 2046
f 2022 2029 2021
f 2042 2044 2048
f 2037 2041 2049
f 2046 2048 2044
f 2049 2050 2051
f 2043 2042 2048
f 2049 2041 2050
f 2026 2027 2029
f 2049 2051 2052
f 2024 2053 2025
f 2015 2054 2055
f 2055 2054 2056
f 2057 2058 2056
f 2055 2056 2058
f 2056 2059 2057
f 2055 2060 2015
f 2061 2053 2062
f 2053 2061 2025
f 2063 2062 2020
f 2062 2064 2061
f 2065 2064 2062
f 2062 2063 2066
f 2063 2020 2060
f 2015 2060 2020
f 2057 2059 2067
f 2067 2068 2069
f 2068 2067 2059
f 2069 2068 2070
f 2071 2072 2073
f 2071 2070 2072
f 2072 2074 2073
f 2072 2070 2068
f 2075 2076 2062
f 2066 2075 2062
f 2077 2073 2074
f 2064 2065 2078
f 2065 2079 2080
f 2076 2065 2062
f 2079 2077 2081
f 2082 2077 2074
f 2047 2083 2046
f 2083 2047 2084
f 2084 2085 2083
f 2085 2084 2086
f 2087 2086 2088
f 2086 2089 2090
f 2091 2087 2049
f 2088 2049 2087
f 2049 2092 2093
f 2093 2094 2095
f 2094 2093 2096
f 2096 2093 2092
f 2088 2086 2090
f 2093 2037 2049
f 2086 2084 2064
f 2049 2052 2091
f 2097 2089 2086
f 2086 2064 2097
f 2098 2064 2078
f 2099 2081 2082
f 2065 2080 2078
f 2064 2098 2097
f 2095 2100 2101
f 2095 2094 2100
f 2101 2100 2102
f 2102 2103 2104
f 2104 2103 2099
f 2099 2082 2104
f 2102 2104 2101
f 2081 2077 2082
f 2079 2081 2080
f 2054 2015 2017
f 2105 2106 2107
f 2108 2107 2106
f 2109 2110 2111
f 2112 2111 2113
f 2113 2111 2110
f 2114 2113 2115
f 2112 2113 2116
f 2117 2116 2113
f 2113 2118 2117
f 2113 2114 2118
f 2115 2119 2114
f 2120 2121 2119
f 2122 2123 2124
f 2123 2125 2124
f 2121 2122 2126
f 2119 2121 2126
f 2125 2127 2124
f 2124 2126 2122
f 2127 2125 2128
f 2120 2119 2115
f 2129 2130 2131
f 2132 2131 2130
f 2133 2129 2131
f 2134 2135 2131
f 2133 2131 2135
f 2132 2136 2137
f 2138 2137 2139
f 2136 2140 2137
f 2139 2137 2140
f 2130 2136 2132
f 2141 2142 2143
f 2144 2143 2142
f 2145 2146 2147
f 2148 2149 2147
f 2149 2144 2147
f 2144 2149 2150
f 2144 2150 2143
f 2148 2147 2146
f 2151 2152 2153
f 2151 2153 2154
f 2155 2154 2156
f 2157 2156 2158
f 2159 2151 2154
f 2157 2155 2156
f 2160 2157 2158
f 2159 2154 2155
f 2158 2161 2160
f 2162 2163 2164
f 2165 2142 2166
f 2167 2165 2168
f 2163 2167 2169
f 2162 2164 2161
f 2163 2169 2164
f 2169 2167 2168
f 2168 2165 2166
f 2142 2141 2166
f 2162 2161 2158
f 2170 2171 2172
f 2173 2172 2174
f 2170 2172 2173
f 2174 2175 2176
f 2175 2174 2172
f 2176 2175 2177
f 2178 2179 2170
f 2170 2179 2171
f 2178 2170 2180
f 2178 2181 2182
f 2181 2178 2180
f 2183 2182 2181
f 2176 2184 2185
f 2185 2184 2186
f 2187 2188 2185
f 2187 2185 2186
f 2183 2189 2190
f 2189 2183 2191
f 2183 2190 2182
f 2191 2192 2193
f 2194 2193 2192
f 2191 2193 2189
f 2184 2176 2177
f 2195 2196 2197
f 2198 2199 2196
f 2200 2201 2202
f 2203 2204 2205
f 2200 2206 2204
f 2198 2203 2199
f 2207 2208 2195
f 2197 2207 2195
f 2197 2196 2199
f 2205 2204 2206
f 2203 2205 2199
f 2200 2202 2206
f 2201 2209 2202
f 2210 2211 2212
f 2209 2213 2214
f 2215 2216 2217
f 2213 2217 2214
f 2213 2209 2201
f 2218 2215 2219
f 2220 2221 2222
f 2223 2219 2221
f 2224 2222 2225
f 2216 2214 2217
f 2218 2226 2215
f 2216 2215 2226
f 2227 2223 2221
f 2224 2220 2222
f 2212 2224 2225
f 2227 2221 2220
f 2218 2219 2223
f 2225 2210 2212
f 2228 2229 2230
f 2231 2232 2233
f 2233 2228 2234
f 1864 2229 1865
f 2229 1864 2230
f 2230 2234 2228
f 2234 2231 2233
f 2231 2235 2232
f 2236 2237 2238
f 2239 1860 2240
f 2240 2236 2238
f 2235 2241 2232
f 2238 2239 2240
f 1861 1860 2239
f 2241 2238 2237
f 2237 2232 2241
f 1882 2242 1883
f 2243 2244 2245
f 2246 2245 2242
f 2246 2242 1882
f 2247 2243 2245
f 2245 2246 2247
f 2248 2244 2249
f 2244 2243 2249
f 2250 2251 2252
f 2253 2250 2254
f 2255 2253 2256
f 2251 2249 2257
f 2252 2254 2250
f 2251 2257 2252
f 2253 2254 2256
f 2248 2249 2251
f 1900 2258 1901
f 2259 2260 2261
f 2262 2261 2258
f 2262 2258 1900
f 2263 2259 2261
f 2261 2262 2263
f 2264 2260 2265
f 2260 2259 2265
f 2266 2267 2268
f 2269 2266 2270
f 2271 2269 2272
f 2267 2265 2273
f 2268 2270 2266
f 2267 2273 2268
f 2269 2270 2272
f 2264 2265 2267
f 2274 2275 2276
f 2277 2278 2276
f 2275 2279 2280
f 2279 2281 2280
f 2282 2283 2280
f 2280 2281 2282
f 2275 2274 2279
f 2280 2284 2275
f 2274 2276 2278
f 2277 2285 2278
f 2286 2287 2288
f 2289 2287 2286
f 2288 2277 2286
f 2285 2277 2288
f 2290 2291 2292
f 2291 2286 2292
f 2293 2291 2290
f 2294 2293 2290
f 2289 2286 2291
f 2295 2283 2296
f 2297 2298 2296
f 2283 2297 2296
f 2299 2300 2301
f 2299 2302 2303
f 2299 2303 2304
f 2302 2299 2301
f 2299 2304 2298
f 2299 2297 2305
f 2294 2306 2293
f 2307 2308 2309
f 2307 2293 2306
f 2310 2305 2309
f 2309 2311 2310
f 2307 2306 2308
f 2308 2311 2309
f 2305 2310 2299
f 2299 2298 2297
f 2280 2283 2295
f 2312 2313 2314
f 2312 2314 2315
f 2316 2317 2318
f 2318 2314 2316
f 2313 2316 2314
f 2319 2314 2318
f 2315 2320 2312
f 2321 2322 2323
f 2321 2324 2325
f 2326 2325 2324
f 2324 2321 2323
f 2322 2327 2323
f 2315 2327 2320
f 2322 2320 2327
f 2328 2319 2318
f 2329 2328 2330
f 2329 2330 2331
f 2332 2333 2334
f 2329 2335 2336
f 2333 2329 2331
f 2334 2333 2331
f 2337 2328 2329
f 2338 2329 2336
f 2339 2337 2329
f 2338 2339 2329
f 2340 2339 2341
f 2342 2339 2338
f 2341 2339 2342
f 2341 2343 2340
f 2343 2344 2340
f 2337 2319 2328
f 2345 2326 2346
f 2324 2346 2326
f 2347 2345 2346
f 2348 2349 2350
f 2349 2351 2352
f 2353 2345 2347
f 2354 2353 2355
f 2356 2357 2354
f 2357 2356 2358
f 2356 2354 2355
f 2358 2356 2359
f 2358 2359 2360
f 2348 2359 2356
f 2347 2355 2353
f 2348 2361 2359
f 2362 2363 2344
f 2362 2344 2343
f 2364 2365 2363
f 2364 2363 2362
f 2366 2367 2368
f 2364 2368 2367
f 2364 2367 2365
f 2352 2351 2344
f 2368 2369 2366
f 2361 2348 2350
f 2370 2371 2366
f 2366 2369 2370
f 2371 2372 2373
f 2372 2371 2370
f 2350 2349 2352
f 2351 2340 2344
f 2374 2375 2376
f 2377 2374 2376
f 2378 2379 2375
f 2374 2378 2375
f 2380 2381 2382
f 2383 2379 2378
f 2382 2383 2380
f 2382 2379 2383
f 2384 2385 2386
f 2386 2387 2384
f 2388 2386 2385
f 2385 2389 2388
f 2390 2391 2389
f 2389 2391 2388
f 2390 2389 2392
f 2393 2390 2392
f 2394 2393 2392
f 2392 2395 2394
f 2396 2397 2398
f 2396 2399 2400
f 2399 2396 2398
f 2397 2401 2398
f 2402 2403 2404
f 2405 2402 2404
f 2405 2401 2406
f 2401 2405 2404
f 2406 2401 2397
f 2403 2407 2404
f 2395 2408 2409
f 2408 2410 2409
f 2410 2408 2411
f 2410 2411 2412
f 2413 2414 2415
f 2416 2414 2413
f 2412 2411 2417
f 2413 2417 2416
f 2414 2418 2419
f 2417 2411 2416
f 2420 2421 2422
f 2423 2420 2424
f 2424 2407 2423
f 2422 2424 2420
f 2421 2425 2422
f 2407 2403 2423
f 2426 2415 2419
f 2425 2426 2427
f 2419 2427 2426
f 2419 2415 2414
f 2418 2428 2419
f 2425 2427 2422
f 2394 2395 2409
f 2428 2418 2429
f 2430 2431 2432
f 2418 2433 2429
f 2434 2435 2432
f 2429 2433 2436
f 2432 2436 2434
f 2435 2430 2432
f 2436 2433 2434
f 2437 2438 2439
f 2440 2441 2442
f 2438 2440 2443
f 2443 2439 2438
f 2444 2442 2441
f 2445 2444 2441
f 2443 2440 2442
f 2441 2446 2445
f 2447 2448 2449
f 2450 2150 2149
f 2448 2450 2451
f 2446 2452 2445
f 2446 2447 2452
f 2452 2447 2449
f 2449 2448 2451
f 2450 2149 2451
f 2453 2454 2455
f 2455 2456 2453
f 2457 2458 2459
f 2459 2458 2460
f 2461 2462 2460
f 2463 2460 2462
f 2461 2464 2462
f 2465 2466 2467
f 2458 2457 2465
f 2465 2467 2458
f 2461 2460 2458
f 2468 2458 2469
f 2461 2470 2464
f 2468 2471 2472
f 2470 2473 2464
f 2474 2475 2476
f 2477 2476 2473
f 2478 2479 2480
f 2481 2482 2474
f 2480 2482 2483
f 2474 2482 2475
f 2473 2484 2477
f 2485 2486 2487
f 2488 2489 2485
f 2474 2476 2477
f 2486 2472 2490
f 2491 2479 2478
f 2470 2484 2473
f 2492 2489 2488
f 2467 2493 2494
f 2467 2466 2493
f 2467 2494 2495
f 2469 2458 2467
f 2496 2467 2497
f 2468 2469 2471
f 2498 2496 2499
f 2500 2495 2501
f 2495 2494 2501
f 2502 2495 2500
f 2497 2467 2495
f 2500 2503 2502
f 2497 2499 2496
f 2503 2500 2504
f 2499 2505 2498
f 2490 2472 2471
f 2499 2506 2505
f 2507 2508 2509
f 2507 2510 2508
f 2488 2485 2487
f 2511 2509 2505
f 2505 2506 2511
f 2512 2513 2504
f 2504 2514 2512
f 2507 2509 2511
f 2513 2503 2504
f 2515 2508 2510
f 2490 2487 2486
f 2516 2514 2504
f 2517 2492 2488
f 2518 2519 2480
f 2520 2519 2518
f 2520 2521 2522
f 2521 2520 2518
f 2522 2523 2520
f 2480 2524 2518
f 2517 2525 2492
f 2483 2482 2481
f 2483 2526 2527
f 2528 2525 2517
f 2526 2525 2529
f 2527 2524 2483
f 2480 2483 2524
f 2527 2526 2530
f 2531 2523 2522
f 2480 2519 2478
f 2532 2533 2531
f 2523 2531 2533
f 2534 2533 2532
f 2535 2536 2537
f 2536 2534 2537
f 2535 2538 2536
f 2533 2534 2536
f 2526 2539 2540
f 2526 2540 2530
f 2538 2535 2541
f 2529 2542 2526
f 2543 2542 2544
f 2526 2542 2539
f 2545 2541 2543
f 2538 2541 2546
f 2515 2510 2547
f 2548 2547 2510
f 2549 2529 2548
f 2547 2548 2529
f 2550 2549 2551
f 2552 2553 2549
f 2529 2525 2528
f 2516 2504 2551
f 2551 2504 2550
f 2554 2555 2504
f 2556 2557 2554
f 2558 2554 2557
f 2555 2554 2558
f 2552 2549 2550
f 2500 2554 2504
f 2529 2549 2559
f 2549 2553 2559
f 2529 2559 2560
f 2542 2529 2561
f 2546 2545 2562
f 2561 2544 2542
f 2561 2529 2560
f 2563 2564 2556
f 2564 2557 2556
f 2565 2564 2563
f 2566 2567 2565
f 2562 2567 2566
f 2566 2546 2562
f 2563 2566 2565
f 2546 2541 2545
f 2544 2545 2543
f 2568 2569 2570
f 2571 2572 2573
f 2574 2571 2575
f 2569 2574 2570
f 2576 2568 2577
f 2577 2568 2570
f 2570 2574 2575
f 2571 2573 2575
f 2572 2578 2573
f 2579 2580 2581
f 2582 2583 2584
f 2583 2146 2145
f 2580 2582 2585
f 2579 2586 2578
f 2579 2581 2586
f 2578 2586 2573
f 2585 2581 2580
f 2582 2584 2585
f 2583 2145 2584
f 2587 2588 2589
f 2587 2590 2591
f 2592 2593 2588
f 2592 2594 2593
f 2592 2595 2596
f 2596 2594 2592
f 2593 2589 2588
f 2588 2597 2592
f 2590 2587 2589
f 2590 2598 2591
f 2599 2600 2601
f 2601 2600 2602
f 2601 2591 2599
f 2599 2591 2598
f 2603 2604 2605
f 2603 2601 2604
f 2605 2604 2606
f 2605 2606 2607
f 2604 2601 2602
f 2608 2595 2609
f 2608 2610 2611
f 2608 2611 2595
f 2612 2613 2614
f 2615 2616 2614
f 2617 2615 2614
f 2612 2614 2616
f 2610 2617 2614
f 2618 2611 2614
f 2606 2619 2607
f 2620 2621 2622
f 2619 2606 2622
f 2620 2618 2623
f 2623 2624 2620
f 2621 2619 2622
f 2620 2624 2621
f 2614 2623 2618
f 2611 2610 2614
f 2609 2595 2592
f 2625 2626 2627
f 2627 2628 2625
f 2629 2630 2631
f 2632 2631 2630
f 2633 2634 2635
f 2633 2630 2634
f 2634 2629 2636
f 2630 2629 2634
f 2637 2638 2639
f 2640 2641 2642
f 2638 2640 2643
f 2639 2644 2637
f 2642 2643 2640
f 2645 2642 2641
f 2639 2638 2643
f 2641 2646 2645
f 2646 2647 2648
f 2649 2650 2651
f 2647 2649 2652
f 2648 2647 2652
f 2650 2653 2651
f 2651 2652 2649
f 2653 2650 2654
f 2646 2648 2645
f 2637 2644 2655
f 2656 2655 2644
f 2657 2658 2659
f 2660 2661 2657
f 2662 2663 2660
f 2664 2665 2663
f 2660 2657 2659
f 2666 2659 2658
f 2662 2660 2659
f 2667 2662 2659
f 2665 2664 2668
f 2664 2663 2662
f 2668 2669 2665
f 2670 2671 2669
f 2672 2673 2671
f 2674 2675 2676
f 2677 2678 2675
f 2679 2676 2673
f 2671 2670 2672
f 2673 2672 2679
f 2675 2674 2677
f 2678 2677 2680
f 2674 2676 2679
f 2668 2670 2669
f 2681 2682 2683
f 2684 2681 2685
f 2686 2684 2687
f 2682 2688 2683
f 2684 2685 2687
f 2686 2687 2689
f 2685 2681 2683
f 2689 2690 2686
f 2691 2692 2690
f 2693 2694 2695
f 2696 2695 2692
f 2696 2692 2691
f 2693 2697 2694
f 2695 2696 2693
f 2698 2694 2697
f 2689 2691 2690
f 2699 2700 2701
f 2702 2703 2701
f 2704 2702 2701
f 2699 2701 2703
f 2705 2706 2707
f 2708 2709 2707
f 2710 2708 2707
f 2706 2710 2707
f 2711 2712 2713
f 2711 2713 2714
f 2713 2712 2701
f 2714 2713 2715
f 2712 2704 2701
f 2716 2717 2718
f 2719 2716 2718
f 2718 2707 2719
f 2718 2715 2713
f 2718 2717 2715
f 2719 2707 2709
f 2720 2721 2722
f 2722 2723 2720
f 2724 2725 2726
f 2727 2726 2725
f 2728 2724 2726
f 2726 2729 2730
f 2731 2727 2732
f 2729 2726 2727
f 2731 2729 2727
f 2726 2733 2728
f 2734 1918 1910
f 2735 2736 2733
f 2735 2737 2738
f 2739 2740 2741
f 2742 2740 2738
f 2743 2739 2744
f 2735 2733 2737
f 2738 2737 2742
f 2739 2741 2744
f 2743 2744 2734
f 2741 2740 2742
f 2734 1910 2743
f 2728 2733 2736
f 2745 2746 2747
f 2748 2747 2746
f 2749 2750 2751
f 2752 2753 2754
f 2753 2755 2756
f 2750 2752 2754
f 2751 2750 2754
f 2755 2757 2756
f 2756 2754 2753
f 2757 2758 2759
f 2757 2755 2758
f 2760 2759 2761
f 2762 2763 2764
f 2763 2762 2761
f 2765 2761 2762
f 2760 2761 2766
f 2761 2767 2768
f 2768 2766 2761
f 2767 2761 2765
f 2759 2760 2757
f 2769 2770 2771
f 2770 2769 2772
f 2769 2771 2773
f 2769 2774 2775
f 2774 2769 2773
f 2776 2777 2772
f 2778 2776 2779
f 2776 2780 2777
f 2780 2776 2778
f 2772 2777 2770
f 2781 2782 2783
f 2784 2783 2782
f 2785 2783 2784
f 2786 2787 2788
f 2782 2788 2787
f 2781 2788 2782
f 2785 2789 2783
f 2790 2783 2789
f 2791 2790 2789
f 2792 2793 2791
f 2794 2793 2792
f 2789 2792 2791
f 2795 2796 2786
f 2797 2796 2795
f 2795 2798 2799
f 2797 2795 2799
f 2800 2801 2802
f 2793 2794 2802
f 2803 2804 2800
f 2801 2800 2804
f 2793 2802 2801
f 2796 2787 2786
f 2805 2806 2807
f 2808 2809 2805
f 2810 2811 2812
f 2813 2814 2815
f 2811 2813 2812
f 2806 2810 2816
f 2808 2817 2809
f 2808 2805 2807
f 2816 2818 2806
f 2815 2812 2813
f 2816 2810 2812
f 2807 2806 2818
f 2814 2819 2815
f 2820 2821 2822
f 2823 2824 2825
f 2826 2827 2828
f 2824 2826 2828
f 2829 2830 2831
f 2832 2833 2834
f 2830 2832 2831
f 2827 2829 2835
f 2819 2823 2825
f 2828 2827 2835
f 2824 2828 2825
f 2832 2834 2831
f 2831 2835 2829
f 2834 2833 2836
f 2822 2821 2836
f 2836 2833 2822
f 2823 2819 2814
f 2837 2838 2839
f 2839 2840 2837
f 2841 1942 1941
f 2842 2841 2843
f 2843 2841 1941
f 2844 2845 2846
f 2842 2843 2846
f 2845 2844 2847
f 2842 2846 2845
f 2847 2848 2845
f 2849 2850 2851
f 2852 1937 2853
f 2853 2849 2851
f 2854 2850 2847
f 2851 2850 2854
f 2852 2853 2851
f 2852 1938 1937
f 2848 2847 2850
f 1959 2855 1960
f 2856 2857 2858
f 2859 2858 2855
f 2860 2855 1959
f 2859 2856 2858
f 2855 2860 2859
f 2861 2862 2856
f 2862 2857 2856
f 2863 2864 2865
f 2866 2863 2867
f 1952 2866 1950
f 2868 2862 2861
f 2863 2865 2867
f 2866 2867 1950
f 2865 2864 2868
f 2864 2862 2868
f 1977 2869 1978
f 2870 2871 2872
f 2873 2872 2869
f 2874 2869 1977
f 2873 2870 2872
f 2869 2874 2873
f 2875 2876 2870
f 2876 2871 2870
f 2877 2878 2879
f 2880 2877 2881
f 1970 2880 1968
f 2882 2876 2875
f 2877 2879 2881
f 2880 2881 1968
f 2879 2878 2882
f 2878 2876 2882
f 2883 2884 2885
f 2886 2887 2883
f 2883 2888 2884
f 2889 2888 2887
f 2883 2887 2888
f 2883 2890 2886
f 2891 2892 2893
f 2894 2895 2896
f 2891 2893 2897
f 2894 2898 2899
f 2898 2894 2896
f 2899 2898 2897
f 2893 2899 2897
f 2895 2900 2896
f 2901 2902 2903
f 2904 2905 2906
f 2902 2904 2907
f 2903 2900 2901
f 2906 2907 2904
f 2908 2906 2905
f 2903 2902 2907
f 2901 2900 2895
f 2892 2909 2910
f 2909 2892 2891
f 2688 2682 2911
f 2682 2912 2911
f 2913 2914 2915
f 2912 2916 2917
f 2916 2918 2917
f 2918 2916 2915
f 2918 2915 2914
f 2912 2917 2911
f 2919 2920 2921
f 2922 2923 2924
f 2924 2921 2925
f 2920 2926 2927
f 2928 2929 2920
f 2928 2920 2927
f 2920 2929 2921
f 2925 2922 2924
f 2930 2931 2932
f 2933 2932 2934
f 2933 2934 2935
f 2932 2933 2936
f 2930 2932 2936
f 2924 2923 2937
f 2938 2924 2939
f 2937 2931 2930
f 2919 2921 2924
f 2937 2923 2931
f 2938 2939 2940
f 2941 2942 2943
f 2942 2944 2943
f 2945 2944 2942
f 2946 2942 2919
f 2920 2919 2942
f 2945 2942 2947
f 2942 2948 2949
f 2947 2942 2949
f 2946 2948 2942
f 2919 2950 2946
f 2951 2919 2952
f 2953 2938 2940
f 2954 2955 2956
f 2919 2924 2938
f 2952 2955 2951
f 2950 2919 2951
f 2957 2958 2946
f 2951 2955 2954
f 2950 2957 2946
f 2959 2960 2953
f 2953 2940 2959
f 2946 2958 2961
f 2962 2933 2963
f 2933 2962 2936
f 2964 2965 2963
f 2963 2933 2964
f 2960 2966 2967
f 2960 2959 2966
f 2967 2968 2969
f 2968 2967 2966
f 2970 2969 2968
f 2971 2964 2972
f 2964 2971 2973
f 2971 2972 2974
f 2974 2972 2975
f 2976 2970 2968
f 2976 2974 2970
f 2977 2978 2975
f 2970 2974 2978
f 2977 2975 2979
f 2974 2975 2978
f 2973 2965 2964
f 2980 2956 2981
f 2982 2981 2983
f 2983 2981 2984
f 2981 2982 2980
f 2961 2985 2946
f 2986 2983 2984
f 2987 2988 2946
f 2984 2989 2986
f 2980 2954 2956
f 2990 2989 2991
f 2991 2992 2990
f 2992 2977 2979
f 2992 2991 2977
f 2993 2994 2992
f 2995 2994 2988
f 2994 2990 2992
f 2995 2988 2996
f 2993 2988 2994
f 2996 2988 2987
f 2990 2986 2989
f 2987 2946 2985
f 2997 2998 2999
f 2998 2997 3000
f 3001 3000 2997
f 2997 3002 3001
f 3003 3004 3005
f 3006 3003 3007
f 3007 2999 2998
f 3007 3003 2999
f 3007 3008 3006
f 3009 3010 3008
f 3011 3012 3013
f 3012 3011 3014
f 3011 3013 3002
f 3010 3009 3015
f 3016 3017 3018
f 3016 3018 3015
f 3009 3016 3015
f 3002 2997 3011
f 3008 3010 3006
f 3019 3004 3020
f 3019 3005 3004
f 3019 3020 3021
f 3003 3006 3004
f 3021 3020 3022
f 3023 3024 3025
f 3025 3024 3019
f 3025 3026 3023
f 3019 3021 3025
f 3023 3026 3027
f 3021 3022 3028
f 3029 3030 3028
f 3030 3029 3031
f 3031 3032 3033
f 3034 3032 3031
f 3031 3033 3030
f 3035 3036 3037
f 3023 3038 3037
f 3027 3038 3023
f 3029 3028 3022
f 3037 3038 3035
f 3039 3018 3017
f 3040 3014 3011
f 3014 3041 3012
f 3042 3041 3043
f 3039 3017 3044
f 3017 3045 3044
f 3046 3047 3042
f 3044 3045 3048
f 3047 3049 3048
f 3043 3041 3014
f 3011 3050 3040
f 3043 3046 3042
f 3047 3051 3052
f 3051 3047 3053
f 3046 3054 3047
f 3055 3056 3057
f 3058 3059 3057
f 3058 3057 3056
f 3055 3057 3051
f 3053 3047 3054
f 3057 3052 3051
f 3060 3061 3052
f 3062 3061 3063
f 3044 3048 3049
f 3034 3062 3064
f 3060 3063 3061
f 3065 3060 3037
f 3064 3062 3063
f 3066 3065 3037
f 3064 3032 3034
f 3067 3068 3069
f 3068 3037 3052
f 3070 3068 3071
f 3068 3070 3069
f 3049 3047 3052
f 3037 3068 3072
f 3068 3073 3074
f 3072 3068 3074
f 3067 3073 3068
f 3052 3037 3060
f 3057 3068 3052
f 3066 3037 3036
f 3075 3076 3077
f 3078 3079 3076
f 3078 3076 3075
f 3080 3081 3082
f 3079 3078 3082
f 3083 3081 3080
f 3079 3082 3081
f 3080 3084 3083
f 3085 3086 3087
f 3088 3089 3090
f 3091 3090 3086
f 3085 3087 3084
f 3091 3086 3085
f 3088 3090 3091
f 3088 3092 3089
f 3083 3084 3087
f 3093 3094 3095
f 3096 3093 3095
f 3097 3098 3099
f 3099 3093 3097
f 3093 3099 3094
f 3097 3093 3100
f 3095 3101 3096
f 3102 3103 3104
f 3105 3106 3104
f 3102 3104 3106
f 3102 3107 3103
f 3101 3107 3096
f 3107 3101 3103
f 3097 3100 3108
f 3109 3108 3110
f 3111 3109 3110
f 3112 3113 3114
f 3115 3110 3116
f 3111 3110 3113
f 3111 3113 3112
f 3108 3117 3110
f 3116 3110 3118
f 3110 3117 3119
f 3110 3119 3118
f 3120 3119 3121
f 3118 3119 3122
f 3122 3119 3120
f 3121 3123 3120
f 3121 3124 3123
f 3108 3100 3117
f 3106 3105 3125
f 3126 3125 3127
f 3125 3126 3106
f 3126 3127 3128
f 3129 3130 3131
f 3132 3133 3130
f 3128 3127 3134
f 3135 3134 3136
f 3136 3137 3138
f 3139 3138 3137
f 3135 3136 3138
f 3140 3138 3139
f 3141 3140 3139
f 3138 3140 3131
f 3134 3135 3128
f 3140 3142 3131
f 3124 3143 3144
f 3123 3124 3144
f 3143 3145 3146
f 3144 3143 3146
f 3147 3148 3149
f 3148 3147 3146
f 3145 3148 3146
f 3124 3133 3132
f 3149 3150 3147
f 3129 3131 3142
f 3149 3151 3152
f 3152 3150 3149
f 3153 3154 3151
f 3152 3151 3154
f 3132 3130 3129
f 3124 3121 3133
f 3155 3156 3157
f 3158 3155 3157
f 3159 3156 3155
f 3160 3159 3155
f 3161 3162 3163
f 3163 3160 3161
f 3162 3161 3164
f 3159 3160 3163
f 3165 3166 3167
f 3167 3168 3165
f 3169 3167 3166
f 3166 3170 3169
f 3170 3171 3172
f 3171 3092 3172
f 3092 3171 3089
f 3170 3172 3169
f 3173 3174 3175
f 3176 3177 3178
f 3179 3178 3174
f 3179 3174 3173
f 3176 3180 3177
f 3178 3179 3176
f 3181 3182 3180
f 3182 3177 3180
f 3183 3184 3185
f 3186 3187 3188
f 3189 3188 3184
f 3181 3190 3182
f 3185 3190 3183
f 3183 3189 3184
f 3189 3186 3188
f 3185 3182 3190
f 3191 3192 3193
f 3194 3195 3191
f 3194 3196 3195
f 3197 3198 3199
f 3192 3198 3197
f 3193 3192 3197
f 3193 3194 3191
f 3196 3200 3195
f 3201 3202 3203
f 3204 3201 3205
f 3206 3204 3207
f 3202 3196 3203
f 3204 3205 3207
f 3206 3207 3208
f 3205 3201 3203
f 3200 3196 3202
f 3209 3210 1847
f 3211 3212 3213
f 3214 3213 3210
f 3209 1847 1846
f 3214 3211 3213
f 3210 3209 3214
f 3211 3215 3212
f 3215 3216 3212
f 3217 3218 3219
f 1842 1841 3220
f 3221 3220 3218
f 3222 3216 3215
f 3218 3217 3221
f 3220 3221 1842
f 3217 3219 3222
f 3219 3216 3222
f 3223 3224 1829
f 3225 3226 3227
f 3228 3227 3224
f 3223 1829 1828
f 3228 3225 3227
f 3224 3223 3228
f 3225 3229 3226
f 3229 3230 3226
f 3231 3232 3233
f 1824 1823 3234
f 3235 3234 3232
f 3236 3230 3229
f 3232 3231 3235
f 3234 3235 1824
f 3231 3233 3236
f 3233 3230 3236
f 3237 3238 1811
f 3239 3240 3241
f 3242 3241 3238
f 3237 1811 1810
f 3242 3239 3241
f 3238 3237 3242
f 3243 3240 3244
f 3240 3239 3244
f 3245 3246 3247
f 1804 1805 3248
f 3249 3248 3246
f 3250 3243 3244
f 3246 3245 3249
f 3248 3249 1804
f 3245 3247 3250
f 3247 3243 3250
f 3251 3252 1793
f 3253 3254 3255
f 3251 3255 3252
f 3251 1793 1792
f 3253 3256 3254
f 3255 3251 3253
f 3257 3254 3258
f 3254 3256 3258
f 3259 3260 3261
f 3262 1787 3263
f 3259 3263 3260
f 3264 3257 3258
f 3263 3259 3262
f 1787 3262 1788
f 3259 3261 3264
f 3261 3257 3264
f 3265 3266 1775
f 3267 3268 3269
f 3265 3269 3266
f 3265 1775 1774
f 3267 3270 3268
f 3269 3265 3267
f 3271 3268 3272
f 3268 3270 3272
f 3273 3274 3275
f 3276 1769 3277
f 3273 3277 3274
f 3278 3271 3272
f 3277 3273 3276
f 1769 3276 1770
f 3273 3275 3278
f 3275 3271 3278
f 3279 3280 1757
f 3281 3282 3283
f 3284 3283 3280
f 3279 1757 1756
f 3284 3281 3283
f 3280 3279 3284
f 3281 3285 3282
f 3285 3286 3282
f 3287 3288 3289
f 1752 1751 3290
f 3291 3290 3288
f 3292 3286 3285
f 3288 3287 3291
f 3290 3291 1752
f 3287 3289 3292
f 3289 3286 3292
f 3293 3294 1739
f 3295 3296 3297
f 3298 3297 3294
f 3293 1739 1738
f 3298 3295 3297
f 3294 3293 3298
f 3295 3299 3296
f 3299 3300 3296
f 3301 3302 3303
f 1734 1733 3304
f 3305 3304 3302
f 3306 3300 3299
f 3302 3301 3305
f 3304 3305 1734
f 3301 3303 3306
f 3303 3300 3306
f 3307 3308 1721
f 3309 3310 3311
f 3312 3311 3308
f 3307 1721 1720
f 3312 3309 3311
f 3308 3307 3312
f 3309 3313 3310
f 3313 3314 3310
f 3315 3316 3317
f 1716 1715 3318
f 3319 3318 3316
f 3320 3314 3313
f 3316 3315 3319
f 3318 3319 1716
f 3315 3317 3320
f 3317 3314 3320
f 1702 3321 1703
f 3322 3323 3324
f 3325 3324 3321
f 3325 3321 1702
f 3326 3322 3324
f 3324 3325 3326
f 3327 3323 3328
f 3323 3322 3328
f 3329 3330 3331
f 1698 1697 3332
f 3333 3332 3330
f 3329 3327 3328
f 3332 3333 3334
f 3332 3334 1698
f 3333 3330 3329
f 3331 3327 3329
f 1684 3335 1685
f 3336 3337 3338
f 3339 3338 3335
f 3339 3335 1684
f 3340 3336 3338
f 3338 3339 3340
f 3341 3337 3342
f 3337 3336 3342
f 3343 3344 3345
f 1680 1679 3346
f 3347 3346 3344
f 3343 3341 3342
f 3346 3347 3348
f 3346 3348 1680
f 3347 3344 3343
f 3345 3341 3343
f 3349 3350 3351
f 3350 3349 3352
f 3350 3352 3353
f 3352 3354 3353
f 3353 3351 3350
f 3353 3354 3355
f 3351 3353 3356
f 3357 3358 3359
f 3360 3361 3354
f 3362 3363 3358
f 3354 3358 3364
f 3357 3365 3366
f 3367 3368 3369
f 3370 3369 3371
f 3372 3373 3374
f 3372 3374 3375
f 3365 3357 3376
f 3358 3357 3377
f 3356 3378 3379
f 3378 3353 3355
f 3355 3364 3380
f 3364 3355 3354
f 3377 3364 3358
f 3364 3377 3381
f 3353 3378 3356
f 3378 3355 3382
f 3379 3383 3384
f 3379 3378 3383
f 3385 3384 3383
f 3386 3383 3382
f 3383 3378 3382
f 3382 3355 3380
f 3387 3382 3380
f 3364 3381 3380
f 3381 3388 3380
f 3389 3390 3377
f 3367 3391 3366
f 3366 3392 3393
f 3366 3391 3389
f 3389 3377 3357
f 3391 3367 3394
f 3394 3367 3370
f 3372 3370 3395
f 3396 3370 3372
f 3367 3369 3370
f 3389 3391 3397
f 3389 3397 3390
f 3391 3394 3398
f 3391 3398 3397
f 3399 3381 3390
f 3394 3400 3398
f 3400 3394 3396
f 3401 3396 3402
f 3398 3403 3397
f 3394 3370 3396
f 3397 3404 3390
f 3372 3405 3402
f 3390 3381 3377
f 3366 3389 3357
f 3400 3406 3398
f 3405 3372 3375
f 3407 3408 3405
f 3405 3409 3407
f 3402 3405 3408
f 3402 3396 3372
f 3410 3411 3412
f 3413 3412 3414
f 3410 3407 3415
f 3415 3407 3416
f 3412 3417 3407
f 3418 3412 3413
f 3413 3419 3420
f 3421 3420 3419
f 3422 3413 3420
f 3423 3424 3425
f 3426 3425 3427
f 3428 3425 3429
f 3429 3421 3428
f 3430 3420 3429
f 3427 3425 3424
f 3419 3413 3431
f 3432 3429 3425
f 3401 3402 3433
f 3433 3402 3408
f 3434 3408 3417
f 3418 3417 3412
f 3422 3418 3413
f 3435 3417 3418
f 3408 3407 3417
f 3418 3422 3436
f 3437 3433 3434
f 3434 3433 3408
f 3435 3434 3417
f 3438 3434 3435
f 3435 3439 3438
f 3440 3439 3435
f 3440 3435 3436
f 3401 3433 3441
f 3418 3436 3435
f 3400 3401 3442
f 3422 3443 3436
f 3443 3422 3430
f 3430 3432 3444
f 3445 3436 3443
f 3446 3443 3444
f 3443 3430 3444
f 3447 3448 3444
f 3449 3444 3448
f 3430 3429 3432
f 3449 3446 3444
f 3445 3450 3436
f 3451 3445 3443
f 3447 3452 3448
f 3451 3443 3446
f 3447 3432 3426
f 3436 3450 3440
f 3422 3420 3430
f 3401 3400 3396
f 3453 3438 3439
f 3454 3385 3455
f 3385 3454 3384
f 3455 3385 3456
f 3456 3385 3386
f 3387 3386 3382
f 3457 3386 3387
f 3385 3383 3386
f 3454 3455 3458
f 3455 3459 3458
f 3455 3456 3460
f 3455 3460 3459
f 3458 3459 3461
f 3456 3462 3460
f 3462 3456 3457
f 3457 3463 3464
f 3460 3462 3465
f 3456 3386 3457
f 3459 3460 3466
f 3388 3463 3387
f 3388 3399 3467
f 3399 3388 3381
f 3404 3403 3468
f 3403 3404 3397
f 3406 3403 3398
f 3403 3406 3469
f 3399 3390 3404
f 3399 3404 3470
f 3467 3471 3463
f 3467 3463 3388
f 3464 3463 3471
f 3464 3462 3457
f 3472 3467 3470
f 3468 3470 3404
f 3469 3468 3403
f 3473 3470 3468
f 3467 3399 3470
f 3474 3468 3469
f 3469 3475 3476
f 3463 3457 3387
f 3387 3380 3388
f 3462 3464 3477
f 3461 3478 3479
f 3478 3459 3466
f 3466 3465 3480
f 3465 3466 3460
f 3477 3465 3462
f 3465 3477 3481
f 3459 3478 3461
f 3478 3466 3482
f 3461 3479 3483
f 3478 3482 3479
f 3480 3482 3466
f 3465 3481 3480
f 3477 3484 3481
f 3477 3485 3484
f 3472 3486 3471
f 3472 3471 3467
f 3471 3486 3485
f 3485 3477 3464
f 3486 3472 3487
f 3487 3472 3473
f 3474 3473 3468
f 3488 3473 3474
f 3472 3470 3473
f 3485 3486 3489
f 3486 3490 3489
f 3490 3486 3487
f 3490 3487 3491
f 3491 3488 3492
f 3488 3491 3487
f 3493 3492 3488
f 3487 3473 3488
f 3493 3474 3476
f 3485 3489 3484
f 3471 3485 3464
f 3406 3442 3475
f 3494 3442 3441
f 3441 3442 3401
f 3495 3437 3438
f 3438 3437 3434
f 3438 3453 3496
f 3441 3437 3497
f 3441 3433 3437
f 3438 3496 3498
f 3475 3494 3499
f 3475 3442 3494
f 3494 3441 3497
f 3494 3497 3500
f 3495 3498 3501
f 3495 3497 3437
f 3495 3501 3502
f 3495 3438 3498
f 3497 3495 3503
f 3475 3469 3406
f 3502 3504 3505
f 3506 3505 3507
f 3507 3505 3504
f 3508 3506 3507
f 3509 3510 3511
f 3506 3508 3510
f 3509 3511 3512
f 3502 3505 3495
f 3495 3505 3513
f 3493 3488 3474
f 3476 3499 3514
f 3476 3514 3493
f 3499 3494 3500
f 3500 3497 3503
f 3515 3499 3500
f 3475 3499 3476
f 3516 3500 3503
f 3517 3514 3518
f 3514 3517 3493
f 3518 3514 3515
f 3515 3516 3519
f 3516 3515 3500
f 3519 3516 3520
f 3515 3519 3518
f 3514 3499 3515
f 3513 3521 3503
f 3493 3517 3492
f 3513 3522 3523
f 3513 3503 3495
f 3513 3505 3522
f 3521 3520 3516
f 3506 3524 3522
f 3524 3506 3509
f 3509 3525 3526
f 3513 3523 3521
f 3506 3510 3509
f 3527 3522 3524
f 3521 3528 3520
f 3528 3521 3523
f 3528 3523 3529
f 3529 3527 3530
f 3527 3529 3523
f 3531 3530 3527
f 3523 3522 3527
f 3524 3526 3531
f 3516 3503 3521
f 3506 3522 3505
f 3512 3525 3509
f 3476 3474 3469
f 3406 3400 3442
f 3532 3533 3534
f 3427 3532 3535
f 3533 3532 3427
f 3532 3534 3536
f 3532 3536 3537
f 3538 3539 3540
f 3540 3539 3541
f 3542 3540 3536
f 3542 3536 3534
f 3536 3540 3543
f 3544 3541 3539
f 3541 3545 3546
f 3541 3544 3545
f 3547 3545 3548
f 3545 3547 3549
f 3547 3550 3549
f 3548 3550 3547
f 3544 3548 3545
f 3540 3541 3551
f 3447 3444 3432
f 3426 3535 3552
f 3537 3553 3535
f 3535 3532 3537
f 3535 3553 3552
f 3552 3447 3426
f 3427 3535 3426
f 3447 3552 3554
f 3554 3552 3555
f 3555 3552 3556
f 3557 3553 3558
f 3553 3557 3556
f 3559 3558 3553
f 3553 3556 3552
f 3543 3560 3537
f 3543 3551 3561
f 3543 3540 3551
f 3551 3541 3546
f 3551 3546 3562
f 3549 3550 3563
f 3549 3546 3545
f 3564 3563 3565
f 3537 3536 3543
f 3546 3549 3566
f 3567 3553 3560
f 3560 3543 3561
f 3561 3551 3562
f 3568 3560 3561
f 3549 3569 3566
f 3566 3562 3546
f 3570 3563 3564
f 3571 3562 3566
f 3549 3563 3569
f 3572 3561 3562
f 3564 3565 3573
f 3560 3553 3537
f 3569 3574 3566
f 3426 3432 3425
f 3575 3576 3564
f 3575 3564 3573
f 3577 3578 3579
f 3580 3581 3577
f 3580 3582 3583
f 3582 3584 3583
f 3564 3585 3586
f 3564 3576 3585
f 3585 3587 3588
f 3587 3585 3589
f 3576 3589 3585
f 3588 3587 3590
f 3564 3586 3570
f 3585 3588 3591
f 3585 3591 3586
f 3592 3570 3586
f 3588 3593 3591
f 3593 3588 3594
f 3594 3595 3596
f 3597 3591 3593
f 3588 3590 3594
f 3598 3586 3591
f 3590 3599 3594
f 3570 3569 3563
f 3579 3595 3599
f 3579 3578 3595
f 3600 3595 3578
f 3596 3593 3594
f 3601 3581 3583
f 3578 3577 3581
f 3602 3583 3584
f 3578 3581 3603
f 3580 3583 3581
f 3583 3602 3601
f 3604 3596 3600
f 3596 3595 3600
f 3600 3578 3603
f 3605 3600 3603
f 3601 3606 3607
f 3601 3603 3581
f 3603 3601 3608
f 3601 3602 3606
f 3593 3596 3609
f 3595 3594 3599
f 3569 3570 3610
f 3608 3601 3607
f 3611 3612 3559
f 3613 3614 3615
f 3525 3616 3617
f 3525 3512 3616
f 3525 3617 3618
f 3619 3614 3618
f 3613 3618 3614
f 3619 3618 3617
f 3525 3618 3620
f 3615 3611 3613
f 3559 3567 3621
f 3567 3559 3553
f 3568 3572 3622
f 3572 3568 3561
f 3571 3572 3562
f 3572 3571 3623
f 3567 3560 3568
f 3567 3568 3624
f 3613 3621 3625
f 3613 3559 3621
f 3621 3567 3624
f 3621 3624 3626
f 3572 3623 3622
f 3622 3624 3568
f 3571 3627 3623
f 3622 3623 3628
f 3574 3627 3571
f 3624 3622 3629
f 3571 3566 3574
f 3559 3613 3611
f 3558 3559 3612
f 3618 3613 3630
f 3531 3527 3524
f 3526 3620 3631
f 3526 3631 3531
f 3620 3618 3630
f 3630 3613 3625
f 3632 3620 3630
f 3525 3620 3526
f 3633 3630 3625
f 3634 3631 3635
f 3631 3634 3531
f 3635 3631 3632
f 3632 3633 3636
f 3633 3632 3630
f 3636 3633 3637
f 3632 3636 3635
f 3631 3620 3632
f 3626 3638 3625
f 3531 3634 3530
f 3629 3639 3626
f 3626 3624 3629
f 3638 3626 3639
f 3638 3637 3633
f 3623 3640 3628
f 3628 3629 3622
f 3627 3641 3642
f 3643 3629 3628
f 3625 3621 3626
f 3628 3640 3644
f 3638 3645 3637
f 3645 3638 3639
f 3645 3639 3646
f 3646 3643 3647
f 3643 3646 3639
f 3644 3647 3643
f 3639 3629 3643
f 3628 3644 3643
f 3633 3625 3638
f 3623 3627 3640
f 3610 3641 3574
f 3526 3524 3509
f 3640 3627 3642
f 3610 3592 3648
f 3610 3648 3641
f 3598 3592 3586
f 3597 3598 3591
f 3649 3592 3598
f 3610 3570 3592
f 3650 3598 3597
f 3641 3651 3642
f 3651 3641 3648
f 3648 3649 3652
f 3642 3651 3653
f 3650 3654 3649
f 3650 3649 3598
f 3649 3654 3652
f 3652 3651 3648
f 3648 3592 3649
f 3651 3652 3655
f 3609 3656 3597
f 3657 3640 3642
f 3604 3658 3609
f 3604 3609 3596
f 3656 3609 3658
f 3659 3650 3656
f 3660 3605 3608
f 3608 3605 3603
f 3661 3608 3607
f 3662 3604 3605
f 3604 3600 3605
f 3661 3660 3608
f 3658 3663 3656
f 3659 3654 3650
f 3662 3658 3604
f 3662 3664 3658
f 3665 3660 3666
f 3666 3660 3661
f 3662 3660 3665
f 3662 3605 3660
f 3666 3667 3665
f 3650 3597 3656
f 3597 3593 3609
f 3652 3654 3668
f 3644 3657 3669
f 3640 3657 3644
f 3651 3655 3653
f 3653 3657 3642
f 3652 3668 3655
f 3653 3655 3670
f 3659 3671 3654
f 3657 3653 3672
f 3669 3657 3672
f 3672 3653 3670
f 3673 3668 3674
f 3673 3670 3655
f 3671 3674 3668
f 3673 3655 3668
f 3654 3671 3668
f 3644 3669 3647
f 3659 3675 3671
f 3675 3659 3663
f 3663 3664 3676
f 3671 3675 3677
f 3678 3664 3665
f 3665 3664 3662
f 3679 3665 3667
f 3676 3675 3663
f 3663 3658 3664
f 3678 3665 3679
f 3675 3680 3677
f 3680 3675 3676
f 3680 3676 3681
f 3681 3678 3682
f 3678 3681 3676
f 3682 3678 3679
f 3676 3664 3678
f 3671 3677 3674
f 3659 3656 3663
f 3627 3574 3641
f 3574 3569 3610
f 3554 3452 3447
f 3354 3683 3358
f 3354 3352 3684
f 3683 3354 3685
f 3685 3354 3686
f 3686 3354 3687
f 3687 3354 3361
f 3354 3684 3360
f 3358 3683 3688
f 3358 3688 3362
f 3359 3358 3689
f 3689 3358 3690
f 3690 3358 3363
f 3357 3359 3691
f 3366 3365 3692
f 3357 3693 3376
f 3357 3694 3693
f 3691 3694 3357
f 3366 3393 3367
f 3695 3392 3366
f 3366 3692 3696
f 3366 3696 3695
f 3367 3393 3697
f 3367 3697 3368
f 3395 3370 3698
f 3698 3370 3699
f 3371 3699 3370
f 3372 3395 3700
f 3372 3700 3373
f 3409 3405 3701
f 3375 3701 3405
f 3407 3409 3416
f 3407 3410 3412
f 3414 3412 3411
f 3414 3431 3413
f 3420 3421 3429
f 3425 3428 3423
f 3424 3533 3427
f 3540 3542 3538
f 3565 3563 3702
f 3702 3563 3703
f 3550 3703 3563
f 3704 3705 3706
f 3707 3706 3705
f 3708 3709 3710
f 3709 3708 3711
f 3705 3708 3707
f 3712 3708 3705
f 3713 3714 3715
f 3716 3711 3714
f 3717 3718 3719
f 3720 3721 3717
f 3721 3713 3722
f 3719 3720 3717
f 3723 3724 3725
f 3724 3705 3725
f 3724 3712 3705
f 3726 3724 3727
f 3711 3708 3728
f 3729 3724 3730
f 3712 3731 3728
f 3728 3708 3712
f 3732 3731 3712
f 3724 3729 3732
f 3724 3732 3712
f 3733 3732 3729
f 3711 3734 3715
f 3734 3728 3735
f 3736 3722 3715
f 3734 3736 3715
f 3721 3722 3717
f 3718 3717 3737
f 3717 3722 3738
f 3722 3713 3715
f 3739 3737 3717
f 3728 3731 3735
f 3740 3736 3734
f 3735 3740 3734
f 3741 3735 3731
f 3740 3742 3736
f 3738 3736 3742
f 3739 3738 3743
f 3744 3742 3740
f 3738 3722 3736
f 3745 3740 3735
f 3738 3739 3717
f 3734 3711 3728
f 3715 3714 3711
f 3746 3731 3732
f 3747 3737 3748
f 3749 3750 3748
f 3751 3748 3750
f 3752 3751 3753
f 3750 3753 3751
f 3754 3752 3755
f 3749 3756 3750
f 3753 3750 3756
f 3757 3755 3753
f 3758 3756 3749
f 3755 3759 3760
f 3754 3755 3760
f 3757 3759 3755
f 3753 3756 3757
f 3755 3752 3753
f 3761 3757 3756
f 3760 3762 3754
f 3749 3737 3763
f 3764 3760 3765
f 3766 3762 3764
f 3766 3767 3768
f 3764 3767 3766
f 3769 3766 3768
f 3770 3767 3764
f 3771 3765 3759
f 3759 3765 3760
f 3770 3764 3765
f 3772 3770 3765
f 3768 3773 3774
f 3769 3768 3774
f 3775 3773 3768
f 3767 3770 3775
f 3768 3767 3775
f 3776 3775 3770
f 3774 3777 3769
f 3762 3760 3764
f 3778 3759 3757
f 3779 3763 3739
f 3739 3763 3737
f 3780 3761 3758
f 3761 3756 3758
f 3778 3757 3761
f 3781 3778 3761
f 3763 3758 3749
f 3782 3758 3763
f 3783 3779 3743
f 3779 3739 3743
f 3782 3763 3779
f 3784 3782 3779
f 3780 3781 3761
f 3758 3782 3780
f 3785 3781 3780
f 3781 3786 3778
f 3787 3780 3782
f 3786 3788 3778
f 3738 3742 3743
f 3789 3772 3771
f 3772 3765 3771
f 3776 3790 3775
f 3770 3772 3776
f 3791 3773 3790
f 3792 3790 3776
f 3771 3759 3778
f 3793 3776 3772
f 3771 3788 3789
f 3772 3789 3794
f 3776 3793 3792
f 3790 3792 3795
f 3793 3772 3794
f 3796 3773 3791
f 3778 3788 3771
f 3775 3790 3773
f 3796 3797 3774
f 3748 3737 3749
f 3798 3743 3742
f 3799 3733 3800
f 3729 3801 3800
f 3733 3729 3800
f 3802 3746 3733
f 3732 3733 3746
f 3803 3804 3805
f 3806 3799 3803
f 3800 3804 3803
f 3799 3800 3803
f 3807 3802 3799
f 3799 3802 3733
f 3746 3808 3741
f 3809 3745 3741
f 3741 3731 3746
f 3810 3798 3744
f 3742 3744 3798
f 3743 3798 3783
f 3811 3783 3798
f 3744 3740 3745
f 3812 3744 3745
f 3813 3809 3808
f 3809 3741 3808
f 3812 3745 3809
f 3814 3812 3809
f 3810 3811 3798
f 3744 3812 3810
f 3815 3811 3816
f 3817 3811 3810
f 3783 3815 3784
f 3818 3810 3812
f 3784 3779 3783
f 3746 3802 3808
f 3741 3745 3735
f 3819 3808 3802
f 3820 3806 3821
f 3803 3822 3821
f 3806 3803 3821
f 3823 3807 3806
f 3799 3806 3807
f 3824 3825 3821
f 3826 3827 3828
f 3821 3825 3820
f 3806 3820 3823
f 3823 3829 3807
f 3830 3813 3819
f 3819 3802 3807
f 3831 3818 3814
f 3814 3809 3813
f 3818 3812 3814
f 3832 3817 3818
f 3819 3813 3808
f 3833 3814 3813
f 3819 3829 3830
f 3813 3830 3833
f 3818 3831 3832
f 3817 3832 3834
f 3831 3814 3833
f 3816 3817 3834
f 3807 3829 3819
f 3818 3817 3810
f 3811 3815 3783
f 3780 3787 3835
f 3835 3785 3780
f 3836 3837 3835
f 3838 3784 3815
f 3838 3787 3784
f 3836 3835 3787
f 3787 3839 3836
f 3840 3841 3842
f 3843 3841 3840
f 3836 3840 3842
f 3836 3842 3837
f 3836 3844 3840
f 3787 3782 3784
f 3845 3846 3843
f 3847 3846 3845
f 3848 3849 3850
f 3849 3848 3851
f 3850 3846 3851
f 3852 3853 3854
f 3849 3854 3853
f 3849 3853 3852
f 3847 3845 3840
f 3840 3845 3843
f 3854 3849 3851
f 3816 3855 3815
f 3838 3815 3855
f 3856 3838 3855
f 3839 3838 3856
f 3836 3839 3844
f 3844 3839 3857
f 3839 3787 3838
f 3858 3855 3816
f 3858 3859 3855
f 3856 3855 3859
f 3860 3856 3859
f 3861 3857 3860
f 3856 3860 3857
f 3857 3861 3862
f 3857 3839 3856
f 3862 3847 3844
f 3834 3858 3816
f 3844 3857 3862
f 3863 3851 3847
f 3851 3864 3854
f 3862 3863 3847
f 3851 3846 3847
f 3865 3851 3863
f 3866 3863 3867
f 3862 3867 3863
f 3868 3863 3866
f 3866 3869 3868
f 3870 3863 3868
f 3861 3867 3862
f 3847 3840 3844
f 3811 3817 3816
f 3774 3773 3796
f 3871 3777 3797
f 3871 3872 3873
f 3797 3872 3871
f 3874 3871 3873
f 3875 3872 3797
f 3796 3875 3797
f 3876 3873 3872
f 3875 3876 3872
f 3877 3875 3796
f 3876 3878 3873
f 3879 3873 3878
f 3880 3881 3879
f 3882 3878 3876
f 3879 3874 3873
f 3883 3876 3875
f 3879 3884 3874
f 3791 3885 3796
f 3886 3884 3881
f 3887 3888 3889
f 3890 3888 3886
f 3891 3887 3889
f 3881 3892 3890
f 3886 3881 3890
f 3880 3892 3881
f 3880 3879 3878
f 3893 3890 3892
f 3889 3890 3893
f 3891 3889 3894
f 3895 3894 3889
f 3889 3888 3890
f 3896 3892 3880
f 3894 3897 3891
f 3884 3879 3881
f 3898 3880 3878
f 3877 3796 3885
f 3899 3900 3877
f 3883 3875 3900
f 3882 3876 3883
f 3883 3900 3899
f 3875 3877 3900
f 3882 3883 3901
f 3882 3901 3902
f 3901 3883 3899
f 3902 3903 3882
f 3904 3885 3791
f 3898 3903 3905
f 3882 3903 3898
f 3896 3906 3892
f 3880 3898 3896
f 3895 3893 3907
f 3896 3898 3908
f 3898 3878 3882
f 3906 3896 3909
f 3905 3908 3898
f 3908 3910 3896
f 3911 3909 3910
f 3910 3909 3896
f 3910 3908 3912
f 3913 3907 3906
f 3893 3892 3906
f 3895 3889 3893
f 3914 3894 3915
f 3916 3897 3914
f 3917 3916 3918
f 3919 3917 3920
f 3914 3918 3916
f 3921 3919 3920
f 3894 3895 3915
f 3922 3918 3914
f 3922 3914 3915
f 3923 3915 3895
f 3924 3925 3926
f 3917 3918 3924
f 3918 3927 3924
f 3924 3926 3917
f 3927 3918 3922
f 3897 3894 3914
f 3928 3929 3930
f 3919 3930 3929
f 3931 3932 3929
f 3928 3931 3929
f 3933 3934 3929
f 3919 3921 3935
f 3936 3923 3907
f 3923 3895 3907
f 3922 3937 3938
f 3927 3922 3938
f 3939 3937 3922
f 3923 3940 3915
f 3915 3940 3922
f 3939 3922 3940
f 3913 3936 3907
f 3941 3940 3923
f 3936 3941 3923
f 3942 3936 3913
f 3941 3943 3940
f 3944 3940 3943
f 3944 3943 3945
f 3946 3943 3941
f 3944 3939 3940
f 3947 3941 3936
f 3945 3939 3944
f 3906 3909 3913
f 3943 3948 3945
f 3893 3906 3907
f 3949 3913 3909
f 3950 3951 3952
f 3953 3952 3954
f 3954 3955 3956
f 3957 3956 3958
f 3954 3956 3953
f 3953 3956 3957
f 3957 3959 3952
f 3952 3953 3957
f 3960 3950 3961
f 3962 3959 3957
f 3952 3959 3950
f 3960 3951 3950
f 3960 3963 3964
f 3965 3910 3912
f 3966 3965 3967
f 3966 3967 3963
f 3960 3968 3966
f 3963 3960 3966
f 3968 3960 3961
f 3961 3950 3959
f 3969 3966 3970
f 3969 3910 3965
f 3911 3910 3969
f 3911 3969 3971
f 3969 3965 3966
f 3949 3911 3972
f 3909 3911 3949
f 3964 3951 3960
f 3973 3961 3959
f 3974 3975 3957
f 3975 3962 3957
f 3962 3973 3959
f 3976 3962 3975
f 3968 3961 3977
f 3978 3979 3980
f 3978 3975 3979
f 3981 3973 3976
f 3976 3975 3978
f 3973 3981 3977
f 3976 3973 3962
f 3973 3977 3961
f 3977 3982 3968
f 3970 3968 3982
f 3983 3970 3982
f 3971 3970 3983
f 3911 3971 3972
f 3972 3971 3984
f 3971 3969 3970
f 3985 3982 3977
f 3985 3986 3982
f 3983 3982 3986
f 3987 3983 3986
f 3988 3984 3987
f 3983 3987 3984
f 3984 3988 3989
f 3984 3971 3983
f 3990 3972 3989
f 3981 3985 3977
f 3970 3966 3968
f 3990 3942 3949
f 3991 3947 3942
f 3947 3936 3942
f 3992 3948 3943
f 3947 3946 3941
f 3942 3913 3949
f 3946 3992 3943
f 3990 3991 3942
f 3993 3946 3947
f 3991 3993 3947
f 3994 3991 3990
f 3993 3995 3946
f 3995 3992 3946
f 3995 3993 3996
f 3997 3993 3991
f 3949 3972 3990
f 3998 3994 3989
f 3994 3990 3989
f 3996 3997 3999
f 3991 3994 3997
f 3993 3997 3996
f 4000 3997 3994
f 4000 4001 3997
f 3994 3998 4000
f 4002 4003 3999
f 4004 4005 4002
f 4001 4002 3999
f 3997 4001 3999
f 3988 3998 3989
f 4004 4006 4007
f 4008 4006 4004
f 4007 4005 4004
f 4004 3827 4009
f 4004 4009 4008
f 3828 3827 4004
f 3972 3984 3989
f 3774 3797 3777
f 3711 3716 3709
f 3710 3707 3708
f 3704 4010 3705
f 3705 4010 4011
f 4012 3725 3705
f 4013 4012 3705
f 4014 4013 3705
f 4015 4014 3705
f 4016 4015 3705
f 4011 4016 3705
f 4017 3730 3724
f 4018 4017 3724
f 4019 4018 3724
f 4020 3724 3723
f 4021 4019 3724
f 3727 3724 4020
f 3724 3726 4022
f 4022 4021 3724
f 4023 3801 3729
f 4024 3729 3730
f 4025 3729 4024
f 4026 4023 3729
f 4027 3729 4025
f 4028 3729 4027
f 3729 4028 4029
f 4030 4026 3729
f 4029 4030 3729
f 4031 3800 3801
f 4032 3800 4031
f 3800 4033 4034
f 4035 3804 3800
f 4036 4035 3800
f 4037 4036 3800
f 4038 4037 3800
f 4033 3800 4032
f 4034 4038 3800
f 4039 3822 3803
f 4040 4039 3803
f 4041 4040 3803
f 4042 3803 3805
f 4043 3803 4042
f 3803 4043 4044
f 4045 4041 3803
f 4046 4045 3803
f 4044 4046 3803
f 3824 4047 3825
f 4048 3821 3822
f 4049 3821 4048
f 4050 3821 4051
f 4052 3824 3821
f 4053 3821 4049
f 4054 3821 4053
f 4055 3821 4054
f 4055 4051 3821
f 4050 4052 3821
f 3870 3865 3863
f 3864 3851 3865
f 3848 3850 3851
f 3795 3791 3790
f 3904 3877 3885
f 3958 3974 3957
f 4056 3975 3974
f 3975 4056 3979
f 4003 4002 4005
f 3938 3937 3927
f 3920 3917 3925
f 3926 3925 3917
f 3935 3930 3919
f 3932 3933 3929
f 3934 3933 4057
f 3747 3718 3737
f 4058 4059 4060
f 4058 4060 4061
f 4062 4061 4063
f 4058 4064 4059
f 4065 4062 4063
f 4066 4067 4065
f 4058 4061 4062
f 4065 4063 4066
f 4068 4069 4067
f 4070 4071 4072
f 4068 4070 4069
f 4069 4070 4072
f 4073 4074 4075
f 4073 4072 4071
f 4074 4073 4071
f 4068 4067 4066
f 4076 4077 4078
f 4079 4076 4080
f 4081 4082 4083
f 4084 4085 4081
f 4085 4086 4077
f 4082 4087 4088
f 4078 4080 4076
f 4075 4079 4080
f 4084 4086 4085
f 4088 4083 4082
f 4089 4088 4087
f 4084 4081 4083
f 4078 4077 4086
f 4087 4090 4089
f 4091 4092 4093
f 4089 4094 4095
f 4095 4094 4096
f 4097 4098 4096
f 4099 4097 4100
f 4101 4102 4103
f 4104 4100 4105
f 4106 4105 4101
f 4095 4096 4098
f 4099 4100 4104
f 4097 4099 4098
f 4101 4103 4106
f 4106 4104 4105
f 4103 4102 4107
f 4093 4107 4108
f 4108 4091 4093
f 4107 4102 4108
f 4094 4089 4090
f 4109 4110 4111
f 4112 4111 4113
f 4114 4113 4115
f 4109 4111 4112
f 4115 4116 4114
f 4114 4112 4113
f 4116 4117 4118
f 4116 4115 4117
f 4119 4120 4121
f 4122 4123 4124
f 4120 4122 4125
f 4121 4118 4119
f 4124 4125 4122
f 4126 4124 4123
f 4121 4120 4125
f 4119 4118 4117
f 4127 4128 4129
f 4130 4131 4128
f 4132 4133 4134
f 4135 4136 4132
f 4137 4134 4133
f 4130 4136 4138
f 4139 4126 4140
f 4127 4139 4140
f 4139 4127 4129
f 4131 4130 4138
f 4138 4136 4135
f 4128 4131 4129
f 4132 4134 4135
f 4133 4141 4137
f 4142 4143 4144
f 4145 4146 4147
f 4148 4149 4150
f 4146 4150 4147
f 4151 4152 4153
f 4154 4153 4155
f 4148 4152 4156
f 4157 4155 4158
f 4137 4141 4159
f 4149 4147 4150
f 4159 4145 4147
f 4151 4156 4152
f 4157 4154 4155
f 4144 4157 4158
f 4151 4153 4154
f 4149 4148 4156
f 4158 4142 4144
f 4159 4141 4145
f 4160 4161 4162
f 4163 4162 4164
f 4163 4160 4162
f 4164 4165 4163
f 4160 4166 4161
f 4166 4167 4161
f 4168 4169 4170
f 4171 4172 4173
f 4168 4174 4175
f 4176 4175 4172
f 4177 4167 4166
f 4172 4171 4176
f 4175 4176 4168
f 4171 4173 4177
f 4168 4170 4174
f 4173 4167 4177
f 4178 4179 4180
f 4181 4180 4182
f 4181 4178 4180
f 4182 4183 4181
f 4178 4184 4179
f 4184 4185 4179
f 4186 4187 4188
f 4189 4190 4191
f 4186 4192 4193
f 4194 4193 4190
f 4195 4185 4184
f 4190 4189 4194
f 4193 4194 4186
f 4189 4191 4195
f 4186 4188 4192
f 4191 4185 4195
f 4196 4197 4198
f 4199 4196 4200
f 4201 4202 4203
f 4203 4204 4205
f 4199 4206 4204
f 4207 4202 4208
f 4196 4198 4200
f 4198 4197 4209
f 4204 4206 4205
f 4202 4201 4208
f 4207 4208 4210
f 4201 4203 4205
f 4206 4199 4200
f 4210 4211 4207
f 4212 4213 4214
f 4215 4216 4210
f 4217 4216 4215
f 4217 4218 4219
f 4220 4219 4221
f 4222 4223 4224
f 4225 4220 4226
f 4224 4225 4227
f 4218 4217 4215
f 4226 4220 4221
f 4218 4221 4219
f 4227 4222 4224
f 4225 4226 4227
f 4228 4223 4222
f 4229 4228 4212
f 4212 4214 4229
f 4229 4223 4228
f 4211 4210 4216
f 4230 4231 4232
f 4231 4233 4234
f 4235 4236 4237
f 4237 4238 4239
f 4236 4235 4240
f 4241 4238 4234
f 4242 4243 4244
f 4242 4244 4232
f 4230 4232 4244
f 4241 4234 4233
f 4239 4238 4241
f 4230 4233 4231
f 4239 4235 4237
f 4240 4245 4236
f 4246 4247 4248
f 4249 4250 4251
f 4250 4252 4253
f 4254 4249 4251
f 4255 4256 4257
f 4258 4255 4259
f 4260 4256 4254
f 4261 4258 4262
f 4263 4245 4240
f 4250 4253 4251
f 4253 4252 4263
f 4256 4260 4257
f 4258 4259 4262
f 4261 4262 4246
f 4259 4255 4257
f 4260 4254 4251
f 4246 4248 4261
f 4252 4245 4263
f 4264 3351 4265
f 4266 3584 4267
f 4268 4269 4267
f 4270 4268 4271
f 4272 4271 4273
f 4266 4267 4269
f 4274 3602 4269
f 4269 3602 4266
f 4270 4269 4268
f 4275 4269 4270
f 3607 4276 4274
f 3602 4274 3606
f 4274 4269 4275
f 3607 4274 4277
f 3606 4274 4276
f 4275 4278 4274
f 4272 4279 4270
f 3356 4280 4281
f 4273 4282 4272
f 4272 4270 4271
f 4283 4282 4284
f 4272 4282 4285
f 4286 4287 4288
f 4284 4287 4283
f 4289 4286 4288
f 4272 4285 4279
f 4282 4283 4290
f 4282 4290 4285
f 4291 4275 4279
f 4283 4292 4290
f 4292 4283 4286
f 4293 4286 4289
f 4294 4285 4290
f 4283 4287 4286
f 4295 4279 4285
f 4289 4288 4296
f 4279 4275 4270
f 4284 4282 4273
f 4292 4297 4290
f 3351 3356 4265
f 4298 4299 4300
f 4301 4302 4303
f 4299 4304 4305
f 4304 4299 4298
f 4304 4306 4305
f 4305 4301 4303
f 4298 4307 4304
f 4308 4309 4310
f 4311 4312 4313
f 4314 4311 4315
f 4300 4308 4316
f 4316 4308 4310
f 4300 4316 4298
f 4317 4316 4310
f 4310 4314 4315
f 4318 4310 4315
f 4311 4313 4315
f 4319 4298 4316
f 4320 4315 4313
f 4289 4321 4322
f 4289 4296 4321
f 4323 4324 4322
f 4324 4325 4322
f 4323 4322 4321
f 4289 4322 4326
f 4289 4326 4293
f 4322 4301 4327
f 4322 4327 4326
f 4328 4293 4326
f 4301 4329 4327
f 4329 4301 4306
f 4306 4307 4330
f 4331 4327 4329
f 4325 4301 4322
f 4332 4326 4327
f 4306 4301 4305
f 4293 4292 4286
f 4319 4333 4307
f 4306 4304 4307
f 4330 4307 4333
f 4330 4329 4306
f 4334 4319 4317
f 4319 4316 4317
f 4317 4310 4318
f 4335 4317 4318
f 4298 4319 4307
f 4336 4318 4320
f 4337 4333 4334
f 4334 4333 4319
f 4335 4334 4317
f 4338 4334 4335
f 4335 4339 4340
f 4339 4335 4336
f 4335 4318 4336
f 4330 4333 4341
f 4342 4343 4320
f 4329 4330 4344
f 4315 4320 4318
f 4345 4292 4293
f 4346 4342 4313
f 4340 4347 4335
f 4348 4349 4350
f 4351 4277 3661
f 4351 3607 4277
f 3661 4277 4352
f 3666 4353 4352
f 4354 3667 4355
f 3666 4355 3667
f 3666 4352 4355
f 4353 3661 4352
f 4278 4356 4277
f 4349 4357 4358
f 4278 4291 4359
f 4278 4275 4291
f 4291 4279 4295
f 4291 4295 4360
f 4294 4297 4361
f 4294 4290 4297
f 4297 4292 4345
f 4297 4345 4362
f 4285 4294 4295
f 4295 4294 4363
f 4364 4352 4356
f 4359 4356 4278
f 4360 4359 4291
f 4365 4356 4359
f 4366 4360 4363
f 4361 4363 4294
f 4362 4361 4297
f 4367 4363 4361
f 4360 4295 4363
f 4368 4359 4360
f 4328 4369 4345
f 4356 4352 4277
f 4274 4278 4277
f 4361 4362 4370
f 4355 4371 3679
f 3679 4371 4372
f 4364 4355 4352
f 4373 4355 4364
f 4354 4355 3679
f 3682 4372 4371
f 3682 4371 4374
f 4374 4373 4375
f 4373 4374 4371
f 4376 4375 4373
f 4371 4355 4373
f 4364 4365 4376
f 3461 4377 4378
f 4368 4379 4365
f 4368 4365 4359
f 4365 4379 4376
f 4376 4373 4364
f 4379 4368 4380
f 4380 4368 4366
f 4367 4366 4363
f 4381 4366 4367
f 4368 4360 4366
f 4376 4379 4382
f 4379 4383 4382
f 4383 4379 4380
f 4383 4380 4384
f 4384 4381 4385
f 4381 4384 4380
f 4386 4367 4370
f 4380 4366 4381
f 4381 4386 4385
f 4376 4382 4375
f 4364 4356 4365
f 4367 4361 4370
f 4357 3461 4387
f 4328 4332 4388
f 4328 4326 4332
f 4331 4344 4389
f 4331 4329 4344
f 4344 4330 4341
f 4341 4390 4344
f 4327 4331 4332
f 4332 4331 4391
f 4362 4392 4370
f 4362 4369 4392
f 4369 4388 4393
f 4370 4392 4394
f 4369 4393 4392
f 4391 4388 4332
f 4389 4391 4331
f 4395 4388 4391
f 4369 4328 4388
f 4389 4396 4391
f 4390 4389 4344
f 4362 4345 4369
f 4338 4397 4337
f 4337 4334 4338
f 4398 4338 4347
f 4399 4338 4398
f 4341 4333 4337
f 4397 4338 4399
f 4400 4389 4390
f 4341 4401 4390
f 4401 4337 4397
f 4402 4390 4401
f 4403 4404 4397
f 4405 4404 4403
f 4403 4397 4406
f 4406 4397 4399
f 4407 4401 4397
f 4401 4341 4337
f 4345 4293 4328
f 4408 4397 4404
f 4386 4394 4409
f 4386 4370 4394
f 4392 4410 4394
f 4395 4393 4388
f 4396 4395 4391
f 4411 4393 4395
f 4393 4410 4392
f 4395 4396 4412
f 4394 4413 4409
f 4413 4394 4410
f 4413 4410 4414
f 4414 4411 4415
f 4411 4414 4410
f 4412 4415 4411
f 4410 4393 4411
f 4395 4412 4411
f 4386 4409 4385
f 4396 4416 4412
f 4416 4396 4400
f 4400 4402 4417
f 4412 4416 4418
f 4400 4417 4416
f 4407 4402 4401
f 4408 4407 4397
f 4419 4402 4407
f 4400 4390 4402
f 4407 4408 4420
f 4416 4421 4418
f 4421 4416 4417
f 4421 4417 4422
f 4422 4419 4423
f 4419 4422 4417
f 4420 4423 4419
f 4417 4402 4419
f 4407 4420 4419
f 4412 4418 4415
f 4396 4389 4400
f 4424 4425 4404
f 4386 4381 4367
f 4338 4335 4347
f 4339 4336 4426
f 4280 4348 4350
f 4427 4346 4312
f 4427 4428 4429
f 4429 4430 4346
f 4429 4346 4427
f 4346 4430 4342
f 4336 4320 4343
f 4429 4431 4430
f 4431 4429 4432
f 4432 4433 4434
f 4430 4431 4435
f 4429 4436 4432
f 4342 4430 4437
f 4320 4313 4342
f 4438 4439 4440
f 4441 4442 4443
f 4444 4445 4446
f 4433 4440 4447
f 4433 4448 4449
f 4440 4433 4449
f 4434 4431 4432
f 4433 4447 4434
f 4440 4439 4446
f 4450 4440 4446
f 4441 4446 4445
f 4451 4446 4441
f 4433 4432 4448
f 4431 4434 4452
f 4343 4453 4454
f 4453 4343 4437
f 4455 4437 4456
f 4437 4430 4435
f 4456 4437 4435
f 4437 4455 4453
f 4342 4437 4343
f 4426 4336 4457
f 4457 4343 4454
f 4435 4458 4456
f 4336 4343 4457
f 4434 4459 4452
f 4460 4435 4452
f 4447 4450 4461
f 4452 4459 4462
f 4451 4463 4450
f 4451 4450 4446
f 4450 4463 4461
f 4461 4459 4447
f 4447 4440 4450
f 4464 4465 4459
f 4458 4435 4460
f 4466 4460 4452
f 4465 4462 4459
f 4464 4467 4465
f 4466 4452 4462
f 4468 4459 4461
f 4435 4431 4452
f 4434 4447 4459
f 4469 4470 4441
f 4471 4472 4473
f 4474 4475 4476
f 4477 4478 4469
f 4469 4478 4476
f 4451 4441 4470
f 4476 4479 4473
f 4476 4473 4480
f 4474 4476 4478
f 4469 4476 4481
f 4482 4483 4473
f 4484 4485 4486
f 4487 4488 4489
f 4490 4483 4491
f 4483 4492 4493
f 4494 4483 4482
f 4484 4495 4496
f 4497 4492 4498
f 4265 4499 4500
f 4499 4264 4500
f 4473 4483 4501
f 4470 4481 4502
f 4470 4469 4481
f 4480 4501 4503
f 4480 4473 4501
f 4501 4483 4493
f 4501 4493 4504
f 4476 4480 4481
f 4481 4480 4505
f 4506 4461 4463
f 4463 4451 4507
f 4502 4507 4470
f 4508 4463 4507
f 4509 4502 4505
f 4503 4505 4480
f 4504 4503 4501
f 4510 4505 4503
f 4502 4481 4505
f 4511 4507 4502
f 4512 4513 4493
f 4451 4470 4507
f 4487 4514 4497
f 4487 4497 4515
f 4497 4514 4512
f 4512 4493 4492
f 4514 4487 4516
f 4516 4487 4484
f 4265 4484 4499
f 4281 4484 4265
f 4517 4518 4487
f 4512 4514 4519
f 4512 4519 4513
f 4514 4516 4520
f 4514 4520 4519
f 4521 4504 4513
f 4516 4522 4520
f 4522 4516 4281
f 4280 4350 4522
f 4523 4519 4520
f 4516 4484 4281
f 4524 4513 4519
f 4522 4281 4280
f 4513 4504 4493
f 4497 4512 4492
f 4525 4503 4504
f 4281 4265 3356
f 4469 4441 4443
f 4350 4520 4522
f 4526 4424 4404
f 4527 4528 4529
f 4526 4530 4424
f 4531 4424 4532
f 4532 4424 4530
f 4531 4532 4533
f 4531 4534 4527
f 4534 4531 4533
f 4527 4534 4528
f 4531 4527 4535
f 4424 4531 4536
f 4425 4408 4404
f 4537 4538 4464
f 4537 4464 4539
f 4468 4464 4459
f 4506 4468 4461
f 4464 4468 4540
f 4467 4464 4538
f 4539 4464 4540
f 4529 4541 4542
f 4542 4541 4543
f 4529 4542 4527
f 4543 4544 4539
f 4539 4544 4537
f 4543 4539 4542
f 4542 4539 4545
f 4468 4506 4546
f 4527 4542 4547
f 4408 4548 4420
f 4408 4425 4548
f 4548 4425 4549
f 4549 4425 4536
f 4536 4531 4535
f 4550 4536 4535
f 4424 4536 4425
f 4420 4548 4551
f 4548 4552 4551
f 4552 4548 4549
f 4552 4549 4553
f 4553 4550 4554
f 4550 4553 4549
f 4555 4554 4550
f 4549 4536 4550
f 4535 4547 4555
f 4420 4551 4423
f 4542 4545 4547
f 4547 4535 4527
f 4539 4556 4545
f 4547 4545 4557
f 4540 4558 4556
f 4558 4540 4546
f 4546 4559 4560
f 4558 4561 4556
f 4540 4468 4546
f 4545 4556 4562
f 4555 4557 4563
f 4557 4555 4547
f 4563 4557 4564
f 4555 4563 4554
f 4564 4562 4565
f 4562 4564 4557
f 4561 4565 4562
f 4557 4545 4562
f 4556 4561 4562
f 4555 4550 4535
f 4540 4556 4539
f 4508 4559 4506
f 4526 4404 4405
f 4558 4546 4560
f 4508 4511 4566
f 4508 4566 4559
f 4509 4511 4502
f 4510 4509 4505
f 4567 4511 4509
f 4508 4507 4511
f 4568 4509 4510
f 4559 4569 4560
f 4569 4559 4566
f 4566 4567 4570
f 4560 4569 4571
f 4568 4572 4567
f 4568 4567 4509
f 4567 4572 4570
f 4570 4569 4566
f 4566 4511 4567
f 4569 4570 4573
f 4525 4574 4510
f 4575 4558 4560
f 4521 4576 4525
f 4521 4525 4504
f 4574 4525 4576
f 4577 4568 4574
f 4578 4521 4524
f 4523 4524 4519
f 4350 4523 4520
f 4579 4524 4523
f 4521 4513 4524
f 4358 4523 4350
f 4577 4572 4568
f 4574 4576 4580
f 4577 4574 4580
f 4572 4577 4581
f 4582 4576 4578
f 4579 4578 4524
f 4358 4579 4523
f 4583 4578 4579
f 4576 4521 4578
f 4387 4579 4358
f 4387 4358 4357
f 4568 4510 4574
f 4510 4503 4525
f 4570 4572 4584
f 4561 4575 4585
f 4558 4575 4561
f 4575 4560 4571
f 4575 4571 4586
f 4573 4584 4587
f 4573 4570 4584
f 4584 4572 4581
f 4584 4581 4588
f 4569 4573 4571
f 4571 4573 4589
f 4571 4589 4586
f 4586 4585 4575
f 4573 4587 4589
f 4587 4584 4588
f 4581 4590 4588
f 4581 4591 4590
f 4561 4585 4565
f 4582 4592 4580
f 4582 4580 4576
f 4580 4592 4591
f 4591 4581 4577
f 4592 4582 4593
f 4593 4582 4583
f 4387 4583 4579
f 4594 4583 4387
f 4582 4578 4583
f 4591 4592 4595
f 4592 4596 4595
f 4596 4592 4593
f 4596 4593 4597
f 4597 4594 4378
f 4594 4597 4593
f 3461 4378 4594
f 4593 4583 4594
f 3461 4594 4387
f 4591 4595 4590
f 4591 4577 4580
f 4349 4358 4350
f 4546 4506 4559
f 4506 4463 4508
f 4265 4500 4264
f 4301 4325 4302
f 4314 4310 4309
f 4313 4312 4346
f 4436 4429 4428
f 4436 4448 4432
f 4440 4449 4438
f 4441 4445 4442
f 4446 4439 4444
f 4469 4443 4477
f 4479 4476 4598
f 4598 4476 4475
f 4473 4479 4471
f 4482 4473 4472
f 4483 4490 4492
f 4483 4599 4491
f 4600 4599 4483
f 4483 4494 4600
f 4492 4490 4601
f 4498 4492 4602
f 4602 4492 4603
f 4604 4603 4492
f 4492 4601 4604
f 4515 4497 4605
f 4606 4607 4497
f 4497 4498 4608
f 4497 4608 4609
f 4497 4609 4606
f 4605 4497 4610
f 4610 4497 4607
f 4487 4518 4484
f 4487 4611 4517
f 4489 4612 4487
f 4487 4515 4488
f 4611 4487 4613
f 4613 4487 4612
f 4499 4484 4614
f 4484 4518 4485
f 4615 4484 4486
f 4614 4484 4496
f 4484 4615 4495
f 4616 4617 4618
f 4618 4619 4616
f 4620 4619 4621
f 4620 4616 4619
f 4622 4623 4624
f 4625 4624 4623
f 4625 4623 4617
f 4617 4616 4625
f 4622 4624 4626
f 4627 4628 4629
f 4630 4631 4632
f 4629 4630 4633
f 4632 4633 4630
f 4621 4634 4620
f 4621 4628 4634
f 4634 4628 4635
f 4635 4628 4627
f 4629 4633 4627
f 4626 4624 4636
f 4637 4638 4639
f 4638 4636 4624
f 4637 4639 4640
f 4639 4638 4624
f 4637 4640 4641
f 4642 4643 4644
f 4642 4641 4640
f 4644 4643 4645
f 4643 4642 4640
f 4645 4646 4647
f 4648 4649 4650
f 4651 4648 4652
f 4646 4651 4647
f 4647 4651 4652
f 4649 4653 4650
f 4650 4652 4648
f 4653 4654 4655
f 4653 4649 4654
f 4645 4647 4644
f 4632 4631 4656
f 4657 4658 4659
f 4659 4660 4661
f 4662 4660 4663
f 4662 4661 4660
f 4664 4665 4666
f 4664 4656 4631
f 4666 4665 4658
f 4666 4658 4657
f 4659 4661 4657
f 4663 4667 4662
f 4667 4663 4668
f 4669 4668 4670
f 4668 4669 4667
f 4671 4670 4672
f 4669 4670 4671
f 4673 4674 4675
f 4673 4671 4672
f 4674 4673 4672
f 4676 4677 4678
f 4679 4676 4680
f 4655 4679 4681
f 4681 4679 4680
f 4677 4682 4678
f 4678 4680 4676
f 4682 4683 4684
f 4682 4677 4683
f 4655 4681 4653
f 4685 4686 4687
f 4688 4689 4690
f 4687 4688 4691
f 4690 4691 4688
f 4684 4692 4693
f 4692 4684 4683
f 4686 4693 4692
f 4686 4685 4693
f 4687 4691 4685
f 4664 4631 4665
f 4694 4695 4696
f 4697 4696 4698
f 4695 4698 4696
f 4694 4699 4695
f 4700 4701 4702
f 4702 4699 4694
f 4700 4703 4701
f 4701 4699 4702
f 4704 4705 4706
f 4707 4708 4705
f 4706 4709 4704
f 4710 4697 4711
f 4698 4711 4697
f 4710 4709 4706
f 4711 4709 4710
f 4705 4708 4706
f 4712 4713 4714
f 4715 4716 4713
f 4712 4717 4718
f 4719 4720 4721
f 4722 4721 4720
f 4719 4723 4724
f 4717 4719 4718
f 4724 4720 4719
f 4718 4719 4721
f 4725 4726 4727
f 4726 4715 4727
f 4725 4703 4700
f 4727 4703 4725
f 4716 4715 4726
f 4714 4713 4716
f 4714 4717 4712
f 4728 4729 4730
f 4729 4731 4732
f 4730 4733 4728
f 4733 4730 4708
f 4731 4734 4732
f 4729 4732 4730
f 4708 4707 4733
f 4735 4734 4731
f 4735 4736 4734
f 4737 4734 4736
f 4737 4736 4738
f 4738 4739 4737
f 4740 4741 4739
f 4741 4740 4742
f 4742 4743 4741
f 4738 4740 4739
f 4744 4745 4743
f 4745 4746 4747
f 4744 4746 4745
f 4742 4744 4743
f 4748 4747 4749
f 4750 4751 4752
f 4751 4748 4749
f 4751 4749 4752
f 4750 4752 4753
f 4749 4747 4746
f 4754 4755 4756
f 4750 4753 4756
f 4757 4754 4758
f 4756 4758 4754
f 4753 4758 4756
f 4756 4755 4759
f 4760 4761 4722
f 4761 4760 4762
f 4762 4763 4761
f 4764 4765 4763
f 4766 4767 4765
f 4762 4764 4763
f 4768 4767 4769
f 4766 4765 4764
f 4770 4768 4769
f 4766 4769 4767
f 4771 4772 4773
f 4772 4771 4774
f 4774 4775 4772
f 4770 4771 4773
f 4773 4768 4770
f 4776 4777 4775
f 4777 4776 4778
f 4778 4779 4777
f 4774 4776 4775
f 4780 4779 4781
f 4778 4781 4779
f 4782 4780 4783
f 4781 4783 4780
f 4784 4785 4786
f 4787 4788 4789
f 4788 4790 4786
f 4784 4786 4790
f 4790 4788 4787
f 4782 4785 4784
f 4782 4783 4785
f 4791 4787 4789
f 4792 4793 4794
f 4795 4796 4797
f 4798 4794 4795
f 4799 4800 4801
f 4801 4793 4792
f 4799 4802 4800
f 4800 4793 4801
f 4794 4798 4792
f 4803 4804 4805
f 4805 4757 4803
f 4803 4806 4804
f 4805 4754 4757
f 4807 4796 4806
f 4806 4796 4804
f 4796 4807 4797
f 4797 4798 4795
f 4808 4809 4810
f 4811 4812 4813
f 4812 4814 4810
f 4810 4814 4808
f 4814 4812 4811
f 4808 4791 4809
f 4791 4789 4809
f 4815 4811 4813
f 4816 4817 4818
f 4818 4802 4799
f 4816 4819 4817
f 4817 4802 4818
f 4820 4815 4821
f 4813 4821 4815
f 4820 4819 4816
f 4821 4819 4820
f 4722 4720 4760
f 4822 3934 4823
f 4824 4825 4822
f 3934 4822 4825
f 4826 4825 4824
f 4825 4826 4827
f 4827 4828 4825
f 4829 4830 4828
f 4831 4830 4832
f 4830 4833 4834
f 4835 4831 4836
f 4837 4832 4838
f 4830 4834 4839
f 4831 4832 4836
f 4839 4838 4832
f 4839 4832 4830
f 4836 4832 4840
f 4836 4841 4842
f 4828 4843 4844
f 4845 4837 4846
f 4845 4847 4837
f 4848 4847 4845
f 4832 4837 4840
f 4840 4837 4849
f 4837 4838 4850
f 4851 4852 4848
f 4853 4847 4848
f 4852 4853 4848
f 4853 4854 4847
f 4849 4847 4854
f 4855 4849 4856
f 4857 4854 4853
f 4849 4837 4847
f 4858 4853 4852
f 4855 4841 4840
f 4848 4859 4851
f 4846 4850 4860
f 4852 4851 4861
f 4836 4842 4835
f 4862 4842 4863
f 4835 4842 4862
f 4864 4865 4863
f 4863 4865 4862
f 4866 4864 4867
f 4841 4868 4842
f 4863 4842 4868
f 4869 4867 4863
f 4870 4868 4841
f 4867 4871 4872
f 4866 4867 4872
f 4869 4871 4867
f 4863 4868 4869
f 4867 4864 4863
f 4873 4869 4868
f 4872 4874 4866
f 4836 4840 4841
f 4875 4872 4876
f 4877 4874 4875
f 4878 4877 4879
f 4875 4879 4877
f 4880 4878 4881
f 4872 4871 4876
f 4882 4879 4875
f 4882 4875 4876
f 4883 4876 4871
f 4884 4879 4885
f 4878 4884 4881
f 4880 4881 4886
f 4881 4884 4887
f 4884 4878 4879
f 4886 4881 4888
f 4886 4889 4880
f 4874 4872 4875
f 4890 4871 4869
f 4891 4870 4855
f 4870 4841 4855
f 4892 4890 4873
f 4890 4869 4873
f 4883 4871 4890
f 4893 4883 4890
f 4870 4873 4868
f 4870 4894 4873
f 4891 4894 4870
f 4855 4856 4891
f 4892 4873 4894
f 4895 4891 4856
f 4896 4890 4892
f 4896 4893 4890
f 4893 4897 4883
f 4897 4898 4883
f 4849 4854 4856
f 4882 4899 4885
f 4879 4882 4885
f 4900 4899 4882
f 4883 4898 4900
f 4885 4901 4887
f 4899 4901 4885
f 4881 4887 4888
f 4888 4887 4902
f 4887 4884 4885
f 4903 4899 4900
f 4903 4900 4898
f 4901 4899 4903
f 4904 4902 4887
f 4905 4888 4902
f 4906 4905 4902
f 4907 4904 4901
f 4887 4901 4904
f 4888 4908 4909
f 4900 4876 4883
f 4876 4900 4882
f 4886 4909 4910
f 4840 4849 4855
f 4911 4856 4854
f 4912 4913 4914
f 4915 4916 4912
f 4912 4914 4915
f 4916 4915 4852
f 4917 4857 4858
f 4858 4852 4915
f 4854 4857 4911
f 4918 4911 4857
f 4911 4895 4856
f 4919 4858 4915
f 4920 4914 4913
f 4919 4915 4914
f 4917 4858 4919
f 4919 4914 4921
f 4918 4922 4911
f 4857 4917 4918
f 4923 4924 4895
f 4918 4917 4925
f 4922 4895 4911
f 4917 4919 4926
f 4857 4853 4858
f 4852 4861 4916
f 4927 4922 4918
f 4928 4929 4930
f 4931 4932 3826
f 4933 4932 4931
f 4928 4934 4933
f 4930 4934 4928
f 4931 4928 4933
f 4928 4935 4929
f 4920 4913 4936
f 4937 4926 4921
f 4919 4921 4926
f 4917 4926 4925
f 4938 4925 4926
f 4921 4914 4920
f 4939 4921 4920
f 4935 4920 4936
f 4940 4935 4936
f 4935 4939 4920
f 4921 4939 4937
f 4937 4938 4926
f 4938 4941 4925
f 4927 4925 4941
f 4925 4927 4918
f 4942 4943 4894
f 4943 4892 4894
f 4924 4942 4894
f 4924 4944 4942
f 4945 4942 4944
f 4946 4945 4944
f 4947 4944 4924
f 4948 4949 4946
f 4950 4949 4948
f 4944 4948 4946
f 4951 4948 4944
f 4923 4895 4922
f 4952 4953 4954
f 4950 4953 4952
f 4955 4956 4952
f 4957 4958 4959
f 4960 4958 4956
f 4955 4958 4960
f 4948 4953 4950
f 4954 4953 4948
f 4927 4961 4922
f 4961 4923 4922
f 4962 4923 4961
f 4947 4923 4962
f 4951 4944 4947
f 4951 4947 4963
f 4923 4947 4924
f 4964 4961 4927
f 4964 4965 4961
f 4962 4961 4965
f 4966 4962 4965
f 4967 4963 4966
f 4962 4966 4963
f 4963 4967 4968
f 4963 4947 4962
f 4968 4954 4951
f 4941 4964 4927
f 4954 4969 4955
f 4955 4952 4954
f 4969 4954 4968
f 4951 4963 4968
f 4954 4948 4951
f 4970 4955 4969
f 4971 4969 4972
f 4968 4972 4969
f 4973 4969 4971
f 4971 4974 4973
f 4975 4976 4973
f 4976 4969 4973
f 4969 4977 4970
f 4967 4972 4968
f 4955 4959 4958
f 4924 4891 4895
f 4924 4894 4891
f 4886 4888 4909
f 4978 4889 4910
f 4979 4978 4980
f 4981 4978 4979
f 4910 4980 4978
f 4982 4980 4910
f 4909 4982 4910
f 4983 4979 4980
f 4982 4983 4980
f 4984 4982 4909
f 4983 4985 4979
f 4986 4979 4985
f 4987 4988 4986
f 4989 4985 4983
f 4986 4981 4979
f 4990 4983 4982
f 4986 4991 4981
f 4908 4888 4905
f 4986 4985 4987
f 4992 4991 4988
f 4993 4992 4994
f 4988 4994 4992
f 4995 4993 4996
f 4987 4997 4988
f 4994 4988 4997
f 4998 4996 4994
f 4999 4997 4987
f 4996 4998 4995
f 4995 4998 5000
f 4994 4997 4998
f 4996 4993 4994
f 5001 4998 4997
f 4991 4986 4988
f 5002 4987 4985
f 5003 4908 5004
f 4908 4905 5004
f 4984 5003 5005
f 4908 5003 4984
f 4990 4982 4984
f 4990 4984 5006
f 4908 4984 4909
f 4990 5006 5007
f 5006 4984 5005
f 5007 4989 4990
f 5008 5002 4989
f 5002 4985 4989
f 4999 5001 4997
f 4987 5002 4999
f 5009 5010 5001
f 5011 5001 4999
f 4989 4983 4990
f 5012 4999 5002
f 5008 4989 5013
f 5014 5012 5015
f 5015 5002 5008
f 5012 5002 5015
f 5016 5011 5012
f 5012 5011 4999
f 5015 5008 5017
f 5001 5010 4998
f 5007 5013 4989
f 5010 5000 4998
f 5018 5019 5020
f 5021 5018 5022
f 5019 5018 5021
f 5021 5022 5023
f 5024 5025 5026
f 5025 5023 5022
f 5024 5026 5027
f 5018 5000 5028
f 5029 5030 5031
f 5032 5029 5033
f 5034 5035 5036
f 5032 5037 5035
f 5038 5030 5027
f 5039 5034 5036
f 5040 5028 5010
f 5010 5028 5000
f 5028 5041 5018
f 5025 5022 5026
f 5027 5026 5038
f 5026 5022 5042
f 5018 5041 5022
f 5043 5038 5026
f 5009 5040 5010
f 5044 5041 5028
f 5040 5044 5028
f 5045 5040 5009
f 5044 5046 5041
f 5042 5041 5046
f 5043 5042 5047
f 5048 5046 5044
f 5042 5022 5041
f 5049 5044 5040
f 5042 5043 5026
f 5001 5011 5009
f 5033 5031 5050
f 5029 5031 5033
f 5032 5033 5037
f 5037 5033 5051
f 3725 5036 5052
f 5039 5036 3725
f 5052 5036 5037
f 5036 5035 5037
f 3723 3725 5052
f 5053 5054 5043
f 5054 5038 5043
f 5031 5054 5050
f 5050 5054 5055
f 5052 5051 5056
f 5037 5051 5052
f 3723 5052 3730
f 5057 5051 5050
f 5051 5033 5050
f 5042 5046 5047
f 5031 5038 5054
f 5031 5030 5038
f 5056 3730 5052
f 5020 5000 5018
f 5058 5009 5011
f 5059 5060 5061
f 5062 5063 5060
f 5064 5065 5066
f 5067 5066 5068
f 5069 5064 5067
f 5067 5064 5066
f 5061 5067 5059
f 5067 5061 5069
f 5070 5062 5071
f 5072 5059 5067
f 5060 5059 5062
f 5070 5063 5062
f 5070 5073 5074
f 5075 5015 5017
f 5076 5075 5077
f 5076 5077 5073
f 5070 5078 5076
f 5073 5070 5076
f 5078 5070 5071
f 5062 5059 5071
f 5079 5076 5080
f 5079 5015 5075
f 5014 5015 5079
f 5014 5079 5081
f 5079 5075 5076
f 5016 5014 5082
f 5012 5014 5016
f 5063 5070 5074
f 5083 5071 5059
f 5084 5085 5067
f 5085 5072 5067
f 5072 5083 5059
f 5086 5072 5085
f 5078 5071 5087
f 5085 5084 5088
f 5088 5089 5085
f 5089 5086 5085
f 5090 5083 5091
f 5072 5086 5091
f 5083 5090 5087
f 5072 5091 5083
f 5083 5087 5071
f 5087 5092 5078
f 5080 5078 5092
f 5093 5080 5092
f 5081 5080 5093
f 5014 5081 5082
f 5082 5081 5094
f 5081 5079 5080
f 5095 5092 5087
f 5095 5096 5092
f 5093 5092 5096
f 5097 5093 5096
f 5098 5094 5097
f 5093 5097 5094
f 5094 5098 5099
f 5094 5081 5093
f 5100 5082 5099
f 5090 5095 5087
f 5080 5076 5078
f 5100 5058 5016
f 5101 5045 5058
f 5045 5009 5058
f 5049 5048 5044
f 5040 5045 5049
f 5048 5102 5046
f 5103 5048 5049
f 5016 5058 5011
f 5104 5049 5045
f 5105 5101 5100
f 5101 5058 5100
f 5104 5045 5101
f 5106 5104 5101
f 5103 5107 5048
f 5049 5104 5103
f 5108 5109 5102
f 5110 5107 5103
f 5107 5102 5048
f 5111 5103 5104
f 5047 5109 5053
f 5016 5082 5100
f 5055 5053 5112
f 5054 5053 5055
f 5056 5057 5113
f 5051 5057 5056
f 3730 5056 3801
f 5114 5057 5055
f 5057 5050 5055
f 5113 3801 5056
f 5115 5112 5109
f 5053 5109 5112
f 5055 5112 5114
f 5114 5112 5116
f 3804 5113 5117
f 3801 5113 3804
f 5117 5113 5114
f 5113 5057 5114
f 5102 5107 5108
f 5047 5102 5109
f 5053 5043 5047
f 5117 3805 3804
f 5118 5105 5099
f 5105 5100 5099
f 5106 5111 5104
f 5101 5105 5106
f 5111 5110 5103
f 5119 5111 5106
f 5107 5120 5108
f 5121 5106 5105
f 5121 5105 5118
f 5119 5106 5121
f 5122 5110 5123
f 5111 5119 5123
f 5110 5122 5120
f 5110 5111 5123
f 5110 5120 5107
f 5098 5118 5099
f 5120 5124 5108
f 5115 5108 5124
f 5125 5116 5115
f 5126 5124 5120
f 5117 5116 5127
f 5114 5116 5117
f 3805 5117 3822
f 5115 5124 5125
f 5116 5112 5115
f 3822 5117 5127
f 5126 5128 5124
f 5125 5124 5128
f 5129 5125 5128
f 4047 5127 5129
f 5125 5129 5127
f 3822 5127 4047
f 5127 5116 5125
f 5122 5126 5120
f 5115 5109 5108
f 5082 5094 5099
f 5046 5102 5047
f 4886 4910 4889
f 5130 5000 5020
f 5131 5000 5130
f 5000 5131 4995
f 4843 4828 4827
f 4844 4829 4828
f 4829 4833 4830
f 4834 4833 5132
f 5132 4839 4834
f 4850 4846 4837
f 4860 4850 4838
f 4859 4848 4845
f 4935 4940 4929
f 4969 4975 4977
f 4976 4975 4969
f 5133 4955 4970
f 4955 5133 4959
f 4960 4956 4955
f 4904 4907 4902
f 4905 4906 5004
f 5069 5061 5064
f 5068 5084 5067
f 5134 5135 5136
f 5137 5138 5136
f 5136 5135 5137
f 5137 5139 5140
f 5140 5141 5137
f 5137 5141 5138
f 4091 5142 5143
f 5144 5145 5146
f 5142 5144 5147
f 5143 4092 4091
f 5146 5147 5144
f 5148 5146 5145
f 5143 5142 5147
f 5145 5149 5148
f 5150 5151 5152
f 5152 5153 5154
f 5155 5156 5153
f 5149 5157 5148
f 5149 5151 5157
f 5157 5151 5150
f 5150 5152 5154
f 5153 5156 5154
f 5158 5159 5160
f 5161 5160 5159
f 5159 5162 5161
f 5163 5164 5165
f 5162 5159 5165
f 5165 5159 5163
f 5166 5167 5168
f 5167 5169 5168
f 5166 5170 5167
f 5166 5171 5172
f 5171 5166 5173
f 5170 5166 5172
f 5174 5175 5176
f 5177 5178 5179
f 5175 5178 5177
f 4143 4142 5180
f 5180 4142 5174
f 5180 5174 5176
f 5175 5177 5176
f 5178 5181 5179
f 5182 5183 5184
f 5184 5185 5186
f 5187 5186 5185
f 5179 5181 5188
f 5186 5182 5184
f 5189 5186 5187
f 5188 5183 5182
f 5188 5181 5183
f 5190 5191 5192
f 5192 5193 5190
f 5190 5194 5191
f 5190 5195 5196
f 5196 5195 5197
f 5194 5190 5196
f 5198 5199 5200
f 5201 5202 5198
f 5199 5203 5204
f 5203 5205 5206
f 5204 5200 5199
f 5201 5207 5202
f 5208 5209 5210
f 5211 5210 5209
f 5208 5210 5212
f 5205 5203 5199
f 5202 5207 5212
f 5198 5202 5199
f 5208 5212 5207
f 5213 5214 5215
f 5215 5216 5217
f 5218 5219 5214
f 5220 5221 5219
f 5214 5213 5218
f 5216 5222 5217
f 5223 5224 5225
f 5224 5223 5226
f 5227 5223 5225
f 5214 5219 5221
f 5227 5222 5216
f 5214 5216 5215
f 5222 5227 5225
f 5228 5229 5230
f 5230 5231 5228
f 5232 5233 5234
f 5234 5233 5235
f 5236 5237 5238
f 5238 5233 5232
f 5239 5240 5235
f 5241 5242 5243
f 5241 5243 5244
f 5239 5235 5233
f 5242 5239 5243
f 5242 5240 5239
f 5233 5238 5237
f 5245 5246 5247
f 5246 5245 5248
f 5249 5250 5248
f 5250 5249 5251
f 5237 5252 5247
f 5250 5251 5253
f 5246 5248 5250
f 5254 5255 5256
f 5257 5255 5253
f 5257 5253 5251
f 5255 5258 5253
f 5237 5247 5246
f 5237 5236 5252
f 5241 5244 5259
f 5260 5261 5244
f 5259 5244 5261
f 5262 5260 5263
f 5263 5264 5265
f 5264 5266 5267
f 5260 5262 5261
f 5263 5265 5268
f 5264 5269 5265
f 5270 5264 5267
f 5267 5266 5271
f 5270 5269 5264
f 5262 5263 5268
f 5272 5271 5266
f 5273 5274 5275
f 5276 5274 5277
f 5255 5254 5277
f 5274 5258 5277
f 5258 5255 5277
f 5278 5273 5279
f 5280 5281 5278
f 5278 5279 5280
f 5276 5275 5274
f 5282 5273 5275
f 5279 5273 5282
f 5278 5281 5266
f 5281 5272 5266
f 5283 5284 5285
f 5284 5283 5286
f 5287 5288 5289
f 5289 5288 5290
f 5291 5292 5293
f 5293 5288 5287
f 5294 5295 5290
f 5296 5297 5298
f 5296 5298 5299
f 5294 5290 5288
f 5297 5294 5298
f 5297 5295 5294
f 5288 5293 5292
f 5300 5301 5302
f 5301 5300 5303
f 5304 5305 5303
f 5305 5304 5306
f 5292 5307 5302
f 5305 5306 5308
f 5301 5303 5305
f 5309 5310 5311
f 5312 5310 5308
f 5312 5308 5306
f 5310 5313 5308
f 5292 5302 5301
f 5292 5291 5307
f 5296 5299 5314
f 5315 5316 5299
f 5314 5299 5316
f 5317 5315 5318
f 5318 5319 5320
f 5319 5321 5322
f 5315 5317 5316
f 5318 5320 5323
f 5319 5324 5320
f 5325 5319 5322
f 5322 5321 5326
f 5325 5324 5319
f 5317 5318 5323
f 5327 5326 5321
f 5328 5329 5330
f 5331 5329 5309
f 5311 5332 5309
f 5329 5313 5309
f 5313 5310 5309
f 5333 5328 5334
f 5335 5336 5333
f 5333 5334 5335
f 5331 5330 5329
f 5337 5328 5330
f 5334 5328 5337
f 5333 5336 5321
f 5336 5327 5321
f 5338 5339 5340
f 5341 5338 5342
f 5343 5338 5340
f 5344 5338 5343
f 5344 5342 5338
f 5342 5345 5341
f 5346 5347 5348
f 5347 5346 5349
f 5350 5346 5348
f 5350 5345 5351
f 5351 5352 5350
f 5350 5348 5345
f 5341 5345 5348
f 5353 5354 5355
f 5355 5356 5353
f 5357 5358 5359
f 5360 5357 5359
f 5361 5355 5354
f 5362 5363 5364
f 5364 5360 5362
f 5363 5362 5361
f 5361 5354 5363
f 5357 5360 5364
f 5365 5366 5367
f 5368 5367 5369
f 5365 5367 5370
f 5370 5367 5371
f 5367 5368 5371
f 5369 5372 5368
f 5373 5374 5372
f 5375 5372 5374
f 5372 5376 5368
f 5377 5378 5376
f 5376 5379 5377
f 5368 5376 5378
f 5369 5373 5372
f 5380 5381 4170
f 5382 5383 5384
f 5385 5384 5381
f 5380 4170 4169
f 5385 5382 5384
f 5381 5380 5385
f 5382 5386 5383
f 5386 5387 5383
f 5388 5389 5390
f 4165 4164 5391
f 5392 5391 5389
f 5393 5387 5386
f 5389 5388 5392
f 5391 5392 4165
f 5388 5390 5393
f 5390 5387 5393
f 5394 5395 4188
f 5396 5397 5398
f 5399 5398 5395
f 5394 4188 4187
f 5399 5396 5398
f 5395 5394 5399
f 5396 5400 5397
f 5400 5401 5397
f 5402 5403 5404
f 4183 4182 5405
f 5406 5405 5403
f 5407 5401 5400
f 5403 5402 5406
f 5405 5406 4183
f 5402 5404 5407
f 5404 5401 5407
f 5408 5409 5410
f 5411 5408 5410
f 5412 5413 5409
f 5409 5413 5410
f 5412 5409 5414
f 5411 5415 5408
f 5416 5417 5418
f 5419 5418 5420
f 5408 5415 5416
f 5419 5416 5418
f 5420 5421 5419
f 5416 5415 5417
f 5422 5423 5424
f 5425 5424 5423
f 5422 5426 5427
f 5428 5427 5426
f 5414 5425 5429
f 5430 5428 5426
f 5426 5422 5424
f 5431 5430 5432
f 5431 5428 5430
f 5433 5432 5430
f 5424 5425 5414
f 5429 5412 5414
f 5434 5421 5435
f 5436 5434 5437
f 5438 5439 5436
f 5440 5441 5439
f 5435 5437 5434
f 5442 5438 5436
f 5439 5438 5443
f 5440 5444 5441
f 5439 5443 5440
f 5436 5437 5442
f 5441 5444 5445
f 5446 5447 5448
f 5433 5447 5449
f 5433 5449 5450
f 5449 5447 5446
f 5447 5451 5448
f 5433 5450 5432
f 5452 5445 5453
f 5445 5452 5441
f 5452 5453 5454
f 5455 5448 5451
f 5451 5454 5455
f 5451 5452 5454
f 5434 5419 5421
f 5456 5457 5458
f 5459 5456 5458
f 5460 5461 5457
f 5457 5461 5458
f 5460 5457 5462
f 5459 5463 5456
f 5464 5465 5466
f 5467 5466 5468
f 5456 5463 5464
f 5467 5464 5466
f 5468 5469 5467
f 5464 5463 5465
f 5470 5471 5472
f 5473 5472 5471
f 5470 5474 5475
f 5476 5475 5474
f 5462 5473 5477
f 5478 5476 5474
f 5474 5470 5472
f 5479 5478 5480
f 5479 5476 5478
f 5481 5480 5478
f 5472 5473 5462
f 5477 5460 5462
f 5482 5469 5483
f 5484 5482 5485
f 5486 5487 5484
f 5488 5489 5487
f 5483 5485 5482
f 5486 5484 5490
f 5487 5486 5491
f 5488 5492 5489
f 5487 5491 5488
f 5490 5484 5485
f 5489 5492 5493
f 5494 5495 5496
f 5481 5495 5497
f 5481 5497 5498
f 5497 5495 5494
f 5495 5499 5496
f 5481 5498 5480
f 5500 5493 5501
f 5493 5500 5489
f 5500 5501 5502
f 5503 5496 5499
f 5499 5502 5503
f 5499 5500 5502
f 5482 5467 5469
f 5504 5505 5506
f 5507 5508 5509
f 5508 5510 5505
f 5511 5512 5513
f 5513 5514 5515
f 5504 5516 5514
f 5512 5511 5517
f 5518 4214 4213
f 5509 4214 5518
f 5509 5518 5507
f 5510 5508 5507
f 5516 5504 5506
f 5515 5514 5516
f 5510 5506 5505
f 5515 5511 5513
f 5517 5519 5512
f 5520 5521 5522
f 5523 5524 5525
f 5526 5523 5521
f 5527 5525 5528
f 5529 4197 5530
f 5531 5527 5532
f 5530 5531 5533
f 5520 5519 5517
f 5523 5526 5524
f 5526 5521 5520
f 5527 5528 5532
f 5530 5533 5529
f 4197 5529 4209
f 5533 5531 5532
f 5528 5525 5524
f 5522 5519 5520
f 5534 5535 5536
f 5537 5538 4248
f 5539 5535 5538
f 5540 5541 5542
f 5543 5544 5534
f 5544 5545 5541
f 5540 5546 5547
f 4248 4247 5537
f 5535 5539 5536
f 5539 5538 5537
f 5544 5543 5545
f 5540 5542 5546
f 5546 5548 5549
f 5542 5541 5545
f 5543 5534 5536
f 5549 5547 5546
f 5550 5551 5548
f 5552 5551 5550
f 5552 5553 5554
f 5555 5554 5556
f 5557 5558 5559
f 5560 5559 5561
f 5561 5555 5562
f 5553 5552 5550
f 5562 5555 5556
f 5553 5556 5554
f 5560 5557 5559
f 5561 5562 5560
f 5563 5558 5557
f 4242 5563 4243
f 4242 5558 5563
f 5549 5548 5551
f 5564 5565 5566
f 5567 5566 5565
f 5568 5569 5567
f 5565 5568 5567
f 5570 5571 5572
f 5573 5571 5570
f 5574 5575 5573
f 5571 5573 5575
f 5576 5577 5578
f 5578 5579 5576
f 5577 5576 5580
f 5580 5581 5577
f 5564 5566 5582
f 5581 5583 5582
f 5564 5582 5583
f 5580 5583 5581
f 5584 5585 5586
f 5584 5587 5585
f 5588 5585 5587
f 5589 5588 5587
f 5590 5572 5591
f 5589 5590 5591
f 5570 5572 5590
f 5588 5589 5591
f 5592 5593 5594
f 5595 5592 5594
f 5596 5597 5598
f 5598 5595 5594
f 5597 5595 5598
f 5599 5594 5593
f 5600 5594 5599
f 5600 5601 5602
f 5593 5603 5599
f 5604 5605 5602
f 5604 5606 5607
f 5605 5604 5607
f 5601 5604 5602
f 5594 5600 5602
f 5597 5596 5608
f 5596 5609 5608
f 5610 5608 5609
f 5611 5610 5609
f 5612 5613 5614
f 5614 5611 5612
f 5610 5611 5614
f 5606 5615 5616
f 5617 5618 5615
f 5616 5615 5618
f 5607 5606 5616
f 5617 5619 5620
f 5619 5617 5621
f 5618 5617 5620
f 5622 5623 5624
f 5623 5622 5625
f 5623 5625 5626
f 5625 5627 5626
f 5626 5624 5623
f 5626 5627 5628
f 5624 5626 5629
f 5630 5631 5632
f 5633 5634 5627
f 5635 5636 5631
f 5627 5631 5637
f 5630 5638 5639
f 5640 5641 5642
f 5643 5642 5644
f 5645 5646 5647
f 5645 5647 5648
f 5638 5630 5649
f 5631 5630 5650
f 5629 5651 5652
f 5651 5626 5628
f 5628 5637 5653
f 5637 5628 5627
f 5650 5637 5631
f 5637 5650 5654
f 5626 5651 5629
f 5651 5628 5655
f 5652 5656 5657
f 5652 5651 5656
f 5658 5657 5656
f 5659 5656 5655
f 5656 5651 5655
f 5655 5628 5653
f 5660 5655 5653
f 5637 5654 5653
f 5654 5661 5653
f 5662 5663 5650
f 5640 5664 5639
f 5639 5665 5666
f 5639 5664 5662
f 5662 5650 5630
f 5664 5640 5667
f 5667 5640 5643
f 5645 5643 5668
f 5669 5643 5645
f 5640 5642 5643
f 5662 5664 5670
f 5662 5670 5663
f 5664 5667 5671
f 5664 5671 5670
f 5672 5654 5663
f 5667 5673 5671
f 5673 5667 5669
f 5674 5669 5675
f 5671 5676 5670
f 5667 5643 5669
f 5670 5677 5663
f 5645 5678 5675
f 5663 5654 5650
f 5639 5662 5630
f 5673 5679 5671
f 5678 5645 5648
f 5680 5681 5678
f 5678 5682 5680
f 5675 5678 5681
f 5675 5669 5645
f 5683 5684 5685
f 5686 5685 5687
f 5683 5680 5688
f 5688 5680 5689
f 5685 5690 5680
f 5691 5685 5686
f 5686 5692 5693
f 5694 5693 5692
f 5695 5686 5693
f 5696 5697 5698
f 5699 5698 5700
f 5701 5698 5702
f 5702 5694 5701
f 5703 5693 5702
f 5700 5698 5697
f 5692 5686 5704
f 5705 5702 5698
f 5674 5675 5706
f 5706 5675 5681
f 5707 5681 5690
f 5691 5690 5685
f 5695 5691 5686
f 5708 5690 5691
f 5681 5680 5690
f 5691 5695 5709
f 5710 5706 5707
f 5707 5706 5681
f 5708 5707 5690
f 5711 5707 5708
f 5708 5712 5711
f 5713 5712 5708
f 5713 5708 5709
f 5674 5706 5714
f 5691 5709 5708
f 5673 5674 5715
f 5695 5716 5709
f 5716 5695 5703
f 5703 5705 5717
f 5718 5709 5716
f 5719 5716 5717
f 5716 5703 5717
f 5720 5721 5717
f 5722 5717 5721
f 5703 5702 5705
f 5722 5719 5717
f 5718 5723 5709
f 5724 5718 5716
f 5720 5725 5721
f 5724 5716 5719
f 5720 5705 5699
f 5709 5723 5713
f 5695 5693 5703
f 5674 5673 5669
f 5726 5711 5712
f 5727 5658 5728
f 5658 5727 5657
f 5728 5658 5729
f 5729 5658 5659
f 5660 5659 5655
f 5730 5659 5660
f 5658 5656 5659
f 5727 5728 5731
f 5728 5732 5731
f 5728 5729 5733
f 5728 5733 5732
f 5731 5732 5734
f 5729 5735 5733
f 5735 5729 5730
f 5730 5736 5737
f 5733 5735 5738
f 5729 5659 5730
f 5732 5733 5739
f 5661 5736 5660
f 5661 5672 5740
f 5672 5661 5654
f 5677 5676 5741
f 5676 5677 5670
f 5679 5676 5671
f 5676 5679 5742
f 5672 5663 5677
f 5672 5677 5743
f 5740 5744 5736
f 5740 5736 5661
f 5737 5736 5744
f 5737 5735 5730
f 5745 5740 5743
f 5741 5743 5677
f 5742 5741 5676
f 5746 5743 5741
f 5740 5672 5743
f 5747 5741 5742
f 5742 5748 5749
f 5736 5730 5660
f 5660 5653 5661
f 5735 5737 5750
f 5734 5751 5752
f 5751 5732 5739
f 5739 5738 5753
f 5738 5739 5733
f 5750 5738 5735
f 5738 5750 5754
f 5732 5751 5734
f 5751 5739 5755
f 5734 5752 5756
f 5751 5755 5752
f 5753 5755 5739
f 5738 5754 5753
f 5750 5757 5754
f 5750 5758 5757
f 5745 5759 5744
f 5745 5744 5740
f 5744 5759 5758
f 5758 5750 5737
f 5759 5745 5760
f 5760 5745 5746
f 5747 5746 5741
f 5761 5746 5747
f 5745 5743 5746
f 5758 5759 5762
f 5759 5763 5762
f 5763 5759 5760
f 5763 5760 5764
f 5764 5761 5765
f 5761 5764 5760
f 5766 5765 5761
f 5760 5746 5761
f 5766 5747 5749
f 5758 5762 5757
f 5744 5758 5737
f 5679 5715 5748
f 5767 5715 5714
f 5714 5715 5674
f 5768 5710 5711
f 5711 5710 5707
f 5711 5726 5769
f 5714 5710 5770
f 5714 5706 5710
f 5711 5769 5771
f 5748 5767 5772
f 5748 5715 5767
f 5767 5714 5770
f 5767 5770 5773
f 5768 5771 5774
f 5768 5770 5710
f 5768 5774 5775
f 5768 5711 5771
f 5770 5768 5776
f 5748 5742 5679
f 5775 5777 5778
f 5779 5778 5780
f 5780 5778 5777
f 5781 5779 5780
f 5782 5783 5784
f 5779 5781 5783
f 5782 5784 5785
f 5775 5778 5768
f 5768 5778 5786
f 5766 5761 5747
f 5749 5772 5787
f 5749 5787 5766
f 5772 5767 5773
f 5773 5770 5776
f 5788 5772 5773
f 5748 5772 5749
f 5789 5773 5776
f 5790 5787 5791
f 5787 5790 5766
f 5791 5787 5788
f 5788 5789 5792
f 5789 5788 5773
f 5792 5789 5793
f 5788 5792 5791
f 5787 5772 5788
f 5786 5794 5776
f 5766 5790 5765
f 5786 5795 5796
f 5786 5776 5768
f 5786 5778 5795
f 5794 5793 5789
f 5779 5797 5795
f 5797 5779 5782
f 5782 5798 5799
f 5786 5796 5794
f 5779 5783 5782
f 5800 5795 5797
f 5794 5801 5793
f 5801 5794 5796
f 5801 5796 5802
f 5802 5800 5803
f 5800 5802 5796
f 5804 5803 5800
f 5796 5795 5800
f 5797 5799 5804
f 5789 5776 5794
f 5779 5795 5778
f 5785 5798 5782
f 5749 5747 5742
f 5679 5673 5715
f 5805 5806 5807
f 5700 5805 5808
f 5806 5805 5700
f 5805 5807 5809
f 5805 5809 5810
f 5811 5812 5813
f 5813 5812 5814
f 5815 5813 5809
f 5815 5809 5807
f 5809 5813 5816
f 5817 5814 5812
f 5814 5818 5819
f 5814 5817 5818
f 5820 5818 5821
f 5818 5820 5822
f 5820 5823 5822
f 5821 5823 5820
f 5817 5821 5818
f 5813 5814 5824
f 5720 5717 5705
f 5699 5808 5825
f 5810 5826 5808
f 5808 5805 5810
f 5808 5826 5825
f 5825 5720 5699
f 5700 5808 5699
f 5720 5825 5827
f 5827 5825 5828
f 5828 5825 5829
f 5830 5826 5831
f 5826 5830 5829
f 5832 5831 5826
f 5826 5829 5825
f 5816 5833 5810
f 5816 5824 5834
f 5816 5813 5824
f 5824 5814 5819
f 5824 5819 5835
f 5822 5823 5836
f 5822 5819 5818
f 5837 5836 5838
f 5810 5809 5816
f 5819 5822 5839
f 5840 5826 5833
f 5833 5816 5834
f 5834 5824 5835
f 5841 5833 5834
f 5822 5842 5839
f 5839 5835 5819
f 5843 5836 5837
f 5844 5835 5839
f 5822 5836 5842
f 5845 5834 5835
f 5837 5838 5846
f 5833 5826 5810
f 5842 5847 5839
f 5699 5705 5698
f 5848 5849 5837
f 5848 5837 5846
f 5850 5851 5852
f 5853 5854 5850
f 5853 5855 5856
f 5855 5857 5856
f 5837 5858 5859
f 5837 5849 5858
f 5858 5860 5861
f 5860 5858 5862
f 5849 5862 5858
f 5861 5860 5863
f 5837 5859 5843
f 5858 5861 5864
f 5858 5864 5859
f 5865 5843 5859
f 5861 5866 5864
f 5866 5861 5867
f 5867 5868 5869
f 5870 5864 5866
f 5861 5863 5867
f 5871 5859 5864
f 5863 5872 5867
f 5843 5842 5836
f 5852 5868 5872
f 5852 5851 5868
f 5873 5868 5851
f 5869 5866 5867
f 5874 5854 5856
f 5851 5850 5854
f 5875 5856 5857
f 5851 5854 5876
f 5853 5856 5854
f 5856 5875 5874
f 5877 5869 5873
f 5869 5868 5873
f 5873 5851 5876
f 5878 5873 5876
f 5874 5879 5880
f 5874 5876 5854
f 5876 5874 5881
f 5874 5875 5879
f 5866 5869 5882
f 5868 5867 5872
f 5842 5843 5883
f 5881 5874 5880
f 5884 5885 5832
f 5886 5887 5888
f 5798 5889 5890
f 5798 5785 5889
f 5798 5890 5891
f 5892 5887 5891
f 5886 5891 5887
f 5892 5891 5890
f 5798 5891 5893
f 5888 5884 5886
f 5832 5840 5894
f 5840 5832 5826
f 5841 5845 5895
f 5845 5841 5834
f 5844 5845 5835
f 5845 5844 5896
f 5840 5833 5841
f 5840 5841 5897
f 5886 5894 5898
f 5886 5832 5894
f 5894 5840 5897
f 5894 5897 5899
f 5845 5896 5895
f 5895 5897 5841
f 5844 5900 5896
f 5895 5896 5901
f 5847 5900 5844
f 5897 5895 5902
f 5844 5839 5847
f 5832 5886 5884
f 5831 5832 5885
f 5891 5886 5903
f 5804 5800 5797
f 5799 5893 5904
f 5799 5904 5804
f 5893 5891 5903
f 5903 5886 5898
f 5905 5893 5903
f 5798 5893 5799
f 5906 5903 5898
f 5907 5904 5908
f 5904 5907 5804
f 5908 5904 5905
f 5905 5906 5909
f 5906 5905 5903
f 5909 5906 5910
f 5905 5909 5908
f 5904 5893 5905
f 5899 5911 5898
f 5804 5907 5803
f 5902 5912 5899
f 5899 5897 5902
f 5911 5899 5912
f 5911 5910 5906
f 5896 5913 5901
f 5901 5902 5895
f 5900 5914 5915
f 5916 5902 5901
f 5898 5894 5899
f 5901 5913 5917
f 5911 5918 5910
f 5918 5911 5912
f 5918 5912 5919
f 5919 5916 5920
f 5916 5919 5912
f 5917 5920 5916
f 5912 5902 5916
f 5901 5917 5916
f 5906 5898 5911
f 5896 5900 5913
f 5883 5914 5847
f 5799 5797 5782
f 5913 5900 5915
f 5883 5865 5921
f 5883 5921 5914
f 5871 5865 5859
f 5870 5871 5864
f 5922 5865 5871
f 5883 5843 5865
f 5923 5871 5870
f 5914 5924 5915
f 5924 5914 5921
f 5921 5922 5925
f 5915 5924 5926
f 5923 5927 5922
f 5923 5922 5871
f 5922 5927 5925
f 5925 5924 5921
f 5921 5865 5922
f 5924 5925 5928
f 5882 5929 5870
f 5930 5913 5915
f 5877 5931 5882
f 5877 5882 5869
f 5929 5882 5931
f 5932 5923 5929
f 5933 5878 5881
f 5881 5878 5876
f 5934 5881 5880
f 5935 5877 5878
f 5877 5873 5878
f 5934 5933 5881
f 5931 5936 5929
f 5932 5927 5923
f 5935 5931 5877
f 5935 5937 5931
f 5938 5933 5939
f 5939 5933 5934
f 5935 5933 5938
f 5935 5878 5933
f 5939 5940 5938
f 5923 5870 5929
f 5870 5866 5882
f 5925 5927 5941
f 5917 5930 5942
f 5913 5930 5917
f 5924 5928 5926
f 5926 5930 5915
f 5925 5941 5928
f 5926 5928 5943
f 5932 5944 5927
f 5930 5926 5945
f 5942 5930 5945
f 5945 5926 5943
f 5946 5941 5947
f 5946 5943 5928
f 5944 5947 5941
f 5946 5928 5941
f 5927 5944 5941
f 5917 5942 5920
f 5932 5948 5944
f 5948 5932 5936
f 5936 5937 5949
f 5944 5948 5950
f 5951 5937 5938
f 5938 5937 5935
f 5952 5938 5940
f 5949 5948 5936
f 5936 5931 5937
f 5951 5938 5952
f 5948 5953 5950
f 5953 5948 5949
f 5953 5949 5954
f 5954 5951 5955
f 5951 5954 5949
f 5955 5951 5952
f 5949 5937 5951
f 5944 5950 5947
f 5932 5929 5936
f 5900 5847 5914
f 5847 5842 5883
f 5827 5725 5720
f 5627 5956 5631
f 5627 5625 5957
f 5956 5627 5958
f 5958 5627 5959
f 5959 5627 5960
f 5960 5627 5634
f 5627 5957 5633
f 5631 5956 5961
f 5631 5961 5635
f 5632 5631 5962
f 5962 5631 5963
f 5963 5631 5636
f 5630 5632 5964
f 5639 5638 5965
f 5630 5966 5649
f 5630 5967 5966
f 5964 5967 5630
f 5639 5666 5640
f 5968 5665 5639
f 5639 5965 5969
f 5639 5969 5968
f 5640 5666 5970
f 5640 5970 5641
f 5668 5643 5971
f 5971 5643 5972
f 5644 5972 5643
f 5645 5668 5973
f 5645 5973 5646
f 5682 5678 5974
f 5648 5974 5678
f 5680 5682 5689
f 5680 5683 5685
f 5687 5685 5684
f 5687 5704 5686
f 5693 5694 5702
f 5698 5701 5696
f 5697 5806 5700
f 5813 5815 5811
f 5838 5836 5975
f 5975 5836 5976
f 5823 5976 5836
f 5977 5978 5979
f 5980 5979 5978
f 5981 5982 5983
f 5982 5981 5984
f 5978 5981 5980
f 5985 5981 5978
f 5986 5987 5988
f 5989 5984 5987
f 5990 5991 5992
f 5993 5994 5990
f 5994 5986 5995
f 5992 5993 5990
f 5996 5997 5998
f 5997 5978 5998
f 5997 5985 5978
f 5999 5997 6000
f 5984 5981 6001
f 6002 5997 6003
f 5985 6004 6001
f 6001 5981 5985
f 6005 6004 5985
f 5997 6002 6005
f 5997 6005 5985
f 6006 6005 6002
f 5984 6007 5988
f 6007 6001 6008
f 6009 5995 5988
f 6007 6009 5988
f 5994 5995 5990
f 5991 5990 6010
f 5990 5995 6011
f 5995 5986 5988
f 6012 6010 5990
f 6001 6004 6008
f 6013 6009 6007
f 6008 6013 6007
f 6014 6008 6004
f 6013 6015 6009
f 6011 6009 6015
f 6012 6011 6016
f 6017 6015 6013
f 6011 5995 6009
f 6018 6013 6008
f 6011 6012 5990
f 6007 5984 6001
f 5988 5987 5984
f 6019 6004 6005
f 6020 6010 6021
f 6022 6023 6021
f 6024 6021 6023
f 6025 6024 6026
f 6023 6026 6024
f 6027 6025 6028
f 6022 6029 6023
f 6026 6023 6029
f 6030 6028 6026
f 6031 6029 6022
f 6028 6032 6033
f 6027 6028 6033
f 6030 6032 6028
f 6026 6029 6030
f 6028 6025 6026
f 6034 6030 6029
f 6033 6035 6027
f 6022 6010 6036
f 6037 6033 6038
f 6039 6035 6037
f 6039 6040 6041
f 6037 6040 6039
f 6042 6039 6041
f 6043 6040 6037
f 6044 6038 6032
f 6032 6038 6033
f 6043 6037 6038
f 6045 6043 6038
f 6041 6046 6047
f 6042 6041 6047
f 6048 6046 6041
f 6040 6043 6048
f 6041 6040 6048
f 6049 6048 6043
f 6047 6050 6042
f 6035 6033 6037
f 6051 6032 6030
f 6052 6036 6012
f 6012 6036 6010
f 6053 6034 6031
f 6034 6029 6031
f 6051 6030 6034
f 6054 6051 6034
f 6036 6031 6022
f 6055 6031 6036
f 6056 6052 6016
f 6052 6012 6016
f 6055 6036 6052
f 6057 6055 6052
f 6053 6054 6034
f 6031 6055 6053
f 6058 6054 6053
f 6054 6059 6051
f 6060 6053 6055
f 6059 6061 6051
f 6011 6015 6016
f 6062 6045 6044
f 6045 6038 6044
f 6049 6063 6048
f 6043 6045 6049
f 6064 6046 6063
f 6065 6063 6049
f 6044 6032 6051
f 6066 6049 6045
f 6044 6061 6062
f 6045 6062 6067
f 6049 6066 6065
f 6063 6065 6068
f 6066 6045 6067
f 6069 6046 6064
f 6051 6061 6044
f 6048 6063 6046
f 6069 6070 6047
f 6021 6010 6022
f 6071 6016 6015
f 6072 6006 6073
f 6002 6074 6073
f 6006 6002 6073
f 6075 6019 6006
f 6005 6006 6019
f 6076 6077 6078
f 6079 6072 6076
f 6073 6077 6076
f 6072 6073 6076
f 6080 6075 6072
f 6072 6075 6006
f 6019 6081 6014
f 6082 6018 6014
f 6014 6004 6019
f 6083 6071 6017
f 6015 6017 6071
f 6016 6071 6056
f 6084 6056 6071
f 6017 6013 6018
f 6085 6017 6018
f 6086 6082 6081
f 6082 6014 6081
f 6085 6018 6082
f 6087 6085 6082
f 6083 6084 6071
f 6017 6085 6083
f 6088 6084 6089
f 6090 6084 6083
f 6056 6088 6057
f 6091 6083 6085
f 6057 6052 6056
f 6019 6075 6081
f 6014 6018 6008
f 6092 6081 6075
f 6093 6079 6094
f 6076 6095 6094
f 6079 6076 6094
f 6096 6080 6079
f 6072 6079 6080
f 6097 6098 6094
f 6099 6100 6101
f 6094 6098 6093
f 6079 6093 6096
f 6096 6102 6080
f 6103 6086 6092
f 6092 6075 6080
f 6104 6091 6087
f 6087 6082 6086
f 6091 6085 6087
f 6105 6090 6091
f 6092 6086 6081
f 6106 6087 6086
f 6092 6102 6103
f 6086 6103 6106
f 6091 6104 6105
f 6090 6105 6107
f 6104 6087 6106
f 6089 6090 6107
f 6080 6102 6092
f 6091 6090 6083
f 6084 6088 6056
f 6053 6060 6108
f 6108 6058 6053
f 6109 6110 6108
f 6111 6057 6088
f 6111 6060 6057
f 6109 6108 6060
f 6060 6112 6109
f 6113 6114 6115
f 6116 6114 6113
f 6109 6113 6115
f 6109 6115 6110
f 6109 6117 6113
f 6060 6055 6057
f 6118 6119 6116
f 6120 6119 6118
f 6121 6122 6123
f 6122 6121 6124
f 6123 6119 6124
f 6125 6126 6127
f 6122 6127 6126
f 6122 6126 6125
f 6120 6118 6113
f 6113 6118 6116
f 6127 6122 6124
f 6089 6128 6088
f 6111 6088 6128
f 6129 6111 6128
f 6112 6111 6129
f 6109 6112 6117
f 6117 6112 6130
f 6112 6060 6111
f 6131 6128 6089
f 6131 6132 6128
f 6129 6128 6132
f 6133 6129 6132
f 6134 6130 6133
f 6129 6133 6130
f 6130 6134 6135
f 6130 6112 6129
f 6135 6120 6117
f 6107 6131 6089
f 6117 6130 6135
f 6136 6124 6120
f 6124 6137 6127
f 6135 6136 6120
f 6124 6119 6120
f 6138 6124 6136
f 6139 6136 6140
f 6135 6140 6136
f 6141 6136 6139
f 6139 6142 6141
f 6143 6136 6141
f 6134 6140 6135
f 6120 6113 6117
f 6084 6090 6089
f 6047 6046 6069
f 6144 6050 6070
f 6144 6145 6146
f 6070 6145 6144
f 6147 6144 6146
f 6148 6145 6070
f 6069 6148 6070
f 6149 6146 6145
f 6148 6149 6145
f 6150 6148 6069
f 6149 6151 6146
f 6152 6146 6151
f 6153 6154 6152
f 6155 6151 6149
f 6152 6147 6146
f 6156 6149 6148
f 6152 6157 6147
f 6064 6158 6069
f 6159 6157 6154
f 6160 6161 6162
f 6163 6161 6159
f 6164 6160 6162
f 6154 6165 6163
f 6159 6154 6163
f 6153 6165 6154
f 6153 6152 6151
f 6166 6163 6165
f 6162 6163 6166
f 6164 6162 6167
f 6168 6167 6162
f 6162 6161 6163
f 6169 6165 6153
f 6167 6170 6164
f 6157 6152 6154
f 6171 6153 6151
f 6150 6069 6158
f 6172 6173 6150
f 6156 6148 6173
f 6155 6149 6156
f 6156 6173 6172
f 6148 6150 6173
f 6155 6156 6174
f 6155 6174 6175
f 6174 6156 6172
f 6175 6176 6155
f 6177 6158 6064
f 6171 6176 6178
f 6155 6176 6171
f 6169 6179 6165
f 6153 6171 6169
f 6168 6166 6180
f 6169 6171 6181
f 6171 6151 6155
f 6179 6169 6182
f 6178 6181 6171
f 6181 6183 6169
f 6184 6182 6183
f 6183 6182 6169
f 6183 6181 6185
f 6186 6180 6179
f 6166 6165 6179
f 6168 6162 6166
f 6187 6167 6188
f 6189 6170 6187
f 6190 6189 6191
f 6192 6190 6193
f 6187 6191 6189
f 6194 6192 6193
f 6167 6168 6188
f 6195 6191 6187
f 6195 6187 6188
f 6196 6188 6168
f 6197 6198 6199
f 6190 6191 6197
f 6191 6200 6197
f 6197 6199 6190
f 6200 6191 6195
f 6170 6167 6187
f 6201 6202 6203
f 6192 6203 6202
f 6204 6205 6202
f 6201 6204 6202
f 6206 6207 6202
f 6192 6194 6208
f 6209 6196 6180
f 6196 6168 6180
f 6195 6210 6211
f 6200 6195 6211
f 6212 6210 6195
f 6196 6213 6188
f 6188 6213 6195
f 6212 6195 6213
f 6186 6209 6180
f 6214 6213 6196
f 6209 6214 6196
f 6215 6209 6186
f 6214 6216 6213
f 6217 6213 6216
f 6217 6216 6218
f 6219 6216 6214
f 6217 6212 6213
f 6220 6214 6209
f 6218 6212 6217
f 6179 6182 6186
f 6216 6221 6218
f 6166 6179 6180
f 6222 6186 6182
f 6223 6224 6225
f 6226 6225 6227
f 6227 6228 6229
f 6230 6229 6231
f 6227 6229 6226
f 6226 6229 6230
f 6230 6232 6225
f 6225 6226 6230
f 6233 6223 6234
f 6235 6232 6230
f 6225 6232 6223
f 6233 6224 6223
f 6233 6236 6237
f 6238 6183 6185
f 6239 6238 6240
f 6239 6240 6236
f 6233 6241 6239
f 6236 6233 6239
f 6241 6233 6234
f 6234 6223 6232
f 6242 6239 6243
f 6242 6183 6238
f 6184 6183 6242
f 6184 6242 6244
f 6242 6238 6239
f 6222 6184 6245
f 6182 6184 6222
f 6237 6224 6233
f 6246 6234 6232
f 6247 6248 6230
f 6248 6235 6230
f 6235 6246 6232
f 6249 6235 6248
f 6241 6234 6250
f 6251 6252 6253
f 6251 6248 6252
f 6254 6246 6249
f 6249 6248 6251
f 6246 6254 6250
f 6249 6246 6235
f 6246 6250 6234
f 6250 6255 6241
f 6243 6241 6255
f 6256 6243 6255
f 6244 6243 6256
f 6184 6244 6245
f 6245 6244 6257
f 6244 6242 6243
f 6258 6255 6250
f 6258 6259 6255
f 6256 6255 6259
f 6260 6256 6259
f 6261 6257 6260
f 6256 6260 6257
f 6257 6261 6262
f 6257 6244 6256
f 6263 6245 6262
f 6254 6258 6250
f 6243 6239 6241
f 6263 6215 6222
f 6264 6220 6215
f 6220 6209 6215
f 6265 6221 6216
f 6220 6219 6214
f 6215 6186 6222
f 6219 6265 6216
f 6263 6264 6215
f 6266 6219 6220
f 6264 6266 6220
f 6267 6264 6263
f 6266 6268 6219
f 6268 6265 6219
f 6268 6266 6269
f 6270 6266 6264
f 6222 6245 6263
f 6271 6267 6262
f 6267 6263 6262
f 6269 6270 6272
f 6264 6267 6270
f 6266 6270 6269
f 6273 6270 6267
f 6273 6274 6270
f 6267 6271 6273
f 6275 6276 6272
f 6277 6278 6275
f 6274 6275 6272
f 6270 6274 6272
f 6261 6271 6262
f 6277 6279 6280
f 6281 6279 6277
f 6280 6278 6277
f 6277 6100 6282
f 6277 6282 6281
f 6101 6100 6277
f 6245 6257 6262
f 6047 6070 6050
f 5984 5989 5982
f 5983 5980 5981
f 5977 6283 5978
f 5978 6283 6284
f 6285 5998 5978
f 6286 6285 5978
f 6287 6286 5978
f 6288 6287 5978
f 6289 6288 5978
f 6284 6289 5978
f 6290 6003 5997
f 6291 6290 5997
f 6292 6291 5997
f 6293 5997 5996
f 6294 6292 5997
f 6000 5997 6293
f 5997 5999 6295
f 6295 6294 5997
f 6296 6074 6002
f 6297 6002 6003
f 6298 6002 6297
f 6299 6296 6002
f 6300 6002 6298
f 6301 6002 6300
f 6002 6301 6302
f 6303 6299 6002
f 6302 6303 6002
f 6304 6073 6074
f 6305 6073 6304
f 6073 6306 6307
f 6308 6077 6073
f 6309 6308 6073
f 6310 6309 6073
f 6311 6310 6073
f 6306 6073 6305
f 6307 6311 6073
f 6312 6095 6076
f 6313 6312 6076
f 6314 6313 6076
f 6315 6076 6078
f 6316 6076 6315
f 6076 6316 6317
f 6318 6314 6076
f 6319 6318 6076
f 6317 6319 6076
f 6097 6320 6098
f 6321 6094 6095
f 6322 6094 6321
f 6323 6094 6324
f 6325 6097 6094
f 6326 6094 6322
f 6327 6094 6326
f 6328 6094 6327
f 6328 6324 6094
f 6323 6325 6094
f 6143 6138 6136
f 6137 6124 6138
f 6121 6123 6124
f 6068 6064 6063
f 6177 6150 6158
f 6231 6247 6230
f 6329 6248 6247
f 6248 6329 6252
f 6276 6275 6278
f 6211 6210 6200
f 6193 6190 6198
f 6199 6198 6190
f 6208 6203 6192
f 6205 6206 6202
f 6207 6206 6330
f 6020 5991 6010
f 6331 6332 6333
f 6331 6333 6334
f 6335 6334 6336
f 6331 6337 6332
f 6338 6335 6336
f 6339 6340 6338
f 6331 6334 6335
f 6338 6336 6339
f 6341 6342 6340
f 6343 6344 6345
f 6341 6343 6342
f 6342 6343 6345
f 6346 6347 6348
f 6346 6345 6344
f 6347 6346 6344
f 6341 6340 6339
f 6349 6350 6351
f 6352 6349 6353
f 6354 6355 6356
f 6357 6358 6354
f 6358 6359 6350
f 6355 6360 6361
f 6351 6353 6349
f 6348 6352 6353
f 6357 6359 6358
f 6361 6356 6355
f 6362 6361 6360
f 6357 6354 6356
f 6351 6350 6359
f 6360 6363 6362
f 6364 6365 6366
f 6362 6367 6368
f 6368 6367 6369
f 6370 6371 6369
f 6372 6370 6373
f 6374 6375 6376
f 6377 6373 6378
f 6379 6378 6374
f 6368 6369 6371
f 6372 6373 6377
f 6370 6372 6371
f 6374 6376 6379
f 6379 6377 6378
f 6376 6375 6380
f 6366 6380 6381
f 6381 6364 6366
f 6380 6375 6381
f 6367 6362 6363
f 6382 6383 6384
f 6385 6384 6386
f 6387 6386 6388
f 6382 6384 6385
f 6388 6389 6387
f 6387 6385 6386
f 6389 6390 6391
f 6389 6388 6390
f 6392 6393 6394
f 6395 6396 6397
f 6393 6395 6398
f 6394 6391 6392
f 6397 6398 6395
f 6399 6397 6396
f 6394 6393 6398
f 6392 6391 6390
f 6400 6401 6402
f 6403 6404 6401
f 6405 6406 6407
f 6408 6409 6405
f 6410 6407 6406
f 6403 6409 6411
f 6412 6399 6413
f 6400 6412 6413
f 6412 6400 6402
f 6404 6403 6411
f 6411 6409 6408
f 6401 6404 6402
f 6405 6407 6408
f 6406 6414 6410
f 6415 6416 6417
f 6418 6419 6420
f 6421 6422 6423
f 6419 6423 6420
f 6424 6425 6426
f 6427 6426 6428
f 6421 6425 6429
f 6430 6428 6431
f 6410 6414 6432
f 6422 6420 6423
f 6432 6418 6420
f 6424 6429 6425
f 6430 6427 6428
f 6417 6430 6431
f 6424 6426 6427
f 6422 6421 6429
f 6431 6415 6417
f 6432 6414 6418
f 6433 6434 6435
f 6436 6435 6437
f 6436 6433 6435
f 6437 6438 6436
f 6433 6439 6434
f 6439 6440 6434
f 6441 6442 6443
f 6444 6445 6446
f 6441 6447 6448
f 6449 6448 6445
f 6450 6440 6439
f 6445 6444 6449
f 6448 6449 6441
f 6444 6446 6450
f 6441 6443 6447
f 6446 6440 6450
f 6451 6452 6453
f 6454 6453 6455
f 6454 6451 6453
f 6455 6456 6454
f 6451 6457 6452
f 6457 6458 6452
f 6459 6460 6461
f 6462 6463 6464
f 6459 6465 6466
f 6467 6466 6463
f 6468 6458 6457
f 6463 6462 6467
f 6466 6467 6459
f 6462 6464 6468
f 6459 6461 6465
f 6464 6458 6468
f 6469 6470 6471
f 6472 6469 6473
f 6474 6475 6476
f 6476 6477 6478
f 6472 6479 6477
f 6480 6475 6481
f 6469 6471 6473
f 6471 6470 6482
f 6477 6479 6478
f 6475 6474 6481
f 6480 6481 6483
f 6474 6476 6478
f 6479 6472 6473
f 6483 6484 6480
f 6485 6486 6487
f 6488 6489 6483
f 6490 6489 6488
f 6490 6491 6492
f 6493 6492 6494
f 6495 6496 6497
f 6498 6493 6499
f 6497 6498 6500
f 6491 6490 6488
f 6499 6493 6494
f 6491 6494 6492
f 6500 6495 6497
f 6498 6499 6500
f 6501 6496 6495
f 6502 6501 6485
f 6485 6487 6502
f 6502 6496 6501
f 6484 6483 6489
f 6503 6504 6505
f 6504 6506 6507
f 6508 6509 6510
f 6510 6511 6512
f 6509 6508 6513
f 6514 6511 6507
f 6515 6516 6517
f 6515 6517 6505
f 6503 6505 6517
f 6514 6507 6506
f 6512 6511 6514
f 6503 6506 6504
f 6512 6508 6510
f 6513 6518 6509
f 6519 6520 6521
f 6522 6523 6524
f 6523 6525 6526
f 6527 6522 6524
f 6528 6529 6530
f 6531 6528 6532
f 6533 6529 6527
f 6534 6531 6535
f 6536 6518 6513
f 6523 6526 6524
f 6526 6525 6536
f 6529 6533 6530
f 6531 6532 6535
f 6534 6535 6519
f 6532 6528 6530
f 6533 6527 6524
f 6519 6521 6534
f 6525 6518 6536
f 6537 5624 6538
f 6539 5857 6540
f 6541 6542 6540
f 6543 6541 6544
f 6545 6544 6546
f 6539 6540 6542
f 6547 5875 6542
f 6542 5875 6539
f 6543 6542 6541
f 6548 6542 6543
f 5880 6549 6547
f 5875 6547 5879
f 6547 6542 6548
f 5880 6547 6550
f 5879 6547 6549
f 6548 6551 6547
f 6545 6552 6543
f 5629 6553 6554
f 6546 6555 6545
f 6545 6543 6544
f 6556 6555 6557
f 6545 6555 6558
f 6559 6560 6561
f 6557 6560 6556
f 6562 6559 6561
f 6545 6558 6552
f 6555 6556 6563
f 6555 6563 6558
f 6564 6548 6552
f 6556 6565 6563
f 6565 6556 6559
f 6566 6559 6562
f 6567 6558 6563
f 6556 6560 6559
f 6568 6552 6558
f 6562 6561 6569
f 6552 6548 6543
f 6557 6555 6546
f 6565 6570 6563
f 5624 5629 6538
f 6571 6572 6573
f 6574 6575 6576
f 6572 6577 6578
f 6577 6572 6571
f 6577 6579 6578
f 6578 6574 6576
f 6571 6580 6577
f 6581 6582 6583
f 6584 6585 6586
f 6587 6584 6588
f 6573 6581 6589
f 6589 6581 6583
f 6573 6589 6571
f 6590 6589 6583
f 6583 6587 6588
f 6591 6583 6588
f 6584 6586 6588
f 6592 6571 6589
f 6593 6588 6586
f 6562 6594 6595
f 6562 6569 6594
f 6596 6597 6595
f 6597 6598 6595
f 6596 6595 6594
f 6562 6595 6599
f 6562 6599 6566
f 6595 6574 6600
f 6595 6600 6599
f 6601 6566 6599
f 6574 6602 6600
f 6602 6574 6579
f 6579 6580 6603
f 6604 6600 6602
f 6598 6574 6595
f 6605 6599 6600
f 6579 6574 6578
f 6566 6565 6559
f 6592 6606 6580
f 6579 6577 6580
f 6603 6580 6606
f 6603 6602 6579
f 6607 6592 6590
f 6592 6589 6590
f 6590 6583 6591
f 6608 6590 6591
f 6571 6592 6580
f 6609 6591 6593
f 6610 6606 6607
f 6607 6606 6592
f 6608 6607 6590
f 6611 6607 6608
f 6608 6612 6613
f 6612 6608 6609
f 6608 6591 6609
f 6603 6606 6614
f 6615 6616 6593
f 6602 6603 6617
f 6588 6593 6591
f 6618 6565 6566
f 6619 6615 6586
f 6613 6620 6608
f 6621 6622 6623
f 6624 6550 5934
f 6624 5880 6550
f 5934 6550 6625
f 5939 6626 6625
f 6627 5940 6628
f 5939 6628 5940
f 5939 6625 6628
f 6626 5934 6625
f 6551 6629 6550
f 6622 6630 6631
f 6551 6564 6632
f 6551 6548 6564
f 6564 6552 6568
f 6564 6568 6633
f 6567 6570 6634
f 6567 6563 6570
f 6570 6565 6618
f 6570 6618 6635
f 6558 6567 6568
f 6568 6567 6636
f 6637 6625 6629
f 6632 6629 6551
f 6633 6632 6564
f 6638 6629 6632
f 6639 6633 6636
f 6634 6636 6567
f 6635 6634 6570
f 6640 6636 6634
f 6633 6568 6636
f 6641 6632 6633
f 6601 6642 6618
f 6629 6625 6550
f 6547 6551 6550
f 6634 6635 6643
f 6628 6644 5952
f 5952 6644 6645
f 6637 6628 6625
f 6646 6628 6637
f 6627 6628 5952
f 5955 6645 6644
f 5955 6644 6647
f 6647 6646 6648
f 6646 6647 6644
f 6649 6648 6646
f 6644 6628 6646
f 6637 6638 6649
f 5734 6650 6651
f 6641 6652 6638
f 6641 6638 6632
f 6638 6652 6649
f 6649 6646 6637
f 6652 6641 6653
f 6653 6641 6639
f 6640 6639 6636
f 6654 6639 6640
f 6641 6633 6639
f 6649 6652 6655
f 6652 6656 6655
f 6656 6652 6653
f 6656 6653 6657
f 6657 6654 6658
f 6654 6657 6653
f 6659 6640 6643
f 6653 6639 6654
f 6654 6659 6658
f 6649 6655 6648
f 6637 6629 6638
f 6640 6634 6643
f 6630 5734 6660
f 6601 6605 6661
f 6601 6599 6605
f 6604 6617 6662
f 6604 6602 6617
f 6617 6603 6614
f 6614 6663 6617
f 6600 6604 6605
f 6605 6604 6664
f 6635 6665 6643
f 6635 6642 6665
f 6642 6661 6666
f 6643 6665 6667
f 6642 6666 6665
f 6664 6661 6605
f 6662 6664 6604
f 6668 6661 6664
f 6642 6601 6661
f 6662 6669 6664
f 6663 6662 6617
f 6635 6618 6642
f 6611 6670 6610
f 6610 6607 6611
f 6671 6611 6620
f 6672 6611 6671
f 6614 6606 6610
f 6670 6611 6672
f 6673 6662 6663
f 6614 6674 6663
f 6674 6610 6670
f 6675 6663 6674
f 6676 6677 6670
f 6678 6677 6676
f 6676 6670 6679
f 6679 6670 6672
f 6680 6674 6670
f 6674 6614 6610
f 6618 6566 6601
f 6681 6670 6677
f 6659 6667 6682
f 6659 6643 6667
f 6665 6683 6667
f 6668 6666 6661
f 6669 6668 6664
f 6684 6666 6668
f 6666 6683 6665
f 6668 6669 6685
f 6667 6686 6682
f 6686 6667 6683
f 6686 6683 6687
f 6687 6684 6688
f 6684 6687 6683
f 6685 6688 6684
f 6683 6666 6684
f 6668 6685 6684
f 6659 6682 6658
f 6669 6689 6685
f 6689 6669 6673
f 6673 6675 6690
f 6685 6689 6691
f 6673 6690 6689
f 6680 6675 6674
f 6681 6680 6670
f 6692 6675 6680
f 6673 6663 6675
f 6680 6681 6693
f 6689 6694 6691
f 6694 6689 6690
f 6694 6690 6695
f 6695 6692 6696
f 6692 6695 6690
f 6693 6696 6692
f 6690 6675 6692
f 6680 6693 6692
f 6685 6691 6688
f 6669 6662 6673
f 6697 6698 6677
f 6659 6654 6640
f 6611 6608 6620
f 6612 6609 6699
f 6553 6621 6623
f 6700 6619 6585
f 6700 6701 6702
f 6702 6703 6619
f 6702 6619 6700
f 6619 6703 6615
f 6609 6593 6616
f 6702 6704 6703
f 6704 6702 6705
f 6705 6706 6707
f 6703 6704 6708
f 6702 6709 6705
f 6615 6703 6710
f 6593 6586 6615
f 6711 6712 6713
f 6714 6715 6716
f 6717 6718 6719
f 6706 6713 6720
f 6706 6721 6722
f 6713 6706 6722
f 6707 6704 6705
f 6706 6720 6707
f 6713 6712 6719
f 6723 6713 6719
f 6714 6719 6718
f 6724 6719 6714
f 6706 6705 6721
f 6704 6707 6725
f 6616 6726 6727
f 6726 6616 6710
f 6728 6710 6729
f 6710 6703 6708
f 6729 6710 6708
f 6710 6728 6726
f 6615 6710 6616
f 6699 6609 6730
f 6730 6616 6727
f 6708 6731 6729
f 6609 6616 6730
f 6707 6732 6725
f 6733 6708 6725
f 6720 6723 6734
f 6725 6732 6735
f 6724 6736 6723
f 6724 6723 6719
f 6723 6736 6734
f 6734 6732 6720
f 6720 6713 6723
f 6737 6738 6732
f 6731 6708 6733
f 6739 6733 6725
f 6738 6735 6732
f 6737 6740 6738
f 6739 6725 6735
f 6741 6732 6734
f 6708 6704 6725
f 6707 6720 6732
f 6742 6743 6714
f 6744 6745 6746
f 6747 6748 6749
f 6750 6751 6742
f 6742 6751 6749
f 6724 6714 6743
f 6749 6752 6746
f 6749 6746 6753
f 6747 6749 6751
f 6742 6749 6754
f 6755 6756 6746
f 6757 6758 6759
f 6760 6761 6762
f 6763 6756 6764
f 6756 6765 6766
f 6767 6756 6755
f 6757 6768 6769
f 6770 6765 6771
f 6538 6772 6773
f 6772 6537 6773
f 6746 6756 6774
f 6743 6754 6775
f 6743 6742 6754
f 6753 6774 6776
f 6753 6746 6774
f 6774 6756 6766
f 6774 6766 6777
f 6749 6753 6754
f 6754 6753 6778
f 6779 6734 6736
f 6736 6724 6780
f 6775 6780 6743
f 6781 6736 6780
f 6782 6775 6778
f 6776 6778 6753
f 6777 6776 6774
f 6783 6778 6776
f 6775 6754 6778
f 6784 6780 6775
f 6785 6786 6766
f 6724 6743 6780
f 6760 6787 6770
f 6760 6770 6788
f 6770 6787 6785
f 6785 6766 6765
f 6787 6760 6789
f 6789 6760 6757
f 6538 6757 6772
f 6554 6757 6538
f 6790 6791 6760
f 6785 6787 6792
f 6785 6792 6786
f 6787 6789 6793
f 6787 6793 6792
f 6794 6777 6786
f 6789 6795 6793
f 6795 6789 6554
f 6553 6623 6795
f 6796 6792 6793
f 6789 6757 6554
f 6797 6786 6792
f 6795 6554 6553
f 6786 6777 6766
f 6770 6785 6765
f 6798 6776 6777
f 6554 6538 5629
f 6742 6714 6716
f 6623 6793 6795
f 6799 6697 6677
f 6800 6801 6802
f 6799 6803 6697
f 6804 6697 6805
f 6805 6697 6803
f 6804 6805 6806
f 6804 6807 6800
f 6807 6804 6806
f 6800 6807 6801
f 6804 6800 6808
f 6697 6804 6809
f 6698 6681 6677
f 6810 6811 6737
f 6810 6737 6812
f 6741 6737 6732
f 6779 6741 6734
f 6737 6741 6813
f 6740 6737 6811
f 6812 6737 6813
f 6802 6814 6815
f 6815 6814 6816
f 6802 6815 6800
f 6816 6817 6812
f 6812 6817 6810
f 6816 6812 6815
f 6815 6812 6818
f 6741 6779 6819
f 6800 6815 6820
f 6681 6821 6693
f 6681 6698 6821
f 6821 6698 6822
f 6822 6698 6809
f 6809 6804 6808
f 6823 6809 6808
f 6697 6809 6698
f 6693 6821 6824
f 6821 6825 6824
f 6825 6821 6822
f 6825 6822 6826
f 6826 6823 6827
f 6823 6826 6822
f 6828 6827 6823
f 6822 6809 6823
f 6808 6820 6828
f 6693 6824 6696
f 6815 6818 6820
f 6820 6808 6800
f 6812 6829 6818
f 6820 6818 6830
f 6813 6831 6829
f 6831 6813 6819
f 6819 6832 6833
f 6831 6834 6829
f 6813 6741 6819
f 6818 6829 6835
f 6828 6830 6836
f 6830 6828 6820
f 6836 6830 6837
f 6828 6836 6827
f 6837 6835 6838
f 6835 6837 6830
f 6834 6838 6835
f 6830 6818 6835
f 6829 6834 6835
f 6828 6823 6808
f 6813 6829 6812
f 6781 6832 6779
f 6799 6677 6678
f 6831 6819 6833
f 6781 6784 6839
f 6781 6839 6832
f 6782 6784 6775
f 6783 6782 6778
f 6840 6784 6782
f 6781 6780 6784
f 6841 6782 6783
f 6832 6842 6833
f 6842 6832 6839
f 6839 6840 6843
f 6833 6842 6844
f 6841 6845 6840
f 6841 6840 6782
f 6840 6845 6843
f 6843 6842 6839
f 6839 6784 6840
f 6842 6843 6846
f 6798 6847 6783
f 6848 6831 6833
f 6794 6849 6798
f 6794 6798 6777
f 6847 6798 6849
f 6850 6841 6847
f 6851 6794 6797
f 6796 6797 6792
f 6623 6796 6793
f 6852 6797 6796
f 6794 6786 6797
f 6631 6796 6623
f 6850 6845 6841
f 6847 6849 6853
f 6850 6847 6853
f 6845 6850 6854
f 6855 6849 6851
f 6852 6851 6797
f 6631 6852 6796
f 6856 6851 6852
f 6849 6794 6851
f 6660 6852 6631
f 6660 6631 6630
f 6841 6783 6847
f 6783 6776 6798
f 6843 6845 6857
f 6834 6848 6858
f 6831 6848 6834
f 6848 6833 6844
f 6848 6844 6859
f 6846 6857 6860
f 6846 6843 6857
f 6857 6845 6854
f 6857 6854 6861
f 6842 6846 6844
f 6844 6846 6862
f 6844 6862 6859
f 6859 6858 6848
f 6846 6860 6862
f 6860 6857 6861
f 6854 6863 6861
f 6854 6864 6863
f 6834 6858 6838
f 6855 6865 6853
f 6855 6853 6849
f 6853 6865 6864
f 6864 6854 6850
f 6865 6855 6866
f 6866 6855 6856
f 6660 6856 6852
f 6867 6856 6660
f 6855 6851 6856
f 6864 6865 6868
f 6865 6869 6868
f 6869 6865 6866
f 6869 6866 6870
f 6870 6867 6651
f 6867 6870 6866
f 5734 6651 6867
f 6866 6856 6867
f 5734 6867 6660
f 6864 6868 6863
f 6864 6850 6853
f 6622 6631 6623
f 6819 6779 6832
f 6779 6736 6781
f 6538 6773 6537
f 6574 6598 6575
f 6587 6583 6582
f 6586 6585 6619
f 6709 6702 6701
f 6709 6721 6705
f 6713 6722 6711
f 6714 6718 6715
f 6719 6712 6717
f 6742 6716 6750
f 6752 6749 6871
f 6871 6749 6748
f 6746 6752 6744
f 6755 6746 6745
f 6756 6763 6765
f 6756 6872 6764
f 6873 6872 6756
f 6756 6767 6873
f 6765 6763 6874
f 6771 6765 6875
f 6875 6765 6876
f 6877 6876 6765
f 6765 6874 6877
f 6788 6770 6878
f 6879 6880 6770
f 6770 6771 6881
f 6770 6881 6882
f 6770 6882 6879
f 6878 6770 6883
f 6883 6770 6880
f 6760 6791 6757
f 6760 6884 6790
f 6762 6885 6760
f 6760 6788 6761
f 6884 6760 6886
f 6886 6760 6885
f 6772 6757 6887
f 6757 6791 6758
f 6888 6757 6759
f 6887 6757 6769
f 6757 6888 6768
f 6889 6890 6891
f 6891 6892 6889
f 6893 6892 6894
f 6893 6889 6892
f 6895 6896 6897
f 6898 6897 6896
f 6898 6896 6890
f 6890 6889 6898
f 6895 6897 6899
f 6900 6901 6902
f 6903 6904 6905
f 6902 6903 6906
f 6905 6906 6903
f 6894 6907 6893
f 6894 6901 6907
f 6907 6901 6908
f 6908 6901 6900
f 6902 6906 6900
f 6899 6897 6909
f 6910 6911 6912
f 6911 6909 6897
f 6910 6912 6913
f 6912 6911 6897
f 6910 6913 6914
f 6915 6916 6917
f 6915 6914 6913
f 6917 6916 6918
f 6916 6915 6913
f 6918 6919 6920
f 6921 6922 6923
f 6924 6921 6925
f 6919 6924 6920
f 6920 6924 6925
f 6922 6926 6923
f 6923 6925 6921
f 6926 6927 6928
f 6926 6922 6927
f 6918 6920 6917
f 6905 6904 6929
f 6930 6931 6932
f 6932 6933 6934
f 6935 6933 6936
f 6935 6934 6933
f 6937 6938 6939
f 6937 6929 6904
f 6939 6938 6931
f 6939 6931 6930
f 6932 6934 6930
f 6936 6940 6935
f 6940 6936 6941
f 6942 6941 6943
f 6941 6942 6940
f 6944 6943 6945
f 6942 6943 6944
f 6946 6947 6948
f 6946 6944 6945
f 6947 6946 6945
f 6949 6950 6951
f 6952 6949 6953
f 6928 6952 6954
f 6954 6952 6953
f 6950 6955 6951
f 6951 6953 6949
f 6955 6956 6957
f 6955 6950 6956
f 6928 6954 6926
f 6958 6959 6960
f 6961 6962 6963
f 6960 6961 6964
f 6963 6964 6961
f 6957 6965 6966
f 6965 6957 6956
f 6959 6966 6965
f 6959 6958 6966
f 6960 6964 6958
f 6937 6904 6938
f 6967 6968 6969
f 6970 6969 6971
f 6968 6971 6969
f 6967 6972 6968
f 6973 6974 6975
f 6975 6972 6967
f 6973 6976 6974
f 6974 6972 6975
f 6977 6978 6979
f 6980 6981 6978
f 6979 6982 6977
f 6983 6970 6984
f 6971 6984 6970
f 6983 6982 6979
f 6984 6982 6983
f 6978 6981 6979
f 6985 6986 6987
f 6988 6989 6986
f 6985 6990 6991
f 6992 6993 6994
f 6995 6994 6993
f 6992 6996 6997
f 6990 6992 6991
f 6997 6993 6992
f 6991 6992 6994
f 6998 6999 7000
f 6999 6988 7000
f 6998 6976 6973
f 7000 6976 6998
f 6989 6988 6999
f 6987 6986 6989
f 6987 6990 6985
f 7001 7002 7003
f 7002 7004 7005
f 7003 7006 7001
f 7006 7003 6981
f 7004 7007 7005
f 7002 7005 7003
f 6981 6980 7006
f 7008 7007 7004
f 7008 7009 7007
f 7010 7007 7009
f 7010 7009 7011
f 7011 7012 7010
f 7013 7014 7012
f 7014 7013 7015
f 7015 7016 7014
f 7011 7013 7012
f 7017 7018 7016
f 7018 7019 7020
f 7017 7019 7018
f 7015 7017 7016
f 7021 7020 7022
f 7023 7024 7025
f 7024 7021 7022
f 7024 7022 7025
f 7023 7025 7026
f 7022 7020 7019
f 7027 7028 7029
f 7023 7026 7029
f 7030 7027 7031
f 7029 7031 7027
f 7026 7031 7029
f 7029 7028 7032
f 7033 7034 6995
f 7034 7033 7035
f 7035 7036 7034
f 7037 7038 7036
f 7039 7040 7038
f 7035 7037 7036
f 7041 7040 7042
f 7039 7038 7037
f 7043 7041 7042
f 7039 7042 7040
f 7044 7045 7046
f 7045 7044 7047
f 7047 7048 7045
f 7043 7044 7046
f 7046 7041 7043
f 7049 7050 7048
f 7050 7049 7051
f 7051 7052 7050
f 7047 7049 7048
f 7053 7052 7054
f 7051 7054 7052
f 7055 7053 7056
f 7054 7056 7053
f 7057 7058 7059
f 7060 7061 7062
f 7061 7063 7059
f 7057 7059 7063
f 7063 7061 7060
f 7055 7058 7057
f 7055 7056 7058
f 7064 7060 7062
f 7065 7066 7067
f 7068 7069 7070
f 7071 7067 7068
f 7072 7073 7074
f 7074 7066 7065
f 7072 7075 7073
f 7073 7066 7074
f 7067 7071 7065
f 7076 7077 7078
f 7078 7030 7076
f 7076 7079 7077
f 7078 7027 7030
f 7080 7069 7079
f 7079 7069 7077
f 7069 7080 7070
f 7070 7071 7068
f 7081 7082 7083
f 7084 7085 7086
f 7085 7087 7083
f 7083 7087 7081
f 7087 7085 7084
f 7081 7064 7082
f 7064 7062 7082
f 7088 7084 7086
f 7089 7090 7091
f 7091 7075 7072
f 7089 7092 7090
f 7090 7075 7091
f 7093 7088 7094
f 7086 7094 7088
f 7093 7092 7089
f 7094 7092 7093
f 6995 6993 7033
f 7095 6207 7096
f 7097 7098 7095
f 6207 7095 7098
f 7099 7098 7097
f 7098 7099 7100
f 7100 7101 7098
f 7102 7103 7101
f 7104 7103 7105
f 7103 7106 7107
f 7108 7104 7109
f 7110 7105 7111
f 7103 7107 7112
f 7104 7105 7109
f 7112 7111 7105
f 7112 7105 7103
f 7109 7105 7113
f 7109 7114 7115
f 7101 7116 7117
f 7118 7110 7119
f 7118 7120 7110
f 7121 7120 7118
f 7105 7110 7113
f 7113 7110 7122
f 7110 7111 7123
f 7124 7125 7121
f 7126 7120 7121
f 7125 7126 7121
f 7126 7127 7120
f 7122 7120 7127
f 7128 7122 7129
f 7130 7127 7126
f 7122 7110 7120
f 7131 7126 7125
f 7128 7114 7113
f 7121 7132 7124
f 7119 7123 7133
f 7125 7124 7134
f 7109 7115 7108
f 7135 7115 7136
f 7108 7115 7135
f 7137 7138 7136
f 7136 7138 7135
f 7139 7137 7140
f 7114 7141 7115
f 7136 7115 7141
f 7142 7140 7136
f 7143 7141 7114
f 7140 7144 7145
f 7139 7140 7145
f 7142 7144 7140
f 7136 7141 7142
f 7140 7137 7136
f 7146 7142 7141
f 7145 7147 7139
f 7109 7113 7114
f 7148 7145 7149
f 7150 7147 7148
f 7151 7150 7152
f 7148 7152 7150
f 7153 7151 7154
f 7145 7144 7149
f 7155 7152 7148
f 7155 7148 7149
f 7156 7149 7144
f 7157 7152 7158
f 7151 7157 7154
f 7153 7154 7159
f 7154 7157 7160
f 7157 7151 7152
f 7159 7154 7161
f 7159 7162 7153
f 7147 7145 7148
f 7163 7144 7142
f 7164 7143 7128
f 7143 7114 7128
f 7165 7163 7146
f 7163 7142 7146
f 7156 7144 7163
f 7166 7156 7163
f 7143 7146 7141
f 7143 7167 7146
f 7164 7167 7143
f 7128 7129 7164
f 7165 7146 7167
f 7168 7164 7129
f 7169 7163 7165
f 7169 7166 7163
f 7166 7170 7156
f 7170 7171 7156
f 7122 7127 7129
f 7155 7172 7158
f 7152 7155 7158
f 7173 7172 7155
f 7156 7171 7173
f 7158 7174 7160
f 7172 7174 7158
f 7154 7160 7161
f 7161 7160 7175
f 7160 7157 7158
f 7176 7172 7173
f 7176 7173 7171
f 7174 7172 7176
f 7177 7175 7160
f 7178 7161 7175
f 7179 7178 7175
f 7180 7177 7174
f 7160 7174 7177
f 7161 7181 7182
f 7173 7149 7156
f 7149 7173 7155
f 7159 7182 7183
f 7113 7122 7128
f 7184 7129 7127
f 7185 7186 7187
f 7188 7189 7185
f 7185 7187 7188
f 7189 7188 7125
f 7190 7130 7131
f 7131 7125 7188
f 7127 7130 7184
f 7191 7184 7130
f 7184 7168 7129
f 7192 7131 7188
f 7193 7187 7186
f 7192 7188 7187
f 7190 7131 7192
f 7192 7187 7194
f 7191 7195 7184
f 7130 7190 7191
f 7196 7197 7168
f 7191 7190 7198
f 7195 7168 7184
f 7190 7192 7199
f 7130 7126 7131
f 7125 7134 7189
f 7200 7195 7191
f 7201 7202 7203
f 7204 7205 6099
f 7206 7205 7204
f 7201 7207 7206
f 7203 7207 7201
f 7204 7201 7206
f 7201 7208 7202
f 7193 7186 7209
f 7210 7199 7194
f 7192 7194 7199
f 7190 7199 7198
f 7211 7198 7199
f 7194 7187 7193
f 7212 7194 7193
f 7208 7193 7209
f 7213 7208 7209
f 7208 7212 7193
f 7194 7212 7210
f 7210 7211 7199
f 7211 7214 7198
f 7200 7198 7214
f 7198 7200 7191
f 7215 7216 7167
f 7216 7165 7167
f 7197 7215 7167
f 7197 7217 7215
f 7218 7215 7217
f 7219 7218 7217
f 7220 7217 7197
f 7221 7222 7219
f 7223 7222 7221
f 7217 7221 7219
f 7224 7221 7217
f 7196 7168 7195
f 7225 7226 7227
f 7223 7226 7225
f 7228 7229 7225
f 7230 7231 7232
f 7233 7231 7229
f 7228 7231 7233
f 7221 7226 7223
f 7227 7226 7221
f 7200 7234 7195
f 7234 7196 7195
f 7235 7196 7234
f 7220 7196 7235
f 7224 7217 7220
f 7224 7220 7236
f 7196 7220 7197
f 7237 7234 7200
f 7237 7238 7234
f 7235 7234 7238
f 7239 7235 7238
f 7240 7236 7239
f 7235 7239 7236
f 7236 7240 7241
f 7236 7220 7235
f 7241 7227 7224
f 7214 7237 7200
f 7227 7242 7228
f 7228 7225 7227
f 7242 7227 7241
f 7224 7236 7241
f 7227 7221 7224
f 7243 7228 7242
f 7244 7242 7245
f 7241 7245 7242
f 7246 7242 7244
f 7244 7247 7246
f 7248 7249 7246
f 7249 7242 7246
f 7242 7250 7243
f 7240 7245 7241
f 7228 7232 7231
f 7197 7164 7168
f 7197 7167 7164
f 7159 7161 7182
f 7251 7162 7183
f 7252 7251 7253
f 7254 7251 7252
f 7183 7253 7251
f 7255 7253 7183
f 7182 7255 7183
f 7256 7252 7253
f 7255 7256 7253
f 7257 7255 7182
f 7256 7258 7252
f 7259 7252 7258
f 7260 7261 7259
f 7262 7258 7256
f 7259 7254 7252
f 7263 7256 7255
f 7259 7264 7254
f 7181 7161 7178
f 7259 7258 7260
f 7265 7264 7261
f 7266 7265 7267
f 7261 7267 7265
f 7268 7266 7269
f 7260 7270 7261
f 7267 7261 7270
f 7271 7269 7267
f 7272 7270 7260
f 7269 7271 7268
f 7268 7271 7273
f 7267 7270 7271
f 7269 7266 7267
f 7274 7271 7270
f 7264 7259 7261
f 7275 7260 7258
f 7276 7181 7277
f 7181 7178 7277
f 7257 7276 7278
f 7181 7276 7257
f 7263 7255 7257
f 7263 7257 7279
f 7181 7257 7182
f 7263 7279 7280
f 7279 7257 7278
f 7280 7262 7263
f 7281 7275 7262
f 7275 7258 7262
f 7272 7274 7270
f 7260 7275 7272
f 7282 7283 7274
f 7284 7274 7272
f 7262 7256 7263
f 7285 7272 7275
f 7281 7262 7286
f 7287 7285 7288
f 7288 7275 7281
f 7285 7275 7288
f 7289 7284 7285
f 7285 7284 7272
f 7288 7281 7290
f 7274 7283 7271
f 7280 7286 7262
f 7283 7273 7271
f 7291 7292 7293
f 7294 7291 7295
f 7292 7291 7294
f 7294 7295 7296
f 7297 7298 7299
f 7298 7296 7295
f 7297 7299 7300
f 7291 7273 7301
f 7302 7303 7304
f 7305 7302 7306
f 7307 7308 7309
f 7305 7310 7308
f 7311 7303 7300
f 7312 7307 7309
f 7313 7301 7283
f 7283 7301 7273
f 7301 7314 7291
f 7298 7295 7299
f 7300 7299 7311
f 7299 7295 7315
f 7291 7314 7295
f 7316 7311 7299
f 7282 7313 7283
f 7317 7314 7301
f 7313 7317 7301
f 7318 7313 7282
f 7317 7319 7314
f 7315 7314 7319
f 7316 7315 7320
f 7321 7319 7317
f 7315 7295 7314
f 7322 7317 7313
f 7315 7316 7299
f 7274 7284 7282
f 7306 7304 7323
f 7302 7304 7306
f 7305 7306 7310
f 7310 7306 7324
f 5998 7309 7325
f 7312 7309 5998
f 7325 7309 7310
f 7309 7308 7310
f 5996 5998 7325
f 7326 7327 7316
f 7327 7311 7316
f 7304 7327 7323
f 7323 7327 7328
f 7325 7324 7329
f 7310 7324 7325
f 5996 7325 6003
f 7330 7324 7323
f 7324 7306 7323
f 7315 7319 7320
f 7304 7311 7327
f 7304 7303 7311
f 7329 6003 7325
f 7293 7273 7291
f 7331 7282 7284
f 7332 7333 7334
f 7335 7336 7333
f 7337 7338 7339
f 7340 7339 7341
f 7342 7337 7340
f 7340 7337 7339
f 7334 7340 7332
f 7340 7334 7342
f 7343 7335 7344
f 7345 7332 7340
f 7333 7332 7335
f 7343 7336 7335
f 7343 7346 7347
f 7348 7288 7290
f 7349 7348 7350
f 7349 7350 7346
f 7343 7351 7349
f 7346 7343 7349
f 7351 7343 7344
f 7335 7332 7344
f 7352 7349 7353
f 7352 7288 7348
f 7287 7288 7352
f 7287 7352 7354
f 7352 7348 7349
f 7289 7287 7355
f 7285 7287 7289
f 7336 7343 7347
f 7356 7344 7332
f 7357 7358 7340
f 7358 7345 7340
f 7345 7356 7332
f 7359 7345 7358
f 7351 7344 7360
f 7358 7357 7361
f 7361 7362 7358
f 7362 7359 7358
f 7363 7356 7364
f 7345 7359 7364
f 7356 7363 7360
f 7345 7364 7356
f 7356 7360 7344
f 7360 7365 7351
f 7353 7351 7365
f 7366 7353 7365
f 7354 7353 7366
f 7287 7354 7355
f 7355 7354 7367
f 7354 7352 7353
f 7368 7365 7360
f 7368 7369 7365
f 7366 7365 7369
f 7370 7366 7369
f 7371 7367 7370
f 7366 7370 7367
f 7367 7371 7372
f 7367 7354 7366
f 7373 7355 7372
f 7363 7368 7360
f 7353 7349 7351
f 7373 7331 7289
f 7374 7318 7331
f 7318 7282 7331
f 7322 7321 7317
f 7313 7318 7322
f 7321 7375 7319
f 7376 7321 7322
f 7289 7331 7284
f 7377 7322 7318
f 7378 7374 7373
f 7374 7331 7373
f 7377 7318 7374
f 7379 7377 7374
f 7376 7380 7321
f 7322 7377 7376
f 7381 7382 7375
f 7383 7380 7376
f 7380 7375 7321
f 7384 7376 7377
f 7320 7382 7326
f 7289 7355 7373
f 7328 7326 7385
f 7327 7326 7328
f 7329 7330 7386
f 7324 7330 7329
f 6003 7329 6074
f 7387 7330 7328
f 7330 7323 7328
f 7386 6074 7329
f 7388 7385 7382
f 7326 7382 7385
f 7328 7385 7387
f 7387 7385 7389
f 6077 7386 7390
f 6074 7386 6077
f 7390 7386 7387
f 7386 7330 7387
f 7375 7380 7381
f 7320 7375 7382
f 7326 7316 7320
f 7390 6078 6077
f 7391 7378 7372
f 7378 7373 7372
f 7379 7384 7377
f 7374 7378 7379
f 7384 7383 7376
f 7392 7384 7379
f 7380 7393 7381
f 7394 7379 7378
f 7394 7378 7391
f 7392 7379 7394
f 7395 7383 7396
f 7384 7392 7396
f 7383 7395 7393
f 7383 7384 7396
f 7383 7393 7380
f 7371 7391 7372
f 7393 7397 7381
f 7388 7381 7397
f 7398 7389 7388
f 7399 7397 7393
f 7390 7389 7400
f 7387 7389 7390
f 6078 7390 6095
f 7388 7397 7398
f 7389 7385 7388
f 6095 7390 7400
f 7399 7401 7397
f 7398 7397 7401
f 7402 7398 7401
f 6320 7400 7402
f 7398 7402 7400
f 6095 7400 6320
f 7400 7389 7398
f 7395 7399 7393
f 7388 7382 7381
f 7355 7367 7372
f 7319 7375 7320
f 7159 7183 7162
f 7403 7273 7293
f 7404 7273 7403
f 7273 7404 7268
f 7116 7101 7100
f 7117 7102 7101
f 7102 7106 7103
f 7107 7106 7405
f 7405 7112 7107
f 7123 7119 7110
f 7133 7123 7111
f 7132 7121 7118
f 7208 7213 7202
f 7242 7248 7250
f 7249 7248 7242
f 7406 7228 7243
f 7228 7406 7232
f 7233 7229 7228
f 7177 7180 7175
f 7178 7179 7277
f 7342 7334 7337
f 7341 7357 7340
f 7407 7408 7409
f 7410 7411 7409
f 7409 7408 7410
f 7410 7412 7413
f 7413 7414 7410
f 7410 7414 7411
f 6364 7415 7416
f 7417 7418 7419
f 7415 7417 7420
f 7416 6365 6364
f 7419 7420 7417
f 7421 7419 7418
f 7416 7415 7420
f 7418 7422 7421
f 7423 7424 7425
f 7425 7426 7427
f 7428 7429 7426
f 7422 7430 7421
f 7422 7424 7430
f 7430 7424 7423
f 7423 7425 7427
f 7426 7429 7427
f 7431 7432 7433
f 7434 7433 7432
f 7432 7435 7434
f 7436 7437 7438
f 7435 7432 7438
f 7438 7432 7436
f 7439 7440 7441
f 7440 7442 7441
f 7439 7443 7440
f 7439 7444 7445
f 7444 7439 7446
f 7443 7439 7445
f 7447 7448 7449
f 7450 7451 7452
f 7448 7451 7450
f 6416 6415 7453
f 7453 6415 7447
f 7453 7447 7449
f 7448 7450 7449
f 7451 7454 7452
f 7455 7456 7457
f 7457 7458 7459
f 7460 7459 7458
f 7452 7454 7461
f 7459 7455 7457
f 7462 7459 7460
f 7461 7456 7455
f 7461 7454 7456
f 7463 7464 7465
f 7465 7466 7463
f 7463 7467 7464
f 7463 7468 7469
f 7469 7468 7470
f 7467 7463 7469
f 7471 7472 7473
f 7474 7475 7471
f 7472 7476 7477
f 7476 7478 7479
f 7477 7473 7472
f 7474 7480 7475
f 7481 7482 7483
f 7484 7483 7482
f 7481 7483 7485
f 7478 7476 7472
f 7475 7480 7485
f 7471 7475 7472
f 7481 7485 7480
f 7486 7487 7488
f 7488 7489 7490
f 7491 7492 7487
f 7493 7494 7492
f 7487 7486 7491
f 7489 7495 7490
f 7496 7497 7498
f 7497 7496 7499
f 7500 7496 7498
f 7487 7492 7494
f 7500 7495 7489
f 7487 7489 7488
f 7495 7500 7498
f 7501 7502 7503
f 7503 7504 7501
f 7505 7506 7507
f 7507 7506 7508
f 7509 7510 7511
f 7511 7506 7505
f 7512 7513 7508
f 7514 7515 7516
f 7514 7516 7517
f 7512 7508 7506
f 7515 7512 7516
f 7515 7513 7512
f 7506 7511 7510
f 7518 7519 7520
f 7519 7518 7521
f 7522 7523 7521
f 7523 7522 7524
f 7510 7525 7520
f 7523 7524 7526
f 7519 7521 7523
f 7527 7528 7529
f 7530 7528 7526
f 7530 7526 7524
f 7528 7531 7526
f 7510 7520 7519
f 7510 7509 7525
f 7514 7517 7532
f 7533 7534 7517
f 7532 7517 7534
f 7535 7533 7536
f 7536 7537 7538
f 7537 7539 7540
f 7533 7535 7534
f 7536 7538 7541
f 7537 7542 7538
f 7543 7537 7540
f 7540 7539 7544
f 7543 7542 7537
f 7535 7536 7541
f 7545 7544 7539
f 7546 7547 7548
f 7549 7547 7550
f 7528 7527 7550
f 7547 7531 7550
f 7531 7528 7550
f 7551 7546 7552
f 7553 7554 7551
f 7551 7552 7553
f 7549 7548 7547
f 7555 7546 7548
f 7552 7546 7555
f 7551 7554 7539
f 7554 7545 7539
f 7556 7557 7558
f 7557 7556 7559
f 7560 7561 7562
f 7562 7561 7563
f 7564 7565 7566
f 7566 7561 7560
f 7567 7568 7563
f 7569 7570 7571
f 7569 7571 7572
f 7567 7563 7561
f 7570 7567 7571
f 7570 7568 7567
f 7561 7566 7565
f 7573 7574 7575
f 7574 7573 7576
f 7577 7578 7576
f 7578 7577 7579
f 7565 7580 7575
f 7578 7579 7581
f 7574 7576 7578
f 7582 7583 7584
f 7585 7583 7581
f 7585 7581 7579
f 7583 7586 7581
f 7565 7575 7574
f 7565 7564 7580
f 7569 7572 7587
f 7588 7589 7572
f 7587 7572 7589
f 7590 7588 7591
f 7591 7592 7593
f 7592 7594 7595
f 7588 7590 7589
f 7591 7593 7596
f 7592 7597 7593
f 7598 7592 7595
f 7595 7594 7599
f 7598 7597 7592
f 7590 7591 7596
f 7600 7599 7594
f 7601 7602 7603
f 7604 7602 7582
f 7584 7605 7582
f 7602 7586 7582
f 7586 7583 7582
f 7606 7601 7607
f 7608 7609 7606
f 7606 7607 7608
f 7604 7603 7602
f 7610 7601 7603
f 7607 7601 7610
f 7606 7609 7594
f 7609 7600 7594
f 7611 7612 7613
f 7614 7611 7615
f 7616 7611 7613
f 7617 7611 7616
f 7617 7615 7611
f 7615 7618 7614
f 7619 7620 7621
f 7620 7619 7622
f 7623 7619 7621
f 7623 7618 7624
f 7624 7625 7623
f 7623 7621 7618
f 7614 7618 7621
f 7626 7627 7628
f 7628 7629 7626
f 7630 7631 7632
f 7633 7630 7632
f 7634 7628 7627
f 7635 7636 7637
f 7637 7633 7635
f 7636 7635 7634
f 7634 7627 7636
f 7630 7633 7637
f 7638 7639 7640
f 7641 7640 7642
f 7638 7640 7643
f 7643 7640 7644
f 7640 7641 7644
f 7642 7645 7641
f 7646 7647 7645
f 7648 7645 7647
f 7645 7649 7641
f 7650 7651 7649
f 7649 7652 7650
f 7641 7649 7651
f 7642 7646 7645
f 7653 7654 6443
f 7655 7656 7657
f 7658 7657 7654
f 7653 6443 6442
f 7658 7655 7657
f 7654 7653 7658
f 7655 7659 7656
f 7659 7660 7656
f 7661 7662 7663
f 6438 6437 7664
f 7665 7664 7662
f 7666 7660 7659
f 7662 7661 7665
f 7664 7665 6438
f 7661 7663 7666
f 7663 7660 7666
f 7667 7668 6461
f 7669 7670 7671
f 7672 7671 7668
f 7667 6461 6460
f 7672 7669 7671
f 7668 7667 7672
f 7669 7673 7670
f 7673 7674 7670
f 7675 7676 7677
f 6456 6455 7678
f 7679 7678 7676
f 7680 7674 7673
f 7676 7675 7679
f 7678 7679 6456
f 7675 7677 7680
f 7677 7674 7680
f 7681 7682 7683
f 7684 7681 7683
f 7685 7686 7682
f 7682 7686 7683
f 7685 7682 7687
f 7684 7688 7681
f 7689 7690 7691
f 7692 7691 7693
f 7681 7688 7689
f 7692 7689 7691
f 7693 7694 7692
f 7689 7688 7690
f 7695 7696 7697
f 7698 7697 7696
f 7695 7699 7700
f 7701 7700 7699
f 7687 7698 7702
f 7703 7701 7699
f 7699 7695 7697
f 7704 7703 7705
f 7704 7701 7703
f 7706 7705 7703
f 7697 7698 7687
f 7702 7685 7687
f 7707 7694 7708
f 7709 7707 7710
f 7711 7712 7709
f 7713 7714 7712
f 7708 7710 7707
f 7715 7711 7709
f 7712 7711 7716
f 7713 7717 7714
f 7712 7716 7713
f 7709 7710 7715
f 7714 7717 7718
f 7719 7720 7721
f 7706 7720 7722
f 7706 7722 7723
f 7722 7720 7719
f 7720 7724 7721
f 7706 7723 7705
f 7725 7718 7726
f 7718 7725 7714
f 7725 7726 7727
f 7728 7721 7724
f 7724 7727 7728
f 7724 7725 7727
f 7707 7692 7694
f 7729 7730 7731
f 7732 7729 7731
f 7733 7734 7730
f 7730 7734 7731
f 7733 7730 7735
f 7732 7736 7729
f 7737 7738 7739
f 7740 7739 7741
f 7729 7736 7737
f 7740 7737 7739
f 7741 7742 7740
f 7737 7736 7738
f 7743 7744 7745
f 7746 7745 7744
f 7743 7747 7748
f 7749 7748 7747
f 7735 7746 7750
f 7751 7749 7747
f 7747 7743 7745
f 7752 7751 7753
f 7752 7749 7751
f 7754 7753 7751
f 7745 7746 7735
f 7750 7733 7735
f 7755 7742 7756
f 7757 7755 7758
f 7759 7760 7757
f 7761 7762 7760
f 7756 7758 7755
f 7759 7757 7763
f 7760 7759 7764
f 7761 7765 7762
f 7760 7764 7761
f 7763 7757 7758
f 7762 7765 7766
f 7767 7768 7769
f 7754 7768 7770
f 7754 7770 7771
f 7770 7768 7767
f 7768 7772 7769
f 7754 7771 7753
f 7773 7766 7774
f 7766 7773 7762
f 7773 7774 7775
f 7776 7769 7772
f 7772 7775 7776
f 7772 7773 7775
f 7755 7740 7742
f 7777 7778 7779
f 7780 7781 7782
f 7781 7783 7778
f 7784 7785 7786
f 7786 7787 7788
f 7777 7789 7787
f 7785 7784 7790
f 7791 6487 6486
f 7782 6487 7791
f 7782 7791 7780
f 7783 7781 7780
f 7789 7777 7779
f 7788 7787 7789
f 7783 7779 7778
f 7788 7784 7786
f 7790 7792 7785
f 7793 7794 7795
f 7796 7797 7798
f 7799 7796 7794
f 7800 7798 7801
f 7802 6470 7803
f 7804 7800 7805
f 7803 7804 7806
f 7793 7792 7790
f 7796 7799 7797
f 7799 7794 7793
f 7800 7801 7805
f 7803 7806 7802
f 6470 7802 6482
f 7806 7804 7805
f 7801 7798 7797
f 7795 7792 7793
f 7807 7808 7809
f 7810 7811 6521
f 7812 7808 7811
f 7813 7814 7815
f 7816 7817 7807
f 7817 7818 7814
f 7813 7819 7820
f 6521 6520 7810
f 7808 7812 7809
f 7812 7811 7810
f 7817 7816 7818
f 7813 7815 7819
f 7819 7821 7822
f 7815 7814 7818
f 7816 7807 7809
f 7822 7820 7819
f 7823 7824 7821
f 7825 7824 7823
f 7825 7826 7827
f 7828 7827 7829
f 7830 7831 7832
f 7833 7832 7834
f 7834 7828 7835
f 7826 7825 7823
f 7835 7828 7829
f 7826 7829 7827
f 7833 7830 7832
f 7834 7835 7833
f 7836 7831 7830
f 6515 7836 6516
f 6515 7831 7836
f 7822 7821 7824
f 7837 7838 7839
f 7840 7839 7838
f 7841 7842 7840
f 7838 7841 7840
f 7843 7844 7845
f 7846 7844 7843
f 7847 7848 7846
f 7844 7846 7848
f 7849 7850 7851
f 7851 7852 7849
f 7850 7849 7853
f 7853 7854 7850
f 7837 7839 7855
f 7854 7856 7855
f 7837 7855 7856
f 7853 7856 7854
f 7857 7858 7859
f 7857 7860 7858
f 7861 7858 7860
f 7862 7861 7860
f 7863 7845 7864
f 7862 7863 7864
f 7843 7845 7863
f 7861 7862 7864
f 7865 7866 7867
f 7868 7865 7867
f 7869 7870 7871
f 7871 7868 7867
f 7870 7868 7871
f 7872 7867 7866
f 7873 7867 7872
f 7873 7874 7875
f 7866 7876 7872
f 7877 7878 7875
f 7877 7879 7880
f 7878 7877 7880
f 7874 7877 7875
f 7867 7873 7875
f 7870 7869 7881
f 7869 7882 7881
f 7883 7881 7882
f 7884 7883 7882
f 7885 7886 7887
f 7887 7884 7885
f 7883 7884 7887
f 7879 7888 7889
f 7890 7891 7888
f 7889 7888 7891
f 7880 7879 7889
f 7890 7892 7893
f 7892 7890 7894
f 7891 7890 7893
