v 0.004031994845718145 0.07189214974641801 0.001978932414203882
v -0.00392800522968173 0.07189214974641801 0.001978932414203882
v -0.00392800522968173 0.07224901765584947 0.0022173824254423376
v 0.004031994845718145 0.07224901765584947 0.0022173824254423376
v -0.00392800522968173 0.07266996800899507 0.0023011148441582914
v 0.004031994845718145 0.07266996800899507 0.0023011148441582914
v 0.004031994845718145 0.07165370136499406 0.0016220666002482174
v -0.00392800522968173 0.07165370136499406 0.0016220666002482174
v 0.004031994845718145 0.07224901765584947 0.00018484742031432686
v 0.004031994845718145 0.07266996800899507 0.00010111489973496644
v -0.00392800522968173 0.07266996800899507 0.00010111489973496644
v 0.004031994845718145 0.07165370136499406 0.0007801630999892949
v -0.00392800522968173 0.07165370136499406 0.0007801630999892949
v -0.00392800522968173 0.07156997174024583 0.001201114850118756
v -0.00392800522968173 0.07224901765584947 0.00018484742031432686
v -0.00392800522968173 0.07189214974641801 0.0004232974315527826
v 0.004031994845718145 0.07189214974641801 0.0004232974315527826
v 0.004031994845718145 0.07156997174024583 0.001201114850118756
v 0.004031994845718145 0.06593890488147737 0.0027265229728072877
v -0.00392800522968173 0.06593890488147737 0.0027265229728072877
v -0.00392800522968173 0.06629577279090883 0.0029649729840457435
v 0.004031994845718145 0.06629577279090883 0.0029649729840457435
v -0.00392800522968173 0.06671673059463502 0.0030487054027616973
v 0.004031994845718145 0.06671673059463502 0.0030487054027616973
v 0.004031994845718145 0.06570045650005342 0.0023696573916822668
v -0.00392800522968173 0.06570045650005342 0.0023696573916822668
v 0.004031994845718145 0.06629577279090883 0.0009324379498139023
v 0.004031994845718145 0.06671673059463502 0.0008487054728902875
v -0.00392800522968173 0.06671673059463502 0.0008487054728902875
v 0.004031994845718145 0.06570045650005342 0.0015277536585927007
v -0.00392800522968173 0.06570045650005342 0.0015277536585927007
v -0.00392800522968173 0.06561671942472459 0.001948705408722162
v -0.00392800522968173 0.06629577279090883 0.0009324379498139023
v -0.00392800522968173 0.06593890488147737 0.001170887961052358
v 0.004031994845718145 0.06593890488147737 0.001170887961052358
v 0.004031994845718145 0.06561671942472459 0.001948705408722162
v -0.0017480053938925266 0.05171174928545953 0.005319410003721713
v -0.017548006027936935 0.05171174928545953 0.005319410003721713
v -0.017548006027936935 0.05206861346960069 0.005557859782129525
v -0.0017480053938925266 0.05206861346960069 0.005557859782129525
v -0.017548006027936935 0.05248956754803659 0.005641592666506766
v -0.0017480053938925266 0.05248956754803659 0.005641592666506766
v -0.0017480053938925266 0.05147330090403558 0.004962544422596692
v -0.017548006027936935 0.05147330090403558 0.004962544422596692
v -0.0017480053938925266 0.05206861346960069 0.0035253250971436496
v -0.0017480053938925266 0.05248956754803659 0.003441592445597052
v -0.017548006027936935 0.05248956754803659 0.003441592445597052
v -0.0017480053938925266 0.05147330090403558 0.00412064092233777
v -0.017548006027936935 0.05147330090403558 0.00412064092233777
v -0.017548006027936935 0.051389567553997054 0.004541592672467231
v -0.017548006027936935 0.05206861346960069 0.0035253250971436496
v -0.017548006027936935 0.05171174928545953 0.0037637751083821054
v -0.0017480053938925266 0.05171174928545953 0.0037637751083821054
v -0.0017480053938925266 0.051389567553997054 0.004541592672467231
v 0.0176519937813282 0.05171174928545953 0.005319410003721713
v 0.0018519946606829762 0.05171174928545953 0.005319410003721713
v 0.0018519946606829762 0.05206861346960069 0.005557859782129525
v 0.0176519937813282 0.05206861346960069 0.005557859782129525
v 0.0018519946606829762 0.05248956754803659 0.005641592666506766
v 0.0176519937813282 0.05248956754803659 0.005641592666506766
v 0.0176519937813282 0.05147330090403558 0.004962544422596692
v 0.0018519946606829762 0.05147330090403558 0.004962544422596692
v 0.0176519937813282 0.05206861346960069 0.0035253250971436496
v 0.0176519937813282 0.05248956754803659 0.003441592445597052
v 0.0018519946606829762 0.05248956754803659 0.003441592445597052
v 0.0176519937813282 0.05147330090403558 0.00412064092233777
v 0.0018519946606829762 0.05147330090403558 0.00412064092233777
v 0.0018519946606829762 0.051389567553997054 0.004541592672467231
v 0.0018519946606829762 0.05206861346960069 0.0035253250971436496
v 0.0018519946606829762 0.05171174928545953 0.0037637751083821054
v 0.0176519937813282 0.05171174928545953 0.0037637751083821054
v 0.0176519937813282 0.051389567553997054 0.004541592672467231
v -0.017548006027936935 0.05471672490239145 0.0015895613469183443
v -0.0017480053938925266 0.05448183417320253 0.0015456357505172489
v -0.017548006027936935 0.05446310713887216 0.0015645821113139389
v -0.0017480053938925266 0.05471672490239145 0.0015895613469183443
v -0.017548006027936935 0.05421923846006395 0.0014906045980751512
v -0.0017480053938925266 0.05424694344401361 0.0015017101541161535
v -0.017548006027936935 0.053994484245777144 0.001370471785776317
v -0.0017480053938925266 0.053840655833482756 0.0012500302400439975
v -0.017548006027936935 0.05379748716950418 0.001208800124004483
v -0.017548006027936935 0.05363581329584123 0.0010118025820702312
v -0.0017480053938925266 0.053552772849798216 0.0008685376960784196
v -0.017548006027936935 0.053441703319549574 0.0005431787576526402
v -0.017548006027936935 0.05351568385958673 0.000787049764767289
v 0.0018519946606829762 0.05448183417320253 0.0015456357505172489
v 0.0176519937813282 0.05446310713887216 0.0015645821113139389
v 0.0018519946606829762 0.05424694344401361 0.0015017101541161535
v 0.0018519946606829762 0.05471672490239145 0.0015895613469183443
v 0.0176519937813282 0.05471672490239145 0.0015895613469183443
v 0.0176519937813282 0.05421923846006395 0.0014906045980751512
v 0.0176519937813282 0.053994484245777144 0.001370471785776317
v 0.0018519946606829762 0.053840655833482756 0.0012500302400439975
v 0.0176519937813282 0.05379748716950418 0.001208800124004483
v 0.0018519946606829762 0.053552772849798216 0.0008685376960784196
v 0.0176519937813282 0.05363581329584123 0.0010118025820702312
v 0.0176519937813282 0.05351568385958673 0.000787049764767289
v 0.0176519937813282 0.053441703319549574 0.0005431787576526402
v 0.0018519946606829762 0.053422201424837126 0.0004087932466063648
v -0.0017480053938925266 0.053422201424837126 0.0004087932466063648
v -0.0017480053938925266 0.05447926744818689 -0.000988567480817437
v 0.0176519937813282 0.05471672490239145 -0.0010104386601597069
v -0.017548006027936935 0.05471672490239145 -0.0010104386601597069
v -0.0017480053938925266 0.053466599434614195 -6.70661320327781e-05
v -0.017548006027936935 0.053441703319549574 3.5943885450251394e-05
v -0.017548006027936935 0.05341672524809839 0.0002895613142754882
v -0.017548006027936935 0.05351568385958673 -0.00020792715076822785
v -0.0017480053938925266 0.053679954260587706 -0.000494725303724408
v -0.017548006027936935 0.05363581329584123 -0.0004326800117269158
v -0.0017480053938925266 0.05403343588113786 -0.0008163838065229355
v -0.017548006027936935 0.053994484245777144 -0.0007913491572253405
v -0.017548006027936935 0.05379748716950418 -0.0006296775536611675
v -0.017548006027936935 0.05421923846006395 -0.0009114820859394966
v -0.017548006027936935 0.05446310713887216 -0.0009854595409706233
v 0.0176519937813282 0.05341672524809839 0.0002895613142754882
v 0.0018519946606829762 0.053466599434614195 -6.70661320327781e-05
v 0.0176519937813282 0.053441703319549574 3.5943885450251394e-05
v 0.0176519937813282 0.05351568385958673 -0.00020792715076822785
v 0.0176519937813282 0.05363581329584123 -0.0004326800117269158
v 0.0018519946606829762 0.053679954260587706 -0.000494725303724408
v 0.0176519937813282 0.05379748716950418 -0.0006296775536611675
v 0.0018519946606829762 0.05403343588113786 -0.0008163838065229355
v 0.0176519937813282 0.05421923846006395 -0.0009114820859394966
v 0.0018519946606829762 0.05447926744818689 -0.000988567480817437
v 0.0176519937813282 0.053994484245777144 -0.0007913491572253405
v 0.0176519937813282 0.05446310713887216 -0.0009854595409706233
v 0.0176519937813282 0.05093019455671312 0.004183321725577115
v 0.0176519937813282 0.05089032649993898 0.004590908996760844
v 0.016851995140314102 0.05015050992369653 0.004004186484962701
v 0.016851995140314102 0.05009070783853532 0.004615566693246364
v 0.0176519937813282 0.05095523595809938 0.004995265044271945
v 0.016851995140314102 0.05036355182528497 0.0034280137624591585
v 0.0176519937813282 0.05107222497463228 0.003799206810072064
v 0.016851995140314102 0.050188064575195326 0.005222101230174302
v 0.0176519937813282 0.05248956754803659 0.006141592282801866
v 0.016851995140314102 0.05248956754803659 0.006941592786461114
v 0.016851995140314102 0.05188032239675523 0.006862975656986236
v 0.016851995140314102 0.050436206161975874 0.005784051958471536
v 0.0176519937813282 0.05112065747380258 0.0053698988631367675
v 0.0176519937813282 0.05137576907873155 0.00569026730954647
v 0.0176519937813282 0.051703847944736495 0.005935380235314368
v 0.0176519937813282 0.052083402872085585 0.006089181173592805
v 0.016851995140314102 0.051310990005731597 0.006632274482399224
v 0.016851995140314102 0.05081887170672418 0.006264604162424802
v 0.004051994998008013 0.06592476367950441 0.001156745827756822
v 0.0176519937813282 0.06592476367950441 0.001156745827756822
v 0.0176519937813282 0.06628811359405519 0.0009139603353105484
v 0.004051994998008013 0.06628811359405519 0.0009139603353105484
v 0.0176519937813282 0.06671673059463502 0.000828705437015742
v 0.004051994998008013 0.06568197906017305 0.0015201000496745107
v 0.004051994998008013 0.06671673059463502 0.000828705437015742
v 0.0176519937813282 0.06568197906017305 0.0015201000496745107
v 0.004051994998008013 0.06628811359405519 0.0029834504239261146
v 0.004051994998008013 0.06671673059463502 0.0030687055550515647
v 0.0176519937813282 0.06671673059463502 0.0030687055550515647
v 0.004051994998008013 0.06559672206640245 0.001948705408722162
v 0.0176519937813282 0.06559672206640245 0.001948705408722162
v 0.004051994998008013 0.06568197906017305 0.0023773110006004568
v 0.0176519937813282 0.06592476367950441 0.00274066487327218
v 0.0176519937813282 0.06568197906017305 0.0023773110006004568
v 0.0176519937813282 0.06628811359405519 0.0029834504239261146
v 0.004051994998008013 0.06592476367950441 0.00274066487327218
v 0.004051994998008013 0.07187800854444505 0.00040915529825724656
v 0.0176519937813282 0.07187800854444505 0.00040915529825724656
v 0.0176519937813282 0.07224136590957643 0.00016636982036288825
v 0.004051994998008013 0.07224136590957643 0.00016636982036288825
v 0.0176519937813282 0.07266996800899507 8.111489296425133e-05
v 0.004051994998008013 0.07266996800899507 8.111489296425133e-05
v 0.004051994998008013 0.07163522392511369 0.000772509432863444
v 0.0176519937813282 0.07163522392511369 0.000772509432863444
v 0.004051994998008013 0.07224136590957643 0.0022358598653227086
v 0.004051994998008013 0.07266996800899507 0.002321114996448159
v 0.0176519937813282 0.07266996800899507 0.002321114996448159
v 0.004051994998008013 0.07163522392511369 0.0016297203255817292
v 0.0176519937813282 0.07163522392511369 0.0016297203255817292
v 0.0176519937813282 0.07154996693134309 0.001201114850118756
v 0.004051994998008013 0.07187800854444505 0.001993074547499418
v 0.0176519937813282 0.07224136590957643 0.0022358598653227086
v 0.0176519937813282 0.07187800854444505 0.001993074547499418
v 0.004051994998008013 0.07154996693134309 0.001201114850118756
v -0.003948005381971598 0.06592476367950441 0.00274066487327218
v -0.017548006027936935 0.06592476367950441 0.00274066487327218
v -0.017548006027936935 0.06628811359405519 0.0029834504239261146
v -0.003948005381971598 0.06628811359405519 0.0029834504239261146
v -0.017548006027936935 0.06671673059463502 0.0030687055550515647
v -0.003948005381971598 0.06671673059463502 0.0030687055550515647
v -0.003948005381971598 0.06568197906017305 0.0023773110006004568
v -0.017548006027936935 0.06568197906017305 0.0023773110006004568
v -0.003948005381971598 0.06628811359405519 0.0009139603353105484
v -0.003948005381971598 0.06671673059463502 0.000828705437015742
v -0.017548006027936935 0.06671673059463502 0.000828705437015742
v -0.003948005381971598 0.06568197906017305 0.0015201000496745107
v -0.017548006027936935 0.06568197906017305 0.0015201000496745107
v -0.017548006027936935 0.06559672206640245 0.001948705408722162
v -0.017548006027936935 0.06628811359405519 0.0009139603353105484
v -0.017548006027936935 0.06592476367950441 0.001156745827756822
v -0.003948005381971598 0.06592476367950441 0.001156745827756822
v -0.003948005381971598 0.06559672206640245 0.001948705408722162
v -0.003948005381971598 0.07187800854444505 0.001993074547499418
v -0.017548006027936935 0.07187800854444505 0.001993074547499418
v -0.017548006027936935 0.07224136590957643 0.0022358598653227086
v -0.003948005381971598 0.07224136590957643 0.0022358598653227086
v -0.017548006027936935 0.07266996800899507 0.002321114996448159
v -0.003948005381971598 0.07266996800899507 0.002321114996448159
v -0.003948005381971598 0.07163522392511369 0.0016297203255817292
v -0.017548006027936935 0.07163522392511369 0.0016297203255817292
v -0.003948005381971598 0.07224136590957643 0.00016636982036288825
v -0.003948005381971598 0.07266996800899507 8.111489296425133e-05
v -0.017548006027936935 0.07266996800899507 8.111489296425133e-05
v -0.003948005381971598 0.07163522392511369 0.000772509432863444
v -0.017548006027936935 0.07163522392511369 0.000772509432863444
v -0.017548006027936935 0.07154996693134309 0.001201114850118756
v -0.017548006027936935 0.07224136590957643 0.00016636982036288825
v -0.017548006027936935 0.07187800854444505 0.00040915529825724656
v -0.003948005381971598 0.07187800854444505 0.00040915529825724656
v -0.003948005381971598 0.07154996693134309 0.001201114850118756
v -0.016748005524277687 0.05248956754803659 0.006941592786461114
v -0.0017480053938925266 0.05248956754803659 0.006941592786461114
v -0.016748005524277687 0.052788604050874724 0.006922889966517686
v -0.0017480053938925266 0.052788604050874724 0.006922889966517686
v -0.00392800522968173 0.06773299723863603 0.0023696573916822668
v -0.00392800522968173 0.06749454140663148 0.0027265229728072877
v -0.003948005381971598 0.06750868260860445 0.00274066487327218
v -0.00392800522968173 0.06713768094778062 0.0029649729840457435
v -0.003948005381971598 0.06714533269405366 0.0029834504239261146
v -0.00392800522968173 0.06671673059463502 0.0030487054027616973
v -0.003948005381971598 0.06671673059463502 0.0030687055550515647
v -0.003948005381971598 0.0677514746785164 0.0023773110006004568
v -0.00392800522968173 0.06713768094778062 0.0009324379498139023
v -0.003948005381971598 0.06671673059463502 0.000828705437015742
v -0.00392800522968173 0.06671673059463502 0.0008487054728902875
v -0.003948005381971598 0.0678367242217064 0.001948705408722162
v -0.00392800522968173 0.06773299723863603 0.0015277536585927007
v -0.00392800522968173 0.06781672686338426 0.001948705408722162
v -0.003948005381971598 0.06750868260860445 0.001156745827756822
v -0.00392800522968173 0.06749454140663148 0.001170887961052358
v -0.003948005381971598 0.06714533269405366 0.0009139603353105484
v -0.003948005381971598 0.0677514746785164 0.0015201000496745107
v -0.003948005381971598 0.07309857010841371 0.0022358598653227086
v -0.00392800522968173 0.07344778627157213 0.001978932414203882
v -0.00392800522968173 0.07309091836214067 0.0022173824254423376
v -0.00392800522968173 0.07368623465299608 0.0016220666002482174
v -0.003948005381971598 0.07346192747354509 0.001993074547499418
v -0.00392800522968173 0.07266996800899507 0.0023011148441582914
v -0.003948005381971598 0.07266996800899507 0.002321114996448159
v -0.003948005381971598 0.07370471209287645 0.0016297203255817292
v -0.00392800522968173 0.07309091836214067 0.00018484742031432686
v -0.003948005381971598 0.07266996800899507 8.111489296425133e-05
v -0.00392800522968173 0.07266996800899507 0.00010111489973496644
v -0.003948005381971598 0.07378996908664705 0.001201114850118756
v -0.00392800522968173 0.07368623465299608 0.0007801630999892949
v -0.00392800522968173 0.07376996427774431 0.001201114850118756
v -0.003948005381971598 0.07346192747354509 0.00040915529825724656
v -0.00392800522968173 0.07344778627157213 0.0004232974315527826
v -0.003948005381971598 0.07309857010841371 0.00016636982036288825
v -0.003948005381971598 0.07370471209287645 0.000772509432863444
v 0.016851995140314102 0.05015050992369653 0.004004186484962701
v 0.016851995140314102 0.05009070783853532 0.004615566693246364
v 0.0018519946606829762 0.05009070783853532 0.004615566693246364
v 0.016851995140314102 0.05036355182528497 0.0034280137624591585
v 0.0018519946606829762 0.05015050992369653 0.004004186484962701
v 0.0018519946606829762 0.050188064575195326 0.005222101230174302
v 0.0018519946606829762 0.05036355182528497 0.0034280137624591585
v 0.016851995140314102 0.050188064575195326 0.005222101230174302
v 0.016851995140314102 0.05248956754803659 0.006941592786461114
v 0.0018519946606829762 0.05248956754803659 0.006941592786461114
v 0.0018519946606829762 0.05188032239675523 0.006862975656986236
v 0.016851995140314102 0.050436206161975874 0.005784051958471536
v 0.0018519946606829762 0.050436206161975874 0.005784051958471536
v 0.016851995140314102 0.05081887170672418 0.006264604162424802
v 0.016851995140314102 0.051310990005731597 0.006632274482399224
v 0.0018519946606829762 0.051310990005731597 0.006632274482399224
v 0.0018519946606829762 0.05081887170672418 0.006264604162424802
v 0.016851995140314102 0.05188032239675523 0.006862975656986236
v 0.004051994998008013 0.06628811359405519 0.0029834504239261146
v 0.004031994845718145 0.06593890488147737 0.0027265229728072877
v 0.004031994845718145 0.06629577279090883 0.0029649729840457435
v 0.004031994845718145 0.06570045650005342 0.0023696573916822668
v 0.004051994998008013 0.06592476367950441 0.00274066487327218
v 0.004031994845718145 0.06671673059463502 0.0030487054027616973
v 0.004051994998008013 0.06671673059463502 0.0030687055550515647
v 0.004051994998008013 0.06568197906017305 0.0023773110006004568
v 0.004031994845718145 0.06629577279090883 0.0009324379498139023
v 0.004051994998008013 0.06671673059463502 0.000828705437015742
v 0.004031994845718145 0.06671673059463502 0.0008487054728902875
v 0.004051994998008013 0.06559672206640245 0.001948705408722162
v 0.004031994845718145 0.06570045650005342 0.0015277536585927007
v 0.004031994845718145 0.06561671942472459 0.001948705408722162
v 0.004051994998008013 0.06592476367950441 0.001156745827756822
v 0.004031994845718145 0.06593890488147737 0.001170887961052358
v 0.004051994998008013 0.06628811359405519 0.0009139603353105484
v 0.004051994998008013 0.06568197906017305 0.0015201000496745107
v 0.004051994998008013 0.07224136590957643 0.0022358598653227086
v 0.004031994845718145 0.07189214974641801 0.001978932414203882
v 0.004031994845718145 0.07224901765584947 0.0022173824254423376
v 0.004031994845718145 0.07165370136499406 0.0016220666002482174
v 0.004051994998008013 0.07187800854444505 0.001993074547499418
v 0.004031994845718145 0.07266996800899507 0.0023011148441582914
v 0.004051994998008013 0.07266996800899507 0.002321114996448159
v 0.004051994998008013 0.07163522392511369 0.0016297203255817292
v 0.004051994998008013 0.07224136590957643 0.00016636982036288825
v 0.004051994998008013 0.07266996800899507 8.111489296425133e-05
v 0.004031994845718145 0.07266996800899507 0.00010111489973496644
v 0.004051994998008013 0.07163522392511369 0.000772509432863444
v 0.004031994845718145 0.07165370136499406 0.0007801630999892949
v 0.004031994845718145 0.07156997174024583 0.001201114850118756
v 0.004051994998008013 0.07187800854444505 0.00040915529825724656
v 0.004031994845718145 0.07189214974641801 0.0004232974315527826
v 0.004031994845718145 0.07224901765584947 0.00018484742031432686
v 0.004051994998008013 0.07154996693134309 0.001201114850118756
v -0.016748005524277687 0.07761505246162416 0.003805258776992559
v -0.0017480053938925266 0.054613456130027785 0.006693730130791663
v 0.0018519946606829762 0.054613456130027785 0.006693730130791663
v 0.016851995140314102 0.07988810539245607 0.003519814927130937
v 0.016851995140314102 0.052788604050874724 0.006922889966517686
v 0.0018519946606829762 0.052788604050874724 0.006922889966517686
v 0.0018519946606829762 0.05147330090403558 0.004962544422596692
v 0.0018519946606829762 0.05081887170672418 0.006264604162424802
v 0.0018519946606829762 0.05171174928545953 0.005319410003721713
v 0.0018519946606829762 0.051310990005731597 0.006632274482399224
v 0.0018519946606829762 0.05188032239675523 0.006862975656986236
v 0.0018519946606829762 0.05206861346960069 0.005557859782129525
v 0.0018519946606829762 0.050436206161975874 0.005784051958471536
v 0.0018519946606829762 0.051389567553997054 0.004541592672467231
v 0.0018519946606829762 0.05009070783853532 0.004615566693246364
v 0.0018519946606829762 0.050188064575195326 0.005222101230174302
v 0.0018519946606829762 0.05147330090403558 0.00412064092233777
v 0.0018519946606829762 0.05036355182528497 0.0034280137624591585
v 0.0018519946606829762 0.05015050992369653 0.004004186484962701
v 0.0018519946606829762 0.05248956754803659 0.005641592666506766
v 0.0018519946606829762 0.05248956754803659 0.006941592786461114
v 0.0018519946606829762 0.05326738208532335 0.005319410003721713
v 0.0018519946606829762 0.052788604050874724 0.006922889966517686
v 0.0018519946606829762 0.054613456130027785 0.006693730130791663
v 0.0018519946606829762 0.05291051790118219 0.005557859782129525
v 0.0018519946606829762 0.053505837917327895 0.004962544422596692
v 0.0018519946606829762 0.053589567542076125 0.004541592672467231
v 0.0018519946606829762 0.053505837917327895 0.00412064092233777
v 0.0018519946606829762 0.05556796863675119 0.004871404729783534
v 0.0018519946606829762 0.05471672490239145 0.0015895613469183443
v 0.0018519946606829762 0.05171174928545953 0.0037637751083821054
v 0.0018519946606829762 0.05206861346960069 0.0035253250971436496
v 0.0018519946606829762 0.05291051790118219 0.0035253250971436496
v 0.0018519946606829762 0.05326738208532335 0.0037637751083821054
v 0.0018519946606829762 0.053840655833482756 0.0012500302400439975
v 0.0018519946606829762 0.05248956754803659 0.003441592445597052
v 0.0018519946606829762 0.05259070917963983 -0.0008240173920057713
v 0.0018519946606829762 0.053422201424837126 0.0004087932466063648
v 0.0018519946606829762 0.053466599434614195 -6.70661320327781e-05
v 0.0018519946606829762 0.052894543856382384 -0.0012723769759759305
v 0.0018519946606829762 0.053291175514459624 -0.0016411911929026244
v 0.0018519946606829762 0.053679954260587706 -0.000494725303724408
v 0.0018519946606829762 0.053552772849798216 0.0008685376960784196
v 0.0018519946606829762 0.05424694344401361 0.0015017101541161535
v 0.0018519946606829762 0.054954186081886305 0.0015676901675760744
v 0.0018519946606829762 0.05376040562987329 -0.001911677769385278
v 0.0018519946606829762 0.05403343588113786 -0.0008163838065229355
v 0.0018519946606829762 0.05447926744818689 -0.000988567480817437
v 0.0018519946606829762 0.054278340190649046 -0.002070061163976788
v 0.0018519946606829762 0.054613456130027785 0.006693730130791663
v -0.0017480053938925266 0.054613456130027785 0.006693730130791663
v 0.0018519946606829762 0.05556796863675119 0.004871404729783534
v -0.0017480053938925266 0.05556796863675119 0.004871404729783534
v 0.0018519946606829762 0.05556796863675119 0.004871404729783534
v -0.0017480053938925266 0.05556796863675119 0.004871404729783534
v -0.0017480053938925266 0.054954186081886305 0.0015676901675760744
v 0.0018519946606829762 0.054954186081886305 0.0015676901675760744
v 0.0018519946606829762 0.05447926744818689 -0.000988567480817437
v -0.0017480053938925266 0.05447926744818689 -0.000988567480817437
v -0.0017480053938925266 0.054278340190649046 -0.002070061163976788
v 0.0018519946606829762 0.054278340190649046 -0.002070061163976788
v 0.016851995140314102 0.05461810156702997 -0.0021084116306155916
v 0.0018519946606829762 0.054278340190649046 -0.002070061163976788
v -0.016748005524277687 0.05461810156702997 -0.0021084116306155916
v 0.016851995140314102 0.054000824689865126 -0.0020011777523905034
v 0.016851995140314102 0.053432330489158644 -0.0017378339543938635
v 0.0018519946606829762 0.05376040562987329 -0.001911677769385278
v -0.0017480053938925266 0.054278340190649046 -0.002070061163976788
v -0.016748005524277687 0.054000824689865126 -0.0020011777523905034
v -0.0017480053938925266 0.05376040562987329 -0.001911677769385278
v -0.016748005524277687 0.053432330489158644 -0.0017378339543938635
v -0.0017480053938925266 0.053291175514459624 -0.0016411911929026244
v 0.0018519946606829762 0.053291175514459624 -0.0016411911929026244
v 0.016851995140314102 0.05295136570930482 -0.001336326473392546
v 0.0018519946606829762 0.052894543856382384 -0.0012723769759759305
v 0.016851995140314102 0.05259070917963983 -0.0008240173920057713
v 0.0018519946606829762 0.05259070917963983 -0.0008240173920057713
v -0.016748005524277687 0.05295136570930482 -0.001336326473392546
v -0.0017480053938925266 0.052894543856382384 -0.0012723769759759305
v -0.0017480053938925266 0.05259070917963983 -0.0008240173920057713
v -0.016748005524277687 0.05259070917963983 -0.0008240173920057713
v -0.016748005524277687 0.07702670991420747 -0.0030300002545118328
v 0.016851995140314102 0.07932375371456148 -0.003124469425529241
v 0.004031994845718145 0.06749454140663148 0.001170887961052358
v 0.004031994845718145 0.06713768094778062 0.0009324379498139023
v 0.004051994998008013 0.06714533269405366 0.0009139603353105484
v 0.004051994998008013 0.0677514746785164 0.0015201000496745107
v 0.004031994845718145 0.06781672686338426 0.001948705408722162
v 0.004031994845718145 0.06773299723863603 0.0015277536585927007
v 0.004051994998008013 0.06750868260860445 0.001156745827756822
v 0.004051994998008013 0.0678367242217064 0.001948705408722162
v 0.004031994845718145 0.06749454140663148 0.0027265229728072877
v 0.004031994845718145 0.06773299723863603 0.0023696573916822668
v 0.004051994998008013 0.06750868260860445 0.00274066487327218
v 0.004031994845718145 0.06713768094778062 0.0029649729840457435
v 0.004051994998008013 0.06714533269405366 0.0029834504239261146
v 0.004051994998008013 0.0677514746785164 0.0023773110006004568
v 0.004031994845718145 0.07344778627157213 0.0004232974315527826
v 0.004031994845718145 0.07309091836214067 0.00018484742031432686
v 0.004051994998008013 0.07309857010841371 0.00016636982036288825
v 0.004051994998008013 0.07370471209287645 0.000772509432863444
v 0.004031994845718145 0.07376996427774431 0.001201114850118756
v 0.004031994845718145 0.07368623465299608 0.0007801630999892949
v 0.004051994998008013 0.07346192747354509 0.00040915529825724656
v 0.004051994998008013 0.07378996908664705 0.001201114850118756
v 0.004031994845718145 0.07344778627157213 0.001978932414203882
v 0.004031994845718145 0.07368623465299608 0.0016220666002482174
v 0.004051994998008013 0.07346192747354509 0.001993074547499418
v 0.004051994998008013 0.07309857010841371 0.0022358598653227086
v 0.004031994845718145 0.07309091836214067 0.0022173824254423376
v 0.004051994998008013 0.07370471209287645 0.0016297203255817292
v -0.00392800522968173 0.07189214974641801 0.0004232974315527826
v -0.00392800522968173 0.07224901765584947 0.00018484742031432686
v -0.003948005381971598 0.07224136590957643 0.00016636982036288825
v -0.003948005381971598 0.07154996693134309 0.001201114850118756
v -0.00392800522968173 0.07165370136499406 0.0007801630999892949
v -0.003948005381971598 0.07163522392511369 0.000772509432863444
v -0.003948005381971598 0.07187800854444505 0.00040915529825724656
v -0.00392800522968173 0.07156997174024583 0.001201114850118756
v -0.00392800522968173 0.07189214974641801 0.001978932414203882
v -0.00392800522968173 0.07165370136499406 0.0016220666002482174
v -0.003948005381971598 0.07187800854444505 0.001993074547499418
v -0.00392800522968173 0.07224901765584947 0.0022173824254423376
v -0.003948005381971598 0.07224136590957643 0.0022358598653227086
v -0.003948005381971598 0.07163522392511369 0.0016297203255817292
v -0.00392800522968173 0.06593890488147737 0.001170887961052358
v -0.00392800522968173 0.06629577279090883 0.0009324379498139023
v -0.003948005381971598 0.06628811359405519 0.0009139603353105484
v -0.003948005381971598 0.06568197906017305 0.0015201000496745107
v -0.00392800522968173 0.06561671942472459 0.001948705408722162
v -0.00392800522968173 0.06570045650005342 0.0015277536585927007
v -0.003948005381971598 0.06592476367950441 0.001156745827756822
v -0.003948005381971598 0.06559672206640245 0.001948705408722162
v -0.00392800522968173 0.06593890488147737 0.0027265229728072877
v -0.00392800522968173 0.06570045650005342 0.0023696573916822668
v -0.003948005381971598 0.06592476367950441 0.00274066487327218
v -0.003948005381971598 0.06628811359405519 0.0029834504239261146
v -0.00392800522968173 0.06629577279090883 0.0029649729840457435
v -0.003948005381971598 0.06568197906017305 0.0023773110006004568
v -0.016748005524277687 0.05036355182528497 0.0034280137624591585
v -0.0017480053938925266 0.05036355182528497 0.0034280137624591585
v -0.016748005524277687 0.05188032239675523 0.006862975656986236
v -0.0017480053938925266 0.05188032239675523 0.006862975656986236
v -0.016748005524277687 0.051310990005731597 0.006632274482399224
v -0.016748005524277687 0.05081887170672418 0.006264604162424802
v -0.0017480053938925266 0.051310990005731597 0.006632274482399224
v -0.0017480053938925266 0.05081887170672418 0.006264604162424802
v -0.016748005524277687 0.050436206161975874 0.005784051958471536
v -0.0017480053938925266 0.050436206161975874 0.005784051958471536
v -0.016748005524277687 0.050188064575195326 0.005222101230174302
v -0.016748005524277687 0.05009070783853532 0.004615566693246364
v -0.0017480053938925266 0.050188064575195326 0.005222101230174302
v -0.016748005524277687 0.05015050992369653 0.004004186484962701
v -0.0017480053938925266 0.05015050992369653 0.004004186484962701
v -0.0017480053938925266 0.05009070783853532 0.004615566693246364
v -0.0017480053938925266 0.05291051790118219 0.005557859782129525
v -0.0017480053938925266 0.05326738208532335 0.005319410003721713
v -0.0017480053938925266 0.052788604050874724 0.006922889966517686
v -0.0017480053938925266 0.054613456130027785 0.006693730130791663
v -0.0017480053938925266 0.05248956754803659 0.005641592666506766
v -0.0017480053938925266 0.05248956754803659 0.006941592786461114
v -0.0017480053938925266 0.05206861346960069 0.005557859782129525
v -0.0017480053938925266 0.053505837917327895 0.004962544422596692
v -0.0017480053938925266 0.053589567542076125 0.004541592672467231
v -0.0017480053938925266 0.053505837917327895 0.00412064092233777
v -0.0017480053938925266 0.05556796863675119 0.004871404729783534
v -0.0017480053938925266 0.05471672490239145 0.0015895613469183443
v -0.0017480053938925266 0.05171174928545953 0.005319410003721713
v -0.0017480053938925266 0.05188032239675523 0.006862975656986236
v -0.0017480053938925266 0.051310990005731597 0.006632274482399224
v -0.0017480053938925266 0.05081887170672418 0.006264604162424802
v -0.0017480053938925266 0.05147330090403558 0.004962544422596692
v -0.0017480053938925266 0.050436206161975874 0.005784051958471536
v -0.0017480053938925266 0.051389567553997054 0.004541592672467231
v -0.0017480053938925266 0.05009070783853532 0.004615566693246364
v -0.0017480053938925266 0.050188064575195326 0.005222101230174302
v -0.0017480053938925266 0.05015050992369653 0.004004186484962701
v -0.0017480053938925266 0.05036355182528497 0.0034280137624591585
v -0.0017480053938925266 0.05147330090403558 0.00412064092233777
v -0.0017480053938925266 0.05424694344401361 0.0015017101541161535
v -0.0017480053938925266 0.05291051790118219 0.0035253250971436496
v -0.0017480053938925266 0.053552772849798216 0.0008685376960784196
v -0.0017480053938925266 0.053840655833482756 0.0012500302400439975
v -0.0017480053938925266 0.05326738208532335 0.0037637751083821054
v -0.0017480053938925266 0.054278340190649046 -0.002070061163976788
v -0.0017480053938925266 0.05447926744818689 -0.000988567480817437
v -0.0017480053938925266 0.05403343588113786 -0.0008163838065229355
v -0.0017480053938925266 0.05376040562987329 -0.001911677769385278
v -0.0017480053938925266 0.053679954260587706 -0.000494725303724408
v -0.0017480053938925266 0.053466599434614195 -6.70661320327781e-05
v -0.0017480053938925266 0.052894543856382384 -0.0012723769759759305
v -0.0017480053938925266 0.053291175514459624 -0.0016411911929026244
v -0.0017480053938925266 0.05171174928545953 0.0037637751083821054
v -0.0017480053938925266 0.05206861346960069 0.0035253250971436496
v -0.0017480053938925266 0.05259070917963983 -0.0008240173920057713
v -0.0017480053938925266 0.053422201424837126 0.0004087932466063648
v -0.0017480053938925266 0.05248956754803659 0.003441592445597052
v -0.0017480053938925266 0.054954186081886305 0.0015676901675760744
v -0.017548006027936935 0.05446310713887216 -0.0009854595409706233
v -0.017548006027936935 0.0542394556105137 -0.0012375980149954555
v -0.017548006027936935 0.05386046320199968 -0.00106203556060791
v -0.017548006027936935 0.05421923846006395 -0.0009114820859394966
v -0.017548006027936935 0.053539820015430464 -0.0007943638483993708
v -0.017548006027936935 0.053299382328987135 -0.0004528244899120181
v -0.017548006027936935 0.05379748716950418 -0.0006296775536611675
v -0.017548006027936935 0.053994484245777144 -0.0007913491572253405
v -0.017548006027936935 0.05471672490239145 -0.0010104386601597069
v -0.017548006027936935 0.05465097725391389 -0.0013090872671455143
v -0.017548006027936935 0.054970338940620436 -0.0009854595409706233
v -0.017548006027936935 0.055214215070009245 -0.0009114820859394966
v -0.017548006027936935 0.05543896555900575 -0.0007913491572253405
v -0.017548006027936935 0.055635962635278716 -0.0006296775536611675
v -0.017548006027936935 0.06671673059463502 0.000828705437015742
v -0.017548006027936935 0.05363581329584123 -0.0004326800117269158
v -0.017548006027936935 0.05351568385958673 -0.00020792715076822785
v -0.017548006027936935 0.053441703319549574 3.5943885450251394e-05
v -0.017548006027936935 0.05107222497463228 0.003799206810072064
v -0.017548006027936935 0.053441703319549574 0.0005431787576526402
v -0.017548006027936935 0.05341672524809839 0.0002895613142754882
v -0.017548006027936935 0.05363581329584123 0.0010118025820702312
v -0.017548006027936935 0.05351568385958673 0.000787049764767289
v -0.017548006027936935 0.055917765945196166 -0.00020792715076822785
v -0.017548006027936935 0.05599174648523332 3.5943885450251394e-05
v -0.017548006027936935 0.06628811359405519 0.0009139603353105484
v -0.017548006027936935 0.055797632783651366 -0.0004326800117269158
v -0.017548006027936935 0.055797632783651366 0.0010118025820702312
v -0.017548006027936935 0.055635962635278716 0.001208800124004483
v -0.017548006027936935 0.06568197906017305 0.0015201000496745107
v -0.017548006027936935 0.06592476367950441 0.001156745827756822
v -0.017548006027936935 0.055917765945196166 0.000787049764767289
v -0.017548006027936935 0.05379748716950418 0.001208800124004483
v -0.017548006027936935 0.0770595818758011 -0.0022306758910417552
v -0.017548006027936935 0.0779395177960396 -0.0021027517504990097
v -0.017548006027936935 0.07750563323497774 -0.0022075811866670843
v -0.017548006027936935 0.07834653556346895 -0.0019195763161405919
v -0.017548006027936935 0.07346192747354509 0.00040915529825724656
v -0.017548006027936935 0.07954514771699907 -0.0001315057015744969
v -0.017548006027936935 0.07309857010841371 0.00016636982036288825
v -0.017548006027936935 0.07224136590957643 0.00016636982036288825
v -0.017548006027936935 0.07266996800899507 8.111489296425133e-05
v -0.017548006027936935 0.07902516424655916 -0.0013464416842907665
v -0.017548006027936935 0.05601672455668451 0.0002895613142754882
v -0.017548006027936935 0.07927343249320985 -0.0009761977125890552
v -0.017548006027936935 0.07871267944574357 -0.0016646370058879254
v -0.017548006027936935 0.07944865524768831 -0.0005665345233865081
v -0.017548006027936935 0.07960316538810731 0.0003304650308564305
v -0.017548006027936935 0.07187800854444505 0.00040915529825724656
v -0.017548006027936935 0.06714533269405366 0.0009139603353105484
v -0.017548006027936935 0.06750868260860445 0.001156745827756822
v -0.017548006027936935 0.07163522392511369 0.000772509432863444
v -0.017548006027936935 0.0677514746785164 0.0015201000496745107
v -0.017548006027936935 0.07154996693134309 0.001201114850118756
v -0.017548006027936935 0.05599174648523332 0.0005431787576526402
v -0.017548006027936935 0.07370471209287645 0.000772509432863444
v -0.017548006027936935 0.07961542904376985 0.0008014048216864466
v -0.017548006027936935 0.07378996908664705 0.001201114850118756
v -0.017548006027936935 0.07953590899705888 0.001264563645236194
v -0.017548006027936935 0.07936675846576692 0.0017038217047229407
v -0.017548006027936935 0.05206861346960069 0.0035253250971436496
v -0.017548006027936935 0.05248956754803659 0.003441592445597052
v -0.017548006027936935 0.053994484245777144 0.001370471785776317
v -0.017548006027936935 0.05171174928545953 0.0037637751083821054
v -0.017548006027936935 0.05092478916049005 0.0042077144607901565
v -0.017548006027936935 0.05147330090403558 0.00412064092233777
v -0.017548006027936935 0.051389567553997054 0.004541592672467231
v -0.017548006027936935 0.05089264735579492 0.004640821833163499
v -0.017548006027936935 0.05421923846006395 0.0014906045980751512
v -0.017548006027936935 0.05446310713887216 0.0015645821113139389
v -0.017548006027936935 0.05471672490239145 0.0015895613469183443
v -0.017548006027936935 0.05291051790118219 0.0035253250971436496
v -0.017548006027936935 0.06592476367950441 0.00274066487327218
v -0.017548006027936935 0.05326738208532335 0.0037637751083821054
v -0.017548006027936935 0.053505837917327895 0.00412064092233777
v -0.017548006027936935 0.054970338940620436 0.0015645821113139389
v -0.017548006027936935 0.053589567542076125 0.004541592672467231
v -0.017548006027936935 0.06628811359405519 0.0029834504239261146
v -0.017548006027936935 0.050978161394596114 0.00506661832332611
v -0.017548006027936935 0.05147330090403558 0.004962544422596692
v -0.017548006027936935 0.05171174928545953 0.005319410003721713
v -0.017548006027936935 0.05117503181099893 0.00545373186469078
v -0.017548006027936935 0.05206861346960069 0.005557859782129525
v -0.017548006027936935 0.05248956754803659 0.005641592666506766
v -0.017548006027936935 0.05146875604987146 0.005773641169071197
v -0.017548006027936935 0.05183769389986993 0.006002775859087705
v -0.017548006027936935 0.053505837917327895 0.004962544422596692
v -0.017548006027936935 0.05326738208532335 0.005319410003721713
v -0.017548006027936935 0.06671673059463502 0.0030687055550515647
v -0.017548006027936935 0.05268892645835878 0.006129124201834201
v -0.017548006027936935 0.05291051790118219 0.005557859782129525
v -0.017548006027936935 0.05225465446710588 0.006124253384768962
v -0.017548006027936935 0.06559672206640245 0.001948705408722162
v -0.017548006027936935 0.05543896555900575 0.001370471785776317
v -0.017548006027936935 0.055214215070009245 0.0014906045980751512
v -0.017548006027936935 0.06568197906017305 0.0023773110006004568
v -0.017548006027936935 0.07370471209287645 0.0016297203255817292
v -0.017548006027936935 0.07911553233861925 0.002102085622027516
v -0.017548006027936935 0.07187800854444505 0.001993074547499418
v -0.017548006027936935 0.0678367242217064 0.001948705408722162
v -0.017548006027936935 0.0677514746785164 0.0023773110006004568
v -0.017548006027936935 0.07346192747354509 0.001993074547499418
v -0.017548006027936935 0.07879080623388292 0.002443415345624089
v -0.017548006027936935 0.07163522392511369 0.0016297203255817292
v -0.017548006027936935 0.07224136590957643 0.0022358598653227086
v -0.017548006027936935 0.06750868260860445 0.00274066487327218
v -0.017548006027936935 0.06714533269405366 0.0029834504239261146
v -0.017548006027936935 0.07266996800899507 0.002321114996448159
v -0.017548006027936935 0.07751537114381792 0.003011493012309074
v -0.017548006027936935 0.07309857010841371 0.0022358598653227086
v -0.017548006027936935 0.0779758244752884 0.002906866371631622
v -0.017548006027936935 0.07840600609779359 0.0027155256830155845
v -0.003948005381971598 0.07309857010841371 0.00016636982036288825
v -0.017548006027936935 0.07309857010841371 0.00016636982036288825
v -0.003948005381971598 0.07370471209287645 0.000772509432863444
v -0.017548006027936935 0.07370471209287645 0.000772509432863444
v -0.017548006027936935 0.07346192747354509 0.00040915529825724656
v -0.003948005381971598 0.07346192747354509 0.00040915529825724656
v -0.003948005381971598 0.07378996908664705 0.001201114850118756
v -0.017548006027936935 0.07378996908664705 0.001201114850118756
v -0.003948005381971598 0.07346192747354509 0.001993074547499418
v -0.017548006027936935 0.07346192747354509 0.001993074547499418
v -0.017548006027936935 0.07370471209287645 0.0016297203255817292
v -0.017548006027936935 0.07309857010841371 0.0022358598653227086
v -0.003948005381971598 0.07309857010841371 0.0022358598653227086
v -0.003948005381971598 0.07370471209287645 0.0016297203255817292
v -0.003948005381971598 0.06714533269405366 0.0009139603353105484
v -0.017548006027936935 0.06714533269405366 0.0009139603353105484
v -0.003948005381971598 0.0677514746785164 0.0015201000496745107
v -0.017548006027936935 0.0677514746785164 0.0015201000496745107
v -0.017548006027936935 0.06750868260860445 0.001156745827756822
v -0.003948005381971598 0.06750868260860445 0.001156745827756822
v -0.003948005381971598 0.0678367242217064 0.001948705408722162
v -0.017548006027936935 0.0678367242217064 0.001948705408722162
v -0.003948005381971598 0.06750868260860445 0.00274066487327218
v -0.017548006027936935 0.06750868260860445 0.00274066487327218
v -0.017548006027936935 0.0677514746785164 0.0023773110006004568
v -0.017548006027936935 0.06714533269405366 0.0029834504239261146
v -0.003948005381971598 0.06714533269405366 0.0029834504239261146
v -0.003948005381971598 0.0677514746785164 0.0023773110006004568
v 0.0176519937813282 0.0793566256761551 -0.0023251452948898073
v 0.0176519937813282 0.08064356446266176 -0.002014053054153919
v 0.0176519937813282 0.08100971579551698 -0.0017591062933206556
v 0.0176519937813282 0.08132218569517137 -0.0014409226132556794
v 0.0176519937813282 0.0817457288503647 -0.0006610471173189579
v 0.0176519937813282 0.08184218406677247 -0.00022597495990339664
v 0.0176519937813282 0.07309857010841371 0.00016636982036288825
v 0.0176519937813282 0.08157047629356386 -0.0010706669418141244
v 0.0176519937813282 0.07346192747354509 0.00040915529825724656
v 0.0176519937813282 0.07980262488126756 -0.002302011009305715
v 0.0176519937813282 0.0802365466952324 -0.0021972211543470617
v 0.0176519937813282 0.07266996800899507 8.111489296425133e-05
v 0.0176519937813282 0.06671673059463502 0.000828705437015742
v 0.0176519937813282 0.05543896555900575 -0.0007913491572253405
v 0.0176519937813282 0.07224136590957643 0.00016636982036288825
v 0.0176519937813282 0.05465097725391389 -0.0013090872671455143
v 0.0176519937813282 0.055917765945196166 -0.00020792715076822785
v 0.0176519937813282 0.06628811359405519 0.0009139603353105484
v 0.0176519937813282 0.05599174648523332 3.5943885450251394e-05
v 0.0176519937813282 0.08187621831893922 4.502134834183379e-05
v 0.0176519937813282 0.07187800854444505 0.00040915529825724656
v 0.0176519937813282 0.08188845217227937 0.0005159800057299434
v 0.0176519937813282 0.07370471209287645 0.000772509432863444
v 0.0176519937813282 0.08180896937847139 0.0009791200282052157
v 0.0176519937813282 0.07378996908664705 0.001201114850118756
v 0.0176519937813282 0.08163982629776002 0.001418362953700125
v 0.0176519937813282 0.07163522392511369 0.000772509432863444
v 0.0176519937813282 0.06714533269405366 0.0009139603353105484
v 0.0176519937813282 0.05601672455668451 0.0002895613142754882
v 0.0176519937813282 0.055797632783651366 -0.0004326800117269158
v 0.0176519937813282 0.05599174648523332 0.0005431787576526402
v 0.0176519937813282 0.06750868260860445 0.001156745827756822
v 0.0176519937813282 0.06568197906017305 0.0015201000496745107
v 0.0176519937813282 0.055917765945196166 0.000787049764767289
v 0.0176519937813282 0.06592476367950441 0.001156745827756822
v 0.0176519937813282 0.07154996693134309 0.001201114850118756
v 0.0176519937813282 0.0677514746785164 0.0015201000496745107
v 0.0176519937813282 0.054970338940620436 -0.0009854595409706233
v 0.0176519937813282 0.05471672490239145 -0.0010104386601597069
v 0.0176519937813282 0.055214215070009245 -0.0009114820859394966
v 0.0176519937813282 0.0542394556105137 -0.0012375980149954555
v 0.0176519937813282 0.055635962635278716 -0.0006296775536611675
v 0.0176519937813282 0.05446310713887216 -0.0009854595409706233
v 0.0176519937813282 0.05386046320199968 -0.00106203556060791
v 0.0176519937813282 0.05421923846006395 -0.0009114820859394966
v 0.0176519937813282 0.053539820015430464 -0.0007943638483993708
v 0.0176519937813282 0.053994484245777144 -0.0007913491572253405
v 0.0176519937813282 0.05379748716950418 -0.0006296775536611675
v 0.0176519937813282 0.053299382328987135 -0.0004528244899120181
v 0.0176519937813282 0.05363581329584123 -0.0004326800117269158
v 0.0176519937813282 0.055797632783651366 0.0010118025820702312
v 0.0176519937813282 0.055635962635278716 0.001208800124004483
v 0.0176519937813282 0.05351568385958673 -0.00020792715076822785
v 0.0176519937813282 0.053441703319549574 3.5943885450251394e-05
v 0.0176519937813282 0.05351568385958673 0.000787049764767289
v 0.0176519937813282 0.05363581329584123 0.0010118025820702312
v 0.0176519937813282 0.05107222497463228 0.003799206810072064
v 0.0176519937813282 0.05341672524809839 0.0002895613142754882
v 0.0176519937813282 0.053441703319549574 0.0005431787576526402
v 0.0176519937813282 0.05379748716950418 0.001208800124004483
v 0.0176519937813282 0.08138858526945116 0.0018166418885812161
v 0.0176519937813282 0.07370471209287645 0.0016297203255817292
v 0.0176519937813282 0.07163522392511369 0.0016297203255817292
v 0.0176519937813282 0.08106388151645662 0.0021579605527222152
v 0.0176519937813282 0.0678367242217064 0.001948705408722162
v 0.0176519937813282 0.07187800854444505 0.001993074547499418
v 0.0176519937813282 0.07346192747354509 0.001993074547499418
v 0.0176519937813282 0.07978843152523042 0.002726049162447452
v 0.0176519937813282 0.055214215070009245 0.0014906045980751512
v 0.0176519937813282 0.05543896555900575 0.001370471785776317
v 0.0176519937813282 0.06559672206640245 0.001948705408722162
v 0.0176519937813282 0.06568197906017305 0.0023773110006004568
v 0.0176519937813282 0.054970338940620436 0.0015645821113139389
v 0.0176519937813282 0.05291051790118219 0.0035253250971436496
v 0.0176519937813282 0.05471672490239145 0.0015895613469183443
v 0.0176519937813282 0.0677514746785164 0.0023773110006004568
v 0.0176519937813282 0.07309857010841371 0.0022358598653227086
v 0.0176519937813282 0.0806790664792061 0.0024300818331539627
v 0.0176519937813282 0.08024886995553972 0.002621463499963283
v 0.0176519937813282 0.07266996800899507 0.002321114996448159
v 0.0176519937813282 0.06714533269405366 0.0029834504239261146
v 0.0176519937813282 0.07224136590957643 0.0022358598653227086
v 0.0176519937813282 0.06750868260860445 0.00274066487327218
v 0.0176519937813282 0.06592476367950441 0.00274066487327218
v 0.0176519937813282 0.06628811359405519 0.0029834504239261146
v 0.0176519937813282 0.05326738208532335 0.0037637751083821054
v 0.0176519937813282 0.06671673059463502 0.0030687055550515647
v 0.0176519937813282 0.05268892645835878 0.006129124201834201
v 0.0176519937813282 0.053589567542076125 0.004541592672467231
v 0.0176519937813282 0.05248956754803659 0.003441592445597052
v 0.0176519937813282 0.05421923846006395 0.0014906045980751512
v 0.0176519937813282 0.05446310713887216 0.0015645821113139389
v 0.0176519937813282 0.053994484245777144 0.001370471785776317
v 0.0176519937813282 0.053505837917327895 0.00412064092233777
v 0.0176519937813282 0.05206861346960069 0.0035253250971436496
v 0.0176519937813282 0.05171174928545953 0.0037637751083821054
v 0.0176519937813282 0.05147330090403558 0.00412064092233777
v 0.0176519937813282 0.051389567553997054 0.004541592672467231
v 0.0176519937813282 0.05093019455671312 0.004183321725577115
v 0.0176519937813282 0.05089032649993898 0.004590908996760844
v 0.0176519937813282 0.05326738208532335 0.005319410003721713
v 0.0176519937813282 0.053505837917327895 0.004962544422596692
v 0.0176519937813282 0.05291051790118219 0.005557859782129525
v 0.0176519937813282 0.05248956754803659 0.005641592666506766
v 0.0176519937813282 0.052083402872085585 0.006089181173592805
v 0.0176519937813282 0.05248956754803659 0.006141592282801866
v 0.0176519937813282 0.051703847944736495 0.005935380235314368
v 0.0176519937813282 0.05147330090403558 0.004962544422596692
v 0.0176519937813282 0.05171174928545953 0.005319410003721713
v 0.0176519937813282 0.05095523595809938 0.004995265044271945
v 0.0176519937813282 0.05112065747380258 0.0053698988631367675
v 0.0176519937813282 0.05137576907873155 0.00569026730954647
v 0.0176519937813282 0.05206861346960069 0.005557859782129525
v 0.004051994998008013 0.07309857010841371 0.0022358598653227086
v 0.0176519937813282 0.07309857010841371 0.0022358598653227086
v 0.004051994998008013 0.07346192747354509 0.001993074547499418
v 0.0176519937813282 0.07370471209287645 0.0016297203255817292
v 0.0176519937813282 0.07346192747354509 0.001993074547499418
v 0.004051994998008013 0.07370471209287645 0.0016297203255817292
v 0.004051994998008013 0.07378996908664705 0.001201114850118756
v 0.0176519937813282 0.07378996908664705 0.001201114850118756
v 0.004051994998008013 0.07370471209287645 0.000772509432863444
v 0.0176519937813282 0.07370471209287645 0.000772509432863444
v 0.004051994998008013 0.07346192747354509 0.00040915529825724656
v 0.0176519937813282 0.07309857010841371 0.00016636982036288825
v 0.0176519937813282 0.07346192747354509 0.00040915529825724656
v 0.004051994998008013 0.07309857010841371 0.00016636982036288825
v 0.004051994998008013 0.06714533269405366 0.0029834504239261146
v 0.0176519937813282 0.06714533269405366 0.0029834504239261146
v 0.004051994998008013 0.0677514746785164 0.0023773110006004568
v 0.0176519937813282 0.0677514746785164 0.0023773110006004568
v 0.0176519937813282 0.06750868260860445 0.00274066487327218
v 0.004051994998008013 0.06750868260860445 0.00274066487327218
v 0.004051994998008013 0.0678367242217064 0.001948705408722162
v 0.0176519937813282 0.0678367242217064 0.001948705408722162
v 0.004051994998008013 0.0677514746785164 0.0015201000496745107
v 0.0176519937813282 0.0677514746785164 0.0015201000496745107
v 0.004051994998008013 0.06750868260860445 0.001156745827756822
v 0.0176519937813282 0.06714533269405366 0.0009139603353105484
v 0.0176519937813282 0.06750868260860445 0.001156745827756822
v 0.004051994998008013 0.06714533269405366 0.0009139603353105484
v 0.01679757423698902 0.0826341137290001 -0.0003254228213336318
v -0.01680242456495762 0.08039508759975435 0.00023101715487428007
v 0.01679757423698902 0.08266814053058626 -5.4426505812443786e-05
v -0.01680242456495762 0.0803370773792267 -0.00023095354845281688
v -0.016748005524277687 0.07702670991420747 -0.0030300002545118328
v -0.01675809919834137 0.07762061804533006 -0.0029992461204528804
v 0.016851995140314102 0.07932375371456148 -0.003124469425529241
v -0.016767844557762146 0.07819859683513643 -0.002859378699213266
v -0.01677735708653927 0.07876641303300859 -0.002600481733679771
v 0.016832156106829643 0.08049562573432924 -0.002953848103061318
v 0.01684190146625042 0.07991765439510347 -0.0030937155243009325
v 0.01682264357805252 0.08106348663568498 -0.0026949318125843997
v -0.016784973442554474 0.07922831177711488 -0.002275177743285894
v 0.016815027222037315 0.08152534812688829 -0.0023696469143033023
v -0.016791917383670807 0.07965323328971864 -0.0018402676796540616
v -0.016797048971056938 0.07997515052556993 -0.0013572246534749863
v 0.016808083280920982 0.08195029944181444 -0.0019347064662724731
v -0.016800662502646446 0.08021006733179094 -0.0008060847176238893
v 0.01679932326078415 0.08250728249549867 -0.0009004988241940736
v 0.016802949830889702 0.08227219432592393 -0.0014516939409077165
v -0.01676883175969124 0.07880115509033205 0.0034108124673366542
v 0.016841378062963486 0.08050059527158739 0.003380931448191404
v 0.01683116890490055 0.08107420802116395 0.003125368850305676
v 0.016821300610899925 0.08161016553640367 0.002742642536759376
v -0.016778700053691864 0.07933713495731355 0.0030280612409114833
v -0.01678648591041565 0.07974598556756975 0.002593042561784386
v -0.016748005524277687 0.07761505246162416 0.003805258776992559
v 0.016851995140314102 0.07988810539245607 0.003519814927130937
v -0.016758620738983154 0.07822753489017488 0.0036663748323917385
v 0.01681351475417614 0.08201904594898225 0.002307598944753408
v -0.01679828204214573 0.08030570298433305 0.0014764468651264904
v 0.016806602478027344 0.08236008137464525 0.0017645040061324833
v 0.01680171862244606 0.08257875591516496 0.0011910032480955122
v 0.016798609867691994 0.08268494158983232 0.0005685979849658905
v -0.01680140383541584 0.08041209727525712 0.0008539570844732224
v -0.016793398186564445 0.08008704334497453 0.0020499124657362695
v -0.016748005524277687 0.05461810156702997 -0.0021084116306155916
v -0.017548006027936935 0.05465097725391389 -0.0013090872671455143
v -0.016748005524277687 0.07702670991420747 -0.0030300002545118328
v -0.017548006027936935 0.0770595818758011 -0.0022306758910417552
v -0.017548006027936935 0.053299382328987135 -0.0004528244899120181
v -0.017548006027936935 0.053539820015430464 -0.0007943638483993708
v -0.016748005524277687 0.05295136570930482 -0.001336326473392546
v -0.016748005524277687 0.05259070917963983 -0.0008240173920057713
v -0.016748005524277687 0.053432330489158644 -0.0017378339543938635
v -0.017548006027936935 0.05386046320199968 -0.00106203556060791
v -0.017548006027936935 0.0542394556105137 -0.0012375980149954555
v -0.016748005524277687 0.054000824689865126 -0.0020011777523905034
v -0.017548006027936935 0.07944865524768831 -0.0005665345233865081
v -0.016797048971056938 0.07997515052556993 -0.0013572246534749863
v -0.017548006027936935 0.07927343249320985 -0.0009761977125890552
v -0.016800662502646446 0.08021006733179094 -0.0008060847176238893
v -0.017548006027936935 0.07954514771699907 -0.0001315057015744969
v -0.017548006027936935 0.07871267944574357 -0.0016646370058879254
v -0.017548006027936935 0.07902516424655916 -0.0013464416842907665
v -0.016784973442554474 0.07922831177711488 -0.002275177743285894
v -0.017548006027936935 0.0770595818758011 -0.0022306758910417552
v -0.017548006027936935 0.07750563323497774 -0.0022075811866670843
v -0.01675809919834137 0.07762061804533006 -0.0029992461204528804
v -0.016767844557762146 0.07819859683513643 -0.002859378699213266
v -0.017548006027936935 0.0779395177960396 -0.0021027517504990097
v -0.017548006027936935 0.07834653556346895 -0.0019195763161405919
v -0.01677735708653927 0.07876641303300859 -0.002600481733679771
v -0.016791917383670807 0.07965323328971864 -0.0018402676796540616
v -0.01680242456495762 0.0803370773792267 -0.00023095354845281688
v -0.016748005524277687 0.07702670991420747 -0.0030300002545118328
v -0.016748005524277687 0.05036355182528497 0.0034280137624591585
v -0.017548006027936935 0.05107222497463228 0.003799206810072064
v -0.017548006027936935 0.07960316538810731 0.0003304650308564305
v -0.01680242456495762 0.08039508759975435 0.00023101715487428007
v -0.017548006027936935 0.07954514771699907 -0.0001315057015744969
v -0.01680242456495762 0.0803370773792267 -0.00023095354845281688
v -0.016748005524277687 0.05248956754803659 0.006941592786461114
v -0.017548006027936935 0.05268892645835878 0.006129124201834201
v -0.017548006027936935 0.05225465446710588 0.006124253384768962
v -0.017548006027936935 0.05183769389986993 0.006002775859087705
v -0.016748005524277687 0.05188032239675523 0.006862975656986236
v -0.017548006027936935 0.05146875604987146 0.005773641169071197
v -0.016748005524277687 0.051310990005731597 0.006632274482399224
v -0.016748005524277687 0.052788604050874724 0.006922889966517686
v -0.016748005524277687 0.05081887170672418 0.006264604162424802
v -0.017548006027936935 0.05117503181099893 0.00545373186469078
v -0.016748005524277687 0.050436206161975874 0.005784051958471536
v -0.017548006027936935 0.050978161394596114 0.00506661832332611
v -0.016748005524277687 0.05009070783853532 0.004615566693246364
v -0.017548006027936935 0.05089264735579492 0.004640821833163499
v -0.017548006027936935 0.05092478916049005 0.0042077144607901565
v -0.016748005524277687 0.050188064575195326 0.005222101230174302
v -0.016748005524277687 0.05015050992369653 0.004004186484962701
v -0.01676883175969124 0.07880115509033205 0.0034108124673366542
v -0.017548006027936935 0.07879080623388292 0.002443415345624089
v -0.017548006027936935 0.07840600609779359 0.0027155256830155845
v -0.017548006027936935 0.0779758244752884 0.002906866371631622
v -0.017548006027936935 0.07911553233861925 0.002102085622027516
v -0.016778700053691864 0.07933713495731355 0.0030280612409114833
v -0.017548006027936935 0.07960316538810731 0.0003304650308564305
v -0.017548006027936935 0.07961542904376985 0.0008014048216864466
v -0.01680140383541584 0.08041209727525712 0.0008539570844732224
v -0.016793398186564445 0.08008704334497453 0.0020499124657362695
v -0.017548006027936935 0.07953590899705888 0.001264563645236194
v -0.017548006027936935 0.07936675846576692 0.0017038217047229407
v -0.01678648591041565 0.07974598556756975 0.002593042561784386
v -0.01679828204214573 0.08030570298433305 0.0014764468651264904
v -0.017548006027936935 0.07751537114381792 0.003011493012309074
v -0.016758620738983154 0.07822753489017488 0.0036663748323917385
v -0.016748005524277687 0.07761505246162416 0.003805258776992559
v -0.01680242456495762 0.08039508759975435 0.00023101715487428007
v -0.017548006027936935 0.07751537114381792 0.003011493012309074
v -0.016748005524277687 0.07761505246162416 0.003805258776992559
v 0.0176519937813282 0.05465097725391389 -0.0013090872671455143
v 0.016851995140314102 0.05461810156702997 -0.0021084116306155916
v 0.016851995140314102 0.07932375371456148 -0.003124469425529241
v 0.0176519937813282 0.0793566256761551 -0.0023251452948898073
v 0.0176519937813282 0.0542394556105137 -0.0012375980149954555
v 0.0176519937813282 0.05386046320199968 -0.00106203556060791
v 0.016851995140314102 0.054000824689865126 -0.0020011777523905034
v 0.016851995140314102 0.053432330489158644 -0.0017378339543938635
v 0.0176519937813282 0.053539820015430464 -0.0007943638483993708
v 0.0176519937813282 0.053299382328987135 -0.0004528244899120181
v 0.016851995140314102 0.05295136570930482 -0.001336326473392546
v 0.016851995140314102 0.05259070917963983 -0.0008240173920057713
v 0.0176519937813282 0.0802365466952324 -0.0021972211543470617
v 0.0176519937813282 0.07980262488126756 -0.002302011009305715
v 0.016832156106829643 0.08049562573432924 -0.002953848103061318
v 0.0176519937813282 0.08100971579551698 -0.0017591062933206556
v 0.0176519937813282 0.08064356446266176 -0.002014053054153919
v 0.01682264357805252 0.08106348663568498 -0.0026949318125843997
v 0.0176519937813282 0.0793566256761551 -0.0023251452948898073
v 0.01684190146625042 0.07991765439510347 -0.0030937155243009325
v 0.0176519937813282 0.08184218406677247 -0.00022597495990339664
v 0.0176519937813282 0.0817457288503647 -0.0006610471173189579
v 0.01679932326078415 0.08250728249549867 -0.0009004988241940736
v 0.016808083280920982 0.08195029944181444 -0.0019347064662724731
v 0.0176519937813282 0.08157047629356386 -0.0010706669418141244
v 0.0176519937813282 0.08132218569517137 -0.0014409226132556794
v 0.016815027222037315 0.08152534812688829 -0.0023696469143033023
v 0.016802949830889702 0.08227219432592393 -0.0014516939409077165
v 0.01679757423698902 0.0826341137290001 -0.0003254228213336318
v 0.016851995140314102 0.07932375371456148 -0.003124469425529241
v 0.01679757423698902 0.08266814053058626 -5.4426505812443786e-05
v 0.0176519937813282 0.08187621831893922 4.502134834183379e-05
v 0.0176519937813282 0.08184218406677247 -0.00022597495990339664
v 0.01679757423698902 0.0826341137290001 -0.0003254228213336318
v 0.0176519937813282 0.05268892645835878 0.006129124201834201
v 0.016851995140314102 0.052788604050874724 0.006922889966517686
v 0.0176519937813282 0.08188845217227937 0.0005159800057299434
v 0.01680171862244606 0.08257875591516496 0.0011910032480955122
v 0.0176519937813282 0.08180896937847139 0.0009791200282052157
v 0.016798609867691994 0.08268494158983232 0.0005685979849658905
v 0.0176519937813282 0.08187621831893922 4.502134834183379e-05
v 0.0176519937813282 0.08138858526945116 0.0018166418885812161
v 0.0176519937813282 0.08163982629776002 0.001418362953700125
v 0.01681351475417614 0.08201904594898225 0.002307598944753408
v 0.0176519937813282 0.07978843152523042 0.002726049162447452
v 0.0176519937813282 0.08024886995553972 0.002621463499963283
v 0.016841378062963486 0.08050059527158739 0.003380931448191404
v 0.01683116890490055 0.08107420802116395 0.003125368850305676
v 0.0176519937813282 0.0806790664792061 0.0024300818331539627
v 0.0176519937813282 0.08106388151645662 0.0021579605527222152
v 0.016821300610899925 0.08161016553640367 0.002742642536759376
v 0.016806602478027344 0.08236008137464525 0.0017645040061324833
v 0.01679757423698902 0.08266814053058626 -5.4426505812443786e-05
v 0.016851995140314102 0.07988810539245607 0.003519814927130937
v 0.016851995140314102 0.07988810539245607 0.003519814927130937
v 0.0176519937813282 0.07978843152523042 0.002726049162447452
v 0.0176519937813282 0.054970338940620436 -0.0009854595409706233
v -0.017548006027936935 0.054970338940620436 -0.0009854595409706233
v -0.017548006027936935 0.05471672490239145 -0.0010104386601597069
v 0.0176519937813282 0.055214215070009245 -0.0009114820859394966
v -0.017548006027936935 0.05543896555900575 -0.0007913491572253405
v -0.017548006027936935 0.055214215070009245 -0.0009114820859394966
v 0.0176519937813282 0.055797632783651366 -0.0004326800117269158
v -0.017548006027936935 0.055797632783651366 -0.0004326800117269158
v -0.017548006027936935 0.055635962635278716 -0.0006296775536611675
v 0.0176519937813282 0.05599174648523332 3.5943885450251394e-05
v -0.017548006027936935 0.05599174648523332 3.5943885450251394e-05
v -0.017548006027936935 0.055917765945196166 -0.00020792715076822785
v 0.0176519937813282 0.05601672455668451 0.0002895613142754882
v -0.017548006027936935 0.05601672455668451 0.0002895613142754882
v 0.0176519937813282 0.055917765945196166 -0.00020792715076822785
v 0.0176519937813282 0.055635962635278716 -0.0006296775536611675
v 0.0176519937813282 0.05543896555900575 -0.0007913491572253405
v 0.0176519937813282 0.05599174648523332 0.0005431787576526402
v -0.017548006027936935 0.05599174648523332 0.0005431787576526402
v -0.017548006027936935 0.055797632783651366 0.0010118025820702312
v -0.017548006027936935 0.055917765945196166 0.000787049764767289
v 0.0176519937813282 0.055797632783651366 0.0010118025820702312
v -0.017548006027936935 0.05543896555900575 0.001370471785776317
v -0.017548006027936935 0.055635962635278716 0.001208800124004483
v 0.0176519937813282 0.05543896555900575 0.001370471785776317
v 0.0176519937813282 0.055635962635278716 0.001208800124004483
v -0.0017480053938925266 0.054954186081886305 0.0015676901675760744
v -0.017548006027936935 0.054970338940620436 0.0015645821113139389
v -0.017548006027936935 0.055214215070009245 0.0014906045980751512
v 0.0176519937813282 0.055214215070009245 0.0014906045980751512
v 0.0018519946606829762 0.054954186081886305 0.0015676901675760744
v 0.0176519937813282 0.055917765945196166 0.000787049764767289
v 0.0176519937813282 0.054970338940620436 0.0015645821113139389
v 0.0176519937813282 0.05291051790118219 0.0035253250971436496
v 0.0018519946606829762 0.05291051790118219 0.0035253250971436496
v 0.0176519937813282 0.053505837917327895 0.00412064092233777
v 0.0018519946606829762 0.053505837917327895 0.00412064092233777
v 0.0018519946606829762 0.05326738208532335 0.0037637751083821054
v 0.0176519937813282 0.05326738208532335 0.0037637751083821054
v 0.0176519937813282 0.053589567542076125 0.004541592672467231
v 0.0018519946606829762 0.053589567542076125 0.004541592672467231
v 0.0176519937813282 0.05326738208532335 0.005319410003721713
v 0.0018519946606829762 0.05326738208532335 0.005319410003721713
v 0.0018519946606829762 0.053505837917327895 0.004962544422596692
v 0.0018519946606829762 0.05291051790118219 0.005557859782129525
v 0.0176519937813282 0.05291051790118219 0.005557859782129525
v 0.0176519937813282 0.053505837917327895 0.004962544422596692
v -0.0017480053938925266 0.05291051790118219 0.0035253250971436496
v -0.017548006027936935 0.05291051790118219 0.0035253250971436496
v -0.0017480053938925266 0.053505837917327895 0.00412064092233777
v -0.017548006027936935 0.053505837917327895 0.00412064092233777
v -0.017548006027936935 0.05326738208532335 0.0037637751083821054
v -0.0017480053938925266 0.05326738208532335 0.0037637751083821054
v -0.0017480053938925266 0.053589567542076125 0.004541592672467231
v -0.017548006027936935 0.053589567542076125 0.004541592672467231
v -0.0017480053938925266 0.05326738208532335 0.005319410003721713
v -0.017548006027936935 0.05326738208532335 0.005319410003721713
v -0.017548006027936935 0.053505837917327895 0.004962544422596692
v -0.017548006027936935 0.05291051790118219 0.005557859782129525
v -0.0017480053938925266 0.05291051790118219 0.005557859782129525
v -0.0017480053938925266 0.053505837917327895 0.004962544422596692
v 0.004031994845718145 0.06713768094778062 0.0009324379498139023
v -0.00392800522968173 0.06713768094778062 0.0009324379498139023
v 0.004031994845718145 0.06773299723863603 0.0015277536585927007
v -0.00392800522968173 0.06773299723863603 0.0015277536585927007
v -0.00392800522968173 0.06749454140663148 0.001170887961052358
v 0.004031994845718145 0.06749454140663148 0.001170887961052358
v 0.004031994845718145 0.06781672686338426 0.001948705408722162
v -0.00392800522968173 0.06781672686338426 0.001948705408722162
v 0.004031994845718145 0.06749454140663148 0.0027265229728072877
v -0.00392800522968173 0.06749454140663148 0.0027265229728072877
v -0.00392800522968173 0.06773299723863603 0.0023696573916822668
v -0.00392800522968173 0.06713768094778062 0.0029649729840457435
v 0.004031994845718145 0.06713768094778062 0.0029649729840457435
v 0.004031994845718145 0.06773299723863603 0.0023696573916822668
v 0.004031994845718145 0.07309091836214067 0.00018484742031432686
v -0.00392800522968173 0.07309091836214067 0.00018484742031432686
v 0.004031994845718145 0.07368623465299608 0.0007801630999892949
v -0.00392800522968173 0.07368623465299608 0.0007801630999892949
v -0.00392800522968173 0.07344778627157213 0.0004232974315527826
v 0.004031994845718145 0.07344778627157213 0.0004232974315527826
v -0.00392800522968173 0.07376996427774431 0.001201114850118756
v 0.004031994845718145 0.07376996427774431 0.001201114850118756
v 0.004031994845718145 0.07344778627157213 0.001978932414203882
v -0.00392800522968173 0.07344778627157213 0.001978932414203882
v -0.00392800522968173 0.07368623465299608 0.0016220666002482174
v -0.00392800522968173 0.07309091836214067 0.0022173824254423376
v 0.004031994845718145 0.07309091836214067 0.0022173824254423376
v 0.004031994845718145 0.07368623465299608 0.0016220666002482174
v 0.004031994845718145 0.07189214974641801 0.001978932414203882
v -0.00392800522968173 0.07189214974641801 0.001978932414203882
v -0.00392800522968173 0.07224901765584947 0.0022173824254423376
v 0.004031994845718145 0.07224901765584947 0.0022173824254423376
v -0.00392800522968173 0.07266996800899507 0.0023011148441582914
v 0.004031994845718145 0.07266996800899507 0.0023011148441582914
v 0.004031994845718145 0.07165370136499406 0.0016220666002482174
v -0.00392800522968173 0.07165370136499406 0.0016220666002482174
v 0.004031994845718145 0.07224901765584947 0.00018484742031432686
v 0.004031994845718145 0.07266996800899507 0.00010111489973496644
v -0.00392800522968173 0.07266996800899507 0.00010111489973496644
v 0.004031994845718145 0.07165370136499406 0.0007801630999892949
v -0.00392800522968173 0.07165370136499406 0.0007801630999892949
v -0.00392800522968173 0.07156997174024583 0.001201114850118756
v -0.00392800522968173 0.07224901765584947 0.00018484742031432686
v -0.00392800522968173 0.07189214974641801 0.0004232974315527826
v 0.004031994845718145 0.07189214974641801 0.0004232974315527826
v 0.004031994845718145 0.07156997174024583 0.001201114850118756
v 0.004031994845718145 0.06593890488147737 0.0027265229728072877
v -0.00392800522968173 0.06593890488147737 0.0027265229728072877
v -0.00392800522968173 0.06629577279090883 0.0029649729840457435
v 0.004031994845718145 0.06629577279090883 0.0029649729840457435
v -0.00392800522968173 0.06671673059463502 0.0030487054027616973
v 0.004031994845718145 0.06671673059463502 0.0030487054027616973
v 0.004031994845718145 0.06570045650005342 0.0023696573916822668
v -0.00392800522968173 0.06570045650005342 0.0023696573916822668
v 0.004031994845718145 0.06629577279090883 0.0009324379498139023
v 0.004031994845718145 0.06671673059463502 0.0008487054728902875
v -0.00392800522968173 0.06671673059463502 0.0008487054728902875
v 0.004031994845718145 0.06570045650005342 0.0015277536585927007
v -0.00392800522968173 0.06570045650005342 0.0015277536585927007
v -0.00392800522968173 0.06561671942472459 0.001948705408722162
v -0.00392800522968173 0.06629577279090883 0.0009324379498139023
v -0.00392800522968173 0.06593890488147737 0.001170887961052358
v 0.004031994845718145 0.06593890488147737 0.001170887961052358
v 0.004031994845718145 0.06561671942472459 0.001948705408722162
v -0.0017480053938925266 0.05171174928545953 0.005319410003721713
v -0.017548006027936935 0.05171174928545953 0.005319410003721713
v -0.017548006027936935 0.05206861346960069 0.005557859782129525
v -0.0017480053938925266 0.05206861346960069 0.005557859782129525
v -0.017548006027936935 0.05248956754803659 0.005641592666506766
v -0.0017480053938925266 0.05248956754803659 0.005641592666506766
v -0.0017480053938925266 0.05147330090403558 0.004962544422596692
v -0.017548006027936935 0.05147330090403558 0.004962544422596692
v -0.0017480053938925266 0.05206861346960069 0.0035253250971436496
v -0.0017480053938925266 0.05248956754803659 0.003441592445597052
v -0.017548006027936935 0.05248956754803659 0.003441592445597052
v -0.0017480053938925266 0.05147330090403558 0.00412064092233777
v -0.017548006027936935 0.05147330090403558 0.00412064092233777
v -0.017548006027936935 0.051389567553997054 0.004541592672467231
v -0.017548006027936935 0.05206861346960069 0.0035253250971436496
v -0.017548006027936935 0.05171174928545953 0.0037637751083821054
v -0.0017480053938925266 0.05171174928545953 0.0037637751083821054
v -0.0017480053938925266 0.051389567553997054 0.004541592672467231
v 0.0176519937813282 0.05171174928545953 0.005319410003721713
v 0.0018519946606829762 0.05171174928545953 0.005319410003721713
v 0.0018519946606829762 0.05206861346960069 0.005557859782129525
v 0.0176519937813282 0.05206861346960069 0.005557859782129525
v 0.0018519946606829762 0.05248956754803659 0.005641592666506766
v 0.0176519937813282 0.05248956754803659 0.005641592666506766
v 0.0176519937813282 0.05147330090403558 0.004962544422596692
v 0.0018519946606829762 0.05147330090403558 0.004962544422596692
v 0.0176519937813282 0.05206861346960069 0.0035253250971436496
v 0.0176519937813282 0.05248956754803659 0.003441592445597052
v 0.0018519946606829762 0.05248956754803659 0.003441592445597052
v 0.0176519937813282 0.05147330090403558 0.00412064092233777
v 0.0018519946606829762 0.05147330090403558 0.00412064092233777
v 0.0018519946606829762 0.051389567553997054 0.004541592672467231
v 0.0018519946606829762 0.05206861346960069 0.0035253250971436496
v 0.0018519946606829762 0.05171174928545953 0.0037637751083821054
v 0.0176519937813282 0.05171174928545953 0.0037637751083821054
v 0.0176519937813282 0.051389567553997054 0.004541592672467231
v -0.017548006027936935 0.05471672490239145 0.0015895613469183443
v -0.0017480053938925266 0.05448183417320253 0.0015456357505172489
v -0.017548006027936935 0.05446310713887216 0.0015645821113139389
v -0.0017480053938925266 0.05471672490239145 0.0015895613469183443
v -0.017548006027936935 0.05421923846006395 0.0014906045980751512
v -0.0017480053938925266 0.05424694344401361 0.0015017101541161535
v -0.017548006027936935 0.053994484245777144 0.001370471785776317
v -0.0017480053938925266 0.053840655833482756 0.0012500302400439975
v -0.017548006027936935 0.05379748716950418 0.001208800124004483
v -0.017548006027936935 0.05363581329584123 0.0010118025820702312
v -0.0017480053938925266 0.053552772849798216 0.0008685376960784196
v -0.017548006027936935 0.053441703319549574 0.0005431787576526402
v -0.017548006027936935 0.05351568385958673 0.000787049764767289
v 0.0018519946606829762 0.05448183417320253 0.0015456357505172489
v 0.0176519937813282 0.05446310713887216 0.0015645821113139389
v 0.0018519946606829762 0.05424694344401361 0.0015017101541161535
v 0.0018519946606829762 0.05471672490239145 0.0015895613469183443
v 0.0176519937813282 0.05471672490239145 0.0015895613469183443
v 0.0176519937813282 0.05421923846006395 0.0014906045980751512
v 0.0176519937813282 0.053994484245777144 0.001370471785776317
v 0.0018519946606829762 0.053840655833482756 0.0012500302400439975
v 0.0176519937813282 0.05379748716950418 0.001208800124004483
v 0.0018519946606829762 0.053552772849798216 0.0008685376960784196
v 0.0176519937813282 0.05363581329584123 0.0010118025820702312
v 0.0176519937813282 0.05351568385958673 0.000787049764767289
v 0.0176519937813282 0.053441703319549574 0.0005431787576526402
v 0.0018519946606829762 0.053422201424837126 0.0004087932466063648
v -0.0017480053938925266 0.053422201424837126 0.0004087932466063648
v -0.0017480053938925266 0.05447926744818689 -0.000988567480817437
v 0.0176519937813282 0.05471672490239145 -0.0010104386601597069
v -0.017548006027936935 0.05471672490239145 -0.0010104386601597069
v -0.0017480053938925266 0.053466599434614195 -6.70661320327781e-05
v -0.017548006027936935 0.053441703319549574 3.5943885450251394e-05
v -0.017548006027936935 0.05341672524809839 0.0002895613142754882
v -0.017548006027936935 0.05351568385958673 -0.00020792715076822785
v -0.0017480053938925266 0.053679954260587706 -0.000494725303724408
v -0.017548006027936935 0.05363581329584123 -0.0004326800117269158
v -0.0017480053938925266 0.05403343588113786 -0.0008163838065229355
v -0.017548006027936935 0.053994484245777144 -0.0007913491572253405
v -0.017548006027936935 0.05379748716950418 -0.0006296775536611675
v -0.017548006027936935 0.05421923846006395 -0.0009114820859394966
v -0.017548006027936935 0.05446310713887216 -0.0009854595409706233
v 0.0176519937813282 0.05341672524809839 0.0002895613142754882
v 0.0018519946606829762 0.053466599434614195 -6.70661320327781e-05
v 0.0176519937813282 0.053441703319549574 3.5943885450251394e-05
v 0.0176519937813282 0.05351568385958673 -0.00020792715076822785
v 0.0176519937813282 0.05363581329584123 -0.0004326800117269158
v 0.0018519946606829762 0.053679954260587706 -0.000494725303724408
v 0.0176519937813282 0.05379748716950418 -0.0006296775536611675
v 0.0018519946606829762 0.05403343588113786 -0.0008163838065229355
v 0.0176519937813282 0.05421923846006395 -0.0009114820859394966
v 0.0018519946606829762 0.05447926744818689 -0.000988567480817437
v 0.0176519937813282 0.053994484245777144 -0.0007913491572253405
v 0.0176519937813282 0.05446310713887216 -0.0009854595409706233
v 0.0176519937813282 0.05093019455671312 0.004183321725577115
v 0.0176519937813282 0.05089032649993898 0.004590908996760844
v 0.016851995140314102 0.05015050992369653 0.004004186484962701
v 0.016851995140314102 0.05009070783853532 0.004615566693246364
v 0.0176519937813282 0.05095523595809938 0.004995265044271945
v 0.016851995140314102 0.05036355182528497 0.0034280137624591585
v 0.0176519937813282 0.05107222497463228 0.003799206810072064
v 0.016851995140314102 0.050188064575195326 0.005222101230174302
v 0.0176519937813282 0.05248956754803659 0.006141592282801866
v 0.016851995140314102 0.05248956754803659 0.006941592786461114
v 0.016851995140314102 0.05188032239675523 0.006862975656986236
v 0.016851995140314102 0.050436206161975874 0.005784051958471536
v 0.0176519937813282 0.05112065747380258 0.0053698988631367675
v 0.0176519937813282 0.05137576907873155 0.00569026730954647
v 0.0176519937813282 0.051703847944736495 0.005935380235314368
v 0.0176519937813282 0.052083402872085585 0.006089181173592805
v 0.016851995140314102 0.051310990005731597 0.006632274482399224
v 0.016851995140314102 0.05081887170672418 0.006264604162424802
v 0.004051994998008013 0.06592476367950441 0.001156745827756822
v 0.0176519937813282 0.06592476367950441 0.001156745827756822
v 0.0176519937813282 0.06628811359405519 0.0009139603353105484
v 0.004051994998008013 0.06628811359405519 0.0009139603353105484
v 0.0176519937813282 0.06671673059463502 0.000828705437015742
v 0.004051994998008013 0.06568197906017305 0.0015201000496745107
v 0.004051994998008013 0.06671673059463502 0.000828705437015742
v 0.0176519937813282 0.06568197906017305 0.0015201000496745107
v 0.004051994998008013 0.06628811359405519 0.0029834504239261146
v 0.004051994998008013 0.06671673059463502 0.0030687055550515647
v 0.0176519937813282 0.06671673059463502 0.0030687055550515647
v 0.004051994998008013 0.06559672206640245 0.001948705408722162
v 0.0176519937813282 0.06559672206640245 0.001948705408722162
v 0.004051994998008013 0.06568197906017305 0.0023773110006004568
v 0.0176519937813282 0.06592476367950441 0.00274066487327218
v 0.0176519937813282 0.06568197906017305 0.0023773110006004568
v 0.0176519937813282 0.06628811359405519 0.0029834504239261146
v 0.004051994998008013 0.06592476367950441 0.00274066487327218
v 0.004051994998008013 0.07187800854444505 0.00040915529825724656
v 0.0176519937813282 0.07187800854444505 0.00040915529825724656
v 0.0176519937813282 0.07224136590957643 0.00016636982036288825
v 0.004051994998008013 0.07224136590957643 0.00016636982036288825
v 0.0176519937813282 0.07266996800899507 8.111489296425133e-05
v 0.004051994998008013 0.07266996800899507 8.111489296425133e-05
v 0.004051994998008013 0.07163522392511369 0.000772509432863444
v 0.0176519937813282 0.07163522392511369 0.000772509432863444
v 0.004051994998008013 0.07224136590957643 0.0022358598653227086
v 0.004051994998008013 0.07266996800899507 0.002321114996448159
v 0.0176519937813282 0.07266996800899507 0.002321114996448159
v 0.004051994998008013 0.07163522392511369 0.0016297203255817292
v 0.0176519937813282 0.07163522392511369 0.0016297203255817292
v 0.0176519937813282 0.07154996693134309 0.001201114850118756
v 0.004051994998008013 0.07187800854444505 0.001993074547499418
v 0.0176519937813282 0.07224136590957643 0.0022358598653227086
v 0.0176519937813282 0.07187800854444505 0.001993074547499418
v 0.004051994998008013 0.07154996693134309 0.001201114850118756
v -0.003948005381971598 0.06592476367950441 0.00274066487327218
v -0.017548006027936935 0.06592476367950441 0.00274066487327218
v -0.017548006027936935 0.06628811359405519 0.0029834504239261146
v -0.003948005381971598 0.06628811359405519 0.0029834504239261146
v -0.017548006027936935 0.06671673059463502 0.0030687055550515647
v -0.003948005381971598 0.06671673059463502 0.0030687055550515647
v -0.003948005381971598 0.06568197906017305 0.0023773110006004568
v -0.017548006027936935 0.06568197906017305 0.0023773110006004568
v -0.003948005381971598 0.06628811359405519 0.0009139603353105484
v -0.003948005381971598 0.06671673059463502 0.000828705437015742
v -0.017548006027936935 0.06671673059463502 0.000828705437015742
v -0.003948005381971598 0.06568197906017305 0.0015201000496745107
v -0.017548006027936935 0.06568197906017305 0.0015201000496745107
v -0.017548006027936935 0.06559672206640245 0.001948705408722162
v -0.017548006027936935 0.06628811359405519 0.0009139603353105484
v -0.017548006027936935 0.06592476367950441 0.001156745827756822
v -0.003948005381971598 0.06592476367950441 0.001156745827756822
v -0.003948005381971598 0.06559672206640245 0.001948705408722162
v -0.003948005381971598 0.07187800854444505 0.001993074547499418
v -0.017548006027936935 0.07187800854444505 0.001993074547499418
v -0.017548006027936935 0.07224136590957643 0.0022358598653227086
v -0.003948005381971598 0.07224136590957643 0.0022358598653227086
v -0.017548006027936935 0.07266996800899507 0.002321114996448159
v -0.003948005381971598 0.07266996800899507 0.002321114996448159
v -0.003948005381971598 0.07163522392511369 0.0016297203255817292
v -0.017548006027936935 0.07163522392511369 0.0016297203255817292
v -0.003948005381971598 0.07224136590957643 0.00016636982036288825
v -0.003948005381971598 0.07266996800899507 8.111489296425133e-05
v -0.017548006027936935 0.07266996800899507 8.111489296425133e-05
v -0.003948005381971598 0.07163522392511369 0.000772509432863444
v -0.017548006027936935 0.07163522392511369 0.000772509432863444
v -0.017548006027936935 0.07154996693134309 0.001201114850118756
v -0.017548006027936935 0.07224136590957643 0.00016636982036288825
v -0.017548006027936935 0.07187800854444505 0.00040915529825724656
v -0.003948005381971598 0.07187800854444505 0.00040915529825724656
v -0.003948005381971598 0.07154996693134309 0.001201114850118756
v -0.016748005524277687 0.05248956754803659 0.006941592786461114
v -0.0017480053938925266 0.05248956754803659 0.006941592786461114
v -0.016748005524277687 0.052788604050874724 0.006922889966517686
v -0.0017480053938925266 0.052788604050874724 0.006922889966517686
v -0.00392800522968173 0.06773299723863603 0.0023696573916822668
v -0.00392800522968173 0.06749454140663148 0.0027265229728072877
v -0.003948005381971598 0.06750868260860445 0.00274066487327218
v -0.00392800522968173 0.06713768094778062 0.0029649729840457435
v -0.003948005381971598 0.06714533269405366 0.0029834504239261146
v -0.00392800522968173 0.06671673059463502 0.0030487054027616973
v -0.003948005381971598 0.06671673059463502 0.0030687055550515647
v -0.003948005381971598 0.0677514746785164 0.0023773110006004568
v -0.00392800522968173 0.06713768094778062 0.0009324379498139023
v -0.003948005381971598 0.06671673059463502 0.000828705437015742
v -0.00392800522968173 0.06671673059463502 0.0008487054728902875
v -0.003948005381971598 0.0678367242217064 0.001948705408722162
v -0.00392800522968173 0.06773299723863603 0.0015277536585927007
v -0.00392800522968173 0.06781672686338426 0.001948705408722162
v -0.003948005381971598 0.06750868260860445 0.001156745827756822
v -0.00392800522968173 0.06749454140663148 0.001170887961052358
v -0.003948005381971598 0.06714533269405366 0.0009139603353105484
v -0.003948005381971598 0.0677514746785164 0.0015201000496745107
v -0.003948005381971598 0.07309857010841371 0.0022358598653227086
v -0.00392800522968173 0.07344778627157213 0.001978932414203882
v -0.00392800522968173 0.07309091836214067 0.0022173824254423376
v -0.00392800522968173 0.07368623465299608 0.0016220666002482174
v -0.003948005381971598 0.07346192747354509 0.001993074547499418
v -0.00392800522968173 0.07266996800899507 0.0023011148441582914
v -0.003948005381971598 0.07266996800899507 0.002321114996448159
v -0.003948005381971598 0.07370471209287645 0.0016297203255817292
v -0.00392800522968173 0.07309091836214067 0.00018484742031432686
v -0.003948005381971598 0.07266996800899507 8.111489296425133e-05
v -0.00392800522968173 0.07266996800899507 0.00010111489973496644
v -0.003948005381971598 0.07378996908664705 0.001201114850118756
v -0.00392800522968173 0.07368623465299608 0.0007801630999892949
v -0.00392800522968173 0.07376996427774431 0.001201114850118756
v -0.003948005381971598 0.07346192747354509 0.00040915529825724656
v -0.00392800522968173 0.07344778627157213 0.0004232974315527826
v -0.003948005381971598 0.07309857010841371 0.00016636982036288825
v -0.003948005381971598 0.07370471209287645 0.000772509432863444
v 0.016851995140314102 0.05015050992369653 0.004004186484962701
v 0.016851995140314102 0.05009070783853532 0.004615566693246364
v 0.0018519946606829762 0.05009070783853532 0.004615566693246364
v 0.016851995140314102 0.05036355182528497 0.0034280137624591585
v 0.0018519946606829762 0.05015050992369653 0.004004186484962701
v 0.0018519946606829762 0.050188064575195326 0.005222101230174302
v 0.0018519946606829762 0.05036355182528497 0.0034280137624591585
v 0.016851995140314102 0.050188064575195326 0.005222101230174302
v 0.016851995140314102 0.05248956754803659 0.006941592786461114
v 0.0018519946606829762 0.05248956754803659 0.006941592786461114
v 0.0018519946606829762 0.05188032239675523 0.006862975656986236
v 0.016851995140314102 0.050436206161975874 0.005784051958471536
v 0.0018519946606829762 0.050436206161975874 0.005784051958471536
v 0.016851995140314102 0.05081887170672418 0.006264604162424802
v 0.016851995140314102 0.051310990005731597 0.006632274482399224
v 0.0018519946606829762 0.051310990005731597 0.006632274482399224
v 0.0018519946606829762 0.05081887170672418 0.006264604162424802
v 0.016851995140314102 0.05188032239675523 0.006862975656986236
v 0.004051994998008013 0.06628811359405519 0.0029834504239261146
v 0.004031994845718145 0.06593890488147737 0.0027265229728072877
v 0.004031994845718145 0.06629577279090883 0.0029649729840457435
v 0.004031994845718145 0.06570045650005342 0.0023696573916822668
v 0.004051994998008013 0.06592476367950441 0.00274066487327218
v 0.004031994845718145 0.06671673059463502 0.0030487054027616973
v 0.004051994998008013 0.06671673059463502 0.0030687055550515647
v 0.004051994998008013 0.06568197906017305 0.0023773110006004568
v 0.004031994845718145 0.06629577279090883 0.0009324379498139023
v 0.004051994998008013 0.06671673059463502 0.000828705437015742
v 0.004031994845718145 0.06671673059463502 0.0008487054728902875
v 0.004051994998008013 0.06559672206640245 0.001948705408722162
v 0.004031994845718145 0.06570045650005342 0.0015277536585927007
v 0.004031994845718145 0.06561671942472459 0.001948705408722162
v 0.004051994998008013 0.06592476367950441 0.001156745827756822
v 0.004031994845718145 0.06593890488147737 0.001170887961052358
v 0.004051994998008013 0.06628811359405519 0.0009139603353105484
v 0.004051994998008013 0.06568197906017305 0.0015201000496745107
v 0.004051994998008013 0.07224136590957643 0.0022358598653227086
v 0.004031994845718145 0.07189214974641801 0.001978932414203882
v 0.004031994845718145 0.07224901765584947 0.0022173824254423376
v 0.004031994845718145 0.07165370136499406 0.0016220666002482174
v 0.004051994998008013 0.07187800854444505 0.001993074547499418
v 0.004031994845718145 0.07266996800899507 0.0023011148441582914
v 0.004051994998008013 0.07266996800899507 0.002321114996448159
v 0.004051994998008013 0.07163522392511369 0.0016297203255817292
v 0.004051994998008013 0.07224136590957643 0.00016636982036288825
v 0.004051994998008013 0.07266996800899507 8.111489296425133e-05
v 0.004031994845718145 0.07266996800899507 0.00010111489973496644
v 0.004051994998008013 0.07163522392511369 0.000772509432863444
v 0.004031994845718145 0.07165370136499406 0.0007801630999892949
v 0.004031994845718145 0.07156997174024583 0.001201114850118756
v 0.004051994998008013 0.07187800854444505 0.00040915529825724656
v 0.004031994845718145 0.07189214974641801 0.0004232974315527826
v 0.004031994845718145 0.07224901765584947 0.00018484742031432686
v 0.004051994998008013 0.07154996693134309 0.001201114850118756
v -0.016748005524277687 0.07761505246162416 0.003805258776992559
v -0.0017480053938925266 0.054613456130027785 0.006693730130791663
v 0.0018519946606829762 0.054613456130027785 0.006693730130791663
v 0.016851995140314102 0.07988810539245607 0.003519814927130937
v 0.016851995140314102 0.052788604050874724 0.006922889966517686
v 0.0018519946606829762 0.052788604050874724 0.006922889966517686
v 0.0018519946606829762 0.05147330090403558 0.004962544422596692
v 0.0018519946606829762 0.05081887170672418 0.006264604162424802
v 0.0018519946606829762 0.05171174928545953 0.005319410003721713
v 0.0018519946606829762 0.051310990005731597 0.006632274482399224
v 0.0018519946606829762 0.05188032239675523 0.006862975656986236
v 0.0018519946606829762 0.05206861346960069 0.005557859782129525
v 0.0018519946606829762 0.050436206161975874 0.005784051958471536
v 0.0018519946606829762 0.051389567553997054 0.004541592672467231
v 0.0018519946606829762 0.05009070783853532 0.004615566693246364
v 0.0018519946606829762 0.050188064575195326 0.005222101230174302
v 0.0018519946606829762 0.05147330090403558 0.00412064092233777
v 0.0018519946606829762 0.05036355182528497 0.0034280137624591585
v 0.0018519946606829762 0.05015050992369653 0.004004186484962701
v 0.0018519946606829762 0.05248956754803659 0.005641592666506766
v 0.0018519946606829762 0.05248956754803659 0.006941592786461114
v 0.0018519946606829762 0.05326738208532335 0.005319410003721713
v 0.0018519946606829762 0.052788604050874724 0.006922889966517686
v 0.0018519946606829762 0.054613456130027785 0.006693730130791663
v 0.0018519946606829762 0.05291051790118219 0.005557859782129525
v 0.0018519946606829762 0.053505837917327895 0.004962544422596692
v 0.0018519946606829762 0.053589567542076125 0.004541592672467231
v 0.0018519946606829762 0.053505837917327895 0.00412064092233777
v 0.0018519946606829762 0.05556796863675119 0.004871404729783534
v 0.0018519946606829762 0.05471672490239145 0.0015895613469183443
v 0.0018519946606829762 0.05171174928545953 0.0037637751083821054
v 0.0018519946606829762 0.05206861346960069 0.0035253250971436496
v 0.0018519946606829762 0.05291051790118219 0.0035253250971436496
v 0.0018519946606829762 0.05326738208532335 0.0037637751083821054
v 0.0018519946606829762 0.053840655833482756 0.0012500302400439975
v 0.0018519946606829762 0.05248956754803659 0.003441592445597052
v 0.0018519946606829762 0.05259070917963983 -0.0008240173920057713
v 0.0018519946606829762 0.053422201424837126 0.0004087932466063648
v 0.0018519946606829762 0.053466599434614195 -6.70661320327781e-05
v 0.0018519946606829762 0.052894543856382384 -0.0012723769759759305
v 0.0018519946606829762 0.053291175514459624 -0.0016411911929026244
v 0.0018519946606829762 0.053679954260587706 -0.000494725303724408
v 0.0018519946606829762 0.053552772849798216 0.0008685376960784196
v 0.0018519946606829762 0.05424694344401361 0.0015017101541161535
v 0.0018519946606829762 0.054954186081886305 0.0015676901675760744
v 0.0018519946606829762 0.05376040562987329 -0.001911677769385278
v 0.0018519946606829762 0.05403343588113786 -0.0008163838065229355
v 0.0018519946606829762 0.05447926744818689 -0.000988567480817437
v 0.0018519946606829762 0.054278340190649046 -0.002070061163976788
v 0.0018519946606829762 0.054613456130027785 0.006693730130791663
v -0.0017480053938925266 0.054613456130027785 0.006693730130791663
v 0.0018519946606829762 0.05556796863675119 0.004871404729783534
v -0.0017480053938925266 0.05556796863675119 0.004871404729783534
v 0.0018519946606829762 0.05556796863675119 0.004871404729783534
v -0.0017480053938925266 0.05556796863675119 0.004871404729783534
v -0.0017480053938925266 0.054954186081886305 0.0015676901675760744
v 0.0018519946606829762 0.054954186081886305 0.0015676901675760744
v 0.0018519946606829762 0.05447926744818689 -0.000988567480817437
v -0.0017480053938925266 0.05447926744818689 -0.000988567480817437
v -0.0017480053938925266 0.054278340190649046 -0.002070061163976788
v 0.0018519946606829762 0.054278340190649046 -0.002070061163976788
v 0.016851995140314102 0.05461810156702997 -0.0021084116306155916
v 0.0018519946606829762 0.054278340190649046 -0.002070061163976788
v -0.016748005524277687 0.05461810156702997 -0.0021084116306155916
v 0.016851995140314102 0.054000824689865126 -0.0020011777523905034
v 0.016851995140314102 0.053432330489158644 -0.0017378339543938635
v 0.0018519946606829762 0.05376040562987329 -0.001911677769385278
v -0.0017480053938925266 0.054278340190649046 -0.002070061163976788
v -0.016748005524277687 0.054000824689865126 -0.0020011777523905034
v -0.0017480053938925266 0.05376040562987329 -0.001911677769385278
v -0.016748005524277687 0.053432330489158644 -0.0017378339543938635
v -0.0017480053938925266 0.053291175514459624 -0.0016411911929026244
v 0.0018519946606829762 0.053291175514459624 -0.0016411911929026244
v 0.016851995140314102 0.05295136570930482 -0.001336326473392546
v 0.0018519946606829762 0.052894543856382384 -0.0012723769759759305
v 0.016851995140314102 0.05259070917963983 -0.0008240173920057713
v 0.0018519946606829762 0.05259070917963983 -0.0008240173920057713
v -0.016748005524277687 0.05295136570930482 -0.001336326473392546
v -0.0017480053938925266 0.052894543856382384 -0.0012723769759759305
v -0.0017480053938925266 0.05259070917963983 -0.0008240173920057713
v -0.016748005524277687 0.05259070917963983 -0.0008240173920057713
v -0.016748005524277687 0.07702670991420747 -0.0030300002545118328
v 0.016851995140314102 0.07932375371456148 -0.003124469425529241
v 0.004031994845718145 0.06749454140663148 0.001170887961052358
v 0.004031994845718145 0.06713768094778062 0.0009324379498139023
v 0.004051994998008013 0.06714533269405366 0.0009139603353105484
v 0.004051994998008013 0.0677514746785164 0.0015201000496745107
v 0.004031994845718145 0.06781672686338426 0.001948705408722162
v 0.004031994845718145 0.06773299723863603 0.0015277536585927007
v 0.004051994998008013 0.06750868260860445 0.001156745827756822
v 0.004051994998008013 0.0678367242217064 0.001948705408722162
v 0.004031994845718145 0.06749454140663148 0.0027265229728072877
v 0.004031994845718145 0.06773299723863603 0.0023696573916822668
v 0.004051994998008013 0.06750868260860445 0.00274066487327218
v 0.004031994845718145 0.06713768094778062 0.0029649729840457435
v 0.004051994998008013 0.06714533269405366 0.0029834504239261146
v 0.004051994998008013 0.0677514746785164 0.0023773110006004568
v 0.004031994845718145 0.07344778627157213 0.0004232974315527826
v 0.004031994845718145 0.07309091836214067 0.00018484742031432686
v 0.004051994998008013 0.07309857010841371 0.00016636982036288825
v 0.004051994998008013 0.07370471209287645 0.000772509432863444
v 0.004031994845718145 0.07376996427774431 0.001201114850118756
v 0.004031994845718145 0.07368623465299608 0.0007801630999892949
v 0.004051994998008013 0.07346192747354509 0.00040915529825724656
v 0.004051994998008013 0.07378996908664705 0.001201114850118756
v 0.004031994845718145 0.07344778627157213 0.001978932414203882
v 0.004031994845718145 0.07368623465299608 0.0016220666002482174
v 0.004051994998008013 0.07346192747354509 0.001993074547499418
v 0.004051994998008013 0.07309857010841371 0.0022358598653227086
v 0.004031994845718145 0.07309091836214067 0.0022173824254423376
v 0.004051994998008013 0.07370471209287645 0.0016297203255817292
v -0.00392800522968173 0.07189214974641801 0.0004232974315527826
v -0.00392800522968173 0.07224901765584947 0.00018484742031432686
v -0.003948005381971598 0.07224136590957643 0.00016636982036288825
v -0.003948005381971598 0.07154996693134309 0.001201114850118756
v -0.00392800522968173 0.07165370136499406 0.0007801630999892949
v -0.003948005381971598 0.07163522392511369 0.000772509432863444
v -0.003948005381971598 0.07187800854444505 0.00040915529825724656
v -0.00392800522968173 0.07156997174024583 0.001201114850118756
v -0.00392800522968173 0.07189214974641801 0.001978932414203882
v -0.00392800522968173 0.07165370136499406 0.0016220666002482174
v -0.003948005381971598 0.07187800854444505 0.001993074547499418
v -0.00392800522968173 0.07224901765584947 0.0022173824254423376
v -0.003948005381971598 0.07224136590957643 0.0022358598653227086
v -0.003948005381971598 0.07163522392511369 0.0016297203255817292
v -0.00392800522968173 0.06593890488147737 0.001170887961052358
v -0.00392800522968173 0.06629577279090883 0.0009324379498139023
v -0.003948005381971598 0.06628811359405519 0.0009139603353105484
v -0.003948005381971598 0.06568197906017305 0.0015201000496745107
v -0.00392800522968173 0.06561671942472459 0.001948705408722162
v -0.00392800522968173 0.06570045650005342 0.0015277536585927007
v -0.003948005381971598 0.06592476367950441 0.001156745827756822
v -0.003948005381971598 0.06559672206640245 0.001948705408722162
v -0.00392800522968173 0.06593890488147737 0.0027265229728072877
v -0.00392800522968173 0.06570045650005342 0.0023696573916822668
v -0.003948005381971598 0.06592476367950441 0.00274066487327218
v -0.003948005381971598 0.06628811359405519 0.0029834504239261146
v -0.00392800522968173 0.06629577279090883 0.0029649729840457435
v -0.003948005381971598 0.06568197906017305 0.0023773110006004568
v -0.016748005524277687 0.05036355182528497 0.0034280137624591585
v -0.0017480053938925266 0.05036355182528497 0.0034280137624591585
v -0.016748005524277687 0.05188032239675523 0.006862975656986236
v -0.0017480053938925266 0.05188032239675523 0.006862975656986236
v -0.016748005524277687 0.051310990005731597 0.006632274482399224
v -0.016748005524277687 0.05081887170672418 0.006264604162424802
v -0.0017480053938925266 0.051310990005731597 0.006632274482399224
v -0.0017480053938925266 0.05081887170672418 0.006264604162424802
v -0.016748005524277687 0.050436206161975874 0.005784051958471536
v -0.0017480053938925266 0.050436206161975874 0.005784051958471536
v -0.016748005524277687 0.050188064575195326 0.005222101230174302
v -0.016748005524277687 0.05009070783853532 0.004615566693246364
v -0.0017480053938925266 0.050188064575195326 0.005222101230174302
v -0.016748005524277687 0.05015050992369653 0.004004186484962701
v -0.0017480053938925266 0.05015050992369653 0.004004186484962701
v -0.0017480053938925266 0.05009070783853532 0.004615566693246364
v -0.0017480053938925266 0.05291051790118219 0.005557859782129525
v -0.0017480053938925266 0.05326738208532335 0.005319410003721713
v -0.0017480053938925266 0.052788604050874724 0.006922889966517686
v -0.0017480053938925266 0.054613456130027785 0.006693730130791663
v -0.0017480053938925266 0.05248956754803659 0.005641592666506766
v -0.0017480053938925266 0.05248956754803659 0.006941592786461114
v -0.0017480053938925266 0.05206861346960069 0.005557859782129525
v -0.0017480053938925266 0.053505837917327895 0.004962544422596692
v -0.0017480053938925266 0.053589567542076125 0.004541592672467231
v -0.0017480053938925266 0.053505837917327895 0.00412064092233777
v -0.0017480053938925266 0.05556796863675119 0.004871404729783534
v -0.0017480053938925266 0.05471672490239145 0.0015895613469183443
v -0.0017480053938925266 0.05171174928545953 0.005319410003721713
v -0.0017480053938925266 0.05188032239675523 0.006862975656986236
v -0.0017480053938925266 0.051310990005731597 0.006632274482399224
v -0.0017480053938925266 0.05081887170672418 0.006264604162424802
v -0.0017480053938925266 0.05147330090403558 0.004962544422596692
v -0.0017480053938925266 0.050436206161975874 0.005784051958471536
v -0.0017480053938925266 0.051389567553997054 0.004541592672467231
v -0.0017480053938925266 0.05009070783853532 0.004615566693246364
v -0.0017480053938925266 0.050188064575195326 0.005222101230174302
v -0.0017480053938925266 0.05015050992369653 0.004004186484962701
v -0.0017480053938925266 0.05036355182528497 0.0034280137624591585
v -0.0017480053938925266 0.05147330090403558 0.00412064092233777
v -0.0017480053938925266 0.05424694344401361 0.0015017101541161535
v -0.0017480053938925266 0.05291051790118219 0.0035253250971436496
v -0.0017480053938925266 0.053552772849798216 0.0008685376960784196
v -0.0017480053938925266 0.053840655833482756 0.0012500302400439975
v -0.0017480053938925266 0.05326738208532335 0.0037637751083821054
v -0.0017480053938925266 0.054278340190649046 -0.002070061163976788
v -0.0017480053938925266 0.05447926744818689 -0.000988567480817437
v -0.0017480053938925266 0.05403343588113786 -0.0008163838065229355
v -0.0017480053938925266 0.05376040562987329 -0.001911677769385278
v -0.0017480053938925266 0.053679954260587706 -0.000494725303724408
v -0.0017480053938925266 0.053466599434614195 -6.70661320327781e-05
v -0.0017480053938925266 0.052894543856382384 -0.0012723769759759305
v -0.0017480053938925266 0.053291175514459624 -0.0016411911929026244
v -0.0017480053938925266 0.05171174928545953 0.0037637751083821054
v -0.0017480053938925266 0.05206861346960069 0.0035253250971436496
v -0.0017480053938925266 0.05259070917963983 -0.0008240173920057713
v -0.0017480053938925266 0.053422201424837126 0.0004087932466063648
v -0.0017480053938925266 0.05248956754803659 0.003441592445597052
v -0.0017480053938925266 0.054954186081886305 0.0015676901675760744
v -0.017548006027936935 0.05446310713887216 -0.0009854595409706233
v -0.017548006027936935 0.0542394556105137 -0.0012375980149954555
v -0.017548006027936935 0.05386046320199968 -0.00106203556060791
v -0.017548006027936935 0.05421923846006395 -0.0009114820859394966
v -0.017548006027936935 0.053539820015430464 -0.0007943638483993708
v -0.017548006027936935 0.053299382328987135 -0.0004528244899120181
v -0.017548006027936935 0.05379748716950418 -0.0006296775536611675
v -0.017548006027936935 0.053994484245777144 -0.0007913491572253405
v -0.017548006027936935 0.05471672490239145 -0.0010104386601597069
v -0.017548006027936935 0.05465097725391389 -0.0013090872671455143
v -0.017548006027936935 0.054970338940620436 -0.0009854595409706233
v -0.017548006027936935 0.055214215070009245 -0.0009114820859394966
v -0.017548006027936935 0.05543896555900575 -0.0007913491572253405
v -0.017548006027936935 0.055635962635278716 -0.0006296775536611675
v -0.017548006027936935 0.06671673059463502 0.000828705437015742
v -0.017548006027936935 0.05363581329584123 -0.0004326800117269158
v -0.017548006027936935 0.05351568385958673 -0.00020792715076822785
v -0.017548006027936935 0.053441703319549574 3.5943885450251394e-05
v -0.017548006027936935 0.05107222497463228 0.003799206810072064
v -0.017548006027936935 0.053441703319549574 0.0005431787576526402
v -0.017548006027936935 0.05341672524809839 0.0002895613142754882
v -0.017548006027936935 0.05363581329584123 0.0010118025820702312
v -0.017548006027936935 0.05351568385958673 0.000787049764767289
v -0.017548006027936935 0.055917765945196166 -0.00020792715076822785
v -0.017548006027936935 0.05599174648523332 3.5943885450251394e-05
v -0.017548006027936935 0.06628811359405519 0.0009139603353105484
v -0.017548006027936935 0.055797632783651366 -0.0004326800117269158
v -0.017548006027936935 0.055797632783651366 0.0010118025820702312
v -0.017548006027936935 0.055635962635278716 0.001208800124004483
v -0.017548006027936935 0.06568197906017305 0.0015201000496745107
v -0.017548006027936935 0.06592476367950441 0.001156745827756822
v -0.017548006027936935 0.055917765945196166 0.000787049764767289
v -0.017548006027936935 0.05379748716950418 0.001208800124004483
v -0.017548006027936935 0.0770595818758011 -0.0022306758910417552
v -0.017548006027936935 0.0779395177960396 -0.0021027517504990097
v -0.017548006027936935 0.07750563323497774 -0.0022075811866670843
v -0.017548006027936935 0.07834653556346895 -0.0019195763161405919
v -0.017548006027936935 0.07346192747354509 0.00040915529825724656
v -0.017548006027936935 0.07954514771699907 -0.0001315057015744969
v -0.017548006027936935 0.07309857010841371 0.00016636982036288825
v -0.017548006027936935 0.07224136590957643 0.00016636982036288825
v -0.017548006027936935 0.07266996800899507 8.111489296425133e-05
v -0.017548006027936935 0.07902516424655916 -0.0013464416842907665
v -0.017548006027936935 0.05601672455668451 0.0002895613142754882
v -0.017548006027936935 0.07927343249320985 -0.0009761977125890552
v -0.017548006027936935 0.07871267944574357 -0.0016646370058879254
v -0.017548006027936935 0.07944865524768831 -0.0005665345233865081
v -0.017548006027936935 0.07960316538810731 0.0003304650308564305
v -0.017548006027936935 0.07187800854444505 0.00040915529825724656
v -0.017548006027936935 0.06714533269405366 0.0009139603353105484
v -0.017548006027936935 0.06750868260860445 0.001156745827756822
v -0.017548006027936935 0.07163522392511369 0.000772509432863444
v -0.017548006027936935 0.0677514746785164 0.0015201000496745107
v -0.017548006027936935 0.07154996693134309 0.001201114850118756
v -0.017548006027936935 0.05599174648523332 0.0005431787576526402
v -0.017548006027936935 0.07370471209287645 0.000772509432863444
v -0.017548006027936935 0.07961542904376985 0.0008014048216864466
v -0.017548006027936935 0.07378996908664705 0.001201114850118756
v -0.017548006027936935 0.07953590899705888 0.001264563645236194
v -0.017548006027936935 0.07936675846576692 0.0017038217047229407
v -0.017548006027936935 0.05206861346960069 0.0035253250971436496
v -0.017548006027936935 0.05248956754803659 0.003441592445597052
v -0.017548006027936935 0.053994484245777144 0.001370471785776317
v -0.017548006027936935 0.05171174928545953 0.0037637751083821054
v -0.017548006027936935 0.05092478916049005 0.0042077144607901565
v -0.017548006027936935 0.05147330090403558 0.00412064092233777
v -0.017548006027936935 0.051389567553997054 0.004541592672467231
v -0.017548006027936935 0.05089264735579492 0.004640821833163499
v -0.017548006027936935 0.05421923846006395 0.0014906045980751512
v -0.017548006027936935 0.05446310713887216 0.0015645821113139389
v -0.017548006027936935 0.05471672490239145 0.0015895613469183443
v -0.017548006027936935 0.05291051790118219 0.0035253250971436496
v -0.017548006027936935 0.06592476367950441 0.00274066487327218
v -0.017548006027936935 0.05326738208532335 0.0037637751083821054
v -0.017548006027936935 0.053505837917327895 0.00412064092233777
v -0.017548006027936935 0.054970338940620436 0.0015645821113139389
v -0.017548006027936935 0.053589567542076125 0.004541592672467231
v -0.017548006027936935 0.06628811359405519 0.0029834504239261146
v -0.017548006027936935 0.050978161394596114 0.00506661832332611
v -0.017548006027936935 0.05147330090403558 0.004962544422596692
v -0.017548006027936935 0.05171174928545953 0.005319410003721713
v -0.017548006027936935 0.05117503181099893 0.00545373186469078
v -0.017548006027936935 0.05206861346960069 0.005557859782129525
v -0.017548006027936935 0.05248956754803659 0.005641592666506766
v -0.017548006027936935 0.05146875604987146 0.005773641169071197
v -0.017548006027936935 0.05183769389986993 0.006002775859087705
v -0.017548006027936935 0.053505837917327895 0.004962544422596692
v -0.017548006027936935 0.05326738208532335 0.005319410003721713
v -0.017548006027936935 0.06671673059463502 0.0030687055550515647
v -0.017548006027936935 0.05268892645835878 0.006129124201834201
v -0.017548006027936935 0.05291051790118219 0.005557859782129525
v -0.017548006027936935 0.05225465446710588 0.006124253384768962
v -0.017548006027936935 0.06559672206640245 0.001948705408722162
v -0.017548006027936935 0.05543896555900575 0.001370471785776317
v -0.017548006027936935 0.055214215070009245 0.0014906045980751512
v -0.017548006027936935 0.06568197906017305 0.0023773110006004568
v -0.017548006027936935 0.07370471209287645 0.0016297203255817292
v -0.017548006027936935 0.07911553233861925 0.002102085622027516
v -0.017548006027936935 0.07187800854444505 0.001993074547499418
v -0.017548006027936935 0.0678367242217064 0.001948705408722162
v -0.017548006027936935 0.0677514746785164 0.0023773110006004568
v -0.017548006027936935 0.07346192747354509 0.001993074547499418
v -0.017548006027936935 0.07879080623388292 0.002443415345624089
v -0.017548006027936935 0.07163522392511369 0.0016297203255817292
v -0.017548006027936935 0.07224136590957643 0.0022358598653227086
v -0.017548006027936935 0.06750868260860445 0.00274066487327218
v -0.017548006027936935 0.06714533269405366 0.0029834504239261146
v -0.017548006027936935 0.07266996800899507 0.002321114996448159
v -0.017548006027936935 0.07751537114381792 0.003011493012309074
v -0.017548006027936935 0.07309857010841371 0.0022358598653227086
v -0.017548006027936935 0.0779758244752884 0.002906866371631622
v -0.017548006027936935 0.07840600609779359 0.0027155256830155845
v -0.003948005381971598 0.07309857010841371 0.00016636982036288825
v -0.017548006027936935 0.07309857010841371 0.00016636982036288825
v -0.003948005381971598 0.07370471209287645 0.000772509432863444
v -0.017548006027936935 0.07370471209287645 0.000772509432863444
v -0.017548006027936935 0.07346192747354509 0.00040915529825724656
v -0.003948005381971598 0.07346192747354509 0.00040915529825724656
v -0.003948005381971598 0.07378996908664705 0.001201114850118756
v -0.017548006027936935 0.07378996908664705 0.001201114850118756
v -0.003948005381971598 0.07346192747354509 0.001993074547499418
v -0.017548006027936935 0.07346192747354509 0.001993074547499418
v -0.017548006027936935 0.07370471209287645 0.0016297203255817292
v -0.017548006027936935 0.07309857010841371 0.0022358598653227086
v -0.003948005381971598 0.07309857010841371 0.0022358598653227086
v -0.003948005381971598 0.07370471209287645 0.0016297203255817292
v -0.003948005381971598 0.06714533269405366 0.0009139603353105484
v -0.017548006027936935 0.06714533269405366 0.0009139603353105484
v -0.003948005381971598 0.0677514746785164 0.0015201000496745107
v -0.017548006027936935 0.0677514746785164 0.0015201000496745107
v -0.017548006027936935 0.06750868260860445 0.001156745827756822
v -0.003948005381971598 0.06750868260860445 0.001156745827756822
v -0.003948005381971598 0.0678367242217064 0.001948705408722162
v -0.017548006027936935 0.0678367242217064 0.001948705408722162
v -0.003948005381971598 0.06750868260860445 0.00274066487327218
v -0.017548006027936935 0.06750868260860445 0.00274066487327218
v -0.017548006027936935 0.0677514746785164 0.0023773110006004568
v -0.017548006027936935 0.06714533269405366 0.0029834504239261146
v -0.003948005381971598 0.06714533269405366 0.0029834504239261146
v -0.003948005381971598 0.0677514746785164 0.0023773110006004568
v 0.0176519937813282 0.0793566256761551 -0.0023251452948898073
v 0.0176519937813282 0.08064356446266176 -0.002014053054153919
v 0.0176519937813282 0.08100971579551698 -0.0017591062933206556
v 0.0176519937813282 0.08132218569517137 -0.0014409226132556794
v 0.0176519937813282 0.0817457288503647 -0.0006610471173189579
v 0.0176519937813282 0.08184218406677247 -0.00022597495990339664
v 0.0176519937813282 0.07309857010841371 0.00016636982036288825
v 0.0176519937813282 0.08157047629356386 -0.0010706669418141244
v 0.0176519937813282 0.07346192747354509 0.00040915529825724656
v 0.0176519937813282 0.07980262488126756 -0.002302011009305715
v 0.0176519937813282 0.0802365466952324 -0.0021972211543470617
v 0.0176519937813282 0.07266996800899507 8.111489296425133e-05
v 0.0176519937813282 0.06671673059463502 0.000828705437015742
v 0.0176519937813282 0.05543896555900575 -0.0007913491572253405
v 0.0176519937813282 0.07224136590957643 0.00016636982036288825
v 0.0176519937813282 0.05465097725391389 -0.0013090872671455143
v 0.0176519937813282 0.055917765945196166 -0.00020792715076822785
v 0.0176519937813282 0.06628811359405519 0.0009139603353105484
v 0.0176519937813282 0.05599174648523332 3.5943885450251394e-05
v 0.0176519937813282 0.08187621831893922 4.502134834183379e-05
v 0.0176519937813282 0.07187800854444505 0.00040915529825724656
v 0.0176519937813282 0.08188845217227937 0.0005159800057299434
v 0.0176519937813282 0.07370471209287645 0.000772509432863444
v 0.0176519937813282 0.08180896937847139 0.0009791200282052157
v 0.0176519937813282 0.07378996908664705 0.001201114850118756
v 0.0176519937813282 0.08163982629776002 0.001418362953700125
v 0.0176519937813282 0.07163522392511369 0.000772509432863444
v 0.0176519937813282 0.06714533269405366 0.0009139603353105484
v 0.0176519937813282 0.05601672455668451 0.0002895613142754882
v 0.0176519937813282 0.055797632783651366 -0.0004326800117269158
v 0.0176519937813282 0.05599174648523332 0.0005431787576526402
v 0.0176519937813282 0.06750868260860445 0.001156745827756822
v 0.0176519937813282 0.06568197906017305 0.0015201000496745107
v 0.0176519937813282 0.055917765945196166 0.000787049764767289
v 0.0176519937813282 0.06592476367950441 0.001156745827756822
v 0.0176519937813282 0.07154996693134309 0.001201114850118756
v 0.0176519937813282 0.0677514746785164 0.0015201000496745107
v 0.0176519937813282 0.054970338940620436 -0.0009854595409706233
v 0.0176519937813282 0.05471672490239145 -0.0010104386601597069
v 0.0176519937813282 0.055214215070009245 -0.0009114820859394966
v 0.0176519937813282 0.0542394556105137 -0.0012375980149954555
v 0.0176519937813282 0.055635962635278716 -0.0006296775536611675
v 0.0176519937813282 0.05446310713887216 -0.0009854595409706233
v 0.0176519937813282 0.05386046320199968 -0.00106203556060791
v 0.0176519937813282 0.05421923846006395 -0.0009114820859394966
v 0.0176519937813282 0.053539820015430464 -0.0007943638483993708
v 0.0176519937813282 0.053994484245777144 -0.0007913491572253405
v 0.0176519937813282 0.05379748716950418 -0.0006296775536611675
v 0.0176519937813282 0.053299382328987135 -0.0004528244899120181
v 0.0176519937813282 0.05363581329584123 -0.0004326800117269158
v 0.0176519937813282 0.055797632783651366 0.0010118025820702312
v 0.0176519937813282 0.055635962635278716 0.001208800124004483
v 0.0176519937813282 0.05351568385958673 -0.00020792715076822785
v 0.0176519937813282 0.053441703319549574 3.5943885450251394e-05
v 0.0176519937813282 0.05351568385958673 0.000787049764767289
v 0.0176519937813282 0.05363581329584123 0.0010118025820702312
v 0.0176519937813282 0.05107222497463228 0.003799206810072064
v 0.0176519937813282 0.05341672524809839 0.0002895613142754882
v 0.0176519937813282 0.053441703319549574 0.0005431787576526402
v 0.0176519937813282 0.05379748716950418 0.001208800124004483
v 0.0176519937813282 0.08138858526945116 0.0018166418885812161
v 0.0176519937813282 0.07370471209287645 0.0016297203255817292
v 0.0176519937813282 0.07163522392511369 0.0016297203255817292
v 0.0176519937813282 0.08106388151645662 0.0021579605527222152
v 0.0176519937813282 0.0678367242217064 0.001948705408722162
v 0.0176519937813282 0.07187800854444505 0.001993074547499418
v 0.0176519937813282 0.07346192747354509 0.001993074547499418
v 0.0176519937813282 0.07978843152523042 0.002726049162447452
v 0.0176519937813282 0.055214215070009245 0.0014906045980751512
v 0.0176519937813282 0.05543896555900575 0.001370471785776317
v 0.0176519937813282 0.06559672206640245 0.001948705408722162
v 0.0176519937813282 0.06568197906017305 0.0023773110006004568
v 0.0176519937813282 0.054970338940620436 0.0015645821113139389
v 0.0176519937813282 0.05291051790118219 0.0035253250971436496
v 0.0176519937813282 0.05471672490239145 0.0015895613469183443
v 0.0176519937813282 0.0677514746785164 0.0023773110006004568
v 0.0176519937813282 0.07309857010841371 0.0022358598653227086
v 0.0176519937813282 0.0806790664792061 0.0024300818331539627
v 0.0176519937813282 0.08024886995553972 0.002621463499963283
v 0.0176519937813282 0.07266996800899507 0.002321114996448159
v 0.0176519937813282 0.06714533269405366 0.0029834504239261146
v 0.0176519937813282 0.07224136590957643 0.0022358598653227086
v 0.0176519937813282 0.06750868260860445 0.00274066487327218
v 0.0176519937813282 0.06592476367950441 0.00274066487327218
v 0.0176519937813282 0.06628811359405519 0.0029834504239261146
v 0.0176519937813282 0.05326738208532335 0.0037637751083821054
v 0.0176519937813282 0.06671673059463502 0.0030687055550515647
v 0.0176519937813282 0.05268892645835878 0.006129124201834201
v 0.0176519937813282 0.053589567542076125 0.004541592672467231
v 0.0176519937813282 0.05248956754803659 0.003441592445597052
v 0.0176519937813282 0.05421923846006395 0.0014906045980751512
v 0.0176519937813282 0.05446310713887216 0.0015645821113139389
v 0.0176519937813282 0.053994484245777144 0.001370471785776317
v 0.0176519937813282 0.053505837917327895 0.00412064092233777
v 0.0176519937813282 0.05206861346960069 0.0035253250971436496
v 0.0176519937813282 0.05171174928545953 0.0037637751083821054
v 0.0176519937813282 0.05147330090403558 0.00412064092233777
v 0.0176519937813282 0.051389567553997054 0.004541592672467231
v 0.0176519937813282 0.05093019455671312 0.004183321725577115
v 0.0176519937813282 0.05089032649993898 0.004590908996760844
v 0.0176519937813282 0.05326738208532335 0.005319410003721713
v 0.0176519937813282 0.053505837917327895 0.004962544422596692
v 0.0176519937813282 0.05291051790118219 0.005557859782129525
v 0.0176519937813282 0.05248956754803659 0.005641592666506766
v 0.0176519937813282 0.052083402872085585 0.006089181173592805
v 0.0176519937813282 0.05248956754803659 0.006141592282801866
v 0.0176519937813282 0.051703847944736495 0.005935380235314368
v 0.0176519937813282 0.05147330090403558 0.004962544422596692
v 0.0176519937813282 0.05171174928545953 0.005319410003721713
v 0.0176519937813282 0.05095523595809938 0.004995265044271945
v 0.0176519937813282 0.05112065747380258 0.0053698988631367675
v 0.0176519937813282 0.05137576907873155 0.00569026730954647
v 0.0176519937813282 0.05206861346960069 0.005557859782129525
v 0.004051994998008013 0.07309857010841371 0.0022358598653227086
v 0.0176519937813282 0.07309857010841371 0.0022358598653227086
v 0.004051994998008013 0.07346192747354509 0.001993074547499418
v 0.0176519937813282 0.07370471209287645 0.0016297203255817292
v 0.0176519937813282 0.07346192747354509 0.001993074547499418
v 0.004051994998008013 0.07370471209287645 0.0016297203255817292
v 0.004051994998008013 0.07378996908664705 0.001201114850118756
v 0.0176519937813282 0.07378996908664705 0.001201114850118756
v 0.004051994998008013 0.07370471209287645 0.000772509432863444
v 0.0176519937813282 0.07370471209287645 0.000772509432863444
v 0.004051994998008013 0.07346192747354509 0.00040915529825724656
v 0.0176519937813282 0.07309857010841371 0.00016636982036288825
v 0.0176519937813282 0.07346192747354509 0.00040915529825724656
v 0.004051994998008013 0.07309857010841371 0.00016636982036288825
v 0.004051994998008013 0.06714533269405366 0.0029834504239261146
v 0.0176519937813282 0.06714533269405366 0.0029834504239261146
v 0.004051994998008013 0.0677514746785164 0.0023773110006004568
v 0.0176519937813282 0.0677514746785164 0.0023773110006004568
v 0.0176519937813282 0.06750868260860445 0.00274066487327218
v 0.004051994998008013 0.06750868260860445 0.00274066487327218
v 0.004051994998008013 0.0678367242217064 0.001948705408722162
v 0.0176519937813282 0.0678367242217064 0.001948705408722162
v 0.004051994998008013 0.0677514746785164 0.0015201000496745107
v 0.0176519937813282 0.0677514746785164 0.0015201000496745107
v 0.004051994998008013 0.06750868260860445 0.001156745827756822
v 0.0176519937813282 0.06714533269405366 0.0009139603353105484
v 0.0176519937813282 0.06750868260860445 0.001156745827756822
v 0.004051994998008013 0.06714533269405366 0.0009139603353105484
v 0.01679757423698902 0.0826341137290001 -0.0003254228213336318
v -0.01680242456495762 0.08039508759975435 0.00023101715487428007
v 0.01679757423698902 0.08266814053058626 -5.4426505812443786e-05
v -0.01680242456495762 0.0803370773792267 -0.00023095354845281688
v -0.016748005524277687 0.07702670991420747 -0.0030300002545118328
v -0.01675809919834137 0.07762061804533006 -0.0029992461204528804
v 0.016851995140314102 0.07932375371456148 -0.003124469425529241
v -0.016767844557762146 0.07819859683513643 -0.002859378699213266
v -0.01677735708653927 0.07876641303300859 -0.002600481733679771
v 0.016832156106829643 0.08049562573432924 -0.002953848103061318
v 0.01684190146625042 0.07991765439510347 -0.0030937155243009325
v 0.01682264357805252 0.08106348663568498 -0.0026949318125843997
v -0.016784973442554474 0.07922831177711488 -0.002275177743285894
v 0.016815027222037315 0.08152534812688829 -0.0023696469143033023
v -0.016791917383670807 0.07965323328971864 -0.0018402676796540616
v -0.016797048971056938 0.07997515052556993 -0.0013572246534749863
v 0.016808083280920982 0.08195029944181444 -0.0019347064662724731
v -0.016800662502646446 0.08021006733179094 -0.0008060847176238893
v 0.01679932326078415 0.08250728249549867 -0.0009004988241940736
v 0.016802949830889702 0.08227219432592393 -0.0014516939409077165
v -0.01676883175969124 0.07880115509033205 0.0034108124673366542
v 0.016841378062963486 0.08050059527158739 0.003380931448191404
v 0.01683116890490055 0.08107420802116395 0.003125368850305676
v 0.016821300610899925 0.08161016553640367 0.002742642536759376
v -0.016778700053691864 0.07933713495731355 0.0030280612409114833
v -0.01678648591041565 0.07974598556756975 0.002593042561784386
v -0.016748005524277687 0.07761505246162416 0.003805258776992559
v 0.016851995140314102 0.07988810539245607 0.003519814927130937
v -0.016758620738983154 0.07822753489017488 0.0036663748323917385
v 0.01681351475417614 0.08201904594898225 0.002307598944753408
v -0.01679828204214573 0.08030570298433305 0.0014764468651264904
v 0.016806602478027344 0.08236008137464525 0.0017645040061324833
v 0.01680171862244606 0.08257875591516496 0.0011910032480955122
v 0.016798609867691994 0.08268494158983232 0.0005685979849658905
v -0.01680140383541584 0.08041209727525712 0.0008539570844732224
v -0.016793398186564445 0.08008704334497453 0.0020499124657362695
v -0.016748005524277687 0.05461810156702997 -0.0021084116306155916
v -0.017548006027936935 0.05465097725391389 -0.0013090872671455143
v -0.016748005524277687 0.07702670991420747 -0.0030300002545118328
v -0.017548006027936935 0.0770595818758011 -0.0022306758910417552
v -0.017548006027936935 0.053299382328987135 -0.0004528244899120181
v -0.017548006027936935 0.053539820015430464 -0.0007943638483993708
v -0.016748005524277687 0.05295136570930482 -0.001336326473392546
v -0.016748005524277687 0.05259070917963983 -0.0008240173920057713
v -0.016748005524277687 0.053432330489158644 -0.0017378339543938635
v -0.017548006027936935 0.05386046320199968 -0.00106203556060791
v -0.017548006027936935 0.0542394556105137 -0.0012375980149954555
v -0.016748005524277687 0.054000824689865126 -0.0020011777523905034
v -0.017548006027936935 0.07944865524768831 -0.0005665345233865081
v -0.016797048971056938 0.07997515052556993 -0.0013572246534749863
v -0.017548006027936935 0.07927343249320985 -0.0009761977125890552
v -0.016800662502646446 0.08021006733179094 -0.0008060847176238893
v -0.017548006027936935 0.07954514771699907 -0.0001315057015744969
v -0.017548006027936935 0.07871267944574357 -0.0016646370058879254
v -0.017548006027936935 0.07902516424655916 -0.0013464416842907665
v -0.016784973442554474 0.07922831177711488 -0.002275177743285894
v -0.017548006027936935 0.0770595818758011 -0.0022306758910417552
v -0.017548006027936935 0.07750563323497774 -0.0022075811866670843
v -0.01675809919834137 0.07762061804533006 -0.0029992461204528804
v -0.016767844557762146 0.07819859683513643 -0.002859378699213266
v -0.017548006027936935 0.0779395177960396 -0.0021027517504990097
v -0.017548006027936935 0.07834653556346895 -0.0019195763161405919
v -0.01677735708653927 0.07876641303300859 -0.002600481733679771
v -0.016791917383670807 0.07965323328971864 -0.0018402676796540616
v -0.01680242456495762 0.0803370773792267 -0.00023095354845281688
v -0.016748005524277687 0.07702670991420747 -0.0030300002545118328
v -0.016748005524277687 0.05036355182528497 0.0034280137624591585
v -0.017548006027936935 0.05107222497463228 0.003799206810072064
v -0.017548006027936935 0.07960316538810731 0.0003304650308564305
v -0.01680242456495762 0.08039508759975435 0.00023101715487428007
v -0.017548006027936935 0.07954514771699907 -0.0001315057015744969
v -0.01680242456495762 0.0803370773792267 -0.00023095354845281688
v -0.016748005524277687 0.05248956754803659 0.006941592786461114
v -0.017548006027936935 0.05268892645835878 0.006129124201834201
v -0.017548006027936935 0.05225465446710588 0.006124253384768962
v -0.017548006027936935 0.05183769389986993 0.006002775859087705
v -0.016748005524277687 0.05188032239675523 0.006862975656986236
v -0.017548006027936935 0.05146875604987146 0.005773641169071197
v -0.016748005524277687 0.051310990005731597 0.006632274482399224
v -0.016748005524277687 0.052788604050874724 0.006922889966517686
v -0.016748005524277687 0.05081887170672418 0.006264604162424802
v -0.017548006027936935 0.05117503181099893 0.00545373186469078
v -0.016748005524277687 0.050436206161975874 0.005784051958471536
v -0.017548006027936935 0.050978161394596114 0.00506661832332611
v -0.016748005524277687 0.05009070783853532 0.004615566693246364
v -0.017548006027936935 0.05089264735579492 0.004640821833163499
v -0.017548006027936935 0.05092478916049005 0.0042077144607901565
v -0.016748005524277687 0.050188064575195326 0.005222101230174302
v -0.016748005524277687 0.05015050992369653 0.004004186484962701
v -0.01676883175969124 0.07880115509033205 0.0034108124673366542
v -0.017548006027936935 0.07879080623388292 0.002443415345624089
v -0.017548006027936935 0.07840600609779359 0.0027155256830155845
v -0.017548006027936935 0.0779758244752884 0.002906866371631622
v -0.017548006027936935 0.07911553233861925 0.002102085622027516
v -0.016778700053691864 0.07933713495731355 0.0030280612409114833
v -0.017548006027936935 0.07960316538810731 0.0003304650308564305
v -0.017548006027936935 0.07961542904376985 0.0008014048216864466
v -0.01680140383541584 0.08041209727525712 0.0008539570844732224
v -0.016793398186564445 0.08008704334497453 0.0020499124657362695
v -0.017548006027936935 0.07953590899705888 0.001264563645236194
v -0.017548006027936935 0.07936675846576692 0.0017038217047229407
v -0.01678648591041565 0.07974598556756975 0.002593042561784386
v -0.01679828204214573 0.08030570298433305 0.0014764468651264904
v -0.017548006027936935 0.07751537114381792 0.003011493012309074
v -0.016758620738983154 0.07822753489017488 0.0036663748323917385
v -0.016748005524277687 0.07761505246162416 0.003805258776992559
v -0.01680242456495762 0.08039508759975435 0.00023101715487428007
v -0.017548006027936935 0.07751537114381792 0.003011493012309074
v -0.016748005524277687 0.07761505246162416 0.003805258776992559
v 0.0176519937813282 0.05465097725391389 -0.0013090872671455143
v 0.016851995140314102 0.05461810156702997 -0.0021084116306155916
v 0.016851995140314102 0.07932375371456148 -0.003124469425529241
v 0.0176519937813282 0.0793566256761551 -0.0023251452948898073
v 0.0176519937813282 0.0542394556105137 -0.0012375980149954555
v 0.0176519937813282 0.05386046320199968 -0.00106203556060791
v 0.016851995140314102 0.054000824689865126 -0.0020011777523905034
v 0.016851995140314102 0.053432330489158644 -0.0017378339543938635
v 0.0176519937813282 0.053539820015430464 -0.0007943638483993708
v 0.0176519937813282 0.053299382328987135 -0.0004528244899120181
v 0.016851995140314102 0.05295136570930482 -0.001336326473392546
v 0.016851995140314102 0.05259070917963983 -0.0008240173920057713
v 0.0176519937813282 0.0802365466952324 -0.0021972211543470617
v 0.0176519937813282 0.07980262488126756 -0.002302011009305715
v 0.016832156106829643 0.08049562573432924 -0.002953848103061318
v 0.0176519937813282 0.08100971579551698 -0.0017591062933206556
v 0.0176519937813282 0.08064356446266176 -0.002014053054153919
v 0.01682264357805252 0.08106348663568498 -0.0026949318125843997
v 0.0176519937813282 0.0793566256761551 -0.0023251452948898073
v 0.01684190146625042 0.07991765439510347 -0.0030937155243009325
v 0.0176519937813282 0.08184218406677247 -0.00022597495990339664
v 0.0176519937813282 0.0817457288503647 -0.0006610471173189579
v 0.01679932326078415 0.08250728249549867 -0.0009004988241940736
v 0.016808083280920982 0.08195029944181444 -0.0019347064662724731
v 0.0176519937813282 0.08157047629356386 -0.0010706669418141244
v 0.0176519937813282 0.08132218569517137 -0.0014409226132556794
v 0.016815027222037315 0.08152534812688829 -0.0023696469143033023
v 0.016802949830889702 0.08227219432592393 -0.0014516939409077165
v 0.01679757423698902 0.0826341137290001 -0.0003254228213336318
v 0.016851995140314102 0.07932375371456148 -0.003124469425529241
v 0.01679757423698902 0.08266814053058626 -5.4426505812443786e-05
v 0.0176519937813282 0.08187621831893922 4.502134834183379e-05
v 0.0176519937813282 0.08184218406677247 -0.00022597495990339664
v 0.01679757423698902 0.0826341137290001 -0.0003254228213336318
v 0.0176519937813282 0.05268892645835878 0.006129124201834201
v 0.016851995140314102 0.052788604050874724 0.006922889966517686
v 0.0176519937813282 0.08188845217227937 0.0005159800057299434
v 0.01680171862244606 0.08257875591516496 0.0011910032480955122
v 0.0176519937813282 0.08180896937847139 0.0009791200282052157
v 0.016798609867691994 0.08268494158983232 0.0005685979849658905
v 0.0176519937813282 0.08187621831893922 4.502134834183379e-05
v 0.0176519937813282 0.08138858526945116 0.0018166418885812161
v 0.0176519937813282 0.08163982629776002 0.001418362953700125
v 0.01681351475417614 0.08201904594898225 0.002307598944753408
v 0.0176519937813282 0.07978843152523042 0.002726049162447452
v 0.0176519937813282 0.08024886995553972 0.002621463499963283
v 0.016841378062963486 0.08050059527158739 0.003380931448191404
v 0.01683116890490055 0.08107420802116395 0.003125368850305676
v 0.0176519937813282 0.0806790664792061 0.0024300818331539627
v 0.0176519937813282 0.08106388151645662 0.0021579605527222152
v 0.016821300610899925 0.08161016553640367 0.002742642536759376
v 0.016806602478027344 0.08236008137464525 0.0017645040061324833
v 0.01679757423698902 0.08266814053058626 -5.4426505812443786e-05
v 0.016851995140314102 0.07988810539245607 0.003519814927130937
v 0.016851995140314102 0.07988810539245607 0.003519814927130937
v 0.0176519937813282 0.07978843152523042 0.002726049162447452
v 0.0176519937813282 0.054970338940620436 -0.0009854595409706233
v -0.017548006027936935 0.054970338940620436 -0.0009854595409706233
v -0.017548006027936935 0.05471672490239145 -0.0010104386601597069
v 0.0176519937813282 0.055214215070009245 -0.0009114820859394966
v -0.017548006027936935 0.05543896555900575 -0.0007913491572253405
v -0.017548006027936935 0.055214215070009245 -0.0009114820859394966
v 0.0176519937813282 0.055797632783651366 -0.0004326800117269158
v -0.017548006027936935 0.055797632783651366 -0.0004326800117269158
v -0.017548006027936935 0.055635962635278716 -0.0006296775536611675
v 0.0176519937813282 0.05599174648523332 3.5943885450251394e-05
v -0.017548006027936935 0.05599174648523332 3.5943885450251394e-05
v -0.017548006027936935 0.055917765945196166 -0.00020792715076822785
v 0.0176519937813282 0.05601672455668451 0.0002895613142754882
v -0.017548006027936935 0.05601672455668451 0.0002895613142754882
v 0.0176519937813282 0.055917765945196166 -0.00020792715076822785
v 0.0176519937813282 0.055635962635278716 -0.0006296775536611675
v 0.0176519937813282 0.05543896555900575 -0.0007913491572253405
v 0.0176519937813282 0.05599174648523332 0.0005431787576526402
v -0.017548006027936935 0.05599174648523332 0.0005431787576526402
v -0.017548006027936935 0.055797632783651366 0.0010118025820702312
v -0.017548006027936935 0.055917765945196166 0.000787049764767289
v 0.0176519937813282 0.055797632783651366 0.0010118025820702312
v -0.017548006027936935 0.05543896555900575 0.001370471785776317
v -0.017548006027936935 0.055635962635278716 0.001208800124004483
v 0.0176519937813282 0.05543896555900575 0.001370471785776317
v 0.0176519937813282 0.055635962635278716 0.001208800124004483
v -0.0017480053938925266 0.054954186081886305 0.0015676901675760744
v -0.017548006027936935 0.054970338940620436 0.0015645821113139389
v -0.017548006027936935 0.055214215070009245 0.0014906045980751512
v 0.0176519937813282 0.055214215070009245 0.0014906045980751512
v 0.0018519946606829762 0.054954186081886305 0.0015676901675760744
v 0.0176519937813282 0.055917765945196166 0.000787049764767289
v 0.0176519937813282 0.054970338940620436 0.0015645821113139389
v 0.0176519937813282 0.05291051790118219 0.0035253250971436496
v 0.0018519946606829762 0.05291051790118219 0.0035253250971436496
v 0.0176519937813282 0.053505837917327895 0.00412064092233777
v 0.0018519946606829762 0.053505837917327895 0.00412064092233777
v 0.0018519946606829762 0.05326738208532335 0.0037637751083821054
v 0.0176519937813282 0.05326738208532335 0.0037637751083821054
v 0.0176519937813282 0.053589567542076125 0.004541592672467231
v 0.0018519946606829762 0.053589567542076125 0.004541592672467231
v 0.0176519937813282 0.05326738208532335 0.005319410003721713
v 0.0018519946606829762 0.05326738208532335 0.005319410003721713
v 0.0018519946606829762 0.053505837917327895 0.004962544422596692
v 0.0018519946606829762 0.05291051790118219 0.005557859782129525
v 0.0176519937813282 0.05291051790118219 0.005557859782129525
v 0.0176519937813282 0.053505837917327895 0.004962544422596692
v -0.0017480053938925266 0.05291051790118219 0.0035253250971436496
v -0.017548006027936935 0.05291051790118219 0.0035253250971436496
v -0.0017480053938925266 0.053505837917327895 0.00412064092233777
v -0.017548006027936935 0.053505837917327895 0.00412064092233777
v -0.017548006027936935 0.05326738208532335 0.0037637751083821054
v -0.0017480053938925266 0.05326738208532335 0.0037637751083821054
v -0.0017480053938925266 0.053589567542076125 0.004541592672467231
v -0.017548006027936935 0.053589567542076125 0.004541592672467231
v -0.0017480053938925266 0.05326738208532335 0.005319410003721713
v -0.017548006027936935 0.05326738208532335 0.005319410003721713
v -0.017548006027936935 0.053505837917327895 0.004962544422596692
v -0.017548006027936935 0.05291051790118219 0.005557859782129525
v -0.0017480053938925266 0.05291051790118219 0.005557859782129525
v -0.0017480053938925266 0.053505837917327895 0.004962544422596692
v 0.004031994845718145 0.06713768094778062 0.0009324379498139023
v -0.00392800522968173 0.06713768094778062 0.0009324379498139023
v 0.004031994845718145 0.06773299723863603 0.0015277536585927007
v -0.00392800522968173 0.06773299723863603 0.0015277536585927007
v -0.00392800522968173 0.06749454140663148 0.001170887961052358
v 0.004031994845718145 0.06749454140663148 0.001170887961052358
v 0.004031994845718145 0.06781672686338426 0.001948705408722162
v -0.00392800522968173 0.06781672686338426 0.001948705408722162
v 0.004031994845718145 0.06749454140663148 0.0027265229728072877
v -0.00392800522968173 0.06749454140663148 0.0027265229728072877
v -0.00392800522968173 0.06773299723863603 0.0023696573916822668
v -0.00392800522968173 0.06713768094778062 0.0029649729840457435
v 0.004031994845718145 0.06713768094778062 0.0029649729840457435
v 0.004031994845718145 0.06773299723863603 0.0023696573916822668
v 0.004031994845718145 0.07309091836214067 0.00018484742031432686
v -0.00392800522968173 0.07309091836214067 0.00018484742031432686
v 0.004031994845718145 0.07368623465299608 0.0007801630999892949
v -0.00392800522968173 0.07368623465299608 0.0007801630999892949
v -0.00392800522968173 0.07344778627157213 0.0004232974315527826
v 0.004031994845718145 0.07344778627157213 0.0004232974315527826
v -0.00392800522968173 0.07376996427774431 0.001201114850118756
v 0.004031994845718145 0.07376996427774431 0.001201114850118756
v 0.004031994845718145 0.07344778627157213 0.001978932414203882
v -0.00392800522968173 0.07344778627157213 0.001978932414203882
v -0.00392800522968173 0.07368623465299608 0.0016220666002482174
v -0.00392800522968173 0.07309091836214067 0.0022173824254423376
v 0.004031994845718145 0.07309091836214067 0.0022173824254423376
v 0.004031994845718145 0.07368623465299608 0.0016220666002482174
v -0.01774800382554531 0.07189283519983293 0.0019796155393123622
v -0.019248005002737045 0.07189283519983293 0.0019796155393123622
v -0.019248005002737045 0.0722499191761017 0.0022177505306899543
v -0.01774800382554531 0.0722499191761017 0.0022177505306899543
v -0.019248005002737045 0.07267094403505327 0.0023011113516986366
v -0.01774800382554531 0.07267094403505327 0.0023011113516986366
v -0.01774800382554531 0.07165407389402391 0.0016229604370892046
v -0.019248005002737045 0.07165407389402391 0.0016229604370892046
v -0.01774800382554531 0.07224812358617784 0.0001852163404691964
v -0.01774800382554531 0.07266899943351747 0.00010111239680554716
v -0.019248005002737045 0.07266899943351747 0.00010111240408150478
v -0.01774800382554531 0.07165332883596422 0.0007810571696609258
v -0.019248005002737045 0.07165332883596422 0.0007810571696609258
v -0.019248005002737045 0.07156997174024583 0.0012020827271044252
v -0.019248005002737045 0.07224812358617784 0.0001852163404691964
v -0.019248005002737045 0.0718914642930031 0.00042398122604936356
v -0.01774800382554531 0.0718914642930031 0.00042398122604936356
v -0.01774800382554531 0.07156997174024583 0.0012020827271044252
v 0.019151994958519936 0.07189283519983293 0.0019796155393123622
v 0.01765199564397335 0.07189283519983293 0.0019796155393123622
v 0.01765199564397335 0.0722499191761017 0.0022177505306899543
v 0.019151994958519936 0.0722499191761017 0.0022177505306899543
v 0.01765199564397335 0.07267094403505327 0.002301111118867993
v 0.019151994958519936 0.07267094403505327 0.002301111118867993
v 0.019151994958519936 0.07165407389402391 0.001622960204258561
v 0.01765199564397335 0.07165407389402391 0.001622960204258561
v 0.019151994958519936 0.07224812358617784 0.00018521620950195936
v 0.019151994958519936 0.07266899943351747 0.00010111226583831011
v 0.01765199564397335 0.07266899943351747 0.00010111227311426772
v 0.019151994958519936 0.07165332883596422 0.0007810570532456039
v 0.01765199564397335 0.07165332883596422 0.0007810570532456039
v 0.01765199564397335 0.07156997174024583 0.0012020826106891034
v 0.01765199564397335 0.07224812358617784 0.00018521620950195936
v 0.01765199564397335 0.0718914642930031 0.00042398110963404173
v 0.019151994958519936 0.0718914642930031 0.00042398110963404173
v 0.019151994958519936 0.07156997174024583 0.0012020826106891034
v 0.025384321808815002 0.07444902509450914 0.00281200255267322
v 0.025576304644346237 0.0748163014650345 0.002275021746754646
v 0.02536521479487419 0.07483951002359392 0.002827370539307594
v 0.025194784626364708 0.07394900918006898 0.0032318909652531143
v 0.02499357983469963 0.07486888021230699 0.003526182612404227
v 0.02506096102297306 0.07334163784980775 0.0035052064340561624
v 0.02528955228626728 0.07419901341199876 0.003021946875378489
v 0.025336937978863716 0.07432401925325395 0.0029169747140258546
v 0.02494470402598381 0.057101700454950347 0.005160908214747905
v 0.025478225201368332 0.07091837376356126 0.0028418237343430515
v 0.02533837966620922 0.07128466665744783 0.0031609425786882635
v 0.02549050562083721 0.057535026222467436 0.0033988812938332553
v 0.025584004819393158 0.0706201270222664 0.0024493688251823183
v 0.023855747655034065 0.056730527430772795 0.006670163013041019
v 0.02508801594376564 0.07217309623956682 0.0035491154994815584
v 0.025031665340065956 0.0726720839738846 0.003601111005991697
v 0.02444629929959774 0.05690705776214601 0.005952355917543172
v 0.02519768849015236 0.0717076063156128 0.003399714361876249
v 0.02380165085196495 0.07491473853588106 0.004617936443537473
v 0.023089909926056862 0.07493095844984056 0.00500382063910365
v 0.01989709958434105 0.05612422525882722 0.009135536849498747
v 0.0222090445458889 0.0749465897679329 0.005376026965677737
v 0.01807623915374279 0.055989727377891554 0.009682445786893366
v 0.02078339271247387 0.05620869249105455 0.008792069740593432
v 0.024347323924303055 0.07489857822656633 0.00423340406268835
v 0.024737266823649406 0.07488311082124711 0.0038650196511298414
v 0.021639175713062286 0.05630774796009065 0.008389299735426901
v 0.02117120288312435 0.07496106624603273 0.005720415152609347
v 0.019996175542473793 0.07497381418943407 0.006023998837918042
v 0.016222044825553894 0.05589154735207559 0.010081662796437739
v 0.01244783028960228 0.05576844513416292 0.010582242161035536
v 0.018716663122177124 0.07498446106910707 0.006277388893067836
v 0.01454672310501337 0.07501037418842317 0.0068943970836699
v 0.014341524802148342 0.055822100490331664 0.010364053770899771
v 0.022455139085650444 0.0564258322119713 0.007909137755632399
v 0.02319709211587906 0.05656894296407701 0.007327211089432239
v 0.008650588802993298 0.05568529665470125 0.010920332744717596
v 0.009944826364517212 0.07503062486648561 0.00737624242901802
v 0.024833297356963158 0.05819006264209749 0.000735362060368061
v 0.025526544079184532 0.07027767598628999 0.001008933875709772
v 0.025606879964470863 0.07028931379318239 0.0015052442904561756
v 0.02562868595123291 0.07040532678365709 0.0019957232289016242
v 0.02524089254438877 0.057982888072729125 0.0015777802327647803
v 0.025465240702033043 0.05776135250926019 0.002478602575138211
v 0.025306347757577896 0.05731187388300897 0.004306275863200425
v 0.004845894873142242 0.05563282221555711 0.011133712716400622
v 0.005029234103858471 0.07504343241453172 0.007681344170123338
v -4.800510942004621e-05 0.07504786550998689 0.007786891888827085
v 0.001041093491949141 0.05560998618602754 0.011226562783122061
v -0.010040837340056896 0.07503062486648561 0.00737624242901802
v -0.006564125884324312 0.055651564151048674 0.01105749327689409
v -0.005125244148075581 0.07504343241453172 0.007681344170123338
v -0.0027620799373835325 0.055616173893213286 0.011201409623026846
v -0.016036061570048332 0.05587936192750932 0.010131213814020155
v -0.018812673166394234 0.07498446106910707 0.006277388893067836
v -0.020092187449336052 0.07497381418943407 0.006023998837918042
v -0.010364791378378868 0.0557169020175934 0.010791814886033533
v -0.01464273314923048 0.07501037418842317 0.0068943970836699
v -0.02230505272746086 0.0749465897679329 0.005376026965677737
v -0.01789969392120838 0.0559731535613537 0.009749846532940863
v -0.02126721292734146 0.07496106624603273 0.005720415152609347
v -0.02318592183291912 0.07493095844984056 0.00500382063910365
v -0.01975369080901146 0.05610384419560434 0.009218417108058928
v -0.02389766275882721 0.07491473853588106 0.00461793690919876
v -0.02529086172580719 0.0739492103457451 0.003231758717447519
v -0.02546122670173645 0.07483951002359392 0.0028273707721382375
v -0.025385567918419838 0.07419905811548234 0.003021951764822006
v -0.01415356993675232 0.0558135285973549 0.01039891969412565
v -0.024833278730511665 0.07488311082124711 0.003865019883960485
v -0.02242577075958252 0.05640564858913423 0.00799120496958494
v -0.024443333968520164 0.07489858567714693 0.00423340406268835
v -0.02508959174156189 0.07486888021230699 0.0035261828452348705
v -0.02320305071771145 0.05654884129762651 0.007408945355564355
v -0.025480274111032486 0.0744488909840584 0.0028121455106884237
v -0.025672314688563347 0.0748163014650345 0.0022750219795852895
v -0.025127675384283066 0.0726720839738846 0.0036011112388223405
v -0.02515704557299614 0.07334218174219133 0.0035050497390329833
v -0.025163942947983742 0.07229704409837724 0.0035719620063900943
v -0.02389591932296753 0.05671589076519014 0.006729686632752418
v -0.021569417789578438 0.056286934763193144 0.008473922498524187
v -0.025234000757336617 0.0719331130385399 0.003485196270048618
v -0.02067517302930355 0.056187801063060774 0.008877017535269259
v -0.02540808729827404 0.05731633678078653 0.004288135096430778
v -0.0254359133541584 0.07128053158521654 0.0031580105423927303
v -0.02563464641571045 0.07075641304254533 0.0026496623177081342
v -0.025698328390717506 0.07055518776178361 0.0023358843754976984
v -0.025724833831191063 0.07040278613567354 0.0019884395878762002
v -0.025548001751303673 0.057782776653766646 0.002391482004895806
v -0.025590775534510612 0.05754809454083444 0.003345741424709558
v -0.024516882374882698 0.056898567825555815 0.0059868674725294104
v -0.025032708421349525 0.05709798261523248 0.005176002625375985
v -0.019248005002737045 0.07220382988452913 0.0035554089117795225
v -0.025234000757336617 0.0719331130385399 0.003485196270048618
v -0.025163942947983742 0.07229704409837724 0.0035719620063900943
v -0.025127675384283066 0.0726720839738846 0.0036011112388223405
v -0.019248005002737045 0.0726720839738846 0.0036011112388223405
v -0.019248005002737045 0.07067561894655229 0.0025362409651279445
v -0.025698328390717506 0.07055518776178361 0.0023358843754976984
v -0.02563464641571045 0.07075641304254533 0.0026496623177081342
v -0.0254359133541584 0.07128053158521654 0.0031580105423927303
v -0.019248005002737045 0.07097440212965013 0.0028996651526540513
v -0.019248005002737045 0.07175348699092866 0.0034192325547337528
v -0.019248005002737045 0.07045347243547441 0.0021215085871517654
v -0.025724833831191063 0.07040278613567354 0.0019884395878762002
v -0.019248005002737045 0.07133837044239046 0.0031978148035705085
v -0.019248005002737045 0.07031650096178056 0.0016714057419449089
v -0.019248005002737045 0.07219967246055604 -0.001152358599938452
v -0.019248005002737045 0.07266785204410554 -0.001198887010104954
v -0.024795548990368843 0.07266785204410554 -0.001198887010104954
v -0.019248005002737045 0.07026996463537218 0.0012032298836857078
v -0.025690216571092606 0.0702796056866646 0.001415938721038401
v -0.025590069591999054 0.0702977478504181 0.0008370302966795861
v -0.019248005002737045 0.0703156739473343 0.000734972534701228
v -0.025439729914069176 0.07044899463653566 0.000291563308564946
v -0.025240449234843254 0.07071622461080553 -0.00019276126113254574
v -0.019248005002737045 0.07067326456308366 -0.0001304951147176325
v -0.024863336235284805 0.07154396176338197 -0.0009183472138829528
v -0.025033894926309586 0.0710851550102234 -0.0006012069643475114
v -0.019248005002737045 0.07133484631776811 -0.000793237704783678
v -0.019248005002737045 0.07097140699625017 -0.0004944460815750061
v -0.02477155067026615 0.07208554446697236 -0.0011266426881775258
v -0.019248005002737045 0.07174957543611528 -0.0010153875919058917
v -0.019248005002737045 0.07045185565948488 0.0002846287679858505
v 0.024715879932045937 0.07176601141691209 -0.0010221445700153706
v 0.019151994958519936 0.07174957543611528 -0.0010153877083212135
v 0.0248233824968338 0.07136468589305879 -0.0008128971094265579
v 0.019151994958519936 0.07067326456308366 -0.00013049524568486956
v 0.025308167561888695 0.07051120698451997 0.00015242016525007782
v 0.025135427713394165 0.07073270529508592 -0.00021557892614509908
v 0.024969574064016342 0.07101994007825853 -0.0005417034262791275
v 0.019151994958519936 0.07097140699625017 -0.000494446197990328
v 0.02543681673705578 0.07035558670759202 0.0005657781148329376
v 0.019151994958519936 0.07045185565948488 0.00028462862246669823
v 0.019151994958519936 0.07133484631776811 -0.0007932378794066607
v 0.02467028610408306 0.07220944762229921 -0.0011542901629582045
v 0.024699537083506584 0.07266785204410554 -0.0011988872429355977
v 0.019151994958519936 0.07266785204410554 -0.0011988872429355977
v 0.019151994958519936 0.07219967246055604 -0.0011523587163537739
v 0.019151994958519936 0.0703156739473343 0.0007349724182859062
v 0.019151994958519936 0.07220382988452913 0.0035554089117795225
v 0.019151994958519936 0.0726720839738846 0.003601111005991697
v 0.025031665340065956 0.0726720839738846 0.003601111005991697
v 0.02562868595123291 0.07040532678365709 0.0019957232289016242
v 0.025606879964470863 0.07028931379318239 0.0015052442904561756
v 0.019151994958519936 0.07031650096178056 0.001671405625529587
v 0.019151994958519936 0.07045347243547441 0.0021215083543211217
v 0.025584004819393158 0.0706201270222664 0.0024493688251823183
v 0.019151994958519936 0.07026996463537218 0.001203229767270386
v 0.025526544079184532 0.07027767598628999 0.001008933875709772
v 0.02533837966620922 0.07128466665744783 0.0031609425786882635
v 0.025478225201368332 0.07091837376356126 0.0028418237343430515
v 0.019151994958519936 0.07097440212965013 0.0028996649198234077
v 0.02519768849015236 0.0717076063156128 0.003399714361876249
v 0.019151994958519936 0.07133837044239046 0.003197814570739865
v 0.019151994958519936 0.07067561894655229 0.002536240732297301
v 0.02508801594376564 0.07217309623956682 0.0035491154994815584
v 0.019151994958519936 0.07175348699092866 0.003419232321903109
v -0.01774800382554531 0.06877925246953966 0.00027249686536379153
v -0.02296574041247368 0.06873390823602678 0.0004888001712970435
v -0.022717855870723724 0.06886108964681627 -2.0547871827147898e-05
v -0.01774800382554531 0.06867325305938722 0.0010390358511358497
v -0.02314045839011669 0.06867325305938722 0.0010390321258455513
v -0.022417454048991203 0.06904207915067674 -0.00048436646466143424
v -0.01774800382554531 0.06903086602687837 -0.0004592876939568668
v -0.022087639197707176 0.0692679136991501 -0.0009026911575347184
v -0.01774800382554531 0.07054027915000917 -0.002184802899137139
v -0.021047549322247505 0.07019406557083131 -0.0019405295606702564
v -0.02072749100625515 0.07059459388256074 -0.0022183631081134077
v -0.01774800382554531 0.0699281692504883 -0.0017113678622990844
v -0.02138890139758587 0.06984416395425798 -0.0016299268463626502
v -0.01774800382554531 0.06941867619752885 -0.0011289299000054596
v -0.02045314386487007 0.07104960083961488 -0.002455990063026547
v -0.01774800382554531 0.07123209536075593 -0.00253151636570692
v -0.01774800382554531 0.07197771966457368 -0.002738531911745667
v -0.020256027579307556 0.0715647339820862 -0.0026431628502905364
v -0.02017706073820591 0.07212884724140169 -0.0027621171902865167
v -0.023144474253058434 0.07666996866464616 0.0011975822271779177
v -0.01774800382554531 0.07666996866464616 0.0011975822271779177
v -0.023080958053469658 0.07662732899188997 0.0006186596583575009
v -0.01774800382554531 0.07493219524621965 -0.002097726799547672
v -0.021404480561614037 0.0746051073074341 -0.002299615647643804
v -0.021659739315509796 0.07504448294639589 -0.0020182635635137554
v -0.01774800382554531 0.07425466179847719 -0.0024715894833207126
v -0.021042266860604286 0.07419716566801073 -0.002496181288734078
v -0.02071201056241989 0.07374957203865053 -0.0026504409033805128
v -0.021937495097517967 0.07543171197175981 -0.0016924683004617689
v -0.01774800382554531 0.07552506029605867 -0.001600401592440903
v -0.022740056738257408 0.07631590962409975 -0.00044423196231946344
v -0.022942321375012398 0.07650607079267503 6.784487777622415e-05
v -0.01774800382554531 0.07637202739715578 -0.00031373871024698014
v -0.022495463490486145 0.07607112079858781 -0.0009041575831361114
v -0.022222120314836502 0.07577503472566606 -0.0013204539427533744
v -0.01774800382554531 0.07601106166839601 -0.0009982264600694177
v -0.01774800382554531 0.07659443467855455 0.00042744399979710573
v -0.020240897312760353 0.07270351797342302 -0.0027987472712993617
v -0.020432012155652046 0.07325012981891633 -0.0027565921191126104
v -0.01774800382554531 0.07274925708770753 -0.0027981018647551532
v -0.01774800382554531 0.07351782917976381 -0.0027079973369836803
v 0.01765199564397335 0.07550089061260225 0.004027041606605052
v 0.021161101758480072 0.07489046454429628 0.004528146237134933
v 0.021953411400318146 0.07552115619182588 0.00400659255683422
v 0.01765199564397335 0.07420396059751512 0.00489527778699994
v 0.020391106605529785 0.07393439114093782 0.004996008239686488
v 0.020736731588840485 0.07445376366376878 0.004781342111527919
v 0.01765199564397335 0.07489518821239473 0.004525027703493833
v 0.022787882015109062 0.07634761929512025 0.0027742877136915918
v 0.022949280217289925 0.07652737200260164 0.0022596132475882764
v 0.01765199564397335 0.07636683434247972 0.002728583989664912
v 0.02256564237177372 0.07610827684402467 0.0032451215665787454
v 0.01765199564397335 0.07599779963493349 0.0034204570110887285
v 0.022290688008069992 0.0758267790079117 0.003657647175714373
v 0.023037798702716827 0.07663797587156297 0.001706023816950619
v 0.01765199564397335 0.07659379392862321 0.0019780111033469434
v 0.020250817760825157 0.07298883795738222 0.005188381765037774
v 0.01765199564397335 0.07345379143953325 0.0051235626451671115
v 0.01765199564397335 0.07267349958419801 0.005201110616326331
v 0.02022886835038662 0.0733165666460991 0.0051485057920217505
v 0.020279154181480408 0.07363586127758028 0.005082580260932445
v 0.020336145535111427 0.07267349958419801 0.005201110616326331
v 0.01765199564397335 0.07666996866464616 0.001197581994347274
v 0.023045502603054047 0.07666943967342378 0.0011362311197444794
v 0.022975726053118706 0.0766197517514229 0.0005692185950465499
v 0.01765199564397335 0.07636413723230363 -0.00033288242411799723
v 0.02283373475074768 0.07649459689855577 2.9709239242947657e-05
v 0.022630902007222176 0.076303169131279 -0.0004721745790448039
v 0.01765199564397335 0.07659242302179338 0.0004172888293396681
v 0.02238704077899456 0.07605823874473573 -0.0009248304413631557
v 0.01765199564397335 0.07549589872360231 -0.0016298100817948578
v 0.021835699677467346 0.07542424649000169 -0.001699566259048879
v 0.02156081795692444 0.07503978163003923 -0.002021505264565348
v 0.02211637794971466 0.07576397061347963 -0.0013340801233425734
v 0.020940648391842842 0.07419037818908693 -0.002499014604836702
v 0.01765199564397335 0.07419743388891221 -0.002495755441486835
v 0.021308470517396927 0.0746051073074341 -0.0022996158804744478
v 0.01765199564397335 0.07488931715488435 -0.0021267263218760486
v 0.01765199564397335 0.0759938806295395 -0.001024103141389787
v 0.02060554549098015 0.07373358309268953 -0.0026548875030130144
v 0.01765199564397335 0.07266643643379213 -0.0027988865040242668
v 0.02032437175512314 0.07322467863559724 -0.002760238945484161
v 0.020136460661888123 0.07266643643379213 -0.0027988865040242668
v 0.01765199564397335 0.0734468698501587 -0.002722716191783547
v 0.01765199564397335 0.06874974071979524 0.0019959839992225166
v 0.023204095661640167 0.06874974071979524 0.001995984464883804
v 0.023194333538413048 0.06884653866291048 0.002376605290919542
v 0.01765199564397335 0.06894283741712572 0.0026531780604273076
v 0.023132357746362686 0.0689775124192238 0.002739222720265388
v 0.01765199564397335 0.06924523413181306 0.0032677915878593917
v 0.022872164845466614 0.06932450085878374 0.0033937825355678792
v 0.01765199564397335 0.0719909891486168 0.005143064074218272
v 0.01765199564397335 0.06964804977178575 0.0038218006957322355
v 0.01765199564397335 0.07013948261737825 0.004298959858715533
v 0.02250724472105503 0.06975553184747697 0.003940828144550323
v 0.022117912769317627 0.0702592581510544 0.0043930504471063605
v 0.01765199564397335 0.07132837921380998 0.004969421308487653
v 0.021665580570697784 0.07080192863941194 0.004738119896501302
v 0.02117706835269928 0.07136751711368562 0.004983124788850545
v 0.01765199564397335 0.07070512324571611 0.004685276187956332
v 0.020706215873360634 0.07197976112365724 0.005141112953424453
v 0.01765199564397335 0.06256841868162157 0.002490053186193108
v 0.01765199564397335 0.06281000375747682 0.001507681095972657
v 0.02275199443101883 0.057903684675693526 0.0018998403102159498
v 0.02275199443101883 0.057662088423967375 0.002882212400436401
v 0.022928733378648758 0.057903684675693526 0.0018998372834175823
v 0.02275199443101883 0.057903684675693526 0.0018998403102159498
v 0.023044446483254433 0.06867325305938722 0.0010390320094302294
v 0.01765199564397335 0.06281000375747682 0.001507681095972657
v 0.01765199564397335 0.06867325305938722 0.001039035734720528
v 0.023204095661640167 0.06874974071979524 0.001995984464883804
v 0.02275199443101883 0.057662088423967375 0.002882212400436401
v 0.023102901875972748 0.057662088423967375 0.002882207045331597
v 0.01765199564397335 0.06874974071979524 0.0019959839992225166
v 0.01765199564397335 0.06256841868162157 0.002490053186193108
v 0.02036970667541027 0.07102468609809877 -0.0024448549374938007
v 0.020801357924938202 0.07037055492401124 -0.002071915660053491
v 0.01765199564397335 0.07049664109945299 -0.0021569589152932163
v 0.02020975761115551 0.07140149921178819 -0.002592274453490972
v 0.01765199564397335 0.0711743012070656 -0.002508737379685044
v 0.02010834589600563 0.07180918753147127 -0.002705171005800366
v 0.01765199564397335 0.0719064623117447 -0.002725344151258468
v 0.020082121714949608 0.0722387880086899 -0.002775580389425158
v 0.01765199564397335 0.06989817321300508 -0.0016828260850161312
v 0.01765199564397335 0.06940068304538728 -0.0011036142241209743
v 0.021303895860910416 0.06983380019664766 -0.0016195540083572266
v 0.021827375516295433 0.0693904608488083 -0.0010890479898080228
v 0.01765199564397335 0.06877686083316804 0.0002825701667461544
v 0.022324325516819954 0.06904032081365587 -0.00047985312994569535
v 0.022753946483135223 0.06879032403230669 0.00022726564202457664
v 0.01765199564397335 0.0690223202109337 -0.0004404275678098201
v 0.023044446483254433 0.06867325305938722 0.0010390320094302294
v 0.01765199564397335 0.06867325305938722 0.001039035734720528
v -0.02284800447523594 0.057662088423967375 0.0028822126332670446
v -0.02284800447523594 0.057903684675693526 0.0018998405430465934
v -0.01774800382554531 0.06256841868162157 0.0024900534190237518
v -0.01774800382554531 0.06281000375747682 0.0015076812123879788
v -0.01774800382554531 0.06281000375747682 0.0015076812123879788
v -0.02314045839011669 0.06867325305938722 0.0010390321258455513
v -0.01774800382554531 0.06867325305938722 0.0010390358511358497
v -0.02284800447523594 0.057903684675693526 0.0018998405430465934
v -0.023024745285511017 0.057903684675693526 0.001899837516248226
v -0.01774800382554531 0.06874974071979524 0.0019959839992225166
v -0.02329999953508377 0.06874974071979524 0.0019959839992225166
v -0.01774800382554531 0.06256841868162157 0.0024900534190237518
v -0.02284800447523594 0.057662088423967375 0.0028822126332670446
v -0.023198913782835007 0.057662088423967375 0.0028822072781622405
v -0.023129215463995934 0.07663127779960634 0.001756140263751149
v -0.023035289719700813 0.07651586085557939 0.0023007299751043315
v -0.01774800382554531 0.07660316675901414 0.0019291084026917813
v -0.022870993241667747 0.07633306831121446 0.0028073836583644147
v -0.01774800382554531 0.0764037072658539 0.0026360831689089532
v -0.01774800382554531 0.07607834041118623 0.0032946642022579904
v -0.022648943588137627 0.07609479874372484 0.00326763791963458
v -0.02237420529127121 0.0758146569132805 0.003673134138807654
v -0.01774800382554531 0.07509762048721315 0.004380184691399335
v -0.02204165793955326 0.075514554977417 0.004013284109532832
v -0.021257108077406883 0.07489046454429628 0.0045281490311026565
v -0.01774800382554531 0.07563803344964982 0.003882641205564141
v -0.01774800382554531 0.07447533309459688 0.004770515486598014
v -0.02089456468820572 0.07452543079853059 0.004744736943393945
v -0.020580070093274117 0.07410497963428499 0.004934843163937329
v -0.020368093624711037 0.0736108645796776 0.005088877398520707
v -0.01774800382554531 0.07379216700792314 0.005040468648076057
v -0.01774800382554531 0.07307115942239763 0.005180941894650458
v -0.01774800382554531 0.07092564553022386 0.004800742492079734
v -0.02143009379506111 0.07118280231952669 0.004914377350360154
v -0.02210140787065029 0.07040123641490938 0.004495479632169007
v -0.01774800382554531 0.07233660668134691 0.005187197122722863
v -0.020491354167461395 0.07252653688192369 0.005198539700359105
v -0.020761219784617424 0.07204100489616395 0.005151354242116212
v -0.01774800382554531 0.07161331176757814 0.005059023387730121
v -0.023137254640460014 0.06911250948905946 0.003029904561117291
v -0.02327062003314495 0.06889768689870836 0.0025314697995781894
v -0.01774800382554531 0.06896120309829713 0.00269945990294218
v -0.01774800382554531 0.06929773837327959 0.003352404106408357
v -0.022923896089196205 0.06937725096940996 0.0034724462311714883
v -0.022664111107587814 0.06968262046575548 0.0038611397612839933
v -0.01774800382554531 0.06974800676107408 0.003932797349989413
v -0.01774800382554531 0.06874974071979524 0.0019959839992225166
v -0.02329999953508377 0.06874974071979524 0.0019959839992225166
v -0.020335549488663673 0.07306385040283205 0.005181672051548957
v -0.01774800382554531 0.07029680907726289 0.004421066027134656
v -0.0254781823605299 0.0743381753563881 -0.0005243089399300515
v -0.0257252249866724 0.07471778243780137 -5.04635099787265e-05
v -0.025460505858063698 0.07469284534454347 -0.0006453517707996069
v -0.025045165792107582 0.07466678321361543 -0.0012668496929109094
v -0.025202594697475433 0.0738615393638611 -0.0008821954252198337
v -0.02495504915714264 0.07329956442117692 -0.0011148360790684817
v -0.025340387597680092 0.0740998536348343 -0.0007032522116787731
v -0.02257811464369297 0.05877747014164926 -0.0016531751025468109
v -0.025033894926309586 0.0710851550102234 -0.0006012069643475114
v -0.024863336235284805 0.07154396176338197 -0.0009183472138829528
v -0.024795548990368843 0.07266785204410554 -0.001198887010104954
v -0.02108784019947052 0.05899371206760408 -0.002532468177378177
v -0.02477155067026615 0.07208554446697236 -0.0011266426881775258
v -0.024460352957248688 0.07463990896940233 -0.0019077388569712637
v -0.011212725192308426 0.05974311009049417 -0.005579709075391292
v -0.016782080754637718 0.07448324561119081 -0.005644588731229304
v -0.014795382507145405 0.07446189224720003 -0.0061538652516901484
v -0.007780463434755802 0.059864953160285964 -0.006075149402022361
v -0.012632302939891815 0.074443057179451 -0.006603497546166181
v -0.010314540937542915 0.07442709803581239 -0.006984716281294822
v -0.014597230590879917 0.05956763401627542 -0.00486618373543024
v -0.018577009439468384 0.07450667768716814 -0.005085466895252465
v -0.01951359398663044 0.059174597263336196 -0.003268009284511208
v -0.02369086630642414 0.07461258023977281 -0.0025596187915652986
v -0.02016846090555191 0.07453177869319917 -0.004486819729208945
v -0.022723780944943428 0.07458516210317613 -0.0032134240027517076
v -0.02155117318034172 0.07455808669328691 -0.0038592596538364883
v -0.017901038751006126 0.05932684242725374 -0.0038870743010193105
v -0.016260724514722824 0.059456620365381255 -0.0044147735461592666
v -0.007866570726037025 0.07441434264183046 -0.007289656437933444
v -0.025590069591999054 0.0702977478504181 0.0008370302966795861
v -0.025439729914069176 0.07044899463653566 0.000291563308564946
v -0.024494891986250877 0.058354333043098464 6.739313539583235e-05
v -0.025690216571092606 0.0702796056866646 0.001415938721038401
v -0.024964364245533943 0.05817685276269914 0.000789051642641425
v -0.025325767695903778 0.05798640847206117 0.001563471392728388
v -0.025724833831191063 0.07040278613567354 0.0019884395878762002
v -0.023924605920910835 0.058511279523372664 -0.0005707915406674146
v -0.025240449234843254 0.07071622461080553 -0.00019276126113254574
v 0.02543681673705578 0.07035558670759202 0.0005657781148329376
v -0.004347192123532295 0.05993931740522386 -0.006377531681209802
v -0.0232772845774889 0.05865160003304483 -0.0011413715546950696
v -0.005318119190633297 0.0744050368666649 -0.007512278389185666
v -0.0009146891534328461 0.05997036397457124 -0.0065037733875215045
v -0.002700486220419407 0.07439940422773363 -0.0076476060785353175
v 0.002605274086818099 0.07439940422773363 -0.007647578138858079
v 0.00251708272844553 0.05996027216315271 -0.00646273186430335
v -4.8005167627707124e-05 0.0743975415825844 -0.007693190593272447
v 0.005223674699664116 0.0744050368666649 -0.0075121698901057235
v 0.010221416130661964 0.07442711293697359 -0.006984299514442681
v 0.005948107223957777 0.05990809574723245 -0.006250580307096242
v 0.007772829849272966 0.07441435009241106 -0.007289416156709193
v 0.01253968384116888 0.0744430795311928 -0.006602867040783166
v 0.009378337301313877 0.05981119349598886 -0.005856544245034455
v 0.014703139662742615 0.07446192950010301 -0.006152993068099021
v 0.016690075397491455 0.0744832828640938 -0.00564345484599471
v 0.012796131893992424 0.05966369435191156 -0.005256799049675464
v 0.018485093489289284 0.07450672984123231 -0.0050840629264712325
v 0.021459020674228668 0.07455816119909288 -0.003857329953461885
v 0.016144124791026115 0.059458050876855864 -0.004420598503202199
v 0.02007649466395378 0.07453184574842454 -0.004485147539526223
v 0.023597994819283485 0.07461267709732057 -0.0025572455488145347
v 0.019393766298890114 0.05917706340551378 -0.0032780244946479793
v 0.022631319239735603 0.0745852515101433 -0.003211258444935083
v 0.024366989731788635 0.07464001327753068 -0.0019051942508667705
v 0.01778361387550831 0.05932879447937013 -0.003895001485943794
v 0.024951254948973656 0.07466688752174379 -0.0012641742359846828
v 0.025106405839323997 0.07386119663715364 -0.000882391701452434
v 0.024858972057700157 0.0732993707060814 -0.001114886370487511
v 0.025366121903061867 0.07469295710325242 -0.0006425506435334681
v 0.024699537083506584 0.07266785204410554 -0.0011988872429355977
v 0.025629565119743347 0.07471769303083421 -5.095222149975597e-05
v 0.025382228195667267 0.07433827221393587 -0.0005242215702310203
v 0.025244317948818207 0.07409973442554475 -0.0007033066940493881
v 0.014480642043054104 0.059568930417299285 -0.004871446639299392
v 0.02096676453948021 0.05899691209197046 -0.0025454815477132793
v 0.02467028610408306 0.07220944762229921 -0.0011542901629582045
v 0.024715879932045937 0.07176601141691209 -0.0010221445700153706
v 0.022458471357822418 0.058781381696462645 -0.0016690989723429082
v 0.024969574064016342 0.07101994007825853 -0.0005417034262791275
v 0.025135427713394165 0.07073270529508592 -0.00021557892614509908
v 0.023153072223067284 0.058657057583332076 -0.0011635649716481564
v 0.0248233824968338 0.07136468589305879 -0.0008128971094265579
v 0.02380596287548542 0.05851925909519197 -0.0006032300298102199
v 0.025308167561888695 0.07051120698451997 0.00015242016525007782
v 0.02439170330762863 0.058365833014249816 2.0627448975574222e-05
v 0.009944826364517212 0.07503062486648561 0.00737624242901802
v 0.012245774269104004 0.07502049952745439 0.0071353199891746035
v 0.01434823963791132 0.07645112276077272 0.006796538364142179
v 0.016105560585856438 0.07565489411354066 0.0066462699323892585
v 0.01454672310501337 0.07501037418842317 0.0068943970836699
v 0.01663169264793396 0.07499741017818452 0.006585892755538224
v -4.820910544367507e-05 0.08585900813341142 -0.0050775185227394095
v 0.00034276925725862384 0.08598563075065614 -0.004944456741213798
v 0.003080977126955986 0.08549669384956361 -0.005342490039765834
v -4.743825411424041e-05 0.08490483462810518 -0.005883728154003619
v -4.782367977895774e-05 0.0853819325566292 -0.005480623804032802
v 0.0015129782259464264 0.08502250909805299 -0.005783090833574533
v -4.800241003977135e-05 0.08462569117546083 -0.006041965447366237
v 0.0009201529901474714 0.08417836576700212 -0.006320653017610311
v -4.856656232732348e-05 0.08434655517339708 -0.006200202275067567
v 0.0020144071895629168 0.08379586040973665 -0.006484218407422303
v -4.9694870540406555e-05 0.08378828316926958 -0.006516676396131515
v 0.002726704580709338 0.0846935957670212 -0.005968724377453326
v 0.004315817262977362 0.08517885953187944 -0.005521530751138925
v 0.003844120306894183 0.0843210741877556 -0.006131508853286504
v 0.004434991627931595 0.08592183142900468 -0.0048274658620357505
v 0.005688683595508337 0.08561446517705919 -0.004996419418603181
v -4.809223901247606e-05 0.08325314521789552 -0.0067263348028063765
v -4.832118429476395e-05 0.08332958072423936 -0.0066963830031454554
v -3.0468670956906863e-05 0.08326353877782823 -0.006726349238306283
v 0.0030893206130713224 0.0861790180206299 -0.0046450458467006675
v 0.005453964229673147 0.08481620252132417 -0.005680064670741557
v 0.001815943163819611 0.08238037675619127 -0.0069567812606692305
v 0.003368827048689127 0.08143094182014467 -0.007115276996046304
v -4.800514579983428e-05 0.08152621239423753 -0.007135810796171426
v -4.8005142161855474e-05 0.08202865719795228 -0.007037476170808076
v -4.800514943781309e-05 0.08052133768796922 -0.007332479581236838
v 0.0011234007542952895 0.08088602870702745 -0.007266003638505935
v 0.002505580661818385 0.07989159971475603 -0.007397152017801999
v 0.00021101195306982845 0.07934519648551942 -0.007498158141970634
v 0.0037299662362784147 0.07887144386768342 -0.007478384301066398
v -4.8005153075791895e-05 0.07950551807880403 -0.007461205124855041
v 0.004724076483398676 0.08044344186782838 -0.007224633824080228
v 0.0009422953589819372 0.08283518254756929 -0.00685541471466422
v -4.8005142161855474e-05 0.08253109455108644 -0.006939141545444726
v -4.7863290092209354e-05 0.08317668735980989 -0.00675628613680601
v 0.02319752424955368 0.07548441737890245 0.004911857191473245
v 0.02344577945768833 0.0749228522181511 0.004810878075659274
v 0.02356141060590744 0.07500045001506807 0.00475598033517599
v 0.0030128678772598505 0.08337619155645372 -0.006619302555918693
v 0.006496622692793608 0.08441492170095445 -0.005815621931105851
v 0.004864302929490805 0.08391085267066957 -0.006268049590289592
v 0.005790354683995247 0.08347076177597047 -0.0063781910575926295
v 0.00744770560413599 0.08398205786943437 -0.005927696358412503
v 0.003914341330528259 0.08292866498231889 -0.006725860759615897
v 0.005479551386088133 0.08198397606611253 -0.006875657942146062
v 0.006820508744567633 0.08099620044231416 -0.00696688238531351
v 0.007396597880870104 0.08253015577793123 -0.006531127728521823
v 0.00875141005963087 0.0815383940935135 -0.00661640241742134
v 0.009104161523282528 0.08304785937070848 -0.0060872258618474
v 0.007997515611350536 0.07997757941484453 -0.007009269203990697
v 0.005921764764934778 0.0794268697500229 -0.007285036612302064
v 0.006848666351288557 0.08526160567998887 -0.005148409865796565
v 0.0016603261465206742 0.08638527989387514 -0.004453453700989484
v -4.8107114707818255e-05 0.08624661713838579 -0.0046060075983405105
v 0.0027810900937765837 0.08672684431076051 -0.003913176711648702
v -4.800512033398263e-05 0.08663421869277955 -0.004134496208280324
v -4.935240576742217e-05 0.08726806938648225 -0.0029791272245347496
v 0.0006553587154485285 0.0872418060898781 -0.0030341595411300655
v -4.8678764869691804e-05 0.0869511440396309 -0.003556811716407537
v 0.003721970599144697 0.08700533956289293 -0.0033367965370416637
v 0.0014178588753566146 0.08744505047798158 -0.002487919526174664
v -4.800511305802502e-05 0.08764714002609254 -0.001817385316826403
v 0.004502695985138416 0.08721912652254106 -0.002737634582445025
v 0.0055794669315218925 0.08628156036138536 -0.004255055915564298
v 0.007348699029535055 0.0867966115474701 -0.0030038820113986726
v 0.006541200447827578 0.08657291531562807 -0.003641857765614986
v 0.006853494327515364 0.08598410338163377 -0.004412115085870027
v 0.002032811753451824 0.08759313821792604 -0.0019352217204868791
v 0.005138874519616365 0.08736973255872728 -0.002130970591679215
v 0.002514754654839635 0.08768766373395921 -0.0013841304462403057
v 0.005643940065056086 0.08746072649955751 -0.0015289863804355262
v 0.008014971390366554 0.08695473521947862 -0.0023552242200821634
v -4.800513488589786e-05 0.08781499415636064 -0.0005586039042100309
v 0.002878936007618904 0.0877351611852646 -0.000832312216516584
v 0.006026753690093756 0.08750074356794359 -0.0009295159252360462
v 0.003134253667667508 0.08774225413799287 -0.0002759491326287388
v 0.003263491904363036 0.08771100640296937 0.00028431520331650967
v 0.006290546152740717 0.08749847114086153 -0.00032766716321930284
v 0.008548199199140072 0.08705078810453416 -0.0017069975147023795
v 0.011161127127707005 0.08647172898054124 -0.0018931840313598511
v 0.008952740579843521 0.0870926082134247 -0.0010602923575788734
v 0.010594567283987999 0.08636303246021272 -0.00257713021710515
v 0.009228760376572609 0.08708836883306505 -0.00041336624417454
v 0.011890310794115067 0.08652541786432268 -0.000520002155099064
v 0.00936345849186182 0.08704327046871187 0.0002368408459005877
v 0.012038775719702244 0.08648292720317842 0.00017072512127924708
v 0.011593826115131378 0.08652359992265703 -0.0012072322424501178
v 0.006420620251446962 0.08745776861906053 0.0002780137001536786
v 0.009892245754599571 0.08619104325771333 -0.003255918156355619
v 0.007915995083749294 0.0848694145679474 -0.005281070712953805
v 0.008037985302507877 0.08564148098230363 -0.004555808845907449
v 0.00904466025531292 0.08595147728919984 -0.003919638227671384
v 0.011204581707715988 0.08517348021268846 -0.004149472806602716
v 0.010140606202185154 0.08484333753585817 -0.00479501113295555
v 0.008894226513803005 0.08444439619779588 -0.005393499974161386
v 0.010606614872813225 0.08352002501487733 -0.005559776443988084
v 0.010493158362805843 0.08205388486385347 -0.006176031194627284
v 0.011912966147065163 0.08393279463052751 -0.0049661053344607345
v 0.013037081807851791 0.08427999168634416 -0.004322398453950881
v 0.013401016592979431 0.08294782787561418 -0.005073506385087966
v 0.012104337103664875 0.08543283492326738 -0.003472552634775638
v 0.013993294909596443 0.084558442234993 -0.0036435490474104877
v 0.012042197398841381 0.08252792060375215 -0.005657254718244075
v 0.012852804735302925 0.08562380075454713 -0.0027757859788835044
v 0.013459516689181328 0.08575028926134111 -0.002068368252366781
v 0.014248655177652836 0.08583252876996995 -0.0006356590893119573
v 0.013925657607614994 0.08581790328025819 -0.0013542749220505355
v 0.014792907983064651 0.08476941287517549 -0.0029404268134385343
v 0.015444655902683735 0.08491571247577669 -0.002221839968115091
v 0.016437413170933723 0.08382979035377504 -0.0030671989079564805
v 0.015950005501508713 0.08500202745199205 -0.001492397394031286
v 0.015588261187076569 0.08360083401203157 -0.00376672763377428
v 0.016307400539517403 0.08503331243991853 -0.0007553056348115205
v 0.017682520672678947 0.08410053700208665 -0.0016163231339305637
v 0.016510477289557457 0.0850140303373337 -1.2366621376713736e-05
v 0.018324952572584152 0.08414615690708162 -0.00012433213123586026
v 0.01713465340435505 0.08399521559476854 -0.0023487026337534185
v 0.01441927906125784 0.08579944819211961 8.739166514715178e-05
v 0.01457932684570551 0.08330684900283815 -0.004438861738890409
v 0.01808096654713154 0.084149606525898 -0.0008739862241782247
v 0.024737266823649406 0.07488311082124711 0.0038650196511298414
v 0.02434275858104229 0.07536122947931291 0.004201636649668216
v 0.024542296305298805 0.07489085197448732 0.0040492117404937735
v 0.0048360503278672695 0.07783689349889757 -0.007507669273763894
v 0.0014590909704566002 0.07831814885139467 -0.007594943977892398
v -4.80051567137707e-05 0.07848969846963884 -0.0075899302028119555
v 0.0069967168383300304 0.0783922001719475 -0.0072958050295710555
v 0.002596106845885515 0.0772799775004387 -0.007641253527253865
v -4.800516035174951e-05 0.0764453560113907 -0.00771034974604845
v 0.003643439617007971 0.07624091207981111 -0.007634534034878015
v 0.002605274086818099 0.07439940422773363 -0.007647578138858079
v -4.8005167627707124e-05 0.0743975415825844 -0.007693190593272447
v -4.800516398972832e-05 0.07542145252227785 -0.0077017699368298045
v 0.0079796789214015 0.07734941691160203 -0.00725808274000883
v 0.005850034300237894 0.0767977759242058 -0.007484964560717343
v 0.009820319712162018 0.07527264207601549 -0.007052860222756862
v 0.00904803816229105 0.07893874496221544 -0.007004805840551852
v 0.010004499927163124 0.07788915932178499 -0.006955528631806373
v 0.004640616942197084 0.07521245628595354 -0.007574671879410743
v 0.016690075397491455 0.0744832828640938 -0.00564345484599471
v 0.015696607530117035 0.0744725987315178 -0.005898223724216222
v 0.016728021204471588 0.07459484040737153 -0.00562875997275114
v 0.009924767538905144 0.08051372319459917 -0.006649486254900693
v 0.011681538075208664 0.08102313429117204 -0.006209390703588723
v 0.010962328873574734 0.07946767657995225 -0.006636573467403649
v 0.013259529136121273 0.08149394392967226 -0.005697946995496749
v 0.014655672013759613 0.08191546052694322 -0.0051255631260573855
v 0.012719174847006798 0.07996927946805955 -0.00619602808728814
v 0.011898632161319256 0.07840916514396669 -0.0065812263637781135
v 0.013591324910521507 0.07628257572650911 -0.006361208390444516
v 0.013642861507833004 0.07890132069587709 -0.006141121964901685
v 0.015723975375294685 0.0808534622192383 -0.005130340810865163
v 0.01430832501500845 0.08043409883975984 -0.005691039375960826
v 0.016644135117530823 0.07977233082056047 -0.00509437546133995
v 0.015226820483803749 0.07935804128646852 -0.00564283225685358
v 0.015875590965151787 0.08228109776973726 -0.004503887612372636
v 0.011767380870878696 0.07578808069229127 -0.006738829892128705
v 0.0077784680761396885 0.07474295794963838 -0.0072979037649929515
v 0.007772829849272966 0.07441435009241106 -0.007289416156709193
v 0.0064982520416378975 0.07440969347953798 -0.007400792557746171
v 0.005223674699664116 0.0744050368666649 -0.0075121698901057235
v 0.010221416130661964 0.07442711293697359 -0.006984299514442681
v 0.015272045508027077 0.07675000280141832 -0.005927693098783492
v 0.01253968384116888 0.0744430795311928 -0.006602867040783166
v 0.016048869118094444 0.0782734975218773 -0.005559151526540517
v 0.017450476065278053 0.07868046313524248 -0.005023889243602752
v 0.016799720004200935 0.07718501240015031 -0.005446494556963443
v 0.018148232251405716 0.07500411570072175 -0.0051690060645341864
v 0.018169112503528595 0.07758270204067232 -0.004925533197820186
v 0.014703139662742615 0.07446192950010301 -0.006152993068099021
v 0.018485093489289284 0.07450672984123231 -0.0050840629264712325
v 0.019413918256759644 0.07537973672151567 -0.004679597448557614
v 0.016968902200460434 0.08122138679027559 -0.0045235930010676375
v 0.016927098855376244 0.0825861766934395 -0.0038443021476268764
v 0.017818093299865723 0.08282967656850816 -0.0031558929476886983
v 0.018048422411084175 0.08153333514928819 -0.0038802798371762033
v 0.018969407305121422 0.0817876383662224 -0.0032082505058497186
v 0.01789645478129387 0.08013911545276643 -0.004503963980823754
v 0.018692446872591972 0.07904336601495744 -0.0044510168954730025
v 0.019779494032263756 0.07935866713523866 -0.0038472579326480623
v 0.018987998366355896 0.08045428246259691 -0.0038795154541730876
v 0.01992524042725563 0.0807158648967743 -0.00322757544927299
v 0.020450696349143982 0.07825230807065965 -0.003789874259382486
v 0.020718248561024666 0.07962433248758317 -0.003217887599021196
v 0.0193839892745018 0.07793947309255601 -0.004371395800262689
v 0.01855570077896118 0.08301193267107011 -0.0024465064052492376
v 0.019143912941217422 0.08313507586717607 -0.0017213308019563554
v 0.019738484174013138 0.08198377490043642 -0.002514427993446588
v 0.019584376364946365 0.08320174366235734 -0.0009844943415373562
v 0.02083548530936241 0.08220652490854265 -0.0010798653820529578
v 0.01987246237695217 0.0832149460911751 -0.00023854066967032847
v 0.021164221689105034 0.08223688602447511 -0.00034508199314586813
v 0.0203597079962492 0.0821228474378586 -0.0018036705441772936
v 0.020714594051241875 0.08092279732227327 -0.0025539228226989503
v 0.021359996870160103 0.08107543736696245 -0.0018626488745212553
v 0.021864386275410652 0.08117457479238512 -0.0011570500209927557
v 0.022175539284944534 0.08000233024358751 -0.0018990455428138373
v 0.022229202091693878 0.08122138679027559 -0.000438935006968677
v 0.023098470643162727 0.08017566800117494 -0.0005177136627025901
v 0.021515343338251114 0.07983898371458055 -0.002567454474046826
v 0.022702645510435104 0.08011443167924882 -0.001215198542922735
v 0.02053496055305004 0.07571953535079957 -0.0041657453402876845
v 0.0210252795368433 0.07713899761438371 -0.003714887890964746
v 0.02192680537700653 0.07740470021963121 -0.0031355372630059715
v 0.02137693017721176 0.07851920276880266 -0.0031849115621298547
v 0.02270500361919403 0.0776260793209076 -0.0025371126830577846
v 0.02217010222375393 0.07873858511447908 -0.0025597689673304553
v 0.022392235696315765 0.07628434896469118 -0.00307726371102035
v 0.023145824670791626 0.07650522887706758 -0.0025050949770957227
v 0.02007649466395378 0.07453184574842454 -0.004485147539526223
v 0.021459020674228668 0.07455816119909288 -0.003857329953461885
v 0.021524550393223763 0.07602176815271379 -0.003631167579442262
v 0.022631319239735603 0.0745852515101433 -0.003211258444935083
v 0.023597994819283485 0.07461267709732057 -0.0025572455488145347
v 0.022835180163383484 0.07890964299440385 -0.0019168240251019595
v 0.02336467243731022 0.07780191302299501 -0.0019213665509596465
v 0.023375999182462692 0.07903181016445161 -0.00125806697178632
v 0.023794271051883698 0.07910480350255968 -0.0005848201108165084
v 0.02433912269771099 0.07801315933465959 -0.0006447351770475506
v 0.023909134790301323 0.07793119549751283 -0.0012899909634143112
v 0.023789800703525543 0.07668308913707735 -0.0019166872370988128
v 0.024366989731788635 0.07464001327753068 -0.0019051942508667705
v 0.024654144421219826 0.07569227367639543 -0.0013302975567057727
v 0.024326927959918976 0.07681678235530855 -0.0013141323579475281
v 0.02506832405924797 0.07578492164611818 -0.000744790828321129
v 0.024756411090493202 0.07690513879060747 -0.000698826799634844
v 0.024951254948973656 0.07466688752174379 -0.0012641742359846828
v 0.0032463225070387125 0.08764121681451799 0.0008479199022985994
v 0.006399635225534439 0.08737983554601671 0.0008884075214155017
v -4.8005102144088596e-05 0.08774672448635103 0.0007094832835718988
v 0.0030760765075683594 0.08752805739641191 0.001419093459844589
v -4.884936788585037e-05 0.08751735836267473 0.001720838015899062
v 0.006217608228325844 0.08726014941930772 0.0015055418480187652
v 0.0027481275610625744 0.08736561238765718 0.0020000294316560026
v 0.005866424646228552 0.08709231019020082 0.0021299216896295543
v 0.009341727942228317 0.08696021139621736 0.0008930559852160512
v 0.012025692500174046 0.08640000224113466 0.0008670399547554551
v 0.01184005569666624 0.08627422899007799 0.0015675724716857074
v 0.009152152575552464 0.0868356227874756 0.0015553600387647746
v 0.008785467594861984 0.08666352927684785 0.0022219244856387372
v 0.014261198230087757 0.08559992164373399 0.0015434072120115159
v 0.011472784914076328 0.08610051125288011 0.0022690144833177324
v 0.014426806010305882 0.08572241663932802 0.0008146681357175111
v 0.00225463998503983 0.08714790642261507 0.0025811481755226846
v 0.005339628551155329 0.08686828613281251 0.0027543765027076
v -4.800509486813098e-05 0.08712308108806611 0.002715067937970161
v -4.723617166746408e-05 0.08660549670457841 0.00359655893407762
v 0.0015948107466101646 0.08686899393796922 0.00315294018946588
v 0.004636045079678297 0.08658029884099962 0.00336772296577692
v 0.0007615808863192797 0.08652652055025102 0.003702089190483093
v 0.00267022498883307 0.0857924446463585 0.004505791701376437
v -4.762063326779753e-05 0.08626227080821992 0.004016283899545669
v -4.781286042998545e-05 0.08609066158533098 0.004226146265864371
v 0.003750333096832037 0.08622274547815324 0.00395647995173931
v 0.008237234316766262 0.08643484860658647 0.0028854124248027797
v 0.01091934833675623 0.08586968481540681 0.0029633988160639997
v 0.007503418251872063 0.0861405059695244 0.003534732153639197
v 0.006577181629836559 0.0857733115553856 0.004156161565333604
v 0.010173805058002472 0.08557260036468507 0.003639653557911515
v 0.005450014490634203 0.08532924950122835 0.004733356647193431
v 0.009228566661477089 0.08520198613405229 0.0042836740612983695
v 0.013913107104599476 0.08542808890342714 0.002269506454467773
v 0.016551213338971138 0.08494748920202257 0.0007345018675550817
v 0.01840769499540329 0.08409312367439271 0.0006301216199062764
v 0.016419781371951103 0.08483290672302247 0.0014815148897469042
v 0.016106341034173965 0.08466769754886629 0.002224024152383208
v 0.018320411443710327 0.08399050682783128 0.0013860600301995871
v 0.020001893863081932 0.08317728340625764 0.0005142482696101068
v 0.02134275808930397 0.08221581578254701 0.0003988829557783901
v 0.01996603049337864 0.08308935910463335 0.0012710535665974019
v 0.021365715190768242 0.08214378356933595 0.0011495082871988414
v 0.0180541779845953 0.08383670449256898 0.0021390677429735656
v 0.019758181646466255 0.08295029401779176 0.002027769805863499
v 0.02253635600209236 0.08116097003221513 0.0010279715061187742
v 0.021226484328508377 0.08202020078897478 0.0019029146060347555
v 0.022454507648944855 0.08121688663959505 0.0002901185362134128
v 0.013375261798501015 0.08519912511110307 0.002985470928251743
v 0.015602827072143555 0.08444570749998094 0.002954920986667275
v 0.012640813365578651 0.08490464836359025 0.0036801323294639583
v 0.01490155328065157 0.08415959775447847 0.003662680275738239
v 0.011702019721269608 0.08453777432441713 0.004338910337537526
v 0.01760123111307621 0.08362664282321931 0.0028805935289710756
v 0.019370727241039276 0.08275533467531206 0.00277514848858118
v 0.020915014669299126 0.08184146881103517 0.00265001505613327
v 0.01879146881401539 0.08249896019697191 0.003500440157949924
v 0.016952671110630035 0.08335384726524354 0.003598597832024097
v 0.016097385436296463 0.08301250636577608 0.004278480075299739
v 0.01399383693933487 0.08380302786827089 0.004332528449594974
v 0.018006177619099617 0.08217594772577287 0.004189361818134784
v 0.020417116582393646 0.0816028118133545 0.003378285793587565
v 0.022468332201242447 0.08105297386646272 0.0017711935797706244
v -4.8005091230152175e-05 0.08591905981302263 0.004436008632183074
v -4.773777982336469e-05 0.08554295450448991 0.0047737318091094485
v 0.0013938684714958072 0.08529171347618104 0.004999367520213126
v -4.7470468416577205e-05 0.0851668417453766 0.005111455917358398
v 0.004118791781365871 0.08480987697839738 0.0052476832643151275
v 0.008076092228293419 0.08475373685359956 0.00487839663401246
v 0.006712926551699638 0.08422865718603136 0.00540465535596013
v 0.010551237501204014 0.08409443497657777 0.004944502841681241
v 0.005144529044628143 0.08363339304924013 0.005843479186296462
v 0.0025913333520293236 0.08422336727380754 0.005681113339960574
v -4.8005091230152175e-05 0.08424871414899827 0.005709283519536256
v -4.773777982336469e-05 0.08470777422189714 0.005410369485616683
v 0.009183717891573906 0.08357438445091249 0.005478018894791602
v 0.0033875061199069023 0.08297912776470186 0.006179460790008306
v 0.0008879675297066569 0.0835840627551079 0.006019945722073316
v 0.005814590957015753 0.08232291787862779 0.006261414382606744
v -4.800509486813098e-05 0.08328677713871004 0.006138355005532502
v -4.800509486813098e-05 0.08376773446798326 0.005923819262534379
v -4.800509486813098e-05 0.08277852088212968 0.00627631414681673
v 0.001468279049731791 0.08227455615997316 0.00640518357977271
v -4.800509486813098e-05 0.08227025717496873 0.00641427282243967
v 0.007601072546094656 0.08298159390687944 0.005921321921050548
v 0.012870664708316326 0.08337173610925676 0.004947589244693517
v 0.009954219684004784 0.08228234946727754 0.0059457062743604175
v 0.011524945497512817 0.08286435157060625 0.005490406416356563
v 0.013720951974391937 0.08210887014865877 0.005460684653371572
v 0.015023637562990189 0.08259832113981248 0.0049043605104088775
v 0.016999822109937668 0.08178199082612993 0.004826953168958425
v 0.018791433423757553 0.08092751353979112 0.004722012672573327
v 0.01575811579823494 0.08131396770477296 0.0053990697488188735
v 0.01218264177441597 0.08154389262199403 0.005934900604188441
v 0.014270423911511898 0.08077028393745424 0.0058946171775460235
v 0.008163630962371826 0.08163014054298402 0.006305289920419454
v 0.010409636422991753 0.0809057578444481 0.006321216467767953
v 0.017626682296395302 0.08048315346240999 0.005309568252414464
v 0.006173792760819197 0.08091628551483156 0.006575914099812507
v -4.800509850610979e-05 0.08136745542287828 0.006585850380361079
v 0.004027459770441055 0.08015555888414384 0.0067840362899005404
v 0.008401012048125267 0.07871876657009126 0.006919933017343282
v -4.800509850610979e-05 0.08046466112136842 0.006757427938282489
v 0.012534792535007 0.08015175163745882 0.006308503448963164
v 0.012605568394064903 0.07870445400476457 0.006627818569540977
v 0.010565225966274738 0.07946398109197618 0.006645216606557368
v 0.01452812273055315 0.07936980575323106 0.006263706367462873
v -4.8005102144088596e-05 0.07865906506776811 0.007100582588464021
v 0.003698998596519232 0.07711396366357805 0.007357568945735692
v 0.010481891222298145 0.07797890156507493 0.0069305049255490294
v -4.80051057820674e-05 0.0768534690141678 0.007443736772984265
v 0.01620718650519848 0.07996403425931932 0.005825344938784837
v 0.019715530797839165 0.08129955828189851 0.0040737129747867576
v -4.877908213529736e-05 0.08348248898983003 -0.0066364812664687625
v 0.005029234103858471 0.07504343241453172 0.007681344170123338
v -4.800510942004621e-05 0.07504786550998689 0.007786891888827085
v 0.02336374670267105 0.08018629997968675 0.0001917088957270607
v 0.02349383756518364 0.08005318790674211 0.001637086155824363
v 0.02349681966006756 0.08014579862356187 0.0009110330138355492
v 0.022237936034798622 0.08089054375886919 0.002511276630684733
v 0.023343417793512344 0.07990660518407823 0.002362264553084969
v 0.024090876802802086 0.0791282430291176 0.00010132517491001634
v 0.024654831737279892 0.0780470371246338 1.240668279933743e-05
v 0.0243163350969553 0.07902306318283082 0.0014982635620981453
v 0.024856887757778168 0.0780317708849907 0.0006785221630707382
v 0.024265455082058907 0.0791013464331627 0.0007970317383296787
v 0.02423594705760479 0.0788918435573578 0.0022000714670866723
v 0.024945491924881935 0.07796622812747957 0.0013505282113328574
v 0.021829258650541306 0.0806698650121689 0.003236523829400539
v 0.021221794188022614 0.08038688451051713 0.003934087231755256
v 0.02302706427872181 0.07970353215932847 0.003076960332691669
v 0.02039233222603798 0.08003760874271394 0.004590373020619153
v 0.021796058863401413 0.07911457866430284 0.004430661443620919
v 0.01931842975318432 0.07961829751729967 0.005191489122807979
v 0.02252069301903248 0.07944075763225557 0.003770664101466536
v 0.024006858468055725 0.07870598882436754 0.002896896563470363
v 0.024916911497712135 0.07784923911094667 0.0020249101798981424
v 0.023603256791830063 0.07846333086490632 0.0035797569435089822
v 0.022991923615336418 0.07816061377525331 0.004237625747919082
v 0.0244493018835783 0.0774572715163231 0.0033596665598452087
v 0.02082533948123455 0.07872107625007631 0.005042361095547675
v 0.022137267515063286 0.07779368013143541 0.0048559210263192645
v 0.024758558720350266 0.07768001407384874 0.0026961658149957653
v 0.02395535819232464 0.07717840373516084 0.004006891977041959
v 0.02507690340280533 0.07694707065820695 -7.238102261908351e-05
v 0.025288401171565056 0.07694149017333986 0.0005620421725325285
v 0.025377759709954262 0.07583338767290117 -0.00015026978508103636
v 0.025391943752765656 0.07688739895820619 0.0012009565252810714
v 0.025668499991297722 0.07579302787780763 0.001056541223078966
v 0.025388699024915695 0.07678406685590745 0.00184141902718693
v 0.025663377717137337 0.07570355385541917 0.0016617964720353482
v 0.02557769976556301 0.07583640515804292 0.0004511219740379601
v 0.025366121903061867 0.07469295710325242 -0.0006425506435334681
v 0.025629565119743347 0.07471769303083421 -5.095222149975597e-05
v 0.02573695220053196 0.07496571540832521 0.0005014336784370242
v 0.025766881182789803 0.07506804168224336 0.0011049730237573383
v 0.025270311161875725 0.0766308903694153 0.0024813511408865447
v 0.02433663047850132 0.07667782157659532 0.0038784795906394716
v 0.024773776531219482 0.07694485783576967 0.0032404174562543626
v 0.023228954523801804 0.07683885842561723 0.0046243229880928985
v 0.023677796125411987 0.07635199278593065 0.004491049796342849
v 0.02464234083890915 0.07617174088954927 0.003744194051250815
v 0.02554893121123314 0.07556748390197755 0.002266183495521545
v 0.025715654715895653 0.07501479238271715 0.0017127752071246503
v 0.025576304644346237 0.0748163014650345 0.002275021746754646
v 0.025027628988027573 0.07642734795808794 0.0031174963805824514
v 0.02533053606748581 0.07538285851478578 0.0028708104509860273
v 0.024868126958608627 0.07566116005182268 0.0036075634416192766
v 0.02536521479487419 0.07483951002359392 0.002827370539307594
v 0.025016091763973236 0.07514790445566179 0.003471842501312494
v 0.017982998862862587 0.07912600040435792 0.005725052207708358
v 0.01958860270678997 0.07825692743062974 0.005590807646512984
v 0.016380053013563156 0.07855959981679918 0.00618341052904725
v 0.014527282677590847 0.07792210578918458 0.006567894015461206
v 0.01808086223900318 0.07772074639797212 0.00606449507176876
v 0.021014925092458725 0.07735877484083177 0.005417030304670333
v 0.022235462442040443 0.07643418014049531 0.005193069577217101
v 0.019620316103100777 0.07685431838035585 0.005904152989387511
v 0.020979292690753937 0.07596254348754884 0.005692520178854465
v 0.016317501664161682 0.07711555808782579 0.006461750715970992
v 0.017967434599995613 0.07628312706947328 0.0063088848255574695
v 0.012471080757677555 0.07722387462854387 0.0068909130059182635
v 0.00797987263649702 0.07570800185203554 0.007428694050759076
v 0.019478142261505127 0.07542600482702257 0.006109497044235467
v 0.02209165319800377 0.07504622638225557 0.005415132269263267
v 0.024051396176218987 0.07585932314395906 0.00434866826981306
v 0.02380165085196495 0.07491473853588106 0.004617936443537473
v 0.023089909926056862 0.07493095844984056 0.00500382063910365
v 0.024347323924303055 0.07489857822656633 0.00423340406268835
v 0.02499357983469963 0.07486888021230699 0.003526182612404227
v 0.02117120288312435 0.07496106624603273 0.005720415152609347
v 0.019996175542473793 0.07497381418943407 0.006023998837918042
v 0.0222090445458889 0.0749465897679329 0.005376026965677737
v 0.018716663122177124 0.07498446106910707 0.006277388893067836
v -4.815810825675726e-05 0.0860528126358986 -0.00484176306053996
v -0.02365734986960888 0.07500055432319643 0.004756014794111251
v -0.02354179136455059 0.0749228522181511 0.0048108785413205615
v -0.023293446749448776 0.07548451423645021 0.004911889787763356
v -0.024638308212161064 0.07489085197448732 0.004049212206155061
v -0.024438712745904922 0.07536134123802186 0.004201669245958327
v -0.024833278730511665 0.07488311082124711 0.003865019883960485
v -0.003176929894834757 0.08549670130014421 -0.005342480726540088
v -0.00043873637332580984 0.08598563820123674 -0.004944450221955775
v -4.820910544367507e-05 0.08585900813341142 -0.0050775185227394095
v -0.0016089320415630937 0.08502252399921419 -0.0057830815203487864
v -4.782367977895774e-05 0.0853819325566292 -0.005480623804032802
v -4.743825411424041e-05 0.08490483462810518 -0.005883728154003619
v -4.856656232732348e-05 0.08434655517339708 -0.006200202275067567
v -0.0010161036625504494 0.08417838066816331 -0.006320643238723277
v -4.9694870540406555e-05 0.08378828316926958 -0.006516676396131515
v -0.002110355067998171 0.08379589021205903 -0.006484209094196557
v -0.002822654088959098 0.08469361066818239 -0.005968714598566293
v -0.004411764442920685 0.08517887443304063 -0.0055215214379131785
v -0.003940066322684288 0.08432110399007799 -0.006131499540060758
v -0.0057846298441290855 0.08561448007822038 -0.004996410571038722
v -0.0045309425331652164 0.08592184633016588 -0.004827457480132579
v -6.548091187141836e-05 0.08326356112957002 -0.006726339925080537
v -4.832118429476395e-05 0.08332958072423936 -0.0066963830031454554
v -4.809223901247606e-05 0.08325314521789552 -0.0067263348028063765
v -0.003185278968885541 0.0861790254712105 -0.004645037930458783
v -0.005549908149987459 0.08481622487306596 -0.005680055823177098
v -4.800514579983428e-05 0.08152621239423753 -0.007135810796171426
v -0.003464772831648588 0.08143098652362825 -0.007115270942449569
v -0.0019118912750855088 0.08238040655851366 -0.006956773810088634
v -4.8005142161855474e-05 0.08202865719795228 -0.007037476170808076
v -0.002601523417979479 0.0798916518688202 -0.0073971464298665515
v -0.0012193453731015325 0.08088606595993043 -0.007265996653586625
v -4.800514943781309e-05 0.08052133768796922 -0.007332479581236838
v -0.003825907362625003 0.0788715034723282 -0.007478380575776099
v -0.00030695382156409323 0.0793452560901642 -0.007498152088373899
v -4.8005153075791895e-05 0.07950551807880403 -0.007461205124855041
v -0.004820019938051701 0.08044349402189256 -0.007224629167467355
v -4.7863290092209354e-05 0.08317668735980989 -0.00675628613680601
v -4.8005142161855474e-05 0.08253109455108644 -0.006939141545444726
v -0.0010382442269474268 0.08283521234989168 -0.006855406332761048
v -0.01672770269215107 0.07499741017818452 0.006585893221199512
v -0.01464273314923048 0.07501037418842317 0.0068943970836699
v -0.01620141603052616 0.07565496861934663 0.006646286230534314
v -0.0031088145915418863 0.0833762288093567 -0.006619293708354234
v -0.006592565216124058 0.08441495150327684 -0.005815612617880105
v -0.0058862981386482716 0.08347079902887346 -0.006378183141350745
v -0.004960246849805117 0.08391088992357255 -0.006268040742725133
v -0.007543647196143866 0.08398209512233736 -0.005927688442170619
v -0.0040102871134877205 0.08292869478464128 -0.006725852843374013
v -0.005575496703386307 0.08198402076959611 -0.006875652354210614
v -0.006916453130543232 0.08099625259637834 -0.0069668786600232116
v -0.007492541801184416 0.08253020048141481 -0.006531122140586375
v -0.008847354911267757 0.08153844624757768 -0.006616399157792329
v -0.009200104512274265 0.08304790407419206 -0.006087220273911952
v -0.008093460462987423 0.0799776464700699 -0.007009267807006835
v -0.006017707288265228 0.07942692935466768 -0.0072850342839956275
v -0.006944608874619007 0.08526162803173067 -0.005148400552570819
v -4.8107114707818255e-05 0.08624661713838579 -0.0046060075983405105
v -0.0017562925349920988 0.08638528734445573 -0.004453447647392749
v -4.800512033398263e-05 0.08663421869277955 -0.004134496208280324
v -0.0028770561330020428 0.08672685176134111 -0.003913170658051967
v -4.8678764869691804e-05 0.0869511440396309 -0.003556811716407537
v -0.000751345360185951 0.0872418060898781 -0.0030341569799929853
v -4.935240576742217e-05 0.08726806938648225 -0.0029791272245347496
v -0.0038179364055395126 0.08700534701347352 -0.0033367914147675033
v -0.0015138451708480716 0.08744505047798158 -0.0024879171978682275
v -4.800511305802502e-05 0.08764714002609254 -0.001817385316826403
v -0.004598660860210657 0.08721913397312166 -0.0027376301586627956
v -0.005675417371094227 0.08628157526254655 -0.004255048464983701
v -0.007444647140800953 0.0867966189980507 -0.0030038754921406503
v -0.00694943917915225 0.08598411828279497 -0.004412106238305568
v -0.00663714949041605 0.08657292276620866 -0.0036418507806956764
v -0.005234838929027319 0.08736974000930788 -0.00213096709921956
v -0.002128798048943281 0.08759313821792604 -0.0019352199742570517
v -0.005739904008805752 0.0874607339501381 -0.0015289833536371587
v -0.0026107407175004482 0.08768766373395921 -0.0013841292820870874
v -0.00811091996729374 0.08695475012063981 -0.0023552186321467157
v -0.002974921837449074 0.0877351611852646 -0.0008323113434016703
v -4.800513488589786e-05 0.08781499415636064 -0.0005586039042100309
v -0.006122717168182135 0.08750074356794359 -0.0009295137715525924
v -0.0032302397303283215 0.08774225413799287 -0.0002759486087597906
v -0.003359477501362562 0.08771100640296937 0.00028431534883566195
v -0.006386509630829096 0.08749847859144212 -0.0003276657662354409
v -0.008644146844744682 0.08705080300569536 -0.0017069927416741846
v -0.01125706359744072 0.08647174388170244 -0.001893178094178438
v -0.009048687294125557 0.0870926156640053 -0.0010602887487038968
v -0.010690504685044289 0.08636305481195451 -0.002577123465016484
v -0.00932470615953207 0.08708837628364564 -0.0004133635957259684
v -0.011986243538558483 0.08652543276548387 -0.0005199983133934437
v -0.012134709395468235 0.08648294210433961 0.00017072778427973387
v -0.009459405206143856 0.08704328536987306 0.00023684244661126283
v -0.011689761653542519 0.08652362227439882 -0.0012072273530066011
v -0.006516583263874054 0.08745776861906053 0.00027801439864560956
v -0.009988184086978436 0.08619106560945512 -0.0032559102401137348
v -0.008011937141418457 0.08486944437026979 -0.005281061865389346
v -0.00813392736017704 0.08564150333404542 -0.004555800464004277
v -0.009140600450336933 0.08595149219036104 -0.003919629845768212
v -0.011300517246127129 0.08517351746559144 -0.004149464424699544
v -0.010236544534564018 0.08484336733818056 -0.004795002285391091
v -0.008990166708827019 0.08444442600011827 -0.005393491592258214
v -0.010702555067837238 0.08352006971836091 -0.005559769924730062
v -0.010589102283120155 0.08205393701791765 -0.006176027469336986
v -0.012008903548121452 0.08393283933401109 -0.004966098349541425
v -0.013133017346262932 0.08428003638982774 -0.004322390537708997
v -0.013496954925358295 0.08294788002967836 -0.00507350219413638
v -0.014089226722717285 0.08455847948789598 -0.003643542062491178
v -0.012200270779430866 0.08543287962675096 -0.003472544718533754
v -0.01213813852518797 0.08252798020839693 -0.0056572509929537764
v -0.012948735617101192 0.08562383055686952 -0.0027757785283029075
v -0.01355544663965702 0.0857503190636635 -0.002068361500278115
v -0.014344582334160805 0.08583255857229234 -0.0006356541416607796
v -0.014021584764122963 0.08581793308258058 -0.0013542688684538005
v -0.014888837933540344 0.08476945012807847 -0.002940419595688581
v -0.01554058212786913 0.08491574972867967 -0.002221833216026425
v -0.016533343121409416 0.08382984250783922 -0.003067192621529102
v -0.01604592800140381 0.08500206470489503 -0.0014923909911885855
v -0.01568419486284256 0.08360088616609575 -0.0037667220458388324
v -0.0164033230394125 0.08503334969282152 -0.0007552997558377682
v -0.017778445035219193 0.08410058915615083 -0.0016163164982572196
v -0.018420875072479248 0.0841462016105652 -0.00012432552466634658
v -0.016606399789452553 0.08501406759023668 -1.2361269909888504e-05
v -0.017230583354830742 0.08399526029825212 -0.0023486958816647525
v -0.014515205286443233 0.0857994705438614 8.739561599213629e-05
v -0.014675263315439224 0.08330690115690233 -0.004438855685293674
v -4.762063326779753e-05 0.08626227080821992 0.004016283899545669
v -4.723617166746408e-05 0.08660549670457841 0.00359655893407762
v -0.0008575675310567021 0.08652652055025102 0.0037020873278379436
v -0.018176890909671783 0.08414965867996217 -0.0008739796467125415
v -0.0015550306998193264 0.07831821590662004 -0.007594939786940812
v -0.004931989591568708 0.07783696055412294 -0.007507668808102607
v -4.80051567137707e-05 0.07848969846963884 -0.0075899302028119555
v -0.007092657964676619 0.07839227467775346 -0.007295805495232343
v -0.002692044246941805 0.07728005200624467 -0.007641252130270003
v -4.800516035174951e-05 0.0764453560113907 -0.00771034974604845
v -0.003739374689757824 0.07624098658561708 -0.007634536363184451
v -4.800516398972832e-05 0.07542145252227785 -0.0077017699368298045
v -4.8005167627707124e-05 0.0743975415825844 -0.007693190593272447
v -0.002700486220419407 0.07439940422773363 -0.0076476060785353175
v -0.008075619116425514 0.077349491417408 -0.007258087396621703
v -0.009916247799992561 0.07527273893356325 -0.007052872795611619
v -0.005945971701294184 0.07679785043001176 -0.007484967820346355
v -0.010100441984832287 0.07788924127817155 -0.00695553421974182
v -0.009143981151282787 0.07893881201744081 -0.007004807237535714
v -0.004736544098705053 0.0752125531435013 -0.007574678398668765
v -4.8005102144088596e-05 0.07865906506776811 0.007100582588464021
v -0.004123365972191095 0.08015558868646623 0.006784032098948955
v -0.008496892638504505 0.07871881127357484 0.006919931154698133
v -0.01002071239054203 0.08051379024982454 -0.006649485323578118
v -0.01177748292684555 0.08102319389581682 -0.006209389772266149
v -0.01105827372521162 0.07946775108575822 -0.006636575330048799
v -0.01335547212511301 0.08149401098489763 -0.005697945598512887
v -0.014751613140106201 0.081915520131588 -0.005125560797750949
v -0.012815119698643684 0.07996935397386552 -0.006196030415594577
v -0.011994576081633568 0.07840925455093385 -0.006581231951713561
v -0.013687263242900372 0.07628267258405687 -0.006361220497637986
v -0.01373880635946989 0.07890141010284425 -0.006141127087175845
v -0.015819920226931572 0.08085352927446367 -0.00513034127652645
v -0.014404269866645336 0.08043417334556581 -0.005691041238605975
v -0.01674008183181286 0.07977242022752763 -0.005094379186630248
v -0.01532276626676321 0.07935812324285509 -0.005642836913466453
v -0.015971530228853226 0.08228116482496263 -0.004503884352743625
v -0.011863314546644688 0.07578817754983903 -0.006738841999322175
v -4.800509850610979e-05 0.08046466112136842 0.006757427938282489
v -0.006269697565585375 0.08091631531715394 0.006575911305844783
v -0.005318119190633297 0.0744050368666649 -0.007512278389185666
v -0.006592344492673874 0.07440968602895738 -0.007400966715067624
v -0.007874389179050922 0.07474304735660554 -0.0072979158721864215
v -0.010314540937542915 0.07442709803581239 -0.006984716281294822
v -0.007866570726037025 0.07441434264183046 -0.007289656437933444
v -0.0015642152866348624 0.08227457851171495 0.006405180320143699
v -4.800509850610979e-05 0.08136745542287828 0.006585850380361079
v -4.800509486813098e-05 0.08227025717496873 0.00641427282243967
v -0.01536798756569624 0.07675010710954668 -0.005927705205976962
v -0.012632302939891815 0.074443057179451 -0.006603497546166181
v -0.01614481396973133 0.07827358692884447 -0.0055591599084436885
v -0.01754642464220524 0.07868055254220964 -0.005023895762860774
v -0.018244177103042603 0.0750042349100113 -0.005169021431356668
v -0.01689566671848297 0.07718511670827867 -0.005446505732834338
v -0.01826506294310093 0.07758279889822008 -0.004925542511045932
v -0.014795382507145405 0.07446189224720003 -0.0061538652516901484
v -0.01578873209655285 0.07447256892919542 -0.00589922722429037
v -0.018577009439468384 0.07450667768716814 -0.005085466895252465
v -0.016823958605527878 0.07459495216608049 -0.005628776736557483
v -0.016782080754637718 0.07448324561119081 -0.005644588731229304
v -0.019509868696331978 0.07537985593080522 -0.004679610952734946
v -0.01706484518945217 0.08122145384550096 -0.004523592069745063
v -0.017023036256432533 0.08258623629808427 -0.0038442981895059343
v -0.017914028838276863 0.08282973617315294 -0.0031558880582451816
v -0.018144363537430763 0.08153340965509416 -0.0038802782073616977
v -0.01906534470617771 0.08178770542144777 -0.0032082477118819948
v -0.017992401495575905 0.080139197409153 -0.004503966309130191
v -0.018788395449519157 0.0790434554219246 -0.004451022017747163
v -0.019083943217992783 0.08045437186956407 -0.0038795161526650186
v -0.01987544447183609 0.07935876399278642 -0.0038472616579383607
v -0.020021185278892517 0.08071595430374147 -0.003227574517950415
v -0.020546652376651764 0.07825241237878801 -0.0037898800801485773
v -0.020814199000597 0.07962442189455034 -0.003217888996005058
v -0.019479941576719284 0.07793956995010377 -0.00437140418216586
v -0.018651632592082024 0.08301199972629549 -0.00244650081731379
v -0.019239842891693115 0.08313514292240144 -0.0017213246319442985
v -0.019834421575069427 0.08198384195566179 -0.002514424035325646
v -0.01968030072748661 0.08320180326700212 -0.0009844875894486902
v -0.020931417122483253 0.08220659196376802 -0.0010798588627949355
v -0.021260149776935577 0.08223695307970048 -0.0003450746007729321
v -0.019968384876847267 0.08321500569581987 -0.00023853337916079906
v -0.02045564167201519 0.08212292194366456 -0.0018036651890724895
v -0.02081053890287876 0.08092288672924043 -0.002553920494392514
v -0.02145593985915184 0.08107551187276842 -0.0018626449164003132
v -0.02196032740175724 0.08117464929819108 -0.001157044433057308
v -0.02227148972451687 0.08000241965055467 -0.0018990427488461135
v -0.023194417357444763 0.0801757574081421 -0.0005177070852369069
v -0.022325139492750168 0.08122146129608156 -0.00043892790563404555
v -0.0216112919151783 0.07983907312154771 -0.002567453775554895
v -0.02279859408736229 0.08011452108621599 -0.00121519376989454
v -0.020630916580557823 0.07571964710950853 -0.00416575651615858
v -0.02112123928964138 0.07713910192251207 -0.003714895341545343
v -0.021472886204719543 0.07851930707693101 -0.003184914821758866
v -0.02202276699244976 0.07740480452775957 -0.003135542385280132
v -0.02226605825126171 0.07873868942260744 -0.0025597701314836736
v -0.02280096709728241 0.07762619107961656 -0.002537115011364221
v -0.022488199174404144 0.07628446817398073 -0.003077269764617085
v -0.023241791874170303 0.07650534063577653 -0.0025050984695553775
v -0.02016846090555191 0.07453177869319917 -0.004486819729208945
v -0.02155117318034172 0.07455808669328691 -0.0038592596538364883
v -0.021620510146021843 0.07602188736200334 -0.0036311759613454338
v -0.022723780944943428 0.07458516210317613 -0.0032134240027517076
v -0.02369086630642414 0.07461258023977281 -0.0025596187915652986
v -0.022931136190891266 0.07890973985195161 -0.0019168227445334194
v -0.023460635915398598 0.07780203223228456 -0.001921366201713681
v -0.023471953347325325 0.07903191447257997 -0.0012580632464960215
v -0.02443508617579937 0.07801327854394914 -0.0006447290652431547
v -0.02389022521674633 0.07910490036010744 -0.0005848138825967907
v -0.024005098268389702 0.07793130725622179 -0.0012899877037853
v -0.02388576976954937 0.0766832083463669 -0.0019166875863447783
v -0.02475012093782425 0.07569240778684617 -0.001330295926891267
v -0.024460352957248688 0.07463990896940233 -0.0019077388569712637
v -0.02442289888858795 0.0768169015645981 -0.0013141295639798043
v -0.024852382019162178 0.07690525799989702 -0.0006988209788687526
v -0.025164304301142693 0.07578505575656892 -0.0007447857642546295
v -0.025045165792107582 0.07466678321361543 -0.0012668496929109094
v -0.014444096945226192 0.07645118981599809 0.006796548143029212
v -0.012341785244643688 0.07502049952745439 0.0071353199891746035
v -0.010040837340056896 0.07503062486648561 0.00737624242901802
v -0.006495598237961531 0.08737983554601671 0.0008884075796231626
v -0.0033423081040382385 0.08764121681451799 0.0008479196694679557
v -4.8005102144088596e-05 0.08774672448635103 0.0007094832835718988
v -0.0031720621045678854 0.0875280648469925 0.0014190928777679799
v -4.884936788585037e-05 0.08751735836267473 0.001720838015899062
v -0.006313571240752935 0.08726015686988832 0.0015055409166961906
v -0.005962388124316931 0.08709231764078142 0.0021299202926456924
v -0.002844113390892744 0.08736561238765718 0.002000028500333428
v -0.0014898355584591627 0.08529172092676164 0.0049993633292615405
v -4.773777982336469e-05 0.08554295450448991 0.0047737318091094485
v -0.002766191493719816 0.0857924446463585 0.0045057875104248515
v -0.009437674656510353 0.08696022629737855 0.0008930566255003213
v -0.012121625244617462 0.08640002459287645 0.0008670415845699607
v -0.009248098358511925 0.0868356376886368 0.001555359689518809
v -0.011935989372432232 0.08627424389123918 0.0015675730537623165
v -0.008881413377821445 0.08666354417800905 0.0022219230886548753
v -0.014357121661305428 0.08559994399547578 0.001543409074656665
v -0.011568717658519745 0.0861005261540413 0.002269014017656445
v -0.014522729441523552 0.085722453892231 0.0008146711043082177
v -0.005435592029243708 0.08686829358339311 0.0027543744072318073
v -0.00235062581487 0.08714790642261507 0.0025811470113694663
v -0.001690796809270978 0.08686899393796922 0.0031529383268207307
v -4.800509486813098e-05 0.08712308108806611 0.002715067937970161
v -0.0047320094890892506 0.08658030629158021 0.0033677199389785524
v -4.781286042998545e-05 0.08609066158533098 0.004226146265864371
v -0.0038462986703962088 0.08622275292873384 0.003956476692110299
v -0.008333181031048298 0.08643485605716707 0.002885410329326987
v -0.011015280149877071 0.08586969971656801 0.0029633976519107814
v -0.007599364500492811 0.08614052087068559 0.003534729359671473
v -0.006673128344118595 0.0857733264565468 0.0041561578400433055
v -0.010269736871123314 0.08557262271642686 0.0036396512296050783
v -0.005545962136238813 0.08532926440238954 0.004733352456241845
v -0.009324497543275356 0.08520200103521348 0.004283671732991933
v -0.014009028673171997 0.08542811870574953 0.002269507851451635
v -0.016647132113575935 0.08494752645492555 0.0007345065823756157
v -0.018503613770008087 0.0840931683778763 0.0006301280227489768
v -0.01651569828391075 0.08483295142650606 0.0014815188478678463
v -0.016202256083488464 0.08466773480176927 0.0022240278776735063
v -0.018416326493024826 0.08399055153131486 0.001386066200211644
v -0.020097816362977028 0.08317734301090242 0.0005142558948136865
v -0.021438684314489365 0.08221588283777238 0.0003988912503700703
v -0.020061949267983437 0.08308941125869752 0.0012710613664239643
v -0.021461639553308487 0.08214385062456132 0.0011495169019326565
v -0.019854094833135605 0.08295035362243654 0.00202777748927474
v -0.01815009117126465 0.08383674919605257 0.002139073563739657
v -0.022632285952568054 0.0811610445380211 0.0010279811685904858
v -0.021322403103113174 0.08202026784420015 0.0019029238028451798
v -0.022550443187355995 0.08121696114540101 0.00029012691811658437
v -0.015698740258812904 0.08444573730230333 0.002954923780634999
v -0.013471182435750961 0.08519915491342546 0.002985471626743674
v -0.012736733071506023 0.08490467816591264 0.0036801323294639583
v -0.01499746460467577 0.08415963500738145 0.003662682836875319
v -0.011797940358519554 0.08453780412673952 0.004338909871876239
v -0.017697138711810112 0.0836266875267029 0.0028805988840758796
v -0.019466638565063477 0.08275539427995683 0.0027751561719924207
v -0.021010927855968475 0.08184153586626054 0.002650024369359016
v -0.017048578709363937 0.08335389196872713 0.0035986022558063264
v -0.018887372687458992 0.08249901235103609 0.0035004473756998773
v -0.01408974640071392 0.08380305767059328 0.004332530312240123
v -0.016193289309740067 0.08301255106925966 0.004278484266251325
v -0.018102077767252922 0.08217599987983705 0.004189367871731519
v -0.02051302045583725 0.08160287141799928 0.003378295339643955
v -0.02256425842642784 0.08105304837226869 0.0017712041735649107
v -4.8005091230152175e-05 0.08591905981302263 0.004436008632183074
v -4.7470468416577205e-05 0.0851668417453766 0.005111455917358398
v -0.0042147403582930565 0.08480989187955858 0.005247678142040967
v -0.00817202404141426 0.08475375175476076 0.004878393374383449
v -0.006808859296143055 0.08422867953777315 0.005404652096331119
v -0.010647156275808811 0.08409445732831956 0.004944501444697379
v -0.005240462254732847 0.08363341540098192 0.005843475461006164
v -0.0026872840244323015 0.08422338217496873 0.005681108683347701
v -4.773777982336469e-05 0.08470777422189714 0.005410369485616683
v -4.8005091230152175e-05 0.08424871414899827 0.005709283519536256
v -0.009279636666178703 0.08357441425323488 0.00547801749780774
v -0.0009839193662628531 0.08358407765626909 0.006019941065460443
v -0.003483440959826112 0.08297915011644365 0.0061794575303792945
v -0.00591050973162055 0.08232295513153078 0.006261412054300307
v -4.800509486813098e-05 0.08328677713871004 0.006138355005532502
v -4.800509486813098e-05 0.08376773446798326 0.005923819262534379
v -4.800509486813098e-05 0.08277852088212968 0.00627631414681673
v -0.007696990389376879 0.08298161625862123 0.0059213200584053985
v -0.012966572307050228 0.08337177336215974 0.004947590641677379
v -0.010050125420093536 0.08228238672018053 0.00594570580869913
v -0.013816849328577518 0.08210891485214235 0.005460687913000583
v -0.01162085123360157 0.08286438137292863 0.005490407347679137
v -0.015119538642466068 0.08259836584329606 0.004904364235699176
v -0.017095718532800674 0.08178203552961351 0.004826958756893872
v -0.01888732798397541 0.0809275731444359 0.004722021054476499
v -0.0158540066331625 0.08131401240825654 0.005399074405431747
v -0.012278537265956402 0.08154392987489702 0.005934902001172303
v -0.014366311952471733 0.08077032864093782 0.005894620902836322
v -0.010505530051887035 0.08090580254793169 0.006321216467767953
v -0.008259535767138004 0.08163017034530641 0.006305288523435592
v -0.01772257126867771 0.08048321306705476 0.005309575702995061
v -0.012630676850676537 0.080151803791523 0.006308505311608314
v -0.010661108419299126 0.07946402579545976 0.006645216606557368
v -0.012701442465186119 0.07870450615882875 0.006627821829169988
v -0.014624001458287239 0.07936985790729524 0.006263710558414458
v -0.0037948787212371826 0.07711400836706163 0.007357563823461532
v -0.010577761568129063 0.07797895371913911 0.006930505856871604
v -4.80051057820674e-05 0.0768534690141678 0.007443736772984265
v -0.01630306802690029 0.0799640938639641 0.0058253505267202845
v -0.01981142908334732 0.08129961788654329 0.004073722288012504
v -4.800510942004621e-05 0.07504786550998689 0.007786891888827085
v -0.005125244148075581 0.07504343241453172 0.007681344170123338
v -0.02345968969166279 0.08018638938665391 0.00019171713211107996
v -0.02358977124094963 0.08005328476428987 0.0016370979137718675
v -0.0235927551984787 0.08014588057994844 0.0009110429673455654
v -0.023439345881342888 0.0799066871404648 0.002362278057262301
v -0.02233385480940342 0.08089061826467515 0.002511288039386272
v -0.02418682724237442 0.07912833988666536 0.00010133381147170438
v -0.02475079335272312 0.07804714143276216 1.2415816854627336e-05
v -0.024412279948592186 0.07902315258979799 0.0014982774155214427
v -0.02436140365898609 0.07910145074129106 0.0007970430306158959
v -0.024952847510576248 0.07803187519311906 0.0006785342120565473
v -0.02433188445866108 0.07889194041490556 0.002200087765231728
v -0.025041449815034866 0.07796633243560792 0.0013505431124940512
v -0.021925168111920357 0.08066993206739427 0.0032365354709327217
v -0.021317699924111366 0.0803869515657425 0.0039340988732874385
v -0.023122981190681458 0.07970362156629564 0.0030769747681915756
v -0.020488226786255836 0.08003767579793931 0.004590385127812623
v -0.021891959011554718 0.07911465317010881 0.004430676344782113
v -0.019414318725466728 0.07961837202310564 0.0051914993673562995
v -0.02261660434305668 0.07944083958864213 0.0037706792354583736
v -0.024102790281176567 0.0787060782313347 0.002896914258599281
v -0.025012867525219917 0.07784935086965562 0.002024928573518991
v -0.02369917929172516 0.07846342027187349 0.003579776035621762
v -0.02308783493936062 0.07816069573163988 0.004237645771354436
v -0.02454523928463459 0.07745737582445146 0.003359690541401505
v -0.02223316766321659 0.07779376953840257 0.004855940584093331
v -0.02092123031616211 0.07872116565704347 0.0050423750653862945
v -0.0248545054346323 0.0776801109313965 0.002696186769753694
v -0.024051286280155182 0.0771785080432892 0.0040069171227514735
v -0.025172874331474304 0.0769471898674965 -7.237180398078634e-05
v -0.02538437396287918 0.07694160193204881 0.0005620549782179295
v -0.025473743677139282 0.07583351433277132 -0.0001502610830357298
v -0.02548791654407978 0.07688751071691514 0.0012009730562567709
v -0.02576448768377304 0.07579314708709718 0.0010565575212240217
v -0.025759369134902954 0.07570368796586992 0.0016618169611319897
v -0.02548466995358467 0.076784186065197 0.0018414388177916405
v -0.02567368559539318 0.07583653181791307 0.00045113445958122606
v -0.025460505858063698 0.07469284534454347 -0.0006453517707996069
v -0.0257252249866724 0.07471778243780137 -5.04635099787265e-05
v -0.025832993909716606 0.07496579736471178 0.0005016997456550597
v -0.025862887501716614 0.07506804913282396 0.0011051596375182269
v -0.02536628022789955 0.07663100957870485 0.002481374656781554
v -0.02443256974220276 0.07667792588472368 0.0038785077631473537
v -0.024869728833436966 0.07694496214389802 0.003240442834794521
v -0.02377372235059738 0.0763521045446396 0.004491078667342662
v -0.02332487143576145 0.0768389478325844 0.0046243485994637
v -0.024738295003771782 0.07617185264825822 0.003744223620742559
v -0.025644922628998756 0.0755676031112671 0.0022662079427391286
v -0.025672314688563347 0.0748163014650345 0.0022750219795852895
v -0.025811651721596718 0.07501477748155595 0.0017128657782450316
v -0.025426525622606277 0.07538297772407533 0.0028708386234939094
v -0.02512359246611595 0.07642745971679689 0.003117523621767759
v -0.024964096024632454 0.07566127181053163 0.0036075939424335952
v -0.02546122670173645 0.07483951002359392 0.0028273707721382375
v -0.025112077593803406 0.07514802366495134 0.0034718737006187435
v -0.0180788803845644 0.0791260749101639 0.005725061055272817
v -0.019684486091136932 0.07825700193643571 0.005590820685029029
v -0.016475927084684372 0.07855966687202455 0.006183417979627847
v -0.014623151160776615 0.07792216539382936 0.006567900069057941
v -0.018176736310124397 0.0777208134531975 0.00606450717896223
v -0.02233136259019375 0.07643426954746248 0.005193094722926616
v -0.021110812202095985 0.07735885679721834 0.005417048465460538
v -0.01971619389951229 0.07685439288616182 0.005904169753193854
v -0.021075177937746048 0.075962632894516 0.005692544393241405
v -0.018063301220536232 0.07628320902585985 0.006308901123702525
v -0.0164133682847023 0.07711562514305116 0.0064617614261806
v -0.012566943652927876 0.07722394168376924 0.006890918593853711
v -0.008075721561908722 0.07570806145668031 0.0074286959134042254
v -0.019574012607336044 0.07542608678340913 0.006109519395977258
v -0.02218756079673767 0.07504633069038393 0.0054151653312146655
v -0.024147337302565575 0.07585942745208742 0.0043486994691193095
v -0.02389766275882721 0.07491473853588106 0.00461793690919876
v -0.02318592183291912 0.07493095844984056 0.00500382063910365
v -0.024443333968520164 0.07489858567714693 0.00423340406268835
v -0.02508959174156189 0.07486888021230699 0.0035261828452348705
v -0.02126721292734146 0.07496106624603273 0.005720415152609347
v -0.020092187449336052 0.07497381418943407 0.006023998837918042
v -0.02230505272746086 0.0749465897679329 0.005376026965677737
v -0.018812673166394234 0.07498446106910707 0.006277388893067836
v -4.815810825675726e-05 0.0860528126358986 -0.00484176306053996
v -4.877908213529736e-05 0.08348248898983003 -0.0066364812664687625
v -0.025202594697475433 0.0738615393638611 -0.0008821954252198337
v -0.02495504915714264 0.07329956442117692 -0.0011148360790684817
v -0.019248005002737045 0.07358645647764207 -0.00101700855884701
v -0.019248005002737045 0.07313610613346101 -0.0011531849158927796
v -0.025832993909716606 0.07496579736471178 0.0005016997456550597
v -0.0257252249866724 0.07471778243780137 -5.04635099787265e-05
v -0.019248005002737045 0.07488646358251573 0.00028071543783880765
v -0.0254781823605299 0.0743381753563881 -0.0005243089399300515
v -0.019248005002737045 0.07466431707143785 -0.00013401702744886276
v -0.019248005002737045 0.07400157302618028 -0.0007955909823067485
v -0.019248005002737045 0.07502344250679018 0.000730818137526512
v -0.025862887501716614 0.07506804913282396 0.0011051596375182269
v -0.019248005002737045 0.07436551898717882 -0.0004974412149749695
v -0.019248005002737045 0.07506997138261796 0.0011989941122010348
v -0.025811651721596718 0.07501477748155595 0.0017128657782450316
v -0.019248005002737045 0.07502426952123643 0.0016672513447701929
v -0.019248005002737045 0.07488808780908586 0.002117595169693231
v -0.025672314688563347 0.0748163014650345 0.0022750219795852895
v -0.025480274111032486 0.0744488909840584 0.0028121455106884237
v -0.019248005002737045 0.07466667145490648 0.0025327189359813924
v -0.02515704557299614 0.07334218174219133 0.0035050497390329833
v -0.02529086172580719 0.0739492103457451 0.003231758717447519
v -0.019248005002737045 0.07359036803245546 0.0034176115877926345
v -0.019248005002737045 0.07436851412057878 0.002896670019254088
v -0.019248005002737045 0.0731402635574341 0.003554582595825195
v -0.019248005002737045 0.07400509715080263 0.003195461584255099
v 0.019151994958519936 0.0731402635574341 0.003554582595825195
v 0.02506096102297306 0.07334163784980775 0.0035052064340561624
v 0.019151994958519936 0.07466667145490648 0.0025327189359813924
v 0.025576304644346237 0.0748163014650345 0.002275021746754646
v 0.025384321808815002 0.07444902509450914 0.00281200255267322
v 0.019151994958519936 0.07436851412057878 0.0028966697864234443
v 0.025194784626364708 0.07394900918006898 0.0032318909652531143
v 0.019151994958519936 0.07359036803245546 0.003417611354961991
v 0.025715654715895653 0.07501479238271715 0.0017127752071246503
v 0.019151994958519936 0.07488808780908586 0.002117595169693231
v 0.019151994958519936 0.07400509715080263 0.003195461351424455
v 0.019151994958519936 0.07502426952123643 0.001667251228354871
v 0.019151994958519936 0.07506997138261796 0.001198993995785713
v 0.025766881182789803 0.07506804168224336 0.0011049730237573383
v 0.019151994958519936 0.07502344250679018 0.0007308180211111902
v 0.02573695220053196 0.07496571540832521 0.0005014336784370242
v 0.019151994958519936 0.07488646358251573 0.00028071529231965536
v 0.025629565119743347 0.07471769303083421 -5.095222149975597e-05
v 0.019151994958519936 0.07466431707143785 -0.00013401715841609982
v 0.025382228195667267 0.07433827221393587 -0.0005242215702310203
v 0.019151994958519936 0.07313610613346101 -0.0011531850323081014
v 0.024858972057700157 0.0732993707060814 -0.001114886370487511
v 0.025106405839323997 0.07386119663715364 -0.000882391701452434
v 0.019151994958519936 0.07400157302618028 -0.0007955910987220703
v 0.019151994958519936 0.07358645647764207 -0.0010170086752623317
v 0.019151994958519936 0.07436551898717882 -0.0004974413895979523
v -0.019248005002737045 0.07133484631776811 -0.000793237704783678
v -0.019248005002737045 0.07224812358617784 0.0001852163404691964
v -0.019248005002737045 0.07174957543611528 -0.0010153875919058917
v -0.019248005002737045 0.07097140699625017 -0.0004944460815750061
v -0.019248005002737045 0.0718914642930031 0.00042398122604936356
v -0.019248005002737045 0.07266899943351747 0.00010111240408150478
v -0.019248005002737045 0.07219967246055604 -0.001152358599938452
v -0.019248005002737045 0.07266785204410554 -0.001198887010104954
v -0.019248005002737045 0.07067326456308366 -0.0001304951147176325
v -0.019248005002737045 0.07165332883596422 0.0007810571696609258
v -0.019248005002737045 0.07045185565948488 0.0002846287679858505
v -0.019248005002737045 0.0703156739473343 0.000734972534701228
v -0.019248005002737045 0.07156997174024583 0.0012020827271044252
v -0.019248005002737045 0.07358645647764207 -0.00101700855884701
v -0.019248005002737045 0.07309002429246904 0.00018447340698912737
v -0.019248005002737045 0.07400157302618028 -0.0007955909823067485
v -0.019248005002737045 0.07313610613346101 -0.0011531849158927796
v -0.019248005002737045 0.07344710081815721 0.00042260845657438034
v -0.019248005002737045 0.07436551898717882 -0.0004974412149749695
v -0.019248005002737045 0.07466431707143785 -0.00013401702744886276
v -0.019248005002737045 0.07368586212396623 0.0007792635587975382
v -0.019248005002737045 0.07488646358251573 0.00028071543783880765
v -0.019248005002737045 0.07502344250679018 0.000730818137526512
v -0.019248005002737045 0.07506997138261796 0.0011989941122010348
v -0.019248005002737045 0.07376996427774431 0.0012001412687823174
v -0.019248005002737045 0.07026996463537218 0.0012032298836857078
v -0.019248005002737045 0.07165407389402391 0.0016229604370892046
v -0.019248005002737045 0.07031650096178056 0.0016714057419449089
v -0.019248005002737045 0.07045347243547441 0.0021215085871517654
v -0.019248005002737045 0.07067561894655229 0.0025362409651279445
v -0.019248005002737045 0.07189283519983293 0.0019796155393123622
v -0.019248005002737045 0.07133837044239046 0.0031978148035705085
v -0.019248005002737045 0.0722499191761017 0.0022177505306899543
v -0.019248005002737045 0.07097440212965013 0.0028996651526540513
v -0.019248005002737045 0.07175348699092866 0.0034192325547337528
v -0.019248005002737045 0.07220382988452913 0.0035554089117795225
v -0.019248005002737045 0.07267094403505327 0.0023011113516986366
v -0.019248005002737045 0.0726720839738846 0.0036011112388223405
v -0.019248005002737045 0.07466667145490648 0.0025327189359813924
v -0.019248005002737045 0.07368660718202592 0.001621166826225817
v -0.019248005002737045 0.07344847172498704 0.001978242769837379
v -0.019248005002737045 0.07488808780908586 0.002117595169693231
v -0.019248005002737045 0.07502426952123643 0.0016672513447701929
v -0.019248005002737045 0.0730918198823929 0.0022170078009366985
v -0.019248005002737045 0.07400509715080263 0.003195461584255099
v -0.019248005002737045 0.07359036803245546 0.0034176115877926345
v -0.019248005002737045 0.0731402635574341 0.003554582595825195
v -0.019248005002737045 0.07436851412057878 0.002896670019254088
v 0.019151994958519936 0.07133837044239046 0.003197814570739865
v 0.019151994958519936 0.0722499191761017 0.0022177505306899543
v 0.019151994958519936 0.07175348699092866 0.003419232321903109
v 0.019151994958519936 0.07097440212965013 0.0028996649198234077
v 0.019151994958519936 0.07189283519983293 0.0019796155393123622
v 0.019151994958519936 0.07267094403505327 0.002301111118867993
v 0.019151994958519936 0.07220382988452913 0.0035554089117795225
v 0.019151994958519936 0.0726720839738846 0.003601111005991697
v 0.019151994958519936 0.07067561894655229 0.002536240732297301
v 0.019151994958519936 0.07165407389402391 0.001622960204258561
v 0.019151994958519936 0.07045347243547441 0.0021215083543211217
v 0.019151994958519936 0.07031650096178056 0.001671405625529587
v 0.019151994958519936 0.07156997174024583 0.0012020826106891034
v 0.019151994958519936 0.07026996463537218 0.001203229767270386
v 0.019151994958519936 0.0731402635574341 0.003554582595825195
v 0.019151994958519936 0.0730918198823929 0.002217007568106055
v 0.019151994958519936 0.07359036803245546 0.003417611354961991
v 0.019151994958519936 0.07400509715080263 0.003195461351424455
v 0.019151994958519936 0.07344847172498704 0.001978242769837379
v 0.019151994958519936 0.07436851412057878 0.0028966697864234443
v 0.019151994958519936 0.07466667145490648 0.0025327189359813924
v 0.019151994958519936 0.07368660718202592 0.0016211665933951733
v 0.019151994958519936 0.07488808780908586 0.002117595169693231
v 0.019151994958519936 0.07502426952123643 0.001667251228354871
v 0.019151994958519936 0.07376996427774431 0.0012001411523669956
v 0.019151994958519936 0.07506997138261796 0.001198993995785713
v 0.019151994958519936 0.0703156739473343 0.0007349724182859062
v 0.019151994958519936 0.07165332883596422 0.0007810570532456039
v 0.019151994958519936 0.07045185565948488 0.00028462862246669823
v 0.019151994958519936 0.07067326456308366 -0.00013049524568486956
v 0.019151994958519936 0.0718914642930031 0.00042398110963404173
v 0.019151994958519936 0.07133484631776811 -0.0007932378794066607
v 0.019151994958519936 0.07224812358617784 0.00018521620950195936
v 0.019151994958519936 0.07097140699625017 -0.000494446197990328
v 0.019151994958519936 0.07174957543611528 -0.0010153877083212135
v 0.019151994958519936 0.07219967246055604 -0.0011523587163537739
v 0.019151994958519936 0.07266899943351747 0.00010111226583831011
v 0.019151994958519936 0.07266785204410554 -0.0011988872429355977
v 0.019151994958519936 0.07466431707143785 -0.00013401715841609982
v 0.019151994958519936 0.07368586212396623 0.0007792633841745554
v 0.019151994958519936 0.07344710081815721 0.0004226083401590585
v 0.019151994958519936 0.07488646358251573 0.00028071529231965536
v 0.019151994958519936 0.07502344250679018 0.0007308180211111902
v 0.019151994958519936 0.07309002429246904 0.00018447327602189032
v 0.019151994958519936 0.07400157302618028 -0.0007955910987220703
v 0.019151994958519936 0.07313610613346101 -0.0011531850323081014
v 0.019151994958519936 0.07358645647764207 -0.0010170086752623317
v 0.019151994958519936 0.07436551898717882 -0.0004974413895979523
v 0.020706215873360634 0.07197976112365724 0.005141112953424453
v 0.02117706835269928 0.07136751711368562 0.004983124788850545
v 0.017872456461191177 0.05624378845095636 0.008649377152323721
v 0.02044723555445671 0.07489681243896486 0.004834373015910386
v 0.021161101758480072 0.07489046454429628 0.004528146237134933
v 0.020736731588840485 0.07445376366376878 0.004781342111527919
v 0.02286016196012497 0.05728751420974733 0.004405338317155837
v 0.022872164845466614 0.06932450085878374 0.0033937825355678792
v 0.023132357746362686 0.0689775124192238 0.002739222720265388
v 0.021665580570697784 0.07080192863941194 0.004738119896501302
v 0.022117912769317627 0.0702592581510544 0.0043930504471063605
v 0.02000129222869873 0.056470744311809554 0.007726523559540509
v 0.0212714821100235 0.05671377852559091 0.0067382645793259135
v 0.02250724472105503 0.06975553184747697 0.003940828144550323
v 0.021998146548867226 0.056917291134595885 0.005910736043006181
v 0.019378971308469772 0.05638983845710756 0.008055482991039751
v 0.019596576690673828 0.07490177452564241 0.0051185539923608294
v 0.020279154181480408 0.07363586127758028 0.005082580260932445
v 0.017622116953134537 0.07490796595811845 0.005568017717450856
v 0.013940440490841866 0.05603229999542238 0.00950934737920761
v 0.016059543937444687 0.05612399429082872 0.00913648586720228
v 0.02022886835038662 0.0733165666460991 0.0051485057920217505
v 0.013704209588468075 0.07492135465145112 0.006149809341877698
v 0.020250817760825157 0.07298883795738222 0.005188381765037774
v 0.020336145535111427 0.07267349958419801 0.005201110616326331
v 0.020391106605529785 0.07393439114093782 0.004996008239686488
v 0.009551993571221828 0.07492027431726457 0.006591537967324256
v 0.009551973082125187 0.05878209322690965 0.009457676671445368
v 0.023194333538413048 0.06884653866291048 0.002376605290919542
v 0.023204095661640167 0.06874974071979524 0.001995984464883804
v 0.023102901875972748 0.057662088423967375 0.002882207045331597
v 0.023058662191033363 0.05747425183653833 0.003646002151072025
v 0.022506702691316605 0.05710186064243318 0.005160244647413491
v 0.020536324009299278 0.056556891649961485 0.007376221939921378
v 0.009400649927556515 0.05591397359967233 0.009990477934479712
v 0.004772702232003212 0.0581636242568493 0.00986688397824764
v 0.007164641749113798 0.05842044204473497 0.009696959517896174
v 0.004742900840938091 0.05584194883704187 0.01028335280716419
v 0.0023762169294059277 0.05801019072532655 0.009968398138880728
v -2.4074053726508282e-05 0.05581773072481157 0.010381815955042837
v -0.013797454535961151 0.0749197155237198 0.0061502610333263865
v -0.013953871093690395 0.05602962151169778 0.009520222432911394
v -0.017718065530061722 0.07490796595811845 0.005568026565015315
v -0.019693367183208466 0.07490175217390062 0.005118326749652623
v -0.02055053785443306 0.07489688694477083 0.00483157904818654
v -0.020368093624711037 0.0736108645796776 0.005088877398520707
v -0.020335549488663673 0.07306385040283205 0.005181672051548957
v -0.016104307025671005 0.0561213828623295 0.009147102944552897
v -0.009647983126342297 0.05878209322690965 0.009457676671445368
v -0.009648020379245281 0.07492022216320039 0.006591545417904853
v -0.020580070093274117 0.07410497963428499 0.004934843163937329
v -0.020491354167461395 0.07252653688192369 0.005198539700359105
v -0.02089456468820572 0.07452543079853059 0.004744736943393945
v -0.021257108077406883 0.07489046454429628 0.0045281490311026565
v -0.02143009379506111 0.07118280231952669 0.004914377350360154
v -0.020761219784617424 0.07204100489616395 0.005151354242116212
v -0.017918115481734276 0.056239753961563124 0.008665772154927252
v -0.022083792835474014 0.056914024055004134 0.005924039520323276
v -0.022923896089196205 0.06937725096940996 0.0034724462311714883
v -0.022664111107587814 0.06968262046575548 0.0038611397612839933
v -0.023198913782835007 0.057662088423967375 0.0028822072781622405
v -0.02329999953508377 0.06874974071979524 0.0019959839992225166
v -0.02327062003314495 0.06889768689870836 0.0025314697995781894
v -0.023154066875576973 0.05747381597757341 0.0036477707326412197
v -0.023137254640460014 0.06911250948905946 0.003029904561117291
v -0.022596925497055054 0.057099793106317534 0.0051686656661331645
v -0.021354887634515762 0.056710645556449904 0.006751021370291709
v -0.02210140787065029 0.07040123641490938 0.004495479632169007
v -0.020074324682354927 0.05646745115518571 0.007739914581179618
v -0.0024301812518388033 0.058008510619401946 0.009969509206712244
v -2.4753580873948522e-05 0.057958714663982405 0.010002454742789267
v -0.009427027776837349 0.055912539362907424 0.009996295906603335
v -0.007252475246787071 0.05841954797506334 0.009697569534182547
v -0.00477722380310297 0.05584128573536874 0.010286061093211172
v -0.004840143956243992 0.05816135555505754 0.009868386201560496
v -0.022953635081648827 0.05728638917207719 0.004409913439303636
v -0.02061326801776886 0.0565534681081772 0.0073901405557990065
v -0.01944548636674881 0.05638649314641954 0.008069111965596674
v -0.0028554245363920927 0.08265137672424318 -0.0060245515778660766
v -4.8055851948447526e-05 0.08288507908582689 -0.005982335191220044
v -0.0011654705740511417 0.08339748531579973 -0.005805966444313525
v -0.00024976098211482167 0.08259750902652742 -0.006097109988331794
v -4.810704558622092e-05 0.08235017955303194 -0.006159779615700244
v -4.808144876733422e-05 0.08261762559413911 -0.0060710571706295005
v -4.814552448806353e-05 0.08391249179840089 -0.00553084211423993
v -4.828638702747412e-05 0.08440499752759935 -0.005256793461740016
v -0.001782452454790473 0.08415143191814424 -0.005398852284997701
v -0.0007115262560546398 0.08443041145801546 -0.0052362256683409205
v -0.0021136475261300802 0.08483377844095231 -0.004899685736745595
v -4.6887362259440124e-05 0.08526872098445894 -0.004536705091595649
v -0.0033171179238706827 0.08520641177892686 -0.004500733688473701
v -0.004137916024774313 0.08425872772932054 -0.005201193038374185
v -0.00534238014370203 0.08465014398097993 -0.0047916779294610015
v -4.758687282446772e-05 0.08483687043190004 -0.0048967492766678325
v -4.8171212256420404e-05 0.0859731361269951 -0.0036836832296103235
v -0.000905341119505465 0.08560054749250413 -0.004169079940766095
v -4.7529287257930264e-05 0.08562093228101732 -0.004110194277018308
v -0.0010684585431590676 0.08219110220670701 -0.006191228982061147
v -4.808260200661607e-05 0.0818627178668976 -0.006255249958485364
v -4.800465831067413e-05 0.08341997861862184 -0.005804890766739844
v -4.800927490578033e-05 0.08040033280849458 -0.006541660521179437
v -0.0005311668501235545 0.08080584555864335 -0.006472453474998473
v -0.0018122871406376362 0.07986725866794588 -0.0066081713885068885
v -4.800365786650218e-05 0.0794147551059723 -0.006666906177997588
v -0.00249556265771389 0.0812995880842209 -0.006353620905429124
v -0.0037191957235336304 0.08036972582340242 -0.006473883055150508
v -0.0027505336329340935 0.08383601903915407 -0.005543461069464683
v -0.004438536707311869 0.08310634642839433 -0.005768626928329467
v -0.00427733501419425 0.08179087936878206 -0.006173765752464532
v -0.005839846096932888 0.08354466408491136 -0.005429722368717193
v -0.007294726092368364 0.08272171765565874 -0.0055842362344264975
v -0.007074958179146051 0.08395190536975862 -0.005019952077418565
v -0.005869781132787466 0.08226802200078966 -0.005917917937040328
v -0.005482908803969622 0.08087103813886644 -0.006277636624872684
v -0.006531869526952505 0.07991736382246019 -0.00633958214893937
v -0.007089307066053152 0.08135931193828584 -0.00601320806890726
v -0.008543980307877064 0.08182269334793092 -0.005678949411958455
v -0.00962793454527855 0.0808738023042679 -0.005725730676203965
v -0.008569994941353798 0.08314233273267747 -0.005179518368095159
v -0.009861067868769169 0.08225224912166597 -0.005278081633150577
v -0.008147070184350014 0.0804077908396721 -0.006064469926059245
v -4.805816206499003e-05 0.08137524873018266 -0.006350719835609197
v -0.004785717464983463 0.079413078725338 -0.006550830323249101
v -4.772110332851298e-05 0.08632380515336992 -0.003044404555112123
v -0.00010534015018492937 0.0863764137029648 -0.0029998526442795988
v -0.0028086150996387005 0.08616853505373002 -0.0032857945188879962
v -0.0019469659309834242 0.08590804040431978 -0.003743705106899142
v -4.7811125114094466e-05 0.08625367283821107 -0.0031722602434456344
v -0.0008586783660575747 0.08657375723123552 -0.002556889550760388
v -0.0035240515135228634 0.08637997508049013 -0.00280413799919188
v -4.763107790495269e-05 0.08639393001794816 -0.002916548633947968
v -4.745103433378972e-05 0.08653420209884645 -0.0026608372572809453
v -0.001466842251829803 0.08672836422920228 -0.002105239778757095
v -4.757316128234379e-05 0.08686745911836626 -0.0016383583424612878
v -0.0041157579980790615 0.08654179424047471 -0.0023109705653041597
v -0.00432948675006628 0.08553186804056169 -0.0040550525300204745
v -0.005179303232580423 0.08580461889505388 -0.0035728779621422286
v -0.0063766916282474995 0.08499450981616975 -0.004330744966864585
v -0.005904636811465025 0.08602677285671236 -0.0030610950198024507
v -0.008029277436435223 0.08552084863185884 -0.0032984809949994083
v -0.0065206075087189674 0.08619771152734758 -0.0025328258052468296
v -0.00726329255849123 0.0852847993373871 -0.003830142086371779
v -0.001945317373611033 0.08683994412422182 -0.001653810031712055
v -0.004601455759257078 0.0866546854376793 -0.0018173900898545978
v -0.0023164961021393538 0.08691208064556123 -0.0012011681683361528
v -4.622728010872379e-05 0.08701577037572862 -0.0005269706598483025
v -0.0026010419242084026 0.08694934099912645 -0.0007435603183694183
v -0.005296180956065655 0.08675454556941987 -0.000827781157568097
v -0.0028000494930893183 0.08695476502180101 -0.00028152222512289876
v -0.002907069632783532 0.08693046867847444 0.00018316517525818196
v -0.00499256607145071 0.08672361820936204 -0.0013238438405096529
v -0.00550716882571578 0.08675218373537065 -0.00032798835309222335
v -0.007455246523022652 0.08638881891965867 -0.0014685216592624781
v -0.007035220507532358 0.08631695061922075 -0.0020010101143270727
v -0.009240473620593548 0.08583236485719682 -0.002185027580708265
v -0.008016160689294338 0.08641319721937181 -0.0003984141803812235
v -0.007784775458276272 0.08641905337572099 -0.0009349019965156912
v -0.010054735466837883 0.08594816178083421 -0.0010516485199332235
v -0.009696108289062977 0.08591251820325853 -0.0016190536553040145
v -0.005616473034024239 0.08672015368938447 0.00017595873214304444
v -0.008686196990311146 0.08570303022861482 -0.00274661392904818
v -0.008154914714396 0.08431377261877061 -0.004553879145532846
v -0.009095774032175541 0.08462231606245042 -0.004043889697641133
v -0.010619927197694778 0.08507250249385835 -0.002933175535872578
v -0.009914454072713852 0.08487515151500703 -0.0035002937074750658
v -0.00970169622451067 0.08351854234933855 -0.004715883173048495
v -0.011041149497032166 0.08263863623142244 -0.004819646477699279
v -0.012199006043374538 0.08169902116060258 -0.00487288599833846
v -0.010698143392801285 0.08384305983781816 -0.004205154720693826
v -0.012087750248610973 0.08297544717788698 -0.004313545301556586
v -0.011570591479539871 0.08411256968975069 -0.0036578872241079803
v -0.01232568547129631 0.08432660251855852 -0.003083913587033748
v -0.01300929207354784 0.083259254693985 -0.0037691975012421604
v -0.011218110099434853 0.08521574735641481 -0.0023518521338701244
v -0.01171152014285326 0.0853082910180092 -0.0017621294828131793
v -0.012968127615749836 0.0844860076904297 -0.002492225961759686
v -0.012100602500140667 0.08535425364971162 -0.0011680269381031392
v -0.010309690609574318 0.08594452589750291 -0.0004817111475858837
v -0.008138350211083889 0.08637600392103197 0.00014265188656281677
v -0.010451535694301128 0.08590649068355562 9.270772716263308e-05
v -0.01238054409623146 0.08535826206207277 -0.0005699323373846709
v -0.01349993422627449 0.08459371328353883 -0.0018886949401348827
v -0.014494448900222778 0.08366483449935914 -0.002602293156087398
v -0.01392157468944788 0.084653377532959 -0.0012776912190020082
v -0.013810421340167522 0.08348903059959413 -0.003195887897163629
v -0.014229867607355118 0.08466900885105134 -0.0006608128314837812
v -0.015519754961133003 0.08386361598968507 -0.0013764727627858517
v -0.012544485740363598 0.08532470464706422 3.25596411130391e-05
v -0.01442008651793003 0.0846444070339203 -3.908758299075998e-05
v -0.015063758939504623 0.08378876000642778 -0.0019942861981689926
v -0.015860291197896004 0.0838928446173668 -0.0007513736491091548
v -4.7002795326989144e-05 0.0821197032928467 0.005628569982945918
v -4.721979348687455e-05 0.08138156682252885 0.005768855102360248
v -0.0009189745760522783 0.08206504583358766 0.0056365765631198874
v -0.010979707352817059 0.08130697160959245 -0.0053262198343873015
v -0.0029212585650384426 0.07890477776527406 -0.006700077094137668
v -0.0039049044717103243 0.07792796939611436 -0.0067461091093719
v -0.0009577226010151207 0.07840020954608919 -0.006790943443775176
v -0.00573489535599947 0.0784384310245514 -0.006583212409168481
v -0.0019914961885660887 0.0774180442094803 -0.006848503835499286
v -4.7998037189245224e-05 0.07842916995286943 -0.006792150903493165
v -4.807450022781268e-05 0.07644617557525636 -0.006910050753504037
v -0.0029231670778244734 0.07643461227416994 -0.006859352346509694
v -4.8039841203717515e-05 0.07544657588005067 -0.006902271416038274
v -0.006602162960916758 0.07745407521724702 -0.006570816040039062
v -0.004797644913196564 0.07694604992866518 -0.0067455112002789966
v -0.008251750841736794 0.0754777416586876 -0.006416353397071361
v -0.007466250564903021 0.07894188165664674 -0.006359027232974767
v -0.008321206085383892 0.0779525935649872 -0.006336025428026914
v -0.00649986881762743 0.07498751580715181 -0.006607313640415668
v -0.009085374884307384 0.0794297754764557 -0.00607410306110978
v -0.010583393275737762 0.07989344745874406 -0.00573033420369029
v -0.013286695815622807 0.08204419910907747 -0.004373683128505944
v -0.014320344664156437 0.08106899261474611 -0.00439161155372858
v -0.014248636551201344 0.0823391228914261 -0.00383658823557198
v -0.013204177841544151 0.08071919530630113 -0.0048827570863068095
v -0.011958247981965542 0.08032563328742982 -0.005331221502274274
v -0.009938576258718967 0.07843443751335145 -0.006043239496648311
v -0.011511217802762985 0.07641656696796419 -0.0058690900914371005
v -0.011442001909017563 0.07889237999916078 -0.005695687606930732
v -0.01408386416733265 0.07971185445785524 -0.004854532424360513
v -0.012825964018702507 0.07932019233703615 -0.005297538824379443
v -0.01521402969956398 0.08006281405687334 -0.004372632596641778
v -0.015310593880712986 0.08137169480323793 -0.0038645367603749032
v -0.009928793646395206 0.07595583051443101 -0.0061691785231232634
v -0.0047057331539690495 0.07449135184288026 -0.006740148644894361
v -0.004231709986925125 0.0744486227631569 -0.006753589026629924
v -0.006694936193525791 0.07445417344570161 -0.006573688704520463
v -4.800518581760116e-05 0.0744469538331032 -0.006894492078572511
v -0.0034106350503861904 0.07444678246974946 -0.006813555024564265
v -0.00505278492346406 0.07445047795772554 -0.006693622097373008
v -0.00996963120996952 0.07446884363889696 -0.006159821525216102
v -0.012764456681907177 0.07448525726795198 -0.0056443256326019755
v -0.012984794564545155 0.07685486972332002 -0.00552092446014285
v -0.01434181910008192 0.07726624608039857 -0.00513007491827011
v -0.014867085963487625 0.07868537306785585 -0.004792686086148023
v -0.015575801022350788 0.07764629274606706 -0.00470267841592431
v -0.015995321795344353 0.07903464883565904 -0.004321591928601264
v -0.01567854732275009 0.07517956942319871 -0.004871838726103305
v -0.013465015217661858 0.07449084520339967 -0.005467272363603114
v -0.01440415158867836 0.07478976249694826 -0.0052488045766949645
v -0.014165573753416538 0.07449642568826677 -0.005290219094604253
v -0.0155666908249259 0.07450760900974275 -0.00493611255660653
v -0.01683168113231659 0.07554178684949876 -0.004466314800083636
v -0.017791928723454475 0.07453231513500215 -0.00418541207909584
v -0.017865953966975212 0.07587372511625291 -0.004037045408040284
v -0.01668623648583889 0.07799155265092851 -0.004244079813361167
v -0.015088101848959923 0.08258233219385148 -0.003269864013418555
v -0.016177890822291374 0.08162546902894975 -0.003308535553514957
v -0.01621917262673378 0.08036994189023973 -0.003857660107314586
v -0.015807688236236572 0.08277327567338945 -0.0026813938748091455
v -0.016410592943429947 0.08291312307119371 -0.002076787874102592
v -0.016924966126680374 0.0818292871117592 -0.0027303746901452537
v -0.017000755295157433 0.07934334129095079 -0.0038205590099096294
v -0.017886994406580925 0.0796094909310341 -0.003294420428574085
v -0.01710248924791813 0.08063127845525743 -0.0033154126722365613
v -0.017867200076580048 0.08084548264741899 -0.002751488704234361
v -0.01855349913239479 0.07856771349906923 -0.0032505809795111413
v -0.01865776628255844 0.07983163744211198 -0.0027477438561618324
v -0.01767727918922901 0.07829935103654863 -0.003758751787245273
v -0.017554871737957 0.08198375999927522 -0.0021352914627641435
v -0.016899408772587776 0.0830037221312523 -0.0014606787590309975
v -0.017272694036364555 0.0830477997660637 -0.0008362687076441943
v -0.018070269376039505 0.08209010213613512 -0.001527748769149184
v -0.01608171872794628 0.08387986570596696 -0.00012099140440113841
v -0.01752745918929577 0.08304816484451295 -0.00020615509129129347
v -0.01847141794860363 0.08214999735355379 -0.0009106391225941478
v -0.018516112118959427 0.08101261407136919 -0.002170528285205364
v -0.01931660808622837 0.08000920712947847 -0.002184103243052959
v -0.019051792100071907 0.08113323897123338 -0.0015765069983899591
v -0.019476253539323807 0.08120825141668321 -0.0009715009364299475
v -0.01986684650182724 0.08014204353094102 -0.001606524223461747
v -0.018757522106170654 0.08216520398855211 -0.0002862098917830735
v -0.019790958613157272 0.08123860508203508 -0.00035701005253940815
v -0.020310962572693825 0.08023054897785188 -0.001016784459352493
v -0.019319484010338783 0.07879503816366197 -0.002723116427659988
v -0.01826835796236992 0.07724191993474962 -0.003678394248709082
v -0.019122859463095665 0.07751021534204484 -0.00318962475284934
v -0.0198738444596529 0.07774033397436143 -0.0026830097194761033
v -0.02034139819443226 0.07667111605405809 -0.0026335697621107097
v -0.02052578516304493 0.07793111354112627 -0.00216040713712573
v -0.020976383239030838 0.07686524838209154 -0.0021334881894290443
v -0.01961471326649189 0.07644012570381166 -0.0031184239778667684
v -0.018791401758790016 0.07617374509572984 -0.0035869430284947153
v -0.01890622079372406 0.07454902678728105 -0.003720538457855582
v -0.019866960123181343 0.07456690818071367 -0.0032518785446882244
v -0.02069527469575405 0.07458558678627016 -0.0027783755213022228
v -0.021404480561614037 0.0746051073074341 -0.002299615647643804
v -0.021659739315509796 0.07504448294639589 -0.0020182635635137554
v -0.019979391247034073 0.07898041605949403 -0.0021790519822388883
v -0.020536962896585464 0.07912329584360124 -0.0016206504078581927
v -0.021082473918795586 0.0780816674232483 -0.001623377902433276
v -0.020994504913687706 0.07922357320785524 -0.0010493013542145488
v -0.02065083757042885 0.08027518540620805 -0.00041629036422818894
v -0.021353665739297867 0.07928125560283662 -0.0004661552375182509
v -0.021545622497797012 0.07819148153066637 -0.0010733186500146983
v -0.021937495097517967 0.07543171197175981 -0.0016924683004617689
v -0.021523721516132355 0.07702122628688814 -0.0016191579634323714
v -0.02198386751115322 0.07713838666677476 -0.0010924249654635785
v -0.022328639402985573 0.07606883347034456 -0.001108715892769396
v -0.022222120314836502 0.07577503472566606 -0.0013204539427533744
v -0.021916180849075317 0.07826014608144762 -0.0005115653621032833
v -0.02235623076558113 0.07721626013517381 -0.0005552382208406924
v -0.0029086514841765165 0.08687596023082735 0.0006493627442978321
v -0.005614815279841423 0.08665838092565538 0.0006825716700404881
v -4.743393583339639e-05 0.08695531636476518 0.0005924290162511169
v -4.683905353886075e-05 0.08676449209451677 0.0014483117265626786
v -0.002793777734041214 0.08678857237100603 0.0011191612575203178
v -0.005493860691785812 0.08656452596187593 0.0011919178068637846
v -0.0025599508080631495 0.08666353672742845 0.0015980160096660254
v -0.005247288849204779 0.08643399178981782 0.0017068859888240693
v -0.008142005652189255 0.08630839735269548 0.0006877231644466518
v -0.010470128618180752 0.08583602309226991 0.0006712249014526605
v -0.010356227867305279 0.08573276549577714 0.0012525297934189437
v -0.008019081316888332 0.086208812892437 0.0012360702967271207
v -0.007763558067381382 0.08607310801744462 0.0017871614545583723
v -0.012489298358559608 0.08515215665102006 0.0012439070269465444
v -0.01010378822684288 0.08559329807758333 0.0018340924289077518
v -0.012583587318658829 0.08525587618350984 0.0006379529950208961
v -0.0021997017320245504 0.08649747073650361 0.00207781046628952
v -0.004869294352829456 0.08626197278499605 0.002221968956291675
v -0.004356962163001299 0.08604287356138231 0.0027302596718072887
v -0.001706979819573462 0.08628561347723009 0.0025527507532387968
v -4.714309034170583e-05 0.08644025027751924 0.002289314521476626
v -0.0010754610411822796 0.08602534234523775 0.0030144106131047006
v -0.003704631933942437 0.08577252924442293 0.0032230359502136703
v -4.752457607537508e-05 0.08597086369991304 0.0031076378654688592
v -0.007372342981398106 0.0858958885073662 0.0023350757546722885
v -0.00971144437789917 0.08541221916675569 0.0024087347555905576
v -0.01187929231673479 0.08482807874679567 0.0024407505989074703
v -0.006842111703008413 0.08567107468843461 0.0028727448079735036
v -0.00917662400752306 0.08518319576978685 0.002969359047710895
v -0.006167351268231869 0.08539345115423204 0.003391659818589687
v -0.0028998961206525564 0.0854480490088463 0.0036903708241879936
v -0.005338842980563641 0.0850590616464615 0.00388201605528593
v -0.008493969216942787 0.08490101248025896 0.003507387591525912
v -0.0002826682757586241 0.08571585267782213 0.003453311044722795
v -0.012255515903234482 0.0850111171603203 0.001847044448368251
v -0.014485462568700314 0.08458170294761659 0.0005848133005201815
v -0.01421369519084692 0.08434242010116579 0.0018256451003253458
v -0.014418764971196651 0.08448156714439393 0.001207628403790295
v -0.01614457368850708 0.08373427391052247 0.001144445384852588
v -0.016178429126739502 0.08382677286863328 0.0005119186243973671
v -0.017659269273281097 0.0830066427588463 0.000427859544288367
v -0.01597539708018303 0.08360089361667634 0.001773209194652736
v -0.017536943778395653 0.08279965817928316 0.001699133077636361
v -0.017663588747382164 0.08292409777641298 0.0010640175314620135
v -0.018974587321281433 0.08206558227539064 0.000978670548647642
v -0.01892630010843277 0.08213682472705842 0.00034406819031573827
v -0.01386692188680172 0.08416043221950532 0.0024329333100467916
v -0.01135825552046299 0.08459724485874177 0.0030175498686730857
v -0.01337607204914093 0.08393096178770067 0.003021241165697574
v -0.015667835250496864 0.08342377096414567 0.0023910233285278078
v -0.010688170790672302 0.08431395888328554 0.0035681882873177524
v -0.012737410143017769 0.08365019410848619 0.0035805967636406417
v -0.007655397057533264 0.08456194400787355 0.004012686200439929
v -0.009862064383924007 0.08397510647773744 0.004082164261490106
v -0.015219355002045631 0.08319932222366334 0.0029884462710469957
v -0.01727725751698017 0.0826307386159897 0.002324391389265656
v -0.018693866208195686 0.0817929431796074 0.00224226270802319
v -0.016880972310900688 0.08241460472345354 0.0029287384822964664
v -0.014626087620854378 0.08292460441589357 0.0035549965687096115
v -0.016342956572771072 0.08214893192052843 0.003501610597595572
v -0.011944785714149475 0.083315446972847 0.004100511781871318
v -0.01388159953057766 0.08259721100330354 0.004080739337950944
v -0.01835634931921959 0.08158747106790544 0.0028505965601652856
v -0.01889844238758087 0.08195149153470994 0.0016144204419106243
v -4.7775050916243345e-05 0.08565635979175569 0.0034947760868817563
v -4.80255221191328e-05 0.08534184843301774 0.003881914541125297
v -0.0019275253871455789 0.08506757766008378 0.0041226139292120925
v -4.721007644548081e-05 0.08467826247215272 0.004477947484701871
v -0.0007783285691402853 0.08463481813669206 0.004507867619395255
v -0.004345191176980734 0.08466628193855287 0.004332544747740029
v -0.006651067640632391 0.08416466414928438 0.0044735660776495925
v -0.005472649820148945 0.08371102809906007 0.004877338185906409
v -0.0031786998733878136 0.08421757072210313 0.004730477463454007
v -0.0077058421447873116 0.08312744647264482 0.004954053554683923
v -0.0018394519574940205 0.08371952176094057 0.005063719581812619
v -0.004117755219340324 0.08320661634206773 0.005211386363953351
v -0.008870884776115417 0.0835794284939766 0.00454803742468357
v -4.759829243994318e-05 0.08427283167839052 0.0047419597394764415
v -4.797317160409875e-05 0.08344281464815141 0.005195369943976401
v -0.0003364446747582406 0.08318365365266801 0.005322612822055816
v -4.798650479642674e-05 0.08386738598346712 0.005005971528589725
v -0.0025923866778612137 0.08265972882509233 0.005465454421937465
v -4.795983841177076e-05 0.08301823586225511 0.005384767893701791
v -0.006362860556691885 0.08262015879154207 0.005289358086884021
v -0.010989360511302948 0.08292492479085924 0.004570680670440196
v -0.008547489531338215 0.08196718245744707 0.00532692577689886
v -0.009860536083579063 0.08247672766447069 0.004981811624020337
v -0.011894311755895615 0.08177402615547182 0.004977524746209382
v -0.012975885532796383 0.0822148621082306 0.0045570703223347655
v -0.014809341169893742 0.08146038651466371 0.004517429508268832
v -0.015656258910894394 0.08183165639638902 0.004033564589917659
v -0.01725773885846138 0.08102791756391527 0.003966022748500108
v -0.010618401691317558 0.08126924186944963 0.005338205955922603
v -0.012554209679365158 0.08053789287805559 0.005326188169419765
v -0.013783596456050873 0.08103112131357194 0.004948926623910665
v -0.015515618026256561 0.08025577664375307 0.004898893646895885
v -0.01647646352648735 0.08067006617784502 0.004457264207303523
v -0.004846115596592426 0.08205387741327287 0.00554797938093543
v -0.0070391371846199036 0.08138988167047502 0.0056045139208436
v -0.005325610749423504 0.08074087649583818 0.005823408719152211
v -0.009128873236477375 0.08069458603858949 0.005638991016894578
v -4.743678800878115e-05 0.08064341545104982 0.00590913975611329
v -0.003419195767492056 0.08003365993499757 0.006003219168633222
v -0.011097932234406471 0.07997480034828187 0.0056495778262615195
v -0.012938546016812325 0.07923465967178346 0.0056323609314858905
v -0.009405168704688549 0.07934087514877321 0.005923631601035594
v -0.0072509110905230045 0.07906498759984971 0.006062644999474286
v -0.004853823222219944 0.0791350081562996 0.006147834472358226
v -4.7870780690573156e-05 0.07916712760925294 0.006189709063619374
v -0.009647998958826065 0.07899496704339982 0.005977455526590346
v -0.014346018433570862 0.07977934926748277 0.0052902577444910994
v -0.017880210652947426 0.0813330113887787 0.0034283057320863004
v -0.01999536342918873 0.08122481405735017 0.00026532533229328687
v -0.020063718780875206 0.08106523007154466 0.0015247503761202095
v -0.020087549462914467 0.08116707205772401 0.0008936431840993463
v -0.02101750113070011 0.080233171582222 0.0008106376626528798
v -0.020886611193418503 0.08027614653110506 0.00019341804727446285
v -0.021615000441670418 0.07929599285125734 0.00012743778643198309
v -0.021041372790932655 0.08014541864395143 0.0014324189396575091
v -0.021842461079359055 0.07919406890869142 0.0013362902682274578
v -0.021778341382741928 0.07926720380783082 0.0007295242394320666
v -0.022380970418453217 0.07827231287956239 0.0006410026107914745
v -0.022194571793079376 0.07828727364540101 6.0586968174902715e-05
v -0.019917655736207962 0.08091852068901063 0.0021499285940080877
v -0.01964317075908184 0.08072511851787569 0.002758165122941136
v -0.02095239795744419 0.08001185953617097 0.002050144830718636
v -0.018679900094866753 0.0801919922232628 0.0038800484035164113
v -0.019233498722314835 0.08048339933156969 0.0033380505628883834
v -0.020402144640684128 0.07960379868745805 0.0032312995754182334
v -0.019921008497476578 0.07932725548744203 0.0037751095369458194
v -0.020742440596222878 0.07983168214559556 0.0026531324256211515
v -0.021803563460707664 0.07907555997371675 0.0019398960284888742
v -0.02247529663145542 0.07811149954795839 0.0018126107752323148
v -0.021653661504387856 0.07891044020652772 0.0025326157920062538
v -0.02138161100447178 0.07869794219732286 0.0031053209677338596
v -0.022163206711411476 0.07776859402656557 0.002955679083243012
v -0.020974667742848396 0.07843755930662157 0.003648077370598912
v -0.02237471006810665 0.07796332985162736 0.0023918098304420705
v -0.021828297525644302 0.0775263234972954 0.0034945823717862363
v -0.022475222125649452 0.07821423560380937 0.0012260967632755635
v -0.022640742361545563 0.07725436985492708 -8.637650353193747e-06
v -0.02261776104569435 0.07619350403547288 -0.0006741947727277874
v -0.0229469183832407 0.07720874249935152 0.0011082311393693087
v -0.02283753640949726 0.0772521272301674 0.0005465165595524012
v -0.022942321375012398 0.07650607079267503 6.784487777622415e-05
v -0.023080958053469658 0.07662732899188997 0.0006186596583575009
v -0.022740056738257408 0.07631590962409975 -0.00044423196231946344
v -0.022495463490486145 0.07607112079858781 -0.0009041575831361114
v -0.022969014942646027 0.07712296396493913 0.0016702926950529216
v -0.02289927937090397 0.07699392735958101 0.0022289864718914028
v -0.023144474253058434 0.07666996866464616 0.0011975822271779177
v -0.022730588912963867 0.07682004570961 0.00278044119477272
v -0.023035289719700813 0.07651586085557939 0.0023007299751043315
v -0.02245626226067543 0.07659813761711122 0.0033145300112664695
v -0.022870993241667747 0.07633306831121446 0.0028073836583644147
v -0.023129215463995934 0.07663127779960634 0.001756140263751149
v -0.01796947792172432 0.07984924316406251 0.004377504810690879
v -0.017081420868635178 0.07945220172405244 0.004827232100069522
v -0.019285419955849648 0.07900087535381319 0.004276984836906194
v -0.01598498784005642 0.07899604737758638 0.005228864960372447
v -0.01746395416557789 0.07818836718797685 0.005140319932252168
v -0.014645969495177269 0.07847467809915544 0.005583943333476781
v -0.018475942313671112 0.07862248271703721 0.004732488654553889
v -0.020417414605617523 0.0781286731362343 0.0041522826068103305
v -0.01877359300851822 0.07735783606767656 0.005023059900850057
v -0.019691109657287598 0.07776968181133272 0.004611886572092771
v -0.020711438730359077 0.07689956575632097 0.004459504503756761
v -0.021352332085371017 0.07723677158355714 0.003997978288680314
v -0.016214553266763687 0.07769383490085603 0.0055016595870256415
v -0.011285399086773396 0.07861974090337755 0.005928596016019582
v -0.013053706847131252 0.07788506150245668 0.005895589943975209
v -0.009647959843277931 0.07797954231500627 0.006152652204036712
v -0.011239095591008663 0.07723280787467958 0.006169881206005811
v -0.012958105653524399 0.07651433348655702 0.006105504930019378
v -0.009647920727729797 0.07696411013603212 0.006327848881483077
v -0.014702524058520794 0.07713530957698823 0.005820849910378455
v -0.016229907050728798 0.07636624574661256 0.005702926777303218
v -0.017633944749832153 0.07689082622528078 0.00538483029231429
v -0.018872341141104698 0.07606744021177293 0.005235877819359302
v -0.01456962339580059 0.07577940076589586 0.005991071928292512
v -0.013797454535961151 0.0749197155237198 0.0061502610333263865
v -0.009648020379245281 0.07492022216320039 0.006591545417904853
v -0.01608560048043728 0.07501915842294694 0.005826523527503013
v -0.017644604668021202 0.07557199895381929 0.0055424198508262626
v -0.01988695189356804 0.07651107013225557 0.004874259233474731
v -0.022062642499804497 0.07632904499769212 0.003812482580542564
v -0.020776772871613503 0.07565465569496156 0.004682794213294982
v -0.021512873470783234 0.07601638883352281 0.004267862066626548
v -0.02204165793955326 0.075514554977417 0.004013284109532832
v -0.022648943588137627 0.07609479874372484 0.00326763791963458
v -0.022321803495287895 0.07586949318647386 0.0037111695855855937
v -0.02237420529127121 0.0758146569132805 0.003673134138807654
v -0.021649383008480072 0.07520250976085664 0.004270716570317744
v -0.021257108077406883 0.07489046454429628 0.0045281490311026565
v -0.019862666726112366 0.07523740828037263 0.005049237515777349
v -0.018705716356635094 0.07490485906600954 0.0053431764245033255
v -0.02055053785443306 0.07489688694477083 0.00483157904818654
v -0.015757760033011436 0.07491384446620943 0.005859143566340207
v -0.016737913712859154 0.07491090148687364 0.005713585298508405
v -0.019693367183208466 0.07490175217390062 0.005118326749652623
v -0.017718065530061722 0.07490796595811845 0.005568026565015315
v -4.803371848538518e-05 0.08088778704404832 -0.006446190178394317
v -0.02069527469575405 0.07458558678627016 -0.0027783755213022228
v -0.021404480561614037 0.0746051073074341 -0.002299615647643804
v -0.021042266860604286 0.07419716566801073 -0.002496181288734078
v -0.02017706073820591 0.07212884724140169 -0.0027621171902865167
v -0.020256027579307556 0.0715647339820862 -0.0026431628502905364
v -0.01603773608803749 0.05919902399182321 -0.0033673211000859733
v -0.02071201056241989 0.07374957203865053 -0.0026504409033805128
v -0.02138890139758587 0.06984416395425798 -0.0016299268463626502
v -0.022087639197707176 0.0692679136991501 -0.0009026911575347184
v -0.019972236827015877 0.05876201391220094 -0.0015903281746432183
v -0.02093350887298584 0.05859916284680368 -0.0009281340753659605
v -0.022417454048991203 0.06904207915067674 -0.00048436646466143424
v -0.02045314386487007 0.07104960083961488 -0.002455990063026547
v -0.02072749100625515 0.07059459388256074 -0.0022183631081134077
v -0.017524348571896553 0.05906194448471071 -0.0028099217452108856
v -0.021047549322247505 0.07019406557083131 -0.0019405295606702564
v -0.018835850059986115 0.05891627073287965 -0.0022175908088684078
v -0.017791928723454475 0.07453231513500215 -0.00418541207909584
v -0.015285676345229149 0.06611593812704088 -0.0041896547190845
v -0.0155666908249259 0.07450760900974275 -0.00493611255660653
v -0.01151371095329523 0.06607788056135179 -0.005135502200573682
v -0.00996963120996952 0.07446884363889696 -0.006159821525216102
v -0.012764456681907177 0.07448525726795198 -0.0056443256326019755
v -0.006694936193525791 0.07445417344570161 -0.006573688704520463
v -0.006622840650379658 0.0596849098801613 -0.0053430614061653605
v -0.020240897312760353 0.07270351797342302 -0.0027987472712993617
v -0.020432012155652046 0.07325012981891633 -0.0027565921191126104
v -0.019866960123181343 0.07456690818071367 -0.0032518785446882244
v -0.016916468739509583 0.06613781303167345 -0.0036347687710076566
v -0.01890622079372406 0.07454902678728105 -0.003720538457855582
v -0.0034106350503861904 0.07444678246974946 -0.006813555024564265
v -0.004450257867574692 0.059732623398304 -0.00553706707432866
v -0.02296574041247368 0.06873390823602678 0.0004888001712970435
v -0.02314045839011669 0.06867325305938722 0.0010390321258455513
v -0.022255878895521164 0.05827232450246812 0.00040084167267195875
v -0.021663885563611984 0.05844097211956979 -0.00028489882242865855
v -0.022717855870723724 0.06886108964681627 -2.0547871827147898e-05
v -0.023024745285511017 0.057903684675693526 0.001899837516248226
v -0.022709494456648827 0.058093231171369566 0.0011290871771052478
v -0.01437312737107277 0.059327237308025374 -0.0038886731490492816
v -0.013479264453053474 0.06609582155942918 -0.0046926895156502715
v -0.012604957446455956 0.0594397932291031 -0.004346345085650682
v -0.0022401795722544193 0.05976105481386186 -0.005652666557580232
v -0.010733223520219326 0.0595366843044758 -0.004740337375551461
v -0.008757926523685455 0.05961791425943376 -0.005070649553090333
v -4.800518581760116e-05 0.0744469538331032 -0.006894492078572511
v 0.0022536388132721186 0.059760097414255156 -0.005648797843605279
v 0.003316591726616025 0.07444678246974946 -0.006813458632677793
v 0.006626607850193977 0.059682279825210585 -0.005332357715815305
v 0.00987929105758667 0.07446887344121934 -0.006158938165754079
v 0.006602673325687647 0.0744541883468628 -0.006573318969458341
v 0.004459937568753958 0.059730794280767455 -0.005529629997909068
v 0.01141770463436842 0.06607788056135179 -0.005135501269251107
v 0.012675371952354908 0.07448529452085496 -0.005642832722514867
v 0.017704004421830177 0.0745324268937111 -0.004182286094874143
v 0.015189670026302338 0.06611593812704088 -0.004189653787761926
v 0.018815485760569572 0.07454911619424821 -0.00371815450489521
v 0.015478640794754028 0.07450769096612932 -0.0049337674863636485
v 0.020136460661888123 0.07266643643379213 -0.0027988865040242668
v 0.020600590854883194 0.07458562403917314 -0.0027775508351624008
v 0.01977401040494442 0.07456696778535844 -0.0032502613030374046
v 0.02032437175512314 0.07322467863559724 -0.002760238945484161
v 0.01682046242058277 0.06613781303167345 -0.0036347673740237947
v 0.020082121714949608 0.0722387880086899 -0.002775580389425158
v 0.02060554549098015 0.07373358309268953 -0.0026548875030130144
v 0.020940648391842842 0.07419037818908693 -0.002499014604836702
v 0.021308470517396927 0.0746051073074341 -0.0022996158804744478
v 0.01746641844511032 0.059058029204607024 -0.002794000785797834
v 0.02036970667541027 0.07102468609809877 -0.0024448549374938007
v 0.02020975761115551 0.07140149921178819 -0.002592274453490972
v 0.02010834589600563 0.07180918753147127 -0.002705171005800366
v 0.02084607258439064 0.05859754234552385 -0.0009215478785336017
v 0.022324325516819954 0.06904032081365587 -0.00047985312994569535
v 0.021827375516295433 0.0693904608488083 -0.0010890479898080228
v 0.021303895860910416 0.06983380019664766 -0.0016195540083572266
v 0.020801357924938202 0.07037055492401124 -0.002071915660053491
v 0.018766529858112335 0.058912944048643126 -0.0022040691692382093
v 0.015992742031812668 0.0591946914792061 -0.003349713515490293
v 0.019893081858754158 0.0587594509124756 -0.0015799180837348101
v 7.3946366683230735e-06 0.059770200401544585 -0.0056898598559200755
v 0.013383258134126663 0.06609582155942918 -0.00469268811866641
v 0.010720399208366871 0.05953277274966241 -0.004724423866719007
v 0.00875396654009819 0.059614557772874846 -0.005056979600340127
v 0.012582339346408844 0.05943553522229196 -0.004329028073698281
v 0.014339787885546684 0.05932284146547319 -0.0038707910571247335
v 0.023044446483254433 0.06867325305938722 0.0010390320094302294
v 0.022753946483135223 0.06879032403230669 0.00022726564202457664
v 0.022162606939673424 0.058271445333957686 0.0004044407396577298
v 0.021573150530457497 0.05843969807028772 -0.00027972992393188173
v 0.022614451125264168 0.05809276923537256 0.001130963792093098
v 0.022928733378648758 0.057903684675693526 0.0018998372834175823
v 0.009309451095759869 0.07934083044528963 0.0059236166998744
v 0.007407741155475378 0.07905953377485277 0.006057050079107284
v 0.009033100679516792 0.0806945487856865 0.005638984497636556
v 0.0016866306541487575 0.08415134996175767 -0.005398895125836133
v -4.828638702747412e-05 0.08440499752759935 -0.005256793461740016
v -4.814552448806353e-05 0.08391249179840089 -0.00553084211423993
v 0.0006159462500363588 0.0844302996993065 -0.005236304830759763
v 0.003220704849809408 0.08520636707544328 -0.004500746726989745
v -4.6887362259440124e-05 0.08526872098445894 -0.004536705091595649
v 0.002017637947574258 0.08483366668224336 -0.004899772349745034
v 0.00404208991676569 0.08425863087177278 -0.005201237276196479
v 0.0052465652115643024 0.08465005457401277 -0.004791724029928445
v -4.758687282446772e-05 0.08483687043190004 -0.0048967492766678325
v -4.7529287257930264e-05 0.08562093228101732 -0.004110194277018308
v 0.0008102050051093102 0.0856003984808922 -0.004169294610619544
v -4.8171212256420404e-05 0.0859731361269951 -0.0036836832296103235
v -4.808260200661607e-05 0.0818627178668976 -0.006255249958485364
v 0.0009733782499097288 0.08219122886657716 -0.006191092543303966
v -4.810704558622092e-05 0.08235017955303194 -0.006159779615700244
v 0.0017163354204967618 0.07986715435981752 -0.006608186289668082
v 0.0004350689414422959 0.080805741250515 -0.00647247303277254
v -4.800927490578033e-05 0.08040033280849458 -0.006541660521179437
v -4.800365786650218e-05 0.0794147551059723 -0.006666906177997588
v 0.003623267635703087 0.08036960661411287 -0.006473898421972989
v 0.002399478806182742 0.0812995731830597 -0.006353619042783975
v 0.0001535219926154241 0.08259795606136323 -0.006096929777413606
v 0.0008242230978794396 0.08206508308649064 0.005636571440845727
v -4.721979348687455e-05 0.08138156682252885 0.005768855102360248
v -4.7002795326989144e-05 0.0821197032928467 0.005628569982945918
v 0.0027594908606261015 0.08265126496553422 -0.00602456834167242
v -4.8055851948447526e-05 0.08288507908582689 -0.005982335191220044
v 0.004342681262642145 0.08310624212026597 -0.005768661387264728
v 0.002654683543369174 0.0838359370827675 -0.005543499253690242
v 0.0010696601821109653 0.08339738100767137 -0.005806013010442256
v 0.004181306343525648 0.0817907899618149 -0.006173774600028991
v 0.005743958987295628 0.083544559776783 -0.005429755896329879
v 0.0071988278068602085 0.08272159844636919 -0.0055842543952167025
v 0.006979106459766626 0.08395180851221086 -0.005019985605031251
v 0.005773860961198807 0.0822679027915001 -0.005917931906878947
v 0.005386969540268183 0.08087094128131868 -0.006277653854340314
v 0.0064359065145254135 0.07991725951433183 -0.00633958913385868
v 0.006993317976593971 0.08135923743247987 -0.006013231817632913
v 0.0084479795768857 0.08182261884212495 -0.005678977351635694
v 0.009531999006867409 0.08087369799613954 -0.005725740920752286
v 0.009765086695551872 0.0822521671652794 -0.005278109107166528
v 0.008474108763039112 0.08314221352338792 -0.005179542582482099
v 0.008051134645938873 0.08040768653154375 -0.0060644764453172675
v -4.805816206499003e-05 0.08137524873018266 -0.006350719835609197
v -4.800465831067413e-05 0.08341997861862184 -0.005804890766739844
v 0.004689743742346764 0.07941298931837083 -0.006550838239490985
v -4.743678800878115e-05 0.08064341545104982 0.00590913975611329
v 0.0033235158771276474 0.0800336003303528 0.006003226153552531
v -4.7870780690573156e-05 0.07916712760925294 0.006189709063619374
v 0.002713466063141823 0.08616846054792406 -0.003285911632701754
v 1.0291811122442596e-05 0.08637627959251405 -0.0030000356491655107
v -4.772110332851298e-05 0.08632380515336992 -0.003044404555112123
v -4.7811125114094466e-05 0.08625367283821107 -0.0031722602434456344
v 0.0018518602009862661 0.08590792864561082 -0.0037438687868416305
v -4.763107790495269e-05 0.08639393001794816 -0.002916548633947968
v 0.00342863192781806 0.08637992292642595 -0.002804223215207457
v 0.0007636219379492104 0.08657366037368776 -0.002557008527219295
v -4.745103433378972e-05 0.08653420209884645 -0.0026608372572809453
v 0.0013716263929381967 0.0867283344268799 -0.0021052674856036897
v -4.757316128234379e-05 0.08686745911836626 -0.0016383583424612878
v 0.004020029213279486 0.08654173463582994 -0.002311029005795717
v 0.004233251791447401 0.08553187549114229 -0.004055018071085214
v 0.005083555821329355 0.08580461889505388 -0.003572874935343861
v 0.006280883215367794 0.08499442785978319 -0.0043307910673320285
v 0.0058089978992938995 0.08602672070264818 -0.0030611597467213865
v 0.007933493703603745 0.08552077412605287 -0.003298526164144277
v 0.006424842402338982 0.08619762957096101 -0.002532925689592957
v 0.0071674976497888565 0.08528470993041994 -0.003830188419669866
v 0.004505615681409836 0.08665464073419572 -0.0018174172146245835
v 0.001849930384196341 0.08683993667364122 -0.00165384029969573
v 0.0022210648749023676 0.08691206574440004 -0.0012012396473437546
v 0.0025057755410671234 0.08694931119680406 -0.0007436226587742566
v -4.622728010872379e-05 0.08701577037572862 -0.0005269706598483025
v 0.005200562998652458 0.08675450831651689 -0.0008278070599772035
v 0.002704956568777561 0.08695472776889802 -0.0002815423067659139
v 0.0028119320049881935 0.08693043887615205 0.0001831745757954195
v 0.004896795377135277 0.08672357350587846 -0.0013238540850579736
v 0.005411656107753515 0.08675213903188707 -0.0003280318342149257
v 0.0073595051653683186 0.0863887667655945 -0.001468519796617329
v 0.009144707582890987 0.08583228290081026 -0.0021850683260709043
v 0.006939421873539686 0.08631687611341478 -0.002001064363867044
v 0.00792049989104271 0.08641313761472703 -0.00039846525760367507
v 0.009958986192941666 0.08594809472560884 -0.0010516826296225188
v 0.00768909091129899 0.08641900122165681 -0.0009349151514470576
v 0.009600351564586163 0.08591245114803316 -0.0016190912574529646
v 0.005520924460142851 0.08672010898590089 0.00017592980293557045
v 0.00859042163938284 0.08570295572280885 -0.0027466572355478998
v 0.008059030398726463 0.08431366831064226 -0.0045539229176938525
v 0.008999930694699287 0.08462222665548326 -0.004043929744511842
v 0.010524106211960316 0.08507242053747179 -0.00293321325443685
v 0.009818632155656815 0.08487506955862047 -0.0035003314260393377
v 0.00960582122206688 0.08351843804121019 -0.00471591344103217
v 0.010945193469524384 0.08263855427503587 -0.004819672089070081
v 0.01210305280983448 0.08169893175363542 -0.004872906487435102
v 0.011991815641522408 0.08297535777091981 -0.004313570447266101
v 0.010602269321680069 0.0838429629802704 -0.004205187316983937
v 0.011474723927676678 0.08411246538162233 -0.0036579207517206665
v 0.012229827232658863 0.08432651311159135 -0.003083947347477078
v 0.012913370504975319 0.08325915783643724 -0.003769223345443606
v 0.011122294701635838 0.08521566540002824 -0.0023518891539424653
v 0.011615714058279991 0.08530821651220323 -0.001762165338732302
v 0.01287227775901556 0.08448591828346254 -0.002492259722203016
v 0.012004805728793144 0.08535417914390565 -0.0011680604657158253
v 0.010213947854936123 0.08594445139169694 -0.00048174144467338914
v 0.010355798527598381 0.08590643107891084 9.268104622606187e-05
v 0.008042681030929089 0.08637595176696779 0.00014261025353334841
v 0.01228475384414196 0.0853581801056862 -0.0005699632456526159
v 0.013404089026153088 0.08459363132715227 -0.001888728351332247
v 0.01439854595810175 0.08366475254297258 -0.002602321561425924
v 0.013825733214616776 0.08465329557657243 -0.0012777241645380852
v 0.013714510016143322 0.08348894119262697 -0.003195914905518293
v 0.014134032651782036 0.08466892689466478 -0.0006608429248444735
v 0.015423867851495743 0.0838635414838791 -0.0013765017502009866
v 0.014324257150292397 0.08464432507753374 -3.911137537215836e-05
v 0.01244870200753212 0.08532463014125825 3.253133036196231e-05
v 0.014967863447964191 0.08378868550062181 -0.0019943153019994493
v 0.01576440967619419 0.08389277011156084 -0.000751403102185577
v 0.010883760638535023 0.08130687475204469 -0.005326236132532357
v 0.0008617679704912007 0.07840012013912202 -0.006790950428694486
v 0.0038089025765657425 0.0779278874397278 -0.006746117491275071
v 0.002825303701683879 0.0789046883583069 -0.006700084079056977
v 0.0056388950906693935 0.07843834161758424 -0.0065832207910716525
v 0.0018955064006149769 0.07741796225309373 -0.006848510820418595
v -4.7998037189245224e-05 0.07842916995286943 -0.006792150903493165
v -4.807450022781268e-05 0.07644617557525636 -0.006910050753504037
v -4.8039841203717515e-05 0.07544657588005067 -0.006902271416038274
v 0.002827090909704566 0.07643452286720277 -0.006859348621219396
v 0.006506151054054499 0.07745400071144105 -0.006570815108716487
v 0.008155726827681065 0.07547768205404283 -0.006416354328393935
v 0.004701612051576376 0.07694596797227861 -0.006745507940649985
v 0.00822520349174738 0.07795251160860063 -0.006336026359349488
v 0.007370247505605221 0.07894179224967958 -0.006359036546200513
v 0.006403849460184574 0.07498746365308763 -0.00660731317475438
v -4.759829243994318e-05 0.08427283167839052 0.0047419597394764415
v 0.0006823677686043084 0.08463478833436967 0.004507816396653651
v 0.003083094023168087 0.08421754091978075 0.004730466287583112
v 0.008989373221993446 0.07942967861890794 -0.0060741137713193885
v 0.010487404651939869 0.0798933580517769 -0.005730343982577323
v 0.014224383980035782 0.08106890320777894 -0.004391625523567199
v 0.013190742582082748 0.0820441246032715 -0.00437370641157031
v 0.014152688905596733 0.08233904838562013 -0.0038366126827895637
v 0.013108210638165474 0.08071909844875337 -0.004882767796516418
v 0.011862272396683693 0.08032552897930147 -0.005331231746822595
v 0.009842580184340477 0.07843436300754549 -0.006043242756277322
v 0.011415194720029831 0.07641650736331941 -0.005869095213711261
v 0.011346005834639072 0.07889230549335481 -0.005695694126188754
v 0.013987869955599308 0.07971177250146867 -0.004854544531553983
v 0.012729967944324017 0.07932012528181077 -0.005297548603266477
v 0.015118039213120937 0.08006274700164796 -0.004372647497802972
v 0.01521463505923748 0.08137160539627077 -0.003864553058519959
v 0.009832768701016903 0.07595577836036684 -0.006169181317090987
v -4.7775050916243345e-05 0.08565635979175569 0.0034947760868817563
v -4.752457607537508e-05 0.08597086369991304 0.0031076378654688592
v 0.00018746571731753647 0.08571579307317735 0.0034533685538917776
v 0.004138112533837557 0.0744486302137375 -0.00675342371687293
v 0.004609738942235708 0.07449129223823549 -0.006740145850926637
v 0.006602673325687647 0.0744541883468628 -0.006573318969458341
v 0.003316591726616025 0.07444678246974946 -0.006813458632677793
v -4.800518581760116e-05 0.0744469538331032 -0.006894492078572511
v 0.004959632642567158 0.07445047795772554 -0.006693388801068067
v 0.012675371952354908 0.07448529452085496 -0.005642832722514867
v 0.00987929105758667 0.07446887344121934 -0.006158938165754079
v 0.012888772413134575 0.07685481756925584 -0.005520930979400872
v 0.014245799742639065 0.0772661864757538 -0.005130082368850707
v 0.01477107685059309 0.07868530601263048 -0.004792695399373769
v 0.015479783527553082 0.07764623314142229 -0.004702687729150056
v 0.01589931547641754 0.07903458178043367 -0.0043216031044721595
v 0.015582513064146042 0.07517953962087633 -0.004871848039329051
v 0.013376189395785332 0.07449089735746385 -0.005465566646307706
v 0.014077006839215755 0.07449649274349214 -0.005288300570100545
v 0.014308118261396885 0.07478973269462587 -0.005248811561614274
v 0.015478640794754028 0.07450769096612932 -0.0049337674863636485
v 0.01673564873635769 0.07554175704717637 -0.0044663255102932444
v 0.017704004421830177 0.0745324268937111 -0.004182286094874143
v 0.01776992343366146 0.07587368786334993 -0.004037057049572467
v 0.016590220853686333 0.07799150049686433 -0.00424409145489335
v -4.721007644548081e-05 0.08467826247215272 0.004477947484701871
v 0.01499216165393591 0.08258225768804552 -0.003269888693466782
v 0.016081934794783592 0.08162538707256319 -0.0033085548784583803
v 0.01612318679690361 0.08036987483501436 -0.0038576761726289983
v 0.01571175456047058 0.08277320116758348 -0.0026814187876880165
v 0.016314664855599403 0.08291304856538774 -0.0020768132526427503
v 0.01682901568710804 0.08182919770479204 -0.002730396576225757
v 0.01690475083887577 0.07934327423572542 -0.0038205729797482486
v 0.017006507143378258 0.08063120394945146 -0.0033154301345348354
v 0.01779099553823471 0.07960943132638933 -0.0032944362610578533
v 0.017771219834685326 0.08084542304277421 -0.0027515080291777845
v 0.018457487225532532 0.07856766134500505 -0.003250595880672335
v 0.018561769276857376 0.07983157038688661 -0.0027477610856294628
v 0.017581265419721603 0.07829929143190385 -0.0037587643601000305
v 0.017458925023674965 0.08198367804288866 -0.0021353156771510835
v 0.01680348627269268 0.08300364762544633 -0.0014607057673856614
v 0.017176777124404907 0.08304772526025773 -0.0008362961234524845
v 0.017974328249692917 0.08209002017974855 -0.0015277747297659514
v 0.01743154786527157 0.08304809778928758 -0.00020617945119738576
v 0.015985846519470215 0.08387979865074159 -0.0001210226400871761
v 0.018375476822257042 0.08214993029832841 -0.0009106670040637254
v 0.018420135602355003 0.08101255446672441 -0.002170549007132649
v 0.019220616668462753 0.0800091400742531 -0.0021841225679963823
v 0.01895582303404808 0.0811331793665886 -0.0015765266725793479
v 0.019380291923880577 0.08120819181203844 -0.0009715198539197444
v 0.01977085880935192 0.08014198392629625 -0.001606547040864825
v 0.01969500444829464 0.0812385454773903 -0.0003570308908820152
v 0.018661584705114365 0.08216514438390733 -0.0002862400142475962
v 0.020214974880218506 0.0802304893732071 -0.0010168101871386168
v 0.019223475828766823 0.07879498600959779 -0.0027231322601437564
v 0.018172334879636765 0.07724187523126604 -0.003678406588733196
v 0.01902684010565281 0.07751017808914186 -0.0031896387226879592
v 0.019777826964855194 0.07774029672145845 -0.002683025319129228
v 0.020245373249053955 0.0766710862517357 -0.002633585128933191
v 0.020880362018942833 0.07686521112918855 -0.0021335044875741
v 0.02042977139353752 0.07793107628822328 -0.002160423900932073
v 0.019518688321113586 0.07644009590148927 -0.003118437714874744
v 0.018815485760569572 0.07454911619424821 -0.00371815450489521
v 0.018695374950766563 0.07617371529340745 -0.0035869556013494726
v 0.01977401040494442 0.07456696778535844 -0.0032502613030374046
v 0.020600590854883194 0.07458562403917314 -0.0027775508351624008
v 0.021308470517396927 0.0746051073074341 -0.0022996158804744478
v 0.02156081795692444 0.07503978163003923 -0.002021505264565348
v 0.01988338679075241 0.07898037135601045 -0.002179069677367806
v 0.02044096030294895 0.07912324368953706 -0.0016206701984629033
v 0.020986462011933327 0.07808163017034532 -0.0016233961796388028
v 0.020898504182696342 0.07922352850437166 -0.0010493232402950523
v 0.0212576724588871 0.07928121089935304 -0.00046617718180641527
v 0.020554853603243828 0.08027513325214387 -0.0004163162957411259
v 0.021449612453579903 0.07819144427776338 -0.0010733384406194089
v 0.0214277021586895 0.07702119648456575 -0.0016191754257306454
v 0.021835699677467346 0.07542424649000169 -0.001699566259048879
v 0.021887850016355515 0.07713836431503297 -0.0010924439411610363
v 0.022232618182897568 0.07606881856918336 -0.0011087332386523483
v 0.02211637794971466 0.07576397061347963 -0.0013340801233425734
v 0.022260216996073723 0.07721623778343202 -0.0005552584771066903
v 0.021820174530148506 0.07826011627912523 -0.0005115865496918558
v 0.00024038639094214886 0.0831834450364113 0.0053226896561682216
v -4.797317160409875e-05 0.08344281464815141 0.005195369943976401
v 0.0017436734633520246 0.08371947705745698 0.005063725635409354
v 0.005519245285540819 0.0866583436727524 0.0006825568852946161
v 0.0028133634477853775 0.08687593787908555 0.0006493672844953834
v -4.743393583339639e-05 0.08695531636476518 0.0005924290162511169
v 0.002698429860174656 0.08678855746984483 0.0011191501980647443
v -4.683905353886075e-05 0.08676449209451677 0.0014483117265626786
v 0.005398351699113846 0.08656448125839235 0.0011918941745534537
v 0.005151715129613876 0.08643395453691484 0.0017068671295419333
v 0.0024647011887282133 0.08666351437568666 0.0015980416210368273
v 0.00804634764790535 0.0863083451986313 0.0006877053529024123
v 0.010374399833381176 0.08583596348762514 0.0006712017348036169
v 0.007923459634184837 0.08620876818895341 0.0012360522523522375
v 0.0102605065330863 0.08573270589113237 0.0012525097699835894
v 0.007667890749871731 0.08607306331396104 0.001787140732631087
v 0.012393529526889324 0.08515208959579469 0.001243883045390248
v 0.010008074343204498 0.08559323847293855 0.0018340751994401214
v 0.012487811967730522 0.08525580167770387 0.0006379270926117896
v 0.0047736624255776405 0.08626193553209306 0.002221970353275537
v 0.0021044323220849037 0.08649744838476182 0.0020778367761522527
v 0.0016116328770294785 0.0862855836749077 0.002552782883867621
v 0.004261376336216927 0.08604283630847932 0.0027302550151944156
v 0.0009801520500332117 0.08602531254291536 0.0030144401825964446
v -4.714309034170583e-05 0.08644025027751924 0.002289314521476626
v 0.003608967177569866 0.08577248454093934 0.003223036183044314
v 0.0072766439989209175 0.08589583635330202 0.002335069933906197
v 0.009615736082196236 0.08541215956211091 0.0024087207857519384
v 0.011783539317548275 0.0848280042409897 0.0024407308083027597
v 0.009080921299755573 0.08518314361572267 0.0029693478718399997
v 0.006746468134224415 0.08567102253437044 0.002872741082683205
v 0.00607167836278677 0.08539340645074846 0.00339166191406548
v 0.0052431742660701275 0.08505902439355852 0.0038820211775600906
v 0.0028043175116181374 0.08544800430536272 0.003690379206091165
v 0.008398273959755898 0.08490096032619478 0.0035073792096227403
v 0.012159755453467369 0.08501105010509492 0.001847022329457104
v 0.014389638788998127 0.08458162099123002 0.0005847956053912639
v 0.014117885380983353 0.08434234559535982 0.0018256217008456586
v 0.016048721969127655 0.0837341994047165 0.0011444129049777982
v 0.014322945848107338 0.08448150008916856 0.0012076111743226645
v 0.01608256809413433 0.08382670581340791 0.0005118860281072556
v 0.017563359811902046 0.08300657570362092 0.0004278388223610818
v 0.01744103990495205 0.08279961347579957 0.0016991141019389031
v 0.015879560261964798 0.08360082656145097 0.0017731774132698772
v 0.01887867972254753 0.08206550031900407 0.0009786371374502776
v 0.017567681148648262 0.0829240456223488 0.0010639985557645557
v 0.018830373883247375 0.08213675767183305 0.00034403611789457495
v 0.013771125115454197 0.08416036516427995 0.002432910026982426
v 0.013280287384986877 0.0839308947324753 0.0030212185811251398
v 0.011262510903179646 0.0845971778035164 0.0030175319407135244
v 0.015572002157568932 0.0834237039089203 0.0023909953888505693
v 0.010592436417937279 0.08431389927864076 0.0035681722220033403
v 0.012641635723412037 0.08365013450384141 0.003580575110390782
v 0.009766338393092155 0.08397504687309267 0.0040821502916514865
v 0.007559708319604397 0.08456189185380937 0.004012680612504481
v 0.015123524703085423 0.08319925516843797 0.002988419961184263
v 0.01718136854469776 0.08263069391250612 0.002324369270354509
v 0.018597979098558426 0.08179287612438203 0.0022422287147492166
v 0.016785096377134323 0.08241456001996995 0.002928717760369181
v 0.014530263841152191 0.0829245373606682 0.003554973285645246
v 0.016247091814875603 0.08214888721704484 0.003501591039821505
v 0.013785780407488346 0.08259716629981996 0.00408071931451559
v 0.011849023401737213 0.08331537991762163 0.004100490827113389
v 0.018260473385453224 0.08158740401268007 0.002850563265383243
v 0.018802547827363014 0.08195141702890398 0.0016143862158060072
v 0.0018319826340302825 0.08506756275892259 0.004122562706470489
v -4.80255221191328e-05 0.08534184843301774 0.003881914541125297
v 0.004249678459018469 0.08466623723506929 0.004332552663981914
v 0.006555384490638971 0.0841646119952202 0.004473563283681869
v 0.005376975983381271 0.0837109759449959 0.004877337720245122
v 0.007610138971358538 0.08312739431858064 0.004954045172780751
v 0.004022019915282726 0.08320657163858415 0.005211384966969489
v 0.008775169961154461 0.08357937633991243 0.004548026248812675
v -4.798650479642674e-05 0.08386738598346712 0.005005971528589725
v 0.002496907254680991 0.08265969902276994 0.005465468857437371
v -4.795983841177076e-05 0.08301823586225511 0.005384767893701791
v 0.0062671834602952 0.08262010663747789 0.005289352033287286
v 0.010893610306084156 0.08292486518621446 0.004570661112666129
v 0.008451767265796661 0.08196713030338289 0.005326910875737666
v 0.011798509396612644 0.08177398890256883 0.00497751124203205
v 0.009764796122908592 0.08247667551040651 0.004981794394552707
v 0.012880071997642517 0.08221481740474702 0.004557053092867135
v 0.014713507145643234 0.08146034181118013 0.004517411813139915
v 0.017161885276436806 0.08102785795927049 0.0039659934118390075
v 0.015560409985482693 0.08183161169290544 0.004033545963466167
v 0.01245841197669506 0.0805378556251526 0.005326171871274709
v 0.010522620752453804 0.08126920461654664 0.005338195245712995
v 0.013687781989574432 0.08103107661008836 0.004948909394443034
v 0.01541978307068348 0.08025572448968889 0.004898871295154094
v 0.016380619257688522 0.08067001402378084 0.004457237664610147
v 0.006943413522094488 0.08138982951641084 0.00560450879856944
v 0.004750405438244343 0.0820538178086281 0.005547983106225728
v 0.0052299173548817635 0.0807408317923546 0.005823408253490924
v 0.011002161540091038 0.07997475564479829 0.005649562925100326
v 0.012842717580497265 0.07923462986946107 0.005632347892969846
v 0.005263497121632099 0.07912409305572511 0.006136649753898381
v 0.009551985189318657 0.07899496704339982 0.005977450404316186
v 0.014250189997255802 0.07977931201457979 0.005290239118039607
v 0.017784345895051956 0.08133295178413393 0.00342827383428812
v 0.019899409264326096 0.0812247544527054 0.0002653008268680423
v 0.01996777020394802 0.08106518536806108 0.0015247236005961893
v 0.020921537652611732 0.08023311942815782 0.0008106136810965835
v 0.019991595298051834 0.08116701990365983 0.0008936155354604124
v 0.020790638402104378 0.08027609437704088 0.00019339358550496397
v 0.02151901088654995 0.07929594069719316 0.00012741649698000399
v 0.021746478974819183 0.07919402420520784 0.0013362623285502193
v 0.020945413038134575 0.08014536648988725 0.0014323929790407417
v 0.022284971550107002 0.07827228307724 0.0006409787456505
v 0.02168235555291176 0.07926716655492784 0.0007295013056136667
v 0.022098569199442863 0.07828722894191743 6.056467464077286e-05
v 0.019821716472506523 0.08091847598552705 0.0021499057766050096
v 0.019547240808606148 0.0807250812649727 0.0027581432368606325
v 0.020856447517871857 0.0800118073821068 0.0020501150283962484
v 0.01858399249613285 0.08019195497035982 0.003880026983097195
v 0.020306209102272987 0.07960376143455507 0.0032312700059264894
v 0.019137579947710037 0.0804833620786667 0.003338027978315949
v 0.019825082272291183 0.07932721823453905 0.0037750811316072936
v 0.02064649760723114 0.07983163744211198 0.0026531014591455455
v 0.02170758694410324 0.07907553017139436 0.0019398716976866124
v 0.022379305213689804 0.078111469745636 0.001812585745938122
v 0.021557694301009178 0.07891040295362474 0.0025325883179903026
v 0.0212856512516737 0.07869791239500047 0.003105294425040483
v 0.022067226469516754 0.07776857912540437 0.00295565347187221
v 0.020878717303276062 0.07843753695487977 0.0036480512935668226
v 0.02227872423827648 0.07796330004930498 0.0023917835205793376
v 0.021732326596975327 0.0775263011455536 0.0034945572260767217
v 0.022379226982593536 0.07821421325206758 0.0012260699877515433
v 0.022544734179973602 0.07725434005260469 -8.657661055622155e-06
v 0.022508971393108368 0.07618069648742677 -0.000698502524755895
v 0.02285091206431389 0.07720872014760972 0.0011082014534622429
v 0.02283373475074768 0.07649459689855577 2.9709239242947657e-05
v 0.0227415282279253 0.07725211232900621 0.0005464953719638287
v 0.022975726053118706 0.0766197517514229 0.0005692185950465499
v 0.022630902007222176 0.076303169131279 -0.0004721745790448039
v 0.02238704077899456 0.07605823874473573 -0.0009248304413631557
v 0.022873012349009514 0.07712293416261674 0.0016702651046216486
v 0.022803284227848053 0.07699391245841981 0.0022289624903351064
v 0.023045502603054047 0.07666943967342378 0.0011362311197444794
v 0.0226345956325531 0.07682001590728761 0.0027804167475551362
v 0.022949280217289925 0.07652737200260164 0.0022596132475882764
v 0.022787882015109062 0.07634761929512025 0.0027742877136915918
v 0.02236027643084526 0.07659813016653062 0.003314506262540817
v 0.023037798702716827 0.07663797587156297 0.001706023816950619
v 0.017873581498861313 0.07984920591115953 0.004377484321594237
v 0.016985537484288216 0.07945217192173006 0.004827212076634168
v 0.019189506769180298 0.0790008381009102 0.004276958294212817
v 0.01588911935687065 0.07899601757526399 0.0052288458682596675
v 0.017368076369166374 0.07818833738565446 0.005140298046171664
v 0.014550131745636463 0.07847465574741365 0.005583923775702714
v 0.018380045890808105 0.07862245291471483 0.004732464440166949
v 0.020321473479270935 0.0781286507844925 0.004152257461100816
v 0.018677685409784317 0.07735781371593477 0.005023037549108266
v 0.020615484565496445 0.07689955085515977 0.00445948215201497
v 0.019595181569457054 0.07776965945959093 0.004611863754689693
v 0.021256370469927788 0.07723674923181535 0.003997954074293374
v 0.016118662431836128 0.07769381999969484 0.0055016428232192984
v 0.012957889586687088 0.07788503170013429 0.005895570386201142
v 0.011189562268555164 0.07861971855163576 0.005928587168455123
v 0.011143291369080544 0.07723277807235719 0.006169863510876893
v 0.009551988914608955 0.078007809817791 0.006148404907435178
v 0.012862260453402996 0.07651431113481523 0.0061054909601807586
v 0.009551993571221828 0.07702065259218217 0.006319359876215457
v 0.014606651850044727 0.07713529467582704 0.005820835009217261
v 0.016134006902575493 0.07636623829603197 0.005702911410480737
v 0.018776360899209976 0.07606743276119234 0.005235867109149694
v 0.017538048326969147 0.07689080387353898 0.005384810268878936
v 0.013704209588468075 0.07492135465145112 0.006149809341877698
v 0.014473733492195606 0.07577940076589586 0.005991057027131318
v 0.009551993571221828 0.07492027431726457 0.006591537967324256
v 0.015989741310477257 0.07501912862062456 0.005826506298035382
v 0.017548704519867897 0.07557195425033571 0.00554241333156824
v 0.019791023805737495 0.07651105523109437 0.004874235950410365
v 0.021966662257909775 0.07632903754711153 0.003812460927292704
v 0.020680801942944527 0.07565464824438096 0.004682776052504777
v 0.02212204970419407 0.07567396759986879 0.0038321195170283313
v 0.021953411400318146 0.07552115619182588 0.00400659255683422
v 0.021416904404759407 0.07601638138294221 0.0042678401805460444
v 0.02256564237177372 0.07610827684402467 0.0032451215665787454
v 0.022290688008069992 0.0758267790079117 0.003657647175714373
v 0.022225813940167427 0.07586948573589326 0.0037111507263034578
v 0.02155725657939911 0.07520581036806108 0.004267369396984576
v 0.021161101758480072 0.07489046454429628 0.004528146237134933
v 0.01976674422621727 0.07523740828037263 0.005049213301390409
v 0.018609346821904182 0.07490487396717073 0.00534328632056713
v 0.02044723555445671 0.07489681243896486 0.004834373015910386
v 0.01664263941347599 0.07491131126880647 0.005713465623557567
v 0.015663161873817444 0.07491466403007509 0.005858913529664277
v 0.019596576690673828 0.07490177452564241 0.0051185539923608294
v -4.808144876733422e-05 0.08261762559413911 -0.0060710571706295005
v -4.803371848538518e-05 0.08088778704404832 -0.006446190178394317
v 0.017622116953134537 0.07490796595811845 0.005568017717450856
v -0.009648005478084087 0.06485169380903245 0.00544206891208887
v 0.009551994502544403 0.06485169380903245 0.00544206891208887
v -2.4753580873948522e-05 0.057958714663982405 0.010002454742789267
v 0.009551973082125187 0.05878209322690965 0.009457676671445368
v 0.007164641749113798 0.05842044204473497 0.009696959517896174
v 0.004772702232003212 0.0581636242568493 0.00986688397824764
v -0.007252475246787071 0.05841954797506334 0.009697569534182547
v -0.009647983126342297 0.05878209322690965 0.009457676671445368
v -0.004840143956243992 0.05816135555505754 0.009868386201560496
v -0.0024301812518388033 0.058008510619401946 0.009969509206712244
v 0.0023762169294059277 0.05801019072532655 0.009968398138880728
v 0.009551993571221828 0.07492027431726457 0.006591537967324256
v 0.009551973082125187 0.05878209322690965 0.009457676671445368
v 0.009551994502544403 0.06485169380903245 0.00544206891208887
v 0.009551993571221828 0.07702065259218217 0.006319359876215457
v 0.009551994502544403 0.07729332894086839 0.003879686119034886
v 0.009551985189318657 0.07899496704339982 0.005977450404316186
v -0.016104307025671005 0.0561213828623295 0.009147102944552897
v -0.01789969392120838 0.0559731535613537 0.009749846532940863
v -0.017918115481734276 0.056239753961563124 0.008665772154927252
v -0.016036061570048332 0.05587936192750932 0.010131213814020155
v -0.013953871093690395 0.05602962151169778 0.009520222432911394
v -0.01975369080901146 0.05610384419560434 0.009218417108058928
v -0.02067517302930355 0.056187801063060774 0.008877017535269259
v -0.021569417789578438 0.056286934763193144 0.008473922498524187
v -0.01944548636674881 0.05638649314641954 0.008069111965596674
v -0.020074324682354927 0.05646745115518571 0.007739914581179618
v -0.009427027776837349 0.055912539362907424 0.009996295906603335
v -0.006564125884324312 0.055651564151048674 0.01105749327689409
v -0.010364791378378868 0.0557169020175934 0.010791814886033533
v -0.00477722380310297 0.05584128573536874 0.010286061093211172
v -0.0027620799373835325 0.055616173893213286 0.011201409623026846
v -0.01415356993675232 0.0558135285973549 0.01039891969412565
v -2.4074053726508282e-05 0.05581773072481157 0.010381815955042837
v 0.001041093491949141 0.05560998618602754 0.011226562783122061
v -0.022083792835474014 0.056914024055004134 0.005924039520323276
v -0.02389591932296753 0.05671589076519014 0.006729686632752418
v -0.024516882374882698 0.056898567825555815 0.0059868674725294104
v -0.021354887634515762 0.056710645556449904 0.006751021370291709
v -0.02320305071771145 0.05654884129762651 0.007408945355564355
v -0.025032708421349525 0.05709798261523248 0.005176002625375985
v -0.022596925497055054 0.057099793106317534 0.0051686656661331645
v -0.02540808729827404 0.05731633678078653 0.004288135096430778
v -0.025590775534510612 0.05754809454083444 0.003345741424709558
v -0.023154066875576973 0.05747381597757341 0.0036477707326412197
v -0.023198913782835007 0.057662088423967375 0.0028822072781622405
v -0.025548001751303673 0.057782776653766646 0.002391482004895806
v -0.022953635081648827 0.05728638917207719 0.004409913439303636
v -0.02061326801776886 0.0565534681081772 0.0073901405557990065
v -0.02242577075958252 0.05640564858913423 0.00799120496958494
v 0.008650588802993298 0.05568529665470125 0.010920332744717596
v 0.004845894873142242 0.05563282221555711 0.011133712716400622
v 0.004742900840938091 0.05584194883704187 0.01028335280716419
v 0.009400649927556515 0.05591397359967233 0.009990477934479712
v 0.01244783028960228 0.05576844513416292 0.010582242161035536
v 0.013940440490841866 0.05603229999542238 0.00950934737920761
v 0.014341524802148342 0.055822100490331664 0.010364053770899771
v 0.016222044825553894 0.05589154735207559 0.010081662796437739
v 0.016059543937444687 0.05612399429082872 0.00913648586720228
v 0.01807623915374279 0.055989727377891554 0.009682445786893366
v 0.017872456461191177 0.05624378845095636 0.008649377152323721
v 0.01989709958434105 0.05612422525882722 0.009135536849498747
v 0.019378971308469772 0.05638983845710756 0.008055482991039751
v 0.02078339271247387 0.05620869249105455 0.008792069740593432
v 0.021639175713062286 0.05630774796009065 0.008389299735426901
v 0.02000129222869873 0.056470744311809554 0.007726523559540509
v 0.020536324009299278 0.056556891649961485 0.007376221939921378
v 0.022455139085650444 0.0564258322119713 0.007909137755632399
v 0.0212714821100235 0.05671377852559091 0.0067382645793259135
v 0.02319709211587906 0.05656894296407701 0.007327211089432239
v 0.023855747655034065 0.056730527430772795 0.006670163013041019
v 0.021998146548867226 0.056917291134595885 0.005910736043006181
v 0.02444629929959774 0.05690705776214601 0.005952355917543172
v 0.022506702691316605 0.05710186064243318 0.005160244647413491
v 0.02494470402598381 0.057101700454950347 0.005160908214747905
v 0.02286016196012497 0.05728751420974733 0.004405338317155837
v 0.023058662191033363 0.05747425183653833 0.003646002151072025
v 0.023102901875972748 0.057662088423967375 0.002882207045331597
v 0.02549050562083721 0.057535026222467436 0.0033988812938332553
v 0.025306347757577896 0.05731187388300897 0.004306275863200425
v 0.025465240702033043 0.05776135250926019 0.002478602575138211
v 0.022928733378648758 0.057903684675693526 0.0018998372834175823
v 0.02275199443101883 0.057662088423967375 0.002882212400436401
v -0.02284800447523594 0.057662088423967375 0.0028822126332670446
v -0.023024745285511017 0.057903684675693526 0.001899837516248226
v -0.025325767695903778 0.05798640847206117 0.001563471392728388
v -0.02284800447523594 0.057903684675693526 0.0018998405430465934
v -0.022709494456648827 0.058093231171369566 0.0011290871771052478
v -0.024964364245533943 0.05817685276269914 0.000789051642641425
v -0.024494891986250877 0.058354333043098464 6.739313539583235e-05
v -0.022255878895521164 0.05827232450246812 0.00040084167267195875
v -0.023924605920910835 0.058511279523372664 -0.0005707915406674146
v -0.021663885563611984 0.05844097211956979 -0.00028489882242865855
v -0.0232772845774889 0.05865160003304483 -0.0011413715546950696
v -0.02093350887298584 0.05859916284680368 -0.0009281340753659605
v -0.02257811464369297 0.05877747014164926 -0.0016531751025468109
v -0.02108784019947052 0.05899371206760408 -0.002532468177378177
v -0.019972236827015877 0.05876201391220094 -0.0015903281746432183
v -0.018835850059986115 0.05891627073287965 -0.0022175908088684078
v -0.01951359398663044 0.059174597263336196 -0.003268009284511208
v -0.017901038751006126 0.05932684242725374 -0.0038870743010193105
v -0.017524348571896553 0.05906194448471071 -0.0028099217452108856
v -0.01603773608803749 0.05919902399182321 -0.0033673211000859733
v -0.016260724514722824 0.059456620365381255 -0.0044147735461592666
v -0.014597230590879917 0.05956763401627542 -0.00486618373543024
v -0.01437312737107277 0.059327237308025374 -0.0038886731490492816
v -0.012604957446455956 0.0594397932291031 -0.004346345085650682
v -0.011212725192308426 0.05974311009049417 -0.005579709075391292
v -0.008757926523685455 0.05961791425943376 -0.005070649553090333
v -0.010733223520219326 0.0595366843044758 -0.004740337375551461
v -0.004450257867574692 0.059732623398304 -0.00553706707432866
v -0.006622840650379658 0.0596849098801613 -0.0053430614061653605
v -0.007780463434755802 0.059864953160285964 -0.006075149402022361
v -0.004347192123532295 0.05993931740522386 -0.006377531681209802
v -0.0022401795722544193 0.05976105481386186 -0.005652666557580232
v -0.0009146891534328461 0.05997036397457124 -0.0065037733875215045
v 7.3946366683230735e-06 0.059770200401544585 -0.0056898598559200755
v 0.02084607258439064 0.05859754234552385 -0.0009215478785336017
v 0.019893081858754158 0.0587594509124756 -0.0015799180837348101
v 0.022458471357822418 0.058781381696462645 -0.0016690989723429082
v 0.02439170330762863 0.058365833014249816 2.0627448975574222e-05
v 0.022162606939673424 0.058271445333957686 0.0004044407396577298
v 0.021573150530457497 0.05843969807028772 -0.00027972992393188173
v 0.023153072223067284 0.058657057583332076 -0.0011635649716481564
v 0.02096676453948021 0.05899691209197046 -0.0025454815477132793
v 0.018766529858112335 0.058912944048643126 -0.0022040691692382093
v 0.019393766298890114 0.05917706340551378 -0.0032780244946479793
v 0.01746641844511032 0.059058029204607024 -0.002794000785797834
v 0.02524089254438877 0.057982888072729125 0.0015777802327647803
v 0.022614451125264168 0.05809276923537256 0.001130963792093098
v 0.024833297356963158 0.05819006264209749 0.000735362060368061
v 0.02275199443101883 0.057903684675693526 0.0018998403102159498
v 0.02380596287548542 0.05851925909519197 -0.0006032300298102199
v 0.004459937568753958 0.059730794280767455 -0.005529629997909068
v 0.0022536388132721186 0.059760097414255156 -0.005648797843605279
v 0.00251708272844553 0.05996027216315271 -0.00646273186430335
v 0.00875396654009819 0.059614557772874846 -0.005056979600340127
v 0.006626607850193977 0.059682279825210585 -0.005332357715815305
v 0.009378337301313877 0.05981119349598886 -0.005856544245034455
v 0.005948107223957777 0.05990809574723245 -0.006250580307096242
v 0.010720399208366871 0.05953277274966241 -0.004724423866719007
v 0.01778361387550831 0.05932879447937013 -0.003895001485943794
v 0.015992742031812668 0.0591946914792061 -0.003349713515490293
v 0.016144124791026115 0.059458050876855864 -0.004420598503202199
v 0.014339787885546684 0.05932284146547319 -0.0038707910571247335
v 0.012582339346408844 0.05943553522229196 -0.004329028073698281
v 0.012796131893992424 0.05966369435191156 -0.005256799049675464
v 0.014480642043054104 0.059568930417299285 -0.004871446639299392
v -0.009648005478084087 0.06485169380903245 0.00544206891208887
v -0.009647983126342297 0.05878209322690965 0.009457676671445368
v -0.009648020379245281 0.07492022216320039 0.006591545417904853
v -0.009648005478084087 0.07729332894086839 0.003879686119034886
v -0.009647920727729797 0.07696411013603212 0.006327848881483077
v -0.009647998958826065 0.07899496704339982 0.005977455526590346
v 0.009551994502544403 0.07729332894086839 0.003879686119034886
v -4.7870780690573156e-05 0.07916712760925294 0.006189709063619374
v 0.005263497121632099 0.07912409305572511 0.006136649753898381
v -0.004853823222219944 0.0791350081562996 0.006147834472358226
v -0.009648005478084087 0.07729332894086839 0.003879686119034886
v 0.009551985189318657 0.07899496704339982 0.005977450404316186
v -0.009647998958826065 0.07899496704339982 0.005977455526590346
v 0.009551994502544403 0.06485169380903245 0.00544206891208887
v -0.009648005478084087 0.06485169380903245 0.00544206891208887
v -0.009648005478084087 0.07729332894086839 0.003879686119034886
v 0.009551994502544403 0.07729332894086839 0.003879686119034886
v -0.01774800382554531 0.07029680907726289 0.004421066027134656
v -0.01774800382554531 0.06974800676107408 0.003932797349989413
v -0.01774800382554531 0.07267094403505327 0.0023011113516986366
v -0.01774800382554531 0.06929773837327959 0.003352404106408357
v -0.01774800382554531 0.0722499191761017 0.0022177505306899543
v -0.01774800382554531 0.07092564553022386 0.004800742492079734
v -0.01774800382554531 0.07161331176757814 0.005059023387730121
v -0.01774800382554531 0.06896120309829713 0.00269945990294218
v -0.01774800382554531 0.06256841868162157 0.0024900534190237518
v -0.01774800382554531 0.06281000375747682 0.0015076812123879788
v -0.01774800382554531 0.06874974071979524 0.0019959839992225166
v -0.01774800382554531 0.07165407389402391 0.0016229604370892046
v -0.01774800382554531 0.07156997174024583 0.0012020827271044252
v -0.01774800382554531 0.07189283519983293 0.0019796155393123622
v -0.01774800382554531 0.07307115942239763 0.005180941894650458
v -0.01774800382554531 0.07233660668134691 0.005187197122722863
v -0.01774800382554531 0.07447533309459688 0.004770515486598014
v -0.01774800382554531 0.07379216700792314 0.005040468648076057
v -0.01774800382554531 0.07509762048721315 0.004380184691399335
v -0.01774800382554531 0.07563803344964982 0.003882641205564141
v -0.01774800382554531 0.0730918198823929 0.0022170078009366985
v -0.01774800382554531 0.07344847172498704 0.001978242769837379
v -0.01774800382554531 0.07607834041118623 0.0032946642022579904
v -0.01774800382554531 0.0764037072658539 0.0026360831689089532
v -0.01774800382554531 0.07660316675901414 0.0019291084026917813
v -0.01774800382554531 0.07368660718202592 0.001621166826225817
v -0.01774800382554531 0.07666996866464616 0.0011975822271779177
v -0.01774800382554531 0.06867325305938722 0.0010390358511358497
v -0.01774800382554531 0.07165332883596422 0.0007810571696609258
v -0.01774800382554531 0.06877925246953966 0.00027249686536379153
v -0.01774800382554531 0.0718914642930031 0.00042398122604936356
v -0.01774800382554531 0.06903086602687837 -0.0004592876939568668
v -0.01774800382554531 0.07224812358617784 0.0001852163404691964
v -0.01774800382554531 0.06941867619752885 -0.0011289299000054596
v -0.01774800382554531 0.0699281692504883 -0.0017113678622990844
v -0.01774800382554531 0.07266899943351747 0.00010111239680554716
v -0.01774800382554531 0.07054027915000917 -0.002184802899137139
v -0.01774800382554531 0.07123209536075593 -0.00253151636570692
v -0.01774800382554531 0.07425466179847719 -0.0024715894833207126
v -0.01774800382554531 0.07351782917976381 -0.0027079973369836803
v -0.01774800382554531 0.07197771966457368 -0.002738531911745667
v -0.01774800382554531 0.07659443467855455 0.00042744399979710573
v -0.01774800382554531 0.07344710081815721 0.00042260845657438034
v -0.01774800382554531 0.07637202739715578 -0.00031373871024698014
v -0.01774800382554531 0.07368586212396623 0.0007792635587975382
v -0.01774800382554531 0.07376996427774431 0.0012001412687823174
v -0.01774800382554531 0.07309002429246904 0.00018447340698912737
v -0.01774800382554531 0.07552506029605867 -0.001600401592440903
v -0.01774800382554531 0.07493219524621965 -0.002097726799547672
v -0.01774800382554531 0.07601106166839601 -0.0009982264600694177
v -0.01774800382554531 0.07274925708770753 -0.0027981018647551532
v 0.01765199564397335 0.07049664109945299 -0.0021569589152932163
v 0.01765199564397335 0.06989817321300508 -0.0016828260850161312
v 0.01765199564397335 0.07266899943351747 0.00010111227311426772
v 0.01765199564397335 0.06940068304538728 -0.0011036142241209743
v 0.01765199564397335 0.07224812358617784 0.00018521620950195936
v 0.01765199564397335 0.0711743012070656 -0.002508737379685044
v 0.01765199564397335 0.0734468698501587 -0.002722716191783547
v 0.01765199564397335 0.0719064623117447 -0.002725344151258468
v 0.01765199564397335 0.0690223202109337 -0.0004404275678098201
v 0.01765199564397335 0.07165332883596422 0.0007810570532456039
v 0.01765199564397335 0.06877686083316804 0.0002825701667461544
v 0.01765199564397335 0.06867325305938722 0.001039035734720528
v 0.01765199564397335 0.07156997174024583 0.0012020826106891034
v 0.01765199564397335 0.06874974071979524 0.0019959839992225166
v 0.01765199564397335 0.0718914642930031 0.00042398110963404173
v 0.01765199564397335 0.07419743388891221 -0.002495755441486835
v 0.01765199564397335 0.07488931715488435 -0.0021267263218760486
v 0.01765199564397335 0.07549589872360231 -0.0016298100817948578
v 0.01765199564397335 0.0759938806295395 -0.001024103141389787
v 0.01765199564397335 0.07309002429246904 0.00018447327602189032
v 0.01765199564397335 0.07266643643379213 -0.0027988865040242668
v 0.01765199564397335 0.07344710081815721 0.0004226083401590585
v 0.01765199564397335 0.07636413723230363 -0.00033288242411799723
v 0.01765199564397335 0.07659242302179338 0.0004172888293396681
v 0.01765199564397335 0.07368586212396623 0.0007792634423822163
v 0.01765199564397335 0.07666996866464616 0.001197581994347274
v 0.01765199564397335 0.07376996427774431 0.0012001411523669956
v 0.01765199564397335 0.06281000375747682 0.001507681095972657
v 0.01765199564397335 0.06256841868162157 0.002490053186193108
v 0.01765199564397335 0.06894283741712572 0.0026531780604273076
v 0.01765199564397335 0.07189283519983293 0.0019796155393123622
v 0.01765199564397335 0.07165407389402391 0.001622960204258561
v 0.01765199564397335 0.06924523413181306 0.0032677915878593917
v 0.01765199564397335 0.0722499191761017 0.0022177505306899543
v 0.01765199564397335 0.06964804977178575 0.0038218006957322355
v 0.01765199564397335 0.07267094403505327 0.002301111118867993
v 0.01765199564397335 0.07013948261737825 0.004298959858715533
v 0.01765199564397335 0.07070512324571611 0.004685276187956332
v 0.01765199564397335 0.07132837921380998 0.004969421308487653
v 0.01765199564397335 0.07345379143953325 0.0051235626451671115
v 0.01765199564397335 0.0719909891486168 0.005143064074218272
v 0.01765199564397335 0.07636683434247972 0.002728583989664912
v 0.01765199564397335 0.07344847172498704 0.001978242769837379
v 0.01765199564397335 0.0730918198823929 0.002217007568106055
v 0.01765199564397335 0.07659379392862321 0.0019780111033469434
v 0.01765199564397335 0.07368660718202592 0.0016211665933951733
v 0.01765199564397335 0.07550089061260225 0.004027041606605052
v 0.01765199564397335 0.07420396059751512 0.00489527778699994
v 0.01765199564397335 0.07489518821239473 0.004525027703493833
v 0.01765199564397335 0.07599779963493349 0.0034204570110887285
v 0.01765199564397335 0.07267349958419801 0.005201110616326331
v 0.019151994958519936 0.07309002429246904 0.00018447327602189032
v 0.01765199564397335 0.07309002429246904 0.00018447327602189032
v 0.019151994958519936 0.07368586212396623 0.0007792633841745554
v 0.01765199564397335 0.07368586212396623 0.0007792634423822163
v 0.01765199564397335 0.07344710081815721 0.0004226083401590585
v 0.019151994958519936 0.07344710081815721 0.0004226083401590585
v 0.019151994958519936 0.07376996427774431 0.0012001411523669956
v 0.01765199564397335 0.07376996427774431 0.0012001411523669956
v 0.019151994958519936 0.07344847172498704 0.001978242769837379
v 0.01765199564397335 0.07344847172498704 0.001978242769837379
v 0.01765199564397335 0.07368660718202592 0.0016211665933951733
v 0.01765199564397335 0.0730918198823929 0.002217007568106055
v 0.019151994958519936 0.0730918198823929 0.002217007568106055
v 0.019151994958519936 0.07368660718202592 0.0016211665933951733
v -0.01774800382554531 0.07309002429246904 0.00018447340698912737
v -0.019248005002737045 0.07309002429246904 0.00018447340698912737
v -0.01774800382554531 0.07368586212396623 0.0007792635587975382
v -0.019248005002737045 0.07368586212396623 0.0007792635587975382
v -0.019248005002737045 0.07344710081815721 0.00042260845657438034
v -0.01774800382554531 0.07344710081815721 0.00042260845657438034
v -0.01774800382554531 0.07376996427774431 0.0012001412687823174
v -0.019248005002737045 0.07376996427774431 0.0012001412687823174
v -0.01774800382554531 0.07344847172498704 0.001978242769837379
v -0.019248005002737045 0.07344847172498704 0.001978242769837379
v -0.019248005002737045 0.07368660718202592 0.001621166826225817
v -0.019248005002737045 0.0730918198823929 0.0022170078009366985
v -0.01774800382554531 0.0730918198823929 0.0022170078009366985
v -0.01774800382554531 0.07368660718202592 0.001621166826225817
v -0.01774800382554531 0.07189283519983293 0.0019796155393123622
v -0.019248005002737045 0.07189283519983293 0.0019796155393123622
v -0.019248005002737045 0.0722499191761017 0.0022177505306899543
v -0.01774800382554531 0.0722499191761017 0.0022177505306899543
v -0.019248005002737045 0.07267094403505327 0.0023011113516986366
v -0.01774800382554531 0.07267094403505327 0.0023011113516986366
v -0.01774800382554531 0.07165407389402391 0.0016229604370892046
v -0.019248005002737045 0.07165407389402391 0.0016229604370892046
v -0.01774800382554531 0.07224812358617784 0.0001852163404691964
v -0.01774800382554531 0.07266899943351747 0.00010111239680554716
v -0.019248005002737045 0.07266899943351747 0.00010111240408150478
v -0.01774800382554531 0.07165332883596422 0.0007810571696609258
v -0.019248005002737045 0.07165332883596422 0.0007810571696609258
v -0.019248005002737045 0.07156997174024583 0.0012020827271044252
v -0.019248005002737045 0.07224812358617784 0.0001852163404691964
v -0.019248005002737045 0.0718914642930031 0.00042398122604936356
v -0.01774800382554531 0.0718914642930031 0.00042398122604936356
v -0.01774800382554531 0.07156997174024583 0.0012020827271044252
v 0.019151994958519936 0.07189283519983293 0.0019796155393123622
v 0.01765199564397335 0.07189283519983293 0.0019796155393123622
v 0.01765199564397335 0.0722499191761017 0.0022177505306899543
v 0.019151994958519936 0.0722499191761017 0.0022177505306899543
v 0.01765199564397335 0.07267094403505327 0.002301111118867993
v 0.019151994958519936 0.07267094403505327 0.002301111118867993
v 0.019151994958519936 0.07165407389402391 0.001622960204258561
v 0.01765199564397335 0.07165407389402391 0.001622960204258561
v 0.019151994958519936 0.07224812358617784 0.00018521620950195936
v 0.019151994958519936 0.07266899943351747 0.00010111226583831011
v 0.01765199564397335 0.07266899943351747 0.00010111227311426772
v 0.019151994958519936 0.07165332883596422 0.0007810570532456039
v 0.01765199564397335 0.07165332883596422 0.0007810570532456039
v 0.01765199564397335 0.07156997174024583 0.0012020826106891034
v 0.01765199564397335 0.07224812358617784 0.00018521620950195936
v 0.01765199564397335 0.0718914642930031 0.00042398110963404173
v 0.019151994958519936 0.0718914642930031 0.00042398110963404173
v 0.019151994958519936 0.07156997174024583 0.0012020826106891034
v 0.025384321808815002 0.07444902509450914 0.00281200255267322
v 0.025576304644346237 0.0748163014650345 0.002275021746754646
v 0.02536521479487419 0.07483951002359392 0.002827370539307594
v 0.025194784626364708 0.07394900918006898 0.0032318909652531143
v 0.02499357983469963 0.07486888021230699 0.003526182612404227
v 0.02506096102297306 0.07334163784980775 0.0035052064340561624
v 0.02528955228626728 0.07419901341199876 0.003021946875378489
v 0.025336937978863716 0.07432401925325395 0.0029169747140258546
v 0.02494470402598381 0.057101700454950347 0.005160908214747905
v 0.025478225201368332 0.07091837376356126 0.0028418237343430515
v 0.02533837966620922 0.07128466665744783 0.0031609425786882635
v 0.02549050562083721 0.057535026222467436 0.0033988812938332553
v 0.025584004819393158 0.0706201270222664 0.0024493688251823183
v 0.023855747655034065 0.056730527430772795 0.006670163013041019
v 0.02508801594376564 0.07217309623956682 0.0035491154994815584
v 0.025031665340065956 0.0726720839738846 0.003601111005991697
v 0.02444629929959774 0.05690705776214601 0.005952355917543172
v 0.02519768849015236 0.0717076063156128 0.003399714361876249
v 0.02380165085196495 0.07491473853588106 0.004617936443537473
v 0.023089909926056862 0.07493095844984056 0.00500382063910365
v 0.01989709958434105 0.05612422525882722 0.009135536849498747
v 0.0222090445458889 0.0749465897679329 0.005376026965677737
v 0.01807623915374279 0.055989727377891554 0.009682445786893366
v 0.02078339271247387 0.05620869249105455 0.008792069740593432
v 0.024347323924303055 0.07489857822656633 0.00423340406268835
v 0.024737266823649406 0.07488311082124711 0.0038650196511298414
v 0.021639175713062286 0.05630774796009065 0.008389299735426901
v 0.02117120288312435 0.07496106624603273 0.005720415152609347
v 0.019996175542473793 0.07497381418943407 0.006023998837918042
v 0.016222044825553894 0.05589154735207559 0.010081662796437739
v 0.01244783028960228 0.05576844513416292 0.010582242161035536
v 0.018716663122177124 0.07498446106910707 0.006277388893067836
v 0.01454672310501337 0.07501037418842317 0.0068943970836699
v 0.014341524802148342 0.055822100490331664 0.010364053770899771
v 0.022455139085650444 0.0564258322119713 0.007909137755632399
v 0.02319709211587906 0.05656894296407701 0.007327211089432239
v 0.008650588802993298 0.05568529665470125 0.010920332744717596
v 0.009944826364517212 0.07503062486648561 0.00737624242901802
v 0.024833297356963158 0.05819006264209749 0.000735362060368061
v 0.025526544079184532 0.07027767598628999 0.001008933875709772
v 0.025606879964470863 0.07028931379318239 0.0015052442904561756
v 0.02562868595123291 0.07040532678365709 0.0019957232289016242
v 0.02524089254438877 0.057982888072729125 0.0015777802327647803
v 0.025465240702033043 0.05776135250926019 0.002478602575138211
v 0.025306347757577896 0.05731187388300897 0.004306275863200425
v 0.004845894873142242 0.05563282221555711 0.011133712716400622
v 0.005029234103858471 0.07504343241453172 0.007681344170123338
v -4.800510942004621e-05 0.07504786550998689 0.007786891888827085
v 0.001041093491949141 0.05560998618602754 0.011226562783122061
v -0.010040837340056896 0.07503062486648561 0.00737624242901802
v -0.006564125884324312 0.055651564151048674 0.01105749327689409
v -0.005125244148075581 0.07504343241453172 0.007681344170123338
v -0.0027620799373835325 0.055616173893213286 0.011201409623026846
v -0.016036061570048332 0.05587936192750932 0.010131213814020155
v -0.018812673166394234 0.07498446106910707 0.006277388893067836
v -0.020092187449336052 0.07497381418943407 0.006023998837918042
v -0.010364791378378868 0.0557169020175934 0.010791814886033533
v -0.01464273314923048 0.07501037418842317 0.0068943970836699
v -0.02230505272746086 0.0749465897679329 0.005376026965677737
v -0.01789969392120838 0.0559731535613537 0.009749846532940863
v -0.02126721292734146 0.07496106624603273 0.005720415152609347
v -0.02318592183291912 0.07493095844984056 0.00500382063910365
v -0.01975369080901146 0.05610384419560434 0.009218417108058928
v -0.02389766275882721 0.07491473853588106 0.00461793690919876
v -0.02529086172580719 0.0739492103457451 0.003231758717447519
v -0.02546122670173645 0.07483951002359392 0.0028273707721382375
v -0.025385567918419838 0.07419905811548234 0.003021951764822006
v -0.01415356993675232 0.0558135285973549 0.01039891969412565
v -0.024833278730511665 0.07488311082124711 0.003865019883960485
v -0.02242577075958252 0.05640564858913423 0.00799120496958494
v -0.024443333968520164 0.07489858567714693 0.00423340406268835
v -0.02508959174156189 0.07486888021230699 0.0035261828452348705
v -0.02320305071771145 0.05654884129762651 0.007408945355564355
v -0.025480274111032486 0.0744488909840584 0.0028121455106884237
v -0.025672314688563347 0.0748163014650345 0.0022750219795852895
v -0.025127675384283066 0.0726720839738846 0.0036011112388223405
v -0.02515704557299614 0.07334218174219133 0.0035050497390329833
v -0.025163942947983742 0.07229704409837724 0.0035719620063900943
v -0.02389591932296753 0.05671589076519014 0.006729686632752418
v -0.021569417789578438 0.056286934763193144 0.008473922498524187
v -0.025234000757336617 0.0719331130385399 0.003485196270048618
v -0.02067517302930355 0.056187801063060774 0.008877017535269259
v -0.02540808729827404 0.05731633678078653 0.004288135096430778
v -0.0254359133541584 0.07128053158521654 0.0031580105423927303
v -0.02563464641571045 0.07075641304254533 0.0026496623177081342
v -0.025698328390717506 0.07055518776178361 0.0023358843754976984
v -0.025724833831191063 0.07040278613567354 0.0019884395878762002
v -0.025548001751303673 0.057782776653766646 0.002391482004895806
v -0.025590775534510612 0.05754809454083444 0.003345741424709558
v -0.024516882374882698 0.056898567825555815 0.0059868674725294104
v -0.025032708421349525 0.05709798261523248 0.005176002625375985
v -0.019248005002737045 0.07220382988452913 0.0035554089117795225
v -0.025234000757336617 0.0719331130385399 0.003485196270048618
v -0.025163942947983742 0.07229704409837724 0.0035719620063900943
v -0.025127675384283066 0.0726720839738846 0.0036011112388223405
v -0.019248005002737045 0.0726720839738846 0.0036011112388223405
v -0.019248005002737045 0.07067561894655229 0.0025362409651279445
v -0.025698328390717506 0.07055518776178361 0.0023358843754976984
v -0.02563464641571045 0.07075641304254533 0.0026496623177081342
v -0.0254359133541584 0.07128053158521654 0.0031580105423927303
v -0.019248005002737045 0.07097440212965013 0.0028996651526540513
v -0.019248005002737045 0.07175348699092866 0.0034192325547337528
v -0.019248005002737045 0.07045347243547441 0.0021215085871517654
v -0.025724833831191063 0.07040278613567354 0.0019884395878762002
v -0.019248005002737045 0.07133837044239046 0.0031978148035705085
v -0.019248005002737045 0.07031650096178056 0.0016714057419449089
v -0.019248005002737045 0.07219967246055604 -0.001152358599938452
v -0.019248005002737045 0.07266785204410554 -0.001198887010104954
v -0.024795548990368843 0.07266785204410554 -0.001198887010104954
v -0.019248005002737045 0.07026996463537218 0.0012032298836857078
v -0.025690216571092606 0.0702796056866646 0.001415938721038401
v -0.025590069591999054 0.0702977478504181 0.0008370302966795861
v -0.019248005002737045 0.0703156739473343 0.000734972534701228
v -0.025439729914069176 0.07044899463653566 0.000291563308564946
v -0.025240449234843254 0.07071622461080553 -0.00019276126113254574
v -0.019248005002737045 0.07067326456308366 -0.0001304951147176325
v -0.024863336235284805 0.07154396176338197 -0.0009183472138829528
v -0.025033894926309586 0.0710851550102234 -0.0006012069643475114
v -0.019248005002737045 0.07133484631776811 -0.000793237704783678
v -0.019248005002737045 0.07097140699625017 -0.0004944460815750061
v -0.02477155067026615 0.07208554446697236 -0.0011266426881775258
v -0.019248005002737045 0.07174957543611528 -0.0010153875919058917
v -0.019248005002737045 0.07045185565948488 0.0002846287679858505
v 0.024715879932045937 0.07176601141691209 -0.0010221445700153706
v 0.019151994958519936 0.07174957543611528 -0.0010153877083212135
v 0.0248233824968338 0.07136468589305879 -0.0008128971094265579
v 0.019151994958519936 0.07067326456308366 -0.00013049524568486956
v 0.025308167561888695 0.07051120698451997 0.00015242016525007782
v 0.025135427713394165 0.07073270529508592 -0.00021557892614509908
v 0.024969574064016342 0.07101994007825853 -0.0005417034262791275
v 0.019151994958519936 0.07097140699625017 -0.000494446197990328
v 0.02543681673705578 0.07035558670759202 0.0005657781148329376
v 0.019151994958519936 0.07045185565948488 0.00028462862246669823
v 0.019151994958519936 0.07133484631776811 -0.0007932378794066607
v 0.02467028610408306 0.07220944762229921 -0.0011542901629582045
v 0.024699537083506584 0.07266785204410554 -0.0011988872429355977
v 0.019151994958519936 0.07266785204410554 -0.0011988872429355977
v 0.019151994958519936 0.07219967246055604 -0.0011523587163537739
v 0.019151994958519936 0.0703156739473343 0.0007349724182859062
v 0.019151994958519936 0.07220382988452913 0.0035554089117795225
v 0.019151994958519936 0.0726720839738846 0.003601111005991697
v 0.025031665340065956 0.0726720839738846 0.003601111005991697
v 0.02562868595123291 0.07040532678365709 0.0019957232289016242
v 0.025606879964470863 0.07028931379318239 0.0015052442904561756
v 0.019151994958519936 0.07031650096178056 0.001671405625529587
v 0.019151994958519936 0.07045347243547441 0.0021215083543211217
v 0.025584004819393158 0.0706201270222664 0.0024493688251823183
v 0.019151994958519936 0.07026996463537218 0.001203229767270386
v 0.025526544079184532 0.07027767598628999 0.001008933875709772
v 0.02533837966620922 0.07128466665744783 0.0031609425786882635
v 0.025478225201368332 0.07091837376356126 0.0028418237343430515
v 0.019151994958519936 0.07097440212965013 0.0028996649198234077
v 0.02519768849015236 0.0717076063156128 0.003399714361876249
v 0.019151994958519936 0.07133837044239046 0.003197814570739865
v 0.019151994958519936 0.07067561894655229 0.002536240732297301
v 0.02508801594376564 0.07217309623956682 0.0035491154994815584
v 0.019151994958519936 0.07175348699092866 0.003419232321903109
v -0.01774800382554531 0.06877925246953966 0.00027249686536379153
v -0.02296574041247368 0.06873390823602678 0.0004888001712970435
v -0.022717855870723724 0.06886108964681627 -2.0547871827147898e-05
v -0.01774800382554531 0.06867325305938722 0.0010390358511358497
v -0.02314045839011669 0.06867325305938722 0.0010390321258455513
v -0.022417454048991203 0.06904207915067674 -0.00048436646466143424
v -0.01774800382554531 0.06903086602687837 -0.0004592876939568668
v -0.022087639197707176 0.0692679136991501 -0.0009026911575347184
v -0.01774800382554531 0.07054027915000917 -0.002184802899137139
v -0.021047549322247505 0.07019406557083131 -0.0019405295606702564
v -0.02072749100625515 0.07059459388256074 -0.0022183631081134077
v -0.01774800382554531 0.0699281692504883 -0.0017113678622990844
v -0.02138890139758587 0.06984416395425798 -0.0016299268463626502
v -0.01774800382554531 0.06941867619752885 -0.0011289299000054596
v -0.02045314386487007 0.07104960083961488 -0.002455990063026547
v -0.01774800382554531 0.07123209536075593 -0.00253151636570692
v -0.01774800382554531 0.07197771966457368 -0.002738531911745667
v -0.020256027579307556 0.0715647339820862 -0.0026431628502905364
v -0.02017706073820591 0.07212884724140169 -0.0027621171902865167
v -0.023144474253058434 0.07666996866464616 0.0011975822271779177
v -0.01774800382554531 0.07666996866464616 0.0011975822271779177
v -0.023080958053469658 0.07662732899188997 0.0006186596583575009
v -0.01774800382554531 0.07493219524621965 -0.002097726799547672
v -0.021404480561614037 0.0746051073074341 -0.002299615647643804
v -0.021659739315509796 0.07504448294639589 -0.0020182635635137554
v -0.01774800382554531 0.07425466179847719 -0.0024715894833207126
v -0.021042266860604286 0.07419716566801073 -0.002496181288734078
v -0.02071201056241989 0.07374957203865053 -0.0026504409033805128
v -0.021937495097517967 0.07543171197175981 -0.0016924683004617689
v -0.01774800382554531 0.07552506029605867 -0.001600401592440903
v -0.022740056738257408 0.07631590962409975 -0.00044423196231946344
v -0.022942321375012398 0.07650607079267503 6.784487777622415e-05
v -0.01774800382554531 0.07637202739715578 -0.00031373871024698014
v -0.022495463490486145 0.07607112079858781 -0.0009041575831361114
v -0.022222120314836502 0.07577503472566606 -0.0013204539427533744
v -0.01774800382554531 0.07601106166839601 -0.0009982264600694177
v -0.01774800382554531 0.07659443467855455 0.00042744399979710573
v -0.020240897312760353 0.07270351797342302 -0.0027987472712993617
v -0.020432012155652046 0.07325012981891633 -0.0027565921191126104
v -0.01774800382554531 0.07274925708770753 -0.0027981018647551532
v -0.01774800382554531 0.07351782917976381 -0.0027079973369836803
v 0.01765199564397335 0.07550089061260225 0.004027041606605052
v 0.021161101758480072 0.07489046454429628 0.004528146237134933
v 0.021953411400318146 0.07552115619182588 0.00400659255683422
v 0.01765199564397335 0.07420396059751512 0.00489527778699994
v 0.020391106605529785 0.07393439114093782 0.004996008239686488
v 0.020736731588840485 0.07445376366376878 0.004781342111527919
v 0.01765199564397335 0.07489518821239473 0.004525027703493833
v 0.022787882015109062 0.07634761929512025 0.0027742877136915918
v 0.022949280217289925 0.07652737200260164 0.0022596132475882764
v 0.01765199564397335 0.07636683434247972 0.002728583989664912
v 0.02256564237177372 0.07610827684402467 0.0032451215665787454
v 0.01765199564397335 0.07599779963493349 0.0034204570110887285
v 0.022290688008069992 0.0758267790079117 0.003657647175714373
v 0.023037798702716827 0.07663797587156297 0.001706023816950619
v 0.01765199564397335 0.07659379392862321 0.0019780111033469434
v 0.020250817760825157 0.07298883795738222 0.005188381765037774
v 0.01765199564397335 0.07345379143953325 0.0051235626451671115
v 0.01765199564397335 0.07267349958419801 0.005201110616326331
v 0.02022886835038662 0.0733165666460991 0.0051485057920217505
v 0.020279154181480408 0.07363586127758028 0.005082580260932445
v 0.020336145535111427 0.07267349958419801 0.005201110616326331
v 0.01765199564397335 0.07666996866464616 0.001197581994347274
v 0.023045502603054047 0.07666943967342378 0.0011362311197444794
v 0.022975726053118706 0.0766197517514229 0.0005692185950465499
v 0.01765199564397335 0.07636413723230363 -0.00033288242411799723
v 0.02283373475074768 0.07649459689855577 2.9709239242947657e-05
v 0.022630902007222176 0.076303169131279 -0.0004721745790448039
v 0.01765199564397335 0.07659242302179338 0.0004172888293396681
v 0.02238704077899456 0.07605823874473573 -0.0009248304413631557
v 0.01765199564397335 0.07549589872360231 -0.0016298100817948578
v 0.021835699677467346 0.07542424649000169 -0.001699566259048879
v 0.02156081795692444 0.07503978163003923 -0.002021505264565348
v 0.02211637794971466 0.07576397061347963 -0.0013340801233425734
v 0.020940648391842842 0.07419037818908693 -0.002499014604836702
v 0.01765199564397335 0.07419743388891221 -0.002495755441486835
v 0.021308470517396927 0.0746051073074341 -0.0022996158804744478
v 0.01765199564397335 0.07488931715488435 -0.0021267263218760486
v 0.01765199564397335 0.0759938806295395 -0.001024103141389787
v 0.02060554549098015 0.07373358309268953 -0.0026548875030130144
v 0.01765199564397335 0.07266643643379213 -0.0027988865040242668
v 0.02032437175512314 0.07322467863559724 -0.002760238945484161
v 0.020136460661888123 0.07266643643379213 -0.0027988865040242668
v 0.01765199564397335 0.0734468698501587 -0.002722716191783547
v 0.01765199564397335 0.06874974071979524 0.0019959839992225166
v 0.023204095661640167 0.06874974071979524 0.001995984464883804
v 0.023194333538413048 0.06884653866291048 0.002376605290919542
v 0.01765199564397335 0.06894283741712572 0.0026531780604273076
v 0.023132357746362686 0.0689775124192238 0.002739222720265388
v 0.01765199564397335 0.06924523413181306 0.0032677915878593917
v 0.022872164845466614 0.06932450085878374 0.0033937825355678792
v 0.01765199564397335 0.0719909891486168 0.005143064074218272
v 0.01765199564397335 0.06964804977178575 0.0038218006957322355
v 0.01765199564397335 0.07013948261737825 0.004298959858715533
v 0.02250724472105503 0.06975553184747697 0.003940828144550323
v 0.022117912769317627 0.0702592581510544 0.0043930504471063605
v 0.01765199564397335 0.07132837921380998 0.004969421308487653
v 0.021665580570697784 0.07080192863941194 0.004738119896501302
v 0.02117706835269928 0.07136751711368562 0.004983124788850545
v 0.01765199564397335 0.07070512324571611 0.004685276187956332
v 0.020706215873360634 0.07197976112365724 0.005141112953424453
v 0.01765199564397335 0.06256841868162157 0.002490053186193108
v 0.01765199564397335 0.06281000375747682 0.001507681095972657
v 0.02275199443101883 0.057903684675693526 0.0018998403102159498
v 0.02275199443101883 0.057662088423967375 0.002882212400436401
v 0.022928733378648758 0.057903684675693526 0.0018998372834175823
v 0.02275199443101883 0.057903684675693526 0.0018998403102159498
v 0.023044446483254433 0.06867325305938722 0.0010390320094302294
v 0.01765199564397335 0.06281000375747682 0.001507681095972657
v 0.01765199564397335 0.06867325305938722 0.001039035734720528
v 0.023204095661640167 0.06874974071979524 0.001995984464883804
v 0.02275199443101883 0.057662088423967375 0.002882212400436401
v 0.023102901875972748 0.057662088423967375 0.002882207045331597
v 0.01765199564397335 0.06874974071979524 0.0019959839992225166
v 0.01765199564397335 0.06256841868162157 0.002490053186193108
v 0.02036970667541027 0.07102468609809877 -0.0024448549374938007
v 0.020801357924938202 0.07037055492401124 -0.002071915660053491
v 0.01765199564397335 0.07049664109945299 -0.0021569589152932163
v 0.02020975761115551 0.07140149921178819 -0.002592274453490972
v 0.01765199564397335 0.0711743012070656 -0.002508737379685044
v 0.02010834589600563 0.07180918753147127 -0.002705171005800366
v 0.01765199564397335 0.0719064623117447 -0.002725344151258468
v 0.020082121714949608 0.0722387880086899 -0.002775580389425158
v 0.01765199564397335 0.06989817321300508 -0.0016828260850161312
v 0.01765199564397335 0.06940068304538728 -0.0011036142241209743
v 0.021303895860910416 0.06983380019664766 -0.0016195540083572266
v 0.021827375516295433 0.0693904608488083 -0.0010890479898080228
v 0.01765199564397335 0.06877686083316804 0.0002825701667461544
v 0.022324325516819954 0.06904032081365587 -0.00047985312994569535
v 0.022753946483135223 0.06879032403230669 0.00022726564202457664
v 0.01765199564397335 0.0690223202109337 -0.0004404275678098201
v 0.023044446483254433 0.06867325305938722 0.0010390320094302294
v 0.01765199564397335 0.06867325305938722 0.001039035734720528
v -0.02284800447523594 0.057662088423967375 0.0028822126332670446
v -0.02284800447523594 0.057903684675693526 0.0018998405430465934
v -0.01774800382554531 0.06256841868162157 0.0024900534190237518
v -0.01774800382554531 0.06281000375747682 0.0015076812123879788
v -0.01774800382554531 0.06281000375747682 0.0015076812123879788
v -0.02314045839011669 0.06867325305938722 0.0010390321258455513
v -0.01774800382554531 0.06867325305938722 0.0010390358511358497
v -0.02284800447523594 0.057903684675693526 0.0018998405430465934
v -0.023024745285511017 0.057903684675693526 0.001899837516248226
v -0.01774800382554531 0.06874974071979524 0.0019959839992225166
v -0.02329999953508377 0.06874974071979524 0.0019959839992225166
v -0.01774800382554531 0.06256841868162157 0.0024900534190237518
v -0.02284800447523594 0.057662088423967375 0.0028822126332670446
v -0.023198913782835007 0.057662088423967375 0.0028822072781622405
v -0.023129215463995934 0.07663127779960634 0.001756140263751149
v -0.023035289719700813 0.07651586085557939 0.0023007299751043315
v -0.01774800382554531 0.07660316675901414 0.0019291084026917813
v -0.022870993241667747 0.07633306831121446 0.0028073836583644147
v -0.01774800382554531 0.0764037072658539 0.0026360831689089532
v -0.01774800382554531 0.07607834041118623 0.0032946642022579904
v -0.022648943588137627 0.07609479874372484 0.00326763791963458
v -0.02237420529127121 0.0758146569132805 0.003673134138807654
v -0.01774800382554531 0.07509762048721315 0.004380184691399335
v -0.02204165793955326 0.075514554977417 0.004013284109532832
v -0.021257108077406883 0.07489046454429628 0.0045281490311026565
v -0.01774800382554531 0.07563803344964982 0.003882641205564141
v -0.01774800382554531 0.07447533309459688 0.004770515486598014
v -0.02089456468820572 0.07452543079853059 0.004744736943393945
v -0.020580070093274117 0.07410497963428499 0.004934843163937329
v -0.020368093624711037 0.0736108645796776 0.005088877398520707
v -0.01774800382554531 0.07379216700792314 0.005040468648076057
v -0.01774800382554531 0.07307115942239763 0.005180941894650458
v -0.01774800382554531 0.07092564553022386 0.004800742492079734
v -0.02143009379506111 0.07118280231952669 0.004914377350360154
v -0.02210140787065029 0.07040123641490938 0.004495479632169007
v -0.01774800382554531 0.07233660668134691 0.005187197122722863
v -0.020491354167461395 0.07252653688192369 0.005198539700359105
v -0.020761219784617424 0.07204100489616395 0.005151354242116212
v -0.01774800382554531 0.07161331176757814 0.005059023387730121
v -0.023137254640460014 0.06911250948905946 0.003029904561117291
v -0.02327062003314495 0.06889768689870836 0.0025314697995781894
v -0.01774800382554531 0.06896120309829713 0.00269945990294218
v -0.01774800382554531 0.06929773837327959 0.003352404106408357
v -0.022923896089196205 0.06937725096940996 0.0034724462311714883
v -0.022664111107587814 0.06968262046575548 0.0038611397612839933
v -0.01774800382554531 0.06974800676107408 0.003932797349989413
v -0.01774800382554531 0.06874974071979524 0.0019959839992225166
v -0.02329999953508377 0.06874974071979524 0.0019959839992225166
v -0.020335549488663673 0.07306385040283205 0.005181672051548957
v -0.01774800382554531 0.07029680907726289 0.004421066027134656
v -0.0254781823605299 0.0743381753563881 -0.0005243089399300515
v -0.0257252249866724 0.07471778243780137 -5.04635099787265e-05
v -0.025460505858063698 0.07469284534454347 -0.0006453517707996069
v -0.025045165792107582 0.07466678321361543 -0.0012668496929109094
v -0.025202594697475433 0.0738615393638611 -0.0008821954252198337
v -0.02495504915714264 0.07329956442117692 -0.0011148360790684817
v -0.025340387597680092 0.0740998536348343 -0.0007032522116787731
v -0.02257811464369297 0.05877747014164926 -0.0016531751025468109
v -0.025033894926309586 0.0710851550102234 -0.0006012069643475114
v -0.024863336235284805 0.07154396176338197 -0.0009183472138829528
v -0.024795548990368843 0.07266785204410554 -0.001198887010104954
v -0.02108784019947052 0.05899371206760408 -0.002532468177378177
v -0.02477155067026615 0.07208554446697236 -0.0011266426881775258
v -0.024460352957248688 0.07463990896940233 -0.0019077388569712637
v -0.011212725192308426 0.05974311009049417 -0.005579709075391292
v -0.016782080754637718 0.07448324561119081 -0.005644588731229304
v -0.014795382507145405 0.07446189224720003 -0.0061538652516901484
v -0.007780463434755802 0.059864953160285964 -0.006075149402022361
v -0.012632302939891815 0.074443057179451 -0.006603497546166181
v -0.010314540937542915 0.07442709803581239 -0.006984716281294822
v -0.014597230590879917 0.05956763401627542 -0.00486618373543024
v -0.018577009439468384 0.07450667768716814 -0.005085466895252465
v -0.01951359398663044 0.059174597263336196 -0.003268009284511208
v -0.02369086630642414 0.07461258023977281 -0.0025596187915652986
v -0.02016846090555191 0.07453177869319917 -0.004486819729208945
v -0.022723780944943428 0.07458516210317613 -0.0032134240027517076
v -0.02155117318034172 0.07455808669328691 -0.0038592596538364883
v -0.017901038751006126 0.05932684242725374 -0.0038870743010193105
v -0.016260724514722824 0.059456620365381255 -0.0044147735461592666
v -0.007866570726037025 0.07441434264183046 -0.007289656437933444
v -0.025590069591999054 0.0702977478504181 0.0008370302966795861
v -0.025439729914069176 0.07044899463653566 0.000291563308564946
v -0.024494891986250877 0.058354333043098464 6.739313539583235e-05
v -0.025690216571092606 0.0702796056866646 0.001415938721038401
v -0.024964364245533943 0.05817685276269914 0.000789051642641425
v -0.025325767695903778 0.05798640847206117 0.001563471392728388
v -0.025724833831191063 0.07040278613567354 0.0019884395878762002
v -0.023924605920910835 0.058511279523372664 -0.0005707915406674146
v -0.025240449234843254 0.07071622461080553 -0.00019276126113254574
v 0.02543681673705578 0.07035558670759202 0.0005657781148329376
v -0.004347192123532295 0.05993931740522386 -0.006377531681209802
v -0.0232772845774889 0.05865160003304483 -0.0011413715546950696
v -0.005318119190633297 0.0744050368666649 -0.007512278389185666
v -0.0009146891534328461 0.05997036397457124 -0.0065037733875215045
v -0.002700486220419407 0.07439940422773363 -0.0076476060785353175
v 0.002605274086818099 0.07439940422773363 -0.007647578138858079
v 0.00251708272844553 0.05996027216315271 -0.00646273186430335
v -4.8005167627707124e-05 0.0743975415825844 -0.007693190593272447
v 0.005223674699664116 0.0744050368666649 -0.0075121698901057235
v 0.010221416130661964 0.07442711293697359 -0.006984299514442681
v 0.005948107223957777 0.05990809574723245 -0.006250580307096242
v 0.007772829849272966 0.07441435009241106 -0.007289416156709193
v 0.01253968384116888 0.0744430795311928 -0.006602867040783166
v 0.009378337301313877 0.05981119349598886 -0.005856544245034455
v 0.014703139662742615 0.07446192950010301 -0.006152993068099021
v 0.016690075397491455 0.0744832828640938 -0.00564345484599471
v 0.012796131893992424 0.05966369435191156 -0.005256799049675464
v 0.018485093489289284 0.07450672984123231 -0.0050840629264712325
v 0.021459020674228668 0.07455816119909288 -0.003857329953461885
v 0.016144124791026115 0.059458050876855864 -0.004420598503202199
v 0.02007649466395378 0.07453184574842454 -0.004485147539526223
v 0.023597994819283485 0.07461267709732057 -0.0025572455488145347
v 0.019393766298890114 0.05917706340551378 -0.0032780244946479793
v 0.022631319239735603 0.0745852515101433 -0.003211258444935083
v 0.024366989731788635 0.07464001327753068 -0.0019051942508667705
v 0.01778361387550831 0.05932879447937013 -0.003895001485943794
v 0.024951254948973656 0.07466688752174379 -0.0012641742359846828
v 0.025106405839323997 0.07386119663715364 -0.000882391701452434
v 0.024858972057700157 0.0732993707060814 -0.001114886370487511
v 0.025366121903061867 0.07469295710325242 -0.0006425506435334681
v 0.024699537083506584 0.07266785204410554 -0.0011988872429355977
v 0.025629565119743347 0.07471769303083421 -5.095222149975597e-05
v 0.025382228195667267 0.07433827221393587 -0.0005242215702310203
v 0.025244317948818207 0.07409973442554475 -0.0007033066940493881
v 0.014480642043054104 0.059568930417299285 -0.004871446639299392
v 0.02096676453948021 0.05899691209197046 -0.0025454815477132793
v 0.02467028610408306 0.07220944762229921 -0.0011542901629582045
v 0.024715879932045937 0.07176601141691209 -0.0010221445700153706
v 0.022458471357822418 0.058781381696462645 -0.0016690989723429082
v 0.024969574064016342 0.07101994007825853 -0.0005417034262791275
v 0.025135427713394165 0.07073270529508592 -0.00021557892614509908
v 0.023153072223067284 0.058657057583332076 -0.0011635649716481564
v 0.0248233824968338 0.07136468589305879 -0.0008128971094265579
v 0.02380596287548542 0.05851925909519197 -0.0006032300298102199
v 0.025308167561888695 0.07051120698451997 0.00015242016525007782
v 0.02439170330762863 0.058365833014249816 2.0627448975574222e-05
v 0.009944826364517212 0.07503062486648561 0.00737624242901802
v 0.012245774269104004 0.07502049952745439 0.0071353199891746035
v 0.01434823963791132 0.07645112276077272 0.006796538364142179
v 0.016105560585856438 0.07565489411354066 0.0066462699323892585
v 0.01454672310501337 0.07501037418842317 0.0068943970836699
v 0.01663169264793396 0.07499741017818452 0.006585892755538224
v -4.820910544367507e-05 0.08585900813341142 -0.0050775185227394095
v 0.00034276925725862384 0.08598563075065614 -0.004944456741213798
v 0.003080977126955986 0.08549669384956361 -0.005342490039765834
v -4.743825411424041e-05 0.08490483462810518 -0.005883728154003619
v -4.782367977895774e-05 0.0853819325566292 -0.005480623804032802
v 0.0015129782259464264 0.08502250909805299 -0.005783090833574533
v -4.800241003977135e-05 0.08462569117546083 -0.006041965447366237
v 0.0009201529901474714 0.08417836576700212 -0.006320653017610311
v -4.856656232732348e-05 0.08434655517339708 -0.006200202275067567
v 0.0020144071895629168 0.08379586040973665 -0.006484218407422303
v -4.9694870540406555e-05 0.08378828316926958 -0.006516676396131515
v 0.002726704580709338 0.0846935957670212 -0.005968724377453326
v 0.004315817262977362 0.08517885953187944 -0.005521530751138925
v 0.003844120306894183 0.0843210741877556 -0.006131508853286504
v 0.004434991627931595 0.08592183142900468 -0.0048274658620357505
v 0.005688683595508337 0.08561446517705919 -0.004996419418603181
v -4.809223901247606e-05 0.08325314521789552 -0.0067263348028063765
v -4.832118429476395e-05 0.08332958072423936 -0.0066963830031454554
v -3.0468670956906863e-05 0.08326353877782823 -0.006726349238306283
v 0.0030893206130713224 0.0861790180206299 -0.0046450458467006675
v 0.005453964229673147 0.08481620252132417 -0.005680064670741557
v 0.001815943163819611 0.08238037675619127 -0.0069567812606692305
v 0.003368827048689127 0.08143094182014467 -0.007115276996046304
v -4.800514579983428e-05 0.08152621239423753 -0.007135810796171426
v -4.8005142161855474e-05 0.08202865719795228 -0.007037476170808076
v -4.800514943781309e-05 0.08052133768796922 -0.007332479581236838
v 0.0011234007542952895 0.08088602870702745 -0.007266003638505935
v 0.002505580661818385 0.07989159971475603 -0.007397152017801999
v 0.00021101195306982845 0.07934519648551942 -0.007498158141970634
v 0.0037299662362784147 0.07887144386768342 -0.007478384301066398
v -4.8005153075791895e-05 0.07950551807880403 -0.007461205124855041
v 0.004724076483398676 0.08044344186782838 -0.007224633824080228
v 0.0009422953589819372 0.08283518254756929 -0.00685541471466422
v -4.8005142161855474e-05 0.08253109455108644 -0.006939141545444726
v -4.7863290092209354e-05 0.08317668735980989 -0.00675628613680601
v 0.02319752424955368 0.07548441737890245 0.004911857191473245
v 0.02344577945768833 0.0749228522181511 0.004810878075659274
v 0.02356141060590744 0.07500045001506807 0.00475598033517599
v 0.0030128678772598505 0.08337619155645372 -0.006619302555918693
v 0.006496622692793608 0.08441492170095445 -0.005815621931105851
v 0.004864302929490805 0.08391085267066957 -0.006268049590289592
v 0.005790354683995247 0.08347076177597047 -0.0063781910575926295
v 0.00744770560413599 0.08398205786943437 -0.005927696358412503
v 0.003914341330528259 0.08292866498231889 -0.006725860759615897
v 0.005479551386088133 0.08198397606611253 -0.006875657942146062
v 0.006820508744567633 0.08099620044231416 -0.00696688238531351
v 0.007396597880870104 0.08253015577793123 -0.006531127728521823
v 0.00875141005963087 0.0815383940935135 -0.00661640241742134
v 0.009104161523282528 0.08304785937070848 -0.0060872258618474
v 0.007997515611350536 0.07997757941484453 -0.007009269203990697
v 0.005921764764934778 0.0794268697500229 -0.007285036612302064
v 0.006848666351288557 0.08526160567998887 -0.005148409865796565
v 0.0016603261465206742 0.08638527989387514 -0.004453453700989484
v -4.8107114707818255e-05 0.08624661713838579 -0.0046060075983405105
v 0.0027810900937765837 0.08672684431076051 -0.003913176711648702
v -4.800512033398263e-05 0.08663421869277955 -0.004134496208280324
v -4.935240576742217e-05 0.08726806938648225 -0.0029791272245347496
v 0.0006553587154485285 0.0872418060898781 -0.0030341595411300655
v -4.8678764869691804e-05 0.0869511440396309 -0.003556811716407537
v 0.003721970599144697 0.08700533956289293 -0.0033367965370416637
v 0.0014178588753566146 0.08744505047798158 -0.002487919526174664
v -4.800511305802502e-05 0.08764714002609254 -0.001817385316826403
v 0.004502695985138416 0.08721912652254106 -0.002737634582445025
v 0.0055794669315218925 0.08628156036138536 -0.004255055915564298
v 0.007348699029535055 0.0867966115474701 -0.0030038820113986726
v 0.006541200447827578 0.08657291531562807 -0.003641857765614986
v 0.006853494327515364 0.08598410338163377 -0.004412115085870027
v 0.002032811753451824 0.08759313821792604 -0.0019352217204868791
v 0.005138874519616365 0.08736973255872728 -0.002130970591679215
v 0.002514754654839635 0.08768766373395921 -0.0013841304462403057
v 0.005643940065056086 0.08746072649955751 -0.0015289863804355262
v 0.008014971390366554 0.08695473521947862 -0.0023552242200821634
v -4.800513488589786e-05 0.08781499415636064 -0.0005586039042100309
v 0.002878936007618904 0.0877351611852646 -0.000832312216516584
v 0.006026753690093756 0.08750074356794359 -0.0009295159252360462
v 0.003134253667667508 0.08774225413799287 -0.0002759491326287388
v 0.003263491904363036 0.08771100640296937 0.00028431520331650967
v 0.006290546152740717 0.08749847114086153 -0.00032766716321930284
v 0.008548199199140072 0.08705078810453416 -0.0017069975147023795
v 0.011161127127707005 0.08647172898054124 -0.0018931840313598511
v 0.008952740579843521 0.0870926082134247 -0.0010602923575788734
v 0.010594567283987999 0.08636303246021272 -0.00257713021710515
v 0.009228760376572609 0.08708836883306505 -0.00041336624417454
v 0.011890310794115067 0.08652541786432268 -0.000520002155099064
v 0.00936345849186182 0.08704327046871187 0.0002368408459005877
v 0.012038775719702244 0.08648292720317842 0.00017072512127924708
v 0.011593826115131378 0.08652359992265703 -0.0012072322424501178
v 0.006420620251446962 0.08745776861906053 0.0002780137001536786
v 0.009892245754599571 0.08619104325771333 -0.003255918156355619
v 0.007915995083749294 0.0848694145679474 -0.005281070712953805
v 0.008037985302507877 0.08564148098230363 -0.004555808845907449
v 0.00904466025531292 0.08595147728919984 -0.003919638227671384
v 0.011204581707715988 0.08517348021268846 -0.004149472806602716
v 0.010140606202185154 0.08484333753585817 -0.00479501113295555
v 0.008894226513803005 0.08444439619779588 -0.005393499974161386
v 0.010606614872813225 0.08352002501487733 -0.005559776443988084
v 0.010493158362805843 0.08205388486385347 -0.006176031194627284
v 0.011912966147065163 0.08393279463052751 -0.0049661053344607345
v 0.013037081807851791 0.08427999168634416 -0.004322398453950881
v 0.013401016592979431 0.08294782787561418 -0.005073506385087966
v 0.012104337103664875 0.08543283492326738 -0.003472552634775638
v 0.013993294909596443 0.084558442234993 -0.0036435490474104877
v 0.012042197398841381 0.08252792060375215 -0.005657254718244075
v 0.012852804735302925 0.08562380075454713 -0.0027757859788835044
v 0.013459516689181328 0.08575028926134111 -0.002068368252366781
v 0.014248655177652836 0.08583252876996995 -0.0006356590893119573
v 0.013925657607614994 0.08581790328025819 -0.0013542749220505355
v 0.014792907983064651 0.08476941287517549 -0.0029404268134385343
v 0.015444655902683735 0.08491571247577669 -0.002221839968115091
v 0.016437413170933723 0.08382979035377504 -0.0030671989079564805
v 0.015950005501508713 0.08500202745199205 -0.001492397394031286
v 0.015588261187076569 0.08360083401203157 -0.00376672763377428
v 0.016307400539517403 0.08503331243991853 -0.0007553056348115205
v 0.017682520672678947 0.08410053700208665 -0.0016163231339305637
v 0.016510477289557457 0.0850140303373337 -1.2366621376713736e-05
v 0.018324952572584152 0.08414615690708162 -0.00012433213123586026
v 0.01713465340435505 0.08399521559476854 -0.0023487026337534185
v 0.01441927906125784 0.08579944819211961 8.739166514715178e-05
v 0.01457932684570551 0.08330684900283815 -0.004438861738890409
v 0.01808096654713154 0.084149606525898 -0.0008739862241782247
v 0.024737266823649406 0.07488311082124711 0.0038650196511298414
v 0.02434275858104229 0.07536122947931291 0.004201636649668216
v 0.024542296305298805 0.07489085197448732 0.0040492117404937735
v 0.0048360503278672695 0.07783689349889757 -0.007507669273763894
v 0.0014590909704566002 0.07831814885139467 -0.007594943977892398
v -4.80051567137707e-05 0.07848969846963884 -0.0075899302028119555
v 0.0069967168383300304 0.0783922001719475 -0.0072958050295710555
v 0.002596106845885515 0.0772799775004387 -0.007641253527253865
v -4.800516035174951e-05 0.0764453560113907 -0.00771034974604845
v 0.003643439617007971 0.07624091207981111 -0.007634534034878015
v 0.002605274086818099 0.07439940422773363 -0.007647578138858079
v -4.8005167627707124e-05 0.0743975415825844 -0.007693190593272447
v -4.800516398972832e-05 0.07542145252227785 -0.0077017699368298045
v 0.0079796789214015 0.07734941691160203 -0.00725808274000883
v 0.005850034300237894 0.0767977759242058 -0.007484964560717343
v 0.009820319712162018 0.07527264207601549 -0.007052860222756862
v 0.00904803816229105 0.07893874496221544 -0.007004805840551852
v 0.010004499927163124 0.07788915932178499 -0.006955528631806373
v 0.004640616942197084 0.07521245628595354 -0.007574671879410743
v 0.016690075397491455 0.0744832828640938 -0.00564345484599471
v 0.015696607530117035 0.0744725987315178 -0.005898223724216222
v 0.016728021204471588 0.07459484040737153 -0.00562875997275114
v 0.009924767538905144 0.08051372319459917 -0.006649486254900693
v 0.011681538075208664 0.08102313429117204 -0.006209390703588723
v 0.010962328873574734 0.07946767657995225 -0.006636573467403649
v 0.013259529136121273 0.08149394392967226 -0.005697946995496749
v 0.014655672013759613 0.08191546052694322 -0.0051255631260573855
v 0.012719174847006798 0.07996927946805955 -0.00619602808728814
v 0.011898632161319256 0.07840916514396669 -0.0065812263637781135
v 0.013591324910521507 0.07628257572650911 -0.006361208390444516
v 0.013642861507833004 0.07890132069587709 -0.006141121964901685
v 0.015723975375294685 0.0808534622192383 -0.005130340810865163
v 0.01430832501500845 0.08043409883975984 -0.005691039375960826
v 0.016644135117530823 0.07977233082056047 -0.00509437546133995
v 0.015226820483803749 0.07935804128646852 -0.00564283225685358
v 0.015875590965151787 0.08228109776973726 -0.004503887612372636
v 0.011767380870878696 0.07578808069229127 -0.006738829892128705
v 0.0077784680761396885 0.07474295794963838 -0.0072979037649929515
v 0.007772829849272966 0.07441435009241106 -0.007289416156709193
v 0.0064982520416378975 0.07440969347953798 -0.007400792557746171
v 0.005223674699664116 0.0744050368666649 -0.0075121698901057235
v 0.010221416130661964 0.07442711293697359 -0.006984299514442681
v 0.015272045508027077 0.07675000280141832 -0.005927693098783492
v 0.01253968384116888 0.0744430795311928 -0.006602867040783166
v 0.016048869118094444 0.0782734975218773 -0.005559151526540517
v 0.017450476065278053 0.07868046313524248 -0.005023889243602752
v 0.016799720004200935 0.07718501240015031 -0.005446494556963443
v 0.018148232251405716 0.07500411570072175 -0.0051690060645341864
v 0.018169112503528595 0.07758270204067232 -0.004925533197820186
v 0.014703139662742615 0.07446192950010301 -0.006152993068099021
v 0.018485093489289284 0.07450672984123231 -0.0050840629264712325
v 0.019413918256759644 0.07537973672151567 -0.004679597448557614
v 0.016968902200460434 0.08122138679027559 -0.0045235930010676375
v 0.016927098855376244 0.0825861766934395 -0.0038443021476268764
v 0.017818093299865723 0.08282967656850816 -0.0031558929476886983
v 0.018048422411084175 0.08153333514928819 -0.0038802798371762033
v 0.018969407305121422 0.0817876383662224 -0.0032082505058497186
v 0.01789645478129387 0.08013911545276643 -0.004503963980823754
v 0.018692446872591972 0.07904336601495744 -0.0044510168954730025
v 0.019779494032263756 0.07935866713523866 -0.0038472579326480623
v 0.018987998366355896 0.08045428246259691 -0.0038795154541730876
v 0.01992524042725563 0.0807158648967743 -0.00322757544927299
v 0.020450696349143982 0.07825230807065965 -0.003789874259382486
v 0.020718248561024666 0.07962433248758317 -0.003217887599021196
v 0.0193839892745018 0.07793947309255601 -0.004371395800262689
v 0.01855570077896118 0.08301193267107011 -0.0024465064052492376
v 0.019143912941217422 0.08313507586717607 -0.0017213308019563554
v 0.019738484174013138 0.08198377490043642 -0.002514427993446588
v 0.019584376364946365 0.08320174366235734 -0.0009844943415373562
v 0.02083548530936241 0.08220652490854265 -0.0010798653820529578
v 0.01987246237695217 0.0832149460911751 -0.00023854066967032847
v 0.021164221689105034 0.08223688602447511 -0.00034508199314586813
v 0.0203597079962492 0.0821228474378586 -0.0018036705441772936
v 0.020714594051241875 0.08092279732227327 -0.0025539228226989503
v 0.021359996870160103 0.08107543736696245 -0.0018626488745212553
v 0.021864386275410652 0.08117457479238512 -0.0011570500209927557
v 0.022175539284944534 0.08000233024358751 -0.0018990455428138373
v 0.022229202091693878 0.08122138679027559 -0.000438935006968677
v 0.023098470643162727 0.08017566800117494 -0.0005177136627025901
v 0.021515343338251114 0.07983898371458055 -0.002567454474046826
v 0.022702645510435104 0.08011443167924882 -0.001215198542922735
v 0.02053496055305004 0.07571953535079957 -0.0041657453402876845
v 0.0210252795368433 0.07713899761438371 -0.003714887890964746
v 0.02192680537700653 0.07740470021963121 -0.0031355372630059715
v 0.02137693017721176 0.07851920276880266 -0.0031849115621298547
v 0.02270500361919403 0.0776260793209076 -0.0025371126830577846
v 0.02217010222375393 0.07873858511447908 -0.0025597689673304553
v 0.022392235696315765 0.07628434896469118 -0.00307726371102035
v 0.023145824670791626 0.07650522887706758 -0.0025050949770957227
v 0.02007649466395378 0.07453184574842454 -0.004485147539526223
v 0.021459020674228668 0.07455816119909288 -0.003857329953461885
v 0.021524550393223763 0.07602176815271379 -0.003631167579442262
v 0.022631319239735603 0.0745852515101433 -0.003211258444935083
v 0.023597994819283485 0.07461267709732057 -0.0025572455488145347
v 0.022835180163383484 0.07890964299440385 -0.0019168240251019595
v 0.02336467243731022 0.07780191302299501 -0.0019213665509596465
v 0.023375999182462692 0.07903181016445161 -0.00125806697178632
v 0.023794271051883698 0.07910480350255968 -0.0005848201108165084
v 0.02433912269771099 0.07801315933465959 -0.0006447351770475506
v 0.023909134790301323 0.07793119549751283 -0.0012899909634143112
v 0.023789800703525543 0.07668308913707735 -0.0019166872370988128
v 0.024366989731788635 0.07464001327753068 -0.0019051942508667705
v 0.024654144421219826 0.07569227367639543 -0.0013302975567057727
v 0.024326927959918976 0.07681678235530855 -0.0013141323579475281
v 0.02506832405924797 0.07578492164611818 -0.000744790828321129
v 0.024756411090493202 0.07690513879060747 -0.000698826799634844
v 0.024951254948973656 0.07466688752174379 -0.0012641742359846828
v 0.0032463225070387125 0.08764121681451799 0.0008479199022985994
v 0.006399635225534439 0.08737983554601671 0.0008884075214155017
v -4.8005102144088596e-05 0.08774672448635103 0.0007094832835718988
v 0.0030760765075683594 0.08752805739641191 0.001419093459844589
v -4.884936788585037e-05 0.08751735836267473 0.001720838015899062
v 0.006217608228325844 0.08726014941930772 0.0015055418480187652
v 0.0027481275610625744 0.08736561238765718 0.0020000294316560026
v 0.005866424646228552 0.08709231019020082 0.0021299216896295543
v 0.009341727942228317 0.08696021139621736 0.0008930559852160512
v 0.012025692500174046 0.08640000224113466 0.0008670399547554551
v 0.01184005569666624 0.08627422899007799 0.0015675724716857074
v 0.009152152575552464 0.0868356227874756 0.0015553600387647746
v 0.008785467594861984 0.08666352927684785 0.0022219244856387372
v 0.014261198230087757 0.08559992164373399 0.0015434072120115159
v 0.011472784914076328 0.08610051125288011 0.0022690144833177324
v 0.014426806010305882 0.08572241663932802 0.0008146681357175111
v 0.00225463998503983 0.08714790642261507 0.0025811481755226846
v 0.005339628551155329 0.08686828613281251 0.0027543765027076
v -4.800509486813098e-05 0.08712308108806611 0.002715067937970161
v -4.723617166746408e-05 0.08660549670457841 0.00359655893407762
v 0.0015948107466101646 0.08686899393796922 0.00315294018946588
v 0.004636045079678297 0.08658029884099962 0.00336772296577692
v 0.0007615808863192797 0.08652652055025102 0.003702089190483093
v 0.00267022498883307 0.0857924446463585 0.004505791701376437
v -4.762063326779753e-05 0.08626227080821992 0.004016283899545669
v -4.781286042998545e-05 0.08609066158533098 0.004226146265864371
v 0.003750333096832037 0.08622274547815324 0.00395647995173931
v 0.008237234316766262 0.08643484860658647 0.0028854124248027797
v 0.01091934833675623 0.08586968481540681 0.0029633988160639997
v 0.007503418251872063 0.0861405059695244 0.003534732153639197
v 0.006577181629836559 0.0857733115553856 0.004156161565333604
v 0.010173805058002472 0.08557260036468507 0.003639653557911515
v 0.005450014490634203 0.08532924950122835 0.004733356647193431
v 0.009228566661477089 0.08520198613405229 0.0042836740612983695
v 0.013913107104599476 0.08542808890342714 0.002269506454467773
v 0.016551213338971138 0.08494748920202257 0.0007345018675550817
v 0.01840769499540329 0.08409312367439271 0.0006301216199062764
v 0.016419781371951103 0.08483290672302247 0.0014815148897469042
v 0.016106341034173965 0.08466769754886629 0.002224024152383208
v 0.018320411443710327 0.08399050682783128 0.0013860600301995871
v 0.020001893863081932 0.08317728340625764 0.0005142482696101068
v 0.02134275808930397 0.08221581578254701 0.0003988829557783901
v 0.01996603049337864 0.08308935910463335 0.0012710535665974019
v 0.021365715190768242 0.08214378356933595 0.0011495082871988414
v 0.0180541779845953 0.08383670449256898 0.0021390677429735656
v 0.019758181646466255 0.08295029401779176 0.002027769805863499
v 0.02253635600209236 0.08116097003221513 0.0010279715061187742
v 0.021226484328508377 0.08202020078897478 0.0019029146060347555
v 0.022454507648944855 0.08121688663959505 0.0002901185362134128
v 0.013375261798501015 0.08519912511110307 0.002985470928251743
v 0.015602827072143555 0.08444570749998094 0.002954920986667275
v 0.012640813365578651 0.08490464836359025 0.0036801323294639583
v 0.01490155328065157 0.08415959775447847 0.003662680275738239
v 0.011702019721269608 0.08453777432441713 0.004338910337537526
v 0.01760123111307621 0.08362664282321931 0.0028805935289710756
v 0.019370727241039276 0.08275533467531206 0.00277514848858118
v 0.020915014669299126 0.08184146881103517 0.00265001505613327
v 0.01879146881401539 0.08249896019697191 0.003500440157949924
v 0.016952671110630035 0.08335384726524354 0.003598597832024097
v 0.016097385436296463 0.08301250636577608 0.004278480075299739
v 0.01399383693933487 0.08380302786827089 0.004332528449594974
v 0.018006177619099617 0.08217594772577287 0.004189361818134784
v 0.020417116582393646 0.0816028118133545 0.003378285793587565
v 0.022468332201242447 0.08105297386646272 0.0017711935797706244
v -4.8005091230152175e-05 0.08591905981302263 0.004436008632183074
v -4.773777982336469e-05 0.08554295450448991 0.0047737318091094485
v 0.0013938684714958072 0.08529171347618104 0.004999367520213126
v -4.7470468416577205e-05 0.0851668417453766 0.005111455917358398
v 0.004118791781365871 0.08480987697839738 0.0052476832643151275
v 0.008076092228293419 0.08475373685359956 0.00487839663401246
v 0.006712926551699638 0.08422865718603136 0.00540465535596013
v 0.010551237501204014 0.08409443497657777 0.004944502841681241
v 0.005144529044628143 0.08363339304924013 0.005843479186296462
v 0.0025913333520293236 0.08422336727380754 0.005681113339960574
v -4.8005091230152175e-05 0.08424871414899827 0.005709283519536256
v -4.773777982336469e-05 0.08470777422189714 0.005410369485616683
v 0.009183717891573906 0.08357438445091249 0.005478018894791602
v 0.0033875061199069023 0.08297912776470186 0.006179460790008306
v 0.0008879675297066569 0.0835840627551079 0.006019945722073316
v 0.005814590957015753 0.08232291787862779 0.006261414382606744
v -4.800509486813098e-05 0.08328677713871004 0.006138355005532502
v -4.800509486813098e-05 0.08376773446798326 0.005923819262534379
v -4.800509486813098e-05 0.08277852088212968 0.00627631414681673
v 0.001468279049731791 0.08227455615997316 0.00640518357977271
v -4.800509486813098e-05 0.08227025717496873 0.00641427282243967
v 0.007601072546094656 0.08298159390687944 0.005921321921050548
v 0.012870664708316326 0.08337173610925676 0.004947589244693517
v 0.009954219684004784 0.08228234946727754 0.0059457062743604175
v 0.011524945497512817 0.08286435157060625 0.005490406416356563
v 0.013720951974391937 0.08210887014865877 0.005460684653371572
v 0.015023637562990189 0.08259832113981248 0.0049043605104088775
v 0.016999822109937668 0.08178199082612993 0.004826953168958425
v 0.018791433423757553 0.08092751353979112 0.004722012672573327
v 0.01575811579823494 0.08131396770477296 0.0053990697488188735
v 0.01218264177441597 0.08154389262199403 0.005934900604188441
v 0.014270423911511898 0.08077028393745424 0.0058946171775460235
v 0.008163630962371826 0.08163014054298402 0.006305289920419454
v 0.010409636422991753 0.0809057578444481 0.006321216467767953
v 0.017626682296395302 0.08048315346240999 0.005309568252414464
v 0.006173792760819197 0.08091628551483156 0.006575914099812507
v -4.800509850610979e-05 0.08136745542287828 0.006585850380361079
v 0.004027459770441055 0.08015555888414384 0.0067840362899005404
v 0.008401012048125267 0.07871876657009126 0.006919933017343282
v -4.800509850610979e-05 0.08046466112136842 0.006757427938282489
v 0.012534792535007 0.08015175163745882 0.006308503448963164
v 0.012605568394064903 0.07870445400476457 0.006627818569540977
v 0.010565225966274738 0.07946398109197618 0.006645216606557368
v 0.01452812273055315 0.07936980575323106 0.006263706367462873
v -4.8005102144088596e-05 0.07865906506776811 0.007100582588464021
v 0.003698998596519232 0.07711396366357805 0.007357568945735692
v 0.010481891222298145 0.07797890156507493 0.0069305049255490294
v -4.80051057820674e-05 0.0768534690141678 0.007443736772984265
v 0.01620718650519848 0.07996403425931932 0.005825344938784837
v 0.019715530797839165 0.08129955828189851 0.0040737129747867576
v -4.877908213529736e-05 0.08348248898983003 -0.0066364812664687625
v 0.005029234103858471 0.07504343241453172 0.007681344170123338
v -4.800510942004621e-05 0.07504786550998689 0.007786891888827085
v 0.02336374670267105 0.08018629997968675 0.0001917088957270607
v 0.02349383756518364 0.08005318790674211 0.001637086155824363
v 0.02349681966006756 0.08014579862356187 0.0009110330138355492
v 0.022237936034798622 0.08089054375886919 0.002511276630684733
v 0.023343417793512344 0.07990660518407823 0.002362264553084969
v 0.024090876802802086 0.0791282430291176 0.00010132517491001634
v 0.024654831737279892 0.0780470371246338 1.240668279933743e-05
v 0.0243163350969553 0.07902306318283082 0.0014982635620981453
v 0.024856887757778168 0.0780317708849907 0.0006785221630707382
v 0.024265455082058907 0.0791013464331627 0.0007970317383296787
v 0.02423594705760479 0.0788918435573578 0.0022000714670866723
v 0.024945491924881935 0.07796622812747957 0.0013505282113328574
v 0.021829258650541306 0.0806698650121689 0.003236523829400539
v 0.021221794188022614 0.08038688451051713 0.003934087231755256
v 0.02302706427872181 0.07970353215932847 0.003076960332691669
v 0.02039233222603798 0.08003760874271394 0.004590373020619153
v 0.021796058863401413 0.07911457866430284 0.004430661443620919
v 0.01931842975318432 0.07961829751729967 0.005191489122807979
v 0.02252069301903248 0.07944075763225557 0.003770664101466536
v 0.024006858468055725 0.07870598882436754 0.002896896563470363
v 0.024916911497712135 0.07784923911094667 0.0020249101798981424
v 0.023603256791830063 0.07846333086490632 0.0035797569435089822
v 0.022991923615336418 0.07816061377525331 0.004237625747919082
v 0.0244493018835783 0.0774572715163231 0.0033596665598452087
v 0.02082533948123455 0.07872107625007631 0.005042361095547675
v 0.022137267515063286 0.07779368013143541 0.0048559210263192645
v 0.024758558720350266 0.07768001407384874 0.0026961658149957653
v 0.02395535819232464 0.07717840373516084 0.004006891977041959
v 0.02507690340280533 0.07694707065820695 -7.238102261908351e-05
v 0.025288401171565056 0.07694149017333986 0.0005620421725325285
v 0.025377759709954262 0.07583338767290117 -0.00015026978508103636
v 0.025391943752765656 0.07688739895820619 0.0012009565252810714
v 0.025668499991297722 0.07579302787780763 0.001056541223078966
v 0.025388699024915695 0.07678406685590745 0.00184141902718693
v 0.025663377717137337 0.07570355385541917 0.0016617964720353482
v 0.02557769976556301 0.07583640515804292 0.0004511219740379601
v 0.025366121903061867 0.07469295710325242 -0.0006425506435334681
v 0.025629565119743347 0.07471769303083421 -5.095222149975597e-05
v 0.02573695220053196 0.07496571540832521 0.0005014336784370242
v 0.025766881182789803 0.07506804168224336 0.0011049730237573383
v 0.025270311161875725 0.0766308903694153 0.0024813511408865447
v 0.02433663047850132 0.07667782157659532 0.0038784795906394716
v 0.024773776531219482 0.07694485783576967 0.0032404174562543626
v 0.023228954523801804 0.07683885842561723 0.0046243229880928985
v 0.023677796125411987 0.07635199278593065 0.004491049796342849
v 0.02464234083890915 0.07617174088954927 0.003744194051250815
v 0.02554893121123314 0.07556748390197755 0.002266183495521545
v 0.025715654715895653 0.07501479238271715 0.0017127752071246503
v 0.025576304644346237 0.0748163014650345 0.002275021746754646
v 0.025027628988027573 0.07642734795808794 0.0031174963805824514
v 0.02533053606748581 0.07538285851478578 0.0028708104509860273
v 0.024868126958608627 0.07566116005182268 0.0036075634416192766
v 0.02536521479487419 0.07483951002359392 0.002827370539307594
v 0.025016091763973236 0.07514790445566179 0.003471842501312494
v 0.017982998862862587 0.07912600040435792 0.005725052207708358
v 0.01958860270678997 0.07825692743062974 0.005590807646512984
v 0.016380053013563156 0.07855959981679918 0.00618341052904725
v 0.014527282677590847 0.07792210578918458 0.006567894015461206
v 0.01808086223900318 0.07772074639797212 0.00606449507176876
v 0.021014925092458725 0.07735877484083177 0.005417030304670333
v 0.022235462442040443 0.07643418014049531 0.005193069577217101
v 0.019620316103100777 0.07685431838035585 0.005904152989387511
v 0.020979292690753937 0.07596254348754884 0.005692520178854465
v 0.016317501664161682 0.07711555808782579 0.006461750715970992
v 0.017967434599995613 0.07628312706947328 0.0063088848255574695
v 0.012471080757677555 0.07722387462854387 0.0068909130059182635
v 0.00797987263649702 0.07570800185203554 0.007428694050759076
v 0.019478142261505127 0.07542600482702257 0.006109497044235467
v 0.02209165319800377 0.07504622638225557 0.005415132269263267
v 0.024051396176218987 0.07585932314395906 0.00434866826981306
v 0.02380165085196495 0.07491473853588106 0.004617936443537473
v 0.023089909926056862 0.07493095844984056 0.00500382063910365
v 0.024347323924303055 0.07489857822656633 0.00423340406268835
v 0.02499357983469963 0.07486888021230699 0.003526182612404227
v 0.02117120288312435 0.07496106624603273 0.005720415152609347
v 0.019996175542473793 0.07497381418943407 0.006023998837918042
v 0.0222090445458889 0.0749465897679329 0.005376026965677737
v 0.018716663122177124 0.07498446106910707 0.006277388893067836
v -4.815810825675726e-05 0.0860528126358986 -0.00484176306053996
v -0.02365734986960888 0.07500055432319643 0.004756014794111251
v -0.02354179136455059 0.0749228522181511 0.0048108785413205615
v -0.023293446749448776 0.07548451423645021 0.004911889787763356
v -0.024638308212161064 0.07489085197448732 0.004049212206155061
v -0.024438712745904922 0.07536134123802186 0.004201669245958327
v -0.024833278730511665 0.07488311082124711 0.003865019883960485
v -0.003176929894834757 0.08549670130014421 -0.005342480726540088
v -0.00043873637332580984 0.08598563820123674 -0.004944450221955775
v -4.820910544367507e-05 0.08585900813341142 -0.0050775185227394095
v -0.0016089320415630937 0.08502252399921419 -0.0057830815203487864
v -4.782367977895774e-05 0.0853819325566292 -0.005480623804032802
v -4.743825411424041e-05 0.08490483462810518 -0.005883728154003619
v -4.856656232732348e-05 0.08434655517339708 -0.006200202275067567
v -0.0010161036625504494 0.08417838066816331 -0.006320643238723277
v -4.9694870540406555e-05 0.08378828316926958 -0.006516676396131515
v -0.002110355067998171 0.08379589021205903 -0.006484209094196557
v -0.002822654088959098 0.08469361066818239 -0.005968714598566293
v -0.004411764442920685 0.08517887443304063 -0.0055215214379131785
v -0.003940066322684288 0.08432110399007799 -0.006131499540060758
v -0.0057846298441290855 0.08561448007822038 -0.004996410571038722
v -0.0045309425331652164 0.08592184633016588 -0.004827457480132579
v -6.548091187141836e-05 0.08326356112957002 -0.006726339925080537
v -4.832118429476395e-05 0.08332958072423936 -0.0066963830031454554
v -4.809223901247606e-05 0.08325314521789552 -0.0067263348028063765
v -0.003185278968885541 0.0861790254712105 -0.004645037930458783
v -0.005549908149987459 0.08481622487306596 -0.005680055823177098
v -4.800514579983428e-05 0.08152621239423753 -0.007135810796171426
v -0.003464772831648588 0.08143098652362825 -0.007115270942449569
v -0.0019118912750855088 0.08238040655851366 -0.006956773810088634
v -4.8005142161855474e-05 0.08202865719795228 -0.007037476170808076
v -0.002601523417979479 0.0798916518688202 -0.0073971464298665515
v -0.0012193453731015325 0.08088606595993043 -0.007265996653586625
v -4.800514943781309e-05 0.08052133768796922 -0.007332479581236838
v -0.003825907362625003 0.0788715034723282 -0.007478380575776099
v -0.00030695382156409323 0.0793452560901642 -0.007498152088373899
v -4.8005153075791895e-05 0.07950551807880403 -0.007461205124855041
v -0.004820019938051701 0.08044349402189256 -0.007224629167467355
v -4.7863290092209354e-05 0.08317668735980989 -0.00675628613680601
v -4.8005142161855474e-05 0.08253109455108644 -0.006939141545444726
v -0.0010382442269474268 0.08283521234989168 -0.006855406332761048
v -0.01672770269215107 0.07499741017818452 0.006585893221199512
v -0.01464273314923048 0.07501037418842317 0.0068943970836699
v -0.01620141603052616 0.07565496861934663 0.006646286230534314
v -0.0031088145915418863 0.0833762288093567 -0.006619293708354234
v -0.006592565216124058 0.08441495150327684 -0.005815612617880105
v -0.0058862981386482716 0.08347079902887346 -0.006378183141350745
v -0.004960246849805117 0.08391088992357255 -0.006268040742725133
v -0.007543647196143866 0.08398209512233736 -0.005927688442170619
v -0.0040102871134877205 0.08292869478464128 -0.006725852843374013
v -0.005575496703386307 0.08198402076959611 -0.006875652354210614
v -0.006916453130543232 0.08099625259637834 -0.0069668786600232116
v -0.007492541801184416 0.08253020048141481 -0.006531122140586375
v -0.008847354911267757 0.08153844624757768 -0.006616399157792329
v -0.009200104512274265 0.08304790407419206 -0.006087220273911952
v -0.008093460462987423 0.0799776464700699 -0.007009267807006835
v -0.006017707288265228 0.07942692935466768 -0.0072850342839956275
v -0.006944608874619007 0.08526162803173067 -0.005148400552570819
v -4.8107114707818255e-05 0.08624661713838579 -0.0046060075983405105
v -0.0017562925349920988 0.08638528734445573 -0.004453447647392749
v -4.800512033398263e-05 0.08663421869277955 -0.004134496208280324
v -0.0028770561330020428 0.08672685176134111 -0.003913170658051967
v -4.8678764869691804e-05 0.0869511440396309 -0.003556811716407537
v -0.000751345360185951 0.0872418060898781 -0.0030341569799929853
v -4.935240576742217e-05 0.08726806938648225 -0.0029791272245347496
v -0.0038179364055395126 0.08700534701347352 -0.0033367914147675033
v -0.0015138451708480716 0.08744505047798158 -0.0024879171978682275
v -4.800511305802502e-05 0.08764714002609254 -0.001817385316826403
v -0.004598660860210657 0.08721913397312166 -0.0027376301586627956
v -0.005675417371094227 0.08628157526254655 -0.004255048464983701
v -0.007444647140800953 0.0867966189980507 -0.0030038754921406503
v -0.00694943917915225 0.08598411828279497 -0.004412106238305568
v -0.00663714949041605 0.08657292276620866 -0.0036418507806956764
v -0.005234838929027319 0.08736974000930788 -0.00213096709921956
v -0.002128798048943281 0.08759313821792604 -0.0019352199742570517
v -0.005739904008805752 0.0874607339501381 -0.0015289833536371587
v -0.0026107407175004482 0.08768766373395921 -0.0013841292820870874
v -0.00811091996729374 0.08695475012063981 -0.0023552186321467157
v -0.002974921837449074 0.0877351611852646 -0.0008323113434016703
v -4.800513488589786e-05 0.08781499415636064 -0.0005586039042100309
v -0.006122717168182135 0.08750074356794359 -0.0009295137715525924
v -0.0032302397303283215 0.08774225413799287 -0.0002759486087597906
v -0.003359477501362562 0.08771100640296937 0.00028431534883566195
v -0.006386509630829096 0.08749847859144212 -0.0003276657662354409
v -0.008644146844744682 0.08705080300569536 -0.0017069927416741846
v -0.01125706359744072 0.08647174388170244 -0.001893178094178438
v -0.009048687294125557 0.0870926156640053 -0.0010602887487038968
v -0.010690504685044289 0.08636305481195451 -0.002577123465016484
v -0.00932470615953207 0.08708837628364564 -0.0004133635957259684
v -0.011986243538558483 0.08652543276548387 -0.0005199983133934437
v -0.012134709395468235 0.08648294210433961 0.00017072778427973387
v -0.009459405206143856 0.08704328536987306 0.00023684244661126283
v -0.011689761653542519 0.08652362227439882 -0.0012072273530066011
v -0.006516583263874054 0.08745776861906053 0.00027801439864560956
v -0.009988184086978436 0.08619106560945512 -0.0032559102401137348
v -0.008011937141418457 0.08486944437026979 -0.005281061865389346
v -0.00813392736017704 0.08564150333404542 -0.004555800464004277
v -0.009140600450336933 0.08595149219036104 -0.003919629845768212
v -0.011300517246127129 0.08517351746559144 -0.004149464424699544
v -0.010236544534564018 0.08484336733818056 -0.004795002285391091
v -0.008990166708827019 0.08444442600011827 -0.005393491592258214
v -0.010702555067837238 0.08352006971836091 -0.005559769924730062
v -0.010589102283120155 0.08205393701791765 -0.006176027469336986
v -0.012008903548121452 0.08393283933401109 -0.004966098349541425
v -0.013133017346262932 0.08428003638982774 -0.004322390537708997
v -0.013496954925358295 0.08294788002967836 -0.00507350219413638
v -0.014089226722717285 0.08455847948789598 -0.003643542062491178
v -0.012200270779430866 0.08543287962675096 -0.003472544718533754
v -0.01213813852518797 0.08252798020839693 -0.0056572509929537764
v -0.012948735617101192 0.08562383055686952 -0.0027757785283029075
v -0.01355544663965702 0.0857503190636635 -0.002068361500278115
v -0.014344582334160805 0.08583255857229234 -0.0006356541416607796
v -0.014021584764122963 0.08581793308258058 -0.0013542688684538005
v -0.014888837933540344 0.08476945012807847 -0.002940419595688581
v -0.01554058212786913 0.08491574972867967 -0.002221833216026425
v -0.016533343121409416 0.08382984250783922 -0.003067192621529102
v -0.01604592800140381 0.08500206470489503 -0.0014923909911885855
v -0.01568419486284256 0.08360088616609575 -0.0037667220458388324
v -0.0164033230394125 0.08503334969282152 -0.0007552997558377682
v -0.017778445035219193 0.08410058915615083 -0.0016163164982572196
v -0.018420875072479248 0.0841462016105652 -0.00012432552466634658
v -0.016606399789452553 0.08501406759023668 -1.2361269909888504e-05
v -0.017230583354830742 0.08399526029825212 -0.0023486958816647525
v -0.014515205286443233 0.0857994705438614 8.739561599213629e-05
v -0.014675263315439224 0.08330690115690233 -0.004438855685293674
v -4.762063326779753e-05 0.08626227080821992 0.004016283899545669
v -4.723617166746408e-05 0.08660549670457841 0.00359655893407762
v -0.0008575675310567021 0.08652652055025102 0.0037020873278379436
v -0.018176890909671783 0.08414965867996217 -0.0008739796467125415
v -0.0015550306998193264 0.07831821590662004 -0.007594939786940812
v -0.004931989591568708 0.07783696055412294 -0.007507668808102607
v -4.80051567137707e-05 0.07848969846963884 -0.0075899302028119555
v -0.007092657964676619 0.07839227467775346 -0.007295805495232343
v -0.002692044246941805 0.07728005200624467 -0.007641252130270003
v -4.800516035174951e-05 0.0764453560113907 -0.00771034974604845
v -0.003739374689757824 0.07624098658561708 -0.007634536363184451
v -4.800516398972832e-05 0.07542145252227785 -0.0077017699368298045
v -4.8005167627707124e-05 0.0743975415825844 -0.007693190593272447
v -0.002700486220419407 0.07439940422773363 -0.0076476060785353175
v -0.008075619116425514 0.077349491417408 -0.007258087396621703
v -0.009916247799992561 0.07527273893356325 -0.007052872795611619
v -0.005945971701294184 0.07679785043001176 -0.007484967820346355
v -0.010100441984832287 0.07788924127817155 -0.00695553421974182
v -0.009143981151282787 0.07893881201744081 -0.007004807237535714
v -0.004736544098705053 0.0752125531435013 -0.007574678398668765
v -4.8005102144088596e-05 0.07865906506776811 0.007100582588464021
v -0.004123365972191095 0.08015558868646623 0.006784032098948955
v -0.008496892638504505 0.07871881127357484 0.006919931154698133
v -0.01002071239054203 0.08051379024982454 -0.006649485323578118
v -0.01177748292684555 0.08102319389581682 -0.006209389772266149
v -0.01105827372521162 0.07946775108575822 -0.006636575330048799
v -0.01335547212511301 0.08149401098489763 -0.005697945598512887
v -0.014751613140106201 0.081915520131588 -0.005125560797750949
v -0.012815119698643684 0.07996935397386552 -0.006196030415594577
v -0.011994576081633568 0.07840925455093385 -0.006581231951713561
v -0.013687263242900372 0.07628267258405687 -0.006361220497637986
v -0.01373880635946989 0.07890141010284425 -0.006141127087175845
v -0.015819920226931572 0.08085352927446367 -0.00513034127652645
v -0.014404269866645336 0.08043417334556581 -0.005691041238605975
v -0.01674008183181286 0.07977242022752763 -0.005094379186630248
v -0.01532276626676321 0.07935812324285509 -0.005642836913466453
v -0.015971530228853226 0.08228116482496263 -0.004503884352743625
v -0.011863314546644688 0.07578817754983903 -0.006738841999322175
v -4.800509850610979e-05 0.08046466112136842 0.006757427938282489
v -0.006269697565585375 0.08091631531715394 0.006575911305844783
v -0.005318119190633297 0.0744050368666649 -0.007512278389185666
v -0.006592344492673874 0.07440968602895738 -0.007400966715067624
v -0.007874389179050922 0.07474304735660554 -0.0072979158721864215
v -0.010314540937542915 0.07442709803581239 -0.006984716281294822
v -0.007866570726037025 0.07441434264183046 -0.007289656437933444
v -0.0015642152866348624 0.08227457851171495 0.006405180320143699
v -4.800509850610979e-05 0.08136745542287828 0.006585850380361079
v -4.800509486813098e-05 0.08227025717496873 0.00641427282243967
v -0.01536798756569624 0.07675010710954668 -0.005927705205976962
v -0.012632302939891815 0.074443057179451 -0.006603497546166181
v -0.01614481396973133 0.07827358692884447 -0.0055591599084436885
v -0.01754642464220524 0.07868055254220964 -0.005023895762860774
v -0.018244177103042603 0.0750042349100113 -0.005169021431356668
v -0.01689566671848297 0.07718511670827867 -0.005446505732834338
v -0.01826506294310093 0.07758279889822008 -0.004925542511045932
v -0.014795382507145405 0.07446189224720003 -0.0061538652516901484
v -0.01578873209655285 0.07447256892919542 -0.00589922722429037
v -0.018577009439468384 0.07450667768716814 -0.005085466895252465
v -0.016823958605527878 0.07459495216608049 -0.005628776736557483
v -0.016782080754637718 0.07448324561119081 -0.005644588731229304
v -0.019509868696331978 0.07537985593080522 -0.004679610952734946
v -0.01706484518945217 0.08122145384550096 -0.004523592069745063
v -0.017023036256432533 0.08258623629808427 -0.0038442981895059343
v -0.017914028838276863 0.08282973617315294 -0.0031558880582451816
v -0.018144363537430763 0.08153340965509416 -0.0038802782073616977
v -0.01906534470617771 0.08178770542144777 -0.0032082477118819948
v -0.017992401495575905 0.080139197409153 -0.004503966309130191
v -0.018788395449519157 0.0790434554219246 -0.004451022017747163
v -0.019083943217992783 0.08045437186956407 -0.0038795161526650186
v -0.01987544447183609 0.07935876399278642 -0.0038472616579383607
v -0.020021185278892517 0.08071595430374147 -0.003227574517950415
v -0.020546652376651764 0.07825241237878801 -0.0037898800801485773
v -0.020814199000597 0.07962442189455034 -0.003217888996005058
v -0.019479941576719284 0.07793956995010377 -0.00437140418216586
v -0.018651632592082024 0.08301199972629549 -0.00244650081731379
v -0.019239842891693115 0.08313514292240144 -0.0017213246319442985
v -0.019834421575069427 0.08198384195566179 -0.002514424035325646
v -0.01968030072748661 0.08320180326700212 -0.0009844875894486902
v -0.020931417122483253 0.08220659196376802 -0.0010798588627949355
v -0.021260149776935577 0.08223695307970048 -0.0003450746007729321
v -0.019968384876847267 0.08321500569581987 -0.00023853337916079906
v -0.02045564167201519 0.08212292194366456 -0.0018036651890724895
v -0.02081053890287876 0.08092288672924043 -0.002553920494392514
v -0.02145593985915184 0.08107551187276842 -0.0018626449164003132
v -0.02196032740175724 0.08117464929819108 -0.001157044433057308
v -0.02227148972451687 0.08000241965055467 -0.0018990427488461135
v -0.023194417357444763 0.0801757574081421 -0.0005177070852369069
v -0.022325139492750168 0.08122146129608156 -0.00043892790563404555
v -0.0216112919151783 0.07983907312154771 -0.002567453775554895
v -0.02279859408736229 0.08011452108621599 -0.00121519376989454
v -0.020630916580557823 0.07571964710950853 -0.00416575651615858
v -0.02112123928964138 0.07713910192251207 -0.003714895341545343
v -0.021472886204719543 0.07851930707693101 -0.003184914821758866
v -0.02202276699244976 0.07740480452775957 -0.003135542385280132
v -0.02226605825126171 0.07873868942260744 -0.0025597701314836736
v -0.02280096709728241 0.07762619107961656 -0.002537115011364221
v -0.022488199174404144 0.07628446817398073 -0.003077269764617085
v -0.023241791874170303 0.07650534063577653 -0.0025050984695553775
v -0.02016846090555191 0.07453177869319917 -0.004486819729208945
v -0.02155117318034172 0.07455808669328691 -0.0038592596538364883
v -0.021620510146021843 0.07602188736200334 -0.0036311759613454338
v -0.022723780944943428 0.07458516210317613 -0.0032134240027517076
v -0.02369086630642414 0.07461258023977281 -0.0025596187915652986
v -0.022931136190891266 0.07890973985195161 -0.0019168227445334194
v -0.023460635915398598 0.07780203223228456 -0.001921366201713681
v -0.023471953347325325 0.07903191447257997 -0.0012580632464960215
v -0.02443508617579937 0.07801327854394914 -0.0006447290652431547
v -0.02389022521674633 0.07910490036010744 -0.0005848138825967907
v -0.024005098268389702 0.07793130725622179 -0.0012899877037853
v -0.02388576976954937 0.0766832083463669 -0.0019166875863447783
v -0.02475012093782425 0.07569240778684617 -0.001330295926891267
v -0.024460352957248688 0.07463990896940233 -0.0019077388569712637
v -0.02442289888858795 0.0768169015645981 -0.0013141295639798043
v -0.024852382019162178 0.07690525799989702 -0.0006988209788687526
v -0.025164304301142693 0.07578505575656892 -0.0007447857642546295
v -0.025045165792107582 0.07466678321361543 -0.0012668496929109094
v -0.014444096945226192 0.07645118981599809 0.006796548143029212
v -0.012341785244643688 0.07502049952745439 0.0071353199891746035
v -0.010040837340056896 0.07503062486648561 0.00737624242901802
v -0.006495598237961531 0.08737983554601671 0.0008884075796231626
v -0.0033423081040382385 0.08764121681451799 0.0008479196694679557
v -4.8005102144088596e-05 0.08774672448635103 0.0007094832835718988
v -0.0031720621045678854 0.0875280648469925 0.0014190928777679799
v -4.884936788585037e-05 0.08751735836267473 0.001720838015899062
v -0.006313571240752935 0.08726015686988832 0.0015055409166961906
v -0.005962388124316931 0.08709231764078142 0.0021299202926456924
v -0.002844113390892744 0.08736561238765718 0.002000028500333428
v -0.0014898355584591627 0.08529172092676164 0.0049993633292615405
v -4.773777982336469e-05 0.08554295450448991 0.0047737318091094485
v -0.002766191493719816 0.0857924446463585 0.0045057875104248515
v -0.009437674656510353 0.08696022629737855 0.0008930566255003213
v -0.012121625244617462 0.08640002459287645 0.0008670415845699607
v -0.009248098358511925 0.0868356376886368 0.001555359689518809
v -0.011935989372432232 0.08627424389123918 0.0015675730537623165
v -0.008881413377821445 0.08666354417800905 0.0022219230886548753
v -0.014357121661305428 0.08559994399547578 0.001543409074656665
v -0.011568717658519745 0.0861005261540413 0.002269014017656445
v -0.014522729441523552 0.085722453892231 0.0008146711043082177
v -0.005435592029243708 0.08686829358339311 0.0027543744072318073
v -0.00235062581487 0.08714790642261507 0.0025811470113694663
v -0.001690796809270978 0.08686899393796922 0.0031529383268207307
v -4.800509486813098e-05 0.08712308108806611 0.002715067937970161
v -0.0047320094890892506 0.08658030629158021 0.0033677199389785524
v -4.781286042998545e-05 0.08609066158533098 0.004226146265864371
v -0.0038462986703962088 0.08622275292873384 0.003956476692110299
v -0.008333181031048298 0.08643485605716707 0.002885410329326987
v -0.011015280149877071 0.08586969971656801 0.0029633976519107814
v -0.007599364500492811 0.08614052087068559 0.003534729359671473
v -0.006673128344118595 0.0857733264565468 0.0041561578400433055
v -0.010269736871123314 0.08557262271642686 0.0036396512296050783
v -0.005545962136238813 0.08532926440238954 0.004733352456241845
v -0.009324497543275356 0.08520200103521348 0.004283671732991933
v -0.014009028673171997 0.08542811870574953 0.002269507851451635
v -0.016647132113575935 0.08494752645492555 0.0007345065823756157
v -0.018503613770008087 0.0840931683778763 0.0006301280227489768
v -0.01651569828391075 0.08483295142650606 0.0014815188478678463
v -0.016202256083488464 0.08466773480176927 0.0022240278776735063
v -0.018416326493024826 0.08399055153131486 0.001386066200211644
v -0.020097816362977028 0.08317734301090242 0.0005142558948136865
v -0.021438684314489365 0.08221588283777238 0.0003988912503700703
v -0.020061949267983437 0.08308941125869752 0.0012710613664239643
v -0.021461639553308487 0.08214385062456132 0.0011495169019326565
v -0.019854094833135605 0.08295035362243654 0.00202777748927474
v -0.01815009117126465 0.08383674919605257 0.002139073563739657
v -0.022632285952568054 0.0811610445380211 0.0010279811685904858
v -0.021322403103113174 0.08202026784420015 0.0019029238028451798
v -0.022550443187355995 0.08121696114540101 0.00029012691811658437
v -0.015698740258812904 0.08444573730230333 0.002954923780634999
v -0.013471182435750961 0.08519915491342546 0.002985471626743674
v -0.012736733071506023 0.08490467816591264 0.0036801323294639583
v -0.01499746460467577 0.08415963500738145 0.003662682836875319
v -0.011797940358519554 0.08453780412673952 0.004338909871876239
v -0.017697138711810112 0.0836266875267029 0.0028805988840758796
v -0.019466638565063477 0.08275539427995683 0.0027751561719924207
v -0.021010927855968475 0.08184153586626054 0.002650024369359016
v -0.017048578709363937 0.08335389196872713 0.0035986022558063264
v -0.018887372687458992 0.08249901235103609 0.0035004473756998773
v -0.01408974640071392 0.08380305767059328 0.004332530312240123
v -0.016193289309740067 0.08301255106925966 0.004278484266251325
v -0.018102077767252922 0.08217599987983705 0.004189367871731519
v -0.02051302045583725 0.08160287141799928 0.003378295339643955
v -0.02256425842642784 0.08105304837226869 0.0017712041735649107
v -4.8005091230152175e-05 0.08591905981302263 0.004436008632183074
v -4.7470468416577205e-05 0.0851668417453766 0.005111455917358398
v -0.0042147403582930565 0.08480989187955858 0.005247678142040967
v -0.00817202404141426 0.08475375175476076 0.004878393374383449
v -0.006808859296143055 0.08422867953777315 0.005404652096331119
v -0.010647156275808811 0.08409445732831956 0.004944501444697379
v -0.005240462254732847 0.08363341540098192 0.005843475461006164
v -0.0026872840244323015 0.08422338217496873 0.005681108683347701
v -4.773777982336469e-05 0.08470777422189714 0.005410369485616683
v -4.8005091230152175e-05 0.08424871414899827 0.005709283519536256
v -0.009279636666178703 0.08357441425323488 0.00547801749780774
v -0.0009839193662628531 0.08358407765626909 0.006019941065460443
v -0.003483440959826112 0.08297915011644365 0.0061794575303792945
v -0.00591050973162055 0.08232295513153078 0.006261412054300307
v -4.800509486813098e-05 0.08328677713871004 0.006138355005532502
v -4.800509486813098e-05 0.08376773446798326 0.005923819262534379
v -4.800509486813098e-05 0.08277852088212968 0.00627631414681673
v -0.007696990389376879 0.08298161625862123 0.0059213200584053985
v -0.012966572307050228 0.08337177336215974 0.004947590641677379
v -0.010050125420093536 0.08228238672018053 0.00594570580869913
v -0.013816849328577518 0.08210891485214235 0.005460687913000583
v -0.01162085123360157 0.08286438137292863 0.005490407347679137
v -0.015119538642466068 0.08259836584329606 0.004904364235699176
v -0.017095718532800674 0.08178203552961351 0.004826958756893872
v -0.01888732798397541 0.0809275731444359 0.004722021054476499
v -0.0158540066331625 0.08131401240825654 0.005399074405431747
v -0.012278537265956402 0.08154392987489702 0.005934902001172303
v -0.014366311952471733 0.08077032864093782 0.005894620902836322
v -0.010505530051887035 0.08090580254793169 0.006321216467767953
v -0.008259535767138004 0.08163017034530641 0.006305288523435592
v -0.01772257126867771 0.08048321306705476 0.005309575702995061
v -0.012630676850676537 0.080151803791523 0.006308505311608314
v -0.010661108419299126 0.07946402579545976 0.006645216606557368
v -0.012701442465186119 0.07870450615882875 0.006627821829169988
v -0.014624001458287239 0.07936985790729524 0.006263710558414458
v -0.0037948787212371826 0.07711400836706163 0.007357563823461532
v -0.010577761568129063 0.07797895371913911 0.006930505856871604
v -4.80051057820674e-05 0.0768534690141678 0.007443736772984265
v -0.01630306802690029 0.0799640938639641 0.0058253505267202845
v -0.01981142908334732 0.08129961788654329 0.004073722288012504
v -4.800510942004621e-05 0.07504786550998689 0.007786891888827085
v -0.005125244148075581 0.07504343241453172 0.007681344170123338
v -0.02345968969166279 0.08018638938665391 0.00019171713211107996
v -0.02358977124094963 0.08005328476428987 0.0016370979137718675
v -0.0235927551984787 0.08014588057994844 0.0009110429673455654
v -0.023439345881342888 0.0799066871404648 0.002362278057262301
v -0.02233385480940342 0.08089061826467515 0.002511288039386272
v -0.02418682724237442 0.07912833988666536 0.00010133381147170438
v -0.02475079335272312 0.07804714143276216 1.2415816854627336e-05
v -0.024412279948592186 0.07902315258979799 0.0014982774155214427
v -0.02436140365898609 0.07910145074129106 0.0007970430306158959
v -0.024952847510576248 0.07803187519311906 0.0006785342120565473
v -0.02433188445866108 0.07889194041490556 0.002200087765231728
v -0.025041449815034866 0.07796633243560792 0.0013505431124940512
v -0.021925168111920357 0.08066993206739427 0.0032365354709327217
v -0.021317699924111366 0.0803869515657425 0.0039340988732874385
v -0.023122981190681458 0.07970362156629564 0.0030769747681915756
v -0.020488226786255836 0.08003767579793931 0.004590385127812623
v -0.021891959011554718 0.07911465317010881 0.004430676344782113
v -0.019414318725466728 0.07961837202310564 0.0051914993673562995
v -0.02261660434305668 0.07944083958864213 0.0037706792354583736
v -0.024102790281176567 0.0787060782313347 0.002896914258599281
v -0.025012867525219917 0.07784935086965562 0.002024928573518991
v -0.02369917929172516 0.07846342027187349 0.003579776035621762
v -0.02308783493936062 0.07816069573163988 0.004237645771354436
v -0.02454523928463459 0.07745737582445146 0.003359690541401505
v -0.02223316766321659 0.07779376953840257 0.004855940584093331
v -0.02092123031616211 0.07872116565704347 0.0050423750653862945
v -0.0248545054346323 0.0776801109313965 0.002696186769753694
v -0.024051286280155182 0.0771785080432892 0.0040069171227514735
v -0.025172874331474304 0.0769471898674965 -7.237180398078634e-05
v -0.02538437396287918 0.07694160193204881 0.0005620549782179295
v -0.025473743677139282 0.07583351433277132 -0.0001502610830357298
v -0.02548791654407978 0.07688751071691514 0.0012009730562567709
v -0.02576448768377304 0.07579314708709718 0.0010565575212240217
v -0.025759369134902954 0.07570368796586992 0.0016618169611319897
v -0.02548466995358467 0.076784186065197 0.0018414388177916405
v -0.02567368559539318 0.07583653181791307 0.00045113445958122606
v -0.025460505858063698 0.07469284534454347 -0.0006453517707996069
v -0.0257252249866724 0.07471778243780137 -5.04635099787265e-05
v -0.025832993909716606 0.07496579736471178 0.0005016997456550597
v -0.025862887501716614 0.07506804913282396 0.0011051596375182269
v -0.02536628022789955 0.07663100957870485 0.002481374656781554
v -0.02443256974220276 0.07667792588472368 0.0038785077631473537
v -0.024869728833436966 0.07694496214389802 0.003240442834794521
v -0.02377372235059738 0.0763521045446396 0.004491078667342662
v -0.02332487143576145 0.0768389478325844 0.0046243485994637
v -0.024738295003771782 0.07617185264825822 0.003744223620742559
v -0.025644922628998756 0.0755676031112671 0.0022662079427391286
v -0.025672314688563347 0.0748163014650345 0.0022750219795852895
v -0.025811651721596718 0.07501477748155595 0.0017128657782450316
v -0.025426525622606277 0.07538297772407533 0.0028708386234939094
v -0.02512359246611595 0.07642745971679689 0.003117523621767759
v -0.024964096024632454 0.07566127181053163 0.0036075939424335952
v -0.02546122670173645 0.07483951002359392 0.0028273707721382375
v -0.025112077593803406 0.07514802366495134 0.0034718737006187435
v -0.0180788803845644 0.0791260749101639 0.005725061055272817
v -0.019684486091136932 0.07825700193643571 0.005590820685029029
v -0.016475927084684372 0.07855966687202455 0.006183417979627847
v -0.014623151160776615 0.07792216539382936 0.006567900069057941
v -0.018176736310124397 0.0777208134531975 0.00606450717896223
v -0.02233136259019375 0.07643426954746248 0.005193094722926616
v -0.021110812202095985 0.07735885679721834 0.005417048465460538
v -0.01971619389951229 0.07685439288616182 0.005904169753193854
v -0.021075177937746048 0.075962632894516 0.005692544393241405
v -0.018063301220536232 0.07628320902585985 0.006308901123702525
v -0.0164133682847023 0.07711562514305116 0.0064617614261806
v -0.012566943652927876 0.07722394168376924 0.006890918593853711
v -0.008075721561908722 0.07570806145668031 0.0074286959134042254
v -0.019574012607336044 0.07542608678340913 0.006109519395977258
v -0.02218756079673767 0.07504633069038393 0.0054151653312146655
v -0.024147337302565575 0.07585942745208742 0.0043486994691193095
v -0.02389766275882721 0.07491473853588106 0.00461793690919876
v -0.02318592183291912 0.07493095844984056 0.00500382063910365
v -0.024443333968520164 0.07489858567714693 0.00423340406268835
v -0.02508959174156189 0.07486888021230699 0.0035261828452348705
v -0.02126721292734146 0.07496106624603273 0.005720415152609347
v -0.020092187449336052 0.07497381418943407 0.006023998837918042
v -0.02230505272746086 0.0749465897679329 0.005376026965677737
v -0.018812673166394234 0.07498446106910707 0.006277388893067836
v -4.815810825675726e-05 0.0860528126358986 -0.00484176306053996
v -4.877908213529736e-05 0.08348248898983003 -0.0066364812664687625
v -0.025202594697475433 0.0738615393638611 -0.0008821954252198337
v -0.02495504915714264 0.07329956442117692 -0.0011148360790684817
v -0.019248005002737045 0.07358645647764207 -0.00101700855884701
v -0.019248005002737045 0.07313610613346101 -0.0011531849158927796
v -0.025832993909716606 0.07496579736471178 0.0005016997456550597
v -0.0257252249866724 0.07471778243780137 -5.04635099787265e-05
v -0.019248005002737045 0.07488646358251573 0.00028071543783880765
v -0.0254781823605299 0.0743381753563881 -0.0005243089399300515
v -0.019248005002737045 0.07466431707143785 -0.00013401702744886276
v -0.019248005002737045 0.07400157302618028 -0.0007955909823067485
v -0.019248005002737045 0.07502344250679018 0.000730818137526512
v -0.025862887501716614 0.07506804913282396 0.0011051596375182269
v -0.019248005002737045 0.07436551898717882 -0.0004974412149749695
v -0.019248005002737045 0.07506997138261796 0.0011989941122010348
v -0.025811651721596718 0.07501477748155595 0.0017128657782450316
v -0.019248005002737045 0.07502426952123643 0.0016672513447701929
v -0.019248005002737045 0.07488808780908586 0.002117595169693231
v -0.025672314688563347 0.0748163014650345 0.0022750219795852895
v -0.025480274111032486 0.0744488909840584 0.0028121455106884237
v -0.019248005002737045 0.07466667145490648 0.0025327189359813924
v -0.02515704557299614 0.07334218174219133 0.0035050497390329833
v -0.02529086172580719 0.0739492103457451 0.003231758717447519
v -0.019248005002737045 0.07359036803245546 0.0034176115877926345
v -0.019248005002737045 0.07436851412057878 0.002896670019254088
v -0.019248005002737045 0.0731402635574341 0.003554582595825195
v -0.019248005002737045 0.07400509715080263 0.003195461584255099
v 0.019151994958519936 0.0731402635574341 0.003554582595825195
v 0.02506096102297306 0.07334163784980775 0.0035052064340561624
v 0.019151994958519936 0.07466667145490648 0.0025327189359813924
v 0.025576304644346237 0.0748163014650345 0.002275021746754646
v 0.025384321808815002 0.07444902509450914 0.00281200255267322
v 0.019151994958519936 0.07436851412057878 0.0028966697864234443
v 0.025194784626364708 0.07394900918006898 0.0032318909652531143
v 0.019151994958519936 0.07359036803245546 0.003417611354961991
v 0.025715654715895653 0.07501479238271715 0.0017127752071246503
v 0.019151994958519936 0.07488808780908586 0.002117595169693231
v 0.019151994958519936 0.07400509715080263 0.003195461351424455
v 0.019151994958519936 0.07502426952123643 0.001667251228354871
v 0.019151994958519936 0.07506997138261796 0.001198993995785713
v 0.025766881182789803 0.07506804168224336 0.0011049730237573383
v 0.019151994958519936 0.07502344250679018 0.0007308180211111902
v 0.02573695220053196 0.07496571540832521 0.0005014336784370242
v 0.019151994958519936 0.07488646358251573 0.00028071529231965536
v 0.025629565119743347 0.07471769303083421 -5.095222149975597e-05
v 0.019151994958519936 0.07466431707143785 -0.00013401715841609982
v 0.025382228195667267 0.07433827221393587 -0.0005242215702310203
v 0.019151994958519936 0.07313610613346101 -0.0011531850323081014
v 0.024858972057700157 0.0732993707060814 -0.001114886370487511
v 0.025106405839323997 0.07386119663715364 -0.000882391701452434
v 0.019151994958519936 0.07400157302618028 -0.0007955910987220703
v 0.019151994958519936 0.07358645647764207 -0.0010170086752623317
v 0.019151994958519936 0.07436551898717882 -0.0004974413895979523
v -0.019248005002737045 0.07133484631776811 -0.000793237704783678
v -0.019248005002737045 0.07224812358617784 0.0001852163404691964
v -0.019248005002737045 0.07174957543611528 -0.0010153875919058917
v -0.019248005002737045 0.07097140699625017 -0.0004944460815750061
v -0.019248005002737045 0.0718914642930031 0.00042398122604936356
v -0.019248005002737045 0.07266899943351747 0.00010111240408150478
v -0.019248005002737045 0.07219967246055604 -0.001152358599938452
v -0.019248005002737045 0.07266785204410554 -0.001198887010104954
v -0.019248005002737045 0.07067326456308366 -0.0001304951147176325
v -0.019248005002737045 0.07165332883596422 0.0007810571696609258
v -0.019248005002737045 0.07045185565948488 0.0002846287679858505
v -0.019248005002737045 0.0703156739473343 0.000734972534701228
v -0.019248005002737045 0.07156997174024583 0.0012020827271044252
v -0.019248005002737045 0.07358645647764207 -0.00101700855884701
v -0.019248005002737045 0.07309002429246904 0.00018447340698912737
v -0.019248005002737045 0.07400157302618028 -0.0007955909823067485
v -0.019248005002737045 0.07313610613346101 -0.0011531849158927796
v -0.019248005002737045 0.07344710081815721 0.00042260845657438034
v -0.019248005002737045 0.07436551898717882 -0.0004974412149749695
v -0.019248005002737045 0.07466431707143785 -0.00013401702744886276
v -0.019248005002737045 0.07368586212396623 0.0007792635587975382
v -0.019248005002737045 0.07488646358251573 0.00028071543783880765
v -0.019248005002737045 0.07502344250679018 0.000730818137526512
v -0.019248005002737045 0.07506997138261796 0.0011989941122010348
v -0.019248005002737045 0.07376996427774431 0.0012001412687823174
v -0.019248005002737045 0.07026996463537218 0.0012032298836857078
v -0.019248005002737045 0.07165407389402391 0.0016229604370892046
v -0.019248005002737045 0.07031650096178056 0.0016714057419449089
v -0.019248005002737045 0.07045347243547441 0.0021215085871517654
v -0.019248005002737045 0.07067561894655229 0.0025362409651279445
v -0.019248005002737045 0.07189283519983293 0.0019796155393123622
v -0.019248005002737045 0.07133837044239046 0.0031978148035705085
v -0.019248005002737045 0.0722499191761017 0.0022177505306899543
v -0.019248005002737045 0.07097440212965013 0.0028996651526540513
v -0.019248005002737045 0.07175348699092866 0.0034192325547337528
v -0.019248005002737045 0.07220382988452913 0.0035554089117795225
v -0.019248005002737045 0.07267094403505327 0.0023011113516986366
v -0.019248005002737045 0.0726720839738846 0.0036011112388223405
v -0.019248005002737045 0.07466667145490648 0.0025327189359813924
v -0.019248005002737045 0.07368660718202592 0.001621166826225817
v -0.019248005002737045 0.07344847172498704 0.001978242769837379
v -0.019248005002737045 0.07488808780908586 0.002117595169693231
v -0.019248005002737045 0.07502426952123643 0.0016672513447701929
v -0.019248005002737045 0.0730918198823929 0.0022170078009366985
v -0.019248005002737045 0.07400509715080263 0.003195461584255099
v -0.019248005002737045 0.07359036803245546 0.0034176115877926345
v -0.019248005002737045 0.0731402635574341 0.003554582595825195
v -0.019248005002737045 0.07436851412057878 0.002896670019254088
v 0.019151994958519936 0.07133837044239046 0.003197814570739865
v 0.019151994958519936 0.0722499191761017 0.0022177505306899543
v 0.019151994958519936 0.07175348699092866 0.003419232321903109
v 0.019151994958519936 0.07097440212965013 0.0028996649198234077
v 0.019151994958519936 0.07189283519983293 0.0019796155393123622
v 0.019151994958519936 0.07267094403505327 0.002301111118867993
v 0.019151994958519936 0.07220382988452913 0.0035554089117795225
v 0.019151994958519936 0.0726720839738846 0.003601111005991697
v 0.019151994958519936 0.07067561894655229 0.002536240732297301
v 0.019151994958519936 0.07165407389402391 0.001622960204258561
v 0.019151994958519936 0.07045347243547441 0.0021215083543211217
v 0.019151994958519936 0.07031650096178056 0.001671405625529587
v 0.019151994958519936 0.07156997174024583 0.0012020826106891034
v 0.019151994958519936 0.07026996463537218 0.001203229767270386
v 0.019151994958519936 0.0731402635574341 0.003554582595825195
v 0.019151994958519936 0.0730918198823929 0.002217007568106055
v 0.019151994958519936 0.07359036803245546 0.003417611354961991
v 0.019151994958519936 0.07400509715080263 0.003195461351424455
v 0.019151994958519936 0.07344847172498704 0.001978242769837379
v 0.019151994958519936 0.07436851412057878 0.0028966697864234443
v 0.019151994958519936 0.07466667145490648 0.0025327189359813924
v 0.019151994958519936 0.07368660718202592 0.0016211665933951733
v 0.019151994958519936 0.07488808780908586 0.002117595169693231
v 0.019151994958519936 0.07502426952123643 0.001667251228354871
v 0.019151994958519936 0.07376996427774431 0.0012001411523669956
v 0.019151994958519936 0.07506997138261796 0.001198993995785713
v 0.019151994958519936 0.0703156739473343 0.0007349724182859062
v 0.019151994958519936 0.07165332883596422 0.0007810570532456039
v 0.019151994958519936 0.07045185565948488 0.00028462862246669823
v 0.019151994958519936 0.07067326456308366 -0.00013049524568486956
v 0.019151994958519936 0.0718914642930031 0.00042398110963404173
v 0.019151994958519936 0.07133484631776811 -0.0007932378794066607
v 0.019151994958519936 0.07224812358617784 0.00018521620950195936
v 0.019151994958519936 0.07097140699625017 -0.000494446197990328
v 0.019151994958519936 0.07174957543611528 -0.0010153877083212135
v 0.019151994958519936 0.07219967246055604 -0.0011523587163537739
v 0.019151994958519936 0.07266899943351747 0.00010111226583831011
v 0.019151994958519936 0.07266785204410554 -0.0011988872429355977
v 0.019151994958519936 0.07466431707143785 -0.00013401715841609982
v 0.019151994958519936 0.07368586212396623 0.0007792633841745554
v 0.019151994958519936 0.07344710081815721 0.0004226083401590585
v 0.019151994958519936 0.07488646358251573 0.00028071529231965536
v 0.019151994958519936 0.07502344250679018 0.0007308180211111902
v 0.019151994958519936 0.07309002429246904 0.00018447327602189032
v 0.019151994958519936 0.07400157302618028 -0.0007955910987220703
v 0.019151994958519936 0.07313610613346101 -0.0011531850323081014
v 0.019151994958519936 0.07358645647764207 -0.0010170086752623317
v 0.019151994958519936 0.07436551898717882 -0.0004974413895979523
v 0.020706215873360634 0.07197976112365724 0.005141112953424453
v 0.02117706835269928 0.07136751711368562 0.004983124788850545
v 0.017872456461191177 0.05624378845095636 0.008649377152323721
v 0.02044723555445671 0.07489681243896486 0.004834373015910386
v 0.021161101758480072 0.07489046454429628 0.004528146237134933
v 0.020736731588840485 0.07445376366376878 0.004781342111527919
v 0.02286016196012497 0.05728751420974733 0.004405338317155837
v 0.022872164845466614 0.06932450085878374 0.0033937825355678792
v 0.023132357746362686 0.0689775124192238 0.002739222720265388
v 0.021665580570697784 0.07080192863941194 0.004738119896501302
v 0.022117912769317627 0.0702592581510544 0.0043930504471063605
v 0.02000129222869873 0.056470744311809554 0.007726523559540509
v 0.0212714821100235 0.05671377852559091 0.0067382645793259135
v 0.02250724472105503 0.06975553184747697 0.003940828144550323
v 0.021998146548867226 0.056917291134595885 0.005910736043006181
v 0.019378971308469772 0.05638983845710756 0.008055482991039751
v 0.019596576690673828 0.07490177452564241 0.0051185539923608294
v 0.020279154181480408 0.07363586127758028 0.005082580260932445
v 0.017622116953134537 0.07490796595811845 0.005568017717450856
v 0.013940440490841866 0.05603229999542238 0.00950934737920761
v 0.016059543937444687 0.05612399429082872 0.00913648586720228
v 0.02022886835038662 0.0733165666460991 0.0051485057920217505
v 0.013704209588468075 0.07492135465145112 0.006149809341877698
v 0.020250817760825157 0.07298883795738222 0.005188381765037774
v 0.020336145535111427 0.07267349958419801 0.005201110616326331
v 0.020391106605529785 0.07393439114093782 0.004996008239686488
v 0.009551993571221828 0.07492027431726457 0.006591537967324256
v 0.009551973082125187 0.05878209322690965 0.009457676671445368
v 0.023194333538413048 0.06884653866291048 0.002376605290919542
v 0.023204095661640167 0.06874974071979524 0.001995984464883804
v 0.023102901875972748 0.057662088423967375 0.002882207045331597
v 0.023058662191033363 0.05747425183653833 0.003646002151072025
v 0.022506702691316605 0.05710186064243318 0.005160244647413491
v 0.020536324009299278 0.056556891649961485 0.007376221939921378
v 0.009400649927556515 0.05591397359967233 0.009990477934479712
v 0.004772702232003212 0.0581636242568493 0.00986688397824764
v 0.007164641749113798 0.05842044204473497 0.009696959517896174
v 0.004742900840938091 0.05584194883704187 0.01028335280716419
v 0.0023762169294059277 0.05801019072532655 0.009968398138880728
v -2.4074053726508282e-05 0.05581773072481157 0.010381815955042837
v -0.013797454535961151 0.0749197155237198 0.0061502610333263865
v -0.013953871093690395 0.05602962151169778 0.009520222432911394
v -0.017718065530061722 0.07490796595811845 0.005568026565015315
v -0.019693367183208466 0.07490175217390062 0.005118326749652623
v -0.02055053785443306 0.07489688694477083 0.00483157904818654
v -0.020368093624711037 0.0736108645796776 0.005088877398520707
v -0.020335549488663673 0.07306385040283205 0.005181672051548957
v -0.016104307025671005 0.0561213828623295 0.009147102944552897
v -0.009647983126342297 0.05878209322690965 0.009457676671445368
v -0.009648020379245281 0.07492022216320039 0.006591545417904853
v -0.020580070093274117 0.07410497963428499 0.004934843163937329
v -0.020491354167461395 0.07252653688192369 0.005198539700359105
v -0.02089456468820572 0.07452543079853059 0.004744736943393945
v -0.021257108077406883 0.07489046454429628 0.0045281490311026565
v -0.02143009379506111 0.07118280231952669 0.004914377350360154
v -0.020761219784617424 0.07204100489616395 0.005151354242116212
v -0.017918115481734276 0.056239753961563124 0.008665772154927252
v -0.022083792835474014 0.056914024055004134 0.005924039520323276
v -0.022923896089196205 0.06937725096940996 0.0034724462311714883
v -0.022664111107587814 0.06968262046575548 0.0038611397612839933
v -0.023198913782835007 0.057662088423967375 0.0028822072781622405
v -0.02329999953508377 0.06874974071979524 0.0019959839992225166
v -0.02327062003314495 0.06889768689870836 0.0025314697995781894
v -0.023154066875576973 0.05747381597757341 0.0036477707326412197
v -0.023137254640460014 0.06911250948905946 0.003029904561117291
v -0.022596925497055054 0.057099793106317534 0.0051686656661331645
v -0.021354887634515762 0.056710645556449904 0.006751021370291709
v -0.02210140787065029 0.07040123641490938 0.004495479632169007
v -0.020074324682354927 0.05646745115518571 0.007739914581179618
v -0.0024301812518388033 0.058008510619401946 0.009969509206712244
v -2.4753580873948522e-05 0.057958714663982405 0.010002454742789267
v -0.009427027776837349 0.055912539362907424 0.009996295906603335
v -0.007252475246787071 0.05841954797506334 0.009697569534182547
v -0.00477722380310297 0.05584128573536874 0.010286061093211172
v -0.004840143956243992 0.05816135555505754 0.009868386201560496
v -0.022953635081648827 0.05728638917207719 0.004409913439303636
v -0.02061326801776886 0.0565534681081772 0.0073901405557990065
v -0.01944548636674881 0.05638649314641954 0.008069111965596674
v -0.0028554245363920927 0.08265137672424318 -0.0060245515778660766
v -4.8055851948447526e-05 0.08288507908582689 -0.005982335191220044
v -0.0011654705740511417 0.08339748531579973 -0.005805966444313525
v -0.00024976098211482167 0.08259750902652742 -0.006097109988331794
v -4.810704558622092e-05 0.08235017955303194 -0.006159779615700244
v -4.808144876733422e-05 0.08261762559413911 -0.0060710571706295005
v -4.814552448806353e-05 0.08391249179840089 -0.00553084211423993
v -4.828638702747412e-05 0.08440499752759935 -0.005256793461740016
v -0.001782452454790473 0.08415143191814424 -0.005398852284997701
v -0.0007115262560546398 0.08443041145801546 -0.0052362256683409205
v -0.0021136475261300802 0.08483377844095231 -0.004899685736745595
v -4.6887362259440124e-05 0.08526872098445894 -0.004536705091595649
v -0.0033171179238706827 0.08520641177892686 -0.004500733688473701
v -0.004137916024774313 0.08425872772932054 -0.005201193038374185
v -0.00534238014370203 0.08465014398097993 -0.0047916779294610015
v -4.758687282446772e-05 0.08483687043190004 -0.0048967492766678325
v -4.8171212256420404e-05 0.0859731361269951 -0.0036836832296103235
v -0.000905341119505465 0.08560054749250413 -0.004169079940766095
v -4.7529287257930264e-05 0.08562093228101732 -0.004110194277018308
v -0.0010684585431590676 0.08219110220670701 -0.006191228982061147
v -4.808260200661607e-05 0.0818627178668976 -0.006255249958485364
v -4.800465831067413e-05 0.08341997861862184 -0.005804890766739844
v -4.800927490578033e-05 0.08040033280849458 -0.006541660521179437
v -0.0005311668501235545 0.08080584555864335 -0.006472453474998473
v -0.0018122871406376362 0.07986725866794588 -0.0066081713885068885
v -4.800365786650218e-05 0.0794147551059723 -0.006666906177997588
v -0.00249556265771389 0.0812995880842209 -0.006353620905429124
v -0.0037191957235336304 0.08036972582340242 -0.006473883055150508
v -0.0027505336329340935 0.08383601903915407 -0.005543461069464683
v -0.004438536707311869 0.08310634642839433 -0.005768626928329467
v -0.00427733501419425 0.08179087936878206 -0.006173765752464532
v -0.005839846096932888 0.08354466408491136 -0.005429722368717193
v -0.007294726092368364 0.08272171765565874 -0.0055842362344264975
v -0.007074958179146051 0.08395190536975862 -0.005019952077418565
v -0.005869781132787466 0.08226802200078966 -0.005917917937040328
v -0.005482908803969622 0.08087103813886644 -0.006277636624872684
v -0.006531869526952505 0.07991736382246019 -0.00633958214893937
v -0.007089307066053152 0.08135931193828584 -0.00601320806890726
v -0.008543980307877064 0.08182269334793092 -0.005678949411958455
v -0.00962793454527855 0.0808738023042679 -0.005725730676203965
v -0.008569994941353798 0.08314233273267747 -0.005179518368095159
v -0.009861067868769169 0.08225224912166597 -0.005278081633150577
v -0.008147070184350014 0.0804077908396721 -0.006064469926059245
v -4.805816206499003e-05 0.08137524873018266 -0.006350719835609197
v -0.004785717464983463 0.079413078725338 -0.006550830323249101
v -4.772110332851298e-05 0.08632380515336992 -0.003044404555112123
v -0.00010534015018492937 0.0863764137029648 -0.0029998526442795988
v -0.0028086150996387005 0.08616853505373002 -0.0032857945188879962
v -0.0019469659309834242 0.08590804040431978 -0.003743705106899142
v -4.7811125114094466e-05 0.08625367283821107 -0.0031722602434456344
v -0.0008586783660575747 0.08657375723123552 -0.002556889550760388
v -0.0035240515135228634 0.08637997508049013 -0.00280413799919188
v -4.763107790495269e-05 0.08639393001794816 -0.002916548633947968
v -4.745103433378972e-05 0.08653420209884645 -0.0026608372572809453
v -0.001466842251829803 0.08672836422920228 -0.002105239778757095
v -4.757316128234379e-05 0.08686745911836626 -0.0016383583424612878
v -0.0041157579980790615 0.08654179424047471 -0.0023109705653041597
v -0.00432948675006628 0.08553186804056169 -0.0040550525300204745
v -0.005179303232580423 0.08580461889505388 -0.0035728779621422286
v -0.0063766916282474995 0.08499450981616975 -0.004330744966864585
v -0.005904636811465025 0.08602677285671236 -0.0030610950198024507
v -0.008029277436435223 0.08552084863185884 -0.0032984809949994083
v -0.0065206075087189674 0.08619771152734758 -0.0025328258052468296
v -0.00726329255849123 0.0852847993373871 -0.003830142086371779
v -0.001945317373611033 0.08683994412422182 -0.001653810031712055
v -0.004601455759257078 0.0866546854376793 -0.0018173900898545978
v -0.0023164961021393538 0.08691208064556123 -0.0012011681683361528
v -4.622728010872379e-05 0.08701577037572862 -0.0005269706598483025
v -0.0026010419242084026 0.08694934099912645 -0.0007435603183694183
v -0.005296180956065655 0.08675454556941987 -0.000827781157568097
v -0.0028000494930893183 0.08695476502180101 -0.00028152222512289876
v -0.002907069632783532 0.08693046867847444 0.00018316517525818196
v -0.00499256607145071 0.08672361820936204 -0.0013238438405096529
v -0.00550716882571578 0.08675218373537065 -0.00032798835309222335
v -0.007455246523022652 0.08638881891965867 -0.0014685216592624781
v -0.007035220507532358 0.08631695061922075 -0.0020010101143270727
v -0.009240473620593548 0.08583236485719682 -0.002185027580708265
v -0.008016160689294338 0.08641319721937181 -0.0003984141803812235
v -0.007784775458276272 0.08641905337572099 -0.0009349019965156912
v -0.010054735466837883 0.08594816178083421 -0.0010516485199332235
v -0.009696108289062977 0.08591251820325853 -0.0016190536553040145
v -0.005616473034024239 0.08672015368938447 0.00017595873214304444
v -0.008686196990311146 0.08570303022861482 -0.00274661392904818
v -0.008154914714396 0.08431377261877061 -0.004553879145532846
v -0.009095774032175541 0.08462231606245042 -0.004043889697641133
v -0.010619927197694778 0.08507250249385835 -0.002933175535872578
v -0.009914454072713852 0.08487515151500703 -0.0035002937074750658
v -0.00970169622451067 0.08351854234933855 -0.004715883173048495
v -0.011041149497032166 0.08263863623142244 -0.004819646477699279
v -0.012199006043374538 0.08169902116060258 -0.00487288599833846
v -0.010698143392801285 0.08384305983781816 -0.004205154720693826
v -0.012087750248610973 0.08297544717788698 -0.004313545301556586
v -0.011570591479539871 0.08411256968975069 -0.0036578872241079803
v -0.01232568547129631 0.08432660251855852 -0.003083913587033748
v -0.01300929207354784 0.083259254693985 -0.0037691975012421604
v -0.011218110099434853 0.08521574735641481 -0.0023518521338701244
v -0.01171152014285326 0.0853082910180092 -0.0017621294828131793
v -0.012968127615749836 0.0844860076904297 -0.002492225961759686
v -0.012100602500140667 0.08535425364971162 -0.0011680269381031392
v -0.010309690609574318 0.08594452589750291 -0.0004817111475858837
v -0.008138350211083889 0.08637600392103197 0.00014265188656281677
v -0.010451535694301128 0.08590649068355562 9.270772716263308e-05
v -0.01238054409623146 0.08535826206207277 -0.0005699323373846709
v -0.01349993422627449 0.08459371328353883 -0.0018886949401348827
v -0.014494448900222778 0.08366483449935914 -0.002602293156087398
v -0.01392157468944788 0.084653377532959 -0.0012776912190020082
v -0.013810421340167522 0.08348903059959413 -0.003195887897163629
v -0.014229867607355118 0.08466900885105134 -0.0006608128314837812
v -0.015519754961133003 0.08386361598968507 -0.0013764727627858517
v -0.012544485740363598 0.08532470464706422 3.25596411130391e-05
v -0.01442008651793003 0.0846444070339203 -3.908758299075998e-05
v -0.015063758939504623 0.08378876000642778 -0.0019942861981689926
v -0.015860291197896004 0.0838928446173668 -0.0007513736491091548
v -4.7002795326989144e-05 0.0821197032928467 0.005628569982945918
v -4.721979348687455e-05 0.08138156682252885 0.005768855102360248
v -0.0009189745760522783 0.08206504583358766 0.0056365765631198874
v -0.010979707352817059 0.08130697160959245 -0.0053262198343873015
v -0.0029212585650384426 0.07890477776527406 -0.006700077094137668
v -0.0039049044717103243 0.07792796939611436 -0.0067461091093719
v -0.0009577226010151207 0.07840020954608919 -0.006790943443775176
v -0.00573489535599947 0.0784384310245514 -0.006583212409168481
v -0.0019914961885660887 0.0774180442094803 -0.006848503835499286
v -4.7998037189245224e-05 0.07842916995286943 -0.006792150903493165
v -4.807450022781268e-05 0.07644617557525636 -0.006910050753504037
v -0.0029231670778244734 0.07643461227416994 -0.006859352346509694
v -4.8039841203717515e-05 0.07544657588005067 -0.006902271416038274
v -0.006602162960916758 0.07745407521724702 -0.006570816040039062
v -0.004797644913196564 0.07694604992866518 -0.0067455112002789966
v -0.008251750841736794 0.0754777416586876 -0.006416353397071361
v -0.007466250564903021 0.07894188165664674 -0.006359027232974767
v -0.008321206085383892 0.0779525935649872 -0.006336025428026914
v -0.00649986881762743 0.07498751580715181 -0.006607313640415668
v -0.009085374884307384 0.0794297754764557 -0.00607410306110978
v -0.010583393275737762 0.07989344745874406 -0.00573033420369029
v -0.013286695815622807 0.08204419910907747 -0.004373683128505944
v -0.014320344664156437 0.08106899261474611 -0.00439161155372858
v -0.014248636551201344 0.0823391228914261 -0.00383658823557198
v -0.013204177841544151 0.08071919530630113 -0.0048827570863068095
v -0.011958247981965542 0.08032563328742982 -0.005331221502274274
v -0.009938576258718967 0.07843443751335145 -0.006043239496648311
v -0.011511217802762985 0.07641656696796419 -0.0058690900914371005
v -0.011442001909017563 0.07889237999916078 -0.005695687606930732
v -0.01408386416733265 0.07971185445785524 -0.004854532424360513
v -0.012825964018702507 0.07932019233703615 -0.005297538824379443
v -0.01521402969956398 0.08006281405687334 -0.004372632596641778
v -0.015310593880712986 0.08137169480323793 -0.0038645367603749032
v -0.009928793646395206 0.07595583051443101 -0.0061691785231232634
v -0.0047057331539690495 0.07449135184288026 -0.006740148644894361
v -0.004231709986925125 0.0744486227631569 -0.006753589026629924
v -0.006694936193525791 0.07445417344570161 -0.006573688704520463
v -4.800518581760116e-05 0.0744469538331032 -0.006894492078572511
v -0.0034106350503861904 0.07444678246974946 -0.006813555024564265
v -0.00505278492346406 0.07445047795772554 -0.006693622097373008
v -0.00996963120996952 0.07446884363889696 -0.006159821525216102
v -0.012764456681907177 0.07448525726795198 -0.0056443256326019755
v -0.012984794564545155 0.07685486972332002 -0.00552092446014285
v -0.01434181910008192 0.07726624608039857 -0.00513007491827011
v -0.014867085963487625 0.07868537306785585 -0.004792686086148023
v -0.015575801022350788 0.07764629274606706 -0.00470267841592431
v -0.015995321795344353 0.07903464883565904 -0.004321591928601264
v -0.01567854732275009 0.07517956942319871 -0.004871838726103305
v -0.013465015217661858 0.07449084520339967 -0.005467272363603114
v -0.01440415158867836 0.07478976249694826 -0.0052488045766949645
v -0.014165573753416538 0.07449642568826677 -0.005290219094604253
v -0.0155666908249259 0.07450760900974275 -0.00493611255660653
v -0.01683168113231659 0.07554178684949876 -0.004466314800083636
v -0.017791928723454475 0.07453231513500215 -0.00418541207909584
v -0.017865953966975212 0.07587372511625291 -0.004037045408040284
v -0.01668623648583889 0.07799155265092851 -0.004244079813361167
v -0.015088101848959923 0.08258233219385148 -0.003269864013418555
v -0.016177890822291374 0.08162546902894975 -0.003308535553514957
v -0.01621917262673378 0.08036994189023973 -0.003857660107314586
v -0.015807688236236572 0.08277327567338945 -0.0026813938748091455
v -0.016410592943429947 0.08291312307119371 -0.002076787874102592
v -0.016924966126680374 0.0818292871117592 -0.0027303746901452537
v -0.017000755295157433 0.07934334129095079 -0.0038205590099096294
v -0.017886994406580925 0.0796094909310341 -0.003294420428574085
v -0.01710248924791813 0.08063127845525743 -0.0033154126722365613
v -0.017867200076580048 0.08084548264741899 -0.002751488704234361
v -0.01855349913239479 0.07856771349906923 -0.0032505809795111413
v -0.01865776628255844 0.07983163744211198 -0.0027477438561618324
v -0.01767727918922901 0.07829935103654863 -0.003758751787245273
v -0.017554871737957 0.08198375999927522 -0.0021352914627641435
v -0.016899408772587776 0.0830037221312523 -0.0014606787590309975
v -0.017272694036364555 0.0830477997660637 -0.0008362687076441943
v -0.018070269376039505 0.08209010213613512 -0.001527748769149184
v -0.01608171872794628 0.08387986570596696 -0.00012099140440113841
v -0.01752745918929577 0.08304816484451295 -0.00020615509129129347
v -0.01847141794860363 0.08214999735355379 -0.0009106391225941478
v -0.018516112118959427 0.08101261407136919 -0.002170528285205364
v -0.01931660808622837 0.08000920712947847 -0.002184103243052959
v -0.019051792100071907 0.08113323897123338 -0.0015765069983899591
v -0.019476253539323807 0.08120825141668321 -0.0009715009364299475
v -0.01986684650182724 0.08014204353094102 -0.001606524223461747
v -0.018757522106170654 0.08216520398855211 -0.0002862098917830735
v -0.019790958613157272 0.08123860508203508 -0.00035701005253940815
v -0.020310962572693825 0.08023054897785188 -0.001016784459352493
v -0.019319484010338783 0.07879503816366197 -0.002723116427659988
v -0.01826835796236992 0.07724191993474962 -0.003678394248709082
v -0.019122859463095665 0.07751021534204484 -0.00318962475284934
v -0.0198738444596529 0.07774033397436143 -0.0026830097194761033
v -0.02034139819443226 0.07667111605405809 -0.0026335697621107097
v -0.02052578516304493 0.07793111354112627 -0.00216040713712573
v -0.020976383239030838 0.07686524838209154 -0.0021334881894290443
v -0.01961471326649189 0.07644012570381166 -0.0031184239778667684
v -0.018791401758790016 0.07617374509572984 -0.0035869430284947153
v -0.01890622079372406 0.07454902678728105 -0.003720538457855582
v -0.019866960123181343 0.07456690818071367 -0.0032518785446882244
v -0.02069527469575405 0.07458558678627016 -0.0027783755213022228
v -0.021404480561614037 0.0746051073074341 -0.002299615647643804
v -0.021659739315509796 0.07504448294639589 -0.0020182635635137554
v -0.019979391247034073 0.07898041605949403 -0.0021790519822388883
v -0.020536962896585464 0.07912329584360124 -0.0016206504078581927
v -0.021082473918795586 0.0780816674232483 -0.001623377902433276
v -0.020994504913687706 0.07922357320785524 -0.0010493013542145488
v -0.02065083757042885 0.08027518540620805 -0.00041629036422818894
v -0.021353665739297867 0.07928125560283662 -0.0004661552375182509
v -0.021545622497797012 0.07819148153066637 -0.0010733186500146983
v -0.021937495097517967 0.07543171197175981 -0.0016924683004617689
v -0.021523721516132355 0.07702122628688814 -0.0016191579634323714
v -0.02198386751115322 0.07713838666677476 -0.0010924249654635785
v -0.022328639402985573 0.07606883347034456 -0.001108715892769396
v -0.022222120314836502 0.07577503472566606 -0.0013204539427533744
v -0.021916180849075317 0.07826014608144762 -0.0005115653621032833
v -0.02235623076558113 0.07721626013517381 -0.0005552382208406924
v -0.0029086514841765165 0.08687596023082735 0.0006493627442978321
v -0.005614815279841423 0.08665838092565538 0.0006825716700404881
v -4.743393583339639e-05 0.08695531636476518 0.0005924290162511169
v -4.683905353886075e-05 0.08676449209451677 0.0014483117265626786
v -0.002793777734041214 0.08678857237100603 0.0011191612575203178
v -0.005493860691785812 0.08656452596187593 0.0011919178068637846
v -0.0025599508080631495 0.08666353672742845 0.0015980160096660254
v -0.005247288849204779 0.08643399178981782 0.0017068859888240693
v -0.008142005652189255 0.08630839735269548 0.0006877231644466518
v -0.010470128618180752 0.08583602309226991 0.0006712249014526605
v -0.010356227867305279 0.08573276549577714 0.0012525297934189437
v -0.008019081316888332 0.086208812892437 0.0012360702967271207
v -0.007763558067381382 0.08607310801744462 0.0017871614545583723
v -0.012489298358559608 0.08515215665102006 0.0012439070269465444
v -0.01010378822684288 0.08559329807758333 0.0018340924289077518
v -0.012583587318658829 0.08525587618350984 0.0006379529950208961
v -0.0021997017320245504 0.08649747073650361 0.00207781046628952
v -0.004869294352829456 0.08626197278499605 0.002221968956291675
v -0.004356962163001299 0.08604287356138231 0.0027302596718072887
v -0.001706979819573462 0.08628561347723009 0.0025527507532387968
v -4.714309034170583e-05 0.08644025027751924 0.002289314521476626
v -0.0010754610411822796 0.08602534234523775 0.0030144106131047006
v -0.003704631933942437 0.08577252924442293 0.0032230359502136703
v -4.752457607537508e-05 0.08597086369991304 0.0031076378654688592
v -0.007372342981398106 0.0858958885073662 0.0023350757546722885
v -0.00971144437789917 0.08541221916675569 0.0024087347555905576
v -0.01187929231673479 0.08482807874679567 0.0024407505989074703
v -0.006842111703008413 0.08567107468843461 0.0028727448079735036
v -0.00917662400752306 0.08518319576978685 0.002969359047710895
v -0.006167351268231869 0.08539345115423204 0.003391659818589687
v -0.0028998961206525564 0.0854480490088463 0.0036903708241879936
v -0.005338842980563641 0.0850590616464615 0.00388201605528593
v -0.008493969216942787 0.08490101248025896 0.003507387591525912
v -0.0002826682757586241 0.08571585267782213 0.003453311044722795
v -0.012255515903234482 0.0850111171603203 0.001847044448368251
v -0.014485462568700314 0.08458170294761659 0.0005848133005201815
v -0.01421369519084692 0.08434242010116579 0.0018256451003253458
v -0.014418764971196651 0.08448156714439393 0.001207628403790295
v -0.01614457368850708 0.08373427391052247 0.001144445384852588
v -0.016178429126739502 0.08382677286863328 0.0005119186243973671
v -0.017659269273281097 0.0830066427588463 0.000427859544288367
v -0.01597539708018303 0.08360089361667634 0.001773209194652736
v -0.017536943778395653 0.08279965817928316 0.001699133077636361
v -0.017663588747382164 0.08292409777641298 0.0010640175314620135
v -0.018974587321281433 0.08206558227539064 0.000978670548647642
v -0.01892630010843277 0.08213682472705842 0.00034406819031573827
v -0.01386692188680172 0.08416043221950532 0.0024329333100467916
v -0.01135825552046299 0.08459724485874177 0.0030175498686730857
v -0.01337607204914093 0.08393096178770067 0.003021241165697574
v -0.015667835250496864 0.08342377096414567 0.0023910233285278078
v -0.010688170790672302 0.08431395888328554 0.0035681882873177524
v -0.012737410143017769 0.08365019410848619 0.0035805967636406417
v -0.007655397057533264 0.08456194400787355 0.004012686200439929
v -0.009862064383924007 0.08397510647773744 0.004082164261490106
v -0.015219355002045631 0.08319932222366334 0.0029884462710469957
v -0.01727725751698017 0.0826307386159897 0.002324391389265656
v -0.018693866208195686 0.0817929431796074 0.00224226270802319
v -0.016880972310900688 0.08241460472345354 0.0029287384822964664
v -0.014626087620854378 0.08292460441589357 0.0035549965687096115
v -0.016342956572771072 0.08214893192052843 0.003501610597595572
v -0.011944785714149475 0.083315446972847 0.004100511781871318
v -0.01388159953057766 0.08259721100330354 0.004080739337950944
v -0.01835634931921959 0.08158747106790544 0.0028505965601652856
v -0.01889844238758087 0.08195149153470994 0.0016144204419106243
v -4.7775050916243345e-05 0.08565635979175569 0.0034947760868817563
v -4.80255221191328e-05 0.08534184843301774 0.003881914541125297
v -0.0019275253871455789 0.08506757766008378 0.0041226139292120925
v -4.721007644548081e-05 0.08467826247215272 0.004477947484701871
v -0.0007783285691402853 0.08463481813669206 0.004507867619395255
v -0.004345191176980734 0.08466628193855287 0.004332544747740029
v -0.006651067640632391 0.08416466414928438 0.0044735660776495925
v -0.005472649820148945 0.08371102809906007 0.004877338185906409
v -0.0031786998733878136 0.08421757072210313 0.004730477463454007
v -0.0077058421447873116 0.08312744647264482 0.004954053554683923
v -0.0018394519574940205 0.08371952176094057 0.005063719581812619
v -0.004117755219340324 0.08320661634206773 0.005211386363953351
v -0.008870884776115417 0.0835794284939766 0.00454803742468357
v -4.759829243994318e-05 0.08427283167839052 0.0047419597394764415
v -4.797317160409875e-05 0.08344281464815141 0.005195369943976401
v -0.0003364446747582406 0.08318365365266801 0.005322612822055816
v -4.798650479642674e-05 0.08386738598346712 0.005005971528589725
v -0.0025923866778612137 0.08265972882509233 0.005465454421937465
v -4.795983841177076e-05 0.08301823586225511 0.005384767893701791
v -0.006362860556691885 0.08262015879154207 0.005289358086884021
v -0.010989360511302948 0.08292492479085924 0.004570680670440196
v -0.008547489531338215 0.08196718245744707 0.00532692577689886
v -0.009860536083579063 0.08247672766447069 0.004981811624020337
v -0.011894311755895615 0.08177402615547182 0.004977524746209382
v -0.012975885532796383 0.0822148621082306 0.0045570703223347655
v -0.014809341169893742 0.08146038651466371 0.004517429508268832
v -0.015656258910894394 0.08183165639638902 0.004033564589917659
v -0.01725773885846138 0.08102791756391527 0.003966022748500108
v -0.010618401691317558 0.08126924186944963 0.005338205955922603
v -0.012554209679365158 0.08053789287805559 0.005326188169419765
v -0.013783596456050873 0.08103112131357194 0.004948926623910665
v -0.015515618026256561 0.08025577664375307 0.004898893646895885
v -0.01647646352648735 0.08067006617784502 0.004457264207303523
v -0.004846115596592426 0.08205387741327287 0.00554797938093543
v -0.0070391371846199036 0.08138988167047502 0.0056045139208436
v -0.005325610749423504 0.08074087649583818 0.005823408719152211
v -0.009128873236477375 0.08069458603858949 0.005638991016894578
v -4.743678800878115e-05 0.08064341545104982 0.00590913975611329
v -0.003419195767492056 0.08003365993499757 0.006003219168633222
v -0.011097932234406471 0.07997480034828187 0.0056495778262615195
v -0.012938546016812325 0.07923465967178346 0.0056323609314858905
v -0.009405168704688549 0.07934087514877321 0.005923631601035594
v -0.0072509110905230045 0.07906498759984971 0.006062644999474286
v -0.004853823222219944 0.0791350081562996 0.006147834472358226
v -4.7870780690573156e-05 0.07916712760925294 0.006189709063619374
v -0.009647998958826065 0.07899496704339982 0.005977455526590346
v -0.014346018433570862 0.07977934926748277 0.0052902577444910994
v -0.017880210652947426 0.0813330113887787 0.0034283057320863004
v -0.01999536342918873 0.08122481405735017 0.00026532533229328687
v -0.020063718780875206 0.08106523007154466 0.0015247503761202095
v -0.020087549462914467 0.08116707205772401 0.0008936431840993463
v -0.02101750113070011 0.080233171582222 0.0008106376626528798
v -0.020886611193418503 0.08027614653110506 0.00019341804727446285
v -0.021615000441670418 0.07929599285125734 0.00012743778643198309
v -0.021041372790932655 0.08014541864395143 0.0014324189396575091
v -0.021842461079359055 0.07919406890869142 0.0013362902682274578
v -0.021778341382741928 0.07926720380783082 0.0007295242394320666
v -0.022380970418453217 0.07827231287956239 0.0006410026107914745
v -0.022194571793079376 0.07828727364540101 6.0586968174902715e-05
v -0.019917655736207962 0.08091852068901063 0.0021499285940080877
v -0.01964317075908184 0.08072511851787569 0.002758165122941136
v -0.02095239795744419 0.08001185953617097 0.002050144830718636
v -0.018679900094866753 0.0801919922232628 0.0038800484035164113
v -0.019233498722314835 0.08048339933156969 0.0033380505628883834
v -0.020402144640684128 0.07960379868745805 0.0032312995754182334
v -0.019921008497476578 0.07932725548744203 0.0037751095369458194
v -0.020742440596222878 0.07983168214559556 0.0026531324256211515
v -0.021803563460707664 0.07907555997371675 0.0019398960284888742
v -0.02247529663145542 0.07811149954795839 0.0018126107752323148
v -0.021653661504387856 0.07891044020652772 0.0025326157920062538
v -0.02138161100447178 0.07869794219732286 0.0031053209677338596
v -0.022163206711411476 0.07776859402656557 0.002955679083243012
v -0.020974667742848396 0.07843755930662157 0.003648077370598912
v -0.02237471006810665 0.07796332985162736 0.0023918098304420705
v -0.021828297525644302 0.0775263234972954 0.0034945823717862363
v -0.022475222125649452 0.07821423560380937 0.0012260967632755635
v -0.022640742361545563 0.07725436985492708 -8.637650353193747e-06
v -0.02261776104569435 0.07619350403547288 -0.0006741947727277874
v -0.0229469183832407 0.07720874249935152 0.0011082311393693087
v -0.02283753640949726 0.0772521272301674 0.0005465165595524012
v -0.022942321375012398 0.07650607079267503 6.784487777622415e-05
v -0.023080958053469658 0.07662732899188997 0.0006186596583575009
v -0.022740056738257408 0.07631590962409975 -0.00044423196231946344
v -0.022495463490486145 0.07607112079858781 -0.0009041575831361114
v -0.022969014942646027 0.07712296396493913 0.0016702926950529216
v -0.02289927937090397 0.07699392735958101 0.0022289864718914028
v -0.023144474253058434 0.07666996866464616 0.0011975822271779177
v -0.022730588912963867 0.07682004570961 0.00278044119477272
v -0.023035289719700813 0.07651586085557939 0.0023007299751043315
v -0.02245626226067543 0.07659813761711122 0.0033145300112664695
v -0.022870993241667747 0.07633306831121446 0.0028073836583644147
v -0.023129215463995934 0.07663127779960634 0.001756140263751149
v -0.01796947792172432 0.07984924316406251 0.004377504810690879
v -0.017081420868635178 0.07945220172405244 0.004827232100069522
v -0.019285419955849648 0.07900087535381319 0.004276984836906194
v -0.01598498784005642 0.07899604737758638 0.005228864960372447
v -0.01746395416557789 0.07818836718797685 0.005140319932252168
v -0.014645969495177269 0.07847467809915544 0.005583943333476781
v -0.018475942313671112 0.07862248271703721 0.004732488654553889
v -0.020417414605617523 0.0781286731362343 0.0041522826068103305
v -0.01877359300851822 0.07735783606767656 0.005023059900850057
v -0.019691109657287598 0.07776968181133272 0.004611886572092771
v -0.020711438730359077 0.07689956575632097 0.004459504503756761
v -0.021352332085371017 0.07723677158355714 0.003997978288680314
v -0.016214553266763687 0.07769383490085603 0.0055016595870256415
v -0.011285399086773396 0.07861974090337755 0.005928596016019582
v -0.013053706847131252 0.07788506150245668 0.005895589943975209
v -0.009647959843277931 0.07797954231500627 0.006152652204036712
v -0.011239095591008663 0.07723280787467958 0.006169881206005811
v -0.012958105653524399 0.07651433348655702 0.006105504930019378
v -0.009647920727729797 0.07696411013603212 0.006327848881483077
v -0.014702524058520794 0.07713530957698823 0.005820849910378455
v -0.016229907050728798 0.07636624574661256 0.005702926777303218
v -0.017633944749832153 0.07689082622528078 0.00538483029231429
v -0.018872341141104698 0.07606744021177293 0.005235877819359302
v -0.01456962339580059 0.07577940076589586 0.005991071928292512
v -0.013797454535961151 0.0749197155237198 0.0061502610333263865
v -0.009648020379245281 0.07492022216320039 0.006591545417904853
v -0.01608560048043728 0.07501915842294694 0.005826523527503013
v -0.017644604668021202 0.07557199895381929 0.0055424198508262626
v -0.01988695189356804 0.07651107013225557 0.004874259233474731
v -0.022062642499804497 0.07632904499769212 0.003812482580542564
v -0.020776772871613503 0.07565465569496156 0.004682794213294982
v -0.021512873470783234 0.07601638883352281 0.004267862066626548
v -0.02204165793955326 0.075514554977417 0.004013284109532832
v -0.022648943588137627 0.07609479874372484 0.00326763791963458
v -0.022321803495287895 0.07586949318647386 0.0037111695855855937
v -0.02237420529127121 0.0758146569132805 0.003673134138807654
v -0.021649383008480072 0.07520250976085664 0.004270716570317744
v -0.021257108077406883 0.07489046454429628 0.0045281490311026565
v -0.019862666726112366 0.07523740828037263 0.005049237515777349
v -0.018705716356635094 0.07490485906600954 0.0053431764245033255
v -0.02055053785443306 0.07489688694477083 0.00483157904818654
v -0.015757760033011436 0.07491384446620943 0.005859143566340207
v -0.016737913712859154 0.07491090148687364 0.005713585298508405
v -0.019693367183208466 0.07490175217390062 0.005118326749652623
v -0.017718065530061722 0.07490796595811845 0.005568026565015315
v -4.803371848538518e-05 0.08088778704404832 -0.006446190178394317
v -0.02069527469575405 0.07458558678627016 -0.0027783755213022228
v -0.021404480561614037 0.0746051073074341 -0.002299615647643804
v -0.021042266860604286 0.07419716566801073 -0.002496181288734078
v -0.02017706073820591 0.07212884724140169 -0.0027621171902865167
v -0.020256027579307556 0.0715647339820862 -0.0026431628502905364
v -0.01603773608803749 0.05919902399182321 -0.0033673211000859733
v -0.02071201056241989 0.07374957203865053 -0.0026504409033805128
v -0.02138890139758587 0.06984416395425798 -0.0016299268463626502
v -0.022087639197707176 0.0692679136991501 -0.0009026911575347184
v -0.019972236827015877 0.05876201391220094 -0.0015903281746432183
v -0.02093350887298584 0.05859916284680368 -0.0009281340753659605
v -0.022417454048991203 0.06904207915067674 -0.00048436646466143424
v -0.02045314386487007 0.07104960083961488 -0.002455990063026547
v -0.02072749100625515 0.07059459388256074 -0.0022183631081134077
v -0.017524348571896553 0.05906194448471071 -0.0028099217452108856
v -0.021047549322247505 0.07019406557083131 -0.0019405295606702564
v -0.018835850059986115 0.05891627073287965 -0.0022175908088684078
v -0.017791928723454475 0.07453231513500215 -0.00418541207909584
v -0.015285676345229149 0.06611593812704088 -0.0041896547190845
v -0.0155666908249259 0.07450760900974275 -0.00493611255660653
v -0.01151371095329523 0.06607788056135179 -0.005135502200573682
v -0.00996963120996952 0.07446884363889696 -0.006159821525216102
v -0.012764456681907177 0.07448525726795198 -0.0056443256326019755
v -0.006694936193525791 0.07445417344570161 -0.006573688704520463
v -0.006622840650379658 0.0596849098801613 -0.0053430614061653605
v -0.020240897312760353 0.07270351797342302 -0.0027987472712993617
v -0.020432012155652046 0.07325012981891633 -0.0027565921191126104
v -0.019866960123181343 0.07456690818071367 -0.0032518785446882244
v -0.016916468739509583 0.06613781303167345 -0.0036347687710076566
v -0.01890622079372406 0.07454902678728105 -0.003720538457855582
v -0.0034106350503861904 0.07444678246974946 -0.006813555024564265
v -0.004450257867574692 0.059732623398304 -0.00553706707432866
v -0.02296574041247368 0.06873390823602678 0.0004888001712970435
v -0.02314045839011669 0.06867325305938722 0.0010390321258455513
v -0.022255878895521164 0.05827232450246812 0.00040084167267195875
v -0.021663885563611984 0.05844097211956979 -0.00028489882242865855
v -0.022717855870723724 0.06886108964681627 -2.0547871827147898e-05
v -0.023024745285511017 0.057903684675693526 0.001899837516248226
v -0.022709494456648827 0.058093231171369566 0.0011290871771052478
v -0.01437312737107277 0.059327237308025374 -0.0038886731490492816
v -0.013479264453053474 0.06609582155942918 -0.0046926895156502715
v -0.012604957446455956 0.0594397932291031 -0.004346345085650682
v -0.0022401795722544193 0.05976105481386186 -0.005652666557580232
v -0.010733223520219326 0.0595366843044758 -0.004740337375551461
v -0.008757926523685455 0.05961791425943376 -0.005070649553090333
v -4.800518581760116e-05 0.0744469538331032 -0.006894492078572511
v 0.0022536388132721186 0.059760097414255156 -0.005648797843605279
v 0.003316591726616025 0.07444678246974946 -0.006813458632677793
v 0.006626607850193977 0.059682279825210585 -0.005332357715815305
v 0.00987929105758667 0.07446887344121934 -0.006158938165754079
v 0.006602673325687647 0.0744541883468628 -0.006573318969458341
v 0.004459937568753958 0.059730794280767455 -0.005529629997909068
v 0.01141770463436842 0.06607788056135179 -0.005135501269251107
v 0.012675371952354908 0.07448529452085496 -0.005642832722514867
v 0.017704004421830177 0.0745324268937111 -0.004182286094874143
v 0.015189670026302338 0.06611593812704088 -0.004189653787761926
v 0.018815485760569572 0.07454911619424821 -0.00371815450489521
v 0.015478640794754028 0.07450769096612932 -0.0049337674863636485
v 0.020136460661888123 0.07266643643379213 -0.0027988865040242668
v 0.020600590854883194 0.07458562403917314 -0.0027775508351624008
v 0.01977401040494442 0.07456696778535844 -0.0032502613030374046
v 0.02032437175512314 0.07322467863559724 -0.002760238945484161
v 0.01682046242058277 0.06613781303167345 -0.0036347673740237947
v 0.020082121714949608 0.0722387880086899 -0.002775580389425158
v 0.02060554549098015 0.07373358309268953 -0.0026548875030130144
v 0.020940648391842842 0.07419037818908693 -0.002499014604836702
v 0.021308470517396927 0.0746051073074341 -0.0022996158804744478
v 0.01746641844511032 0.059058029204607024 -0.002794000785797834
v 0.02036970667541027 0.07102468609809877 -0.0024448549374938007
v 0.02020975761115551 0.07140149921178819 -0.002592274453490972
v 0.02010834589600563 0.07180918753147127 -0.002705171005800366
v 0.02084607258439064 0.05859754234552385 -0.0009215478785336017
v 0.022324325516819954 0.06904032081365587 -0.00047985312994569535
v 0.021827375516295433 0.0693904608488083 -0.0010890479898080228
v 0.021303895860910416 0.06983380019664766 -0.0016195540083572266
v 0.020801357924938202 0.07037055492401124 -0.002071915660053491
v 0.018766529858112335 0.058912944048643126 -0.0022040691692382093
v 0.015992742031812668 0.0591946914792061 -0.003349713515490293
v 0.019893081858754158 0.0587594509124756 -0.0015799180837348101
v 7.3946366683230735e-06 0.059770200401544585 -0.0056898598559200755
v 0.013383258134126663 0.06609582155942918 -0.00469268811866641
v 0.010720399208366871 0.05953277274966241 -0.004724423866719007
v 0.00875396654009819 0.059614557772874846 -0.005056979600340127
v 0.012582339346408844 0.05943553522229196 -0.004329028073698281
v 0.014339787885546684 0.05932284146547319 -0.0038707910571247335
v 0.023044446483254433 0.06867325305938722 0.0010390320094302294
v 0.022753946483135223 0.06879032403230669 0.00022726564202457664
v 0.022162606939673424 0.058271445333957686 0.0004044407396577298
v 0.021573150530457497 0.05843969807028772 -0.00027972992393188173
v 0.022614451125264168 0.05809276923537256 0.001130963792093098
v 0.022928733378648758 0.057903684675693526 0.0018998372834175823
v 0.009309451095759869 0.07934083044528963 0.0059236166998744
v 0.007407741155475378 0.07905953377485277 0.006057050079107284
v 0.009033100679516792 0.0806945487856865 0.005638984497636556
v 0.0016866306541487575 0.08415134996175767 -0.005398895125836133
v -4.828638702747412e-05 0.08440499752759935 -0.005256793461740016
v -4.814552448806353e-05 0.08391249179840089 -0.00553084211423993
v 0.0006159462500363588 0.0844302996993065 -0.005236304830759763
v 0.003220704849809408 0.08520636707544328 -0.004500746726989745
v -4.6887362259440124e-05 0.08526872098445894 -0.004536705091595649
v 0.002017637947574258 0.08483366668224336 -0.004899772349745034
v 0.00404208991676569 0.08425863087177278 -0.005201237276196479
v 0.0052465652115643024 0.08465005457401277 -0.004791724029928445
v -4.758687282446772e-05 0.08483687043190004 -0.0048967492766678325
v -4.7529287257930264e-05 0.08562093228101732 -0.004110194277018308
v 0.0008102050051093102 0.0856003984808922 -0.004169294610619544
v -4.8171212256420404e-05 0.0859731361269951 -0.0036836832296103235
v -4.808260200661607e-05 0.0818627178668976 -0.006255249958485364
v 0.0009733782499097288 0.08219122886657716 -0.006191092543303966
v -4.810704558622092e-05 0.08235017955303194 -0.006159779615700244
v 0.0017163354204967618 0.07986715435981752 -0.006608186289668082
v 0.0004350689414422959 0.080805741250515 -0.00647247303277254
v -4.800927490578033e-05 0.08040033280849458 -0.006541660521179437
v -4.800365786650218e-05 0.0794147551059723 -0.006666906177997588
v 0.003623267635703087 0.08036960661411287 -0.006473898421972989
v 0.002399478806182742 0.0812995731830597 -0.006353619042783975
v 0.0001535219926154241 0.08259795606136323 -0.006096929777413606
v 0.0008242230978794396 0.08206508308649064 0.005636571440845727
v -4.721979348687455e-05 0.08138156682252885 0.005768855102360248
v -4.7002795326989144e-05 0.0821197032928467 0.005628569982945918
v 0.0027594908606261015 0.08265126496553422 -0.00602456834167242
v -4.8055851948447526e-05 0.08288507908582689 -0.005982335191220044
v 0.004342681262642145 0.08310624212026597 -0.005768661387264728
v 0.002654683543369174 0.0838359370827675 -0.005543499253690242
v 0.0010696601821109653 0.08339738100767137 -0.005806013010442256
v 0.004181306343525648 0.0817907899618149 -0.006173774600028991
v 0.005743958987295628 0.083544559776783 -0.005429755896329879
v 0.0071988278068602085 0.08272159844636919 -0.0055842543952167025
v 0.006979106459766626 0.08395180851221086 -0.005019985605031251
v 0.005773860961198807 0.0822679027915001 -0.005917931906878947
v 0.005386969540268183 0.08087094128131868 -0.006277653854340314
v 0.0064359065145254135 0.07991725951433183 -0.00633958913385868
v 0.006993317976593971 0.08135923743247987 -0.006013231817632913
v 0.0084479795768857 0.08182261884212495 -0.005678977351635694
v 0.009531999006867409 0.08087369799613954 -0.005725740920752286
v 0.009765086695551872 0.0822521671652794 -0.005278109107166528
v 0.008474108763039112 0.08314221352338792 -0.005179542582482099
v 0.008051134645938873 0.08040768653154375 -0.0060644764453172675
v -4.805816206499003e-05 0.08137524873018266 -0.006350719835609197
v -4.800465831067413e-05 0.08341997861862184 -0.005804890766739844
v 0.004689743742346764 0.07941298931837083 -0.006550838239490985
v -4.743678800878115e-05 0.08064341545104982 0.00590913975611329
v 0.0033235158771276474 0.0800336003303528 0.006003226153552531
v -4.7870780690573156e-05 0.07916712760925294 0.006189709063619374
v 0.002713466063141823 0.08616846054792406 -0.003285911632701754
v 1.0291811122442596e-05 0.08637627959251405 -0.0030000356491655107
v -4.772110332851298e-05 0.08632380515336992 -0.003044404555112123
v -4.7811125114094466e-05 0.08625367283821107 -0.0031722602434456344
v 0.0018518602009862661 0.08590792864561082 -0.0037438687868416305
v -4.763107790495269e-05 0.08639393001794816 -0.002916548633947968
v 0.00342863192781806 0.08637992292642595 -0.002804223215207457
v 0.0007636219379492104 0.08657366037368776 -0.002557008527219295
v -4.745103433378972e-05 0.08653420209884645 -0.0026608372572809453
v 0.0013716263929381967 0.0867283344268799 -0.0021052674856036897
v -4.757316128234379e-05 0.08686745911836626 -0.0016383583424612878
v 0.004020029213279486 0.08654173463582994 -0.002311029005795717
v 0.004233251791447401 0.08553187549114229 -0.004055018071085214
v 0.005083555821329355 0.08580461889505388 -0.003572874935343861
v 0.006280883215367794 0.08499442785978319 -0.0043307910673320285
v 0.0058089978992938995 0.08602672070264818 -0.0030611597467213865
v 0.007933493703603745 0.08552077412605287 -0.003298526164144277
v 0.006424842402338982 0.08619762957096101 -0.002532925689592957
v 0.0071674976497888565 0.08528470993041994 -0.003830188419669866
v 0.004505615681409836 0.08665464073419572 -0.0018174172146245835
v 0.001849930384196341 0.08683993667364122 -0.00165384029969573
v 0.0022210648749023676 0.08691206574440004 -0.0012012396473437546
v 0.0025057755410671234 0.08694931119680406 -0.0007436226587742566
v -4.622728010872379e-05 0.08701577037572862 -0.0005269706598483025
v 0.005200562998652458 0.08675450831651689 -0.0008278070599772035
v 0.002704956568777561 0.08695472776889802 -0.0002815423067659139
v 0.0028119320049881935 0.08693043887615205 0.0001831745757954195
v 0.004896795377135277 0.08672357350587846 -0.0013238540850579736
v 0.005411656107753515 0.08675213903188707 -0.0003280318342149257
v 0.0073595051653683186 0.0863887667655945 -0.001468519796617329
v 0.009144707582890987 0.08583228290081026 -0.0021850683260709043
v 0.006939421873539686 0.08631687611341478 -0.002001064363867044
v 0.00792049989104271 0.08641313761472703 -0.00039846525760367507
v 0.009958986192941666 0.08594809472560884 -0.0010516826296225188
v 0.00768909091129899 0.08641900122165681 -0.0009349151514470576
v 0.009600351564586163 0.08591245114803316 -0.0016190912574529646
v 0.005520924460142851 0.08672010898590089 0.00017592980293557045
v 0.00859042163938284 0.08570295572280885 -0.0027466572355478998
v 0.008059030398726463 0.08431366831064226 -0.0045539229176938525
v 0.008999930694699287 0.08462222665548326 -0.004043929744511842
v 0.010524106211960316 0.08507242053747179 -0.00293321325443685
v 0.009818632155656815 0.08487506955862047 -0.0035003314260393377
v 0.00960582122206688 0.08351843804121019 -0.00471591344103217
v 0.010945193469524384 0.08263855427503587 -0.004819672089070081
v 0.01210305280983448 0.08169893175363542 -0.004872906487435102
v 0.011991815641522408 0.08297535777091981 -0.004313570447266101
v 0.010602269321680069 0.0838429629802704 -0.004205187316983937
v 0.011474723927676678 0.08411246538162233 -0.0036579207517206665
v 0.012229827232658863 0.08432651311159135 -0.003083947347477078
v 0.012913370504975319 0.08325915783643724 -0.003769223345443606
v 0.011122294701635838 0.08521566540002824 -0.0023518891539424653
v 0.011615714058279991 0.08530821651220323 -0.001762165338732302
v 0.01287227775901556 0.08448591828346254 -0.002492259722203016
v 0.012004805728793144 0.08535417914390565 -0.0011680604657158253
v 0.010213947854936123 0.08594445139169694 -0.00048174144467338914
v 0.010355798527598381 0.08590643107891084 9.268104622606187e-05
v 0.008042681030929089 0.08637595176696779 0.00014261025353334841
v 0.01228475384414196 0.0853581801056862 -0.0005699632456526159
v 0.013404089026153088 0.08459363132715227 -0.001888728351332247
v 0.01439854595810175 0.08366475254297258 -0.002602321561425924
v 0.013825733214616776 0.08465329557657243 -0.0012777241645380852
v 0.013714510016143322 0.08348894119262697 -0.003195914905518293
v 0.014134032651782036 0.08466892689466478 -0.0006608429248444735
v 0.015423867851495743 0.0838635414838791 -0.0013765017502009866
v 0.014324257150292397 0.08464432507753374 -3.911137537215836e-05
v 0.01244870200753212 0.08532463014125825 3.253133036196231e-05
v 0.014967863447964191 0.08378868550062181 -0.0019943153019994493
v 0.01576440967619419 0.08389277011156084 -0.000751403102185577
v 0.010883760638535023 0.08130687475204469 -0.005326236132532357
v 0.0008617679704912007 0.07840012013912202 -0.006790950428694486
v 0.0038089025765657425 0.0779278874397278 -0.006746117491275071
v 0.002825303701683879 0.0789046883583069 -0.006700084079056977
v 0.0056388950906693935 0.07843834161758424 -0.0065832207910716525
v 0.0018955064006149769 0.07741796225309373 -0.006848510820418595
v -4.7998037189245224e-05 0.07842916995286943 -0.006792150903493165
v -4.807450022781268e-05 0.07644617557525636 -0.006910050753504037
v -4.8039841203717515e-05 0.07544657588005067 -0.006902271416038274
v 0.002827090909704566 0.07643452286720277 -0.006859348621219396
v 0.006506151054054499 0.07745400071144105 -0.006570815108716487
v 0.008155726827681065 0.07547768205404283 -0.006416354328393935
v 0.004701612051576376 0.07694596797227861 -0.006745507940649985
v 0.00822520349174738 0.07795251160860063 -0.006336026359349488
v 0.007370247505605221 0.07894179224967958 -0.006359036546200513
v 0.006403849460184574 0.07498746365308763 -0.00660731317475438
v -4.759829243994318e-05 0.08427283167839052 0.0047419597394764415
v 0.0006823677686043084 0.08463478833436967 0.004507816396653651
v 0.003083094023168087 0.08421754091978075 0.004730466287583112
v 0.008989373221993446 0.07942967861890794 -0.0060741137713193885
v 0.010487404651939869 0.0798933580517769 -0.005730343982577323
v 0.014224383980035782 0.08106890320777894 -0.004391625523567199
v 0.013190742582082748 0.0820441246032715 -0.00437370641157031
v 0.014152688905596733 0.08233904838562013 -0.0038366126827895637
v 0.013108210638165474 0.08071909844875337 -0.004882767796516418
v 0.011862272396683693 0.08032552897930147 -0.005331231746822595
v 0.009842580184340477 0.07843436300754549 -0.006043242756277322
v 0.011415194720029831 0.07641650736331941 -0.005869095213711261
v 0.011346005834639072 0.07889230549335481 -0.005695694126188754
v 0.013987869955599308 0.07971177250146867 -0.004854544531553983
v 0.012729967944324017 0.07932012528181077 -0.005297548603266477
v 0.015118039213120937 0.08006274700164796 -0.004372647497802972
v 0.01521463505923748 0.08137160539627077 -0.003864553058519959
v 0.009832768701016903 0.07595577836036684 -0.006169181317090987
v -4.7775050916243345e-05 0.08565635979175569 0.0034947760868817563
v -4.752457607537508e-05 0.08597086369991304 0.0031076378654688592
v 0.00018746571731753647 0.08571579307317735 0.0034533685538917776
v 0.004138112533837557 0.0744486302137375 -0.00675342371687293
v 0.004609738942235708 0.07449129223823549 -0.006740145850926637
v 0.006602673325687647 0.0744541883468628 -0.006573318969458341
v 0.003316591726616025 0.07444678246974946 -0.006813458632677793
v -4.800518581760116e-05 0.0744469538331032 -0.006894492078572511
v 0.004959632642567158 0.07445047795772554 -0.006693388801068067
v 0.012675371952354908 0.07448529452085496 -0.005642832722514867
v 0.00987929105758667 0.07446887344121934 -0.006158938165754079
v 0.012888772413134575 0.07685481756925584 -0.005520930979400872
v 0.014245799742639065 0.0772661864757538 -0.005130082368850707
v 0.01477107685059309 0.07868530601263048 -0.004792695399373769
v 0.015479783527553082 0.07764623314142229 -0.004702687729150056
v 0.01589931547641754 0.07903458178043367 -0.0043216031044721595
v 0.015582513064146042 0.07517953962087633 -0.004871848039329051
v 0.013376189395785332 0.07449089735746385 -0.005465566646307706
v 0.014077006839215755 0.07449649274349214 -0.005288300570100545
v 0.014308118261396885 0.07478973269462587 -0.005248811561614274
v 0.015478640794754028 0.07450769096612932 -0.0049337674863636485
v 0.01673564873635769 0.07554175704717637 -0.0044663255102932444
v 0.017704004421830177 0.0745324268937111 -0.004182286094874143
v 0.01776992343366146 0.07587368786334993 -0.004037057049572467
v 0.016590220853686333 0.07799150049686433 -0.00424409145489335
v -4.721007644548081e-05 0.08467826247215272 0.004477947484701871
v 0.01499216165393591 0.08258225768804552 -0.003269888693466782
v 0.016081934794783592 0.08162538707256319 -0.0033085548784583803
v 0.01612318679690361 0.08036987483501436 -0.0038576761726289983
v 0.01571175456047058 0.08277320116758348 -0.0026814187876880165
v 0.016314664855599403 0.08291304856538774 -0.0020768132526427503
v 0.01682901568710804 0.08182919770479204 -0.002730396576225757
v 0.01690475083887577 0.07934327423572542 -0.0038205729797482486
v 0.017006507143378258 0.08063120394945146 -0.0033154301345348354
v 0.01779099553823471 0.07960943132638933 -0.0032944362610578533
v 0.017771219834685326 0.08084542304277421 -0.0027515080291777845
v 0.018457487225532532 0.07856766134500505 -0.003250595880672335
v 0.018561769276857376 0.07983157038688661 -0.0027477610856294628
v 0.017581265419721603 0.07829929143190385 -0.0037587643601000305
v 0.017458925023674965 0.08198367804288866 -0.0021353156771510835
v 0.01680348627269268 0.08300364762544633 -0.0014607057673856614
v 0.017176777124404907 0.08304772526025773 -0.0008362961234524845
v 0.017974328249692917 0.08209002017974855 -0.0015277747297659514
v 0.01743154786527157 0.08304809778928758 -0.00020617945119738576
v 0.015985846519470215 0.08387979865074159 -0.0001210226400871761
v 0.018375476822257042 0.08214993029832841 -0.0009106670040637254
v 0.018420135602355003 0.08101255446672441 -0.002170549007132649
v 0.019220616668462753 0.0800091400742531 -0.0021841225679963823
v 0.01895582303404808 0.0811331793665886 -0.0015765266725793479
v 0.019380291923880577 0.08120819181203844 -0.0009715198539197444
v 0.01977085880935192 0.08014198392629625 -0.001606547040864825
v 0.01969500444829464 0.0812385454773903 -0.0003570308908820152
v 0.018661584705114365 0.08216514438390733 -0.0002862400142475962
v 0.020214974880218506 0.0802304893732071 -0.0010168101871386168
v 0.019223475828766823 0.07879498600959779 -0.0027231322601437564
v 0.018172334879636765 0.07724187523126604 -0.003678406588733196
v 0.01902684010565281 0.07751017808914186 -0.0031896387226879592
v 0.019777826964855194 0.07774029672145845 -0.002683025319129228
v 0.020245373249053955 0.0766710862517357 -0.002633585128933191
v 0.020880362018942833 0.07686521112918855 -0.0021335044875741
v 0.02042977139353752 0.07793107628822328 -0.002160423900932073
v 0.019518688321113586 0.07644009590148927 -0.003118437714874744
v 0.018815485760569572 0.07454911619424821 -0.00371815450489521
v 0.018695374950766563 0.07617371529340745 -0.0035869556013494726
v 0.01977401040494442 0.07456696778535844 -0.0032502613030374046
v 0.020600590854883194 0.07458562403917314 -0.0027775508351624008
v 0.021308470517396927 0.0746051073074341 -0.0022996158804744478
v 0.02156081795692444 0.07503978163003923 -0.002021505264565348
v 0.01988338679075241 0.07898037135601045 -0.002179069677367806
v 0.02044096030294895 0.07912324368953706 -0.0016206701984629033
v 0.020986462011933327 0.07808163017034532 -0.0016233961796388028
v 0.020898504182696342 0.07922352850437166 -0.0010493232402950523
v 0.0212576724588871 0.07928121089935304 -0.00046617718180641527
v 0.020554853603243828 0.08027513325214387 -0.0004163162957411259
v 0.021449612453579903 0.07819144427776338 -0.0010733384406194089
v 0.0214277021586895 0.07702119648456575 -0.0016191754257306454
v 0.021835699677467346 0.07542424649000169 -0.001699566259048879
v 0.021887850016355515 0.07713836431503297 -0.0010924439411610363
v 0.022232618182897568 0.07606881856918336 -0.0011087332386523483
v 0.02211637794971466 0.07576397061347963 -0.0013340801233425734
v 0.022260216996073723 0.07721623778343202 -0.0005552584771066903
v 0.021820174530148506 0.07826011627912523 -0.0005115865496918558
v 0.00024038639094214886 0.0831834450364113 0.0053226896561682216
v -4.797317160409875e-05 0.08344281464815141 0.005195369943976401
v 0.0017436734633520246 0.08371947705745698 0.005063725635409354
v 0.005519245285540819 0.0866583436727524 0.0006825568852946161
v 0.0028133634477853775 0.08687593787908555 0.0006493672844953834
v -4.743393583339639e-05 0.08695531636476518 0.0005924290162511169
v 0.002698429860174656 0.08678855746984483 0.0011191501980647443
v -4.683905353886075e-05 0.08676449209451677 0.0014483117265626786
v 0.005398351699113846 0.08656448125839235 0.0011918941745534537
v 0.005151715129613876 0.08643395453691484 0.0017068671295419333
v 0.0024647011887282133 0.08666351437568666 0.0015980416210368273
v 0.00804634764790535 0.0863083451986313 0.0006877053529024123
v 0.010374399833381176 0.08583596348762514 0.0006712017348036169
v 0.007923459634184837 0.08620876818895341 0.0012360522523522375
v 0.0102605065330863 0.08573270589113237 0.0012525097699835894
v 0.007667890749871731 0.08607306331396104 0.001787140732631087
v 0.012393529526889324 0.08515208959579469 0.001243883045390248
v 0.010008074343204498 0.08559323847293855 0.0018340751994401214
v 0.012487811967730522 0.08525580167770387 0.0006379270926117896
v 0.0047736624255776405 0.08626193553209306 0.002221970353275537
v 0.0021044323220849037 0.08649744838476182 0.0020778367761522527
v 0.0016116328770294785 0.0862855836749077 0.002552782883867621
v 0.004261376336216927 0.08604283630847932 0.0027302550151944156
v 0.0009801520500332117 0.08602531254291536 0.0030144401825964446
v -4.714309034170583e-05 0.08644025027751924 0.002289314521476626
v 0.003608967177569866 0.08577248454093934 0.003223036183044314
v 0.0072766439989209175 0.08589583635330202 0.002335069933906197
v 0.009615736082196236 0.08541215956211091 0.0024087207857519384
v 0.011783539317548275 0.0848280042409897 0.0024407308083027597
v 0.009080921299755573 0.08518314361572267 0.0029693478718399997
v 0.006746468134224415 0.08567102253437044 0.002872741082683205
v 0.00607167836278677 0.08539340645074846 0.00339166191406548
v 0.0052431742660701275 0.08505902439355852 0.0038820211775600906
v 0.0028043175116181374 0.08544800430536272 0.003690379206091165
v 0.008398273959755898 0.08490096032619478 0.0035073792096227403
v 0.012159755453467369 0.08501105010509492 0.001847022329457104
v 0.014389638788998127 0.08458162099123002 0.0005847956053912639
v 0.014117885380983353 0.08434234559535982 0.0018256217008456586
v 0.016048721969127655 0.0837341994047165 0.0011444129049777982
v 0.014322945848107338 0.08448150008916856 0.0012076111743226645
v 0.01608256809413433 0.08382670581340791 0.0005118860281072556
v 0.017563359811902046 0.08300657570362092 0.0004278388223610818
v 0.01744103990495205 0.08279961347579957 0.0016991141019389031
v 0.015879560261964798 0.08360082656145097 0.0017731774132698772
v 0.01887867972254753 0.08206550031900407 0.0009786371374502776
v 0.017567681148648262 0.0829240456223488 0.0010639985557645557
v 0.018830373883247375 0.08213675767183305 0.00034403611789457495
v 0.013771125115454197 0.08416036516427995 0.002432910026982426
v 0.013280287384986877 0.0839308947324753 0.0030212185811251398
v 0.011262510903179646 0.0845971778035164 0.0030175319407135244
v 0.015572002157568932 0.0834237039089203 0.0023909953888505693
v 0.010592436417937279 0.08431389927864076 0.0035681722220033403
v 0.012641635723412037 0.08365013450384141 0.003580575110390782
v 0.009766338393092155 0.08397504687309267 0.0040821502916514865
v 0.007559708319604397 0.08456189185380937 0.004012680612504481
v 0.015123524703085423 0.08319925516843797 0.002988419961184263
v 0.01718136854469776 0.08263069391250612 0.002324369270354509
v 0.018597979098558426 0.08179287612438203 0.0022422287147492166
v 0.016785096377134323 0.08241456001996995 0.002928717760369181
v 0.014530263841152191 0.0829245373606682 0.003554973285645246
v 0.016247091814875603 0.08214888721704484 0.003501591039821505
v 0.013785780407488346 0.08259716629981996 0.00408071931451559
v 0.011849023401737213 0.08331537991762163 0.004100490827113389
v 0.018260473385453224 0.08158740401268007 0.002850563265383243
v 0.018802547827363014 0.08195141702890398 0.0016143862158060072
v 0.0018319826340302825 0.08506756275892259 0.004122562706470489
v -4.80255221191328e-05 0.08534184843301774 0.003881914541125297
v 0.004249678459018469 0.08466623723506929 0.004332552663981914
v 0.006555384490638971 0.0841646119952202 0.004473563283681869
v 0.005376975983381271 0.0837109759449959 0.004877337720245122
v 0.007610138971358538 0.08312739431858064 0.004954045172780751
v 0.004022019915282726 0.08320657163858415 0.005211384966969489
v 0.008775169961154461 0.08357937633991243 0.004548026248812675
v -4.798650479642674e-05 0.08386738598346712 0.005005971528589725
v 0.002496907254680991 0.08265969902276994 0.005465468857437371
v -4.795983841177076e-05 0.08301823586225511 0.005384767893701791
v 0.0062671834602952 0.08262010663747789 0.005289352033287286
v 0.010893610306084156 0.08292486518621446 0.004570661112666129
v 0.008451767265796661 0.08196713030338289 0.005326910875737666
v 0.011798509396612644 0.08177398890256883 0.00497751124203205
v 0.009764796122908592 0.08247667551040651 0.004981794394552707
v 0.012880071997642517 0.08221481740474702 0.004557053092867135
v 0.014713507145643234 0.08146034181118013 0.004517411813139915
v 0.017161885276436806 0.08102785795927049 0.0039659934118390075
v 0.015560409985482693 0.08183161169290544 0.004033545963466167
v 0.01245841197669506 0.0805378556251526 0.005326171871274709
v 0.010522620752453804 0.08126920461654664 0.005338195245712995
v 0.013687781989574432 0.08103107661008836 0.004948909394443034
v 0.01541978307068348 0.08025572448968889 0.004898871295154094
v 0.016380619257688522 0.08067001402378084 0.004457237664610147
v 0.006943413522094488 0.08138982951641084 0.00560450879856944
v 0.004750405438244343 0.0820538178086281 0.005547983106225728
v 0.0052299173548817635 0.0807408317923546 0.005823408253490924
v 0.011002161540091038 0.07997475564479829 0.005649562925100326
v 0.012842717580497265 0.07923462986946107 0.005632347892969846
v 0.005263497121632099 0.07912409305572511 0.006136649753898381
v 0.009551985189318657 0.07899496704339982 0.005977450404316186
v 0.014250189997255802 0.07977931201457979 0.005290239118039607
v 0.017784345895051956 0.08133295178413393 0.00342827383428812
v 0.019899409264326096 0.0812247544527054 0.0002653008268680423
v 0.01996777020394802 0.08106518536806108 0.0015247236005961893
v 0.020921537652611732 0.08023311942815782 0.0008106136810965835
v 0.019991595298051834 0.08116701990365983 0.0008936155354604124
v 0.020790638402104378 0.08027609437704088 0.00019339358550496397
v 0.02151901088654995 0.07929594069719316 0.00012741649698000399
v 0.021746478974819183 0.07919402420520784 0.0013362623285502193
v 0.020945413038134575 0.08014536648988725 0.0014323929790407417
v 0.022284971550107002 0.07827228307724 0.0006409787456505
v 0.02168235555291176 0.07926716655492784 0.0007295013056136667
v 0.022098569199442863 0.07828722894191743 6.056467464077286e-05
v 0.019821716472506523 0.08091847598552705 0.0021499057766050096
v 0.019547240808606148 0.0807250812649727 0.0027581432368606325
v 0.020856447517871857 0.0800118073821068 0.0020501150283962484
v 0.01858399249613285 0.08019195497035982 0.003880026983097195
v 0.020306209102272987 0.07960376143455507 0.0032312700059264894
v 0.019137579947710037 0.0804833620786667 0.003338027978315949
v 0.019825082272291183 0.07932721823453905 0.0037750811316072936
v 0.02064649760723114 0.07983163744211198 0.0026531014591455455
v 0.02170758694410324 0.07907553017139436 0.0019398716976866124
v 0.022379305213689804 0.078111469745636 0.001812585745938122
v 0.021557694301009178 0.07891040295362474 0.0025325883179903026
v 0.0212856512516737 0.07869791239500047 0.003105294425040483
v 0.022067226469516754 0.07776857912540437 0.00295565347187221
v 0.020878717303276062 0.07843753695487977 0.0036480512935668226
v 0.02227872423827648 0.07796330004930498 0.0023917835205793376
v 0.021732326596975327 0.0775263011455536 0.0034945572260767217
v 0.022379226982593536 0.07821421325206758 0.0012260699877515433
v 0.022544734179973602 0.07725434005260469 -8.657661055622155e-06
v 0.022508971393108368 0.07618069648742677 -0.000698502524755895
v 0.02285091206431389 0.07720872014760972 0.0011082014534622429
v 0.02283373475074768 0.07649459689855577 2.9709239242947657e-05
v 0.0227415282279253 0.07725211232900621 0.0005464953719638287
v 0.022975726053118706 0.0766197517514229 0.0005692185950465499
v 0.022630902007222176 0.076303169131279 -0.0004721745790448039
v 0.02238704077899456 0.07605823874473573 -0.0009248304413631557
v 0.022873012349009514 0.07712293416261674 0.0016702651046216486
v 0.022803284227848053 0.07699391245841981 0.0022289624903351064
v 0.023045502603054047 0.07666943967342378 0.0011362311197444794
v 0.0226345956325531 0.07682001590728761 0.0027804167475551362
v 0.022949280217289925 0.07652737200260164 0.0022596132475882764
v 0.022787882015109062 0.07634761929512025 0.0027742877136915918
v 0.02236027643084526 0.07659813016653062 0.003314506262540817
v 0.023037798702716827 0.07663797587156297 0.001706023816950619
v 0.017873581498861313 0.07984920591115953 0.004377484321594237
v 0.016985537484288216 0.07945217192173006 0.004827212076634168
v 0.019189506769180298 0.0790008381009102 0.004276958294212817
v 0.01588911935687065 0.07899601757526399 0.0052288458682596675
v 0.017368076369166374 0.07818833738565446 0.005140298046171664
v 0.014550131745636463 0.07847465574741365 0.005583923775702714
v 0.018380045890808105 0.07862245291471483 0.004732464440166949
v 0.020321473479270935 0.0781286507844925 0.004152257461100816
v 0.018677685409784317 0.07735781371593477 0.005023037549108266
v 0.020615484565496445 0.07689955085515977 0.00445948215201497
v 0.019595181569457054 0.07776965945959093 0.004611863754689693
v 0.021256370469927788 0.07723674923181535 0.003997954074293374
v 0.016118662431836128 0.07769381999969484 0.0055016428232192984
v 0.012957889586687088 0.07788503170013429 0.005895570386201142
v 0.011189562268555164 0.07861971855163576 0.005928587168455123
v 0.011143291369080544 0.07723277807235719 0.006169863510876893
v 0.009551988914608955 0.078007809817791 0.006148404907435178
v 0.012862260453402996 0.07651431113481523 0.0061054909601807586
v 0.009551993571221828 0.07702065259218217 0.006319359876215457
v 0.014606651850044727 0.07713529467582704 0.005820835009217261
v 0.016134006902575493 0.07636623829603197 0.005702911410480737
v 0.018776360899209976 0.07606743276119234 0.005235867109149694
v 0.017538048326969147 0.07689080387353898 0.005384810268878936
v 0.013704209588468075 0.07492135465145112 0.006149809341877698
v 0.014473733492195606 0.07577940076589586 0.005991057027131318
v 0.009551993571221828 0.07492027431726457 0.006591537967324256
v 0.015989741310477257 0.07501912862062456 0.005826506298035382
v 0.017548704519867897 0.07557195425033571 0.00554241333156824
v 0.019791023805737495 0.07651105523109437 0.004874235950410365
v 0.021966662257909775 0.07632903754711153 0.003812460927292704
v 0.020680801942944527 0.07565464824438096 0.004682776052504777
v 0.02212204970419407 0.07567396759986879 0.0038321195170283313
v 0.021953411400318146 0.07552115619182588 0.00400659255683422
v 0.021416904404759407 0.07601638138294221 0.0042678401805460444
v 0.02256564237177372 0.07610827684402467 0.0032451215665787454
v 0.022290688008069992 0.0758267790079117 0.003657647175714373
v 0.022225813940167427 0.07586948573589326 0.0037111507263034578
v 0.02155725657939911 0.07520581036806108 0.004267369396984576
v 0.021161101758480072 0.07489046454429628 0.004528146237134933
v 0.01976674422621727 0.07523740828037263 0.005049213301390409
v 0.018609346821904182 0.07490487396717073 0.00534328632056713
v 0.02044723555445671 0.07489681243896486 0.004834373015910386
v 0.01664263941347599 0.07491131126880647 0.005713465623557567
v 0.015663161873817444 0.07491466403007509 0.005858913529664277
v 0.019596576690673828 0.07490177452564241 0.0051185539923608294
v -4.808144876733422e-05 0.08261762559413911 -0.0060710571706295005
v -4.803371848538518e-05 0.08088778704404832 -0.006446190178394317
v 0.017622116953134537 0.07490796595811845 0.005568017717450856
v -0.009648005478084087 0.06485169380903245 0.00544206891208887
v 0.009551994502544403 0.06485169380903245 0.00544206891208887
v -2.4753580873948522e-05 0.057958714663982405 0.010002454742789267
v 0.009551973082125187 0.05878209322690965 0.009457676671445368
v 0.007164641749113798 0.05842044204473497 0.009696959517896174
v 0.004772702232003212 0.0581636242568493 0.00986688397824764
v -0.007252475246787071 0.05841954797506334 0.009697569534182547
v -0.009647983126342297 0.05878209322690965 0.009457676671445368
v -0.004840143956243992 0.05816135555505754 0.009868386201560496
v -0.0024301812518388033 0.058008510619401946 0.009969509206712244
v 0.0023762169294059277 0.05801019072532655 0.009968398138880728
v 0.009551993571221828 0.07492027431726457 0.006591537967324256
v 0.009551973082125187 0.05878209322690965 0.009457676671445368
v 0.009551994502544403 0.06485169380903245 0.00544206891208887
v 0.009551993571221828 0.07702065259218217 0.006319359876215457
v 0.009551994502544403 0.07729332894086839 0.003879686119034886
v 0.009551985189318657 0.07899496704339982 0.005977450404316186
v -0.016104307025671005 0.0561213828623295 0.009147102944552897
v -0.01789969392120838 0.0559731535613537 0.009749846532940863
v -0.017918115481734276 0.056239753961563124 0.008665772154927252
v -0.016036061570048332 0.05587936192750932 0.010131213814020155
v -0.013953871093690395 0.05602962151169778 0.009520222432911394
v -0.01975369080901146 0.05610384419560434 0.009218417108058928
v -0.02067517302930355 0.056187801063060774 0.008877017535269259
v -0.021569417789578438 0.056286934763193144 0.008473922498524187
v -0.01944548636674881 0.05638649314641954 0.008069111965596674
v -0.020074324682354927 0.05646745115518571 0.007739914581179618
v -0.009427027776837349 0.055912539362907424 0.009996295906603335
v -0.006564125884324312 0.055651564151048674 0.01105749327689409
v -0.010364791378378868 0.0557169020175934 0.010791814886033533
v -0.00477722380310297 0.05584128573536874 0.010286061093211172
v -0.0027620799373835325 0.055616173893213286 0.011201409623026846
v -0.01415356993675232 0.0558135285973549 0.01039891969412565
v -2.4074053726508282e-05 0.05581773072481157 0.010381815955042837
v 0.001041093491949141 0.05560998618602754 0.011226562783122061
v -0.022083792835474014 0.056914024055004134 0.005924039520323276
v -0.02389591932296753 0.05671589076519014 0.006729686632752418
v -0.024516882374882698 0.056898567825555815 0.0059868674725294104
v -0.021354887634515762 0.056710645556449904 0.006751021370291709
v -0.02320305071771145 0.05654884129762651 0.007408945355564355
v -0.025032708421349525 0.05709798261523248 0.005176002625375985
v -0.022596925497055054 0.057099793106317534 0.0051686656661331645
v -0.02540808729827404 0.05731633678078653 0.004288135096430778
v -0.025590775534510612 0.05754809454083444 0.003345741424709558
v -0.023154066875576973 0.05747381597757341 0.0036477707326412197
v -0.023198913782835007 0.057662088423967375 0.0028822072781622405
v -0.025548001751303673 0.057782776653766646 0.002391482004895806
v -0.022953635081648827 0.05728638917207719 0.004409913439303636
v -0.02061326801776886 0.0565534681081772 0.0073901405557990065
v -0.02242577075958252 0.05640564858913423 0.00799120496958494
v 0.008650588802993298 0.05568529665470125 0.010920332744717596
v 0.004845894873142242 0.05563282221555711 0.011133712716400622
v 0.004742900840938091 0.05584194883704187 0.01028335280716419
v 0.009400649927556515 0.05591397359967233 0.009990477934479712
v 0.01244783028960228 0.05576844513416292 0.010582242161035536
v 0.013940440490841866 0.05603229999542238 0.00950934737920761
v 0.014341524802148342 0.055822100490331664 0.010364053770899771
v 0.016222044825553894 0.05589154735207559 0.010081662796437739
v 0.016059543937444687 0.05612399429082872 0.00913648586720228
v 0.01807623915374279 0.055989727377891554 0.009682445786893366
v 0.017872456461191177 0.05624378845095636 0.008649377152323721
v 0.01989709958434105 0.05612422525882722 0.009135536849498747
v 0.019378971308469772 0.05638983845710756 0.008055482991039751
v 0.02078339271247387 0.05620869249105455 0.008792069740593432
v 0.021639175713062286 0.05630774796009065 0.008389299735426901
v 0.02000129222869873 0.056470744311809554 0.007726523559540509
v 0.020536324009299278 0.056556891649961485 0.007376221939921378
v 0.022455139085650444 0.0564258322119713 0.007909137755632399
v 0.0212714821100235 0.05671377852559091 0.0067382645793259135
v 0.02319709211587906 0.05656894296407701 0.007327211089432239
v 0.023855747655034065 0.056730527430772795 0.006670163013041019
v 0.021998146548867226 0.056917291134595885 0.005910736043006181
v 0.02444629929959774 0.05690705776214601 0.005952355917543172
v 0.022506702691316605 0.05710186064243318 0.005160244647413491
v 0.02494470402598381 0.057101700454950347 0.005160908214747905
v 0.02286016196012497 0.05728751420974733 0.004405338317155837
v 0.023058662191033363 0.05747425183653833 0.003646002151072025
v 0.023102901875972748 0.057662088423967375 0.002882207045331597
v 0.02549050562083721 0.057535026222467436 0.0033988812938332553
v 0.025306347757577896 0.05731187388300897 0.004306275863200425
v 0.025465240702033043 0.05776135250926019 0.002478602575138211
v 0.022928733378648758 0.057903684675693526 0.0018998372834175823
v 0.02275199443101883 0.057662088423967375 0.002882212400436401
v -0.02284800447523594 0.057662088423967375 0.0028822126332670446
v -0.023024745285511017 0.057903684675693526 0.001899837516248226
v -0.025325767695903778 0.05798640847206117 0.001563471392728388
v -0.02284800447523594 0.057903684675693526 0.0018998405430465934
v -0.022709494456648827 0.058093231171369566 0.0011290871771052478
v -0.024964364245533943 0.05817685276269914 0.000789051642641425
v -0.024494891986250877 0.058354333043098464 6.739313539583235e-05
v -0.022255878895521164 0.05827232450246812 0.00040084167267195875
v -0.023924605920910835 0.058511279523372664 -0.0005707915406674146
v -0.021663885563611984 0.05844097211956979 -0.00028489882242865855
v -0.0232772845774889 0.05865160003304483 -0.0011413715546950696
v -0.02093350887298584 0.05859916284680368 -0.0009281340753659605
v -0.02257811464369297 0.05877747014164926 -0.0016531751025468109
v -0.02108784019947052 0.05899371206760408 -0.002532468177378177
v -0.019972236827015877 0.05876201391220094 -0.0015903281746432183
v -0.018835850059986115 0.05891627073287965 -0.0022175908088684078
v -0.01951359398663044 0.059174597263336196 -0.003268009284511208
v -0.017901038751006126 0.05932684242725374 -0.0038870743010193105
v -0.017524348571896553 0.05906194448471071 -0.0028099217452108856
v -0.01603773608803749 0.05919902399182321 -0.0033673211000859733
v -0.016260724514722824 0.059456620365381255 -0.0044147735461592666
v -0.014597230590879917 0.05956763401627542 -0.00486618373543024
v -0.01437312737107277 0.059327237308025374 -0.0038886731490492816
v -0.012604957446455956 0.0594397932291031 -0.004346345085650682
v -0.011212725192308426 0.05974311009049417 -0.005579709075391292
v -0.008757926523685455 0.05961791425943376 -0.005070649553090333
v -0.010733223520219326 0.0595366843044758 -0.004740337375551461
v -0.004450257867574692 0.059732623398304 -0.00553706707432866
v -0.006622840650379658 0.0596849098801613 -0.0053430614061653605
v -0.007780463434755802 0.059864953160285964 -0.006075149402022361
v -0.004347192123532295 0.05993931740522386 -0.006377531681209802
v -0.0022401795722544193 0.05976105481386186 -0.005652666557580232
v -0.0009146891534328461 0.05997036397457124 -0.0065037733875215045
v 7.3946366683230735e-06 0.059770200401544585 -0.0056898598559200755
v 0.02084607258439064 0.05859754234552385 -0.0009215478785336017
v 0.019893081858754158 0.0587594509124756 -0.0015799180837348101
v 0.022458471357822418 0.058781381696462645 -0.0016690989723429082
v 0.02439170330762863 0.058365833014249816 2.0627448975574222e-05
v 0.022162606939673424 0.058271445333957686 0.0004044407396577298
v 0.021573150530457497 0.05843969807028772 -0.00027972992393188173
v 0.023153072223067284 0.058657057583332076 -0.0011635649716481564
v 0.02096676453948021 0.05899691209197046 -0.0025454815477132793
v 0.018766529858112335 0.058912944048643126 -0.0022040691692382093
v 0.019393766298890114 0.05917706340551378 -0.0032780244946479793
v 0.01746641844511032 0.059058029204607024 -0.002794000785797834
v 0.02524089254438877 0.057982888072729125 0.0015777802327647803
v 0.022614451125264168 0.05809276923537256 0.001130963792093098
v 0.024833297356963158 0.05819006264209749 0.000735362060368061
v 0.02275199443101883 0.057903684675693526 0.0018998403102159498
v 0.02380596287548542 0.05851925909519197 -0.0006032300298102199
v 0.004459937568753958 0.059730794280767455 -0.005529629997909068
v 0.0022536388132721186 0.059760097414255156 -0.005648797843605279
v 0.00251708272844553 0.05996027216315271 -0.00646273186430335
v 0.00875396654009819 0.059614557772874846 -0.005056979600340127
v 0.006626607850193977 0.059682279825210585 -0.005332357715815305
v 0.009378337301313877 0.05981119349598886 -0.005856544245034455
v 0.005948107223957777 0.05990809574723245 -0.006250580307096242
v 0.010720399208366871 0.05953277274966241 -0.004724423866719007
v 0.01778361387550831 0.05932879447937013 -0.003895001485943794
v 0.015992742031812668 0.0591946914792061 -0.003349713515490293
v 0.016144124791026115 0.059458050876855864 -0.004420598503202199
v 0.014339787885546684 0.05932284146547319 -0.0038707910571247335
v 0.012582339346408844 0.05943553522229196 -0.004329028073698281
v 0.012796131893992424 0.05966369435191156 -0.005256799049675464
v 0.014480642043054104 0.059568930417299285 -0.004871446639299392
v -0.009648005478084087 0.06485169380903245 0.00544206891208887
v -0.009647983126342297 0.05878209322690965 0.009457676671445368
v -0.009648020379245281 0.07492022216320039 0.006591545417904853
v -0.009648005478084087 0.07729332894086839 0.003879686119034886
v -0.009647920727729797 0.07696411013603212 0.006327848881483077
v -0.009647998958826065 0.07899496704339982 0.005977455526590346
v 0.009551994502544403 0.07729332894086839 0.003879686119034886
v -4.7870780690573156e-05 0.07916712760925294 0.006189709063619374
v 0.005263497121632099 0.07912409305572511 0.006136649753898381
v -0.004853823222219944 0.0791350081562996 0.006147834472358226
v -0.009648005478084087 0.07729332894086839 0.003879686119034886
v 0.009551985189318657 0.07899496704339982 0.005977450404316186
v -0.009647998958826065 0.07899496704339982 0.005977455526590346
v 0.009551994502544403 0.06485169380903245 0.00544206891208887
v -0.009648005478084087 0.06485169380903245 0.00544206891208887
v -0.009648005478084087 0.07729332894086839 0.003879686119034886
v 0.009551994502544403 0.07729332894086839 0.003879686119034886
v -0.01774800382554531 0.07029680907726289 0.004421066027134656
v -0.01774800382554531 0.06974800676107408 0.003932797349989413
v -0.01774800382554531 0.07267094403505327 0.0023011113516986366
v -0.01774800382554531 0.06929773837327959 0.003352404106408357
v -0.01774800382554531 0.0722499191761017 0.0022177505306899543
v -0.01774800382554531 0.07092564553022386 0.004800742492079734
v -0.01774800382554531 0.07161331176757814 0.005059023387730121
v -0.01774800382554531 0.06896120309829713 0.00269945990294218
v -0.01774800382554531 0.06256841868162157 0.0024900534190237518
v -0.01774800382554531 0.06281000375747682 0.0015076812123879788
v -0.01774800382554531 0.06874974071979524 0.0019959839992225166
v -0.01774800382554531 0.07165407389402391 0.0016229604370892046
v -0.01774800382554531 0.07156997174024583 0.0012020827271044252
v -0.01774800382554531 0.07189283519983293 0.0019796155393123622
v -0.01774800382554531 0.07307115942239763 0.005180941894650458
v -0.01774800382554531 0.07233660668134691 0.005187197122722863
v -0.01774800382554531 0.07447533309459688 0.004770515486598014
v -0.01774800382554531 0.07379216700792314 0.005040468648076057
v -0.01774800382554531 0.07509762048721315 0.004380184691399335
v -0.01774800382554531 0.07563803344964982 0.003882641205564141
v -0.01774800382554531 0.0730918198823929 0.0022170078009366985
v -0.01774800382554531 0.07344847172498704 0.001978242769837379
v -0.01774800382554531 0.07607834041118623 0.0032946642022579904
v -0.01774800382554531 0.0764037072658539 0.0026360831689089532
v -0.01774800382554531 0.07660316675901414 0.0019291084026917813
v -0.01774800382554531 0.07368660718202592 0.001621166826225817
v -0.01774800382554531 0.07666996866464616 0.0011975822271779177
v -0.01774800382554531 0.06867325305938722 0.0010390358511358497
v -0.01774800382554531 0.07165332883596422 0.0007810571696609258
v -0.01774800382554531 0.06877925246953966 0.00027249686536379153
v -0.01774800382554531 0.0718914642930031 0.00042398122604936356
v -0.01774800382554531 0.06903086602687837 -0.0004592876939568668
v -0.01774800382554531 0.07224812358617784 0.0001852163404691964
v -0.01774800382554531 0.06941867619752885 -0.0011289299000054596
v -0.01774800382554531 0.0699281692504883 -0.0017113678622990844
v -0.01774800382554531 0.07266899943351747 0.00010111239680554716
v -0.01774800382554531 0.07054027915000917 -0.002184802899137139
v -0.01774800382554531 0.07123209536075593 -0.00253151636570692
v -0.01774800382554531 0.07425466179847719 -0.0024715894833207126
v -0.01774800382554531 0.07351782917976381 -0.0027079973369836803
v -0.01774800382554531 0.07197771966457368 -0.002738531911745667
v -0.01774800382554531 0.07659443467855455 0.00042744399979710573
v -0.01774800382554531 0.07344710081815721 0.00042260845657438034
v -0.01774800382554531 0.07637202739715578 -0.00031373871024698014
v -0.01774800382554531 0.07368586212396623 0.0007792635587975382
v -0.01774800382554531 0.07376996427774431 0.0012001412687823174
v -0.01774800382554531 0.07309002429246904 0.00018447340698912737
v -0.01774800382554531 0.07552506029605867 -0.001600401592440903
v -0.01774800382554531 0.07493219524621965 -0.002097726799547672
v -0.01774800382554531 0.07601106166839601 -0.0009982264600694177
v -0.01774800382554531 0.07274925708770753 -0.0027981018647551532
v 0.01765199564397335 0.07049664109945299 -0.0021569589152932163
v 0.01765199564397335 0.06989817321300508 -0.0016828260850161312
v 0.01765199564397335 0.07266899943351747 0.00010111227311426772
v 0.01765199564397335 0.06940068304538728 -0.0011036142241209743
v 0.01765199564397335 0.07224812358617784 0.00018521620950195936
v 0.01765199564397335 0.0711743012070656 -0.002508737379685044
v 0.01765199564397335 0.0734468698501587 -0.002722716191783547
v 0.01765199564397335 0.0719064623117447 -0.002725344151258468
v 0.01765199564397335 0.0690223202109337 -0.0004404275678098201
v 0.01765199564397335 0.07165332883596422 0.0007810570532456039
v 0.01765199564397335 0.06877686083316804 0.0002825701667461544
v 0.01765199564397335 0.06867325305938722 0.001039035734720528
v 0.01765199564397335 0.07156997174024583 0.0012020826106891034
v 0.01765199564397335 0.06874974071979524 0.0019959839992225166
v 0.01765199564397335 0.0718914642930031 0.00042398110963404173
v 0.01765199564397335 0.07419743388891221 -0.002495755441486835
v 0.01765199564397335 0.07488931715488435 -0.0021267263218760486
v 0.01765199564397335 0.07549589872360231 -0.0016298100817948578
v 0.01765199564397335 0.0759938806295395 -0.001024103141389787
v 0.01765199564397335 0.07309002429246904 0.00018447327602189032
v 0.01765199564397335 0.07266643643379213 -0.0027988865040242668
v 0.01765199564397335 0.07344710081815721 0.0004226083401590585
v 0.01765199564397335 0.07636413723230363 -0.00033288242411799723
v 0.01765199564397335 0.07659242302179338 0.0004172888293396681
v 0.01765199564397335 0.07368586212396623 0.0007792634423822163
v 0.01765199564397335 0.07666996866464616 0.001197581994347274
v 0.01765199564397335 0.07376996427774431 0.0012001411523669956
v 0.01765199564397335 0.06281000375747682 0.001507681095972657
v 0.01765199564397335 0.06256841868162157 0.002490053186193108
v 0.01765199564397335 0.06894283741712572 0.0026531780604273076
v 0.01765199564397335 0.07189283519983293 0.0019796155393123622
v 0.01765199564397335 0.07165407389402391 0.001622960204258561
v 0.01765199564397335 0.06924523413181306 0.0032677915878593917
v 0.01765199564397335 0.0722499191761017 0.0022177505306899543
v 0.01765199564397335 0.06964804977178575 0.0038218006957322355
v 0.01765199564397335 0.07267094403505327 0.002301111118867993
v 0.01765199564397335 0.07013948261737825 0.004298959858715533
v 0.01765199564397335 0.07070512324571611 0.004685276187956332
v 0.01765199564397335 0.07132837921380998 0.004969421308487653
v 0.01765199564397335 0.07345379143953325 0.0051235626451671115
v 0.01765199564397335 0.0719909891486168 0.005143064074218272
v 0.01765199564397335 0.07636683434247972 0.002728583989664912
v 0.01765199564397335 0.07344847172498704 0.001978242769837379
v 0.01765199564397335 0.0730918198823929 0.002217007568106055
v 0.01765199564397335 0.07659379392862321 0.0019780111033469434
v 0.01765199564397335 0.07368660718202592 0.0016211665933951733
v 0.01765199564397335 0.07550089061260225 0.004027041606605052
v 0.01765199564397335 0.07420396059751512 0.00489527778699994
v 0.01765199564397335 0.07489518821239473 0.004525027703493833
v 0.01765199564397335 0.07599779963493349 0.0034204570110887285
v 0.01765199564397335 0.07267349958419801 0.005201110616326331
v 0.019151994958519936 0.07309002429246904 0.00018447327602189032
v 0.01765199564397335 0.07309002429246904 0.00018447327602189032
v 0.019151994958519936 0.07368586212396623 0.0007792633841745554
v 0.01765199564397335 0.07368586212396623 0.0007792634423822163
v 0.01765199564397335 0.07344710081815721 0.0004226083401590585
v 0.019151994958519936 0.07344710081815721 0.0004226083401590585
v 0.019151994958519936 0.07376996427774431 0.0012001411523669956
v 0.01765199564397335 0.07376996427774431 0.0012001411523669956
v 0.019151994958519936 0.07344847172498704 0.001978242769837379
v 0.01765199564397335 0.07344847172498704 0.001978242769837379
v 0.01765199564397335 0.07368660718202592 0.0016211665933951733
v 0.01765199564397335 0.0730918198823929 0.002217007568106055
v 0.019151994958519936 0.0730918198823929 0.002217007568106055
v 0.019151994958519936 0.07368660718202592 0.0016211665933951733
v -0.01774800382554531 0.07309002429246904 0.00018447340698912737
v -0.019248005002737045 0.07309002429246904 0.00018447340698912737
v -0.01774800382554531 0.07368586212396623 0.0007792635587975382
v -0.019248005002737045 0.07368586212396623 0.0007792635587975382
v -0.019248005002737045 0.07344710081815721 0.00042260845657438034
v -0.01774800382554531 0.07344710081815721 0.00042260845657438034
v -0.01774800382554531 0.07376996427774431 0.0012001412687823174
v -0.019248005002737045 0.07376996427774431 0.0012001412687823174
v -0.01774800382554531 0.07344847172498704 0.001978242769837379
v -0.019248005002737045 0.07344847172498704 0.001978242769837379
v -0.019248005002737045 0.07368660718202592 0.001621166826225817
v -0.019248005002737045 0.0730918198823929 0.0022170078009366985
v -0.01774800382554531 0.0730918198823929 0.0022170078009366985
v -0.01774800382554531 0.07368660718202592 0.001621166826225817
f 1 2 3
f 4 3 5
f 4 1 3
f 5 6 4
f 1 7 2
f 7 8 2
f 9 10 11
f 12 13 14
f 9 15 16
f 17 16 13
f 18 8 7
f 13 12 17
f 16 17 9
f 12 14 18
f 9 11 15
f 14 8 18
f 19 20 21
f 22 21 23
f 22 19 21
f 23 24 22
f 19 25 20
f 25 26 20
f 27 28 29
f 30 31 32
f 27 33 34
f 35 34 31
f 36 26 25
f 31 30 35
f 34 35 27
f 30 32 36
f 27 29 33
f 32 26 36
f 37 38 39
f 40 39 41
f 40 37 39
f 41 42 40
f 37 43 38
f 43 44 38
f 45 46 47
f 48 49 50
f 45 51 52
f 53 52 49
f 54 44 43
f 49 48 53
f 52 53 45
f 48 50 54
f 45 47 51
f 50 44 54
f 55 56 57
f 58 57 59
f 58 55 57
f 59 60 58
f 55 61 56
f 61 62 56
f 63 64 65
f 66 67 68
f 63 69 70
f 71 70 67
f 72 62 61
f 67 66 71
f 70 71 63
f 66 68 72
f 63 65 69
f 68 62 72
f 73 74 75
f 76 74 73
f 77 75 78
f 79 77 78
f 80 81 79
f 80 82 81
f 83 82 80
f 83 84 85
f 83 85 82
f 78 80 79
f 86 87 88
f 86 89 90
f 88 87 91
f 91 92 88
f 93 92 94
f 88 92 93
f 95 93 96
f 93 94 96
f 95 97 98
f 97 95 96
f 99 95 98
f 100 84 83
f 101 102 103
f 104 105 106
f 104 107 105
f 100 104 106
f 107 104 108
f 109 107 108
f 84 100 106
f 110 111 112
f 110 113 111
f 110 112 108
f 113 110 101
f 103 114 101
f 113 101 114
f 109 108 112
f 115 116 99
f 117 116 115
f 98 115 99
f 116 117 118
f 118 119 120
f 120 116 118
f 121 122 120
f 123 124 122
f 122 121 125
f 124 123 126
f 123 122 125
f 126 102 124
f 119 121 120
f 124 102 101
f 87 86 90
f 78 75 74
f 127 128 129
f 130 128 131
f 132 133 127
f 132 127 129
f 128 130 129
f 131 134 130
f 135 136 137
f 138 139 140
f 141 142 143
f 144 140 141
f 134 139 138
f 144 138 140
f 137 143 142
f 143 144 141
f 142 135 137
f 139 134 131
f 145 146 147
f 148 147 149
f 147 148 145
f 146 145 150
f 148 149 151
f 150 152 146
f 153 154 155
f 156 157 152
f 158 159 160
f 158 160 157
f 158 157 156
f 153 161 162
f 159 158 162
f 155 161 153
f 159 162 161
f 150 156 152
f 163 164 165
f 166 165 167
f 166 163 165
f 167 168 166
f 169 170 163
f 170 164 163
f 171 172 173
f 174 175 176
f 177 178 179
f 177 179 175
f 180 170 169
f 175 174 177
f 178 177 171
f 174 176 180
f 171 173 178
f 176 170 180
f 181 182 183
f 184 183 185
f 184 181 183
f 185 186 184
f 181 187 182
f 187 188 182
f 189 190 191
f 192 193 194
f 189 195 196
f 197 196 193
f 198 188 187
f 193 192 197
f 196 197 189
f 192 194 198
f 189 191 195
f 194 188 198
f 199 200 201
f 202 201 203
f 202 199 201
f 203 204 202
f 199 205 200
f 205 206 200
f 207 208 209
f 210 211 212
f 207 213 214
f 215 214 211
f 216 206 205
f 211 210 215
f 214 215 207
f 210 212 216
f 207 209 213
f 212 206 216
f 217 218 219
f 220 219 218
f 221 222 223
f 224 225 222
f 223 222 225
f 226 227 225
f 226 225 224
f 223 228 221
f 229 230 231
f 232 233 234
f 235 236 233
f 229 236 237
f 232 234 228
f 238 235 233
f 238 233 232
f 236 235 237
f 237 230 229
f 221 228 234
f 239 240 241
f 242 240 243
f 244 245 239
f 241 244 239
f 239 243 240
f 243 246 242
f 247 248 249
f 250 251 252
f 253 254 251
f 247 254 255
f 250 242 246
f 251 256 253
f 254 253 255
f 256 251 250
f 255 248 247
f 252 242 250
f 257 258 259
f 260 257 261
f 259 261 257
f 262 259 258
f 263 260 261
f 258 264 262
f 265 266 267
f 264 268 269
f 270 271 272
f 268 270 273
f 269 268 273
f 271 267 272
f 272 273 270
f 267 274 265
f 267 271 274
f 264 269 262
f 275 276 277
f 278 276 279
f 280 281 277
f 281 275 277
f 275 279 276
f 279 282 278
f 283 284 285
f 286 287 288
f 289 290 287
f 283 290 291
f 286 288 282
f 292 287 286
f 290 289 291
f 292 289 287
f 291 284 283
f 278 282 288
f 293 294 295
f 296 294 297
f 298 299 293
f 295 298 293
f 293 297 294
f 297 300 296
f 301 302 303
f 304 305 306
f 307 308 305
f 309 308 301
f 306 300 310
f 304 307 305
f 306 310 304
f 308 307 301
f 301 303 309
f 296 300 306
f 311 312 313
f 312 311 219
f 314 313 315
f 313 314 311
f 219 220 312
f 316 315 313
f 317 318 319
f 319 320 321
f 318 320 319
f 322 319 321
f 317 323 318
f 324 325 326
f 324 323 317
f 324 327 328
f 329 325 324
f 326 323 324
f 330 322 331
f 321 331 322
f 332 333 334
f 331 333 330
f 330 333 335
f 336 334 337
f 332 334 336
f 338 337 339
f 337 334 339
f 340 338 339
f 335 333 332
f 328 341 342
f 343 344 345
f 341 328 327
f 328 329 324
f 346 347 342
f 328 342 347
f 348 347 346
f 347 349 350
f 348 349 347
f 351 350 352
f 353 346 343
f 346 353 348
f 343 345 353
f 354 338 340
f 340 339 355
f 344 354 345
f 349 352 350
f 356 351 352
f 357 356 352
f 358 359 357
f 356 357 359
f 354 344 338
f 360 361 362
f 363 362 361
f 266 265 315
f 315 316 266
f 364 365 366
f 366 367 364
f 368 369 370
f 370 371 368
f 372 373 374
f 373 372 375
f 375 376 377
f 375 377 373
f 374 378 379
f 378 374 373
f 379 380 381
f 380 379 378
f 382 381 380
f 377 376 383
f 383 384 385
f 384 383 376
f 385 386 387
f 386 385 384
f 382 388 381
f 388 382 389
f 389 390 391
f 389 391 388
f 260 387 386
f 387 260 263
f 372 392 393
f 392 372 374
f 394 395 396
f 397 398 399
f 399 394 400
f 284 395 285
f 396 395 284
f 400 394 396
f 400 397 399
f 397 401 398
f 402 403 404
f 405 402 406
f 280 405 281
f 401 407 398
f 404 406 402
f 403 407 404
f 281 405 406
f 403 398 407
f 408 409 410
f 411 412 413
f 413 408 414
f 410 303 302
f 303 410 409
f 410 414 408
f 414 411 413
f 411 415 412
f 416 417 418
f 419 298 420
f 420 416 419
f 415 421 412
f 417 421 418
f 298 419 299
f 416 418 419
f 417 412 421
f 422 423 424
f 425 426 427
f 426 422 428
f 424 249 248
f 423 249 424
f 428 422 424
f 428 427 426
f 425 429 426
f 430 431 432
f 433 430 434
f 244 433 434
f 431 425 435
f 430 432 434
f 244 434 245
f 432 431 435
f 429 425 431
f 436 437 438
f 439 440 441
f 441 436 442
f 438 231 230
f 231 438 437
f 438 442 436
f 442 439 441
f 439 443 440
f 444 445 446
f 447 226 448
f 448 444 447
f 449 440 443
f 444 446 447
f 226 447 227
f 446 445 449
f 445 440 449
f 450 391 390
f 390 451 450
f 217 452 453
f 454 455 456
f 452 454 456
f 218 217 453
f 455 457 456
f 456 453 452
f 457 458 459
f 457 455 458
f 460 461 462
f 463 450 464
f 461 463 465
f 462 459 460
f 464 465 463
f 451 464 450
f 462 461 465
f 460 459 458
f 466 467 468
f 469 468 467
f 470 468 471
f 466 468 470
f 472 470 471
f 469 473 474
f 475 476 474
f 473 469 467
f 475 477 476
f 474 476 469
f 478 479 480
f 471 479 472
f 481 478 480
f 482 481 483
f 479 478 472
f 482 483 484
f 485 484 486
f 484 483 486
f 484 485 487
f 488 489 484
f 478 481 482
f 477 475 490
f 491 492 493
f 494 493 490
f 475 494 490
f 495 496 497
f 498 495 497
f 499 500 501
f 497 499 498
f 498 499 502
f 491 493 494
f 488 484 487
f 488 503 489
f 504 503 488
f 500 505 501
f 502 499 501
f 506 505 500
f 504 488 505
f 506 507 505
f 507 504 505
f 492 491 507
f 492 507 506
f 508 476 477
f 509 510 511
f 512 511 513
f 509 511 512
f 513 514 515
f 515 516 513
f 513 516 512
f 510 517 518
f 517 510 509
f 518 517 519
f 519 520 518
f 521 522 523
f 520 521 518
f 518 521 523
f 515 514 524
f 525 524 514
f 526 525 514
f 527 528 529
f 530 531 527
f 528 527 531
f 526 514 529
f 532 533 534
f 535 532 534
f 536 537 538
f 539 540 538
f 540 536 538
f 530 527 541
f 529 514 527
f 522 535 523
f 542 543 544
f 545 543 542
f 546 547 548
f 549 550 542
f 551 542 550
f 549 542 518
f 552 534 533
f 553 550 548
f 542 554 545
f 542 551 554
f 550 553 551
f 548 555 553
f 547 555 548
f 547 546 556
f 518 523 549
f 523 535 534
f 552 539 534
f 523 557 549
f 558 559 560
f 561 562 559
f 523 558 557
f 563 540 539
f 562 560 559
f 564 565 556
f 566 565 564
f 567 565 566
f 567 566 568
f 557 558 560
f 564 556 546
f 563 539 552
f 569 570 571
f 572 569 527
f 527 573 574
f 575 574 573
f 573 576 575
f 527 574 572
f 571 541 569
f 571 570 577
f 577 570 578
f 579 570 580
f 581 582 583
f 584 580 582
f 570 579 578
f 585 586 583
f 569 541 527
f 576 587 588
f 588 587 589
f 589 590 591
f 592 593 594
f 590 593 591
f 590 589 587
f 595 596 597
f 594 598 592
f 592 591 593
f 599 598 596
f 598 599 592
f 600 598 594
f 596 598 597
f 588 575 576
f 586 585 595
f 601 602 603
f 537 602 601
f 604 603 584
f 537 601 538
f 579 580 584
f 604 601 603
f 568 605 606
f 568 566 605
f 607 608 609
f 610 606 605
f 611 606 610
f 607 612 608
f 612 561 608
f 562 561 612
f 609 613 607
f 581 604 584
f 583 586 581
f 614 615 616
f 597 617 615
f 584 582 581
f 609 614 613
f 616 613 614
f 618 616 617
f 617 619 620
f 610 620 611
f 610 617 620
f 616 615 617
f 610 618 617
f 597 598 617
f 595 597 586
f 621 622 209
f 623 624 625
f 626 625 622
f 621 209 208
f 626 623 625
f 622 621 626
f 623 627 624
f 627 628 624
f 629 630 631
f 204 203 632
f 633 632 630
f 634 628 627
f 630 629 633
f 632 633 204
f 629 631 634
f 631 628 634
f 635 636 191
f 637 638 639
f 640 639 636
f 635 191 190
f 640 637 639
f 636 635 640
f 637 641 638
f 641 642 638
f 643 644 645
f 186 185 646
f 647 646 644
f 648 642 641
f 644 643 647
f 646 647 186
f 643 645 648
f 645 642 648
f 649 650 651
f 652 649 651
f 653 654 655
f 655 656 653
f 655 652 656
f 657 655 654
f 649 658 659
f 659 650 649
f 660 649 652
f 661 662 663
f 660 663 664
f 649 660 664
f 655 660 652
f 665 666 667
f 654 668 657
f 661 663 669
f 670 657 668
f 671 657 670
f 672 673 671
f 673 672 674
f 672 671 670
f 669 675 676
f 667 666 677
f 666 678 661
f 679 677 666
f 680 676 675
f 681 682 683
f 676 661 669
f 684 680 675
f 679 666 683
f 685 680 684
f 664 686 687
f 686 664 688
f 689 664 687
f 690 662 661
f 662 688 664
f 664 663 662
f 689 687 691
f 691 692 689
f 692 691 693
f 692 693 694
f 695 696 694
f 697 694 696
f 697 696 698
f 695 694 693
f 665 678 666
f 681 699 682
f 700 699 681
f 679 683 682
f 701 702 697
f 698 701 697
f 703 704 705
f 697 706 705
f 703 705 707
f 702 706 697
f 708 705 704
f 690 661 678
f 705 706 707
f 673 709 710
f 684 711 685
f 712 710 709
f 713 711 714
f 715 710 716
f 711 713 685
f 717 718 719
f 700 681 719
f 717 720 721
f 721 722 723
f 720 717 719
f 718 700 719
f 713 714 724
f 674 709 673
f 715 716 725
f 712 726 710
f 726 727 716
f 728 716 729
f 728 725 716
f 710 726 716
f 730 728 731
f 720 732 721
f 729 731 728
f 733 734 732
f 729 716 735
f 724 730 731
f 721 732 734
f 716 736 735
f 724 714 730
f 737 733 735
f 738 739 740
f 738 741 739
f 734 733 742
f 738 723 722
f 722 721 734
f 737 742 733
f 738 740 723
f 743 744 705
f 738 743 741
f 745 746 747
f 747 705 745
f 746 748 747
f 745 705 744
f 705 708 743
f 743 708 741
f 749 750 735
f 751 749 736
f 752 736 753
f 736 752 751
f 754 753 736
f 752 753 755
f 749 735 736
f 756 757 758
f 758 748 756
f 757 759 758
f 748 746 756
f 752 760 761
f 760 752 755
f 760 759 761
f 761 759 757
f 735 750 737
f 762 763 173
f 764 765 766
f 764 766 763
f 173 172 762
f 765 764 767
f 767 768 769
f 764 763 762
f 769 765 767
f 770 771 769
f 772 773 774
f 772 774 771
f 772 771 770
f 168 167 775
f 773 772 775
f 773 775 167
f 768 770 769
f 776 777 155
f 778 779 780
f 781 780 777
f 155 154 776
f 780 781 778
f 779 778 782
f 781 777 776
f 782 783 779
f 782 784 785
f 786 787 788
f 784 788 785
f 786 788 784
f 151 149 789
f 787 786 789
f 787 789 149
f 783 782 785
f 790 791 792
f 791 790 793
f 794 795 796
f 797 798 799
f 795 797 800
f 796 795 800
f 798 801 799
f 799 800 797
f 801 802 803
f 801 798 802
f 804 805 806
f 807 793 808
f 805 807 809
f 803 804 806
f 807 808 809
f 809 806 805
f 808 793 790
f 804 803 802
f 810 811 812
f 812 813 814
f 813 815 814
f 816 817 818
f 818 817 811
f 818 811 810
f 812 814 810
f 813 819 815
f 820 821 822
f 822 823 824
f 792 791 823
f 815 819 825
f 824 820 822
f 791 824 823
f 825 821 820
f 825 819 821
f 826 827 828
f 829 828 827
f 830 831 832
f 832 833 830
f 834 832 831
f 831 835 834
f 835 836 837
f 836 826 837
f 826 836 827
f 835 837 834
f 838 839 840
f 841 838 842
f 843 844 845
f 846 847 848
f 849 850 851
f 852 851 843
f 849 847 850
f 844 840 853
f 853 845 844
f 840 839 853
f 841 842 854
f 852 843 845
f 848 847 849
f 846 848 855
f 852 849 851
f 838 841 839
f 856 857 830
f 830 833 856
f 858 859 860
f 861 860 859
f 862 863 864
f 864 865 866
f 867 868 865
f 869 863 862
f 862 864 866
f 866 865 868
f 867 870 868
f 867 871 870
f 872 871 873
f 874 875 876
f 873 875 877
f 876 857 878
f 877 872 873
f 878 874 876
f 856 878 857
f 877 875 874
f 871 872 870
f 879 880 881
f 882 879 881
f 883 880 884
f 885 886 887
f 888 889 890
f 883 891 890
f 892 886 889
f 893 894 882
f 880 879 884
f 882 894 879
f 893 895 894
f 889 888 892
f 886 892 887
f 890 891 888
f 887 896 885
f 883 884 891
f 897 863 869
f 869 898 897
f 899 900 901
f 901 902 899
f 903 904 905
f 899 903 900
f 900 903 905
f 904 906 905
f 907 908 909
f 909 906 907
f 910 909 908
f 907 906 904
f 911 912 913
f 914 915 916
f 912 917 918
f 919 920 921
f 922 923 924
f 914 925 924
f 926 920 923
f 913 915 911
f 918 913 912
f 916 915 913
f 916 925 914
f 922 924 925
f 921 920 926
f 927 919 921
f 926 923 922
f 918 917 928
f 133 132 908
f 910 908 132
f 929 930 931
f 931 932 929
f 136 135 933
f 933 934 136
f 935 936 937
f 938 935 939
f 940 941 942
f 943 944 945
f 946 947 948
f 949 948 940
f 946 944 947
f 941 937 950
f 951 938 939
f 950 937 936
f 950 942 941
f 945 952 943
f 946 945 944
f 949 946 948
f 942 949 940
f 938 936 935
f 953 934 933
f 933 954 953
f 955 956 957
f 958 959 960
f 958 960 956
f 961 962 963
f 964 965 966
f 967 968 965
f 969 966 962
f 970 963 959
f 955 957 102
f 971 959 958
f 970 959 971
f 955 958 956
f 961 969 962
f 963 970 961
f 964 966 969
f 967 965 964
f 968 967 972
f 973 968 972
f 974 975 976
f 977 978 979
f 978 974 980
f 981 982 983
f 76 73 981
f 982 981 73
f 984 983 977
f 981 983 985
f 972 986 973
f 980 974 976
f 979 978 980
f 986 976 975
f 90 89 985
f 985 984 987
f 985 987 90
f 977 979 984
f 983 984 985
f 975 973 986
f 988 989 65
f 990 991 992
f 993 992 989
f 988 65 64
f 993 990 992
f 989 988 993
f 990 994 991
f 994 995 991
f 996 997 998
f 60 59 999
f 1000 999 997
f 1001 995 994
f 997 996 1000
f 999 1000 60
f 996 998 1001
f 998 995 1001
f 1002 1003 47
f 1004 1005 1006
f 1007 1006 1003
f 1002 47 46
f 1007 1004 1006
f 1003 1002 1007
f 1004 1008 1005
f 1008 1009 1005
f 1010 1011 1012
f 42 41 1013
f 1014 1013 1011
f 1015 1009 1008
f 1011 1010 1014
f 1013 1014 42
f 1010 1012 1015
f 1012 1009 1015
f 1016 1017 29
f 1018 1019 1020
f 1021 1020 1017
f 1016 29 28
f 1021 1018 1020
f 1017 1016 1021
f 1022 1023 1018
f 1023 1019 1018
f 1024 1025 1026
f 24 23 1027
f 1028 1027 1025
f 1026 1022 1029
f 1025 1024 1028
f 1027 1028 24
f 1024 1026 1029
f 1023 1022 1026
f 1030 1031 11
f 1032 1033 1034
f 1030 1034 1031
f 1030 11 10
f 1035 1032 1034
f 1034 1030 1035
f 1036 1033 1037
f 1033 1032 1037
f 1038 1039 1040
f 6 5 1041
f 1042 1041 1039
f 1043 1036 1037
f 1039 1038 1042
f 1041 1042 6
f 1038 1040 1043
f 1040 1036 1043
f 1044 1045 1046
f 1047 1046 1048
f 1047 1044 1046
f 1048 1049 1047
f 1044 1050 1045
f 1050 1051 1045
f 1052 1053 1054
f 1055 1056 1057
f 1052 1058 1059
f 1060 1059 1056
f 1061 1051 1050
f 1056 1055 1060
f 1059 1060 1052
f 1055 1057 1061
f 1052 1054 1058
f 1057 1051 1061
f 1062 1063 1064
f 1065 1064 1066
f 1065 1062 1064
f 1066 1067 1065
f 1062 1068 1063
f 1068 1069 1063
f 1070 1071 1072
f 1073 1074 1075
f 1070 1076 1077
f 1078 1077 1074
f 1079 1069 1068
f 1074 1073 1078
f 1077 1078 1070
f 1073 1075 1079
f 1070 1072 1076
f 1075 1069 1079
f 1080 1081 1082
f 1083 1082 1084
f 1083 1080 1082
f 1084 1085 1083
f 1080 1086 1081
f 1086 1087 1081
f 1088 1089 1090
f 1091 1092 1093
f 1088 1094 1095
f 1096 1095 1092
f 1097 1087 1086
f 1092 1091 1096
f 1095 1096 1088
f 1091 1093 1097
f 1088 1090 1094
f 1093 1087 1097
f 1098 1099 1100
f 1101 1100 1102
f 1101 1098 1100
f 1102 1103 1101
f 1098 1104 1099
f 1104 1105 1099
f 1106 1107 1108
f 1109 1110 1111
f 1106 1112 1113
f 1114 1113 1110
f 1115 1105 1104
f 1110 1109 1114
f 1113 1114 1106
f 1109 1111 1115
f 1106 1108 1112
f 1111 1105 1115
f 1116 1117 1118
f 1119 1117 1116
f 1120 1118 1121
f 1122 1120 1121
f 1123 1124 1122
f 1123 1125 1124
f 1126 1125 1123
f 1126 1127 1128
f 1126 1128 1125
f 1121 1123 1122
f 1129 1130 1131
f 1129 1132 1133
f 1131 1130 1134
f 1134 1135 1131
f 1136 1135 1137
f 1131 1135 1136
f 1138 1136 1139
f 1136 1137 1139
f 1138 1140 1141
f 1140 1138 1139
f 1142 1138 1141
f 1143 1127 1126
f 1144 1145 1146
f 1147 1148 1149
f 1147 1150 1148
f 1143 1147 1149
f 1150 1147 1151
f 1152 1150 1151
f 1127 1143 1149
f 1153 1154 1155
f 1153 1156 1154
f 1153 1155 1151
f 1156 1153 1144
f 1146 1157 1144
f 1156 1144 1157
f 1152 1151 1155
f 1158 1159 1142
f 1160 1159 1158
f 1141 1158 1142
f 1159 1160 1161
f 1161 1162 1163
f 1163 1159 1161
f 1164 1165 1163
f 1166 1167 1165
f 1165 1164 1168
f 1167 1166 1169
f 1166 1165 1168
f 1169 1145 1167
f 1162 1164 1163
f 1167 1145 1144
f 1130 1129 1133
f 1121 1118 1117
f 1170 1171 1172
f 1173 1171 1174
f 1175 1176 1170
f 1175 1170 1172
f 1171 1173 1172
f 1174 1177 1173
f 1178 1179 1180
f 1181 1182 1183
f 1184 1185 1186
f 1187 1183 1184
f 1177 1182 1181
f 1187 1181 1183
f 1180 1186 1185
f 1186 1187 1184
f 1185 1178 1180
f 1182 1177 1174
f 1188 1189 1190
f 1191 1190 1192
f 1190 1191 1188
f 1189 1188 1193
f 1191 1192 1194
f 1193 1195 1189
f 1196 1197 1198
f 1199 1200 1195
f 1201 1202 1203
f 1201 1203 1200
f 1201 1200 1199
f 1196 1204 1205
f 1202 1201 1205
f 1198 1204 1196
f 1202 1205 1204
f 1193 1199 1195
f 1206 1207 1208
f 1209 1208 1210
f 1209 1206 1208
f 1210 1211 1209
f 1212 1213 1206
f 1213 1207 1206
f 1214 1215 1216
f 1217 1218 1219
f 1220 1221 1222
f 1220 1222 1218
f 1223 1213 1212
f 1218 1217 1220
f 1221 1220 1214
f 1217 1219 1223
f 1214 1216 1221
f 1219 1213 1223
f 1224 1225 1226
f 1227 1226 1228
f 1227 1224 1226
f 1228 1229 1227
f 1224 1230 1225
f 1230 1231 1225
f 1232 1233 1234
f 1235 1236 1237
f 1232 1238 1239
f 1240 1239 1236
f 1241 1231 1230
f 1236 1235 1240
f 1239 1240 1232
f 1235 1237 1241
f 1232 1234 1238
f 1237 1231 1241
f 1242 1243 1244
f 1245 1244 1246
f 1245 1242 1244
f 1246 1247 1245
f 1242 1248 1243
f 1248 1249 1243
f 1250 1251 1252
f 1253 1254 1255
f 1250 1256 1257
f 1258 1257 1254
f 1259 1249 1248
f 1254 1253 1258
f 1257 1258 1250
f 1253 1255 1259
f 1250 1252 1256
f 1255 1249 1259
f 1260 1261 1262
f 1263 1262 1261
f 1264 1265 1266
f 1267 1268 1265
f 1266 1265 1268
f 1269 1270 1268
f 1269 1268 1267
f 1266 1271 1264
f 1272 1273 1274
f 1275 1276 1277
f 1278 1279 1276
f 1272 1279 1280
f 1275 1277 1271
f 1281 1278 1276
f 1281 1276 1275
f 1279 1278 1280
f 1280 1273 1272
f 1264 1271 1277
f 1282 1283 1284
f 1285 1283 1286
f 1287 1288 1282
f 1284 1287 1282
f 1282 1286 1283
f 1286 1289 1285
f 1290 1291 1292
f 1293 1294 1295
f 1296 1297 1294
f 1290 1297 1298
f 1293 1285 1289
f 1294 1299 1296
f 1297 1296 1298
f 1299 1294 1293
f 1298 1291 1290
f 1295 1285 1293
f 1300 1301 1302
f 1303 1300 1304
f 1302 1304 1300
f 1305 1302 1301
f 1306 1303 1304
f 1301 1307 1305
f 1308 1309 1310
f 1307 1311 1312
f 1313 1314 1315
f 1311 1313 1316
f 1312 1311 1316
f 1314 1310 1315
f 1315 1316 1313
f 1310 1317 1308
f 1310 1314 1317
f 1307 1312 1305
f 1318 1319 1320
f 1321 1319 1322
f 1323 1324 1320
f 1324 1318 1320
f 1318 1322 1319
f 1322 1325 1321
f 1326 1327 1328
f 1329 1330 1331
f 1332 1333 1330
f 1326 1333 1334
f 1329 1331 1325
f 1335 1330 1329
f 1333 1332 1334
f 1335 1332 1330
f 1334 1327 1326
f 1321 1325 1331
f 1336 1337 1338
f 1339 1337 1340
f 1341 1342 1336
f 1338 1341 1336
f 1336 1340 1337
f 1340 1343 1339
f 1344 1345 1346
f 1347 1348 1349
f 1350 1351 1348
f 1352 1351 1344
f 1349 1343 1353
f 1347 1350 1348
f 1349 1353 1347
f 1351 1350 1344
f 1344 1346 1352
f 1339 1343 1349
f 1354 1355 1356
f 1355 1354 1262
f 1357 1356 1358
f 1356 1357 1354
f 1262 1263 1355
f 1359 1358 1356
f 1360 1361 1362
f 1362 1363 1364
f 1361 1363 1362
f 1365 1362 1364
f 1360 1366 1361
f 1367 1368 1369
f 1367 1366 1360
f 1367 1370 1371
f 1372 1368 1367
f 1369 1366 1367
f 1373 1365 1374
f 1364 1374 1365
f 1375 1376 1377
f 1374 1376 1373
f 1373 1376 1378
f 1379 1377 1380
f 1375 1377 1379
f 1381 1380 1382
f 1380 1377 1382
f 1383 1381 1382
f 1378 1376 1375
f 1371 1384 1385
f 1386 1387 1388
f 1384 1371 1370
f 1371 1372 1367
f 1389 1390 1385
f 1371 1385 1390
f 1391 1390 1389
f 1390 1392 1393
f 1391 1392 1390
f 1394 1393 1395
f 1396 1389 1386
f 1389 1396 1391
f 1386 1388 1396
f 1397 1381 1383
f 1383 1382 1398
f 1387 1397 1388
f 1392 1395 1393
f 1399 1394 1395
f 1400 1399 1395
f 1401 1402 1400
f 1399 1400 1402
f 1397 1387 1381
f 1403 1404 1405
f 1406 1405 1404
f 1309 1308 1358
f 1358 1359 1309
f 1407 1408 1409
f 1409 1410 1407
f 1411 1412 1413
f 1413 1414 1411
f 1415 1416 1417
f 1416 1415 1418
f 1418 1419 1420
f 1418 1420 1416
f 1417 1421 1422
f 1421 1417 1416
f 1422 1423 1424
f 1423 1422 1421
f 1425 1424 1423
f 1420 1419 1426
f 1426 1427 1428
f 1427 1426 1419
f 1428 1429 1430
f 1429 1428 1427
f 1425 1431 1424
f 1431 1425 1432
f 1432 1433 1434
f 1432 1434 1431
f 1303 1430 1429
f 1430 1303 1306
f 1415 1435 1436
f 1435 1415 1417
f 1437 1438 1439
f 1440 1441 1442
f 1442 1437 1443
f 1327 1438 1328
f 1439 1438 1327
f 1443 1437 1439
f 1443 1440 1442
f 1440 1444 1441
f 1445 1446 1447
f 1448 1445 1449
f 1323 1448 1324
f 1444 1450 1441
f 1447 1449 1445
f 1446 1450 1447
f 1324 1448 1449
f 1446 1441 1450
f 1451 1452 1453
f 1454 1455 1456
f 1456 1451 1457
f 1453 1346 1345
f 1346 1453 1452
f 1453 1457 1451
f 1457 1454 1456
f 1454 1458 1455
f 1459 1460 1461
f 1462 1341 1463
f 1463 1459 1462
f 1458 1464 1455
f 1460 1464 1461
f 1341 1462 1342
f 1459 1461 1462
f 1460 1455 1464
f 1465 1466 1467
f 1468 1469 1470
f 1469 1465 1471
f 1467 1292 1291
f 1466 1292 1467
f 1471 1465 1467
f 1471 1470 1469
f 1468 1472 1469
f 1473 1474 1475
f 1476 1473 1477
f 1287 1476 1477
f 1474 1468 1478
f 1473 1475 1477
f 1287 1477 1288
f 1475 1474 1478
f 1472 1468 1474
f 1479 1480 1481
f 1482 1483 1484
f 1484 1479 1485
f 1481 1274 1273
f 1274 1481 1480
f 1481 1485 1479
f 1485 1482 1484
f 1482 1486 1483
f 1487 1488 1489
f 1490 1269 1491
f 1491 1487 1490
f 1492 1483 1486
f 1487 1489 1490
f 1269 1490 1270
f 1489 1488 1492
f 1488 1483 1492
f 1493 1434 1433
f 1433 1494 1493
f 1260 1495 1496
f 1497 1498 1499
f 1495 1497 1499
f 1261 1260 1496
f 1498 1500 1499
f 1499 1496 1495
f 1500 1501 1502
f 1500 1498 1501
f 1503 1504 1505
f 1506 1493 1507
f 1504 1506 1508
f 1505 1502 1503
f 1507 1508 1506
f 1494 1507 1493
f 1505 1504 1508
f 1503 1502 1501
f 1509 1510 1511
f 1512 1511 1510
f 1513 1511 1514
f 1509 1511 1513
f 1515 1513 1514
f 1512 1516 1517
f 1518 1519 1517
f 1516 1512 1510
f 1518 1520 1519
f 1517 1519 1512
f 1521 1522 1523
f 1514 1522 1515
f 1524 1521 1523
f 1525 1524 1526
f 1522 1521 1515
f 1525 1526 1527
f 1528 1527 1529
f 1527 1526 1529
f 1527 1528 1530
f 1531 1532 1527
f 1521 1524 1525
f 1520 1518 1533
f 1534 1535 1536
f 1537 1536 1533
f 1518 1537 1533
f 1538 1539 1540
f 1541 1538 1540
f 1542 1543 1544
f 1540 1542 1541
f 1541 1542 1545
f 1534 1536 1537
f 1531 1527 1530
f 1531 1546 1532
f 1547 1546 1531
f 1543 1548 1544
f 1545 1542 1544
f 1549 1548 1543
f 1547 1531 1548
f 1549 1550 1548
f 1550 1547 1548
f 1535 1534 1550
f 1535 1550 1549
f 1551 1519 1520
f 1552 1553 1554
f 1555 1554 1556
f 1552 1554 1555
f 1556 1557 1558
f 1558 1559 1556
f 1556 1559 1555
f 1553 1560 1561
f 1560 1553 1552
f 1561 1560 1562
f 1562 1563 1561
f 1564 1565 1566
f 1563 1564 1561
f 1561 1564 1566
f 1558 1557 1567
f 1568 1567 1557
f 1569 1568 1557
f 1570 1571 1572
f 1573 1574 1570
f 1571 1570 1574
f 1569 1557 1572
f 1575 1576 1577
f 1578 1575 1577
f 1579 1580 1581
f 1582 1583 1581
f 1583 1579 1581
f 1573 1570 1584
f 1572 1557 1570
f 1565 1578 1566
f 1585 1586 1587
f 1588 1586 1585
f 1589 1590 1591
f 1592 1593 1585
f 1594 1585 1593
f 1592 1585 1561
f 1595 1577 1576
f 1596 1593 1591
f 1585 1597 1588
f 1585 1594 1597
f 1593 1596 1594
f 1591 1598 1596
f 1590 1598 1591
f 1590 1589 1599
f 1561 1566 1592
f 1566 1578 1577
f 1595 1582 1577
f 1566 1600 1592
f 1601 1602 1603
f 1604 1605 1602
f 1566 1601 1600
f 1606 1583 1582
f 1605 1603 1602
f 1607 1608 1599
f 1609 1608 1607
f 1610 1608 1609
f 1610 1609 1611
f 1600 1601 1603
f 1607 1599 1589
f 1606 1582 1595
f 1612 1613 1614
f 1615 1612 1570
f 1570 1616 1617
f 1618 1617 1616
f 1616 1619 1618
f 1570 1617 1615
f 1614 1584 1612
f 1614 1613 1620
f 1620 1613 1621
f 1622 1613 1623
f 1624 1625 1626
f 1627 1623 1625
f 1613 1622 1621
f 1628 1629 1626
f 1612 1584 1570
f 1619 1630 1631
f 1631 1630 1632
f 1632 1633 1634
f 1635 1636 1637
f 1633 1636 1634
f 1633 1632 1630
f 1638 1639 1640
f 1637 1641 1635
f 1635 1634 1636
f 1642 1641 1639
f 1641 1642 1635
f 1643 1641 1637
f 1639 1641 1640
f 1631 1618 1619
f 1629 1628 1638
f 1644 1645 1646
f 1580 1645 1644
f 1647 1646 1627
f 1580 1644 1581
f 1622 1623 1627
f 1647 1644 1646
f 1611 1648 1649
f 1611 1609 1648
f 1650 1651 1652
f 1653 1649 1648
f 1654 1649 1653
f 1650 1655 1651
f 1655 1604 1651
f 1605 1604 1655
f 1652 1656 1650
f 1624 1647 1627
f 1626 1629 1624
f 1657 1658 1659
f 1640 1660 1658
f 1627 1625 1624
f 1652 1657 1656
f 1659 1656 1657
f 1661 1659 1660
f 1660 1662 1663
f 1653 1663 1654
f 1653 1660 1663
f 1659 1658 1660
f 1653 1661 1660
f 1640 1641 1660
f 1638 1640 1629
f 1664 1665 1252
f 1666 1667 1668
f 1669 1668 1665
f 1664 1252 1251
f 1669 1666 1668
f 1665 1664 1669
f 1666 1670 1667
f 1670 1671 1667
f 1672 1673 1674
f 1247 1246 1675
f 1676 1675 1673
f 1677 1671 1670
f 1673 1672 1676
f 1675 1676 1247
f 1672 1674 1677
f 1674 1671 1677
f 1678 1679 1234
f 1680 1681 1682
f 1683 1682 1679
f 1678 1234 1233
f 1683 1680 1682
f 1679 1678 1683
f 1680 1684 1681
f 1684 1685 1681
f 1686 1687 1688
f 1229 1228 1689
f 1690 1689 1687
f 1691 1685 1684
f 1687 1686 1690
f 1689 1690 1229
f 1686 1688 1691
f 1688 1685 1691
f 1692 1693 1694
f 1695 1692 1694
f 1696 1697 1698
f 1698 1699 1696
f 1698 1695 1699
f 1700 1698 1697
f 1692 1701 1702
f 1702 1693 1692
f 1703 1692 1695
f 1704 1705 1706
f 1703 1706 1707
f 1692 1703 1707
f 1698 1703 1695
f 1708 1709 1710
f 1697 1711 1700
f 1704 1706 1712
f 1713 1700 1711
f 1714 1700 1713
f 1715 1716 1714
f 1716 1715 1717
f 1715 1714 1713
f 1712 1718 1719
f 1710 1709 1720
f 1709 1721 1704
f 1722 1720 1709
f 1723 1719 1718
f 1724 1725 1726
f 1719 1704 1712
f 1727 1723 1718
f 1722 1709 1726
f 1728 1723 1727
f 1707 1729 1730
f 1729 1707 1731
f 1732 1707 1730
f 1733 1705 1704
f 1705 1731 1707
f 1707 1706 1705
f 1732 1730 1734
f 1734 1735 1732
f 1735 1734 1736
f 1735 1736 1737
f 1738 1739 1737
f 1740 1737 1739
f 1740 1739 1741
f 1738 1737 1736
f 1708 1721 1709
f 1724 1742 1725
f 1743 1742 1724
f 1722 1726 1725
f 1744 1745 1740
f 1741 1744 1740
f 1746 1747 1748
f 1740 1749 1748
f 1746 1748 1750
f 1745 1749 1740
f 1751 1748 1747
f 1733 1704 1721
f 1748 1749 1750
f 1716 1752 1753
f 1727 1754 1728
f 1755 1753 1752
f 1756 1754 1757
f 1758 1753 1759
f 1754 1756 1728
f 1760 1761 1762
f 1743 1724 1762
f 1760 1763 1764
f 1764 1765 1766
f 1763 1760 1762
f 1761 1743 1762
f 1756 1757 1767
f 1717 1752 1716
f 1758 1759 1768
f 1755 1769 1753
f 1769 1770 1759
f 1771 1759 1772
f 1771 1768 1759
f 1753 1769 1759
f 1773 1771 1774
f 1763 1775 1764
f 1772 1774 1771
f 1776 1777 1775
f 1772 1759 1778
f 1767 1773 1774
f 1764 1775 1777
f 1759 1779 1778
f 1767 1757 1773
f 1780 1776 1778
f 1781 1782 1783
f 1781 1784 1782
f 1777 1776 1785
f 1781 1766 1765
f 1765 1764 1777
f 1780 1785 1776
f 1781 1783 1766
f 1786 1787 1748
f 1781 1786 1784
f 1788 1789 1790
f 1790 1748 1788
f 1789 1791 1790
f 1788 1748 1787
f 1748 1751 1786
f 1786 1751 1784
f 1792 1793 1778
f 1794 1792 1779
f 1795 1779 1796
f 1779 1795 1794
f 1797 1796 1779
f 1795 1796 1798
f 1792 1778 1779
f 1799 1800 1801
f 1801 1791 1799
f 1800 1802 1801
f 1791 1789 1799
f 1795 1803 1804
f 1803 1795 1798
f 1803 1802 1804
f 1804 1802 1800
f 1778 1793 1780
f 1805 1806 1216
f 1807 1808 1809
f 1807 1809 1806
f 1216 1215 1805
f 1808 1807 1810
f 1810 1811 1812
f 1807 1806 1805
f 1812 1808 1810
f 1813 1814 1812
f 1815 1816 1817
f 1815 1817 1814
f 1815 1814 1813
f 1211 1210 1818
f 1816 1815 1818
f 1816 1818 1210
f 1811 1813 1812
f 1819 1820 1198
f 1821 1822 1823
f 1824 1823 1820
f 1198 1197 1819
f 1823 1824 1821
f 1822 1821 1825
f 1824 1820 1819
f 1825 1826 1822
f 1825 1827 1828
f 1829 1830 1831
f 1827 1831 1828
f 1829 1831 1827
f 1194 1192 1832
f 1830 1829 1832
f 1830 1832 1192
f 1826 1825 1828
f 1833 1834 1835
f 1834 1833 1836
f 1837 1838 1839
f 1840 1841 1842
f 1838 1840 1843
f 1839 1838 1843
f 1841 1844 1842
f 1842 1843 1840
f 1844 1845 1846
f 1844 1841 1845
f 1847 1848 1849
f 1850 1836 1851
f 1848 1850 1852
f 1846 1847 1849
f 1850 1851 1852
f 1852 1849 1848
f 1851 1836 1833
f 1847 1846 1845
f 1853 1854 1855
f 1855 1856 1857
f 1856 1858 1857
f 1859 1860 1861
f 1861 1860 1854
f 1861 1854 1853
f 1855 1857 1853
f 1856 1862 1858
f 1863 1864 1865
f 1865 1866 1867
f 1835 1834 1866
f 1858 1862 1868
f 1867 1863 1865
f 1834 1867 1866
f 1868 1864 1863
f 1868 1862 1864
f 1869 1870 1871
f 1872 1871 1870
f 1873 1874 1875
f 1875 1876 1873
f 1877 1875 1874
f 1874 1878 1877
f 1878 1879 1880
f 1879 1869 1880
f 1869 1879 1870
f 1878 1880 1877
f 1881 1882 1883
f 1884 1881 1885
f 1886 1887 1888
f 1889 1890 1891
f 1892 1893 1894
f 1895 1894 1886
f 1892 1890 1893
f 1887 1883 1896
f 1896 1888 1887
f 1883 1882 1896
f 1884 1885 1897
f 1895 1886 1888
f 1891 1890 1892
f 1889 1891 1898
f 1895 1892 1894
f 1881 1884 1882
f 1899 1900 1873
f 1873 1876 1899
f 1901 1902 1903
f 1904 1903 1902
f 1905 1906 1907
f 1907 1908 1909
f 1910 1911 1908
f 1912 1906 1905
f 1905 1907 1909
f 1909 1908 1911
f 1910 1913 1911
f 1910 1914 1913
f 1915 1914 1916
f 1917 1918 1919
f 1916 1918 1920
f 1919 1900 1921
f 1920 1915 1916
f 1921 1917 1919
f 1899 1921 1900
f 1920 1918 1917
f 1914 1915 1913
f 1922 1923 1924
f 1925 1922 1924
f 1926 1923 1927
f 1928 1929 1930
f 1931 1932 1933
f 1926 1934 1933
f 1935 1929 1932
f 1936 1937 1925
f 1923 1922 1927
f 1925 1937 1922
f 1936 1938 1937
f 1932 1931 1935
f 1929 1935 1930
f 1933 1934 1931
f 1930 1939 1928
f 1926 1927 1934
f 1940 1906 1912
f 1912 1941 1940
f 1942 1943 1944
f 1944 1945 1942
f 1946 1947 1948
f 1942 1946 1943
f 1943 1946 1948
f 1947 1949 1948
f 1950 1951 1952
f 1952 1949 1950
f 1953 1952 1951
f 1950 1949 1947
f 1954 1955 1956
f 1957 1958 1959
f 1955 1960 1961
f 1962 1963 1964
f 1965 1966 1967
f 1957 1968 1967
f 1969 1963 1966
f 1956 1958 1954
f 1961 1956 1955
f 1959 1958 1956
f 1959 1968 1957
f 1965 1967 1968
f 1964 1963 1969
f 1970 1962 1964
f 1969 1966 1965
f 1961 1960 1971
f 1176 1175 1951
f 1953 1951 1175
f 1972 1973 1974
f 1974 1975 1972
f 1179 1178 1976
f 1976 1977 1179
f 1978 1979 1980
f 1981 1978 1982
f 1983 1984 1985
f 1986 1987 1988
f 1989 1990 1991
f 1992 1991 1983
f 1989 1987 1990
f 1984 1980 1993
f 1994 1981 1982
f 1993 1980 1979
f 1993 1985 1984
f 1988 1995 1986
f 1989 1988 1987
f 1992 1989 1991
f 1985 1992 1983
f 1981 1979 1978
f 1996 1977 1976
f 1976 1997 1996
f 1998 1999 2000
f 2001 2002 2003
f 2001 2003 1999
f 2004 2005 2006
f 2007 2008 2009
f 2010 2011 2008
f 2012 2009 2005
f 2013 2006 2002
f 1998 2000 1145
f 2014 2002 2001
f 2013 2002 2014
f 1998 2001 1999
f 2004 2012 2005
f 2006 2013 2004
f 2007 2009 2012
f 2010 2008 2007
f 2011 2010 2015
f 2016 2011 2015
f 2017 2018 2019
f 2020 2021 2022
f 2021 2017 2023
f 2024 2025 2026
f 1119 1116 2024
f 2025 2024 1116
f 2027 2026 2020
f 2024 2026 2028
f 2015 2029 2016
f 2023 2017 2019
f 2022 2021 2023
f 2029 2019 2018
f 1133 1132 2028
f 2028 2027 2030
f 2028 2030 1133
f 2020 2022 2027
f 2026 2027 2028
f 2018 2016 2029
f 2031 2032 1108
f 2033 2034 2035
f 2036 2035 2032
f 2031 1108 1107
f 2036 2033 2035
f 2032 2031 2036
f 2033 2037 2034
f 2037 2038 2034
f 2039 2040 2041
f 1103 1102 2042
f 2043 2042 2040
f 2044 2038 2037
f 2040 2039 2043
f 2042 2043 1103
f 2039 2041 2044
f 2041 2038 2044
f 2045 2046 1090
f 2047 2048 2049
f 2050 2049 2046
f 2045 1090 1089
f 2050 2047 2049
f 2046 2045 2050
f 2047 2051 2048
f 2051 2052 2048
f 2053 2054 2055
f 1085 1084 2056
f 2057 2056 2054
f 2058 2052 2051
f 2054 2053 2057
f 2056 2057 1085
f 2053 2055 2058
f 2055 2052 2058
f 2059 2060 1072
f 2061 2062 2063
f 2064 2063 2060
f 2059 1072 1071
f 2064 2061 2063
f 2060 2059 2064
f 2065 2066 2061
f 2066 2062 2061
f 2067 2068 2069
f 1067 1066 2070
f 2071 2070 2068
f 2069 2065 2072
f 2068 2067 2071
f 2070 2071 1067
f 2067 2069 2072
f 2066 2065 2069
f 2073 2074 1054
f 2075 2076 2077
f 2073 2077 2074
f 2073 1054 1053
f 2078 2075 2077
f 2077 2073 2078
f 2079 2076 2080
f 2076 2075 2080
f 2081 2082 2083
f 1049 1048 2084
f 2085 2084 2082
f 2086 2079 2080
f 2082 2081 2085
f 2084 2085 1049
f 2081 2083 2086
f 2083 2079 2086
f 2087 2088 2089
f 2090 2089 2091
f 2090 2087 2089
f 2091 2092 2090
f 2093 2094 2087
f 2094 2088 2087
f 2095 2096 2097
f 2098 2099 2100
f 2095 2101 2102
f 2103 2102 2099
f 2100 2093 2104
f 2099 2098 2103
f 2102 2103 2095
f 2098 2100 2104
f 2095 2097 2101
f 2094 2093 2100
f 2105 2106 2107
f 2108 2107 2109
f 2108 2105 2107
f 2109 2110 2108
f 2111 2112 2105
f 2112 2106 2105
f 2113 2114 2115
f 2116 2117 2118
f 2113 2119 2120
f 2121 2120 2117
f 2118 2111 2122
f 2117 2116 2121
f 2120 2121 2113
f 2116 2118 2122
f 2113 2115 2119
f 2112 2111 2118
f 2123 2124 2125
f 2126 2125 2127
f 2128 2126 2127
f 2129 2130 2125
f 2131 2132 2133
f 2134 2135 2132
f 2136 2137 2138
f 2139 2140 2137
f 2131 2133 2140
f 2128 2127 2138
f 2141 2142 2143
f 2142 2144 2145
f 2146 2147 2141
f 2148 2147 2149
f 2145 2144 2150
f 2150 2151 2152
f 2153 2154 2155
f 2151 2154 2156
f 2148 2157 2127
f 2127 2158 2138
f 2159 2155 2160
f 2161 2162 2163
f 2163 2164 2165
f 2165 2164 2166
f 2163 2165 2161
f 2166 2164 2135
f 2135 2134 2166
f 2131 2167 2132
f 2134 2132 2167
f 2140 2139 2131
f 2136 2139 2137
f 2149 2147 2146
f 2149 2157 2148
f 2158 2127 2157
f 2138 2158 2136
f 2141 2143 2146
f 2143 2142 2145
f 2150 2152 2145
f 2152 2151 2156
f 2156 2154 2153
f 2159 2153 2155
f 2160 2168 2159
f 2160 2169 2168
f 2170 2171 2169
f 2172 2173 2174
f 2174 2175 2170
f 2176 2177 2178
f 2179 2172 2180
f 2181 2182 2183
f 2184 2185 2181
f 2176 2178 2183
f 2186 2185 2184
f 2187 2188 2189
f 2177 2190 2180
f 2191 2192 2193
f 2188 2187 2194
f 2195 2191 2194
f 2196 2188 2197
f 2198 2195 2194
f 2199 2198 2194
f 2196 2189 2188
f 2199 2194 2187
f 2198 2200 2201
f 2202 2186 2193
f 2123 2125 2130
f 2203 2201 2200
f 2186 2204 2185
f 2186 2202 2204
f 2202 2193 2192
f 2185 2182 2181
f 2172 2179 2173
f 2173 2175 2174
f 2177 2176 2190
f 2190 2179 2180
f 2183 2182 2176
f 2175 2171 2170
f 2205 2206 2207
f 2208 2209 2210
f 2207 2208 2211
f 2210 2211 2208
f 2201 2195 2198
f 2212 2201 2203
f 2212 2206 2213
f 2213 2206 2205
f 2207 2211 2205
f 2195 2192 2191
f 2203 2206 2212
f 2169 2171 2168
f 2125 2126 2129
f 2214 2215 2216
f 2217 2218 2216
f 2219 2220 2221
f 2221 2222 2223
f 2215 2224 2222
f 2225 2226 2220
f 2215 2214 2224
f 2214 2216 2218
f 2222 2227 2223
f 2220 2219 2225
f 2219 2221 2223
f 2227 2222 2224
f 2225 2228 2226
f 2229 2230 2231
f 2232 2233 2228
f 2234 2235 2236
f 2232 2234 2233
f 2226 2228 2233
f 2237 2236 2238
f 2239 2240 2241
f 2240 2237 2242
f 2243 2239 2244
f 2234 2232 2235
f 2236 2245 2238
f 2245 2236 2235
f 2240 2242 2241
f 2243 2244 2229
f 2244 2239 2241
f 2242 2237 2238
f 2229 2231 2243
f 2246 2247 2248
f 2249 2250 2251
f 2251 2252 2253
f 2254 2250 2255
f 2256 2252 2248
f 2257 2258 2259
f 2257 2259 2260
f 2257 2260 2246
f 2247 2246 2260
f 2253 2252 2256
f 2249 2251 2253
f 2247 2256 2248
f 2249 2255 2250
f 2255 2261 2254
f 2262 2263 2264
f 2265 2266 2267
f 2268 2269 2265
f 2270 2266 2271
f 2272 2273 2274
f 2275 2272 2276
f 2273 2269 2277
f 2278 2275 2279
f 2271 2261 2270
f 2265 2267 2268
f 2267 2266 2270
f 2273 2277 2274
f 2275 2276 2279
f 2278 2279 2262
f 2276 2272 2274
f 2277 2269 2268
f 2262 2264 2278
f 2254 2261 2271
f 2280 2281 2282
f 2281 2283 2284
f 2282 2285 2286
f 2286 2285 2287
f 2288 2289 2290
f 2289 2291 2292
f 2293 2287 2292
f 2288 2290 2294
f 2283 2281 2280
f 2286 2280 2282
f 2293 2286 2287
f 2294 2295 2288
f 2288 2291 2289
f 2296 2295 2297
f 2297 2298 2296
f 2291 2293 2292
f 2294 2297 2295
f 2299 2300 2301
f 2302 2303 2304
f 2305 2306 2303
f 2305 2307 2306
f 2308 2309 2304
f 2310 2311 2312
f 2312 2313 2310
f 2314 2313 2315
f 2314 2309 2308
f 2301 2316 2311
f 2317 2318 2319
f 2317 2319 2298
f 2319 2318 2320
f 2298 2319 2296
f 2307 2320 2318
f 2305 2303 2302
f 2302 2304 2309
f 2315 2313 2312
f 2314 2315 2309
f 2320 2307 2305
f 2311 2316 2312
f 2301 2300 2316
f 2321 2322 2323
f 2324 2325 2326
f 2326 2322 2327
f 2328 2329 2330
f 2331 2332 2333
f 2331 2328 2330
f 2323 2333 2321
f 2329 2334 2335
f 2336 2337 2338
f 2337 2336 2339
f 2337 2339 2340
f 2325 2337 2340
f 2336 2338 2341
f 2337 2325 2324
f 2324 2326 2327
f 2321 2333 2332
f 2332 2331 2330
f 2322 2321 2327
f 2329 2335 2330
f 2334 2342 2335
f 2342 2343 2344
f 2345 2346 2347
f 2344 2346 2348
f 2349 2345 2347
f 2350 2351 2352
f 2353 2351 2350
f 2354 2355 2356
f 2352 2356 2357
f 2349 2353 2358
f 2355 2354 2359
f 2342 2344 2348
f 2345 2349 2358
f 2358 2353 2350
f 2346 2345 2348
f 2357 2356 2355
f 2357 2350 2352
f 2360 2361 2362
f 2355 2359 2363
f 2360 2363 2361
f 2359 2361 2363
f 2343 2342 2334
f 2364 2365 2366
f 2367 2366 2368
f 2369 2368 2370
f 2341 2338 2371
f 2364 2366 2367
f 2368 2369 2367
f 2370 2372 2369
f 2373 2374 2375
f 2376 2377 2378
f 2379 2375 2377
f 2376 2378 2380
f 2373 2372 2374
f 2376 2379 2377
f 2371 2376 2380
f 2373 2375 2379
f 2380 2341 2371
f 2374 2372 2370
f 2381 2382 2383
f 2383 2384 2381
f 2385 2386 2387
f 2388 2389 2387
f 2388 2387 2386
f 2390 2391 2392
f 2390 2393 2394
f 2391 2390 2394
f 2395 2396 2397
f 2398 2395 2399
f 2400 2398 2401
f 2360 2402 2401
f 2402 2360 2362
f 2401 2402 2400
f 2401 2398 2399
f 2395 2397 2399
f 2396 2403 2397
f 2404 2405 2406
f 2407 2408 2409
f 2406 2408 2410
f 2409 2411 2412
f 2404 2403 2405
f 2407 2410 2408
f 2412 2407 2409
f 2404 2406 2410
f 2405 2403 2396
f 2413 2414 2415
f 2416 2415 2414
f 2417 2418 2419
f 2417 2420 2418
f 2421 2418 2420
f 2422 2423 2424
f 2423 2425 2424
f 2425 2423 2426
f 2427 2300 2299
f 2428 2429 2427
f 2430 2431 2428
f 2432 2433 2434
f 2435 2436 2437
f 2438 2434 2436
f 2433 2432 2430
f 2439 2437 2440
f 2300 2427 2429
f 2431 2430 2432
f 2432 2434 2438
f 2428 2431 2429
f 2441 2442 2443
f 2435 2437 2439
f 2443 2439 2441
f 2442 2444 2443
f 2435 2438 2436
f 2439 2440 2441
f 2445 2446 2447
f 2448 2449 2450
f 2450 2446 2451
f 2452 2453 2454
f 2455 2456 2452
f 2457 2456 2455
f 2457 2458 2447
f 2459 2453 2460
f 2461 2449 2444
f 2461 2444 2442
f 2444 2449 2448
f 2448 2450 2451
f 2445 2451 2446
f 2447 2462 2445
f 2447 2458 2462
f 2457 2455 2458
f 2454 2455 2452
f 2453 2459 2454
f 2463 2464 2465
f 2465 2466 2467
f 2467 2466 2468
f 2465 2469 2463
f 2470 2471 2472
f 2473 2468 2466
f 2474 2475 2473
f 2470 2472 2475
f 2466 2476 2473
f 2477 2478 2479
f 2480 2481 2482
f 2481 2477 2479
f 2478 2483 2484
f 2485 2476 2486
f 2473 2476 2474
f 2483 2487 2484
f 2488 2489 2490
f 2485 2486 2488
f 2491 2489 2487
f 2480 2482 2492
f 2493 2494 2495
f 2496 2493 2497
f 2498 2499 2496
f 2499 2498 2210
f 2498 2496 2497
f 2497 2493 2495
f 2494 2500 2495
f 2494 2501 2500
f 2162 2161 2502
f 2491 2490 2489
f 2487 2483 2491
f 2483 2478 2477
f 2477 2481 2480
f 2492 2503 2480
f 2504 2501 2471
f 2504 2471 2470
f 2474 2476 2485
f 2485 2488 2490
f 2475 2474 2470
f 2501 2504 2500
f 2492 2505 2503
f 2506 2503 2507
f 2508 2509 2510
f 2507 2510 2506
f 2509 2508 2511
f 2512 2513 2514
f 2515 2516 2512
f 2517 2518 2519
f 2516 2515 2517
f 2511 2514 2513
f 2520 2519 2518
f 2521 2522 2523
f 2524 2525 2526
f 2527 2525 2524
f 2526 2528 2521
f 2529 2530 2531
f 2530 2529 2532
f 2527 2529 2533
f 2532 2534 2535
f 2530 2532 2536
f 2520 2523 2537
f 2533 2529 2531
f 2506 2510 2509
f 2512 2516 2513
f 2513 2509 2511
f 2517 2519 2516
f 2538 2527 2533
f 2519 2520 2537
f 2537 2523 2522
f 2528 2526 2525
f 2525 2527 2538
f 2521 2528 2522
f 2533 2539 2538
f 2539 2540 2541
f 2542 2543 2544
f 2545 2542 2544
f 2540 2545 2541
f 2541 2545 2544
f 2544 2543 2546
f 2547 2502 2548
f 2548 2502 2161
f 2547 2548 2546
f 2547 2546 2543
f 2539 2541 2538
f 2507 2503 2505
f 2465 2467 2469
f 2535 2536 2532
f 2549 2550 2551
f 2552 2553 2554
f 2555 2556 2557
f 2558 2559 2560
f 2561 2562 2563
f 2564 2565 2562
f 2566 2562 2561
f 2560 2557 2567
f 2568 2562 2566
f 2567 2566 2560
f 2569 2570 2557
f 2566 2561 2560
f 2557 2560 2559
f 2571 2572 2573
f 2556 2574 2557
f 2567 2575 2566
f 2576 2577 2578
f 2579 2576 2578
f 2580 2581 2582
f 2583 2582 2584
f 2583 2585 2582
f 2581 2577 2586
f 2582 2585 2580
f 2587 2588 2589
f 2590 2591 2592
f 2572 2587 2573
f 2593 2572 2564
f 2572 2593 2587
f 2573 2587 2589
f 2575 2594 2568
f 2575 2568 2566
f 2593 2595 2596
f 2593 2564 2595
f 2594 2597 2595
f 2595 2564 2568
f 2564 2562 2568
f 2587 2593 2598
f 2598 2599 2576
f 2598 2576 2587
f 2586 2582 2581
f 2600 2577 2599
f 2576 2599 2577
f 2577 2581 2578
f 2598 2601 2599
f 2601 2598 2596
f 2600 2599 2602
f 2602 2599 2601
f 2596 2597 2603
f 2600 2586 2577
f 2598 2593 2596
f 2586 2600 2604
f 2595 2568 2594
f 2587 2576 2588
f 2582 2586 2605
f 2570 2606 2567
f 2607 2556 2608
f 2609 2607 2610
f 2574 2556 2607
f 2611 2612 2613
f 2613 2612 2614
f 2615 2612 2611
f 2611 2616 2615
f 2617 2612 2615
f 2569 2574 2618
f 2609 2574 2607
f 2618 2574 2609
f 2567 2557 2570
f 2617 2619 2614
f 2617 2614 2612
f 2618 2620 2621
f 2618 2609 2620
f 2619 2620 2614
f 2620 2609 2614
f 2569 2618 2621
f 2622 2623 2615
f 2569 2557 2574
f 2622 2624 2625
f 2617 2615 2623
f 2624 2622 2616
f 2626 2617 2623
f 2624 2627 2628
f 2627 2624 2616
f 2629 2624 2628
f 2630 2628 2627
f 2627 2631 2630
f 2622 2625 2623
f 2632 2628 2630
f 2626 2619 2617
f 2623 2625 2633
f 2626 2633 2634
f 2626 2623 2633
f 2629 2635 2625
f 2619 2626 2636
f 2629 2632 2637
f 2632 2629 2628
f 2635 2637 2638
f 2637 2635 2629
f 2637 2639 2640
f 2635 2633 2625
f 2625 2624 2629
f 2633 2635 2641
f 2632 2642 2639
f 2622 2615 2616
f 2620 2619 2643
f 2606 2644 2575
f 2567 2606 2575
f 2570 2621 2645
f 2575 2644 2594
f 2645 2644 2606
f 2645 2621 2646
f 2647 2645 2646
f 2645 2648 2644
f 2620 2646 2621
f 2606 2570 2645
f 2570 2569 2621
f 2594 2644 2649
f 2597 2649 2650
f 2649 2597 2594
f 2651 2601 2603
f 2650 2603 2597
f 2648 2652 2649
f 2603 2601 2596
f 2648 2647 2653
f 2647 2648 2645
f 2654 2650 2652
f 2653 2652 2648
f 2655 2656 2647
f 2652 2650 2649
f 2649 2644 2648
f 2657 2603 2650
f 2643 2655 2646
f 2597 2596 2595
f 2636 2658 2643
f 2646 2620 2643
f 2643 2658 2655
f 2655 2647 2646
f 2636 2659 2658
f 2636 2626 2634
f 2660 2641 2638
f 2634 2641 2661
f 2633 2641 2634
f 2659 2636 2634
f 2619 2636 2643
f 2655 2658 2662
f 2655 2662 2656
f 2658 2659 2663
f 2664 2656 2662
f 2662 2658 2663
f 2661 2665 2659
f 2666 2653 2656
f 2661 2660 2667
f 2660 2661 2641
f 2668 2663 2665
f 2667 2665 2661
f 2667 2669 2670
f 2665 2663 2659
f 2659 2634 2661
f 2671 2662 2663
f 2660 2672 2669
f 2656 2653 2647
f 2635 2638 2641
f 2673 2652 2653
f 2638 2640 2672
f 2573 2589 2571
f 2674 2665 2667
f 2675 2676 2677
f 2584 2678 2679
f 2679 2680 2583
f 2681 2584 2605
f 2678 2682 2679
f 2584 2582 2605
f 2679 2683 2680
f 2583 2584 2679
f 2683 2679 2682
f 2683 2682 2684
f 2685 2686 2687
f 2678 2681 2688
f 2681 2678 2584
f 2689 2688 2690
f 2688 2689 2678
f 2691 2692 2681
f 2689 2684 2682
f 2678 2689 2682
f 2684 2689 2693
f 2604 2691 2605
f 2694 2695 2696
f 2600 2697 2604
f 2604 2605 2586
f 2602 2651 2698
f 2604 2697 2699
f 2657 2700 2651
f 2657 2651 2603
f 2701 2657 2654
f 2700 2698 2651
f 2657 2650 2654
f 2698 2697 2602
f 2602 2601 2651
f 2697 2698 2702
f 2691 2699 2703
f 2691 2604 2699
f 2692 2703 2704
f 2703 2692 2691
f 2702 2705 2699
f 2692 2688 2681
f 2701 2706 2700
f 2701 2700 2657
f 2699 2705 2703
f 2702 2698 2707
f 2706 2708 2707
f 2702 2699 2697
f 2707 2698 2700
f 2709 2702 2707
f 2673 2710 2654
f 2691 2681 2605
f 2600 2602 2697
f 2688 2692 2711
f 2712 2713 2714
f 2685 2693 2715
f 2715 2693 2714
f 2693 2712 2714
f 2693 2685 2684
f 2713 2712 2716
f 2716 2690 2711
f 2716 2712 2690
f 2693 2689 2712
f 2690 2712 2689
f 2683 2684 2687
f 2692 2704 2711
f 2711 2690 2688
f 2703 2717 2704
f 2711 2704 2718
f 2719 2717 2705
f 2709 2708 2720
f 2717 2721 2722
f 2721 2717 2719
f 2720 2723 2719
f 2719 2705 2709
f 2705 2702 2709
f 2704 2717 2724
f 2718 2704 2724
f 2717 2695 2724
f 2696 2722 2725
f 2695 2717 2696
f 2725 2694 2696
f 2721 2723 2726
f 2722 2696 2717
f 2725 2722 2726
f 2711 2718 2716
f 2705 2717 2703
f 2707 2700 2706
f 2710 2727 2701
f 2701 2654 2710
f 2673 2666 2728
f 2701 2727 2706
f 2664 2729 2666
f 2664 2666 2656
f 2727 2710 2730
f 2710 2728 2730
f 2728 2729 2731
f 2710 2673 2728
f 2673 2653 2666
f 2706 2727 2732
f 2732 2733 2708
f 2708 2706 2732
f 2708 2733 2720
f 2720 2719 2709
f 2734 2732 2735
f 2736 2730 2731
f 2733 2734 2737
f 2733 2732 2734
f 2735 2736 2738
f 2732 2727 2735
f 2730 2735 2727
f 2720 2733 2739
f 2729 2728 2666
f 2708 2709 2707
f 2664 2740 2729
f 2740 2664 2671
f 2671 2668 2741
f 2729 2740 2742
f 2668 2674 2743
f 2674 2668 2665
f 2741 2743 2744
f 2743 2741 2668
f 2743 2745 2746
f 2741 2740 2671
f 2671 2663 2668
f 2740 2741 2747
f 2731 2742 2748
f 2742 2731 2729
f 2735 2738 2734
f 2748 2736 2731
f 2747 2749 2742
f 2736 2735 2730
f 2747 2744 2750
f 2744 2747 2741
f 2751 2748 2749
f 2750 2749 2747
f 2750 2752 2753
f 2749 2748 2742
f 2742 2740 2747
f 2754 2736 2748
f 2744 2746 2752
f 2731 2730 2728
f 2664 2662 2671
f 2755 2749 2750
f 2756 2723 2739
f 2723 2720 2739
f 2739 2733 2737
f 2739 2737 2757
f 2758 2737 2759
f 2760 2759 2761
f 2757 2758 2762
f 2757 2737 2758
f 2758 2760 2763
f 2737 2734 2759
f 2759 2734 2738
f 2756 2739 2757
f 2726 2756 2764
f 2756 2726 2723
f 2765 2764 2756
f 2756 2766 2765
f 2726 2764 2725
f 2766 2762 2767
f 2762 2766 2757
f 2768 2767 2762
f 2768 2762 2763
f 2766 2767 2765
f 2756 2757 2766
f 2738 2754 2761
f 2726 2722 2721
f 2761 2759 2738
f 2754 2751 2769
f 2761 2769 2770
f 2760 2758 2759
f 2751 2755 2771
f 2755 2751 2749
f 2761 2770 2760
f 2771 2769 2751
f 2771 2772 2773
f 2769 2761 2754
f 2754 2748 2751
f 2774 2769 2771
f 2760 2775 2763
f 2775 2760 2770
f 2776 2775 2777
f 2776 2768 2775
f 2774 2778 2770
f 2775 2768 2763
f 2778 2775 2770
f 2779 2778 2780
f 2777 2781 2776
f 2779 2781 2777
f 2780 2774 2773
f 2778 2777 2775
f 2770 2769 2774
f 2585 2583 2680
f 2772 2755 2753
f 2763 2762 2758
f 2738 2736 2754
f 2745 2674 2670
f 2723 2721 2719
f 2654 2652 2673
f 2685 2687 2684
f 2630 2631 2642
f 2631 2782 2783
f 2784 2631 2627
f 2782 2631 2784
f 2642 2632 2630
f 2784 2785 2782
f 2785 2784 2786
f 2782 2787 2783
f 2787 2782 2785
f 2788 2789 2785
f 2783 2642 2631
f 2642 2783 2790
f 2790 2791 2639
f 2639 2642 2790
f 2639 2791 2640
f 2640 2638 2637
f 2792 2790 2793
f 2794 2787 2789
f 2791 2792 2795
f 2791 2790 2792
f 2793 2794 2796
f 2790 2783 2793
f 2787 2793 2783
f 2640 2791 2797
f 2786 2788 2785
f 2639 2637 2632
f 2798 2799 2788
f 2788 2786 2798
f 2789 2788 2799
f 2789 2787 2785
f 2800 2801 2802
f 2803 2798 2802
f 2804 2802 2801
f 2805 2806 2807
f 2800 2802 2798
f 2786 2800 2798
f 2808 2802 2804
f 2789 2809 2794
f 2809 2789 2799
f 2796 2794 2810
f 2810 2794 2809
f 2803 2811 2799
f 2796 2792 2793
f 2803 2808 2812
f 2808 2803 2802
f 2813 2809 2811
f 2812 2811 2803
f 2805 2814 2808
f 2811 2809 2799
f 2799 2798 2803
f 2811 2812 2815
f 2806 2808 2804
f 2794 2793 2787
f 2792 2796 2816
f 2669 2667 2660
f 2672 2797 2817
f 2669 2817 2818
f 2670 2674 2667
f 2797 2795 2819
f 2797 2791 2795
f 2669 2818 2670
f 2819 2817 2797
f 2816 2820 2795
f 2817 2669 2672
f 2640 2797 2672
f 2821 2817 2819
f 2670 2822 2745
f 2822 2670 2818
f 2745 2823 2746
f 2823 2745 2822
f 2821 2824 2818
f 2746 2744 2743
f 2825 2822 2824
f 2821 2826 2827
f 2823 2825 2828
f 2823 2822 2825
f 2827 2829 2824
f 2822 2818 2824
f 2818 2817 2821
f 2746 2823 2830
f 2820 2826 2819
f 2745 2743 2674
f 2816 2831 2832
f 2816 2795 2792
f 2816 2796 2831
f 2820 2819 2795
f 2810 2833 2831
f 2833 2810 2813
f 2831 2834 2832
f 2834 2831 2833
f 2813 2815 2835
f 2832 2820 2816
f 2810 2809 2813
f 2820 2832 2836
f 2836 2837 2826
f 2826 2820 2836
f 2829 2825 2824
f 2838 2827 2837
f 2826 2837 2827
f 2827 2824 2821
f 2839 2836 2840
f 2841 2834 2842
f 2827 2838 2829
f 2837 2836 2839
f 2840 2841 2843
f 2836 2832 2840
f 2834 2840 2832
f 2839 2844 2837
f 2833 2835 2842
f 2826 2821 2819
f 2796 2810 2831
f 2825 2829 2845
f 2811 2815 2813
f 2672 2660 2638
f 2846 2805 2807
f 2846 2847 2805
f 2812 2808 2814
f 2848 2847 2849
f 2805 2848 2850
f 2812 2851 2815
f 2812 2814 2851
f 2814 2850 2852
f 2815 2851 2853
f 2850 2814 2805
f 2850 2854 2852
f 2854 2850 2855
f 2856 2855 2857
f 2852 2851 2814
f 2857 2848 2849
f 2851 2852 2858
f 2808 2806 2805
f 2859 2855 2860
f 2854 2859 2861
f 2854 2855 2859
f 2860 2862 2859
f 2855 2856 2863
f 2862 2864 2859
f 2865 2864 2866
f 2852 2854 2867
f 2853 2868 2835
f 2835 2815 2853
f 2835 2868 2842
f 2842 2834 2833
f 2867 2869 2858
f 2858 2852 2867
f 2868 2870 2871
f 2868 2853 2870
f 2869 2870 2858
f 2870 2853 2858
f 2851 2858 2853
f 2842 2868 2872
f 2841 2872 2873
f 2841 2842 2872
f 2843 2873 2874
f 2873 2843 2841
f 2871 2875 2872
f 2843 2839 2840
f 2870 2876 2871
f 2871 2872 2868
f 2871 2877 2875
f 2877 2871 2876
f 2878 2879 2869
f 2875 2873 2872
f 2876 2870 2869
f 2873 2875 2880
f 2861 2878 2867
f 2841 2840 2834
f 2878 2861 2881
f 2861 2867 2854
f 2861 2865 2882
f 2876 2869 2879
f 2881 2883 2884
f 2881 2861 2882
f 2881 2882 2885
f 2878 2881 2879
f 2876 2886 2877
f 2876 2879 2886
f 2887 2886 2888
f 2888 2886 2879
f 2881 2888 2879
f 2889 2877 2886
f 2890 2891 2884
f 2888 2881 2884
f 2884 2891 2892
f 2891 2890 2893
f 2888 2884 2892
f 2877 2894 2875
f 2869 2867 2878
f 2859 2865 2861
f 2839 2843 2895
f 2588 2576 2579
f 2835 2833 2813
f 2564 2896 2565
f 2897 2891 2898
f 2830 2899 2752
f 2752 2746 2830
f 2752 2899 2753
f 2753 2755 2750
f 2825 2845 2828
f 2828 2830 2823
f 2900 2828 2845
f 2901 2899 2830
f 2902 2903 2845
f 2901 2830 2828
f 2829 2838 2902
f 2753 2899 2904
f 2904 2905 2772
f 2772 2753 2904
f 2773 2772 2905
f 2773 2774 2771
f 2901 2900 2906
f 2900 2901 2828
f 2907 2904 2908
f 2906 2908 2901
f 2900 2903 2909
f 2908 2904 2899
f 2901 2908 2899
f 2906 2910 2908
f 2845 2829 2902
f 2772 2771 2755
f 2838 2911 2902
f 2911 2838 2844
f 2844 2895 2912
f 2902 2911 2913
f 2895 2874 2914
f 2874 2895 2843
f 2912 2914 2915
f 2914 2912 2895
f 2880 2916 2874
f 2912 2911 2844
f 2844 2839 2895
f 2911 2912 2917
f 2903 2913 2918
f 2913 2903 2902
f 2919 2906 2909
f 2918 2909 2903
f 2917 2920 2913
f 2909 2906 2900
f 2917 2915 2921
f 2915 2917 2912
f 2922 2918 2920
f 2921 2920 2917
f 2923 2924 2915
f 2920 2918 2913
f 2913 2911 2917
f 2925 2909 2918
f 2916 2923 2914
f 2903 2900 2845
f 2838 2837 2844
f 2926 2920 2921
f 2773 2927 2780
f 2927 2773 2905
f 2905 2907 2928
f 2780 2927 2929
f 2907 2910 2930
f 2910 2907 2908
f 2928 2930 2931
f 2930 2928 2907
f 2930 2932 2933
f 2928 2927 2905
f 2905 2904 2907
f 2927 2928 2934
f 2779 2929 2935
f 2929 2779 2780
f 2581 2580 2578
f 2936 2935 2929
f 2929 2934 2936
f 2779 2935 2781
f 2934 2931 2937
f 2931 2934 2928
f 2938 2937 2931
f 2938 2931 2933
f 2934 2937 2936
f 2929 2927 2934
f 2910 2919 2932
f 2779 2777 2778
f 2925 2939 2919
f 2925 2919 2909
f 2932 2919 2939
f 2932 2930 2910
f 2922 2926 2940
f 2926 2922 2920
f 2939 2925 2941
f 2940 2941 2922
f 2942 2943 2926
f 2922 2941 2925
f 2925 2918 2922
f 2941 2940 2944
f 2932 2945 2933
f 2945 2932 2939
f 2946 2945 2947
f 2945 2946 2933
f 2948 2949 2939
f 2933 2946 2938
f 2949 2947 2945
f 2949 2948 2950
f 2951 2947 2949
f 2949 2952 2951
f 2945 2939 2949
f 2939 2941 2948
f 2948 2941 2944
f 2933 2931 2930
f 2910 2906 2919
f 2924 2942 2921
f 2780 2778 2774
f 2915 2914 2923
f 2880 2894 2953
f 2916 2953 2954
f 2921 2915 2924
f 2894 2889 2955
f 2889 2894 2877
f 2916 2954 2923
f 2955 2953 2894
f 2887 2956 2889
f 2953 2916 2880
f 2880 2875 2894
f 2957 2953 2955
f 2924 2958 2959
f 2958 2923 2954
f 2924 2923 2958
f 2940 2926 2943
f 2954 2960 2958
f 2960 2954 2957
f 2958 2961 2959
f 2961 2958 2960
f 2962 2963 2957
f 2959 2942 2924
f 2954 2953 2957
f 2942 2959 2943
f 2956 2962 2955
f 2926 2921 2942
f 2892 2964 2887
f 2892 2887 2888
f 2887 2964 2956
f 2957 2955 2962
f 2892 2965 2964
f 2892 2891 2965
f 2965 2549 2964
f 2549 2965 2897
f 2956 2964 2551
f 2891 2897 2965
f 2551 2964 2549
f 2551 2552 2962
f 2551 2962 2956
f 2966 2961 2960
f 2960 2963 2966
f 2962 2552 2963
f 2957 2963 2960
f 2551 2553 2552
f 2553 2551 2550
f 2963 2552 2554
f 2955 2889 2956
f 2889 2886 2887
f 2959 2961 2967
f 2944 2968 2676
f 2940 2943 2968
f 2944 2940 2968
f 2944 2950 2948
f 2676 2968 2969
f 2590 2968 2943
f 2590 2970 2591
f 2968 2590 2969
f 2590 2967 2970
f 2676 2950 2944
f 2959 2590 2943
f 2950 2676 2675
f 2971 2677 2676
f 2675 2952 2950
f 2675 2972 2952
f 2952 2972 2951
f 2592 2591 2969
f 2969 2971 2676
f 2592 2969 2590
f 2950 2952 2949
f 2961 2973 2967
f 2967 2590 2959
f 2973 2966 2974
f 2975 2967 2973
f 2976 2974 2966
f 2976 2966 2963
f 2976 2963 2554
f 2967 2975 2970
f 2973 2961 2966
f 2914 2874 2916
f 2874 2873 2880
f 2752 2750 2744
f 2564 2572 2896
f 2562 2565 2563
f 2561 2558 2560
f 2557 2559 2555
f 2607 2608 2610
f 2608 2556 2977
f 2555 2977 2556
f 2614 2609 2613
f 2610 2613 2609
f 2804 2801 2806
f 2805 2847 2848
f 2855 2850 2857
f 2848 2857 2850
f 2862 2860 2863
f 2863 2860 2855
f 2859 2864 2865
f 2884 2883 2890
f 2890 2883 2885
f 2881 2885 2883
f 2866 2882 2865
f 2898 2891 2893
f 2978 2979 2980
f 2981 2982 2983
f 2984 2985 2986
f 2987 2988 2989
f 2990 2991 2989
f 2991 2992 2993
f 2991 2994 2989
f 2995 2984 2987
f 2994 2991 2996
f 2987 2994 2995
f 2984 2997 2998
f 2989 2994 2987
f 2988 2987 2984
f 2999 3000 3001
f 2984 3002 2985
f 2994 3003 2995
f 3004 3005 3006
f 3004 3006 3007
f 3008 3009 3010
f 3011 3008 3012
f 3008 3013 3012
f 3014 3005 3009
f 3010 3013 3008
f 3015 3016 3017
f 3018 3019 3020
f 2999 3017 3000
f 2993 3000 3021
f 3017 3021 3000
f 3015 3017 2999
f 2996 3022 3003
f 2994 2996 3003
f 3023 3024 3021
f 3024 2993 3021
f 3024 3025 3022
f 2996 2993 3024
f 2996 2991 2993
f 3026 3021 3017
f 3006 3027 3026
f 3017 3006 3026
f 3009 3008 3014
f 3027 3005 3028
f 3005 3027 3006
f 3004 3009 3005
f 3027 3029 3026
f 3023 3026 3029
f 3030 3027 3028
f 3029 3027 3030
f 3031 3025 3023
f 3005 3014 3028
f 3023 3021 3026
f 3032 3028 3014
f 3022 2996 3024
f 3016 3006 3017
f 3033 3014 3008
f 2995 3034 2997
f 3035 2985 3036
f 3037 3036 3038
f 3036 2985 3002
f 3039 3040 3041
f 3042 3040 3039
f 3041 3040 3043
f 3043 3044 3041
f 3043 3040 3045
f 3046 3002 2998
f 3036 3002 3038
f 3038 3002 3046
f 2997 2984 2995
f 3042 3047 3045
f 3040 3042 3045
f 3048 3049 3046
f 3049 3038 3046
f 3042 3049 3047
f 3042 3038 3049
f 3048 3046 2998
f 3043 3050 3051
f 3002 2984 2998
f 3052 3053 3051
f 3050 3043 3045
f 3044 3051 3053
f 3050 3045 3054
f 3055 3056 3053
f 3044 3053 3056
f 3055 3053 3057
f 3056 3055 3058
f 3058 3059 3056
f 3050 3052 3051
f 3058 3055 3060
f 3045 3047 3054
f 3061 3052 3050
f 3062 3061 3054
f 3061 3050 3054
f 3052 3063 3057
f 3064 3054 3047
f 3065 3060 3057
f 3055 3057 3060
f 3066 3065 3063
f 3057 3063 3065
f 3067 3068 3065
f 3052 3061 3063
f 3057 3053 3052
f 3069 3063 3061
f 3068 3070 3060
f 3044 3043 3051
f 3071 3047 3049
f 3003 3072 3034
f 3003 3034 2995
f 3073 3048 2997
f 3022 3072 3003
f 3034 3072 3073
f 3074 3048 3073
f 3074 3073 3075
f 3072 3076 3073
f 3048 3074 3049
f 3073 2997 3034
f 3048 2998 2997
f 3077 3072 3022
f 3078 3077 3025
f 3022 3025 3077
f 3031 3029 3079
f 3025 3031 3078
f 3077 3080 3076
f 3023 3029 3031
f 3081 3075 3076
f 3073 3076 3075
f 3080 3078 3082
f 3076 3080 3081
f 3075 3083 3084
f 3077 3078 3080
f 3076 3072 3077
f 3078 3031 3085
f 3074 3084 3071
f 3024 3023 3025
f 3071 3086 3064
f 3071 3049 3074
f 3084 3086 3071
f 3074 3075 3084
f 3086 3087 3064
f 3062 3054 3064
f 3066 3069 3088
f 3089 3069 3062
f 3062 3069 3061
f 3062 3064 3087
f 3071 3064 3047
f 3090 3086 3084
f 3083 3090 3084
f 3091 3087 3086
f 3090 3083 3092
f 3091 3086 3090
f 3087 3093 3089
f 3083 3081 3094
f 3095 3088 3089
f 3069 3089 3088
f 3093 3091 3096
f 3089 3093 3095
f 3097 3098 3095
f 3087 3091 3093
f 3089 3062 3087
f 3091 3090 3099
f 3098 3100 3088
f 3075 3081 3083
f 3069 3066 3063
f 3081 3080 3101
f 3100 3067 3066
f 3102 3103 3104
f 3095 3093 3105
f 3106 3107 3011
f 3012 3108 3106
f 3033 3011 3109
f 3106 3110 3107
f 3033 3008 3011
f 3108 3111 3106
f 3106 3011 3012
f 3110 3106 3111
f 3112 3110 3111
f 3113 3114 3115
f 3116 3109 3107
f 3011 3107 3109
f 3117 3116 3118
f 3107 3118 3116
f 3109 3119 3120
f 3110 3112 3118
f 3110 3118 3107
f 3121 3118 3112
f 3033 3120 3032
f 3122 3123 3124
f 3032 3125 3028
f 3014 3033 3032
f 3126 3079 3030
f 3127 3125 3032
f 3079 3128 3085
f 3031 3079 3085
f 3082 3085 3129
f 3079 3126 3128
f 3082 3078 3085
f 3030 3125 3126
f 3079 3029 3030
f 3130 3126 3125
f 3131 3127 3120
f 3127 3032 3120
f 3132 3131 3119
f 3120 3119 3131
f 3127 3133 3130
f 3109 3116 3119
f 3128 3134 3129
f 3085 3128 3129
f 3131 3133 3127
f 3135 3126 3130
f 3135 3136 3134
f 3125 3127 3130
f 3128 3126 3135
f 3135 3130 3137
f 3082 3138 3101
f 3033 3109 3120
f 3125 3030 3028
f 3139 3119 3116
f 3123 3140 3141
f 3142 3121 3115
f 3143 3121 3142
f 3143 3144 3121
f 3112 3115 3121
f 3145 3144 3146
f 3139 3117 3145
f 3117 3144 3145
f 3144 3118 3121
f 3118 3144 3117
f 3147 3148 3149
f 3139 3132 3119
f 3116 3117 3139
f 3132 3150 3131
f 3151 3132 3139
f 3133 3150 3152
f 3153 3136 3137
f 3154 3155 3150
f 3152 3150 3155
f 3152 3156 3153
f 3137 3133 3152
f 3137 3130 3133
f 3157 3150 3132
f 3157 3132 3151
f 3157 3158 3150
f 3159 3154 3160
f 3160 3150 3158
f 3160 3161 3159
f 3162 3156 3155
f 3150 3160 3154
f 3162 3154 3159
f 3145 3151 3139
f 3131 3150 3133
f 3134 3128 3135
f 3140 3123 3122
f 3129 3163 3138
f 3138 3082 3129
f 3164 3094 3101
f 3134 3163 3129
f 3094 3165 3092
f 3083 3094 3092
f 3166 3138 3163
f 3166 3164 3138
f 3167 3165 3164
f 3164 3101 3138
f 3094 3081 3101
f 3168 3163 3134
f 3136 3169 3168
f 3168 3134 3136
f 3153 3169 3136
f 3137 3152 3153
f 3170 3168 3171
f 3167 3166 3172
f 3173 3171 3169
f 3171 3168 3169
f 3174 3172 3170
f 3170 3163 3168
f 3163 3170 3166
f 3175 3169 3153
f 3094 3164 3165
f 3135 3137 3136
f 3165 3176 3092
f 3099 3092 3176
f 3177 3096 3099
f 3178 3176 3165
f 3179 3105 3096
f 3093 3096 3105
f 3180 3179 3177
f 3096 3177 3179
f 3181 3182 3179
f 3099 3176 3177
f 3096 3091 3099
f 3183 3177 3176
f 3184 3178 3167
f 3165 3167 3178
f 3171 3174 3170
f 3167 3172 3184
f 3178 3185 3183
f 3166 3170 3172
f 3186 3180 3183
f 3177 3183 3180
f 3185 3184 3187
f 3183 3185 3186
f 3188 3189 3186
f 3178 3184 3185
f 3183 3176 3178
f 3184 3172 3190
f 3189 3181 3180
f 3164 3166 3167
f 3099 3090 3092
f 3186 3185 3191
f 3175 3156 3192
f 3175 3153 3156
f 3173 3169 3175
f 3193 3173 3175
f 3194 3173 3195
f 3196 3194 3197
f 3198 3195 3193
f 3195 3173 3193
f 3199 3197 3195
f 3194 3171 3173
f 3174 3171 3194
f 3193 3175 3192
f 3200 3192 3162
f 3156 3162 3192
f 3192 3200 3201
f 3201 3202 3192
f 3159 3200 3162
f 3203 3198 3202
f 3193 3202 3198
f 3198 3203 3204
f 3199 3198 3204
f 3201 3203 3202
f 3202 3193 3192
f 3196 3190 3174
f 3155 3154 3162
f 3174 3194 3196
f 3205 3187 3190
f 3206 3205 3196
f 3194 3195 3197
f 3207 3191 3187
f 3185 3187 3191
f 3197 3206 3196
f 3187 3205 3207
f 3208 3209 3207
f 3190 3196 3205
f 3187 3184 3190
f 3207 3205 3210
f 3199 3211 3197
f 3206 3197 3211
f 3212 3211 3213
f 3211 3204 3213
f 3206 3214 3210
f 3199 3204 3211
f 3206 3211 3214
f 3215 3214 3216
f 3213 3217 3212
f 3212 3217 3216
f 3208 3210 3215
f 3211 3212 3214
f 3210 3205 3206
f 3188 3191 3209
f 3195 3198 3199
f 3190 3172 3174
f 3097 3105 3182
f 3152 3155 3156
f 3101 3080 3082
f 3070 3059 3058
f 3218 3219 3220
f 3221 3222 3059
f 3056 3059 3223
f 3223 3059 3222
f 3058 3060 3070
f 3222 3224 3223
f 3225 3223 3224
f 3221 3226 3222
f 3224 3222 3226
f 3224 3227 3228
f 3059 3070 3221
f 3229 3230 3231
f 3232 3221 3070
f 3068 3233 3232
f 3232 3070 3068
f 3067 3233 3068
f 3065 3066 3067
f 3234 3232 3235
f 3227 3226 3236
f 3237 3235 3233
f 3235 3232 3233
f 3238 3236 3234
f 3234 3221 3232
f 3221 3234 3226
f 3239 3233 3067
f 3224 3228 3225
f 3060 3065 3068
f 3228 3240 3241
f 3241 3225 3228
f 3240 3228 3227
f 3224 3226 3227
f 3242 3103 3243
f 3242 3241 3244
f 3103 3242 3104
f 3245 3102 3231
f 3241 3242 3243
f 3241 3243 3225
f 3104 3242 3246
f 3236 3247 3227
f 3240 3227 3247
f 3248 3236 3238
f 3247 3236 3248
f 3240 3249 3244
f 3234 3235 3238
f 3250 3246 3244
f 3242 3244 3246
f 3249 3247 3251
f 3244 3249 3250
f 3246 3252 3231
f 3240 3247 3249
f 3244 3241 3240
f 3253 3250 3249
f 3104 3246 3102
f 3226 3234 3236
f 3254 3238 3235
f 3088 3095 3098
f 3255 3239 3100
f 3256 3255 3098
f 3095 3105 3097
f 3257 3237 3239
f 3237 3233 3239
f 3097 3256 3098
f 3239 3255 3257
f 3237 3258 3254
f 3100 3098 3255
f 3100 3239 3067
f 3257 3255 3259
f 3182 3260 3097
f 3256 3097 3260
f 3181 3261 3182
f 3260 3182 3261
f 3256 3262 3259
f 3179 3180 3181
f 3262 3260 3263
f 3264 3265 3259
f 3266 3263 3261
f 3263 3260 3261
f 3262 3267 3264
f 3262 3256 3260
f 3259 3255 3256
f 3268 3261 3181
f 3257 3265 3258
f 3105 3179 3182
f 3269 3270 3254
f 3235 3237 3254
f 3270 3238 3254
f 3237 3257 3258
f 3270 3271 3248
f 3251 3248 3271
f 3269 3272 3270
f 3271 3270 3272
f 3273 3253 3251
f 3254 3258 3269
f 3251 3247 3248
f 3274 3269 3258
f 3265 3275 3274
f 3274 3258 3265
f 3262 3263 3267
f 3275 3264 3276
f 3264 3275 3265
f 3259 3262 3264
f 3277 3274 3278
f 3279 3272 3280
f 3267 3276 3264
f 3278 3274 3275
f 3281 3280 3277
f 3277 3269 3274
f 3269 3277 3272
f 3275 3282 3278
f 3279 3273 3271
f 3257 3259 3265
f 3270 3248 3238
f 3283 3267 3263
f 3251 3253 3249
f 3066 3088 3100
f 3245 3231 3284
f 3231 3230 3284
f 3252 3246 3250
f 3285 3230 3229
f 3286 3229 3231
f 3253 3287 3250
f 3287 3252 3250
f 3288 3286 3252
f 3289 3287 3253
f 3231 3252 3286
f 3288 3290 3286
f 3291 3286 3290
f 3292 3291 3293
f 3252 3287 3288
f 3285 3229 3292
f 3294 3288 3287
f 3231 3102 3246
f 3292 3286 3291
f 3295 3291 3296
f 3297 3296 3290
f 3296 3291 3290
f 3296 3298 3295
f 3299 3293 3291
f 3296 3300 3298
f 3149 3300 3147
f 3301 3290 3288
f 3273 3302 3289
f 3289 3253 3273
f 3279 3302 3273
f 3271 3272 3279
f 3294 3303 3301
f 3301 3288 3294
f 3304 3305 3302
f 3305 3289 3302
f 3294 3305 3303
f 3294 3289 3305
f 3289 3294 3287
f 3306 3302 3279
f 3307 3306 3280
f 3306 3279 3280
f 3308 3307 3281
f 3280 3281 3307
f 3306 3309 3304
f 3277 3278 3281
f 3304 3310 3305
f 3302 3306 3304
f 3309 3311 3304
f 3310 3304 3311
f 3303 3312 3313
f 3306 3307 3309
f 3303 3305 3310
f 3314 3309 3307
f 3301 3313 3297
f 3272 3277 3280
f 3141 3297 3313
f 3290 3301 3297
f 3148 3147 3297
f 3312 3303 3310
f 3124 3123 3141
f 3148 3297 3141
f 3140 3148 3141
f 3312 3141 3313
f 3311 3315 3310
f 3315 3312 3310
f 3316 3315 3317
f 3312 3315 3316
f 3312 3316 3141
f 3315 3311 3318
f 3124 3319 3122
f 3124 3141 3316
f 3320 3319 3124
f 3321 3122 3319
f 3320 3124 3316
f 3309 3322 3311
f 3313 3301 3303
f 3297 3147 3296
f 3323 3281 3278
f 3291 3295 3299
f 3251 3271 3273
f 3286 3292 3229
f 3324 3319 3325
f 3189 3326 3268
f 3268 3181 3189
f 3188 3326 3189
f 3186 3191 3188
f 3266 3283 3263
f 3261 3268 3266
f 3283 3266 3327
f 3268 3326 3328
f 3283 3329 3330
f 3266 3268 3328
f 3330 3276 3267
f 3331 3326 3188
f 3209 3332 3331
f 3331 3188 3209
f 3332 3209 3208
f 3207 3210 3208
f 3333 3327 3328
f 3266 3328 3327
f 3334 3331 3335
f 3328 3334 3333
f 3336 3329 3327
f 3326 3331 3334
f 3326 3334 3328
f 3334 3337 3333
f 3330 3267 3283
f 3191 3207 3209
f 3330 3338 3276
f 3282 3276 3338
f 3339 3323 3282
f 3340 3338 3330
f 3341 3308 3323
f 3281 3323 3308
f 3342 3341 3339
f 3323 3339 3341
f 3308 3343 3314
f 3282 3338 3339
f 3323 3278 3282
f 3344 3339 3338
f 3345 3340 3329
f 3330 3329 3340
f 3336 3333 3346
f 3329 3336 3345
f 3340 3347 3344
f 3327 3333 3336
f 3348 3342 3344
f 3339 3344 3342
f 3347 3345 3349
f 3344 3347 3348
f 3342 3350 3351
f 3340 3345 3347
f 3344 3338 3340
f 3345 3336 3352
f 3341 3351 3343
f 3283 3327 3329
f 3282 3275 3276
f 3348 3347 3353
f 3215 3354 3208
f 3332 3208 3354
f 3355 3335 3332
f 3356 3354 3215
f 3357 3337 3335
f 3334 3335 3337
f 3358 3357 3355
f 3335 3355 3357
f 3359 3360 3357
f 3332 3354 3355
f 3335 3331 3332
f 3361 3355 3354
f 3362 3356 3216
f 3215 3216 3356
f 3147 3300 3296
f 3356 3362 3363
f 3363 3361 3356
f 3217 3362 3216
f 3364 3358 3361
f 3355 3361 3358
f 3358 3364 3365
f 3359 3358 3365
f 3363 3364 3361
f 3361 3354 3356
f 3360 3346 3337
f 3214 3212 3216
f 3346 3366 3352
f 3336 3346 3352
f 3366 3346 3360
f 3337 3357 3360
f 3367 3353 3349
f 3347 3349 3353
f 3368 3352 3366
f 3349 3368 3367
f 3353 3369 3370
f 3352 3368 3349
f 3349 3345 3352
f 3371 3367 3368
f 3359 3372 3360
f 3366 3360 3372
f 3373 3372 3374
f 3359 3374 3372
f 3366 3375 3376
f 3365 3374 3359
f 3372 3373 3375
f 3377 3376 3375
f 3375 3373 3378
f 3378 3379 3375
f 3375 3366 3372
f 3376 3368 3366
f 3371 3368 3376
f 3357 3358 3359
f 3346 3333 3337
f 3348 3370 3350
f 3210 3214 3215
f 3351 3341 3342
f 3380 3322 3314
f 3381 3380 3343
f 3350 3342 3348
f 3382 3318 3322
f 3311 3322 3318
f 3351 3381 3343
f 3322 3380 3382
f 3318 3383 3317
f 3314 3343 3380
f 3322 3309 3314
f 3382 3380 3384
f 3385 3386 3350
f 3381 3351 3386
f 3386 3351 3350
f 3369 3353 3367
f 3386 3387 3381
f 3384 3381 3387
f 3385 3388 3386
f 3387 3386 3388
f 3384 3389 3390
f 3350 3370 3385
f 3384 3380 3381
f 3369 3385 3370
f 3382 3390 3383
f 3370 3348 3353
f 3317 3391 3320
f 3316 3317 3320
f 3383 3391 3317
f 3390 3382 3384
f 3391 3392 3320
f 3392 3319 3320
f 3391 3220 3392
f 3325 3392 3220
f 3218 3391 3383
f 3392 3325 3319
f 3220 3391 3218
f 3390 3020 3218
f 3383 3390 3218
f 3393 3387 3388
f 3393 3389 3387
f 3390 3389 3020
f 3387 3389 3384
f 3020 3019 3218
f 3219 3218 3019
f 3018 3020 3389
f 3383 3318 3382
f 3317 3315 3318
f 3394 3388 3385
f 2982 3395 3371
f 3395 3369 3367
f 3395 3367 3371
f 3376 3377 3371
f 3396 3395 2982
f 3369 3395 2980
f 2979 3397 2980
f 3396 2980 3395
f 3397 3394 2980
f 3371 3377 2982
f 3369 2980 3385
f 2983 2982 3377
f 2982 2981 3398
f 3377 3379 2983
f 3379 3399 2983
f 3378 3399 3379
f 3396 2979 2978
f 2982 3398 3396
f 2980 3396 2978
f 3375 3379 3377
f 3394 3400 3388
f 3385 2980 3394
f 3401 3393 3400
f 3400 3394 3402
f 3393 3401 3403
f 3389 3393 3403
f 3018 3389 3403
f 3397 3402 3394
f 3393 3388 3400
f 3343 3308 3341
f 3314 3307 3308
f 3299 3295 3298
f 3180 3186 3189
f 3321 3319 3324
f 3039 3038 3042
f 3038 3039 3037
f 3037 3035 3036
f 3404 2985 3035
f 2985 3404 2986
f 2986 2988 2984
f 2990 2992 2991
f 2992 3405 2993
f 3405 3000 2993
f 3001 3015 2999
f 3004 3010 3009
f 3007 3006 3016
f 3108 3012 3013
f 3113 3112 3111
f 3112 3113 3115
f 3143 3146 3144
f 3160 3158 3161
f 3406 3407 3408
f 3409 3407 2231
f 3410 3411 3412
f 3411 3413 3414
f 3406 3415 3413
f 3416 3417 3410
f 2231 2230 3409
f 3406 3408 3415
f 3408 3407 3409
f 3413 3418 3414
f 3410 3412 3416
f 3412 3411 3414
f 3418 3413 3415
f 3416 3419 3417
f 3420 3419 3421
f 3417 3419 3420
f 3420 3422 3423
f 3424 3423 3425
f 3426 3427 3428
f 3427 3424 3429
f 2217 3426 3430
f 3420 3421 3422
f 3424 3425 3429
f 3425 3423 3422
f 3427 3431 3428
f 2217 3430 2218
f 3430 3426 3428
f 3431 3427 3429
f 3432 2264 2263
f 2264 3432 3433
f 3434 3435 3436
f 3437 3436 3438
f 3433 3439 3438
f 3440 3435 3441
f 3433 3432 3439
f 3438 3442 3437
f 3442 3438 3439
f 3435 3434 3441
f 3440 3443 3444
f 3443 3440 3441
f 3434 3436 3437
f 3444 3445 3440
f 3445 3446 3447
f 3447 3448 3449
f 3449 3450 3451
f 3452 2258 3453
f 3454 3451 3455
f 3453 3454 3456
f 3447 3446 3448
f 3451 3450 3457
f 3450 3449 3448
f 3454 3455 3456
f 2258 3452 2259
f 3452 3453 3456
f 3455 3451 3457
f 3444 3446 3445
f 3458 3459 3460
f 3461 3462 3458
f 3463 3464 3459
f 3460 3459 3464
f 3464 3463 3465
f 3461 3466 3462
f 3467 3468 3469
f 3470 3467 3469
f 3459 3458 3462
f 3462 3466 3467
f 3466 3468 3467
f 3471 3472 3473
f 3472 3471 3474
f 3473 3475 3476
f 3477 3476 3475
f 3465 3463 3474
f 3478 3479 3477
f 3478 3477 3475
f 3478 3480 3479
f 3481 3480 3482
f 3482 3480 3478
f 3475 3473 3472
f 3463 3472 3474
f 3483 3470 3469
f 3484 3470 3485
f 3485 3470 3483
f 3484 3485 3486
f 3487 3488 3484
f 3489 3490 3488
f 3487 3484 3486
f 3491 3489 3488
f 3489 3492 3490
f 3490 3493 3494
f 3490 3492 3493
f 3494 3493 3495
f 3491 3488 3487
f 3496 3497 3498
f 3499 3497 3496
f 3497 3500 3482
f 3500 3497 3499
f 3482 3500 3481
f 3498 3501 3502
f 3503 3501 3504
f 3501 3503 3502
f 3505 3496 3498
f 3498 3502 3505
f 3501 3494 3504
f 3494 3495 3504
f 3506 3507 3508
f 3509 3510 3506
f 3511 3512 3507
f 3508 3507 3512
f 3512 3511 3513
f 3509 3514 3510
f 3515 3516 3517
f 3518 3517 3519
f 3515 3517 3518
f 3507 3506 3510
f 3510 3514 3515
f 3514 3516 3515
f 3520 3521 3522
f 3522 3521 3523
f 3523 3524 3525
f 3526 3525 3524
f 3520 3513 3511
f 3527 3528 3526
f 3527 3526 3524
f 3527 3529 3528
f 3529 3527 3530
f 3529 3530 3531
f 3524 3523 3521
f 3511 3521 3520
f 3518 3532 3533
f 3533 3532 3534
f 3535 3536 3533
f 3537 3538 3536
f 3535 3533 3534
f 3539 3537 3536
f 3537 3540 3538
f 3538 3541 3542
f 3538 3540 3541
f 3542 3541 3543
f 3539 3536 3535
f 3544 3545 3546
f 3547 3545 3544
f 3548 3531 3530
f 3548 3545 3547
f 3546 3549 3550
f 3530 3545 3548
f 3551 3552 3549
f 3552 3550 3549
f 3553 3544 3546
f 3546 3550 3553
f 3549 3542 3551
f 3542 3543 3551
f 3519 3532 3518
f 3554 3555 3556
f 3557 3558 3559
f 3560 3561 3562
f 3563 3564 3565
f 3566 3564 3567
f 3568 3567 3561
f 3569 3555 3563
f 3570 3557 3571
f 3572 3570 3573
f 3574 3570 3575
f 3572 3573 3576
f 3577 3578 3574
f 3557 3579 3571
f 3570 3571 3575
f 3575 3577 3574
f 3578 3554 3556
f 3557 3559 3579
f 3580 3576 3581
f 3582 3583 3584
f 3582 3585 3562
f 3585 3560 3562
f 3584 3585 3582
f 3560 3586 3561
f 3561 3586 3568
f 3567 3568 3566
f 3587 3564 3566
f 3564 3587 3565
f 3565 3569 3563
f 3578 3556 3574
f 3588 3581 3576
f 3589 3590 3591
f 3590 3581 3588
f 3592 3589 3591
f 3555 3569 3556
f 3573 3570 3574
f 3576 3573 3588
f 3588 3591 3590
f 3591 3593 3592
f 3594 3595 3596
f 3596 3595 3597
f 3598 3597 3599
f 3600 3597 3601
f 3600 3599 3597
f 3602 3594 3603
f 3599 3604 3598
f 3605 3600 3601
f 3604 3606 3598
f 3598 3606 3607
f 3608 3609 3610
f 3605 3610 3609
f 3611 3612 3613
f 3614 3615 3616
f 3617 3616 3618
f 3619 3618 3612
f 3620 3613 3621
f 3621 3608 3622
f 3593 3623 3624
f 3625 3602 3626
f 3627 3626 3628
f 3627 3628 3623
f 3627 3623 3593
f 3627 3625 3626
f 3594 3602 3625
f 3594 3625 3595
f 3597 3595 3601
f 3592 3593 3624
f 3613 3620 3611
f 3619 3612 3611
f 3629 3618 3619
f 3630 3620 3621
f 3605 3601 3610
f 3622 3608 3631
f 3610 3631 3608
f 3621 3622 3630
f 3629 3617 3618
f 3617 3614 3616
f 3632 3633 3634
f 3635 3636 3637
f 3637 3633 3635
f 3638 3639 3640
f 3641 3640 3639
f 3642 3643 3644
f 3640 3642 3645
f 3640 3641 3642
f 3644 3646 3642
f 3647 3643 3642
f 3648 3649 3650
f 3636 3651 3652
f 3653 3638 3634
f 3654 3655 3656
f 3657 3654 3656
f 3655 3658 3659
f 3651 3636 3635
f 3640 3634 3638
f 3635 3632 3651
f 3635 3633 3632
f 3634 3660 3661
f 3651 3632 3662
f 3660 3645 3663
f 3645 3660 3640
f 3661 3663 3664
f 3663 3661 3660
f 3645 3646 3665
f 3661 3632 3634
f 3634 3640 3660
f 3632 3661 3666
f 3658 3662 3667
f 3662 3658 3651
f 3659 3667 3668
f 3667 3659 3658
f 3666 3669 3662
f 3659 3656 3655
f 3666 3664 3670
f 3664 3666 3661
f 3669 3670 3671
f 3670 3669 3666
f 3664 3672 3673
f 3669 3667 3662
f 3662 3632 3666
f 3667 3669 3674
f 3663 3665 3672
f 3658 3655 3675
f 3653 3634 3633
f 3656 3659 3676
f 3644 3643 3649
f 3677 3678 3679
f 3680 3648 3681
f 3682 3683 3684
f 3682 3684 3685
f 3679 3684 3683
f 3686 3682 3685
f 3685 3687 3686
f 3677 3679 3681
f 3682 3686 3688
f 3649 3689 3644
f 3649 3680 3689
f 3680 3679 3690
f 3644 3689 3691
f 3679 3683 3692
f 3679 3678 3684
f 3690 3692 3693
f 3692 3690 3679
f 3683 3688 3694
f 3690 3689 3680
f 3680 3681 3679
f 3689 3690 3695
f 3682 3688 3683
f 3680 3649 3648
f 3696 3697 3686
f 3696 3686 3687
f 3696 3687 3698
f 3688 3686 3697
f 3698 3699 3700
f 3699 3698 3687
f 3701 3698 3700
f 3702 3700 3699
f 3699 3703 3702
f 3704 3696 3698
f 3705 3700 3702
f 3704 3706 3697
f 3704 3697 3696
f 3694 3707 3708
f 3694 3688 3707
f 3706 3707 3697
f 3707 3688 3697
f 3705 3709 3701
f 3705 3701 3700
f 3706 3710 3711
f 3706 3704 3710
f 3709 3710 3701
f 3710 3704 3701
f 3704 3698 3701
f 3707 3706 3712
f 3703 3713 3702
f 3694 3692 3683
f 3692 3694 3714
f 3691 3715 3646
f 3646 3644 3691
f 3646 3715 3665
f 3665 3663 3645
f 3691 3716 3715
f 3695 3690 3693
f 3693 3714 3717
f 3695 3693 3718
f 3692 3714 3693
f 3716 3691 3695
f 3689 3695 3691
f 3665 3715 3719
f 3672 3719 3720
f 3672 3665 3719
f 3673 3720 3721
f 3720 3673 3672
f 3722 3723 3719
f 3673 3670 3664
f 3716 3718 3724
f 3718 3716 3695
f 3719 3723 3720
f 3724 3722 3716
f 3718 3717 3725
f 3722 3719 3715
f 3716 3722 3715
f 3724 3726 3722
f 3693 3717 3718
f 3672 3664 3663
f 3714 3727 3717
f 3727 3714 3708
f 3708 3712 3728
f 3717 3727 3729
f 3706 3711 3712
f 3712 3708 3707
f 3730 3712 3711
f 3711 3710 3731
f 3732 3733 3709
f 3708 3728 3727
f 3714 3694 3708
f 3734 3711 3731
f 3717 3729 3725
f 3727 3728 3735
f 3736 3725 3729
f 3729 3727 3735
f 3730 3737 3728
f 3738 3724 3725
f 3730 3734 3739
f 3734 3730 3711
f 3740 3735 3737
f 3739 3737 3730
f 3741 3742 3734
f 3737 3735 3728
f 3728 3712 3730
f 3743 3729 3735
f 3733 3741 3731
f 3725 3724 3718
f 3709 3731 3710
f 3744 3737 3739
f 3713 3732 3705
f 3646 3645 3642
f 3745 3746 3747
f 3670 3673 3748
f 3639 3647 3641
f 3749 3750 3751
f 3752 3749 3676
f 3750 3753 3751
f 3751 3754 3657
f 3751 3753 3754
f 3676 3749 3656
f 3755 3754 3753
f 3755 3756 3757
f 3755 3753 3756
f 3750 3752 3758
f 3752 3750 3749
f 3759 3758 3760
f 3758 3759 3750
f 3761 3762 3752
f 3759 3756 3753
f 3750 3759 3753
f 3756 3759 3763
f 3668 3761 3676
f 3649 3643 3650
f 3668 3674 3764
f 3668 3667 3674
f 3674 3669 3671
f 3674 3671 3765
f 3673 3721 3748
f 3748 3671 3670
f 3721 3766 3767
f 3721 3720 3766
f 3726 3768 3723
f 3748 3721 3769
f 3676 3659 3668
f 3671 3748 3770
f 3761 3764 3771
f 3764 3761 3668
f 3762 3771 3772
f 3771 3762 3761
f 3765 3773 3764
f 3762 3758 3752
f 3764 3773 3771
f 3770 3765 3671
f 3774 3770 3769
f 3767 3769 3721
f 3770 3748 3769
f 3775 3765 3770
f 3764 3674 3765
f 3769 3767 3776
f 3768 3777 3766
f 3761 3752 3676
f 3720 3723 3766
f 3758 3762 3778
f 3677 3684 3678
f 3756 3779 3780
f 3763 3760 3781
f 3782 3757 3783
f 3759 3760 3763
f 3763 3781 3784
f 3758 3778 3760
f 3780 3779 3784
f 3785 3778 3786
f 3781 3760 3785
f 3760 3778 3785
f 3756 3763 3779
f 3771 3787 3772
f 3772 3778 3762
f 3773 3775 3788
f 3772 3787 3786
f 3775 3774 3789
f 3774 3775 3770
f 3788 3789 3790
f 3789 3788 3775
f 3776 3791 3774
f 3788 3787 3773
f 3773 3765 3775
f 3787 3788 3792
f 3787 3793 3786
f 3794 3795 3793
f 3796 3794 3792
f 3794 3793 3787
f 3788 3797 3792
f 3792 3794 3787
f 3798 3796 3797
f 3799 3798 3797
f 3789 3791 3800
f 3797 3796 3792
f 3797 3788 3790
f 3800 3799 3790
f 3772 3786 3778
f 3773 3787 3771
f 3776 3774 3769
f 3767 3766 3777
f 3726 3738 3801
f 3768 3801 3802
f 3803 3767 3777
f 3738 3736 3804
f 3736 3738 3725
f 3768 3802 3777
f 3804 3801 3738
f 3743 3805 3736
f 3801 3768 3726
f 3726 3724 3738
f 3801 3804 3806
f 3803 3807 3776
f 3767 3803 3776
f 3776 3807 3791
f 3791 3789 3774
f 3808 3803 3809
f 3810 3802 3806
f 3807 3808 3811
f 3807 3803 3808
f 3809 3810 3812
f 3803 3777 3809
f 3802 3809 3777
f 3791 3807 3813
f 3802 3801 3806
f 3766 3723 3768
f 3805 3814 3804
f 3804 3736 3805
f 3743 3740 3815
f 3806 3804 3814
f 3740 3744 3816
f 3744 3740 3737
f 3817 3805 3815
f 3816 3815 3740
f 3818 3819 3744
f 3815 3805 3743
f 3743 3735 3740
f 3820 3815 3816
f 3806 3821 3810
f 3821 3806 3814
f 3812 3810 3822
f 3822 3810 3821
f 3817 3823 3814
f 3812 3808 3809
f 3817 3820 3824
f 3820 3817 3815
f 3825 3821 3823
f 3824 3823 3817
f 3826 3827 3820
f 3823 3821 3814
f 3814 3805 3817
f 3828 3823 3824
f 3819 3826 3816
f 3810 3809 3802
f 3736 3729 3743
f 3808 3812 3829
f 3800 3813 3830
f 3800 3791 3813
f 3813 3811 3831
f 3800 3830 3799
f 3811 3829 3832
f 3811 3808 3829
f 3831 3832 3833
f 3832 3831 3811
f 3832 3834 3835
f 3831 3830 3813
f 3807 3811 3813
f 3830 3831 3836
f 3799 3837 3838
f 3837 3799 3830
f 3839 3838 3837
f 3837 3836 3839
f 3799 3838 3798
f 3836 3833 3840
f 3833 3836 3831
f 3841 3840 3833
f 3841 3833 3842
f 3836 3840 3839
f 3837 3830 3836
f 3829 3843 3834
f 3799 3797 3790
f 3843 3829 3812
f 3822 3825 3844
f 3843 3844 3845
f 3834 3832 3829
f 3825 3828 3846
f 3828 3825 3823
f 3843 3845 3834
f 3846 3844 3825
f 3847 3848 3828
f 3844 3843 3822
f 3822 3821 3825
f 3849 3844 3846
f 3850 3835 3851
f 3851 3834 3845
f 3850 3842 3835
f 3834 3851 3835
f 3835 3842 3833
f 3845 3852 3851
f 3852 3845 3849
f 3853 3851 3852
f 3851 3853 3854
f 3855 3856 3849
f 3851 3854 3850
f 3845 3844 3849
f 3848 3855 3846
f 3835 3833 3832
f 3812 3822 3843
f 3827 3847 3824
f 3800 3790 3789
f 3723 3722 3726
f 3742 3818 3739
f 3642 3641 3647
f 3857 3858 3703
f 3857 3703 3859
f 3703 3858 3713
f 3709 3705 3732
f 3859 3860 3861
f 3858 3857 3862
f 3857 3861 3862
f 3861 3863 3864
f 3861 3857 3859
f 3703 3699 3859
f 3713 3858 3865
f 3865 3866 3732
f 3732 3713 3865
f 3732 3866 3733
f 3734 3731 3741
f 3867 3865 3868
f 3869 3862 3864
f 3866 3867 3870
f 3866 3865 3867
f 3868 3869 3871
f 3865 3858 3868
f 3862 3868 3858
f 3733 3866 3872
f 3860 3863 3861
f 3731 3709 3733
f 3873 3874 3863
f 3863 3860 3873
f 3863 3874 3864
f 3864 3862 3861
f 3875 3873 3876
f 3876 3877 3878
f 3879 3876 3878
f 3875 3874 3873
f 3877 3880 3878
f 3876 3873 3877
f 3860 3877 3873
f 3864 3874 3881
f 3869 3881 3882
f 3869 3864 3881
f 3871 3882 3883
f 3882 3871 3869
f 3884 3885 3881
f 3871 3867 3868
f 3875 3879 3886
f 3879 3875 3876
f 3881 3885 3882
f 3886 3884 3875
f 3887 3888 3879
f 3884 3881 3874
f 3875 3884 3874
f 3889 3884 3886
f 3890 3887 3878
f 3869 3868 3862
f 3867 3871 3891
f 3872 3892 3741
f 3741 3733 3872
f 3741 3892 3742
f 3744 3739 3818
f 3891 3893 3870
f 3870 3867 3891
f 3892 3894 3895
f 3892 3872 3894
f 3893 3894 3870
f 3894 3872 3870
f 3866 3870 3872
f 3742 3892 3896
f 3896 3897 3818
f 3818 3742 3896
f 3818 3897 3819
f 3820 3816 3826
f 3895 3898 3899
f 3895 3896 3892
f 3897 3900 3901
f 3897 3896 3900
f 3894 3898 3895
f 3900 3896 3895
f 3898 3894 3893
f 3819 3897 3902
f 3883 3903 3891
f 3816 3744 3819
f 3883 3904 3905
f 3883 3891 3871
f 3883 3882 3904
f 3906 3893 3903
f 3885 3907 3904
f 3907 3885 3889
f 3904 3908 3905
f 3908 3904 3907
f 3909 3910 3889
f 3905 3903 3883
f 3885 3884 3889
f 3903 3905 3911
f 3898 3906 3912
f 3893 3906 3898
f 3899 3912 3913
f 3912 3899 3898
f 3911 3914 3906
f 3899 3900 3895
f 3905 3915 3911
f 3911 3906 3903
f 3911 3916 3914
f 3916 3911 3915
f 3917 3918 3908
f 3914 3912 3906
f 3915 3905 3908
f 3912 3914 3919
f 3910 3917 3907
f 3893 3891 3903
f 3885 3904 3882
f 3900 3899 3920
f 3888 3909 3886
f 3739 3734 3742
f 3887 3879 3878
f 3890 3921 3887
f 3888 3886 3879
f 3922 3923 3887
f 3924 3925 3923
f 3924 3923 3922
f 3887 3921 3922
f 3887 3923 3926
f 3926 3927 3888
f 3888 3887 3926
f 3888 3927 3909
f 3889 3886 3909
f 3928 3926 3929
f 3927 3928 3930
f 3927 3926 3928
f 3931 3932 3929
f 3926 3923 3929
f 3925 3929 3923
f 3909 3927 3933
f 3907 3889 3910
f 3931 3929 3934
f 3931 3935 3936
f 3937 3935 3931
f 3931 3934 3937
f 3932 3931 3938
f 3938 3931 3936
f 3928 3929 3932
f 3938 3936 3939
f 3935 3939 3936
f 3747 3939 3745
f 3928 3932 3940
f 3933 3941 3910
f 3910 3909 3933
f 3910 3941 3917
f 3915 3908 3918
f 3940 3942 3930
f 3930 3928 3940
f 3941 3943 3944
f 3941 3933 3943
f 3942 3943 3930
f 3943 3933 3930
f 3927 3930 3933
f 3917 3941 3945
f 3945 3946 3918
f 3918 3917 3945
f 3916 3947 3948
f 3916 3915 3947
f 3946 3947 3918
f 3915 3918 3947
f 3944 3949 3950
f 3951 3945 3944
f 3946 3951 3952
f 3946 3945 3951
f 3943 3949 3944
f 3945 3941 3944
f 3949 3943 3942
f 3947 3946 3953
f 3954 3955 3940
f 3907 3917 3908
f 3942 3940 3955
f 3954 3938 3747
f 3955 3954 3956
f 3957 3942 3955
f 3958 3956 3746
f 3956 3958 3959
f 3746 3956 3954
f 3746 3954 3747
f 3938 3939 3747
f 3955 3956 3957
f 3949 3957 3960
f 3942 3957 3949
f 3950 3960 3961
f 3960 3950 3949
f 3957 3962 3960
f 3950 3951 3944
f 3957 3956 3963
f 3964 3959 3965
f 3963 3966 3962
f 3964 3963 3956
f 3959 3964 3956
f 3960 3962 3966
f 3940 3932 3954
f 3932 3938 3954
f 3951 3950 3967
f 3924 3934 3925
f 3890 3878 3880
f 3914 3916 3968
f 3902 3969 3826
f 3826 3819 3902
f 3826 3969 3827
f 3828 3824 3847
f 3920 3970 3901
f 3901 3900 3920
f 3969 3971 3972
f 3969 3902 3971
f 3970 3971 3901
f 3971 3902 3901
f 3897 3901 3902
f 3827 3969 3973
f 3973 3974 3847
f 3847 3827 3973
f 3847 3974 3848
f 3849 3846 3855
f 3972 3975 3976
f 3972 3973 3969
f 3974 3977 3978
f 3974 3973 3977
f 3971 3975 3972
f 3977 3973 3972
f 3975 3971 3970
f 3848 3974 3979
f 3913 3980 3920
f 3846 3828 3848
f 3919 3981 3913
f 3913 3912 3919
f 3913 3981 3980
f 3982 3970 3980
f 3948 3983 3968
f 3968 3916 3948
f 3981 3984 3985
f 3981 3919 3984
f 3983 3986 3984
f 3984 3919 3968
f 3914 3968 3919
f 3980 3981 3987
f 3975 3982 3988
f 3975 3970 3982
f 3976 3988 3989
f 3988 3976 3975
f 3987 3990 3982
f 3976 3977 3972
f 3987 3985 3991
f 3985 3987 3981
f 3990 3991 3992
f 3991 3990 3987
f 3985 3986 3993
f 3990 3988 3982
f 3982 3980 3987
f 3988 3990 3994
f 3993 3995 3991
f 3970 3920 3980
f 3899 3913 3920
f 3977 3976 3996
f 3979 3997 3855
f 3979 3855 3848
f 3855 3997 3856
f 3852 3856 3998
f 3996 3999 3978
f 3996 3978 3977
f 3997 4000 4001
f 3997 3979 4000
f 4000 3999 4002
f 4000 3979 3978
f 3979 3974 3978
f 3856 3997 4003
f 4004 3853 3852
f 3852 3998 4004
f 3853 4004 3854
f 4002 4001 4000
f 3997 4001 4003
f 3978 3999 4000
f 3849 3856 3852
f 3996 4005 3999
f 4005 3996 3989
f 3989 3994 4006
f 3999 4005 4007
f 3994 3992 4008
f 3992 3994 3990
f 4006 4008 4009
f 4008 4006 3994
f 4008 4010 4011
f 4006 4005 3989
f 3989 3988 3994
f 4005 4006 4012
f 4012 4007 4005
f 4011 4009 4008
f 4012 4006 4009
f 4010 3992 3995
f 4007 4002 3999
f 3996 3976 3989
f 3968 3983 3984
f 3820 3827 3824
f 3948 4013 3983
f 4013 3948 3953
f 3953 3952 4014
f 3983 4013 4015
f 3952 3967 4016
f 3952 3951 3967
f 4014 4016 4017
f 4016 4014 3952
f 3961 4018 3967
f 4014 4013 3953
f 3946 3952 3953
f 4013 4014 4019
f 4015 4020 3986
f 4015 3986 3983
f 3986 4020 3993
f 3993 3991 3985
f 4017 4021 4019
f 4017 4019 4014
f 4020 4022 4023
f 4020 4015 4022
f 4021 4022 4019
f 4022 4015 4019
f 4015 4013 4019
f 3993 4020 4024
f 4018 4025 4016
f 3986 3985 3984
f 4026 4027 3961
f 4026 3961 3966
f 3961 4027 4018
f 4017 4016 4025
f 4027 4028 4029
f 3966 4028 4026
f 4027 4029 4030
f 4026 4028 4027
f 4031 4030 4029
f 3967 3950 3961
f 4018 4027 4032
f 4032 4033 4025
f 4032 4025 4018
f 4021 4034 4035
f 4021 4017 4034
f 4033 4034 4025
f 4017 4025 4034
f 4036 4030 4037
f 4038 4030 4031
f 4033 4036 4039
f 4033 4032 4036
f 4030 4038 4037
f 4036 4032 4030
f 4032 4027 4030
f 4034 4033 4040
f 4016 3967 4018
f 3948 3947 3953
f 4022 4021 4041
f 4024 4042 3995
f 3995 3993 4024
f 3995 4042 4010
f 4010 4008 3992
f 4041 4043 4023
f 4023 4022 4041
f 4042 4044 4045
f 4042 4024 4044
f 4043 4044 4023
f 4044 4024 4023
f 4020 4023 4024
f 4010 4042 4046
f 4046 4047 4048
f 4046 4042 4047
f 4047 4045 4048
f 4049 4045 4044
f 4043 4050 4049
f 4047 4042 4045
f 4035 4051 4041
f 4046 4011 4010
f 4040 4052 4035
f 4035 4034 4040
f 4053 4043 4051
f 4039 4054 4055
f 4039 4040 4033
f 4055 4040 4039
f 4041 4021 4035
f 4052 4056 4051
f 4043 4053 4050
f 4051 4056 4053
f 4041 4051 4043
f 4036 4037 4054
f 3995 3992 3991
f 3966 3961 3960
f 3929 3925 3934
f 3705 3702 3713
f 3965 3959 3958
f 3890 3880 3921
f 3963 3962 3957
f 4029 4028 4031
f 4036 4054 4039
f 4040 4055 4057
f 4035 4052 4051
f 4057 4052 4040
f 4043 4049 4044
f 4003 3998 3856
f 3794 3796 3795
f 3763 3784 3779
f 3756 3780 3783
f 3783 3757 3756
f 3656 3749 3657
f 3751 3657 3749
f 3675 3652 3658
f 3675 3655 4058
f 3654 4058 3655
f 3658 3652 3651
f 4059 4060 4061
f 4062 4063 4064
f 4065 4059 4061
f 4066 4067 4068
f 4069 4067 4070
f 4071 4072 4073
f 4072 4074 4075
f 4074 4066 4075
f 4073 4063 4071
f 4076 4077 4078
f 4079 4080 4081
f 4078 4079 4081
f 4082 4080 4083
f 4084 4059 4085
f 4065 4085 4059
f 4086 4059 4084
f 4087 4088 4086
f 4087 4086 4084
f 4088 4077 4076
f 4084 4062 4087
f 4089 4082 4090
f 4091 4092 4093
f 4075 4073 4072
f 4075 4066 4068
f 4094 4095 4091
f 4068 4067 4069
f 4092 4096 4097
f 4092 4097 4093
f 4095 4094 4069
f 4070 4095 4069
f 4094 4091 4093
f 4077 4087 4098
f 4062 4064 4087
f 4077 4088 4087
f 4099 4077 4100
f 4082 4083 4090
f 4101 4089 4090
f 4102 4079 4099
f 4077 4099 4078
f 4080 4103 4083
f 4087 4064 4098
f 4077 4098 4100
f 4079 4102 4103
f 4080 4079 4103
f 4102 4099 4100
f 4063 4073 4064
f 4099 4079 4078
f 4101 4104 4089
f 4105 4106 4104
f 4107 4108 4109
f 4106 4110 4109
f 4108 4111 4112
f 4113 4114 4115
f 4116 4114 4113
f 4117 4118 4119
f 4120 4118 4117
f 4119 4115 4121
f 4116 4112 4111
f 4121 4117 4119
f 4117 4121 4122
f 4118 4123 4124
f 4118 4124 4125
f 4123 4118 4120
f 4126 4127 4128
f 4129 4126 4128
f 4130 4131 4132
f 4133 4134 4135
f 4134 4127 4126
f 4122 4136 4129
f 4132 4133 4137
f 4105 4104 4138
f 4105 4110 4106
f 4139 4116 4111
f 4114 4116 4139
f 4139 4111 4140
f 4141 4111 4108
f 4114 4139 4142
f 4107 4109 4110
f 4141 4108 4107
f 4139 4140 4142
f 4114 4142 4143
f 4140 4111 4141
f 4143 4121 4114
f 4121 4136 4122
f 4136 4126 4129
f 4143 4136 4121
f 4137 4133 4135
f 4135 4134 4126
f 4144 4145 4146
f 4121 4115 4114
f 4130 4132 4137
f 4147 4131 4130
f 4144 4146 4148
f 4144 4148 4149
f 4146 4145 4147
f 4147 4145 4131
f 4101 4138 4104
f 4150 4151 4152
f 4153 4154 4155
f 4154 4153 4156
f 4157 4158 4159
f 4160 4159 4153
f 4159 4156 4153
f 4159 4161 4157
f 4159 4158 4162
f 4163 4164 4165
f 4166 4167 4168
f 4169 4170 4171
f 4169 4171 4172
f 4173 4174 4170
f 4175 4168 4167
f 4176 4177 4178
f 4167 4179 4175
f 4179 4180 4175
f 4181 4182 4183
f 4184 4179 4167
f 4185 4160 4182
f 4153 4182 4160
f 4186 4185 4181
f 4182 4181 4185
f 4187 4161 4160
f 4183 4179 4181
f 4182 4153 4183
f 4188 4181 4179
f 4189 4184 4174
f 4167 4174 4184
f 4190 4189 4173
f 4174 4173 4189
f 4184 4191 4188
f 4170 4169 4173
f 4192 4186 4188
f 4181 4188 4186
f 4193 4192 4191
f 4188 4191 4192
f 4194 4195 4186
f 4184 4189 4191
f 4188 4179 4184
f 4196 4191 4189
f 4195 4187 4185
f 4197 4170 4174
f 4180 4183 4198
f 4199 4173 4169
f 4164 4158 4157
f 4200 4201 4202
f 4203 4204 4205
f 4206 4165 4207
f 4208 4209 4210
f 4211 4208 4210
f 4209 4208 4203
f 4211 4210 4212
f 4212 4213 4211
f 4206 4203 4205
f 4214 4212 4210
f 4157 4215 4164
f 4215 4207 4164
f 4216 4203 4207
f 4217 4215 4157
f 4218 4209 4203
f 4208 4204 4203
f 4219 4218 4216
f 4203 4216 4218
f 4220 4214 4209
f 4207 4215 4216
f 4203 4206 4207
f 4221 4216 4215
f 4209 4214 4210
f 4165 4164 4207
f 4212 4222 4223
f 4213 4212 4223
f 4224 4213 4223
f 4222 4212 4214
f 4225 4226 4224
f 4213 4224 4226
f 4225 4224 4227
f 4226 4225 4228
f 4228 4229 4226
f 4224 4223 4230
f 4228 4225 4231
f 4222 4232 4230
f 4223 4222 4230
f 4233 4234 4220
f 4234 4214 4220
f 4222 4234 4232
f 4222 4214 4234
f 4227 4235 4231
f 4225 4227 4231
f 4236 4237 4232
f 4237 4230 4232
f 4227 4237 4235
f 4227 4230 4237
f 4227 4224 4230
f 4238 4232 4234
f 4228 4239 4229
f 4209 4218 4220
f 4240 4220 4218
f 4161 4241 4217
f 4217 4157 4161
f 4187 4241 4161
f 4160 4185 4187
f 4241 4242 4217
f 4219 4216 4221
f 4243 4240 4219
f 4244 4219 4221
f 4219 4240 4218
f 4221 4217 4242
f 4217 4221 4215
f 4245 4241 4187
f 4246 4245 4195
f 4245 4187 4195
f 4247 4246 4194
f 4195 4194 4246
f 4245 4248 4249
f 4186 4192 4194
f 4250 4244 4242
f 4221 4242 4244
f 4246 4248 4245
f 4242 4249 4250
f 4251 4243 4244
f 4241 4245 4249
f 4241 4249 4242
f 4249 4252 4250
f 4244 4243 4219
f 4185 4186 4195
f 4243 4253 4240
f 4233 4240 4253
f 4254 4238 4233
f 4255 4253 4243
f 4238 4236 4232
f 4234 4233 4238
f 4236 4238 4256
f 4257 4237 4236
f 4235 4258 4259
f 4253 4254 4233
f 4233 4220 4240
f 4257 4236 4260
f 4251 4255 4243
f 4261 4254 4253
f 4255 4251 4262
f 4261 4253 4255
f 4254 4263 4256
f 4251 4250 4264
f 4265 4260 4256
f 4236 4256 4260
f 4263 4261 4266
f 4256 4263 4265
f 4260 4267 4268
f 4254 4261 4263
f 4256 4238 4254
f 4261 4255 4269
f 4257 4268 4258
f 4244 4250 4251
f 4237 4257 4235
f 4265 4263 4270
f 4231 4259 4239
f 4159 4160 4161
f 4183 4180 4179
f 4271 4194 4192
f 4272 4273 4274
f 4199 4274 4275
f 4272 4276 4273
f 4172 4277 4272
f 4277 4276 4272
f 4169 4274 4199
f 4276 4277 4278
f 4279 4280 4278
f 4280 4276 4278
f 4281 4275 4273
f 4274 4273 4275
f 4282 4281 4283
f 4273 4283 4281
f 4275 4284 4285
f 4276 4280 4283
f 4276 4283 4273
f 4286 4283 4280
f 4199 4285 4190
f 4287 4288 4289
f 4290 4196 4190
f 4196 4189 4190
f 4193 4191 4196
f 4291 4193 4196
f 4271 4247 4194
f 4192 4193 4271
f 4292 4293 4247
f 4293 4246 4247
f 4248 4294 4252
f 4295 4247 4271
f 4190 4173 4199
f 4296 4271 4193
f 4297 4290 4285
f 4190 4285 4290
f 4298 4297 4284
f 4285 4284 4297
f 4290 4299 4291
f 4275 4281 4284
f 4297 4299 4290
f 4193 4291 4296
f 4295 4296 4300
f 4247 4295 4292
f 4295 4271 4296
f 4296 4291 4301
f 4291 4196 4290
f 4302 4292 4295
f 4293 4303 4294
f 4199 4275 4285
f 4293 4248 4246
f 4304 4284 4281
f 4305 4306 4307
f 4308 4309 4280
f 4310 4282 4286
f 4311 4279 4312
f 4286 4282 4283
f 4313 4310 4286
f 4282 4304 4281
f 4313 4309 4308
f 4314 4304 4315
f 4315 4282 4310
f 4315 4304 4282
f 4309 4286 4280
f 4204 4208 4205
f 4298 4316 4297
f 4284 4304 4298
f 4317 4301 4299
f 4314 4316 4298
f 4318 4300 4301
f 4296 4301 4300
f 4319 4318 4317
f 4301 4317 4318
f 4300 4320 4302
f 4299 4316 4317
f 4301 4291 4299
f 4321 4317 4316
f 4314 4322 4316
f 4322 4323 4324
f 4321 4324 4325
f 4316 4322 4324
f 4321 4326 4317
f 4316 4324 4321
f 4326 4325 4327
f 4326 4327 4328
f 4329 4320 4318
f 4321 4325 4326
f 4319 4317 4326
f 4319 4328 4329
f 4304 4314 4298
f 4297 4316 4299
f 4295 4300 4302
f 4288 4287 4330
f 4303 4293 4292
f 4331 4264 4252
f 4332 4331 4294
f 4303 4292 4333
f 4334 4262 4264
f 4251 4264 4262
f 4303 4332 4294
f 4264 4331 4334
f 4262 4335 4269
f 4252 4294 4331
f 4264 4250 4252
f 4336 4334 4331
f 4302 4337 4333
f 4302 4333 4292
f 4320 4337 4302
f 4300 4318 4320
f 4338 4333 4339
f 4336 4332 4340
f 4341 4339 4337
f 4339 4333 4337
f 4342 4340 4338
f 4338 4303 4333
f 4303 4338 4332
f 4343 4337 4320
f 4336 4331 4332
f 4294 4248 4293
f 4334 4344 4335
f 4335 4262 4334
f 4345 4266 4269
f 4344 4334 4336
f 4346 4270 4266
f 4263 4266 4270
f 4345 4335 4347
f 4266 4345 4346
f 4270 4348 4349
f 4269 4335 4345
f 4266 4261 4269
f 4346 4345 4350
f 4340 4351 4336
f 4344 4336 4351
f 4352 4340 4342
f 4351 4340 4352
f 4344 4353 4347
f 4338 4339 4342
f 4354 4350 4347
f 4345 4347 4350
f 4353 4351 4355
f 4347 4353 4354
f 4350 4356 4357
f 4344 4351 4353
f 4347 4335 4344
f 4354 4353 4358
f 4346 4357 4348
f 4332 4338 4340
f 4269 4255 4262
f 4359 4342 4339
f 4360 4343 4329
f 4343 4320 4329
f 4361 4341 4343
f 4328 4360 4329
f 4362 4359 4341
f 4359 4339 4341
f 4363 4362 4361
f 4341 4361 4362
f 4364 4365 4362
f 4343 4360 4361
f 4343 4341 4337
f 4366 4361 4360
f 4367 4368 4328
f 4360 4328 4368
f 4368 4367 4369
f 4369 4366 4368
f 4327 4367 4328
f 4370 4363 4366
f 4361 4366 4363
f 4363 4370 4371
f 4372 4363 4371
f 4369 4370 4366
f 4366 4360 4368
f 4365 4373 4359
f 4319 4326 4328
f 4342 4359 4373
f 4374 4355 4352
f 4375 4374 4373
f 4359 4362 4365
f 4376 4358 4355
f 4353 4355 4358
f 4365 4375 4373
f 4355 4374 4376
f 4358 4377 4378
f 4352 4373 4374
f 4355 4351 4352
f 4376 4374 4379
f 4380 4364 4381
f 4375 4365 4380
f 4364 4372 4381
f 4364 4380 4365
f 4363 4372 4364
f 4380 4382 4375
f 4379 4375 4382
f 4382 4380 4383
f 4384 4383 4380
f 4379 4385 4386
f 4381 4384 4380
f 4379 4374 4375
f 4376 4386 4377
f 4362 4363 4364
f 4373 4352 4342
f 4354 4378 4356
f 4318 4319 4329
f 4252 4249 4248
f 4265 4349 4267
f 4387 4388 4389
f 4229 4390 4391
f 4392 4229 4391
f 4239 4390 4229
f 4259 4231 4235
f 4393 4394 4392
f 4155 4183 4153
f 4395 4391 4390
f 4395 4393 4391
f 4396 4397 4393
f 4392 4391 4393
f 4392 4226 4229
f 4398 4390 4239
f 4259 4399 4398
f 4398 4239 4259
f 4258 4399 4259
f 4268 4257 4260
f 4400 4398 4401
f 4396 4395 4402
f 4403 4401 4399
f 4401 4398 4399
f 4404 4402 4400
f 4400 4390 4398
f 4390 4400 4395
f 4405 4399 4258
f 4393 4397 4394
f 4258 4235 4257
f 4397 4406 4407
f 4407 4394 4397
f 4396 4406 4397
f 4393 4395 4396
f 4408 4407 4409
f 4410 4411 4408
f 4410 4408 4412
f 4407 4406 4409
f 4410 4306 4411
f 4411 4407 4408
f 4407 4411 4394
f 4413 4406 4396
f 4414 4413 4402
f 4413 4396 4402
f 4415 4414 4404
f 4402 4404 4414
f 4413 4416 4417
f 4400 4401 4404
f 4418 4412 4409
f 4408 4409 4412
f 4414 4416 4413
f 4409 4417 4418
f 4412 4419 4420
f 4406 4413 4417
f 4406 4417 4409
f 4418 4417 4421
f 4410 4420 4307
f 4395 4400 4402
f 4422 4404 4401
f 4268 4423 4405
f 4405 4258 4268
f 4267 4423 4268
f 4349 4265 4270
f 4403 4424 4422
f 4422 4401 4403
f 4425 4426 4423
f 4426 4405 4423
f 4403 4426 4424
f 4403 4405 4426
f 4405 4403 4399
f 4427 4423 4267
f 4349 4428 4427
f 4427 4267 4349
f 4348 4428 4349
f 4357 4346 4350
f 4429 4430 4425
f 4423 4427 4425
f 4431 4432 4428
f 4432 4427 4428
f 4425 4430 4426
f 4425 4427 4432
f 4424 4426 4430
f 4433 4428 4348
f 4422 4434 4415
f 4348 4270 4346
f 4435 4436 4415
f 4404 4422 4415
f 4436 4414 4415
f 4434 4424 4437
f 4436 4438 4416
f 4421 4416 4438
f 4435 4439 4436
f 4438 4436 4439
f 4421 4440 4441
f 4415 4434 4435
f 4421 4417 4416
f 4442 4435 4434
f 4443 4437 4430
f 4430 4437 4424
f 4444 4443 4429
f 4430 4429 4443
f 4437 4445 4442
f 4425 4432 4429
f 4442 4446 4435
f 4434 4437 4442
f 4445 4447 4442
f 4446 4442 4447
f 4439 4448 4449
f 4437 4443 4445
f 4439 4435 4446
f 4450 4445 4443
f 4438 4449 4440
f 4434 4422 4424
f 4414 4436 4416
f 4451 4429 4432
f 4418 4441 4419
f 4267 4260 4265
f 4410 4412 4420
f 4420 4305 4307
f 4412 4418 4419
f 4420 4452 4453
f 4452 4288 4330
f 4453 4452 4330
f 4453 4305 4420
f 4454 4452 4420
f 4419 4455 4454
f 4454 4420 4419
f 4441 4455 4419
f 4441 4418 4421
f 4289 4454 4456
f 4457 4456 4455
f 4456 4454 4455
f 4289 4458 4389
f 4289 4452 4454
f 4452 4289 4288
f 4459 4455 4441
f 4440 4421 4438
f 4287 4289 4389
f 4162 4156 4159
f 4389 4388 4460
f 4460 4287 4389
f 4461 4389 4458
f 4387 4389 4461
f 4458 4289 4456
f 4462 4387 4461
f 4387 4462 4388
f 4178 4462 4176
f 4463 4458 4456
f 4440 4464 4459
f 4459 4441 4440
f 4449 4464 4440
f 4448 4439 4446
f 4457 4465 4463
f 4463 4456 4457
f 4466 4467 4464
f 4467 4459 4464
f 4457 4467 4465
f 4457 4459 4467
f 4459 4457 4455
f 4468 4464 4449
f 4448 4469 4468
f 4468 4449 4448
f 4470 4471 4447
f 4471 4446 4447
f 4448 4471 4469
f 4471 4448 4446
f 4472 4473 4466
f 4466 4468 4474
f 4475 4474 4469
f 4474 4468 4469
f 4466 4473 4467
f 4466 4464 4468
f 4465 4467 4473
f 4476 4469 4471
f 4463 4477 4478
f 4439 4449 4438
f 4477 4463 4465
f 4176 4461 4478
f 4479 4478 4477
f 4477 4465 4152
f 4177 4479 4200
f 4201 4200 4479
f 4478 4479 4177
f 4176 4478 4177
f 4176 4462 4461
f 4152 4479 4477
f 4480 4152 4473
f 4473 4152 4465
f 4481 4480 4472
f 4473 4472 4480
f 4480 4150 4152
f 4466 4474 4472
f 4151 4479 4152
f 4202 4201 4482
f 4150 4483 4151
f 4151 4482 4479
f 4479 4482 4201
f 4483 4150 4480
f 4478 4458 4463
f 4478 4461 4458
f 4484 4472 4474
f 4306 4410 4307
f 4156 4162 4154
f 4485 4447 4445
f 4357 4486 4433
f 4433 4348 4357
f 4356 4486 4357
f 4378 4354 4358
f 4431 4487 4451
f 4451 4432 4431
f 4488 4489 4486
f 4489 4433 4486
f 4431 4489 4487
f 4431 4433 4489
f 4433 4431 4428
f 4490 4486 4356
f 4378 4491 4490
f 4490 4356 4378
f 4377 4491 4378
f 4386 4376 4379
f 4492 4493 4488
f 4486 4490 4488
f 4494 4495 4491
f 4495 4490 4491
f 4488 4493 4489
f 4488 4490 4495
f 4487 4489 4493
f 4496 4491 4377
f 4451 4497 4444
f 4377 4358 4376
f 4444 4498 4450
f 4450 4443 4444
f 4497 4498 4444
f 4497 4487 4499
f 4485 4500 4470
f 4470 4447 4485
f 4501 4502 4498
f 4502 4450 4498
f 4502 4503 4500
f 4485 4450 4502
f 4450 4485 4445
f 4504 4498 4497
f 4505 4499 4493
f 4499 4487 4493
f 4506 4505 4492
f 4493 4492 4505
f 4499 4507 4504
f 4488 4495 4492
f 4508 4501 4504
f 4498 4504 4501
f 4509 4508 4507
f 4504 4507 4508
f 4510 4503 4501
f 4499 4505 4507
f 4504 4497 4499
f 4511 4507 4505
f 4508 4512 4510
f 4497 4451 4487
f 4451 4444 4429
f 4513 4492 4495
f 4386 4514 4496
f 4377 4386 4496
f 4385 4514 4386
f 4515 4385 4382
f 4494 4516 4513
f 4495 4494 4513
f 4517 4518 4514
f 4518 4496 4514
f 4519 4516 4518
f 4494 4496 4518
f 4494 4491 4496
f 4520 4514 4385
f 4382 4383 4521
f 4521 4515 4382
f 4384 4521 4383
f 4518 4517 4519
f 4520 4517 4514
f 4516 4494 4518
f 4382 4385 4379
f 4516 4522 4513
f 4506 4513 4522
f 4523 4511 4506
f 4524 4522 4516
f 4525 4509 4511
f 4507 4511 4509
f 4526 4525 4523
f 4511 4523 4525
f 4527 4528 4525
f 4506 4522 4523
f 4511 4505 4506
f 4529 4523 4522
f 4522 4524 4529
f 4525 4526 4527
f 4526 4523 4529
f 4512 4509 4528
f 4516 4519 4524
f 4506 4492 4513
f 4502 4500 4485
f 4354 4356 4350
f 4500 4530 4470
f 4476 4470 4530
f 4531 4475 4476
f 4532 4530 4500
f 4533 4484 4475
f 4484 4474 4475
f 4534 4533 4531
f 4475 4531 4533
f 4484 4535 4481
f 4476 4530 4531
f 4476 4475 4469
f 4536 4531 4530
f 4503 4537 4532
f 4500 4503 4532
f 4510 4537 4503
f 4501 4508 4510
f 4536 4538 4534
f 4531 4536 4534
f 4539 4540 4537
f 4540 4532 4537
f 4536 4540 4538
f 4536 4532 4540
f 4536 4530 4532
f 4541 4537 4510
f 4533 4542 4535
f 4502 4501 4503
f 4481 4543 4544
f 4483 4481 4544
f 4535 4543 4481
f 4542 4533 4534
f 4545 4546 4543
f 4544 4546 4483
f 4547 4545 4543
f 4543 4546 4544
f 4545 4547 4548
f 4481 4472 4484
f 4549 4543 4535
f 4542 4550 4549
f 4535 4542 4549
f 4551 4552 4538
f 4552 4534 4538
f 4542 4552 4550
f 4552 4542 4534
f 4553 4547 4554
f 4548 4547 4555
f 4556 4554 4550
f 4554 4549 4550
f 4553 4555 4547
f 4547 4549 4554
f 4547 4543 4549
f 4557 4550 4552
f 4535 4484 4533
f 4476 4471 4470
f 4558 4538 4540
f 4512 4559 4541
f 4541 4510 4512
f 4528 4559 4512
f 4509 4525 4528
f 4539 4560 4558
f 4558 4540 4539
f 4561 4562 4563
f 4563 4541 4559
f 4539 4563 4560
f 4539 4541 4563
f 4541 4539 4537
f 4564 4559 4528
f 4564 4565 4559
f 4565 4566 4559
f 4566 4565 4561
f 4563 4562 4567
f 4567 4568 4560
f 4559 4561 4563
f 4558 4569 4551
f 4528 4527 4564
f 4551 4570 4557
f 4557 4552 4551
f 4569 4560 4571
f 4572 4573 4556
f 4550 4557 4556
f 4556 4557 4572
f 4551 4538 4558
f 4569 4574 4570
f 4568 4571 4560
f 4571 4574 4569
f 4560 4569 4558
f 4573 4553 4554
f 4508 4509 4512
f 4480 4481 4483
f 4163 4158 4164
f 4239 4228 4231
f 4183 4155 4198
f 4175 4180 4575
f 4575 4168 4175
f 4174 4166 4197
f 4576 4170 4197
f 4170 4576 4171
f 4167 4166 4174
f 4172 4274 4169
f 4274 4172 4272
f 4280 4279 4311
f 4309 4313 4286
f 4311 4308 4280
f 4323 4325 4324
f 4385 4515 4520
f 4566 4561 4559
f 4563 4567 4560
f 4569 4570 4551
f 4557 4570 4577
f 4556 4573 4554
f 4577 4572 4557
f 4548 4546 4545
f 4578 4579 4580
f 4581 4582 4579
f 4579 4582 4583
f 4584 4585 4578
f 4586 4578 4587
f 4578 4580 4587
f 4579 4583 4588
f 4588 4580 4579
f 4584 4578 4586
f 4589 4590 4591
f 4592 4589 4593
f 4592 4593 4594
f 4593 4589 4591
f 4595 4596 4597
f 4598 4595 4599
f 4595 4598 4596
f 4596 4600 4597
f 4601 4602 4603
f 4603 4597 4601
f 4602 4604 4603
f 4601 4597 4600
f 4605 4606 4607
f 4608 4609 4606
f 4607 4610 4605
f 4599 4605 4610
f 4608 4611 4609
f 4605 4608 4606
f 4610 4598 4599
f 4609 4611 4612
f 4613 4614 4615
f 4614 4616 4617
f 4618 4619 4615
f 4620 4621 4622
f 4623 4622 4621
f 4621 4624 4623
f 4618 4620 4625
f 4625 4620 4622
f 4617 4626 4627
f 4617 4616 4626
f 4626 4604 4627
f 4627 4604 4602
f 4616 4614 4613
f 4613 4615 4619
f 4618 4625 4619
f 4628 4629 4630
f 4631 4632 4628
f 4630 4629 4612
f 4633 4632 4631
f 4634 4633 4635
f 4634 4632 4633
f 4631 4628 4630
f 4611 4630 4612
f 4635 4636 4637
f 4636 4635 4633
f 4638 4639 4637
f 4637 4636 4638
f 4638 4640 4641
f 4642 4641 4640
f 4640 4643 4642
f 4638 4641 4639
f 4643 4644 4645
f 4646 4647 4644
f 4644 4647 4645
f 4643 4645 4642
f 4648 4646 4649
f 4650 4649 4651
f 4652 4651 4653
f 4650 4648 4649
f 4652 4650 4651
f 4647 4646 4648
f 4654 4655 4656
f 4654 4656 4657
f 4656 4655 4658
f 4658 4655 4659
f 4657 4652 4653
f 4653 4654 4657
f 4659 4655 4660
f 4661 4623 4662
f 4624 4663 4662
f 4664 4661 4662
f 4665 4662 4663
f 4666 4667 4668
f 4667 4669 4670
f 4665 4663 4666
f 4670 4669 4671
f 4665 4666 4668
f 4670 4671 4672
f 4667 4670 4668
f 4673 4674 4675
f 4676 4675 4674
f 4674 4677 4676
f 4673 4675 4672
f 4672 4671 4673
f 4677 4678 4679
f 4680 4679 4678
f 4678 4681 4680
f 4677 4679 4676
f 4681 4682 4683
f 4684 4683 4682
f 4682 4685 4684
f 4681 4683 4680
f 4686 4687 4685
f 4688 4689 4690
f 4686 4690 4689
f 4691 4688 4690
f 4692 4691 4693
f 4692 4688 4691
f 4692 4693 4694
f 4690 4686 4685
f 4687 4684 4685
f 4695 4696 4697
f 4698 4699 4700
f 4700 4695 4701
f 4702 4703 4704
f 4697 4696 4702
f 4703 4705 4704
f 4702 4696 4703
f 4697 4701 4695
f 4659 4706 4658
f 4706 4659 4707
f 4707 4708 4706
f 4659 4660 4709
f 4699 4698 4708
f 4707 4699 4708
f 4700 4710 4698
f 4700 4701 4710
f 4711 4712 4713
f 4714 4715 4716
f 4711 4717 4715
f 4713 4717 4711
f 4713 4694 4693
f 4716 4715 4717
f 4712 4694 4713
f 4714 4716 4718
f 4719 4720 4721
f 4704 4705 4719
f 4720 4722 4721
f 4719 4705 4720
f 4723 4718 4724
f 4725 4721 4722
f 4725 4723 4724
f 4718 4716 4724
f 4725 4722 4723
f 4624 4662 4623
f 4726 4727 4728
f 4729 4728 4730
f 4731 4729 4730
f 4726 4728 4729
f 4732 4733 4734
f 4735 4733 4736
f 4736 4733 4732
f 4732 4734 4737
f 4738 4735 4736
f 4739 4740 4741
f 4741 4742 4739
f 4743 4744 4745
f 4746 4747 4744
f 4748 4745 4749
f 4748 4743 4745
f 4746 4750 4747
f 4751 4752 4753
f 4754 4753 4755
f 4756 4750 4753
f 4747 4750 4756
f 4754 4756 4753
f 4744 4747 4745
f 4749 4757 4758
f 4759 4760 4745
f 4759 4745 4761
f 4762 4761 4745
f 4760 4757 4749
f 4763 4764 4765
f 4763 4765 4762
f 4765 4764 4766
f 4767 4768 4769
f 4767 4766 4764
f 4768 4767 4764
f 4763 4762 4745
f 4749 4745 4760
f 4770 4753 4752
f 4771 4755 4770
f 4770 4755 4753
f 4771 4770 4772
f 4773 4771 4772
f 4774 4775 4773
f 4773 4772 4774
f 4776 4777 4775
f 4775 4777 4778
f 4778 4779 4780
f 4779 4778 4777
f 4778 4780 4781
f 4782 4780 4783
f 4776 4775 4774
f 4784 4785 4786
f 4787 4785 4784
f 4787 4769 4788
f 4769 4787 4784
f 4788 4769 4768
f 4785 4789 4786
f 4780 4782 4781
f 4790 4778 4791
f 4789 4792 4786
f 4792 4789 4790
f 4789 4778 4790
f 4778 4781 4791
f 4793 4782 4783
f 4794 4795 4796
f 4797 4798 4795
f 4799 4800 4801
f 4799 4794 4796
f 4797 4802 4798
f 4803 4804 4805
f 4806 4805 4807
f 4803 4805 4806
f 4798 4802 4808
f 4803 4808 4804
f 4808 4802 4804
f 4795 4798 4796
f 4799 4809 4800
f 4810 4809 4796
f 4810 4796 4811
f 4812 4811 4813
f 4814 4801 4800
f 4813 4815 4816
f 4813 4816 4812
f 4816 4815 4817
f 4817 4818 4819
f 4815 4818 4817
f 4819 4818 4820
f 4813 4811 4796
f 4796 4809 4799
f 4821 4822 4807
f 4823 4824 4807
f 4807 4825 4806
f 4824 4825 4807
f 4826 4827 4824
f 4826 4828 4827
f 4827 4828 4829
f 4830 4831 4829
f 4831 4832 4829
f 4830 4829 4828
f 4826 4824 4823
f 4833 4832 4834
f 4835 4836 4837
f 4838 4836 4835
f 4819 4839 4838
f 4819 4820 4839
f 4838 4839 4836
f 4837 4829 4840
f 4832 4841 4829
f 4841 4842 4829
f 4837 4843 4835
f 4843 4837 4840
f 4840 4829 4842
f 4833 4841 4832
f 4834 4844 4833
f 4805 4821 4807
f 4845 4846 2115
f 4847 4848 4849
f 4850 4849 4846
f 4845 2115 2114
f 4850 4847 4849
f 4846 4845 4850
f 4847 4851 4848
f 4851 4852 4848
f 4853 4854 4855
f 2110 2109 4856
f 4857 4856 4854
f 4858 4852 4851
f 4854 4853 4857
f 4856 4857 2110
f 4853 4855 4858
f 4855 4852 4858
f 4859 4860 2097
f 4861 4862 4863
f 4864 4863 4860
f 4859 2097 2096
f 4864 4861 4863
f 4860 4859 4864
f 4861 4865 4862
f 4865 4866 4862
f 4867 4868 4869
f 2092 2091 4870
f 4871 4870 4868
f 4872 4866 4865
f 4868 4867 4871
f 4870 4871 2092
f 4867 4869 4872
f 4869 4866 4872
f 4873 4874 4875
f 4876 4875 4877
f 4876 4873 4875
f 4877 4878 4876
f 4879 4880 4873
f 4880 4874 4873
f 4881 4882 4883
f 4884 4885 4886
f 4881 4887 4888
f 4889 4888 4885
f 4886 4879 4890
f 4885 4884 4889
f 4888 4889 4881
f 4884 4886 4890
f 4881 4883 4887
f 4880 4879 4886
f 4891 4892 4893
f 4894 4893 4895
f 4894 4891 4893
f 4895 4896 4894
f 4897 4898 4891
f 4898 4892 4891
f 4899 4900 4901
f 4902 4903 4904
f 4899 4905 4906
f 4907 4906 4903
f 4904 4897 4908
f 4903 4902 4907
f 4906 4907 4899
f 4902 4904 4908
f 4899 4901 4905
f 4898 4897 4904
f 4909 4910 4911
f 4912 4911 4913
f 4914 4912 4913
f 4915 4916 4911
f 4917 4918 4919
f 4920 4921 4918
f 4922 4923 4924
f 4925 4926 4923
f 4917 4919 4926
f 4914 4913 4924
f 4927 4928 4929
f 4928 4930 4931
f 4932 4933 4927
f 4934 4933 4935
f 4931 4930 4936
f 4936 4937 4938
f 4939 4940 4941
f 4937 4940 4942
f 4934 4943 4913
f 4913 4944 4924
f 4945 4941 4946
f 4947 4948 4949
f 4949 4950 4951
f 4951 4950 4952
f 4949 4951 4947
f 4952 4950 4921
f 4921 4920 4952
f 4917 4953 4918
f 4920 4918 4953
f 4926 4925 4917
f 4922 4925 4923
f 4935 4933 4932
f 4935 4943 4934
f 4944 4913 4943
f 4924 4944 4922
f 4927 4929 4932
f 4929 4928 4931
f 4936 4938 4931
f 4938 4937 4942
f 4942 4940 4939
f 4945 4939 4941
f 4946 4954 4945
f 4946 4955 4954
f 4956 4957 4955
f 4958 4959 4960
f 4960 4961 4956
f 4962 4963 4964
f 4965 4958 4966
f 4967 4968 4969
f 4970 4971 4967
f 4962 4964 4969
f 4972 4971 4970
f 4973 4974 4975
f 4963 4976 4966
f 4977 4978 4979
f 4974 4973 4980
f 4981 4977 4980
f 4982 4974 4983
f 4984 4981 4980
f 4985 4984 4980
f 4982 4975 4974
f 4985 4980 4973
f 4984 4986 4987
f 4988 4972 4979
f 4909 4911 4916
f 4989 4987 4986
f 4972 4990 4971
f 4972 4988 4990
f 4988 4979 4978
f 4971 4968 4967
f 4958 4965 4959
f 4959 4961 4960
f 4963 4962 4976
f 4976 4965 4966
f 4969 4968 4962
f 4961 4957 4956
f 4991 4992 4993
f 4994 4995 4996
f 4993 4994 4997
f 4996 4997 4994
f 4987 4981 4984
f 4998 4987 4989
f 4998 4992 4999
f 4999 4992 4991
f 4993 4997 4991
f 4981 4978 4977
f 4989 4992 4998
f 4955 4957 4954
f 4911 4912 4915
f 5000 5001 5002
f 5003 5004 5002
f 5005 5006 5007
f 5007 5008 5009
f 5001 5010 5008
f 5011 5012 5006
f 5001 5000 5010
f 5000 5002 5004
f 5008 5013 5009
f 5006 5005 5011
f 5005 5007 5009
f 5013 5008 5010
f 5011 5014 5012
f 5015 5016 5017
f 5018 5019 5014
f 5020 5021 5022
f 5018 5020 5019
f 5012 5014 5019
f 5023 5022 5024
f 5025 5026 5027
f 5026 5023 5028
f 5029 5025 5030
f 5020 5018 5021
f 5022 5031 5024
f 5031 5022 5021
f 5026 5028 5027
f 5029 5030 5015
f 5030 5025 5027
f 5028 5023 5024
f 5015 5017 5029
f 5032 5033 5034
f 5035 5036 5037
f 5037 5038 5039
f 5040 5036 5041
f 5042 5038 5034
f 5043 5044 5045
f 5043 5045 5046
f 5043 5046 5032
f 5033 5032 5046
f 5039 5038 5042
f 5035 5037 5039
f 5033 5042 5034
f 5035 5041 5036
f 5041 5047 5040
f 5048 5049 5050
f 5051 5052 5053
f 5054 5055 5051
f 5056 5052 5057
f 5058 5059 5060
f 5061 5058 5062
f 5059 5055 5063
f 5064 5061 5065
f 5057 5047 5056
f 5051 5053 5054
f 5053 5052 5056
f 5059 5063 5060
f 5061 5062 5065
f 5064 5065 5048
f 5062 5058 5060
f 5063 5055 5054
f 5048 5050 5064
f 5040 5047 5057
f 5066 5067 5068
f 5067 5069 5070
f 5068 5071 5072
f 5072 5071 5073
f 5074 5075 5076
f 5075 5077 5078
f 5079 5073 5078
f 5074 5076 5080
f 5069 5067 5066
f 5072 5066 5068
f 5079 5072 5073
f 5080 5081 5074
f 5074 5077 5075
f 5082 5081 5083
f 5083 5084 5082
f 5077 5079 5078
f 5080 5083 5081
f 5085 5086 5087
f 5088 5089 5090
f 5091 5092 5089
f 5091 5093 5092
f 5094 5095 5090
f 5096 5097 5098
f 5098 5099 5096
f 5100 5099 5101
f 5100 5095 5094
f 5087 5102 5097
f 5103 5104 5105
f 5103 5105 5084
f 5105 5104 5106
f 5084 5105 5082
f 5093 5106 5104
f 5091 5089 5088
f 5088 5090 5095
f 5101 5099 5098
f 5100 5101 5095
f 5106 5093 5091
f 5097 5102 5098
f 5087 5086 5102
f 5107 5108 5109
f 5110 5111 5112
f 5112 5108 5113
f 5114 5115 5116
f 5117 5118 5119
f 5117 5114 5116
f 5109 5119 5107
f 5115 5120 5121
f 5122 5123 5124
f 5123 5122 5125
f 5123 5125 5126
f 5111 5123 5126
f 5122 5124 5127
f 5123 5111 5110
f 5110 5112 5113
f 5107 5119 5118
f 5118 5117 5116
f 5108 5107 5113
f 5115 5121 5116
f 5120 5128 5121
f 5128 5129 5130
f 5131 5132 5133
f 5130 5132 5134
f 5135 5131 5133
f 5136 5137 5138
f 5139 5137 5136
f 5140 5141 5142
f 5138 5142 5143
f 5135 5139 5144
f 5141 5140 5145
f 5128 5130 5134
f 5131 5135 5144
f 5144 5139 5136
f 5132 5131 5134
f 5143 5142 5141
f 5143 5136 5138
f 5146 5147 5148
f 5141 5145 5149
f 5146 5149 5147
f 5145 5147 5149
f 5129 5128 5120
f 5150 5151 5152
f 5153 5152 5154
f 5155 5154 5156
f 5127 5124 5157
f 5150 5152 5153
f 5154 5155 5153
f 5156 5158 5155
f 5159 5160 5161
f 5162 5163 5164
f 5165 5161 5163
f 5162 5164 5166
f 5159 5158 5160
f 5162 5165 5163
f 5157 5162 5166
f 5159 5161 5165
f 5166 5127 5157
f 5160 5158 5156
f 5167 5168 5169
f 5169 5170 5167
f 5171 5172 5173
f 5174 5175 5173
f 5174 5173 5172
f 5176 5177 5178
f 5176 5179 5180
f 5177 5176 5180
f 5181 5182 5183
f 5184 5181 5185
f 5186 5184 5187
f 5146 5188 5187
f 5188 5146 5148
f 5187 5188 5186
f 5187 5184 5185
f 5181 5183 5185
f 5182 5189 5183
f 5190 5191 5192
f 5193 5194 5195
f 5192 5194 5196
f 5195 5197 5198
f 5190 5189 5191
f 5193 5196 5194
f 5198 5193 5195
f 5190 5192 5196
f 5191 5189 5182
f 5199 5200 5201
f 5202 5201 5200
f 5203 5204 5205
f 5203 5206 5204
f 5207 5204 5206
f 5208 5209 5210
f 5209 5211 5210
f 5211 5209 5212
f 5213 5086 5085
f 5214 5215 5213
f 5216 5217 5214
f 5218 5219 5220
f 5221 5222 5223
f 5224 5220 5222
f 5219 5218 5216
f 5225 5223 5226
f 5086 5213 5215
f 5217 5216 5218
f 5218 5220 5224
f 5214 5217 5215
f 5227 5228 5229
f 5221 5223 5225
f 5229 5225 5227
f 5228 5230 5229
f 5221 5224 5222
f 5225 5226 5227
f 5231 5232 5233
f 5234 5235 5236
f 5236 5232 5237
f 5238 5239 5240
f 5241 5242 5238
f 5243 5242 5241
f 5243 5244 5233
f 5245 5239 5246
f 5247 5235 5230
f 5247 5230 5228
f 5230 5235 5234
f 5234 5236 5237
f 5231 5237 5232
f 5233 5248 5231
f 5233 5244 5248
f 5243 5241 5244
f 5240 5241 5238
f 5239 5245 5240
f 5249 5250 5251
f 5251 5252 5253
f 5253 5252 5254
f 5251 5255 5249
f 5256 5257 5258
f 5259 5254 5252
f 5260 5261 5259
f 5256 5258 5261
f 5252 5262 5259
f 5263 5264 5265
f 5266 5267 5268
f 5267 5263 5265
f 5264 5269 5270
f 5271 5262 5272
f 5259 5262 5260
f 5269 5273 5270
f 5274 5275 5276
f 5271 5272 5274
f 5277 5275 5273
f 5266 5268 5278
f 5279 5280 5281
f 5282 5279 5283
f 5284 5285 5282
f 5285 5284 4996
f 5284 5282 5283
f 5283 5279 5281
f 5280 5286 5281
f 5280 5287 5286
f 4948 4947 5288
f 5277 5276 5275
f 5273 5269 5277
f 5269 5264 5263
f 5263 5267 5266
f 5278 5289 5266
f 5290 5287 5257
f 5290 5257 5256
f 5260 5262 5271
f 5271 5274 5276
f 5261 5260 5256
f 5287 5290 5286
f 5278 5291 5289
f 5292 5289 5293
f 5294 5295 5296
f 5293 5296 5292
f 5295 5294 5297
f 5298 5299 5300
f 5301 5302 5298
f 5303 5304 5305
f 5302 5301 5303
f 5297 5300 5299
f 5306 5305 5304
f 5307 5308 5309
f 5310 5311 5312
f 5313 5311 5310
f 5312 5314 5307
f 5315 5316 5317
f 5316 5315 5318
f 5313 5315 5319
f 5318 5320 5321
f 5316 5318 5322
f 5306 5309 5323
f 5319 5315 5317
f 5292 5296 5295
f 5298 5302 5299
f 5299 5295 5297
f 5303 5305 5302
f 5324 5313 5319
f 5305 5306 5323
f 5323 5309 5308
f 5314 5312 5311
f 5311 5313 5324
f 5307 5314 5308
f 5319 5325 5324
f 5325 5326 5327
f 5328 5329 5330
f 5331 5328 5330
f 5326 5331 5327
f 5327 5331 5330
f 5330 5329 5332
f 5333 5288 5334
f 5334 5288 4947
f 5333 5334 5332
f 5333 5332 5329
f 5325 5327 5324
f 5293 5289 5291
f 5251 5253 5255
f 5321 5322 5318
f 5335 5336 5337
f 5338 5339 5340
f 5341 5342 5343
f 5344 5345 5346
f 5347 5348 5349
f 5350 5351 5348
f 5352 5348 5347
f 5346 5343 5353
f 5354 5348 5352
f 5353 5352 5346
f 5355 5356 5343
f 5352 5347 5346
f 5343 5346 5345
f 5357 5358 5359
f 5342 5360 5343
f 5353 5361 5352
f 5362 5363 5364
f 5365 5362 5364
f 5366 5367 5368
f 5369 5368 5370
f 5369 5371 5368
f 5367 5363 5372
f 5368 5371 5366
f 5373 5374 5375
f 5376 5377 5378
f 5358 5373 5359
f 5379 5358 5350
f 5358 5379 5373
f 5359 5373 5375
f 5361 5380 5354
f 5361 5354 5352
f 5379 5381 5382
f 5379 5350 5381
f 5380 5383 5381
f 5381 5350 5354
f 5350 5348 5354
f 5373 5379 5384
f 5384 5385 5362
f 5384 5362 5373
f 5372 5368 5367
f 5386 5363 5385
f 5362 5385 5363
f 5363 5367 5364
f 5384 5387 5385
f 5387 5384 5382
f 5386 5385 5388
f 5388 5385 5387
f 5382 5383 5389
f 5386 5372 5363
f 5384 5379 5382
f 5372 5386 5390
f 5381 5354 5380
f 5373 5362 5374
f 5368 5372 5391
f 5356 5392 5353
f 5393 5342 5394
f 5395 5393 5396
f 5360 5342 5393
f 5397 5398 5399
f 5399 5398 5400
f 5401 5398 5397
f 5397 5402 5401
f 5403 5398 5401
f 5355 5360 5404
f 5395 5360 5393
f 5404 5360 5395
f 5353 5343 5356
f 5403 5405 5400
f 5403 5400 5398
f 5404 5406 5407
f 5404 5395 5406
f 5405 5406 5400
f 5406 5395 5400
f 5355 5404 5407
f 5408 5409 5401
f 5355 5343 5360
f 5408 5410 5411
f 5403 5401 5409
f 5410 5408 5402
f 5412 5403 5409
f 5410 5413 5414
f 5413 5410 5402
f 5415 5410 5414
f 5416 5414 5413
f 5413 5417 5416
f 5408 5411 5409
f 5418 5414 5416
f 5412 5405 5403
f 5409 5411 5419
f 5412 5419 5420
f 5412 5409 5419
f 5415 5421 5411
f 5405 5412 5422
f 5415 5418 5423
f 5418 5415 5414
f 5421 5423 5424
f 5423 5421 5415
f 5423 5425 5426
f 5421 5419 5411
f 5411 5410 5415
f 5419 5421 5427
f 5418 5428 5425
f 5408 5401 5402
f 5406 5405 5429
f 5392 5430 5361
f 5353 5392 5361
f 5356 5407 5431
f 5361 5430 5380
f 5431 5430 5392
f 5431 5407 5432
f 5433 5431 5432
f 5431 5434 5430
f 5406 5432 5407
f 5392 5356 5431
f 5356 5355 5407
f 5380 5430 5435
f 5383 5435 5436
f 5435 5383 5380
f 5437 5387 5389
f 5436 5389 5383
f 5434 5438 5435
f 5389 5387 5382
f 5434 5433 5439
f 5433 5434 5431
f 5440 5436 5438
f 5439 5438 5434
f 5441 5442 5433
f 5438 5436 5435
f 5435 5430 5434
f 5443 5389 5436
f 5429 5441 5432
f 5383 5382 5381
f 5422 5444 5429
f 5432 5406 5429
f 5429 5444 5441
f 5441 5433 5432
f 5422 5445 5444
f 5422 5412 5420
f 5446 5427 5424
f 5420 5427 5447
f 5419 5427 5420
f 5445 5422 5420
f 5405 5422 5429
f 5441 5444 5448
f 5441 5448 5442
f 5444 5445 5449
f 5450 5442 5448
f 5448 5444 5449
f 5447 5451 5445
f 5452 5439 5442
f 5447 5446 5453
f 5446 5447 5427
f 5454 5449 5451
f 5453 5451 5447
f 5453 5455 5456
f 5451 5449 5445
f 5445 5420 5447
f 5457 5448 5449
f 5446 5458 5455
f 5442 5439 5433
f 5421 5424 5427
f 5459 5438 5439
f 5424 5426 5458
f 5359 5375 5357
f 5460 5451 5453
f 5461 5462 5463
f 5370 5464 5465
f 5465 5466 5369
f 5467 5370 5391
f 5464 5468 5465
f 5370 5368 5391
f 5465 5469 5466
f 5369 5370 5465
f 5469 5465 5468
f 5469 5468 5470
f 5471 5472 5473
f 5464 5467 5474
f 5467 5464 5370
f 5475 5474 5476
f 5474 5475 5464
f 5477 5478 5467
f 5475 5470 5468
f 5464 5475 5468
f 5470 5475 5479
f 5390 5477 5391
f 5480 5481 5482
f 5386 5483 5390
f 5390 5391 5372
f 5388 5437 5484
f 5390 5483 5485
f 5443 5486 5437
f 5443 5437 5389
f 5487 5443 5440
f 5486 5484 5437
f 5443 5436 5440
f 5484 5483 5388
f 5388 5387 5437
f 5483 5484 5488
f 5477 5485 5489
f 5477 5390 5485
f 5478 5489 5490
f 5489 5478 5477
f 5488 5491 5485
f 5478 5474 5467
f 5487 5492 5486
f 5487 5486 5443
f 5485 5491 5489
f 5488 5484 5493
f 5492 5494 5493
f 5488 5485 5483
f 5493 5484 5486
f 5495 5488 5493
f 5459 5496 5440
f 5477 5467 5391
f 5386 5388 5483
f 5474 5478 5497
f 5498 5499 5500
f 5471 5479 5501
f 5501 5479 5500
f 5479 5498 5500
f 5479 5471 5470
f 5499 5498 5502
f 5502 5476 5497
f 5502 5498 5476
f 5479 5475 5498
f 5476 5498 5475
f 5469 5470 5473
f 5478 5490 5497
f 5497 5476 5474
f 5489 5503 5490
f 5497 5490 5504
f 5505 5503 5491
f 5495 5494 5506
f 5503 5507 5508
f 5507 5503 5505
f 5506 5509 5505
f 5505 5491 5495
f 5491 5488 5495
f 5490 5503 5510
f 5504 5490 5510
f 5503 5481 5510
f 5482 5508 5511
f 5481 5503 5482
f 5511 5480 5482
f 5507 5509 5512
f 5508 5482 5503
f 5511 5508 5512
f 5497 5504 5502
f 5491 5503 5489
f 5493 5486 5492
f 5496 5513 5487
f 5487 5440 5496
f 5459 5452 5514
f 5487 5513 5492
f 5450 5515 5452
f 5450 5452 5442
f 5513 5496 5516
f 5496 5514 5516
f 5514 5515 5517
f 5496 5459 5514
f 5459 5439 5452
f 5492 5513 5518
f 5518 5519 5494
f 5494 5492 5518
f 5494 5519 5506
f 5506 5505 5495
f 5520 5518 5521
f 5522 5516 5517
f 5519 5520 5523
f 5519 5518 5520
f 5521 5522 5524
f 5518 5513 5521
f 5516 5521 5513
f 5506 5519 5525
f 5515 5514 5452
f 5494 5495 5493
f 5450 5526 5515
f 5526 5450 5457
f 5457 5454 5527
f 5515 5526 5528
f 5454 5460 5529
f 5460 5454 5451
f 5527 5529 5530
f 5529 5527 5454
f 5529 5531 5532
f 5527 5526 5457
f 5457 5449 5454
f 5526 5527 5533
f 5517 5528 5534
f 5528 5517 5515
f 5521 5524 5520
f 5534 5522 5517
f 5533 5535 5528
f 5522 5521 5516
f 5533 5530 5536
f 5530 5533 5527
f 5537 5534 5535
f 5536 5535 5533
f 5536 5538 5539
f 5535 5534 5528
f 5528 5526 5533
f 5540 5522 5534
f 5530 5532 5538
f 5517 5516 5514
f 5450 5448 5457
f 5541 5535 5536
f 5542 5509 5525
f 5509 5506 5525
f 5525 5519 5523
f 5525 5523 5543
f 5544 5523 5545
f 5546 5545 5547
f 5543 5544 5548
f 5543 5523 5544
f 5544 5546 5549
f 5523 5520 5545
f 5545 5520 5524
f 5542 5525 5543
f 5512 5542 5550
f 5542 5512 5509
f 5551 5550 5542
f 5542 5552 5551
f 5512 5550 5511
f 5552 5548 5553
f 5548 5552 5543
f 5554 5553 5548
f 5554 5548 5549
f 5552 5553 5551
f 5542 5543 5552
f 5524 5540 5547
f 5512 5508 5507
f 5547 5545 5524
f 5540 5537 5555
f 5547 5555 5556
f 5546 5544 5545
f 5537 5541 5557
f 5541 5537 5535
f 5547 5556 5546
f 5557 5555 5537
f 5557 5558 5559
f 5555 5547 5540
f 5540 5534 5537
f 5560 5555 5557
f 5546 5561 5549
f 5561 5546 5556
f 5562 5561 5563
f 5562 5554 5561
f 5560 5564 5556
f 5561 5554 5549
f 5564 5561 5556
f 5565 5564 5566
f 5563 5567 5562
f 5565 5567 5563
f 5566 5560 5559
f 5564 5563 5561
f 5556 5555 5560
f 5371 5369 5466
f 5558 5541 5539
f 5549 5548 5544
f 5524 5522 5540
f 5531 5460 5456
f 5509 5507 5505
f 5440 5438 5459
f 5471 5473 5470
f 5416 5417 5428
f 5417 5568 5569
f 5570 5417 5413
f 5568 5417 5570
f 5428 5418 5416
f 5570 5571 5568
f 5571 5570 5572
f 5568 5573 5569
f 5573 5568 5571
f 5574 5575 5571
f 5569 5428 5417
f 5428 5569 5576
f 5576 5577 5425
f 5425 5428 5576
f 5425 5577 5426
f 5426 5424 5423
f 5578 5576 5579
f 5580 5573 5575
f 5577 5578 5581
f 5577 5576 5578
f 5579 5580 5582
f 5576 5569 5579
f 5573 5579 5569
f 5426 5577 5583
f 5572 5574 5571
f 5425 5423 5418
f 5584 5585 5574
f 5574 5572 5584
f 5575 5574 5585
f 5575 5573 5571
f 5586 5587 5588
f 5589 5584 5588
f 5590 5588 5587
f 5591 5592 5593
f 5586 5588 5584
f 5572 5586 5584
f 5594 5588 5590
f 5575 5595 5580
f 5595 5575 5585
f 5582 5580 5596
f 5596 5580 5595
f 5589 5597 5585
f 5582 5578 5579
f 5589 5594 5598
f 5594 5589 5588
f 5599 5595 5597
f 5598 5597 5589
f 5591 5600 5594
f 5597 5595 5585
f 5585 5584 5589
f 5597 5598 5601
f 5592 5594 5590
f 5580 5579 5573
f 5578 5582 5602
f 5455 5453 5446
f 5458 5583 5603
f 5455 5603 5604
f 5456 5460 5453
f 5583 5581 5605
f 5583 5577 5581
f 5455 5604 5456
f 5605 5603 5583
f 5602 5606 5581
f 5603 5455 5458
f 5426 5583 5458
f 5607 5603 5605
f 5456 5608 5531
f 5608 5456 5604
f 5531 5609 5532
f 5609 5531 5608
f 5607 5610 5604
f 5532 5530 5529
f 5611 5608 5610
f 5607 5612 5613
f 5609 5611 5614
f 5609 5608 5611
f 5613 5615 5610
f 5608 5604 5610
f 5604 5603 5607
f 5532 5609 5616
f 5606 5612 5605
f 5531 5529 5460
f 5602 5617 5618
f 5602 5581 5578
f 5602 5582 5617
f 5606 5605 5581
f 5596 5619 5617
f 5619 5596 5599
f 5617 5620 5618
f 5620 5617 5619
f 5599 5601 5621
f 5618 5606 5602
f 5596 5595 5599
f 5606 5618 5622
f 5622 5623 5612
f 5612 5606 5622
f 5615 5611 5610
f 5624 5613 5623
f 5612 5623 5613
f 5613 5610 5607
f 5625 5622 5626
f 5627 5620 5628
f 5613 5624 5615
f 5623 5622 5625
f 5626 5627 5629
f 5622 5618 5626
f 5620 5626 5618
f 5625 5630 5623
f 5619 5621 5628
f 5612 5607 5605
f 5582 5596 5617
f 5611 5615 5631
f 5597 5601 5599
f 5458 5446 5424
f 5632 5591 5593
f 5632 5633 5591
f 5598 5594 5600
f 5634 5633 5635
f 5591 5634 5636
f 5598 5637 5601
f 5598 5600 5637
f 5600 5636 5638
f 5601 5637 5639
f 5636 5600 5591
f 5636 5640 5638
f 5640 5636 5641
f 5642 5641 5643
f 5638 5637 5600
f 5643 5634 5635
f 5637 5638 5644
f 5594 5592 5591
f 5645 5641 5646
f 5640 5645 5647
f 5640 5641 5645
f 5646 5648 5645
f 5641 5642 5649
f 5648 5650 5645
f 5651 5650 5652
f 5638 5640 5653
f 5639 5654 5621
f 5621 5601 5639
f 5621 5654 5628
f 5628 5620 5619
f 5653 5655 5644
f 5644 5638 5653
f 5654 5656 5657
f 5654 5639 5656
f 5655 5656 5644
f 5656 5639 5644
f 5637 5644 5639
f 5628 5654 5658
f 5627 5658 5659
f 5627 5628 5658
f 5629 5659 5660
f 5659 5629 5627
f 5657 5661 5658
f 5629 5625 5626
f 5656 5662 5657
f 5657 5658 5654
f 5657 5663 5661
f 5663 5657 5662
f 5664 5665 5655
f 5661 5659 5658
f 5662 5656 5655
f 5659 5661 5666
f 5647 5664 5653
f 5627 5626 5620
f 5664 5647 5667
f 5647 5653 5640
f 5647 5651 5668
f 5662 5655 5665
f 5667 5669 5670
f 5667 5647 5668
f 5667 5668 5671
f 5664 5667 5665
f 5662 5672 5663
f 5662 5665 5672
f 5673 5672 5674
f 5674 5672 5665
f 5667 5674 5665
f 5675 5663 5672
f 5676 5677 5670
f 5674 5667 5670
f 5670 5677 5678
f 5677 5676 5679
f 5674 5670 5678
f 5663 5680 5661
f 5655 5653 5664
f 5645 5651 5647
f 5625 5629 5681
f 5374 5362 5365
f 5621 5619 5599
f 5350 5682 5351
f 5683 5677 5684
f 5616 5685 5538
f 5538 5532 5616
f 5538 5685 5539
f 5539 5541 5536
f 5611 5631 5614
f 5614 5616 5609
f 5686 5614 5631
f 5687 5685 5616
f 5688 5689 5631
f 5687 5616 5614
f 5615 5624 5688
f 5539 5685 5690
f 5690 5691 5558
f 5558 5539 5690
f 5559 5558 5691
f 5559 5560 5557
f 5687 5686 5692
f 5686 5687 5614
f 5693 5690 5694
f 5692 5694 5687
f 5686 5689 5695
f 5694 5690 5685
f 5687 5694 5685
f 5692 5696 5694
f 5631 5615 5688
f 5558 5557 5541
f 5624 5697 5688
f 5697 5624 5630
f 5630 5681 5698
f 5688 5697 5699
f 5681 5660 5700
f 5660 5681 5629
f 5698 5700 5701
f 5700 5698 5681
f 5666 5702 5660
f 5698 5697 5630
f 5630 5625 5681
f 5697 5698 5703
f 5689 5699 5704
f 5699 5689 5688
f 5705 5692 5695
f 5704 5695 5689
f 5703 5706 5699
f 5695 5692 5686
f 5703 5701 5707
f 5701 5703 5698
f 5708 5704 5706
f 5707 5706 5703
f 5709 5710 5701
f 5706 5704 5699
f 5699 5697 5703
f 5711 5695 5704
f 5702 5709 5700
f 5689 5686 5631
f 5624 5623 5630
f 5712 5706 5707
f 5559 5713 5566
f 5713 5559 5691
f 5691 5693 5714
f 5566 5713 5715
f 5693 5696 5716
f 5696 5693 5694
f 5714 5716 5717
f 5716 5714 5693
f 5716 5718 5719
f 5714 5713 5691
f 5691 5690 5693
f 5713 5714 5720
f 5565 5715 5721
f 5715 5565 5566
f 5367 5366 5364
f 5722 5721 5715
f 5715 5720 5722
f 5565 5721 5567
f 5720 5717 5723
f 5717 5720 5714
f 5724 5723 5717
f 5724 5717 5719
f 5720 5723 5722
f 5715 5713 5720
f 5696 5705 5718
f 5565 5563 5564
f 5711 5725 5705
f 5711 5705 5695
f 5718 5705 5725
f 5718 5716 5696
f 5708 5712 5726
f 5712 5708 5706
f 5725 5711 5727
f 5726 5727 5708
f 5728 5729 5712
f 5708 5727 5711
f 5711 5704 5708
f 5727 5726 5730
f 5718 5731 5719
f 5731 5718 5725
f 5732 5731 5733
f 5731 5732 5719
f 5734 5735 5725
f 5719 5732 5724
f 5735 5733 5731
f 5735 5734 5736
f 5737 5733 5735
f 5735 5738 5737
f 5731 5725 5735
f 5725 5727 5734
f 5734 5727 5730
f 5719 5717 5716
f 5696 5692 5705
f 5710 5728 5707
f 5566 5564 5560
f 5701 5700 5709
f 5666 5680 5739
f 5702 5739 5740
f 5707 5701 5710
f 5680 5675 5741
f 5675 5680 5663
f 5702 5740 5709
f 5741 5739 5680
f 5673 5742 5675
f 5739 5702 5666
f 5666 5661 5680
f 5743 5739 5741
f 5710 5744 5745
f 5744 5709 5740
f 5710 5709 5744
f 5726 5712 5729
f 5740 5746 5744
f 5746 5740 5743
f 5744 5747 5745
f 5747 5744 5746
f 5748 5749 5743
f 5745 5728 5710
f 5740 5739 5743
f 5728 5745 5729
f 5742 5748 5741
f 5712 5707 5728
f 5678 5750 5673
f 5678 5673 5674
f 5673 5750 5742
f 5743 5741 5748
f 5678 5751 5750
f 5678 5677 5751
f 5751 5335 5750
f 5335 5751 5683
f 5742 5750 5337
f 5677 5683 5751
f 5337 5750 5335
f 5337 5338 5748
f 5337 5748 5742
f 5752 5747 5746
f 5746 5749 5752
f 5748 5338 5749
f 5743 5749 5746
f 5337 5339 5338
f 5339 5337 5336
f 5749 5338 5340
f 5741 5675 5742
f 5675 5672 5673
f 5745 5747 5753
f 5730 5754 5462
f 5726 5729 5754
f 5730 5726 5754
f 5730 5736 5734
f 5462 5754 5755
f 5376 5754 5729
f 5376 5756 5377
f 5754 5376 5755
f 5376 5753 5756
f 5462 5736 5730
f 5745 5376 5729
f 5736 5462 5461
f 5757 5463 5462
f 5461 5738 5736
f 5461 5758 5738
f 5738 5758 5737
f 5378 5377 5755
f 5755 5757 5462
f 5378 5755 5376
f 5736 5738 5735
f 5747 5759 5753
f 5753 5376 5745
f 5759 5752 5760
f 5761 5753 5759
f 5762 5760 5752
f 5762 5752 5749
f 5762 5749 5340
f 5753 5761 5756
f 5759 5747 5752
f 5700 5660 5702
f 5660 5659 5666
f 5538 5536 5530
f 5350 5358 5682
f 5348 5351 5349
f 5347 5344 5346
f 5343 5345 5341
f 5393 5394 5396
f 5394 5342 5763
f 5341 5763 5342
f 5400 5395 5399
f 5396 5399 5395
f 5590 5587 5592
f 5591 5633 5634
f 5641 5636 5643
f 5634 5643 5636
f 5648 5646 5649
f 5649 5646 5641
f 5645 5650 5651
f 5670 5669 5676
f 5676 5669 5671
f 5667 5671 5669
f 5652 5668 5651
f 5684 5677 5679
f 5764 5765 5766
f 5767 5768 5769
f 5770 5771 5772
f 5773 5774 5775
f 5776 5777 5775
f 5777 5778 5779
f 5777 5780 5775
f 5781 5770 5773
f 5780 5777 5782
f 5773 5780 5781
f 5770 5783 5784
f 5775 5780 5773
f 5774 5773 5770
f 5785 5786 5787
f 5770 5788 5771
f 5780 5789 5781
f 5790 5791 5792
f 5790 5792 5793
f 5794 5795 5796
f 5797 5794 5798
f 5794 5799 5798
f 5800 5791 5795
f 5796 5799 5794
f 5801 5802 5803
f 5804 5805 5806
f 5785 5803 5786
f 5779 5786 5807
f 5803 5807 5786
f 5801 5803 5785
f 5782 5808 5789
f 5780 5782 5789
f 5809 5810 5807
f 5810 5779 5807
f 5810 5811 5808
f 5782 5779 5810
f 5782 5777 5779
f 5812 5807 5803
f 5792 5813 5812
f 5803 5792 5812
f 5795 5794 5800
f 5813 5791 5814
f 5791 5813 5792
f 5790 5795 5791
f 5813 5815 5812
f 5809 5812 5815
f 5816 5813 5814
f 5815 5813 5816
f 5817 5811 5809
f 5791 5800 5814
f 5809 5807 5812
f 5818 5814 5800
f 5808 5782 5810
f 5802 5792 5803
f 5819 5800 5794
f 5781 5820 5783
f 5821 5771 5822
f 5823 5822 5824
f 5822 5771 5788
f 5825 5826 5827
f 5828 5826 5825
f 5827 5826 5829
f 5829 5830 5827
f 5829 5826 5831
f 5832 5788 5784
f 5822 5788 5824
f 5824 5788 5832
f 5783 5770 5781
f 5828 5833 5831
f 5826 5828 5831
f 5834 5835 5832
f 5835 5824 5832
f 5828 5835 5833
f 5828 5824 5835
f 5834 5832 5784
f 5829 5836 5837
f 5788 5770 5784
f 5838 5839 5837
f 5836 5829 5831
f 5830 5837 5839
f 5836 5831 5840
f 5841 5842 5839
f 5830 5839 5842
f 5841 5839 5843
f 5842 5841 5844
f 5844 5845 5842
f 5836 5838 5837
f 5844 5841 5846
f 5831 5833 5840
f 5847 5838 5836
f 5848 5847 5840
f 5847 5836 5840
f 5838 5849 5843
f 5850 5840 5833
f 5851 5846 5843
f 5841 5843 5846
f 5852 5851 5849
f 5843 5849 5851
f 5853 5854 5851
f 5838 5847 5849
f 5843 5839 5838
f 5855 5849 5847
f 5854 5856 5846
f 5830 5829 5837
f 5857 5833 5835
f 5789 5858 5820
f 5789 5820 5781
f 5859 5834 5783
f 5808 5858 5789
f 5820 5858 5859
f 5860 5834 5859
f 5860 5859 5861
f 5858 5862 5859
f 5834 5860 5835
f 5859 5783 5820
f 5834 5784 5783
f 5863 5858 5808
f 5864 5863 5811
f 5808 5811 5863
f 5817 5815 5865
f 5811 5817 5864
f 5863 5866 5862
f 5809 5815 5817
f 5867 5861 5862
f 5859 5862 5861
f 5866 5864 5868
f 5862 5866 5867
f 5861 5869 5870
f 5863 5864 5866
f 5862 5858 5863
f 5864 5817 5871
f 5860 5870 5857
f 5810 5809 5811
f 5857 5872 5850
f 5857 5835 5860
f 5870 5872 5857
f 5860 5861 5870
f 5872 5873 5850
f 5848 5840 5850
f 5852 5855 5874
f 5875 5855 5848
f 5848 5855 5847
f 5848 5850 5873
f 5857 5850 5833
f 5876 5872 5870
f 5869 5876 5870
f 5877 5873 5872
f 5876 5869 5878
f 5877 5872 5876
f 5873 5879 5875
f 5869 5867 5880
f 5881 5874 5875
f 5855 5875 5874
f 5879 5877 5882
f 5875 5879 5881
f 5883 5884 5881
f 5873 5877 5879
f 5875 5848 5873
f 5877 5876 5885
f 5884 5886 5874
f 5861 5867 5869
f 5855 5852 5849
f 5867 5866 5887
f 5886 5853 5852
f 5888 5889 5890
f 5881 5879 5891
f 5892 5893 5797
f 5798 5894 5892
f 5819 5797 5895
f 5892 5896 5893
f 5819 5794 5797
f 5894 5897 5892
f 5892 5797 5798
f 5896 5892 5897
f 5898 5896 5897
f 5899 5900 5901
f 5902 5895 5893
f 5797 5893 5895
f 5903 5902 5904
f 5893 5904 5902
f 5895 5905 5906
f 5896 5898 5904
f 5896 5904 5893
f 5907 5904 5898
f 5819 5906 5818
f 5908 5909 5910
f 5818 5911 5814
f 5800 5819 5818
f 5912 5865 5816
f 5913 5911 5818
f 5865 5914 5871
f 5817 5865 5871
f 5868 5871 5915
f 5865 5912 5914
f 5868 5864 5871
f 5816 5911 5912
f 5865 5815 5816
f 5916 5912 5911
f 5917 5913 5906
f 5913 5818 5906
f 5918 5917 5905
f 5906 5905 5917
f 5913 5919 5916
f 5895 5902 5905
f 5914 5920 5915
f 5871 5914 5915
f 5917 5919 5913
f 5921 5912 5916
f 5921 5922 5920
f 5911 5913 5916
f 5914 5912 5921
f 5921 5916 5923
f 5868 5924 5887
f 5819 5895 5906
f 5911 5816 5814
f 5925 5905 5902
f 5909 5926 5927
f 5928 5907 5901
f 5929 5907 5928
f 5929 5930 5907
f 5898 5901 5907
f 5931 5930 5932
f 5925 5903 5931
f 5903 5930 5931
f 5930 5904 5907
f 5904 5930 5903
f 5933 5934 5935
f 5925 5918 5905
f 5902 5903 5925
f 5918 5936 5917
f 5937 5918 5925
f 5919 5936 5938
f 5939 5922 5923
f 5940 5941 5936
f 5938 5936 5941
f 5938 5942 5939
f 5923 5919 5938
f 5923 5916 5919
f 5943 5936 5918
f 5943 5918 5937
f 5943 5944 5936
f 5945 5940 5946
f 5946 5936 5944
f 5946 5947 5945
f 5948 5942 5941
f 5936 5946 5940
f 5948 5940 5945
f 5931 5937 5925
f 5917 5936 5919
f 5920 5914 5921
f 5926 5909 5908
f 5915 5949 5924
f 5924 5868 5915
f 5950 5880 5887
f 5920 5949 5915
f 5880 5951 5878
f 5869 5880 5878
f 5952 5924 5949
f 5952 5950 5924
f 5953 5951 5950
f 5950 5887 5924
f 5880 5867 5887
f 5954 5949 5920
f 5922 5955 5954
f 5954 5920 5922
f 5939 5955 5922
f 5923 5938 5939
f 5956 5954 5957
f 5953 5952 5958
f 5959 5957 5955
f 5957 5954 5955
f 5960 5958 5956
f 5956 5949 5954
f 5949 5956 5952
f 5961 5955 5939
f 5880 5950 5951
f 5921 5923 5922
f 5951 5962 5878
f 5885 5878 5962
f 5963 5882 5885
f 5964 5962 5951
f 5965 5891 5882
f 5879 5882 5891
f 5966 5965 5963
f 5882 5963 5965
f 5967 5968 5965
f 5885 5962 5963
f 5882 5877 5885
f 5969 5963 5962
f 5970 5964 5953
f 5951 5953 5964
f 5957 5960 5956
f 5953 5958 5970
f 5964 5971 5969
f 5952 5956 5958
f 5972 5966 5969
f 5963 5969 5966
f 5971 5970 5973
f 5969 5971 5972
f 5974 5975 5972
f 5964 5970 5971
f 5969 5962 5964
f 5970 5958 5976
f 5975 5967 5966
f 5950 5952 5953
f 5885 5876 5878
f 5972 5971 5977
f 5961 5942 5978
f 5961 5939 5942
f 5959 5955 5961
f 5979 5959 5961
f 5980 5959 5981
f 5982 5980 5983
f 5984 5981 5979
f 5981 5959 5979
f 5985 5983 5981
f 5980 5957 5959
f 5960 5957 5980
f 5979 5961 5978
f 5986 5978 5948
f 5942 5948 5978
f 5978 5986 5987
f 5987 5988 5978
f 5945 5986 5948
f 5989 5984 5988
f 5979 5988 5984
f 5984 5989 5990
f 5985 5984 5990
f 5987 5989 5988
f 5988 5979 5978
f 5982 5976 5960
f 5941 5940 5948
f 5960 5980 5982
f 5991 5973 5976
f 5992 5991 5982
f 5980 5981 5983
f 5993 5977 5973
f 5971 5973 5977
f 5983 5992 5982
f 5973 5991 5993
f 5994 5995 5993
f 5976 5982 5991
f 5973 5970 5976
f 5993 5991 5996
f 5985 5997 5983
f 5992 5983 5997
f 5998 5997 5999
f 5997 5990 5999
f 5992 6000 5996
f 5985 5990 5997
f 5992 5997 6000
f 6001 6000 6002
f 5999 6003 5998
f 5998 6003 6002
f 5994 5996 6001
f 5997 5998 6000
f 5996 5991 5992
f 5974 5977 5995
f 5981 5984 5985
f 5976 5958 5960
f 5883 5891 5968
f 5938 5941 5942
f 5887 5866 5868
f 5856 5845 5844
f 6004 6005 6006
f 6007 6008 5845
f 5842 5845 6009
f 6009 5845 6008
f 5844 5846 5856
f 6008 6010 6009
f 6011 6009 6010
f 6007 6012 6008
f 6010 6008 6012
f 6010 6013 6014
f 5845 5856 6007
f 6015 6016 6017
f 6018 6007 5856
f 5854 6019 6018
f 6018 5856 5854
f 5853 6019 5854
f 5851 5852 5853
f 6020 6018 6021
f 6013 6012 6022
f 6023 6021 6019
f 6021 6018 6019
f 6024 6022 6020
f 6020 6007 6018
f 6007 6020 6012
f 6025 6019 5853
f 6010 6014 6011
f 5846 5851 5854
f 6014 6026 6027
f 6027 6011 6014
f 6026 6014 6013
f 6010 6012 6013
f 6028 5889 6029
f 6028 6027 6030
f 5889 6028 5890
f 6031 5888 6017
f 6027 6028 6029
f 6027 6029 6011
f 5890 6028 6032
f 6022 6033 6013
f 6026 6013 6033
f 6034 6022 6024
f 6033 6022 6034
f 6026 6035 6030
f 6020 6021 6024
f 6036 6032 6030
f 6028 6030 6032
f 6035 6033 6037
f 6030 6035 6036
f 6032 6038 6017
f 6026 6033 6035
f 6030 6027 6026
f 6039 6036 6035
f 5890 6032 5888
f 6012 6020 6022
f 6040 6024 6021
f 5874 5881 5884
f 6041 6025 5886
f 6042 6041 5884
f 5881 5891 5883
f 6043 6023 6025
f 6023 6019 6025
f 5883 6042 5884
f 6025 6041 6043
f 6023 6044 6040
f 5886 5884 6041
f 5886 6025 5853
f 6043 6041 6045
f 5968 6046 5883
f 6042 5883 6046
f 5967 6047 5968
f 6046 5968 6047
f 6042 6048 6045
f 5965 5966 5967
f 6048 6046 6049
f 6050 6051 6045
f 6052 6049 6047
f 6049 6046 6047
f 6048 6053 6050
f 6048 6042 6046
f 6045 6041 6042
f 6054 6047 5967
f 6043 6051 6044
f 5891 5965 5968
f 6055 6056 6040
f 6021 6023 6040
f 6056 6024 6040
f 6023 6043 6044
f 6056 6057 6034
f 6037 6034 6057
f 6055 6058 6056
f 6057 6056 6058
f 6059 6039 6037
f 6040 6044 6055
f 6037 6033 6034
f 6060 6055 6044
f 6051 6061 6060
f 6060 6044 6051
f 6048 6049 6053
f 6061 6050 6062
f 6050 6061 6051
f 6045 6048 6050
f 6063 6060 6064
f 6065 6058 6066
f 6053 6062 6050
f 6064 6060 6061
f 6067 6066 6063
f 6063 6055 6060
f 6055 6063 6058
f 6061 6068 6064
f 6065 6059 6057
f 6043 6045 6051
f 6056 6034 6024
f 6069 6053 6049
f 6037 6039 6035
f 5852 5874 5886
f 6031 6017 6070
f 6017 6016 6070
f 6038 6032 6036
f 6071 6016 6015
f 6072 6015 6017
f 6039 6073 6036
f 6073 6038 6036
f 6074 6072 6038
f 6075 6073 6039
f 6017 6038 6072
f 6074 6076 6072
f 6077 6072 6076
f 6078 6077 6079
f 6038 6073 6074
f 6071 6015 6078
f 6080 6074 6073
f 6017 5888 6032
f 6078 6072 6077
f 6081 6077 6082
f 6083 6082 6076
f 6082 6077 6076
f 6082 6084 6081
f 6085 6079 6077
f 6082 6086 6084
f 5935 6086 5933
f 6087 6076 6074
f 6059 6088 6075
f 6075 6039 6059
f 6065 6088 6059
f 6057 6058 6065
f 6080 6089 6087
f 6087 6074 6080
f 6090 6091 6088
f 6091 6075 6088
f 6080 6091 6089
f 6080 6075 6091
f 6075 6080 6073
f 6092 6088 6065
f 6093 6092 6066
f 6092 6065 6066
f 6094 6093 6067
f 6066 6067 6093
f 6092 6095 6090
f 6063 6064 6067
f 6090 6096 6091
f 6088 6092 6090
f 6095 6097 6090
f 6096 6090 6097
f 6089 6098 6099
f 6092 6093 6095
f 6089 6091 6096
f 6100 6095 6093
f 6087 6099 6083
f 6058 6063 6066
f 5927 6083 6099
f 6076 6087 6083
f 5934 5933 6083
f 6098 6089 6096
f 5910 5909 5927
f 5934 6083 5927
f 5926 5934 5927
f 6098 5927 6099
f 6097 6101 6096
f 6101 6098 6096
f 6102 6101 6103
f 6098 6101 6102
f 6098 6102 5927
f 6101 6097 6104
f 5910 6105 5908
f 5910 5927 6102
f 6106 6105 5910
f 6107 5908 6105
f 6106 5910 6102
f 6095 6108 6097
f 6099 6087 6089
f 6083 5933 6082
f 6109 6067 6064
f 6077 6081 6085
f 6037 6057 6059
f 6072 6078 6015
f 6110 6105 6111
f 5975 6112 6054
f 6054 5967 5975
f 5974 6112 5975
f 5972 5977 5974
f 6052 6069 6049
f 6047 6054 6052
f 6069 6052 6113
f 6054 6112 6114
f 6069 6115 6116
f 6052 6054 6114
f 6116 6062 6053
f 6117 6112 5974
f 5995 6118 6117
f 6117 5974 5995
f 6118 5995 5994
f 5993 5996 5994
f 6119 6113 6114
f 6052 6114 6113
f 6120 6117 6121
f 6114 6120 6119
f 6122 6115 6113
f 6112 6117 6120
f 6112 6120 6114
f 6120 6123 6119
f 6116 6053 6069
f 5977 5993 5995
f 6116 6124 6062
f 6068 6062 6124
f 6125 6109 6068
f 6126 6124 6116
f 6127 6094 6109
f 6067 6109 6094
f 6128 6127 6125
f 6109 6125 6127
f 6094 6129 6100
f 6068 6124 6125
f 6109 6064 6068
f 6130 6125 6124
f 6131 6126 6115
f 6116 6115 6126
f 6122 6119 6132
f 6115 6122 6131
f 6126 6133 6130
f 6113 6119 6122
f 6134 6128 6130
f 6125 6130 6128
f 6133 6131 6135
f 6130 6133 6134
f 6128 6136 6137
f 6126 6131 6133
f 6130 6124 6126
f 6131 6122 6138
f 6127 6137 6129
f 6069 6113 6115
f 6068 6061 6062
f 6134 6133 6139
f 6001 6140 5994
f 6118 5994 6140
f 6141 6121 6118
f 6142 6140 6001
f 6143 6123 6121
f 6120 6121 6123
f 6144 6143 6141
f 6121 6141 6143
f 6145 6146 6143
f 6118 6140 6141
f 6121 6117 6118
f 6147 6141 6140
f 6148 6142 6002
f 6001 6002 6142
f 5933 6086 6082
f 6142 6148 6149
f 6149 6147 6142
f 6003 6148 6002
f 6150 6144 6147
f 6141 6147 6144
f 6144 6150 6151
f 6145 6144 6151
f 6149 6150 6147
f 6147 6140 6142
f 6146 6132 6123
f 6000 5998 6002
f 6132 6152 6138
f 6122 6132 6138
f 6152 6132 6146
f 6123 6143 6146
f 6153 6139 6135
f 6133 6135 6139
f 6154 6138 6152
f 6135 6154 6153
f 6139 6155 6156
f 6138 6154 6135
f 6135 6131 6138
f 6157 6153 6154
f 6145 6158 6146
f 6152 6146 6158
f 6159 6158 6160
f 6145 6160 6158
f 6152 6161 6162
f 6151 6160 6145
f 6158 6159 6161
f 6163 6162 6161
f 6161 6159 6164
f 6164 6165 6161
f 6161 6152 6158
f 6162 6154 6152
f 6157 6154 6162
f 6143 6144 6145
f 6132 6119 6123
f 6134 6156 6136
f 5996 6000 6001
f 6137 6127 6128
f 6166 6108 6100
f 6167 6166 6129
f 6136 6128 6134
f 6168 6104 6108
f 6097 6108 6104
f 6137 6167 6129
f 6108 6166 6168
f 6104 6169 6103
f 6100 6129 6166
f 6108 6095 6100
f 6168 6166 6170
f 6171 6172 6136
f 6167 6137 6172
f 6172 6137 6136
f 6155 6139 6153
f 6172 6173 6167
f 6170 6167 6173
f 6171 6174 6172
f 6173 6172 6174
f 6170 6175 6176
f 6136 6156 6171
f 6170 6166 6167
f 6155 6171 6156
f 6168 6176 6169
f 6156 6134 6139
f 6103 6177 6106
f 6102 6103 6106
f 6169 6177 6103
f 6176 6168 6170
f 6177 6178 6106
f 6178 6105 6106
f 6177 6006 6178
f 6111 6178 6006
f 6004 6177 6169
f 6178 6111 6105
f 6006 6177 6004
f 6176 5806 6004
f 6169 6176 6004
f 6179 6173 6174
f 6179 6175 6173
f 6176 6175 5806
f 6173 6175 6170
f 5806 5805 6004
f 6005 6004 5805
f 5804 5806 6175
f 6169 6104 6168
f 6103 6101 6104
f 6180 6174 6171
f 5768 6181 6157
f 6181 6155 6153
f 6181 6153 6157
f 6162 6163 6157
f 6182 6181 5768
f 6155 6181 5766
f 5765 6183 5766
f 6182 5766 6181
f 6183 6180 5766
f 6157 6163 5768
f 6155 5766 6171
f 5769 5768 6163
f 5768 5767 6184
f 6163 6165 5769
f 6165 6185 5769
f 6164 6185 6165
f 6182 5765 5764
f 5768 6184 6182
f 5766 6182 5764
f 6161 6165 6163
f 6180 6186 6174
f 6171 5766 6180
f 6187 6179 6186
f 6186 6180 6188
f 6179 6187 6189
f 6175 6179 6189
f 5804 6175 6189
f 6183 6188 6180
f 6179 6174 6186
f 6129 6094 6127
f 6100 6093 6094
f 6085 6081 6084
f 5966 5972 5975
f 6107 6105 6110
f 5825 5824 5828
f 5824 5825 5823
f 5823 5821 5822
f 6190 5771 5821
f 5771 6190 5772
f 5772 5774 5770
f 5776 5778 5777
f 5778 6191 5779
f 6191 5786 5779
f 5787 5801 5785
f 5790 5796 5795
f 5793 5792 5802
f 5894 5798 5799
f 5899 5898 5897
f 5898 5899 5901
f 5929 5932 5930
f 5946 5944 5947
f 6192 6193 6194
f 6195 6193 5017
f 6196 6197 6198
f 6197 6199 6200
f 6192 6201 6199
f 6202 6203 6196
f 5017 5016 6195
f 6192 6194 6201
f 6194 6193 6195
f 6199 6204 6200
f 6196 6198 6202
f 6198 6197 6200
f 6204 6199 6201
f 6202 6205 6203
f 6206 6205 6207
f 6203 6205 6206
f 6206 6208 6209
f 6210 6209 6211
f 6212 6213 6214
f 6213 6210 6215
f 5003 6212 6216
f 6206 6207 6208
f 6210 6211 6215
f 6211 6209 6208
f 6213 6217 6214
f 5003 6216 5004
f 6216 6212 6214
f 6217 6213 6215
f 6218 5050 5049
f 5050 6218 6219
f 6220 6221 6222
f 6223 6222 6224
f 6219 6225 6224
f 6226 6221 6227
f 6219 6218 6225
f 6224 6228 6223
f 6228 6224 6225
f 6221 6220 6227
f 6226 6229 6230
f 6229 6226 6227
f 6220 6222 6223
f 6230 6231 6226
f 6231 6232 6233
f 6233 6234 6235
f 6235 6236 6237
f 6238 5044 6239
f 6240 6237 6241
f 6239 6240 6242
f 6233 6232 6234
f 6237 6236 6243
f 6236 6235 6234
f 6240 6241 6242
f 5044 6238 5045
f 6238 6239 6242
f 6241 6237 6243
f 6230 6232 6231
f 6244 6245 6246
f 6247 6248 6244
f 6249 6250 6245
f 6246 6245 6250
f 6250 6249 6251
f 6247 6252 6248
f 6253 6254 6255
f 6256 6253 6255
f 6245 6244 6248
f 6248 6252 6253
f 6252 6254 6253
f 6257 6258 6259
f 6258 6257 6260
f 6259 6261 6262
f 6263 6262 6261
f 6251 6249 6260
f 6264 6265 6263
f 6264 6263 6261
f 6264 6266 6265
f 6267 6266 6268
f 6268 6266 6264
f 6261 6259 6258
f 6249 6258 6260
f 6269 6256 6255
f 6270 6256 6271
f 6271 6256 6269
f 6270 6271 6272
f 6273 6274 6270
f 6275 6276 6274
f 6273 6270 6272
f 6277 6275 6274
f 6275 6278 6276
f 6276 6279 6280
f 6276 6278 6279
f 6280 6279 6281
f 6277 6274 6273
f 6282 6283 6284
f 6285 6283 6282
f 6283 6286 6268
f 6286 6283 6285
f 6268 6286 6267
f 6284 6287 6288
f 6289 6287 6290
f 6287 6289 6288
f 6291 6282 6284
f 6284 6288 6291
f 6287 6280 6290
f 6280 6281 6290
f 6292 6293 6294
f 6295 6296 6292
f 6297 6298 6293
f 6294 6293 6298
f 6298 6297 6299
f 6295 6300 6296
f 6301 6302 6303
f 6304 6303 6305
f 6301 6303 6304
f 6293 6292 6296
f 6296 6300 6301
f 6300 6302 6301
f 6306 6307 6308
f 6308 6307 6309
f 6309 6310 6311
f 6312 6311 6310
f 6306 6299 6297
f 6313 6314 6312
f 6313 6312 6310
f 6313 6315 6314
f 6315 6313 6316
f 6315 6316 6317
f 6310 6309 6307
f 6297 6307 6306
f 6304 6318 6319
f 6319 6318 6320
f 6321 6322 6319
f 6323 6324 6322
f 6321 6319 6320
f 6325 6323 6322
f 6323 6326 6324
f 6324 6327 6328
f 6324 6326 6327
f 6328 6327 6329
f 6325 6322 6321
f 6330 6331 6332
f 6333 6331 6330
f 6334 6317 6316
f 6334 6331 6333
f 6332 6335 6336
f 6316 6331 6334
f 6337 6338 6335
f 6338 6336 6335
f 6339 6330 6332
f 6332 6336 6339
f 6335 6328 6337
f 6328 6329 6337
f 6305 6318 6304
f 6340 6341 6342
f 6343 6344 6345
f 6346 6347 6348
f 6349 6350 6351
f 6352 6350 6353
f 6354 6353 6347
f 6355 6341 6349
f 6356 6343 6357
f 6358 6356 6359
f 6360 6356 6361
f 6358 6359 6362
f 6363 6364 6360
f 6343 6365 6357
f 6356 6357 6361
f 6361 6363 6360
f 6364 6340 6342
f 6343 6345 6365
f 6366 6362 6367
f 6368 6369 6370
f 6368 6371 6348
f 6371 6346 6348
f 6370 6371 6368
f 6346 6372 6347
f 6347 6372 6354
f 6353 6354 6352
f 6373 6350 6352
f 6350 6373 6351
f 6351 6355 6349
f 6364 6342 6360
f 6374 6367 6362
f 6375 6376 6377
f 6376 6367 6374
f 6378 6375 6377
f 6341 6355 6342
f 6359 6356 6360
f 6362 6359 6374
f 6374 6377 6376
f 6377 6379 6378
f 6380 6381 6382
f 6382 6381 6383
f 6384 6383 6385
f 6386 6383 6387
f 6386 6385 6383
f 6388 6380 6389
f 6385 6390 6384
f 6391 6386 6387
f 6390 6392 6384
f 6384 6392 6393
f 6394 6395 6396
f 6391 6396 6395
f 6397 6398 6399
f 6400 6401 6402
f 6403 6402 6404
f 6405 6404 6398
f 6406 6399 6407
f 6407 6394 6408
f 6379 6409 6410
f 6411 6388 6412
f 6413 6412 6414
f 6413 6414 6409
f 6413 6409 6379
f 6413 6411 6412
f 6380 6388 6411
f 6380 6411 6381
f 6383 6381 6387
f 6378 6379 6410
f 6399 6406 6397
f 6405 6398 6397
f 6415 6404 6405
f 6416 6406 6407
f 6391 6387 6396
f 6408 6394 6417
f 6396 6417 6394
f 6407 6408 6416
f 6415 6403 6404
f 6403 6400 6402
f 6418 6419 6420
f 6421 6422 6423
f 6423 6419 6421
f 6424 6425 6426
f 6427 6426 6425
f 6428 6429 6430
f 6426 6428 6431
f 6426 6427 6428
f 6430 6432 6428
f 6433 6429 6428
f 6434 6435 6436
f 6422 6437 6438
f 6439 6424 6420
f 6440 6441 6442
f 6443 6440 6442
f 6441 6444 6445
f 6437 6422 6421
f 6426 6420 6424
f 6421 6418 6437
f 6421 6419 6418
f 6420 6446 6447
f 6437 6418 6448
f 6446 6431 6449
f 6431 6446 6426
f 6447 6449 6450
f 6449 6447 6446
f 6431 6432 6451
f 6447 6418 6420
f 6420 6426 6446
f 6418 6447 6452
f 6444 6448 6453
f 6448 6444 6437
f 6445 6453 6454
f 6453 6445 6444
f 6452 6455 6448
f 6445 6442 6441
f 6452 6450 6456
f 6450 6452 6447
f 6455 6456 6457
f 6456 6455 6452
f 6450 6458 6459
f 6455 6453 6448
f 6448 6418 6452
f 6453 6455 6460
f 6449 6451 6458
f 6444 6441 6461
f 6439 6420 6419
f 6442 6445 6462
f 6430 6429 6435
f 6463 6464 6465
f 6466 6434 6467
f 6468 6469 6470
f 6468 6470 6471
f 6465 6470 6469
f 6472 6468 6471
f 6471 6473 6472
f 6463 6465 6467
f 6468 6472 6474
f 6435 6475 6430
f 6435 6466 6475
f 6466 6465 6476
f 6430 6475 6477
f 6465 6469 6478
f 6465 6464 6470
f 6476 6478 6479
f 6478 6476 6465
f 6469 6474 6480
f 6476 6475 6466
f 6466 6467 6465
f 6475 6476 6481
f 6468 6474 6469
f 6466 6435 6434
f 6482 6483 6472
f 6482 6472 6473
f 6482 6473 6484
f 6474 6472 6483
f 6484 6485 6486
f 6485 6484 6473
f 6487 6484 6486
f 6488 6486 6485
f 6485 6489 6488
f 6490 6482 6484
f 6491 6486 6488
f 6490 6492 6483
f 6490 6483 6482
f 6480 6493 6494
f 6480 6474 6493
f 6492 6493 6483
f 6493 6474 6483
f 6491 6495 6487
f 6491 6487 6486
f 6492 6496 6497
f 6492 6490 6496
f 6495 6496 6487
f 6496 6490 6487
f 6490 6484 6487
f 6493 6492 6498
f 6489 6499 6488
f 6480 6478 6469
f 6478 6480 6500
f 6477 6501 6432
f 6432 6430 6477
f 6432 6501 6451
f 6451 6449 6431
f 6477 6502 6501
f 6481 6476 6479
f 6479 6500 6503
f 6481 6479 6504
f 6478 6500 6479
f 6502 6477 6481
f 6475 6481 6477
f 6451 6501 6505
f 6458 6505 6506
f 6458 6451 6505
f 6459 6506 6507
f 6506 6459 6458
f 6508 6509 6505
f 6459 6456 6450
f 6502 6504 6510
f 6504 6502 6481
f 6505 6509 6506
f 6510 6508 6502
f 6504 6503 6511
f 6508 6505 6501
f 6502 6508 6501
f 6510 6512 6508
f 6479 6503 6504
f 6458 6450 6449
f 6500 6513 6503
f 6513 6500 6494
f 6494 6498 6514
f 6503 6513 6515
f 6492 6497 6498
f 6498 6494 6493
f 6516 6498 6497
f 6497 6496 6517
f 6518 6519 6495
f 6494 6514 6513
f 6500 6480 6494
f 6520 6497 6517
f 6503 6515 6511
f 6513 6514 6521
f 6522 6511 6515
f 6515 6513 6521
f 6516 6523 6514
f 6524 6510 6511
f 6516 6520 6525
f 6520 6516 6497
f 6526 6521 6523
f 6525 6523 6516
f 6527 6528 6520
f 6523 6521 6514
f 6514 6498 6516
f 6529 6515 6521
f 6519 6527 6517
f 6511 6510 6504
f 6495 6517 6496
f 6530 6523 6525
f 6499 6518 6491
f 6432 6431 6428
f 6531 6532 6533
f 6456 6459 6534
f 6425 6433 6427
f 6535 6536 6537
f 6538 6535 6462
f 6536 6539 6537
f 6537 6540 6443
f 6537 6539 6540
f 6462 6535 6442
f 6541 6540 6539
f 6541 6542 6543
f 6541 6539 6542
f 6536 6538 6544
f 6538 6536 6535
f 6545 6544 6546
f 6544 6545 6536
f 6547 6548 6538
f 6545 6542 6539
f 6536 6545 6539
f 6542 6545 6549
f 6454 6547 6462
f 6435 6429 6436
f 6454 6460 6550
f 6454 6453 6460
f 6460 6455 6457
f 6460 6457 6551
f 6459 6507 6534
f 6534 6457 6456
f 6507 6552 6553
f 6507 6506 6552
f 6512 6554 6509
f 6534 6507 6555
f 6462 6445 6454
f 6457 6534 6556
f 6547 6550 6557
f 6550 6547 6454
f 6548 6557 6558
f 6557 6548 6547
f 6551 6559 6550
f 6548 6544 6538
f 6550 6559 6557
f 6556 6551 6457
f 6560 6556 6555
f 6553 6555 6507
f 6556 6534 6555
f 6561 6551 6556
f 6550 6460 6551
f 6555 6553 6562
f 6554 6563 6552
f 6547 6538 6462
f 6506 6509 6552
f 6544 6548 6564
f 6463 6470 6464
f 6542 6565 6566
f 6549 6546 6567
f 6568 6543 6569
f 6545 6546 6549
f 6549 6567 6570
f 6544 6564 6546
f 6566 6565 6570
f 6571 6564 6572
f 6567 6546 6571
f 6546 6564 6571
f 6542 6549 6565
f 6557 6573 6558
f 6558 6564 6548
f 6559 6561 6574
f 6558 6573 6572
f 6561 6560 6575
f 6560 6561 6556
f 6574 6575 6576
f 6575 6574 6561
f 6562 6577 6560
f 6574 6573 6559
f 6559 6551 6561
f 6573 6574 6578
f 6573 6579 6572
f 6580 6581 6579
f 6582 6580 6578
f 6580 6579 6573
f 6574 6583 6578
f 6578 6580 6573
f 6584 6582 6583
f 6585 6584 6583
f 6575 6577 6586
f 6583 6582 6578
f 6583 6574 6576
f 6586 6585 6576
f 6558 6572 6564
f 6559 6573 6557
f 6562 6560 6555
f 6553 6552 6563
f 6512 6524 6587
f 6554 6587 6588
f 6589 6553 6563
f 6524 6522 6590
f 6522 6524 6511
f 6554 6588 6563
f 6590 6587 6524
f 6529 6591 6522
f 6587 6554 6512
f 6512 6510 6524
f 6587 6590 6592
f 6589 6593 6562
f 6553 6589 6562
f 6562 6593 6577
f 6577 6575 6560
f 6594 6589 6595
f 6596 6588 6592
f 6593 6594 6597
f 6593 6589 6594
f 6595 6596 6598
f 6589 6563 6595
f 6588 6595 6563
f 6577 6593 6599
f 6588 6587 6592
f 6552 6509 6554
f 6591 6600 6590
f 6590 6522 6591
f 6529 6526 6601
f 6592 6590 6600
f 6526 6530 6602
f 6530 6526 6523
f 6603 6591 6601
f 6602 6601 6526
f 6604 6605 6530
f 6601 6591 6529
f 6529 6521 6526
f 6606 6601 6602
f 6592 6607 6596
f 6607 6592 6600
f 6598 6596 6608
f 6608 6596 6607
f 6603 6609 6600
f 6598 6594 6595
f 6603 6606 6610
f 6606 6603 6601
f 6611 6607 6609
f 6610 6609 6603
f 6612 6613 6606
f 6609 6607 6600
f 6600 6591 6603
f 6614 6609 6610
f 6605 6612 6602
f 6596 6595 6588
f 6522 6515 6529
f 6594 6598 6615
f 6586 6599 6616
f 6586 6577 6599
f 6599 6597 6617
f 6586 6616 6585
f 6597 6615 6618
f 6597 6594 6615
f 6617 6618 6619
f 6618 6617 6597
f 6618 6620 6621
f 6617 6616 6599
f 6593 6597 6599
f 6616 6617 6622
f 6585 6623 6624
f 6623 6585 6616
f 6625 6624 6623
f 6623 6622 6625
f 6585 6624 6584
f 6622 6619 6626
f 6619 6622 6617
f 6627 6626 6619
f 6627 6619 6628
f 6622 6626 6625
f 6623 6616 6622
f 6615 6629 6620
f 6585 6583 6576
f 6629 6615 6598
f 6608 6611 6630
f 6629 6630 6631
f 6620 6618 6615
f 6611 6614 6632
f 6614 6611 6609
f 6629 6631 6620
f 6632 6630 6611
f 6633 6634 6614
f 6630 6629 6608
f 6608 6607 6611
f 6635 6630 6632
f 6636 6621 6637
f 6637 6620 6631
f 6636 6628 6621
f 6620 6637 6621
f 6621 6628 6619
f 6631 6638 6637
f 6638 6631 6635
f 6639 6637 6638
f 6637 6639 6640
f 6641 6642 6635
f 6637 6640 6636
f 6631 6630 6635
f 6634 6641 6632
f 6621 6619 6618
f 6598 6608 6629
f 6613 6633 6610
f 6586 6576 6575
f 6509 6508 6512
f 6528 6604 6525
f 6428 6427 6433
f 6643 6644 6489
f 6643 6489 6645
f 6489 6644 6499
f 6495 6491 6518
f 6645 6646 6647
f 6644 6643 6648
f 6643 6647 6648
f 6647 6649 6650
f 6647 6643 6645
f 6489 6485 6645
f 6499 6644 6651
f 6651 6652 6518
f 6518 6499 6651
f 6518 6652 6519
f 6520 6517 6527
f 6653 6651 6654
f 6655 6648 6650
f 6652 6653 6656
f 6652 6651 6653
f 6654 6655 6657
f 6651 6644 6654
f 6648 6654 6644
f 6519 6652 6658
f 6646 6649 6647
f 6517 6495 6519
f 6659 6660 6649
f 6649 6646 6659
f 6649 6660 6650
f 6650 6648 6647
f 6661 6659 6662
f 6662 6663 6664
f 6665 6662 6664
f 6661 6660 6659
f 6663 6666 6664
f 6662 6659 6663
f 6646 6663 6659
f 6650 6660 6667
f 6655 6667 6668
f 6655 6650 6667
f 6657 6668 6669
f 6668 6657 6655
f 6670 6671 6667
f 6657 6653 6654
f 6661 6665 6672
f 6665 6661 6662
f 6667 6671 6668
f 6672 6670 6661
f 6673 6674 6665
f 6670 6667 6660
f 6661 6670 6660
f 6675 6670 6672
f 6676 6673 6664
f 6655 6654 6648
f 6653 6657 6677
f 6658 6678 6527
f 6527 6519 6658
f 6527 6678 6528
f 6530 6525 6604
f 6677 6679 6656
f 6656 6653 6677
f 6678 6680 6681
f 6678 6658 6680
f 6679 6680 6656
f 6680 6658 6656
f 6652 6656 6658
f 6528 6678 6682
f 6682 6683 6604
f 6604 6528 6682
f 6604 6683 6605
f 6606 6602 6612
f 6681 6684 6685
f 6681 6682 6678
f 6683 6686 6687
f 6683 6682 6686
f 6680 6684 6681
f 6686 6682 6681
f 6684 6680 6679
f 6605 6683 6688
f 6669 6689 6677
f 6602 6530 6605
f 6669 6690 6691
f 6669 6677 6657
f 6669 6668 6690
f 6692 6679 6689
f 6671 6693 6690
f 6693 6671 6675
f 6690 6694 6691
f 6694 6690 6693
f 6695 6696 6675
f 6691 6689 6669
f 6671 6670 6675
f 6689 6691 6697
f 6684 6692 6698
f 6679 6692 6684
f 6685 6698 6699
f 6698 6685 6684
f 6697 6700 6692
f 6685 6686 6681
f 6691 6701 6697
f 6697 6692 6689
f 6697 6702 6700
f 6702 6697 6701
f 6703 6704 6694
f 6700 6698 6692
f 6701 6691 6694
f 6698 6700 6705
f 6696 6703 6693
f 6679 6677 6689
f 6671 6690 6668
f 6686 6685 6706
f 6674 6695 6672
f 6525 6520 6528
f 6673 6665 6664
f 6676 6707 6673
f 6674 6672 6665
f 6708 6709 6673
f 6710 6711 6709
f 6710 6709 6708
f 6673 6707 6708
f 6673 6709 6712
f 6712 6713 6674
f 6674 6673 6712
f 6674 6713 6695
f 6675 6672 6695
f 6714 6712 6715
f 6713 6714 6716
f 6713 6712 6714
f 6717 6718 6715
f 6712 6709 6715
f 6711 6715 6709
f 6695 6713 6719
f 6693 6675 6696
f 6717 6715 6720
f 6717 6721 6722
f 6723 6721 6717
f 6717 6720 6723
f 6718 6717 6724
f 6724 6717 6722
f 6714 6715 6718
f 6724 6722 6725
f 6721 6725 6722
f 6533 6725 6531
f 6714 6718 6726
f 6719 6727 6696
f 6696 6695 6719
f 6696 6727 6703
f 6701 6694 6704
f 6726 6728 6716
f 6716 6714 6726
f 6727 6729 6730
f 6727 6719 6729
f 6728 6729 6716
f 6729 6719 6716
f 6713 6716 6719
f 6703 6727 6731
f 6731 6732 6704
f 6704 6703 6731
f 6702 6733 6734
f 6702 6701 6733
f 6732 6733 6704
f 6701 6704 6733
f 6730 6735 6736
f 6737 6731 6730
f 6732 6737 6738
f 6732 6731 6737
f 6729 6735 6730
f 6731 6727 6730
f 6735 6729 6728
f 6733 6732 6739
f 6740 6741 6726
f 6693 6703 6694
f 6728 6726 6741
f 6740 6724 6533
f 6741 6740 6742
f 6743 6728 6741
f 6744 6742 6532
f 6742 6744 6745
f 6532 6742 6740
f 6532 6740 6533
f 6724 6725 6533
f 6741 6742 6743
f 6735 6743 6746
f 6728 6743 6735
f 6736 6746 6747
f 6746 6736 6735
f 6743 6748 6746
f 6736 6737 6730
f 6743 6742 6749
f 6750 6745 6751
f 6749 6752 6748
f 6750 6749 6742
f 6745 6750 6742
f 6746 6748 6752
f 6726 6718 6740
f 6718 6724 6740
f 6737 6736 6753
f 6710 6720 6711
f 6676 6664 6666
f 6700 6702 6754
f 6688 6755 6612
f 6612 6605 6688
f 6612 6755 6613
f 6614 6610 6633
f 6706 6756 6687
f 6687 6686 6706
f 6755 6757 6758
f 6755 6688 6757
f 6756 6757 6687
f 6757 6688 6687
f 6683 6687 6688
f 6613 6755 6759
f 6759 6760 6633
f 6633 6613 6759
f 6633 6760 6634
f 6635 6632 6641
f 6758 6761 6762
f 6758 6759 6755
f 6760 6763 6764
f 6760 6759 6763
f 6757 6761 6758
f 6763 6759 6758
f 6761 6757 6756
f 6634 6760 6765
f 6699 6766 6706
f 6632 6614 6634
f 6705 6767 6699
f 6699 6698 6705
f 6699 6767 6766
f 6768 6756 6766
f 6734 6769 6754
f 6754 6702 6734
f 6767 6770 6771
f 6767 6705 6770
f 6769 6772 6770
f 6770 6705 6754
f 6700 6754 6705
f 6766 6767 6773
f 6761 6768 6774
f 6761 6756 6768
f 6762 6774 6775
f 6774 6762 6761
f 6773 6776 6768
f 6762 6763 6758
f 6773 6771 6777
f 6771 6773 6767
f 6776 6777 6778
f 6777 6776 6773
f 6771 6772 6779
f 6776 6774 6768
f 6768 6766 6773
f 6774 6776 6780
f 6779 6781 6777
f 6756 6706 6766
f 6685 6699 6706
f 6763 6762 6782
f 6765 6783 6641
f 6765 6641 6634
f 6641 6783 6642
f 6638 6642 6784
f 6782 6785 6764
f 6782 6764 6763
f 6783 6786 6787
f 6783 6765 6786
f 6786 6785 6788
f 6786 6765 6764
f 6765 6760 6764
f 6642 6783 6789
f 6790 6639 6638
f 6638 6784 6790
f 6639 6790 6640
f 6788 6787 6786
f 6783 6787 6789
f 6764 6785 6786
f 6635 6642 6638
f 6782 6791 6785
f 6791 6782 6775
f 6775 6780 6792
f 6785 6791 6793
f 6780 6778 6794
f 6778 6780 6776
f 6792 6794 6795
f 6794 6792 6780
f 6794 6796 6797
f 6792 6791 6775
f 6775 6774 6780
f 6791 6792 6798
f 6798 6793 6791
f 6797 6795 6794
f 6798 6792 6795
f 6796 6778 6781
f 6793 6788 6785
f 6782 6762 6775
f 6754 6769 6770
f 6606 6613 6610
f 6734 6799 6769
f 6799 6734 6739
f 6739 6738 6800
f 6769 6799 6801
f 6738 6753 6802
f 6738 6737 6753
f 6800 6802 6803
f 6802 6800 6738
f 6747 6804 6753
f 6800 6799 6739
f 6732 6738 6739
f 6799 6800 6805
f 6801 6806 6772
f 6801 6772 6769
f 6772 6806 6779
f 6779 6777 6771
f 6803 6807 6805
f 6803 6805 6800
f 6806 6808 6809
f 6806 6801 6808
f 6807 6808 6805
f 6808 6801 6805
f 6801 6799 6805
f 6779 6806 6810
f 6804 6811 6802
f 6772 6771 6770
f 6812 6813 6747
f 6812 6747 6752
f 6747 6813 6804
f 6803 6802 6811
f 6813 6814 6815
f 6752 6814 6812
f 6813 6815 6816
f 6812 6814 6813
f 6817 6816 6815
f 6753 6736 6747
f 6804 6813 6818
f 6818 6819 6811
f 6818 6811 6804
f 6807 6820 6821
f 6807 6803 6820
f 6819 6820 6811
f 6803 6811 6820
f 6822 6816 6823
f 6824 6816 6817
f 6819 6822 6825
f 6819 6818 6822
f 6816 6824 6823
f 6822 6818 6816
f 6818 6813 6816
f 6820 6819 6826
f 6802 6753 6804
f 6734 6733 6739
f 6808 6807 6827
f 6810 6828 6781
f 6781 6779 6810
f 6781 6828 6796
f 6796 6794 6778
f 6827 6829 6809
f 6809 6808 6827
f 6828 6830 6831
f 6828 6810 6830
f 6829 6830 6809
f 6830 6810 6809
f 6806 6809 6810
f 6796 6828 6832
f 6832 6833 6834
f 6832 6828 6833
f 6833 6831 6834
f 6835 6831 6830
f 6829 6836 6835
f 6833 6828 6831
f 6821 6837 6827
f 6832 6797 6796
f 6826 6838 6821
f 6821 6820 6826
f 6839 6829 6837
f 6825 6840 6841
f 6825 6826 6819
f 6841 6826 6825
f 6827 6807 6821
f 6838 6842 6837
f 6829 6839 6836
f 6837 6842 6839
f 6827 6837 6829
f 6822 6823 6840
f 6781 6778 6777
f 6752 6747 6746
f 6715 6711 6720
f 6491 6488 6499
f 6751 6745 6744
f 6676 6666 6707
f 6749 6748 6743
f 6815 6814 6817
f 6822 6840 6825
f 6826 6841 6843
f 6821 6838 6837
f 6843 6838 6826
f 6829 6835 6830
f 6789 6784 6642
f 6580 6582 6581
f 6549 6570 6565
f 6542 6566 6569
f 6569 6543 6542
f 6442 6535 6443
f 6537 6443 6535
f 6461 6438 6444
f 6461 6441 6844
f 6440 6844 6441
f 6444 6438 6437
f 6845 6846 6847
f 6848 6849 6850
f 6851 6845 6847
f 6852 6853 6854
f 6855 6853 6856
f 6857 6858 6859
f 6858 6860 6861
f 6860 6852 6861
f 6859 6849 6857
f 6862 6863 6864
f 6865 6866 6867
f 6864 6865 6867
f 6868 6866 6869
f 6870 6845 6871
f 6851 6871 6845
f 6872 6845 6870
f 6873 6874 6872
f 6873 6872 6870
f 6874 6863 6862
f 6870 6848 6873
f 6875 6868 6876
f 6877 6878 6879
f 6861 6859 6858
f 6861 6852 6854
f 6880 6881 6877
f 6854 6853 6855
f 6878 6882 6883
f 6878 6883 6879
f 6881 6880 6855
f 6856 6881 6855
f 6880 6877 6879
f 6863 6873 6884
f 6848 6850 6873
f 6863 6874 6873
f 6885 6863 6886
f 6868 6869 6876
f 6887 6875 6876
f 6888 6865 6885
f 6863 6885 6864
f 6866 6889 6869
f 6873 6850 6884
f 6863 6884 6886
f 6865 6888 6889
f 6866 6865 6889
f 6888 6885 6886
f 6849 6859 6850
f 6885 6865 6864
f 6887 6890 6875
f 6891 6892 6890
f 6893 6894 6895
f 6892 6896 6895
f 6894 6897 6898
f 6899 6900 6901
f 6902 6900 6899
f 6903 6904 6905
f 6906 6904 6903
f 6905 6901 6907
f 6902 6898 6897
f 6907 6903 6905
f 6903 6907 6908
f 6904 6909 6910
f 6904 6910 6911
f 6909 6904 6906
f 6912 6913 6914
f 6915 6912 6914
f 6916 6917 6918
f 6919 6920 6921
f 6920 6913 6912
f 6908 6922 6915
f 6918 6919 6923
f 6891 6890 6924
f 6891 6896 6892
f 6925 6902 6897
f 6900 6902 6925
f 6925 6897 6926
f 6927 6897 6894
f 6900 6925 6928
f 6893 6895 6896
f 6927 6894 6893
f 6925 6926 6928
f 6900 6928 6929
f 6926 6897 6927
f 6929 6907 6900
f 6907 6922 6908
f 6922 6912 6915
f 6929 6922 6907
f 6923 6919 6921
f 6921 6920 6912
f 6930 6931 6932
f 6907 6901 6900
f 6916 6918 6923
f 6933 6917 6916
f 6930 6932 6934
f 6930 6934 6935
f 6932 6931 6933
f 6933 6931 6917
f 6887 6924 6890
f 6936 6937 6938
f 6939 6940 6941
f 6940 6939 6942
f 6943 6944 6945
f 6946 6945 6939
f 6945 6942 6939
f 6945 6947 6943
f 6945 6944 6948
f 6949 6950 6951
f 6952 6953 6954
f 6955 6956 6957
f 6955 6957 6958
f 6959 6960 6956
f 6961 6954 6953
f 6962 6963 6964
f 6953 6965 6961
f 6965 6966 6961
f 6967 6968 6969
f 6970 6965 6953
f 6971 6946 6968
f 6939 6968 6946
f 6972 6971 6967
f 6968 6967 6971
f 6973 6947 6946
f 6969 6965 6967
f 6968 6939 6969
f 6974 6967 6965
f 6975 6970 6960
f 6953 6960 6970
f 6976 6975 6959
f 6960 6959 6975
f 6970 6977 6974
f 6956 6955 6959
f 6978 6972 6974
f 6967 6974 6972
f 6979 6978 6977
f 6974 6977 6978
f 6980 6981 6972
f 6970 6975 6977
f 6974 6965 6970
f 6982 6977 6975
f 6981 6973 6971
f 6983 6956 6960
f 6966 6969 6984
f 6985 6959 6955
f 6950 6944 6943
f 6986 6987 6988
f 6989 6990 6991
f 6992 6951 6993
f 6994 6995 6996
f 6997 6994 6996
f 6995 6994 6989
f 6997 6996 6998
f 6998 6999 6997
f 6992 6989 6991
f 7000 6998 6996
f 6943 7001 6950
f 7001 6993 6950
f 7002 6989 6993
f 7003 7001 6943
f 7004 6995 6989
f 6994 6990 6989
f 7005 7004 7002
f 6989 7002 7004
f 7006 7000 6995
f 6993 7001 7002
f 6989 6992 6993
f 7007 7002 7001
f 6995 7000 6996
f 6951 6950 6993
f 6998 7008 7009
f 6999 6998 7009
f 7010 6999 7009
f 7008 6998 7000
f 7011 7012 7010
f 6999 7010 7012
f 7011 7010 7013
f 7012 7011 7014
f 7014 7015 7012
f 7010 7009 7016
f 7014 7011 7017
f 7008 7018 7016
f 7009 7008 7016
f 7019 7020 7006
f 7020 7000 7006
f 7008 7020 7018
f 7008 7000 7020
f 7013 7021 7017
f 7011 7013 7017
f 7022 7023 7018
f 7023 7016 7018
f 7013 7023 7021
f 7013 7016 7023
f 7013 7010 7016
f 7024 7018 7020
f 7014 7025 7015
f 6995 7004 7006
f 7026 7006 7004
f 6947 7027 7003
f 7003 6943 6947
f 6973 7027 6947
f 6946 6971 6973
f 7027 7028 7003
f 7005 7002 7007
f 7029 7026 7005
f 7030 7005 7007
f 7005 7026 7004
f 7007 7003 7028
f 7003 7007 7001
f 7031 7027 6973
f 7032 7031 6981
f 7031 6973 6981
f 7033 7032 6980
f 6981 6980 7032
f 7031 7034 7035
f 6972 6978 6980
f 7036 7030 7028
f 7007 7028 7030
f 7032 7034 7031
f 7028 7035 7036
f 7037 7029 7030
f 7027 7031 7035
f 7027 7035 7028
f 7035 7038 7036
f 7030 7029 7005
f 6971 6972 6981
f 7029 7039 7026
f 7019 7026 7039
f 7040 7024 7019
f 7041 7039 7029
f 7024 7022 7018
f 7020 7019 7024
f 7022 7024 7042
f 7043 7023 7022
f 7021 7044 7045
f 7039 7040 7019
f 7019 7006 7026
f 7043 7022 7046
f 7037 7041 7029
f 7047 7040 7039
f 7041 7037 7048
f 7047 7039 7041
f 7040 7049 7042
f 7037 7036 7050
f 7051 7046 7042
f 7022 7042 7046
f 7049 7047 7052
f 7042 7049 7051
f 7046 7053 7054
f 7040 7047 7049
f 7042 7024 7040
f 7047 7041 7055
f 7043 7054 7044
f 7030 7036 7037
f 7023 7043 7021
f 7051 7049 7056
f 7017 7045 7025
f 6945 6946 6947
f 6969 6966 6965
f 7057 6980 6978
f 7058 7059 7060
f 6985 7060 7061
f 7058 7062 7059
f 6958 7063 7058
f 7063 7062 7058
f 6955 7060 6985
f 7062 7063 7064
f 7065 7066 7064
f 7066 7062 7064
f 7067 7061 7059
f 7060 7059 7061
f 7068 7067 7069
f 7059 7069 7067
f 7061 7070 7071
f 7062 7066 7069
f 7062 7069 7059
f 7072 7069 7066
f 6985 7071 6976
f 7073 7074 7075
f 7076 6982 6976
f 6982 6975 6976
f 6979 6977 6982
f 7077 6979 6982
f 7057 7033 6980
f 6978 6979 7057
f 7078 7079 7033
f 7079 7032 7033
f 7034 7080 7038
f 7081 7033 7057
f 6976 6959 6985
f 7082 7057 6979
f 7083 7076 7071
f 6976 7071 7076
f 7084 7083 7070
f 7071 7070 7083
f 7076 7085 7077
f 7061 7067 7070
f 7083 7085 7076
f 6979 7077 7082
f 7081 7082 7086
f 7033 7081 7078
f 7081 7057 7082
f 7082 7077 7087
f 7077 6982 7076
f 7088 7078 7081
f 7079 7089 7080
f 6985 7061 7071
f 7079 7034 7032
f 7090 7070 7067
f 7091 7092 7093
f 7094 7095 7066
f 7096 7068 7072
f 7097 7065 7098
f 7072 7068 7069
f 7099 7096 7072
f 7068 7090 7067
f 7099 7095 7094
f 7100 7090 7101
f 7101 7068 7096
f 7101 7090 7068
f 7095 7072 7066
f 6990 6994 6991
f 7084 7102 7083
f 7070 7090 7084
f 7103 7087 7085
f 7100 7102 7084
f 7104 7086 7087
f 7082 7087 7086
f 7105 7104 7103
f 7087 7103 7104
f 7086 7106 7088
f 7085 7102 7103
f 7087 7077 7085
f 7107 7103 7102
f 7100 7108 7102
f 7108 7109 7110
f 7107 7110 7111
f 7102 7108 7110
f 7107 7112 7103
f 7102 7110 7107
f 7112 7111 7113
f 7112 7113 7114
f 7115 7106 7104
f 7107 7111 7112
f 7105 7103 7112
f 7105 7114 7115
f 7090 7100 7084
f 7083 7102 7085
f 7081 7086 7088
f 7074 7073 7116
f 7089 7079 7078
f 7117 7050 7038
f 7118 7117 7080
f 7089 7078 7119
f 7120 7048 7050
f 7037 7050 7048
f 7089 7118 7080
f 7050 7117 7120
f 7048 7121 7055
f 7038 7080 7117
f 7050 7036 7038
f 7122 7120 7117
f 7088 7123 7119
f 7088 7119 7078
f 7106 7123 7088
f 7086 7104 7106
f 7124 7119 7125
f 7122 7118 7126
f 7127 7125 7123
f 7125 7119 7123
f 7128 7126 7124
f 7124 7089 7119
f 7089 7124 7118
f 7129 7123 7106
f 7122 7117 7118
f 7080 7034 7079
f 7120 7130 7121
f 7121 7048 7120
f 7131 7052 7055
f 7130 7120 7122
f 7132 7056 7052
f 7049 7052 7056
f 7131 7121 7133
f 7052 7131 7132
f 7056 7134 7135
f 7055 7121 7131
f 7052 7047 7055
f 7132 7131 7136
f 7126 7137 7122
f 7130 7122 7137
f 7138 7126 7128
f 7137 7126 7138
f 7130 7139 7133
f 7124 7125 7128
f 7140 7136 7133
f 7131 7133 7136
f 7139 7137 7141
f 7133 7139 7140
f 7136 7142 7143
f 7130 7137 7139
f 7133 7121 7130
f 7140 7139 7144
f 7132 7143 7134
f 7118 7124 7126
f 7055 7041 7048
f 7145 7128 7125
f 7146 7129 7115
f 7129 7106 7115
f 7147 7127 7129
f 7114 7146 7115
f 7148 7145 7127
f 7145 7125 7127
f 7149 7148 7147
f 7127 7147 7148
f 7150 7151 7148
f 7129 7146 7147
f 7129 7127 7123
f 7152 7147 7146
f 7153 7154 7114
f 7146 7114 7154
f 7154 7153 7155
f 7155 7152 7154
f 7113 7153 7114
f 7156 7149 7152
f 7147 7152 7149
f 7149 7156 7157
f 7158 7149 7157
f 7155 7156 7152
f 7152 7146 7154
f 7151 7159 7145
f 7105 7112 7114
f 7128 7145 7159
f 7160 7141 7138
f 7161 7160 7159
f 7145 7148 7151
f 7162 7144 7141
f 7139 7141 7144
f 7151 7161 7159
f 7141 7160 7162
f 7144 7163 7164
f 7138 7159 7160
f 7141 7137 7138
f 7162 7160 7165
f 7166 7150 7167
f 7161 7151 7166
f 7150 7158 7167
f 7150 7166 7151
f 7149 7158 7150
f 7166 7168 7161
f 7165 7161 7168
f 7168 7166 7169
f 7170 7169 7166
f 7165 7171 7172
f 7167 7170 7166
f 7165 7160 7161
f 7162 7172 7163
f 7148 7149 7150
f 7159 7138 7128
f 7140 7164 7142
f 7104 7105 7115
f 7038 7035 7034
f 7051 7135 7053
f 7173 7174 7175
f 7015 7176 7177
f 7178 7015 7177
f 7025 7176 7015
f 7045 7017 7021
f 7179 7180 7178
f 6941 6969 6939
f 7181 7177 7176
f 7181 7179 7177
f 7182 7183 7179
f 7178 7177 7179
f 7178 7012 7015
f 7184 7176 7025
f 7045 7185 7184
f 7184 7025 7045
f 7044 7185 7045
f 7054 7043 7046
f 7186 7184 7187
f 7182 7181 7188
f 7189 7187 7185
f 7187 7184 7185
f 7190 7188 7186
f 7186 7176 7184
f 7176 7186 7181
f 7191 7185 7044
f 7179 7183 7180
f 7044 7021 7043
f 7183 7192 7193
f 7193 7180 7183
f 7182 7192 7183
f 7179 7181 7182
f 7194 7193 7195
f 7196 7197 7194
f 7196 7194 7198
f 7193 7192 7195
f 7196 7092 7197
f 7197 7193 7194
f 7193 7197 7180
f 7199 7192 7182
f 7200 7199 7188
f 7199 7182 7188
f 7201 7200 7190
f 7188 7190 7200
f 7199 7202 7203
f 7186 7187 7190
f 7204 7198 7195
f 7194 7195 7198
f 7200 7202 7199
f 7195 7203 7204
f 7198 7205 7206
f 7192 7199 7203
f 7192 7203 7195
f 7204 7203 7207
f 7196 7206 7093
f 7181 7186 7188
f 7208 7190 7187
f 7054 7209 7191
f 7191 7044 7054
f 7053 7209 7054
f 7135 7051 7056
f 7189 7210 7208
f 7208 7187 7189
f 7211 7212 7209
f 7212 7191 7209
f 7189 7212 7210
f 7189 7191 7212
f 7191 7189 7185
f 7213 7209 7053
f 7135 7214 7213
f 7213 7053 7135
f 7134 7214 7135
f 7143 7132 7136
f 7215 7216 7211
f 7209 7213 7211
f 7217 7218 7214
f 7218 7213 7214
f 7211 7216 7212
f 7211 7213 7218
f 7210 7212 7216
f 7219 7214 7134
f 7208 7220 7201
f 7134 7056 7132
f 7221 7222 7201
f 7190 7208 7201
f 7222 7200 7201
f 7220 7210 7223
f 7222 7224 7202
f 7207 7202 7224
f 7221 7225 7222
f 7224 7222 7225
f 7207 7226 7227
f 7201 7220 7221
f 7207 7203 7202
f 7228 7221 7220
f 7229 7223 7216
f 7216 7223 7210
f 7230 7229 7215
f 7216 7215 7229
f 7223 7231 7228
f 7211 7218 7215
f 7228 7232 7221
f 7220 7223 7228
f 7231 7233 7228
f 7232 7228 7233
f 7225 7234 7235
f 7223 7229 7231
f 7225 7221 7232
f 7236 7231 7229
f 7224 7235 7226
f 7220 7208 7210
f 7200 7222 7202
f 7237 7215 7218
f 7204 7227 7205
f 7053 7046 7051
f 7196 7198 7206
f 7206 7091 7093
f 7198 7204 7205
f 7206 7238 7239
f 7238 7074 7116
f 7239 7238 7116
f 7239 7091 7206
f 7240 7238 7206
f 7205 7241 7240
f 7240 7206 7205
f 7227 7241 7205
f 7227 7204 7207
f 7075 7240 7242
f 7243 7242 7241
f 7242 7240 7241
f 7075 7244 7175
f 7075 7238 7240
f 7238 7075 7074
f 7245 7241 7227
f 7226 7207 7224
f 7073 7075 7175
f 6948 6942 6945
f 7175 7174 7246
f 7246 7073 7175
f 7247 7175 7244
f 7173 7175 7247
f 7244 7075 7242
f 7248 7173 7247
f 7173 7248 7174
f 6964 7248 6962
f 7249 7244 7242
f 7226 7250 7245
f 7245 7227 7226
f 7235 7250 7226
f 7234 7225 7232
f 7243 7251 7249
f 7249 7242 7243
f 7252 7253 7250
f 7253 7245 7250
f 7243 7253 7251
f 7243 7245 7253
f 7245 7243 7241
f 7254 7250 7235
f 7234 7255 7254
f 7254 7235 7234
f 7256 7257 7233
f 7257 7232 7233
f 7234 7257 7255
f 7257 7234 7232
f 7258 7259 7252
f 7252 7254 7260
f 7261 7260 7255
f 7260 7254 7255
f 7252 7259 7253
f 7252 7250 7254
f 7251 7253 7259
f 7262 7255 7257
f 7249 7263 7264
f 7225 7235 7224
f 7263 7249 7251
f 6962 7247 7264
f 7265 7264 7263
f 7263 7251 6938
f 6963 7265 6986
f 6987 6986 7265
f 7264 7265 6963
f 6962 7264 6963
f 6962 7248 7247
f 6938 7265 7263
f 7266 6938 7259
f 7259 6938 7251
f 7267 7266 7258
f 7259 7258 7266
f 7266 6936 6938
f 7252 7260 7258
f 6937 7265 6938
f 6988 6987 7268
f 6936 7269 6937
f 6937 7268 7265
f 7265 7268 6987
f 7269 6936 7266
f 7264 7244 7249
f 7264 7247 7244
f 7270 7258 7260
f 7092 7196 7093
f 6942 6948 6940
f 7271 7233 7231
f 7143 7272 7219
f 7219 7134 7143
f 7142 7272 7143
f 7164 7140 7144
f 7217 7273 7237
f 7237 7218 7217
f 7274 7275 7272
f 7275 7219 7272
f 7217 7275 7273
f 7217 7219 7275
f 7219 7217 7214
f 7276 7272 7142
f 7164 7277 7276
f 7276 7142 7164
f 7163 7277 7164
f 7172 7162 7165
f 7278 7279 7274
f 7272 7276 7274
f 7280 7281 7277
f 7281 7276 7277
f 7274 7279 7275
f 7274 7276 7281
f 7273 7275 7279
f 7282 7277 7163
f 7237 7283 7230
f 7163 7144 7162
f 7230 7284 7236
f 7236 7229 7230
f 7283 7284 7230
f 7283 7273 7285
f 7271 7286 7256
f 7256 7233 7271
f 7287 7288 7284
f 7288 7236 7284
f 7288 7289 7286
f 7271 7236 7288
f 7236 7271 7231
f 7290 7284 7283
f 7291 7285 7279
f 7285 7273 7279
f 7292 7291 7278
f 7279 7278 7291
f 7285 7293 7290
f 7274 7281 7278
f 7294 7287 7290
f 7284 7290 7287
f 7295 7294 7293
f 7290 7293 7294
f 7296 7289 7287
f 7285 7291 7293
f 7290 7283 7285
f 7297 7293 7291
f 7294 7298 7296
f 7283 7237 7273
f 7237 7230 7215
f 7299 7278 7281
f 7172 7300 7282
f 7163 7172 7282
f 7171 7300 7172
f 7301 7171 7168
f 7280 7302 7299
f 7281 7280 7299
f 7303 7304 7300
f 7304 7282 7300
f 7305 7302 7304
f 7280 7282 7304
f 7280 7277 7282
f 7306 7300 7171
f 7168 7169 7307
f 7307 7301 7168
f 7170 7307 7169
f 7304 7303 7305
f 7306 7303 7300
f 7302 7280 7304
f 7168 7171 7165
f 7302 7308 7299
f 7292 7299 7308
f 7309 7297 7292
f 7310 7308 7302
f 7311 7295 7297
f 7293 7297 7295
f 7312 7311 7309
f 7297 7309 7311
f 7313 7314 7311
f 7292 7308 7309
f 7297 7291 7292
f 7315 7309 7308
f 7308 7310 7315
f 7311 7312 7313
f 7312 7309 7315
f 7298 7295 7314
f 7302 7305 7310
f 7292 7278 7299
f 7288 7286 7271
f 7140 7142 7136
f 7286 7316 7256
f 7262 7256 7316
f 7317 7261 7262
f 7318 7316 7286
f 7319 7270 7261
f 7270 7260 7261
f 7320 7319 7317
f 7261 7317 7319
f 7270 7321 7267
f 7262 7316 7317
f 7262 7261 7255
f 7322 7317 7316
f 7289 7323 7318
f 7286 7289 7318
f 7296 7323 7289
f 7287 7294 7296
f 7322 7324 7320
f 7317 7322 7320
f 7325 7326 7323
f 7326 7318 7323
f 7322 7326 7324
f 7322 7318 7326
f 7322 7316 7318
f 7327 7323 7296
f 7319 7328 7321
f 7288 7287 7289
f 7267 7329 7330
f 7269 7267 7330
f 7321 7329 7267
f 7328 7319 7320
f 7331 7332 7329
f 7330 7332 7269
f 7333 7331 7329
f 7329 7332 7330
f 7331 7333 7334
f 7267 7258 7270
f 7335 7329 7321
f 7328 7336 7335
f 7321 7328 7335
f 7337 7338 7324
f 7338 7320 7324
f 7328 7338 7336
f 7338 7328 7320
f 7339 7333 7340
f 7334 7333 7341
f 7342 7340 7336
f 7340 7335 7336
f 7339 7341 7333
f 7333 7335 7340
f 7333 7329 7335
f 7343 7336 7338
f 7321 7270 7319
f 7262 7257 7256
f 7344 7324 7326
f 7298 7345 7327
f 7327 7296 7298
f 7314 7345 7298
f 7295 7311 7314
f 7325 7346 7344
f 7344 7326 7325
f 7347 7348 7349
f 7349 7327 7345
f 7325 7349 7346
f 7325 7327 7349
f 7327 7325 7323
f 7350 7345 7314
f 7350 7351 7345
f 7351 7352 7345
f 7352 7351 7347
f 7349 7348 7353
f 7353 7354 7346
f 7345 7347 7349
f 7344 7355 7337
f 7314 7313 7350
f 7337 7356 7343
f 7343 7338 7337
f 7355 7346 7357
f 7358 7359 7342
f 7336 7343 7342
f 7342 7343 7358
f 7337 7324 7344
f 7355 7360 7356
f 7354 7357 7346
f 7357 7360 7355
f 7346 7355 7344
f 7359 7339 7340
f 7294 7295 7298
f 7266 7267 7269
f 6949 6944 6950
f 7025 7014 7017
f 6969 6941 6984
f 6961 6966 7361
f 7361 6954 6961
f 6960 6952 6983
f 7362 6956 6983
f 6956 7362 6957
f 6953 6952 6960
f 6958 7060 6955
f 7060 6958 7058
f 7066 7065 7097
f 7095 7099 7072
f 7097 7094 7066
f 7109 7111 7110
f 7171 7301 7306
f 7352 7347 7345
f 7349 7353 7346
f 7355 7356 7337
f 7343 7356 7363
f 7342 7359 7340
f 7363 7358 7343
f 7334 7332 7331
f 7364 7365 7366
f 7367 7368 7365
f 7365 7368 7369
f 7370 7371 7364
f 7372 7364 7373
f 7364 7366 7373
f 7365 7369 7374
f 7374 7366 7365
f 7370 7364 7372
f 7375 7376 7377
f 7378 7375 7379
f 7378 7379 7380
f 7379 7375 7377
f 7381 7382 7383
f 7384 7381 7385
f 7381 7384 7382
f 7382 7386 7383
f 7387 7388 7389
f 7389 7383 7387
f 7388 7390 7389
f 7387 7383 7386
f 7391 7392 7393
f 7394 7395 7392
f 7393 7396 7391
f 7385 7391 7396
f 7394 7397 7395
f 7391 7394 7392
f 7396 7384 7385
f 7395 7397 7398
f 7399 7400 7401
f 7400 7402 7403
f 7404 7405 7401
f 7406 7407 7408
f 7409 7408 7407
f 7407 7410 7409
f 7404 7406 7411
f 7411 7406 7408
f 7403 7412 7413
f 7403 7402 7412
f 7412 7390 7413
f 7413 7390 7388
f 7402 7400 7399
f 7399 7401 7405
f 7404 7411 7405
f 7414 7415 7416
f 7417 7418 7414
f 7416 7415 7398
f 7419 7418 7417
f 7420 7419 7421
f 7420 7418 7419
f 7417 7414 7416
f 7397 7416 7398
f 7421 7422 7423
f 7422 7421 7419
f 7424 7425 7423
f 7423 7422 7424
f 7424 7426 7427
f 7428 7427 7426
f 7426 7429 7428
f 7424 7427 7425
f 7429 7430 7431
f 7432 7433 7430
f 7430 7433 7431
f 7429 7431 7428
f 7434 7432 7435
f 7436 7435 7437
f 7438 7437 7439
f 7436 7434 7435
f 7438 7436 7437
f 7433 7432 7434
f 7440 7441 7442
f 7440 7442 7443
f 7442 7441 7444
f 7444 7441 7445
f 7443 7438 7439
f 7439 7440 7443
f 7445 7441 7446
f 7447 7409 7448
f 7410 7449 7448
f 7450 7447 7448
f 7451 7448 7449
f 7452 7453 7454
f 7453 7455 7456
f 7451 7449 7452
f 7456 7455 7457
f 7451 7452 7454
f 7456 7457 7458
f 7453 7456 7454
f 7459 7460 7461
f 7462 7461 7460
f 7460 7463 7462
f 7459 7461 7458
f 7458 7457 7459
f 7463 7464 7465
f 7466 7465 7464
f 7464 7467 7466
f 7463 7465 7462
f 7467 7468 7469
f 7470 7469 7468
f 7468 7471 7470
f 7467 7469 7466
f 7472 7473 7471
f 7474 7475 7476
f 7472 7476 7475
f 7477 7474 7476
f 7478 7477 7479
f 7478 7474 7477
f 7478 7479 7480
f 7476 7472 7471
f 7473 7470 7471
f 7481 7482 7483
f 7484 7485 7486
f 7486 7481 7487
f 7488 7489 7490
f 7483 7482 7488
f 7489 7491 7490
f 7488 7482 7489
f 7483 7487 7481
f 7445 7492 7444
f 7492 7445 7493
f 7493 7494 7492
f 7445 7446 7495
f 7485 7484 7494
f 7493 7485 7494
f 7486 7496 7484
f 7486 7487 7496
f 7497 7498 7499
f 7500 7501 7502
f 7497 7503 7501
f 7499 7503 7497
f 7499 7480 7479
f 7502 7501 7503
f 7498 7480 7499
f 7500 7502 7504
f 7505 7506 7507
f 7490 7491 7505
f 7506 7508 7507
f 7505 7491 7506
f 7509 7504 7510
f 7511 7507 7508
f 7511 7509 7510
f 7504 7502 7510
f 7511 7508 7509
f 7410 7448 7409
f 7512 7513 7514
f 7515 7514 7516
f 7517 7515 7516
f 7512 7514 7515
f 7518 7519 7520
f 7521 7519 7522
f 7522 7519 7518
f 7518 7520 7523
f 7524 7521 7522
f 7525 7526 7527
f 7527 7528 7525
f 7529 7530 7531
f 7532 7533 7530
f 7534 7531 7535
f 7534 7529 7531
f 7532 7536 7533
f 7537 7538 7539
f 7540 7539 7541
f 7542 7536 7539
f 7533 7536 7542
f 7540 7542 7539
f 7530 7533 7531
f 7535 7543 7544
f 7545 7546 7531
f 7545 7531 7547
f 7548 7547 7531
f 7546 7543 7535
f 7549 7550 7551
f 7549 7551 7548
f 7551 7550 7552
f 7553 7554 7555
f 7553 7552 7550
f 7554 7553 7550
f 7549 7548 7531
f 7535 7531 7546
f 7556 7539 7538
f 7557 7541 7556
f 7556 7541 7539
f 7557 7556 7558
f 7559 7557 7558
f 7560 7561 7559
f 7559 7558 7560
f 7562 7563 7561
f 7561 7563 7564
f 7564 7565 7566
f 7565 7564 7563
f 7564 7566 7567
f 7568 7566 7569
f 7562 7561 7560
f 7570 7571 7572
f 7573 7571 7570
f 7573 7555 7574
f 7555 7573 7570
f 7574 7555 7554
f 7571 7575 7572
f 7566 7568 7567
f 7576 7564 7577
f 7575 7578 7572
f 7578 7575 7576
f 7575 7564 7576
f 7564 7567 7577
f 7579 7568 7569
f 7580 7581 7582
f 7583 7584 7581
f 7585 7586 7587
f 7585 7580 7582
f 7583 7588 7584
f 7589 7590 7591
f 7592 7591 7593
f 7589 7591 7592
f 7584 7588 7594
f 7589 7594 7590
f 7594 7588 7590
f 7581 7584 7582
f 7585 7595 7586
f 7596 7595 7582
f 7596 7582 7597
f 7598 7597 7599
f 7600 7587 7586
f 7599 7601 7602
f 7599 7602 7598
f 7602 7601 7603
f 7603 7604 7605
f 7601 7604 7603
f 7605 7604 7606
f 7599 7597 7582
f 7582 7595 7585
f 7607 7608 7593
f 7609 7610 7593
f 7593 7611 7592
f 7610 7611 7593
f 7612 7613 7610
f 7612 7614 7613
f 7613 7614 7615
f 7616 7617 7615
f 7617 7618 7615
f 7616 7615 7614
f 7612 7610 7609
f 7619 7618 7620
f 7621 7622 7623
f 7624 7622 7621
f 7605 7625 7624
f 7605 7606 7625
f 7624 7625 7622
f 7623 7615 7626
f 7618 7627 7615
f 7627 7628 7615
f 7623 7629 7621
f 7629 7623 7626
f 7626 7615 7628
f 7619 7627 7618
f 7620 7630 7619
f 7591 7607 7593
f 7631 7632 4901
f 7633 7634 7635
f 7636 7635 7632
f 7631 4901 4900
f 7636 7633 7635
f 7632 7631 7636
f 7633 7637 7634
f 7637 7638 7634
f 7639 7640 7641
f 4896 4895 7642
f 7643 7642 7640
f 7644 7638 7637
f 7640 7639 7643
f 7642 7643 4896
f 7639 7641 7644
f 7641 7638 7644
f 7645 7646 4883
f 7647 7648 7649
f 7650 7649 7646
f 7645 4883 4882
f 7650 7647 7649
f 7646 7645 7650
f 7647 7651 7648
f 7651 7652 7648
f 7653 7654 7655
f 4878 4877 7656
f 7657 7656 7654
f 7658 7652 7651
f 7654 7653 7657
f 7656 7657 4878
f 7653 7655 7658
f 7655 7652 7658
