v 0.03484094142913818 0.023037282750010487 -0.013799999840557572
v 0.03484094142913818 0.023037282750010487 -0.0038000000640749923
v 0.0351119115948677 0.0234428122639656 -0.0038000000640749923
v 0.0351119115948677 0.0234428122639656 -0.013799999840557572
v 0.035207062959671014 0.023921167477965348 -0.0038000000640749923
v 0.035207062959671014 0.023921167477965348 -0.013799999840557572
v 0.03443541377782821 0.022766318172216412 -0.013799999840557572
v 0.03443541377782821 0.022766318172216412 -0.0038000000640749923
v 0.03280221298336982 0.0234428122639656 -0.013799999840557572
v 0.032707061618566506 0.023921167477965348 -0.013799999840557572
v 0.032707061618566506 0.023921167477965348 -0.0038000000640749923
v 0.03347870707511901 0.022766318172216412 -0.013799999840557572
v 0.03347870707511901 0.022766318172216412 -0.0038000000640749923
v 0.03395706042647361 0.022671166807413098 -0.0038000000640749923
v 0.03280221298336982 0.0234428122639656 -0.0038000000640749923
v 0.033073175698518746 0.023037282750010487 -0.0038000000640749923
v 0.033073175698518746 0.023037282750010487 -0.013799999840557572
v 0.03395706042647361 0.022671166807413098 -0.013799999840557572
v 0.02903961390256881 -0.03215868398547172 -0.013799999840557572
v 0.02903961390256881 -0.03215868398547172 -0.0038000000640749923
v 0.029310580343008034 -0.03175315260887145 -0.0038000000640749923
v 0.029310580343008034 -0.03175315260887145 -0.013799999840557572
v 0.02940573170781135 -0.031274799257516854 -0.0038000000640749923
v 0.02940573170781135 -0.031274799257516854 -0.013799999840557572
v 0.028634084388613694 -0.03242965042591094 -0.013799999840557572
v 0.028634084388613694 -0.03242965042591094 -0.0038000000640749923
v 0.027000881731510155 -0.03175315260887145 -0.013799999840557572
v 0.02690573036670684 -0.031274799257516854 -0.013799999840557572
v 0.02690573036670684 -0.031274799257516854 -0.0038000000640749923
v 0.027677377685904496 -0.03242965042591094 -0.013799999840557572
v 0.027677377685904496 -0.03242965042591094 -0.0038000000640749923
v 0.028155731037259095 -0.03252479806542396 -0.0038000000640749923
v 0.027000881731510155 -0.03175315260887145 -0.0038000000640749923
v 0.02727184630930423 -0.03215868398547172 -0.0038000000640749923
v 0.02727184630930423 -0.03215868398547172 -0.013799999840557572
v 0.028155731037259095 -0.03252479806542396 -0.013799999840557572
v -0.036471113562583916 -0.028633885085582726 -0.013799999840557572
v -0.036471113562583916 -0.028633885085582726 -0.0038000000640749923
v -0.03620015084743499 -0.02822835370898246 -0.0038000000640749923
v -0.03620015084743499 -0.02822835370898246 -0.013799999840557572
v -0.036104999482631676 -0.02775000035762786 -0.0038000000640749923
v -0.036104999482631676 -0.02775000035762786 -0.013799999840557572
v -0.03687664493918418 -0.0289048496633768 -0.013799999840557572
v -0.03687664493918418 -0.0289048496633768 -0.0038000000640749923
v -0.03850984945893287 -0.02822835370898246 -0.013799999840557572
v -0.038605000823736184 -0.02775000035762786 -0.013799999840557572
v -0.038605000823736184 -0.02775000035762786 -0.0038000000640749923
v -0.03783335536718368 -0.0289048496633768 -0.013799999840557572
v -0.03783335536718368 -0.0289048496633768 -0.0038000000640749923
v -0.03735499829053878 -0.028999999165534966 -0.0038000000640749923
v -0.03850984945893287 -0.02822835370898246 -0.0038000000640749923
v -0.038238883018493645 -0.028633885085582726 -0.0038000000640749923
v -0.038238883018493645 -0.028633885085582726 -0.013799999840557572
v -0.03735499829053878 -0.028999999165534966 -0.013799999840557572
v -0.036471113562583916 0.026866115629672997 -0.013799999840557572
v -0.036471113562583916 0.026866115629672997 -0.0038000000640749923
v -0.03620015084743499 0.027271647006273263 -0.0038000000640749923
v -0.03620015084743499 0.027271647006273263 -0.013799999840557572
v -0.036104999482631676 0.02775000035762786 -0.0038000000640749923
v -0.036104999482631676 0.02775000035762786 -0.013799999840557572
v -0.03687664493918418 0.026595149189233773 -0.013799999840557572
v -0.03687664493918418 0.026595149189233773 -0.0038000000640749923
v -0.03850984945893287 0.027271647006273263 -0.013799999840557572
v -0.038605000823736184 0.02775000035762786 -0.013799999840557572
v -0.038605000823736184 0.02775000035762786 -0.0038000000640749923
v -0.03783335536718368 0.026595149189233773 -0.013799999840557572
v -0.03783335536718368 0.026595149189233773 -0.0038000000640749923
v -0.03735499829053878 0.026499999687075608 -0.0038000000640749923
v -0.03850984945893287 0.027271647006273263 -0.0038000000640749923
v -0.038238883018493645 0.026866115629672997 -0.0038000000640749923
v -0.038238883018493645 0.026866115629672997 -0.013799999840557572
v -0.03735499829053878 0.026499999687075608 -0.013799999840557572
v 0.03920892626047134 0.01664592698216438 2.2118858548760218e-16
v 0.039009671658277505 0.017721030861139294 -0.013799999840557572
v 0.03920892626047134 0.01664592698216438 -0.013799999840557572
v 0.039009671658277505 0.017721030861139294 2.2112856526235533e-16
v 0.038438361138105386 0.018653320148587223 -0.013799999840557572
v 0.038438361138105386 0.018653320148587223 2.2107581099160915e-16
v 0.036522515118122094 0.019629493355751034 2.2101830539542447e-16
v 0.036522515118122094 0.019629493355751034 -0.013799999840557572
v 0.03757090121507644 0.0193189475685358 -0.013799999840557572
v 0.03757090121507644 0.0193189475685358 2.210373636367377e-16
v 0.030308991670608514 0.027636431157588952 2.2056305165605488e-16
v 0.030191125348210328 0.028469085693359368 -0.013799999840557572
v 0.030308991670608514 0.027636431157588952 -0.013799999840557572
v 0.030109733343124383 0.028711536899209016 2.2050303143080803e-16
v 0.02984678372740745 0.02923631109297275 -0.013799999840557572
v 0.029538426548242562 0.029643824324011796 2.2045027716006185e-16
v 0.029303027316927903 0.029877820983529084 -0.013799999840557572
v 0.0286025833338499 0.030343204736709588 -0.00179999996908009
v 0.0286025833338499 0.030343204736709588 -0.013799999840557572
v 0.028670964762568467 0.030309451743960374 2.2041182980519039e-16
v 0.027622576802968972 0.030619997531175606 2.2039277156387717e-16
v 0.027622576802968972 0.030619997531175606 -0.00179999996908009
v 0.04305611178278922 0.02481116168200969 -0.013799999840557572
v 0.04305611178278922 0.02481116168200969 -0.0015000000130385156
v 0.04301228746771812 0.02397493086755275 -0.0015000000130385156
v 0.04301228746771812 0.02397493086755275 -0.013799999840557572
v 0.02105523459613323 -0.03705865889787673 -0.0015000000130385156
v 0.02105523459613323 -0.03705865889787673 -0.00179999996908009
v 0.021093294024467465 -0.03725000098347663 -0.00179999996908009
v 0.021093294024467465 -0.03725000098347663 -0.0015000000130385156
v 0.02094684727489948 -0.03689644485712051 -0.0015000000130385156
v 0.02094684727489948 -0.03689644485712051 -0.00179999996908009
v 0.020593294873833653 -0.03674999997019767 -0.0015000000130385156
v 0.020593294873833653 -0.03674999997019767 -0.00179999996908009
v 0.020784635096788403 -0.03678805753588676 -0.00179999996908009
v 0.020784635096788403 -0.03678805753588676 -0.0015000000130385156
v -0.002157407812774181 0.0337500013411045 -0.013799999840557572
v 0.012027364224195477 0.0352756455540657 -0.013799999840557572
v 0.01291735656559467 0.03417659550905227 -0.013799999840557572
v -0.002000184496864676 0.03674999997019767 -0.013799999840557572
v 0.01270829979330301 0.0321875512599945 -0.013799999840557572
v -0.01710500009357929 0.0337500013411045 -0.013799999840557572
v -0.01710500009357929 0.03575000166893005 -0.013799999840557572
v -0.016104999929666516 0.03674999997019767 -0.013799999840557572
v -0.01710500009357929 -0.0337500013411045 -0.008799999952316282
v -0.0058521563187241546 -0.03674999997019767 -0.008799999952316282
v -0.01710500009357929 -0.03674999997019767 -0.008799999952316282
v -0.005694932769984006 -0.0337500013411045 -0.008799999952316282
v 0.0038611225318163625 -0.034754384309053414 -0.008799999952316282
v 0.005340099334716796 -0.037916194647550576 -0.008799999952316282
v 0.0052395910024642936 -0.03791579231619834 -0.008799999952316282
v 0.004741960670799016 -0.03412345051765441 -0.008799999952316282
v 0.005773554556071757 -0.033792145550251 -0.008799999952316282
v 0.03662983700633048 -0.03674999997019767 -0.013799999840557572
v 0.03919249400496482 0.0163323413580656 -0.013799999840557572
v 0.04301228746771812 0.02397493086755275 -0.013799999840557572
v 0.03920892626047134 0.01664592698216438 -0.013799999840557572
v 0.03485456109046935 -0.024940315634012215 -0.013799999840557572
v 0.039009671658277505 0.017721030861139294 -0.013799999840557572
v 0.038438361138105386 0.018653320148587223 -0.013799999840557572
v 0.03992620110511779 0.031157987192273133 -0.013799999840557572
v 0.03732823580503463 0.032481715083122246 -0.013799999840557572
v 0.03757090121507644 0.0193189475685358 -0.013799999840557572
v 0.036522515118122094 0.019629493355751034 -0.013799999840557572
v 0.03484094142913818 0.023037282750010487 -0.013799999840557572
v 0.0351119115948677 0.0234428122639656 -0.013799999840557572
v 0.0386880338191986 0.03193921223282813 -0.013799999840557572
v 0.035207062959671014 0.023921167477965348 -0.013799999840557572
v 0.036168850958347314 -0.041161715984344475 -0.013799999840557572
v 0.033758956938982 -0.02695816755294799 -0.013799999840557572
v 0.041877232491970055 0.02899114787578582 -0.013799999840557572
v 0.03450744599103927 -0.026058206334710114 -0.013799999840557572
v 0.03347870707511901 0.022766318172216412 -0.013799999840557572
v 0.03395706042647361 0.022671166807413098 -0.013799999840557572
v 0.032544426620006554 0.020047606900334355 -0.013799999840557572
v 0.03272304311394691 -0.027503188699483865 -0.013799999840557572
v 0.03443541377782821 0.022766318172216412 -0.013799999840557572
v 0.033073175698518746 0.023037282750010487 -0.013799999840557572
v 0.03280221298336982 0.0234428122639656 -0.013799999840557572
v 0.032707061618566506 0.023921167477965348 -0.013799999840557572
v 0.03155741095542907 -0.027610296383500092 -0.013799999840557572
v 0.04305611178278922 0.02481116168200969 -0.013799999840557572
v 0.04292215034365653 0.026269044727087014 -0.013799999840557572
v 0.02632403559982776 -0.03436914086341857 -0.013799999840557572
v 0.02383595518767833 -0.03410763666033744 -0.013799999840557572
v 0.024282170459628098 -0.02986216358840465 -0.013799999840557572
v 0.04252475500106811 0.027678104117512696 -0.013799999840557572
v 0.04100127145648002 0.030164206400513642 -0.013799999840557572
v 0.028155731037259095 -0.03252479806542396 -0.013799999840557572
v 0.027568075805902474 -0.034499898552894585 -0.013799999840557572
v 0.027677377685904496 -0.03242965042591094 -0.013799999840557572
v 0.0351119115948677 0.024399520829319947 -0.013799999840557572
v 0.03589233756065368 0.03276733309030532 -0.013799999840557572
v 0.03280221298336982 0.024399520829319947 -0.013799999840557572
v 0.030308991670608514 0.027636431157588952 -0.013799999840557572
v 0.03484094142913818 0.024805050343275063 -0.013799999840557572
v 0.03443541377782821 0.025076014921069138 -0.013799999840557572
v 0.03395706042647361 0.0251711681485176 -0.013799999840557572
v 0.03347870707511901 0.025076014921069138 -0.013799999840557572
v 0.029928756877779954 0.03339413553476333 -0.013799999840557572
v 0.033073175698518746 0.024805050343275063 -0.013799999840557572
v 0.02903961390256881 -0.03215868398547172 -0.013799999840557572
v 0.02881211414933204 -0.03463064879179 -0.013799999840557572
v 0.028634084388613694 -0.03242965042591094 -0.013799999840557572
v 0.029310580343008034 -0.03175315260887145 -0.013799999840557572
v 0.02903961390256881 -0.03039091452956199 -0.013799999840557572
v 0.028634084388613694 -0.030119949951767915 -0.013799999840557572
v 0.02757932245731353 -0.02719218283891677 -0.013799999840557572
v 0.029310580343008034 -0.030796444043517106 -0.013799999840557572
v 0.02940573170781135 -0.031274799257516854 -0.013799999840557572
v 0.02727184630930423 -0.03215868398547172 -0.013799999840557572
v 0.02690573036670684 -0.031274799257516854 -0.013799999840557572
v 0.027000881731510155 -0.03175315260887145 -0.013799999840557572
v 0.028155731037259095 -0.0300247985869646 -0.013799999840557572
v 0.027677377685904496 -0.030119949951767915 -0.013799999840557572
v 0.026413692161440842 -0.027299290522933 -0.013799999840557572
v 0.027000881731510155 -0.030796444043517106 -0.013799999840557572
v 0.02727184630930423 -0.03039091452956199 -0.013799999840557572
v 0.024629285559058182 -0.02874427288770675 -0.013799999840557572
v 0.030292559415101998 0.027322845533490174 -0.013799999840557572
v 0.031426534056663506 0.02039472199976444 -0.013799999840557572
v 0.03052657283842563 0.021143211051821705 -0.013799999840557572
v 0.030191125348210328 0.028469085693359368 -0.013799999840557572
v 0.02984678372740745 0.02923631109297275 -0.013799999840557572
v 0.029981551691889756 0.02217912673950195 -0.013799999840557572
v 0.029874445870518677 0.023344758898019787 -0.013799999840557572
v 0.025377776473760598 -0.027844311669468873 -0.013799999840557572
v 0.029303027316927903 0.029877820983529084 -0.013799999840557572
v 0.0286025833338499 0.030343204736709588 -0.013799999840557572
v 0.028829708695411675 0.03250413760542869 -0.013799999840557572
v 0.02821304649114608 -0.04033039882779121 -0.013799999840557572
v 0.023215066641569134 -0.0348060019314289 -0.008799999952316282
v 0.021350845694541928 -0.039609149098396294 -0.008799999952316282
v 0.021252449601888653 -0.03958864882588386 -0.008799999952316282
v 0.023487262427806847 -0.03478340432047843 -0.008799999952316282
v 0.022971609607338902 -0.03468219190835952 -0.008799999952316282
v 0.022440407425165173 -0.03427709266543388 -0.008799999952316282
v 0.021841911599040028 -0.033980298787355416 -0.008799999952316282
v 0.02881211414933204 -0.03463064879179 -0.008799999952316282
v 0.02821304649114608 -0.04033039882779121 -0.008799999952316282
v 0.023706970736384385 -0.03462113812565803 -0.008799999952316282
v 0.023808628320693963 -0.0343676283955574 -0.008799999952316282
v 0.02383595518767833 -0.03410763666033744 -0.008799999952316282
v 0.021350845694541928 -0.039609149098396294 -0.0015000000130385156
v 0.021350845694541928 -0.039609149098396294 -0.008799999952316282
v 0.02821304649114608 -0.04033039882779121 -0.008799999952316282
v 0.02821304649114608 -0.04033039882779121 -0.0015000000130385156
v 0.021090555936098095 -0.03730226680636405 -0.00179999996908009
v 0.020905848592519757 -0.03905962407588958 -0.00179999996908009
v 0.020905848592519757 -0.03905962407588958 -0.0015000000130385156
v 0.021090555936098095 -0.03730226680636405 -0.0015000000130385156
v 0.02094536460936069 -0.039222761988639825 -0.00179999996908009
v 0.020984878763556477 -0.03938590362668037 -0.00179999996908009
v 0.020923700183629986 -0.03925389796495437 -0.0015000000130385156
v 0.02101453766226768 -0.039426550269126885 -0.0015000000130385156
v 0.021252449601888653 -0.03958864882588386 -0.00179999996908009
v 0.021164529025554654 -0.03955129906535148 -0.0015000000130385156
v 0.021185556426644322 -0.039537962526082986 -0.00179999996908009
v 0.021252449601888653 -0.03958864882588386 -0.008799999952316282
v 0.02111866325139999 -0.039487272500991814 -0.00179999996908009
v 0.022971609607338902 -0.03468219190835952 -0.008799999952316282
v 0.022440407425165173 -0.03427709266543388 -0.008799999952316282
v 0.02245342172682285 -0.03428522124886512 2.2398677206374656e-16
v 0.022971609607338902 -0.03468219190835952 2.2400969489288163e-16
v 0.021841911599040028 -0.033980298787355416 -0.00179999996908009
v 0.02187053300440311 -0.033991370350122445 2.2396943435810745e-16
v 0.021841911599040028 -0.033980298787355416 -0.008799999952316282
v 0.02121760137379169 -0.03386515006422996 -0.00179999996908009
v 0.020593294873833653 -0.0337500013411045 2.2395381718814245e-16
v 0.021243218332529065 -0.03381087258458137 2.2395834352045434e-16
v 0.020593294873833653 -0.0337500013411045 -0.00179999996908009
v 0.033758956938982 -0.02695816755294799 2.2359965153707175e-16
v 0.03272304311394691 -0.027503188699483865 2.2362810655014357e-16
v 0.03155741095542907 -0.027610296383500092 2.236320240775246e-16
v 0.026413692161440842 -0.027299290522933 2.2360584546549854e-16
v 0.025377776473760598 -0.027844311669468873 2.2363430047857037e-16
v 0.031426534056663506 0.02039472199976444 2.2096698049277678e-16
v 0.03450744599103927 -0.026058206334710114 2.2355097361238423e-16
v 0.03485456109046935 -0.024940315634012215 2.234895372539287e-16
v 0.02757932245731353 -0.02719218283891677 2.236019279381175e-16
v 0.03919249400496482 0.0163323413580656 2.212059628979107e-16
v 0.023706970736384385 -0.03462113812565803 2.240075773105135e-16
v 0.023487262427806847 -0.03478340432047843 2.2401620645866365e-16
v 0.022971609607338902 -0.03468219190835952 2.2400969489288163e-16
v 0.023215066641569134 -0.0348060019314289 2.240170005520517e-16
v 0.023808628320693963 -0.0343676283955574 2.239936806762226e-16
v 0.020593294873833653 -0.0337500013411045 2.2395381718814245e-16
v 0.024629285559058182 -0.02874427288770675 2.236829519334783e-16
v 0.024282170459628098 -0.02986216358840465 2.2374441476171343e-16
v 0.02245342172682285 -0.03428522124886512 2.2398677206374656e-16
v 0.02187053300440311 -0.033991370350122445 2.2396943435810745e-16
v 0.0063150767236948 -0.0337500013411045 2.2392906794421487e-16
v 0.03052657283842563 0.021143211051821705 2.2092387445669541e-16
v 0.036522515118122094 0.019629493355751034 2.2101830539542447e-16
v 0.039009671658277505 0.017721030861139294 2.2112856526235533e-16
v 0.03920892626047134 0.01664592698216438 2.2118858548760218e-16
v 0.038438361138105386 0.018653320148587223 2.2107581099160915e-16
v 0.03757090121507644 0.0193189475685358 2.210373636367377e-16
v 0.032544426620006554 0.020047606900334355 2.2098819602112754e-16
v 0.027622576802968972 0.030619997531175606 2.2039277156387717e-16
v 0.029874445870518677 0.023344758898019787 2.208005385186413e-16
v -0.002157407812774181 0.0337500013411045 2.2016735492078911e-16
v 0.029981551691889756 0.02217912673950195 2.2086542918333487e-16
v 0.030292559415101998 0.027322845533490174 2.205804290663634e-16
v 0.030109733343124383 0.028711536899209016 2.2050303143080803e-16
v 0.030308991670608514 0.027636431157588952 2.2056305165605488e-16
v 0.029538426548242562 0.029643824324011796 2.2045027716006185e-16
v 0.028670964762568467 0.030309451743960374 2.2041182980519039e-16
v 0.021243218332529065 -0.03381087258458137 2.2395834352045434e-16
v 0.005639486014842986 -0.033815823495388024 2.2393155610349742e-16
v 0.004989305976778268 -0.034010816365480416 2.2394124404283165e-16
v -0.005694932769984006 -0.0337500013411045 2.2390823622766833e-16
v 0.004388991743326186 -0.03432763740420341 2.239577876550827e-16
v 0.0038611225318163625 -0.034754384309053414 2.2398055166554017e-16
v -0.030354999005794518 -0.0337500013411045 2.23865461063832e-16
v -0.031503051519393914 -0.03352163732051849 2.2385077033615305e-16
v -0.032476320862770074 -0.03287131711840629 2.238129979606614e-16
v -0.03312664106488227 -0.03189805150032043 2.237578349399715e-16
v -0.03335500136017799 -0.03075000084936618 2.236936986639966e-16
v -0.03335500136017799 -0.02675000019371509 2.2347167015269754e-16
v -0.0342336818575859 -0.024628680199384682 2.233523973258123e-16
v -0.0342336818575859 0.024628680199384682 2.206180558580672e-16
v -0.0335833616554737 -0.025601949542760842 2.2340753387672263e-16
v -0.03520695120096206 -0.023978361859917634 2.2331459848054107e-16
v -0.03335500136017799 0.02675000019371509 2.2050181382094636e-16
v -0.03335500136017799 0.03075000084936618 2.2027977207475752e-16
v -0.030354999005794518 0.0337500013411045 2.2011845200297498e-16
v -0.0335833616554737 0.025601949542760842 2.2056515600353322e-16
v -0.032476320862770074 0.03287131711840629 2.2016354327252647e-16
v -0.031503051519393914 0.03352163732051849 2.2012913255904426e-16
v -0.03312664106488227 0.03189805150032043 2.2021644312706046e-16
v -0.04135499894618987 -0.020749999210238453 2.231247307514581e-16
v -0.03635499998927116 -0.02374999970197677 2.2329993422264173e-16
v -0.0383550003170967 -0.02374999970197677 2.232964666815139e-16
v -0.0395030528306961 -0.023521639406681054 2.2328180242361457e-16
v -0.04047632217407226 -0.02287132106721401 2.2324400357834335e-16
v -0.04112663865089416 -0.0218980498611927 2.231888405576534e-16
v -0.03635499998927116 0.02374999970197677 2.206631471276187e-16
v -0.03520695120096206 0.023978361859917634 2.2065246657154941e-16
v -0.04135499894618987 0.02374999970197677 2.2065447827479914e-16
v -0.04135499894618987 -0.020749999210238453 2.231247307514581e-16
v -0.04135499894618987 -0.020749999210238453 -0.013799999840557572
v -0.04135499894618987 0.02374999970197677 -0.013799999840557572
v -0.04135499894618987 0.02374999970197677 2.2065447827479914e-16
v -0.04135499894618987 -0.03674999997019767 -0.008799999952316282
v -0.04135499894618987 -0.031750001013278954 -0.013799999840557572
v -0.04135499894618987 -0.031750001013278954 -0.008799999952316282
v -0.01710500009357929 -0.0337500013411045 -0.008799999952316282
v -0.01710500009357929 -0.0337500013411045 -0.0027999999001622196
v -0.005694932769984006 -0.0337500013411045 -0.008799999952316282
v -0.005694932769984006 -0.0337500013411045 2.2390823622766833e-16
v -0.030354999005794518 -0.0337500013411045 2.23865461063832e-16
v -0.030354999005794518 -0.0337500013411045 -0.0027999999001622196
v -0.030354999005794518 0.0337500013411045 2.2011845200297498e-16
v -0.01710500009357929 0.0337500013411045 -0.0027999999001622196
v -0.002157407812774181 0.0337500013411045 2.2016735492078911e-16
v -0.030354999005794518 0.0337500013411045 -0.0027999999001622196
v -0.002157407812774181 0.0337500013411045 -0.013799999840557572
v -0.01710500009357929 0.0337500013411045 -0.013799999840557572
v 0.03919249400496482 0.0163323413580656 2.212059628979107e-16
v 0.03919249400496482 0.0163323413580656 -0.013799999840557572
v 0.03485456109046935 -0.024940315634012215 -0.013799999840557572
v 0.03485456109046935 -0.024940315634012215 2.234895372539287e-16
v -0.002157407812774181 0.0337500013411045 2.2016735492078911e-16
v -0.002157407812774181 0.0337500013411045 -0.013799999840557572
v 0.01270829979330301 0.0321875512599945 -0.00179999996908009
v 0.01270829979330301 0.0321875512599945 -0.013799999840557572
v 0.040035136044025414 0.025268668308854096 0.0015000000130385156
v 0.03557875379920005 0.029783770442008965 0.0015000000130385156
v 0.04002872109413146 0.024288516491651528 0.0015000000130385156
v 0.03364627063274383 -0.036436412483453744 0.0015000000130385156
v 0.024480437859892838 -0.0337500013411045 0.0015000000130385156
v 0.028524825349450104 -0.03734664246439933 0.0015000000130385156
v 0.024150736629962914 -0.036886904388666146 0.0015000000130385156
v 0.03349687159061431 -0.037866178900003426 0.0015000000130385156
v -0.002157407812774181 0.0337500013411045 0.0015000000130385156
v 0.03894184157252311 0.027957761660218232 0.0015000000130385156
v 0.039481047540903084 0.027139233425259583 0.0015000000130385156
v 0.039850208908319466 0.026231236755847924 0.0015000000130385156
v 0.03825330734252929 0.028655368834733956 0.0015000000130385156
v 0.0374419055879116 0.029205245897173875 0.0015000000130385156
v 0.03653881698846816 0.029586259275674813 0.0015000000130385156
v 0.0031636625062674275 -0.0337500013411045 0.0015000000130385156
v -0.005694932769984006 -0.0337500013411045 0.0015000000130385156
v 0.0030668717809021464 -0.03467090055346488 0.0015000000130385156
v -0.04135499894618987 0.028750000521540635 0.0015000000130385156
v -0.03635499998927116 0.0337500013411045 0.0015000000130385156
v -0.04125892743468284 0.029725452885031693 0.0015000000130385156
v -0.04135499894618987 -0.0337500013411045 0.0015000000130385156
v -0.040974400937557214 0.03066341765224933 0.0015000000130385156
v -0.037330452352762215 0.03365392610430717 0.0015000000130385156
v -0.03826841711997985 0.033369395881891244 0.0015000000130385156
v -0.03989053517580032 0.032285533845424645 0.0015000000130385156
v -0.039132852107286446 0.03290734812617301 0.0015000000130385156
v -0.040512349456548684 0.031527850776910775 0.0015000000130385156
v 0.020593294873833653 -0.03674999997019767 -0.0015000000130385156
v 0.0063150767236948 -0.03674999997019767 -0.0015000000130385156
v 0.0063150767236948 -0.03674999997019767 -0.00179999996908009
v 0.020593294873833653 -0.03674999997019767 -0.00179999996908009
v -0.016104999929666516 0.03674999997019767 -0.0027999999001622196
v -0.03410499915480613 0.03674999997019767 -0.0027999999001622196
v -0.03635499998927116 0.03674999997019767 -0.0015000000130385156
v -0.03635499998927116 0.03674999997019767 -0.013799999840557572
v -0.002000184496864676 0.03674999997019767 -0.013799999840557572
v -0.002000184496864676 0.03674999997019767 -0.0015000000130385156
v -0.03410499915480613 0.03674999997019767 -0.013799999840557572
v -0.016104999929666516 0.03674999997019767 -0.013799999840557572
v 0.03662983700633048 -0.03674999997019767 -0.013799999840557572
v 0.03662983700633048 -0.03674999997019767 -0.0015000000130385156
v -0.04435500130057334 -0.03674999997019767 -0.008799999952316282
v -0.04435500130057334 -0.03674999997019767 -0.0015000000130385156
v -0.04435500130057334 0.028750000521540635 -0.0015000000130385156
v -0.04435500130057334 0.028750000521540635 -0.013799999840557572
v -0.04435500130057334 -0.031750001013278954 -0.013799999840557572
v -0.033105000853538506 -0.03674999997019767 -0.0027999999001622196
v -0.04435500130057334 -0.03674999997019767 -0.008799999952316282
v -0.04135499894618987 -0.03674999997019767 -0.008799999952316282
v -0.033105000853538506 -0.03674999997019767 -0.008799999952316282
v -0.01710500009357929 -0.03674999997019767 -0.0027999999001622196
v -0.04435500130057334 -0.03674999997019767 -0.0015000000130385156
v -0.0058521563187241546 -0.03674999997019767 -0.0015000000130385156
v -0.0058521563187241546 -0.03674999997019767 -0.008799999952316282
v -0.01710500009357929 -0.03674999997019767 -0.008799999952316282
v -0.03635499998927116 0.03674999997019767 -0.013799999840557572
v -0.03791572153568267 0.03659628331661224 -0.013799999840557572
v -0.03791572153568267 0.03659628331661224 -0.0015000000130385156
v -0.03941646590828895 0.036141037940979 -0.013799999840557572
v -0.0407995618879795 0.03540175780653953 -0.013799999840557572
v -0.0407995618879795 0.03540175780653953 -0.0015000000130385156
v -0.03941646590828895 0.036141037940979 -0.0015000000130385156
v -0.03635499998927116 0.03674999997019767 -0.0015000000130385156
v -0.04201185703277587 0.0344068519771099 -0.0015000000130385156
v -0.04201185703277587 0.0344068519771099 -0.013799999840557572
v -0.0430067554116249 0.03319456055760383 -0.013799999840557572
v -0.0430067554116249 0.03319456055760383 -0.0015000000130385156
v -0.04374603554606437 0.031811468303203576 -0.013799999840557572
v -0.04420128092169761 0.03031072206795215 -0.013799999840557572
v -0.04420128092169761 0.03031072206795215 -0.0015000000130385156
v -0.04374603554606437 0.031811468303203576 -0.0015000000130385156
v -0.04435500130057334 0.028750000521540635 -0.0015000000130385156
v -0.04435500130057334 0.028750000521540635 -0.013799999840557572
v 0.012027364224195477 0.0352756455540657 -0.00179999996908009
v 0.012027364224195477 0.0352756455540657 -0.013799999840557572
v -0.002000184496864676 0.03674999997019767 -0.013799999840557572
v 0.03589233756065368 0.03276733309030532 -0.0015000000130385156
v -0.002000184496864676 0.03674999997019767 -0.0015000000130385156
v 0.029928756877779954 0.03339413553476333 -0.00179999996908009
v 0.03589233756065368 0.03276733309030532 -0.013799999840557572
v 0.029928756877779954 0.03339413553476333 -0.013799999840557572
v -0.03335500136017799 -0.03075000084936618 -0.013799999840557572
v -0.033183425664901726 -0.031750001013278954 -0.013799999840557572
v -0.03620015084743499 -0.02822835370898246 -0.013799999840557572
v -0.036104999482631676 -0.02775000035762786 -0.013799999840557572
v -0.036471113562583916 -0.028633885085582726 -0.013799999840557572
v -0.0342336818575859 -0.024628680199384682 -0.013799999840557572
v -0.03335500136017799 -0.02675000019371509 -0.013799999840557572
v -0.0335833616554737 -0.025601949542760842 -0.013799999840557572
v -0.03520695120096206 -0.023978361859917634 -0.013799999840557572
v -0.03620015084743499 -0.027271647006273263 -0.013799999840557572
v -0.03735499829053878 -0.028999999165534966 -0.013799999840557572
v -0.03687664493918418 -0.0289048496633768 -0.013799999840557572
v -0.03735499829053878 0.026499999687075608 -0.013799999840557572
v -0.03687664493918418 0.026595149189233773 -0.013799999840557572
v -0.03635499998927116 0.02374999970197677 -0.013799999840557572
v -0.036471113562583916 -0.026866115629672997 -0.013799999840557572
v -0.03687664493918418 -0.026595149189233773 -0.013799999840557572
v -0.03635499998927116 -0.02374999970197677 -0.013799999840557572
v -0.03735499829053878 -0.026499999687075608 -0.013799999840557572
v -0.04135499894618987 -0.031750001013278954 -0.013799999840557572
v -0.03335500136017799 0.03075000084936618 -0.013799999840557572
v -0.03335500136017799 0.02675000019371509 -0.013799999840557572
v -0.0335833616554737 0.025601949542760842 -0.013799999840557572
v -0.0342336818575859 0.024628680199384682 -0.013799999840557572
v -0.03410499915480613 0.03674999997019767 -0.013799999840557572
v -0.038855001330375664 0.02374999970197677 -0.013799999840557572
v -0.038238883018493645 0.026866115629672997 -0.013799999840557572
v -0.03783335536718368 0.026595149189233773 -0.013799999840557572
v -0.033105000853538506 0.03575000166893005 -0.013799999840557572
v -0.033105000853538506 0.03194895759224891 -0.013799999840557572
v -0.03329183533787727 0.0313623733818531 -0.013799999840557572
v -0.03520695120096206 0.023978361859917634 -0.013799999840557572
v -0.03620015084743499 0.027271647006273263 -0.013799999840557572
v -0.036104999482631676 0.02775000035762786 -0.013799999840557572
v -0.036471113562583916 0.026866115629672997 -0.013799999840557572
v -0.03620015084743499 0.02822835370898246 -0.013799999840557572
v -0.03635499998927116 0.03674999997019767 -0.013799999840557572
v -0.036471113562583916 0.028633885085582726 -0.013799999840557572
v -0.03687664493918418 0.0289048496633768 -0.013799999840557572
v -0.03735499829053878 0.028999999165534966 -0.013799999840557572
v -0.038238883018493645 -0.028633885085582726 -0.013799999840557572
v -0.03783335536718368 -0.0289048496633768 -0.013799999840557572
v -0.03850984945893287 -0.02822835370898246 -0.013799999840557572
v -0.03783335536718368 -0.026595149189233773 -0.013799999840557572
v -0.0383550003170967 -0.02374999970197677 -0.013799999840557572
v -0.038238883018493645 -0.026866115629672997 -0.013799999840557572
v -0.03850984945893287 -0.027271647006273263 -0.013799999840557572
v -0.0395030528306961 -0.023521639406681054 -0.013799999840557572
v -0.038605000823736184 -0.02775000035762786 -0.013799999840557572
v -0.04047632217407226 -0.02287132106721401 -0.013799999840557572
v -0.04135499894618987 -0.020749999210238453 -0.013799999840557572
v -0.04435500130057334 -0.031750001013278954 -0.013799999840557572
v -0.04112663865089416 -0.0218980498611927 -0.013799999840557572
v -0.04435500130057334 0.028750000521540635 -0.013799999840557572
v -0.04135499894618987 0.02374999970197677 -0.013799999840557572
v -0.0407995618879795 0.03540175780653953 -0.013799999840557572
v -0.03850984945893287 0.027271647006273263 -0.013799999840557572
v -0.03783335536718368 0.0289048496633768 -0.013799999840557572
v -0.03791572153568267 0.03659628331661224 -0.013799999840557572
v -0.03850984945893287 0.02822835370898246 -0.013799999840557572
v -0.038238883018493645 0.028633885085582726 -0.013799999840557572
v -0.03941646590828895 0.036141037940979 -0.013799999840557572
v -0.038605000823736184 0.02775000035762786 -0.013799999840557572
v -0.04201185703277587 0.0344068519771099 -0.013799999840557572
v -0.04420128092169761 0.03031072206795215 -0.013799999840557572
v -0.04374603554606437 0.031811468303203576 -0.013799999840557572
v -0.0430067554116249 0.03319456055760383 -0.013799999840557572
v 0.005789116490632295 -0.03747079521417617 -0.00179999996908009
v 0.005817815661430358 -0.03719773516058921 -0.00179999996908009
v 0.005817815661430358 -0.03719773516058921 -0.0015000000130385156
v 0.005789116490632295 -0.03747079521417617 -0.0015000000130385156
v -0.0058521563187241546 -0.03674999997019767 -0.008799999952316282
v 0.0052395910024642936 -0.03791579231619834 -0.008799999952316282
v 0.0052395910024642936 -0.03791579231619834 -0.0015000000130385156
v -0.0058521563187241546 -0.03674999997019767 -0.0015000000130385156
v 0.036168850958347314 -0.041161715984344475 -0.013799999840557572
v 0.03662983700633048 -0.03674999997019767 -0.013799999840557572
v 0.03662983700633048 -0.03674999997019767 -0.0015000000130385156
v 0.036168850958347314 -0.041161715984344475 -0.0015000000130385156
v 0.02821304649114608 -0.04033039882779121 -0.008799999952316282
v 0.036168850958347314 -0.041161715984344475 -0.013799999840557572
v 0.036168850958347314 -0.041161715984344475 -0.0015000000130385156
v 0.02821304649114608 -0.04033039882779121 -0.0015000000130385156
v 0.02821304649114608 -0.04033039882779121 -0.013799999840557572
v -0.04412664100527763 0.028750000521540635 -0.0003519496822264045
v -0.04250305145978927 0.028750000521540635 0.001271638670004904
v -0.04135499894618987 0.028750000521540635 0.0015000000130385156
v -0.04125892743468284 0.029725452885031693 0.0015000000130385156
v -0.040974400937557214 0.03066341765224933 0.0015000000130385156
v -0.04238491877913474 0.02994942478835582 0.001271638670004904
v -0.04353505745530128 0.03172407671809196 -0.0003519496822264045
v -0.042816884815692895 0.03306769207119941 -0.0003519496822264045
v -0.04203505814075469 0.031102756038308137 0.001271638670004904
v -0.040512349456548684 0.031527850776910775 0.0015000000130385156
v -0.04397730901837348 0.030266173183917992 -0.0003519496822264045
v -0.041466914117336266 0.03216567263007163 0.001271638670004904
v -0.03989053517580032 0.032285533845424645 0.0015000000130385156
v -0.043339483439922326 0.030139300972223275 0.0006213203887455164
v -0.04347632080316543 0.028750000521540635 0.0006213203887455164
v -0.04293424263596534 0.03147521242499351 0.0006213203887455164
v -0.042276162654161446 0.03270639479160308 0.0006213203887455164
v -0.04185038059949874 0.03424537554383277 -0.0003519496822264045
v -0.0413905344903469 0.03378553315997123 0.0006213203887455164
v -0.040702328085899346 0.033097326755523675 0.001271638670004904
v -0.04067268967628478 0.035211879760026925 -0.0003519496822264045
v -0.039132852107286446 0.03290734812617301 0.0015000000130385156
v -0.039770670235157006 0.03386191651225089 0.001271638670004904
v -0.03826841711997985 0.033369395881891244 0.0015000000130385156
v -0.040311392396688454 0.034671161323785775 0.0006213203887455164
v -0.03635499998927116 0.03674999997019767 -0.0015000000130385156
v -0.037871170789003365 0.03637231141328811 -0.0003519496822264045
v -0.03755442425608634 0.03477991744875907 0.001271638670004904
v -0.03870775550603866 0.03443005681037902 0.001271638670004904
v -0.037330452352762215 0.03365392610430717 0.0015000000130385156
v -0.03635499998927116 0.0337500013411045 0.0015000000130385156
v -0.03932907804846763 0.035930056124925606 -0.0003519496822264045
v -0.03908021003007888 0.03532924130558967 0.0006213203887455164
v -0.037744302302598946 0.03573448583483695 0.0006213203887455164
v -0.03635499998927116 0.0348980501294136 0.001271638670004904
v -0.03635499998927116 0.03587131947278976 0.0006213203887455164
v -0.03635499998927116 0.03652163594961166 -0.0003519496822264045
v -0.03635499998927116 0.0348980501294136 0.001271638670004904
v -0.002099534729495644 0.03485428169369697 0.001289364881813526
v -0.002071373630315065 0.03539162874221801 0.0010109865106642244
v -0.03635499998927116 0.03587131947278976 0.0006213203887455164
v -0.0020462342072278257 0.03587131947278976 0.0006213203887455164
v -0.03635499998927116 0.03652163594961166 -0.0003519496822264045
v -0.0020258126314729448 0.036260984838008874 0.00014162926527205852
v -0.0020112232305109497 0.03653936460614204 -0.0003957158769480883
v -0.03635499998927116 0.03674999997019767 -0.0015000000130385156
v -0.002000184496864676 0.03674999997019767 -0.0015000000130385156
v -0.04135499894618987 0.028750000521540635 0.0015000000130385156
v -0.04135499894618987 -0.0337500013411045 0.0015000000130385156
v -0.042996626347303384 -0.03539162874221801 0.0010109865106642244
v -0.04245928674936294 -0.03485428169369697 0.001289364881813526
v -0.04347632080316543 -0.03587131947278976 0.0006213203887455164
v -0.043865986168384545 -0.036260984838008874 0.00014162926527205852
v -0.04430491477251052 -0.03669991716742515 -0.0009541108738631008
v -0.04435500130057334 0.028750000521540635 -0.0015000000130385156
v -0.04414436221122741 -0.03653936460614204 -0.0003957158769480883
v -0.04435500130057334 -0.03674999997019767 -0.0015000000130385156
v -0.0020112232305109497 0.03653936460614204 -0.0003957158769480883
v 0.035868469625711434 0.03254022449254989 -0.0003519496822264045
v -0.0020258126314729448 0.036260984838008874 0.00014162926527205852
v 0.0358004905283451 0.03189346939325332 0.0006213203887455164
v -0.0020462342072278257 0.03587131947278976 0.0006213203887455164
v -0.002071373630315065 0.03539162874221801 0.0010109865106642244
v 0.035698756575584405 0.03092553094029426 0.001271638670004904
v -0.002099534729495644 0.03485428169369697 0.001289364881813526
v 0.03557875379920005 0.029783770442008965 0.0015000000130385156
v -0.002157407812774181 0.0337500013411045 0.0015000000130385156
v -0.005780967418104409 -0.03539162874221801 0.0010109865106642244
v -0.04245928674936294 -0.03485428169369697 0.001289364881813526
v -0.042996626347303384 -0.03539162874221801 0.0010109865106642244
v -0.005806106608361005 -0.03587131947278976 0.0006213203887455164
v -0.005694932769984006 -0.0337500013411045 0.0015000000130385156
v -0.04135499894618987 -0.0337500013411045 0.0015000000130385156
v -0.0057528060860931865 -0.03485428169369697 0.001289364881813526
v -0.04347632080316543 -0.03587131947278976 0.0006213203887455164
v -0.005841117352247237 -0.03653936460614204 -0.0003957158769480883
v -0.043865986168384545 -0.036260984838008874 0.00014162926527205852
v -0.04414436221122741 -0.03653936460614204 -0.0003957158769480883
v -0.04430491477251052 -0.03669991716742515 -0.0009541108738631008
v -0.04435500130057334 -0.03674999997019767 -0.0015000000130385156
v -0.0058521563187241546 -0.03674999997019767 -0.0015000000130385156
v -0.005826528184115886 -0.036260984838008874 0.00014162926527205852
v 0.03364627063274383 -0.036436412483453744 0.0015000000130385156
v 0.03478803113102912 -0.036556418985128396 0.0012716387864202259
v 0.04002872109413146 0.024288516491651528 0.0015000000130385156
v 0.041170481592416756 0.024168513715267174 0.001271638670004904
v 0.03575597330927848 -0.03665815293788909 0.0006213205633684992
v 0.04213842004537582 0.024066779762506478 0.0006213203887455164
v 0.03640272840857505 -0.036726132035255425 -0.00035194956581108267
v 0.03662983700633048 -0.03674999997019767 -0.0015000000130385156
v 0.04278517514467239 0.023998802527785294 -0.0003519496822264045
v 0.04301228746771812 0.02397493086755275 -0.0015000000130385156
v 0.0052033187821507445 -0.03786161914467811 -0.0009541108738631008
v -0.005841117352247237 -0.03653936460614204 -0.0003957158769480883
v 0.0050870408304035655 -0.03768796101212501 -0.0003957158769480883
v -0.005826528184115886 -0.036260984838008874 0.00014162926527205852
v 0.004885428119450807 -0.037386860698461526 0.00014162926527205852
v 0.0046032159589231006 -0.03696538507938384 0.0006213203887455164
v -0.005806106608361005 -0.03587131947278976 0.0006213203887455164
v 0.004255805164575576 -0.03644653782248496 0.0010109865106642244
v -0.005780967418104409 -0.03539162874221801 0.0010109865106642244
v 0.0038666382897645226 -0.03586532920598983 0.001289364881813526
v -0.0057528060860931865 -0.03485428169369697 0.001289364881813526
v 0.0030668717809021464 -0.03467090055346488 0.0015000000130385156
v -0.005694932769984006 -0.0337500013411045 0.0015000000130385156
v 0.03612424060702323 -0.04110669717192649 -0.0009541108738631008
v 0.03640272840857505 -0.036726132035255425 -0.00035194956581108267
v 0.03573330491781234 -0.04062452912330627 0.00014162926527205852
v 0.03575597330927848 -0.03665815293788909 0.0006213205633684992
v 0.03598124161362647 -0.04093033075332641 -0.0003957158769480883
v 0.03478803113102912 -0.036556418985128396 0.0012716387864202259
v 0.03364627063274383 -0.036436412483453744 0.0015000000130385156
v 0.03349687159061431 -0.037866178900003426 0.0015000000130385156
v 0.03495900332927703 -0.039669528603553765 0.0010109865106642244
v 0.03538624569773673 -0.0401964746415615 0.0006213203887455164
v 0.03448041155934333 -0.03907924890518188 0.001289364881813526
v 0.005597983021289109 -0.03727420791983604 -0.0003957158769480883
v 0.00577350566163659 -0.037140179425477975 -0.0009541108738631008
v 0.005631463136523961 -0.036955665796995156 -0.0003957158769480883
v 0.005345378536731004 -0.03701439499855041 0.00014162926527205852
v 0.005385176744312047 -0.03663573786616325 0.00014162926527205852
v 0.00499178934842348 -0.03665072098374366 0.0006213203887455164
v 0.005743669345974921 -0.03742405027151107 -0.0009541108738631008
v 0.004068915266543626 -0.03570152819156646 0.001289364881813526
v 0.00461604120209813 -0.035636633634567254 0.0010109865106642244
v 0.004140642005950212 -0.03501909226179122 0.001289364881813526
v 0.0031636625062674275 -0.0337500013411045 0.0015000000130385156
v 0.0030668717809021464 -0.03467090055346488 0.0015000000130385156
v 0.0050404323264956466 -0.03618791699409484 0.0006213203887455164
v 0.004556510597467422 -0.0362030304968357 0.0010109865106642244
v 0.03612424060702323 -0.04110669717192649 -0.0009541108738631008
v 0.02823678031563758 -0.04010327160358428 -0.00035194956581108267
v 0.03598124161362647 -0.04093033075332641 -0.0003957158769480883
v 0.03573330491781234 -0.04062452912330627 0.00014162926527205852
v 0.028304364532232278 -0.03945647552609443 0.0006213205633684992
v 0.03538624569773673 -0.0401964746415615 0.0006213203887455164
v 0.03495900332927703 -0.039669528603553765 0.0010109865106642244
v 0.028405513614416115 -0.038488477468490594 0.0012716387864202259
v 0.03448041155934333 -0.03907924890518188 0.001289364881813526
v 0.03349687159061431 -0.037866178900003426 0.0015000000130385156
v 0.028524825349450104 -0.03734664246439933 0.0015000000130385156
v 0.0031636625062674275 -0.0337500013411045 0.0015000000130385156
v 0.004323681350797414 -0.03485428169369697 0.001289364881813526
v 0.02304960042238235 -0.03485428169369697 0.001289364881813526
v 0.004888146650046109 -0.03539162874221801 0.0010109865106642244
v 0.005392048973590135 -0.03587131947278976 0.0006213203887455164
v 0.021731810644268986 -0.03587131947278976 0.0006213203887455164
v 0.022353354841470715 -0.03539162874221801 0.0010109865106642244
v 0.024480437859892838 -0.0337500013411045 0.0015000000130385156
v 0.021226914599537846 -0.036260984838008874 0.00014162926527205852
v 0.005801382008939981 -0.036260984838008874 0.00014162926527205852
v 0.006093810778111218 -0.03653936460614204 -0.0003957158769480883
v 0.02086621709167957 -0.03653936460614204 -0.0003957158769480883
v 0.006262464914470909 -0.03669991716742515 -0.0009541108738631008
v 0.0063150767236948 -0.03674999997019767 -0.0015000000130385156
v 0.020593294873833653 -0.03674999997019767 -0.0015000000130385156
v 0.02065818756818771 -0.03669991716742515 -0.0009541108738631008
v 0.02139758877456188 -0.03956370428204536 -0.0009541108738631008
v 0.02823678031563758 -0.04010327160358428 -0.00035194956581108267
v 0.021807240322232243 -0.039165411144495 0.00014162926527205852
v 0.028304364532232278 -0.03945647552609443 0.0006213205633684992
v 0.021547429263591763 -0.03941801935434341 -0.0003957158769480883
v 0.022618608549237248 -0.03837654367089271 0.0010109865106642244
v 0.028405513614416115 -0.038488477468490594 0.0012716387864202259
v 0.024150736629962914 -0.036886904388666146 0.0015000000130385156
v 0.028524825349450104 -0.03734664246439933 0.0015000000130385156
v 0.02217091619968414 -0.03881182521581649 0.0006213203887455164
v 0.02312011085450649 -0.037888951599597924 0.001289364881813526
v 0.02096002176403999 -0.039023354649543755 -0.0009541108738631008
v 0.02114714868366718 -0.03724296018481254 -0.0009541108738631008
v 0.02113367803394794 -0.038907073438167565 -0.0003957158769480883
v 0.021328564733266827 -0.03705285117030143 -0.0003957158769480883
v 0.021434780210256573 -0.038705464452505105 0.00014162926527205852
v 0.021643120795488354 -0.03672323003411292 0.00014162926527205852
v 0.021856253966689106 -0.038423251360654824 0.0006213203887455164
v 0.02208342961966991 -0.036261830478906625 0.0006213203887455164
v 0.022375103086233136 -0.03807583823800086 0.0010109865106642244
v 0.02262546122074127 -0.03569383174180984 0.0010109865106642244
v 0.02295630984008312 -0.03768667206168174 0.001289364881813526
v 0.02323263883590698 -0.035057570785284035 0.001289364881813526
v 0.024150736629962914 -0.036886904388666146 0.0015000000130385156
v 0.024480437859892838 -0.0337500013411045 0.0015000000130385156
v 0.005340099334716796 -0.037916194647550576 -0.008799999952316282
v 0.005340099334716796 -0.037916194647550576 -0.00179999996908009
v 0.005433863028883933 -0.037897936999797814 -0.0015000000130385156
v 0.005716546904295682 -0.03762215003371238 -0.00179999996908009
v 0.005643977317959069 -0.03777350485324859 -0.00179999996908009
v 0.005731264129281043 -0.03765710815787315 -0.0015000000130385156
v 0.005606515333056449 -0.03780710324645042 -0.0015000000130385156
v 0.005492038093507289 -0.03784484788775443 -0.00179999996908009
v 0.00541606917977333 -0.0378805249929428 -0.00179999996908009
v 0.005733556579798459 -0.037649724632501595 -0.0015000000130385156
v 0.005678878631442784 -0.03758869692683219 -0.0008874483173713086
v 0.005731264129281043 -0.03765710815787315 -0.0015000000130385156
v 0.005743669345974921 -0.03742405027151107 -0.0009541108738631008
v 0.005789116490632295 -0.03747079521417617 -0.0015000000130385156
v 0.005597983021289109 -0.03727420791983604 -0.0003957158769480883
v 0.005552006885409354 -0.03773978725075721 -0.000876877049449831
v 0.005515499506145715 -0.03740917891263961 -0.0003074502456001937
v 0.005345378536731004 -0.03701439499855041 0.00014162926527205852
v 0.005393995437771081 -0.03754466399550437 -0.0002905666769947856
v 0.005426164716482162 -0.03789864480495452 -0.0015000000130385156
v 0.005433863028883933 -0.037897936999797814 -0.0015000000130385156
v 0.005377835128456353 -0.03783247247338294 -0.0008874483173713086
v 0.0052033187821507445 -0.03786161914467811 -0.0009541108738631008
v 0.0052395910024642936 -0.03791579231619834 -0.0015000000130385156
v 0.005606515333056449 -0.03780710324645042 -0.0015000000130385156
v 0.005236214026808738 -0.037635341286659234 -0.0003074502456001937
v 0.0050870408304035655 -0.03768796101212501 -0.0003957158769480883
v 0.0051453402265906325 -0.03723759949207305 0.00023263625917024905
v 0.004556510597467422 -0.0362030304968357 0.0010109865106642244
v 0.004437074996531009 -0.03636296465992927 0.0010307407937943933
v 0.004068915266543626 -0.03570152819156646 0.001289364881813526
v 0.004821841605007648 -0.03683811053633689 0.000676015275530517
v 0.0030668717809021464 -0.03467090055346488 0.0015000000130385156
v 0.004885428119450807 -0.037386860698461526 0.00014162926527205852
v 0.004255805164575576 -0.03644653782248496 0.0010109865106642244
v 0.0038666382897645226 -0.03586532920598983 0.001289364881813526
v 0.0030668717809021464 -0.03467090055346488 0.0015000000130385156
v 0.021171912550926205 -0.03955359384417533 -0.0015000000130385156
v 0.021232943981885907 -0.03949891403317451 -0.0008874483173713086
v 0.021164529025554654 -0.03955129906535148 -0.0015000000130385156
v 0.02139758877456188 -0.03956370428204536 -0.0009541108738631008
v 0.021350845694541928 -0.039609149098396294 -0.0015000000130385156
v 0.021547429263591763 -0.03941801935434341 -0.0003957158769480883
v 0.02108184993267059 -0.03937203809618949 -0.000876877049449831
v 0.02141245640814304 -0.039335533976554864 -0.0003074502456001937
v 0.021807240322232243 -0.039165411144495 0.00014162926527205852
v 0.021276976913213726 -0.03921402990818023 -0.0002905666769947856
v 0.02092299237847328 -0.03924620151519775 -0.0015000000130385156
v 0.020923700183629986 -0.03925389796495437 -0.0015000000130385156
v 0.020989164710044857 -0.0391978695988655 -0.0008874483173713086
v 0.02096002176403999 -0.039023354649543755 -0.0009541108738631008
v 0.020905848592519757 -0.03905962407588958 -0.0015000000130385156
v 0.02101453766226768 -0.039426550269126885 -0.0015000000130385156
v 0.021186295896768566 -0.039056248962879174 -0.0003074502456001937
v 0.02113367803394794 -0.038907073438167565 -0.0003957158769480883
v 0.021584041416645047 -0.038965374231338494 0.00023263625917024905
v 0.022618608549237248 -0.03837654367089271 0.0010109865106642244
v 0.02245867624878883 -0.03825711086392402 0.0010307407937943933
v 0.02312011085450649 -0.037888951599597924 0.001289364881813526
v 0.021983528509736058 -0.03864187747240066 0.000676015275530517
v 0.024150736629962914 -0.036886904388666146 0.0015000000130385156
v 0.021434780210256573 -0.038705464452505105 0.00014162926527205852
v 0.022375103086233136 -0.03807583823800086 0.0010109865106642244
v 0.02295630984008312 -0.03768667206168174 0.001289364881813526
v 0.024150736629962914 -0.036886904388666146 0.0015000000130385156
v 0.02065818756818771 -0.03669991716742515 -0.0009541108738631008
v 0.020593294873833653 -0.03674999997019767 -0.0015000000130385156
v 0.020784635096788403 -0.03678805753588676 -0.0015000000130385156
v 0.02085379138588905 -0.036737393587827676 -0.0009465429466217754
v 0.020787481218576428 -0.03678996115922927 -0.0015000000130385156
v 0.02094684727489948 -0.03689644485712051 -0.0015000000130385156
v 0.021053157746791836 -0.036578632891178124 -0.00040377528057433654
v 0.021205121651291844 -0.03669910877943038 -0.00042378061334602524
v 0.02096118219196796 -0.03691789507865905 -0.0015000000130385156
v 0.02102371677756309 -0.036862444132566445 -0.0009591283742338417
v 0.021309055387973782 -0.036862831562757485 -0.00040377528057433654
v 0.02105523459613323 -0.03705865889787673 -0.0015000000130385156
v 0.021130325272679325 -0.037044510245323174 -0.0009465429466217754
v 0.021064663305878636 -0.037106052041053765 -0.0015000000130385156
v 0.021093294024467465 -0.03725000098347663 -0.0015000000130385156
v 0.02114714868366718 -0.03724296018481254 -0.0009541108738631008
v 0.021093294024467465 -0.03725000098347663 -0.0015000000130385156
v 0.021090555936098095 -0.03730226680636405 -0.0015000000130385156
v 0.021328564733266827 -0.03705285117030143 -0.0003957158769480883
v 0.02086621709167957 -0.03653936460614204 -0.0003957158769480883
v 0.021226914599537846 -0.036260984838008874 0.00014162926527205852
v 0.02151132375001907 -0.036423400044441216 9.119418973568826e-05
v 0.02304960042238235 -0.03485428169369697 0.001289364881813526
v 0.022353354841470715 -0.03539162874221801 0.0010109865106642244
v 0.022473275661468502 -0.03555725514888763 0.0009535587741993366
v 0.021731810644268986 -0.03587131947278976 0.0006213203887455164
v 0.024480437859892838 -0.0337500013411045 0.0015000000130385156
v 0.02208342961966991 -0.036261830478906625 0.0006213203887455164
v 0.021643120795488354 -0.03672323003411292 0.00014162926527205852
v 0.02193845063447952 -0.0360388159751892 0.0005593217792920767
v 0.02323263883590698 -0.035057570785284035 0.001289364881813526
v 0.024480437859892838 -0.0337500013411045 0.0015000000130385156
v 0.02262546122074127 -0.03569383174180984 0.0010109865106642244
v 0.0063150767236948 -0.03674999997019767 -0.0015000000130385156
v 0.006135893054306505 -0.03678321093320846 -0.00179999996908009
v 0.0063150767236948 -0.03674999997019767 -0.00179999996908009
v 0.006135893054306505 -0.03678321093320846 -0.0015000000130385156
v 0.005980511195957659 -0.036878429353237145 -0.00179999996908009
v 0.005980511195957659 -0.036878429353237145 -0.0015000000130385156
v 0.005869573447853325 -0.03702300786972045 -0.00179999996908009
v 0.005869573447853325 -0.03702300786972045 -0.0015000000130385156
v 0.004323681350797414 -0.03485428169369697 0.001289364881813526
v 0.0031636625062674275 -0.0337500013411045 0.0015000000130385156
v 0.004765167832374572 -0.03552865236997604 0.0009622138459235428
v 0.004888146650046109 -0.03539162874221801 0.0010109865106642244
v 0.005534715019166469 -0.036383319646120064 0.00011074122448917476
v 0.005392048973590135 -0.03587131947278976 0.0006213203887455164
v 0.005192489828914403 -0.03600324317812919 0.0005735571030527352
v 0.0050404323264956466 -0.03618791699409484 0.0006213203887455164
v 0.005801382008939981 -0.036260984838008874 0.00014162926527205852
v 0.004140642005950212 -0.03501909226179122 0.001289364881813526
v 0.00461604120209813 -0.035636633634567254 0.0010109865106642244
v 0.0031636625062674275 -0.0337500013411045 0.0015000000130385156
v 0.005385176744312047 -0.03663573786616325 0.00014162926527205852
v 0.005782953463494777 -0.036659017205238335 -0.0004040378553327172
v 0.005631463136523961 -0.036955665796995156 -0.0003957158769480883
v 0.006093810778111218 -0.03653936460614204 -0.0003957158769480883
v 0.0060875671915709955 -0.03672729060053825 -0.0009374582441523669
v 0.006262464914470909 -0.03669991716742515 -0.0009541108738631008
v 0.006135893054306505 -0.03678321093320846 -0.0015000000130385156
v 0.00593155389651656 -0.036824055016040795 -0.0009460907313041387
v 0.0063150767236948 -0.03674999997019767 -0.0015000000130385156
v 0.005980511195957659 -0.036878429353237145 -0.0015000000130385156
v 0.005819011479616164 -0.03696909546852111 -0.0009374582441523669
v 0.005869573447853325 -0.03702300786972045 -0.0015000000130385156
v 0.00577350566163659 -0.037140179425477975 -0.0009541108738631008
v 0.005817815661430358 -0.03719773516058921 -0.0015000000130385156
v 0.04292215034365653 0.026269044727087014 -0.013799999840557572
v 0.04292215034365653 0.026269044727087014 -0.0015000000130385156
v 0.04252475500106811 0.027678104117512696 -0.013799999840557572
v 0.041877232491970055 0.02899114787578582 -0.013799999840557572
v 0.041877232491970055 0.02899114787578582 -0.0015000000130385156
v 0.04252475500106811 0.027678104117512696 -0.0015000000130385156
v 0.04100127145648002 0.030164206400513642 -0.0015000000130385156
v 0.04100127145648002 0.030164206400513642 -0.013799999840557572
v 0.03992620110511779 0.031157987192273133 -0.013799999840557572
v 0.03992620110511779 0.031157987192273133 -0.0015000000130385156
v 0.0386880338191986 0.03193921223282813 -0.013799999840557572
v 0.03732823580503463 0.032481715083122246 -0.013799999840557572
v 0.03732823580503463 0.032481715083122246 -0.0015000000130385156
v 0.0386880338191986 0.03193921223282813 -0.0015000000130385156
v 0.03557875379920005 0.029783770442008965 0.0015000000130385156
v 0.03653881698846816 0.029586259275674813 0.0015000000130385156
v 0.036879263818264 0.03068266995251178 0.001271638670004904
v 0.0374419055879116 0.029205245897173875 0.0015000000130385156
v 0.038764417171478265 0.031641010195016854 -0.0003519496822264045
v 0.04002559930086135 0.030786322429776185 -0.0003519496822264045
v 0.03798970952630042 0.030214171856641762 0.001271638670004904
v 0.03825330734252929 0.028655368834733956 0.0015000000130385156
v 0.03736072406172752 0.03223323076963424 -0.0003519496822264045
v 0.03898741677403449 0.029538039118051522 0.001271638670004904
v 0.03894184157252311 0.027957761660218232 0.0015000000130385156
v 0.03716787695884704 0.03161216527223586 0.0006213203887455164
v 0.03845411166548728 0.031069498509168618 0.0006213203887455164
v 0.03960976004600524 0.03028632886707782 0.0006213203887455164
v 0.03983404487371444 0.02868025377392768 0.001271638670004904
v 0.04059041664004325 0.029292751103639596 0.0006213203887455164
v 0.04109580814838409 0.02970201149582862 -0.0003519496822264045
v 0.0404970571398735 0.02767378278076648 0.001271638670004904
v 0.04193391278386115 0.02842974849045276 -0.0003519496822264045
v 0.039481047540903084 0.027139233425259583 0.0015000000130385156
v 0.039850208908319466 0.026231236755847924 0.0015000000130385156
v 0.04095098376274108 0.0265573002398014 0.001271638670004904
v 0.041358388960361474 0.028126951307058327 0.0006213203887455164
v 0.04305611178278922 0.02481116168200969 -0.0015000000130385156
v 0.04279514774680137 0.025522278621792786 -0.0003519496822264045
v 0.0411783717572689 0.025373715907335274 0.001271638670004904
v 0.040035136044025414 0.025268668308854096 0.0015000000130385156
v 0.04002872109413146 0.024288516491651528 0.0015000000130385156
v 0.042507711797952645 0.027018424123525613 -0.0003519496822264045
v 0.04188417270779609 0.02683372423052787 0.0006213203887455164
v 0.042147554457187646 0.025462772697210305 0.0006213203887455164
v 0.0063150767236948 -0.0337500013411045 -0.00179999996908009
v 0.0063150767236948 -0.0337500013411045 2.2392906794421487e-16
v 0.020593294873833653 -0.0337500013411045 2.2395381718814245e-16
v 0.020593294873833653 -0.0337500013411045 -0.00179999996908009
v 0.0038611225318163625 -0.034754384309053414 2.2398055166554017e-16
v 0.0038611225318163625 -0.034754384309053414 -0.008799999952316282
v -0.005694932769984006 -0.0337500013411045 -0.008799999952316282
v -0.005694932769984006 -0.0337500013411045 2.2390823622766833e-16
v 0.0063150767236948 -0.0337500013411045 2.2392906794421487e-16
v 0.005773554556071757 -0.033792145550251 -0.00179999996908009
v 0.005639486014842986 -0.033815823495388024 2.2393155610349742e-16
v 0.0063150767236948 -0.0337500013411045 -0.00179999996908009
v 0.004989305976778268 -0.034010816365480416 2.2394124404283165e-16
v 0.005773554556071757 -0.033792145550251 -0.008799999952316282
v 0.004741960670799016 -0.03412345051765441 -0.008799999952316282
v 0.0038611225318163625 -0.034754384309053414 -0.008799999952316282
v 0.004388991743326186 -0.03432763740420341 2.239577876550827e-16
v 0.0038611225318163625 -0.034754384309053414 2.2398055166554017e-16
v -0.033105000853538506 -0.03194895759224891 -0.008799999952316282
v -0.04135499894618987 -0.03674999997019767 -0.008799999952316282
v -0.04135499894618987 -0.031750001013278954 -0.008799999952316282
v -0.033183425664901726 -0.031750001013278954 -0.008799999952316282
v -0.033105000853538506 -0.03674999997019767 -0.008799999952316282
v -0.04435500130057334 -0.03674999997019767 -0.008799999952316282
v -0.04435500130057334 -0.031750001013278954 -0.013799999840557572
v -0.04135499894618987 -0.031750001013278954 -0.013799999840557572
v -0.04135499894618987 -0.03674999997019767 -0.008799999952316282
v 0.024282170459628098 -0.02986216358840465 2.2374441476171343e-16
v 0.024282170459628098 -0.02986216358840465 -0.013799999840557572
v 0.02383595518767833 -0.03410763666033744 -0.008799999952316282
v 0.02383595518767833 -0.03410763666033744 -0.013799999840557572
v 0.023808628320693963 -0.0343676283955574 -0.008799999952316282
v 0.023808628320693963 -0.0343676283955574 2.239936806762226e-16
v 0.03155741095542907 -0.027610296383500092 2.236320240775246e-16
v 0.03155741095542907 -0.027610296383500092 -0.013799999840557572
v 0.02757932245731353 -0.02719218283891677 -0.013799999840557572
v 0.02757932245731353 -0.02719218283891677 2.236019279381175e-16
v 0.032544426620006554 0.020047606900334355 2.2098819602112754e-16
v 0.032544426620006554 0.020047606900334355 -0.013799999840557572
v 0.030292559415101998 0.027322845533490174 2.205804290663634e-16
v 0.030292559415101998 0.027322845533490174 -0.013799999840557572
v 0.029874445870518677 0.023344758898019787 -0.013799999840557572
v 0.029874445870518677 0.023344758898019787 2.208005385186413e-16
v -0.03335500136017799 0.02675000019371509 2.2050181382094636e-16
v -0.03335500136017799 0.02675000019371509 -0.013799999840557572
v -0.03335500136017799 0.03075000084936618 -0.013799999840557572
v -0.03335500136017799 0.03075000084936618 2.2027977207475752e-16
v -0.04135499894618987 0.02374999970197677 2.2065447827479914e-16
v -0.04135499894618987 0.02374999970197677 -0.013799999840557572
v -0.03635499998927116 0.02374999970197677 -0.013799999840557572
v -0.03635499998927116 0.02374999970197677 2.206631471276187e-16
v -0.03635499998927116 -0.02374999970197677 -0.013799999840557572
v -0.0383550003170967 -0.02374999970197677 -0.013799999840557572
v -0.0383550003170967 -0.02374999970197677 2.232964666815139e-16
v -0.03635499998927116 -0.02374999970197677 2.2329993422264173e-16
v -0.03335500136017799 -0.03075000084936618 2.236936986639966e-16
v -0.03335500136017799 -0.03075000084936618 -0.013799999840557572
v -0.03335500136017799 -0.02675000019371509 -0.013799999840557572
v -0.03335500136017799 -0.02675000019371509 2.2347167015269754e-16
v -0.033183425664901726 -0.031750001013278954 -0.008799999952316282
v -0.04135499894618987 -0.031750001013278954 -0.008799999952316282
v -0.04135499894618987 -0.031750001013278954 -0.013799999840557572
v -0.033183425664901726 -0.031750001013278954 -0.013799999840557572
v 0.02881211414933204 -0.03463064879179 -0.008799999952316282
v 0.02881211414933204 -0.03463064879179 -0.013799999840557572
v 0.02821304649114608 -0.04033039882779121 -0.013799999840557572
v 0.02821304649114608 -0.04033039882779121 -0.008799999952316282
v 0.02383595518767833 -0.03410763666033744 -0.008799999952316282
v 0.02383595518767833 -0.03410763666033744 -0.013799999840557572
v 0.02881211414933204 -0.03463064879179 -0.013799999840557572
v 0.02881211414933204 -0.03463064879179 -0.008799999952316282
v -0.04112663865089416 -0.0218980498611927 2.231888405576534e-16
v -0.04112663865089416 -0.0218980498611927 -0.013799999840557572
v -0.04135499894618987 -0.020749999210238453 -0.013799999840557572
v -0.04135499894618987 -0.020749999210238453 2.231247307514581e-16
v -0.04047632217407226 -0.02287132106721401 2.2324400357834335e-16
v -0.04047632217407226 -0.02287132106721401 -0.013799999840557572
v -0.0383550003170967 -0.02374999970197677 2.232964666815139e-16
v -0.0383550003170967 -0.02374999970197677 -0.013799999840557572
v -0.0395030528306961 -0.023521639406681054 -0.013799999840557572
v -0.0395030528306961 -0.023521639406681054 2.2328180242361457e-16
v -0.03335500136017799 -0.02675000019371509 -0.013799999840557572
v -0.0335833616554737 -0.025601949542760842 -0.013799999840557572
v -0.0335833616554737 -0.025601949542760842 2.2340753387672263e-16
v -0.03335500136017799 -0.02675000019371509 2.2347167015269754e-16
v -0.0342336818575859 -0.024628680199384682 -0.013799999840557572
v -0.0342336818575859 -0.024628680199384682 2.233523973258123e-16
v -0.03520695120096206 -0.023978361859917634 -0.013799999840557572
v -0.03635499998927116 -0.02374999970197677 -0.013799999840557572
v -0.03635499998927116 -0.02374999970197677 2.2329993422264173e-16
v -0.03520695120096206 -0.023978361859917634 2.2331459848054107e-16
v -0.033183425664901726 -0.031750001013278954 -0.008799999952316282
v -0.033183425664901726 -0.031750001013278954 -0.013799999840557572
v -0.03335500136017799 -0.03075000084936618 -0.013799999840557572
v -0.03335500136017799 -0.03075000084936618 2.236936986639966e-16
v -0.033105000853538506 -0.03194895759224891 -0.0027999999001622196
v -0.03312664106488227 -0.03189805150032043 2.237578349399715e-16
v -0.033105000853538506 -0.03194895759224891 -0.008799999952316282
v -0.0326474905014038 -0.03268506750464439 -0.0027999999001622196
v -0.032476320862770074 -0.03287131711840629 2.238129979606614e-16
v -0.031998645514249795 -0.033259671181440346 -0.0027999999001622196
v -0.031503051519393914 -0.03352163732051849 2.2385077033615305e-16
v -0.03121261298656463 -0.03362480551004409 -0.0027999999001622196
v -0.030354999005794518 -0.0337500013411045 2.23865461063832e-16
v -0.030354999005794518 -0.0337500013411045 -0.0027999999001622196
v 0.026413692161440842 -0.027299290522933 -0.013799999840557572
v 0.026413692161440842 -0.027299290522933 2.2360584546549854e-16
v 0.025377776473760598 -0.027844311669468873 -0.013799999840557572
v 0.025377776473760598 -0.027844311669468873 2.2363430047857037e-16
v 0.024629285559058182 -0.02874427288770675 -0.013799999840557572
v 0.024629285559058182 -0.02874427288770675 2.236829519334783e-16
v 0.03450744599103927 -0.026058206334710114 -0.013799999840557572
v 0.03450744599103927 -0.026058206334710114 2.2355097361238423e-16
v 0.033758956938982 -0.02695816755294799 -0.013799999840557572
v 0.033758956938982 -0.02695816755294799 2.2359965153707175e-16
v 0.03272304311394691 -0.027503188699483865 -0.013799999840557572
v 0.03272304311394691 -0.027503188699483865 2.2362810655014357e-16
v -0.03635499998927116 0.02374999970197677 -0.013799999840557572
v -0.03520695120096206 0.023978361859917634 -0.013799999840557572
v -0.03520695120096206 0.023978361859917634 2.2065246657154941e-16
v -0.03635499998927116 0.02374999970197677 2.206631471276187e-16
v -0.03335500136017799 0.02675000019371509 -0.013799999840557572
v -0.03335500136017799 0.02675000019371509 2.2050181382094636e-16
v -0.0335833616554737 0.025601949542760842 -0.013799999840557572
v -0.0342336818575859 0.024628680199384682 -0.013799999840557572
v -0.0335833616554737 0.025601949542760842 2.2056515600353322e-16
v -0.0342336818575859 0.024628680199384682 2.206180558580672e-16
v -0.030354999005794518 0.0337500013411045 2.2011845200297498e-16
v -0.03121261298656463 0.03362480551004409 -0.0027999999001622196
v -0.030354999005794518 0.0337500013411045 -0.0027999999001622196
v -0.031503051519393914 0.03352163732051849 2.2012913255904426e-16
v -0.031998645514249795 0.033259671181440346 -0.0027999999001622196
v -0.032476320862770074 0.03287131711840629 2.2016354327252647e-16
v -0.0326474905014038 0.03268506750464439 -0.0027999999001622196
v -0.033105000853538506 0.03194895759224891 -0.0027999999001622196
v -0.03329183533787727 0.0313623733818531 -0.013799999840557572
v -0.033105000853538506 0.03194895759224891 -0.013799999840557572
v -0.03335500136017799 0.03075000084936618 2.2027977207475752e-16
v -0.03335500136017799 0.03075000084936618 -0.013799999840557572
v -0.03312664106488227 0.03189805150032043 2.2021644312706046e-16
v 0.029981551691889756 0.02217912673950195 -0.013799999840557572
v 0.029981551691889756 0.02217912673950195 2.2086542918333487e-16
v 0.03052657283842563 0.021143211051821705 -0.013799999840557572
v 0.03052657283842563 0.021143211051821705 2.2092387445669541e-16
v 0.031426534056663506 0.02039472199976444 -0.013799999840557572
v 0.031426534056663506 0.02039472199976444 2.2096698049277678e-16
v 0.028829708695411675 0.03250413760542869 -0.00179999996908009
v 0.01270829979330301 0.0321875512599945 -0.00179999996908009
v 0.01291735656559467 0.03417659550905227 -0.00179999996908009
v 0.029928756877779954 0.03339413553476333 -0.00179999996908009
v 0.012027364224195477 0.0352756455540657 -0.00179999996908009
v 0.0286025833338499 0.030343204736709588 -0.00179999996908009
v 0.027622576802968972 0.030619997531175606 -0.00179999996908009
v 0.028829708695411675 0.03250413760542869 -0.00179999996908009
v 0.028829708695411675 0.03250413760542869 -0.013799999840557572
v 0.0286025833338499 0.030343204736709588 -0.013799999840557572
v 0.0286025833338499 0.030343204736709588 -0.00179999996908009
v 0.01270829979330301 0.0321875512599945 -0.00179999996908009
v 0.01270829979330301 0.0321875512599945 -0.013799999840557572
v 0.01291735656559467 0.03417659550905227 -0.013799999840557572
v 0.01291735656559467 0.03417659550905227 -0.00179999996908009
v 0.005789116490632295 -0.03747079521417617 -0.00179999996908009
v 0.005643977317959069 -0.03777350485324859 -0.00179999996908009
v 0.005340099334716796 -0.037916194647550576 -0.00179999996908009
v 0.005869573447853325 -0.03702300786972045 -0.00179999996908009
v 0.005817815661430358 -0.03719773516058921 -0.00179999996908009
v 0.005773554556071757 -0.033792145550251 -0.00179999996908009
v 0.006135893054306505 -0.03678321093320846 -0.00179999996908009
v 0.005980511195957659 -0.036878429353237145 -0.00179999996908009
v 0.0063150767236948 -0.0337500013411045 -0.00179999996908009
v 0.0063150767236948 -0.03674999997019767 -0.00179999996908009
v 0.020593294873833653 -0.0337500013411045 -0.00179999996908009
v 0.020593294873833653 -0.03674999997019767 -0.00179999996908009
v 0.021252449601888653 -0.03958864882588386 -0.00179999996908009
v 0.020984878763556477 -0.03938590362668037 -0.00179999996908009
v 0.020905848592519757 -0.03905962407588958 -0.00179999996908009
v 0.021841911599040028 -0.033980298787355416 -0.00179999996908009
v 0.021090555936098095 -0.03730226680636405 -0.00179999996908009
v 0.021093294024467465 -0.03725000098347663 -0.00179999996908009
v 0.020784635096788403 -0.03678805753588676 -0.00179999996908009
v 0.02105523459613323 -0.03705865889787673 -0.00179999996908009
v 0.02094684727489948 -0.03689644485712051 -0.00179999996908009
v 0.021841911599040028 -0.033980298787355416 -0.00179999996908009
v 0.021841911599040028 -0.033980298787355416 -0.008799999952316282
v 0.021252449601888653 -0.03958864882588386 -0.008799999952316282
v 0.021252449601888653 -0.03958864882588386 -0.00179999996908009
v 0.005340099334716796 -0.037916194647550576 -0.00179999996908009
v 0.005340099334716796 -0.037916194647550576 -0.008799999952316282
v 0.005773554556071757 -0.033792145550251 -0.008799999952316282
v 0.005773554556071757 -0.033792145550251 -0.00179999996908009
v -0.033105000853538506 0.03194895759224891 -0.0027999999001622196
v -0.033105000853538506 0.03194895759224891 -0.013799999840557572
v -0.033105000853538506 0.03575000166893005 -0.013799999840557572
v -0.033105000853538506 0.03575000166893005 -0.0027999999001622196
v -0.033105000853538506 0.03384948149323463 -0.0027999999001622196
v -0.0326474905014038 0.03268506750464439 -0.0027999999001622196
v -0.033105000853538506 0.03194895759224891 -0.0027999999001622196
v -0.03121261298656463 0.03362480551004409 -0.0027999999001622196
v -0.031998645514249795 0.033259671181440346 -0.0027999999001622196
v -0.030354999005794518 0.0337500013411045 -0.0027999999001622196
v -0.016104999929666516 0.03674999997019767 -0.0027999999001622196
v -0.033105000853538506 0.03575000166893005 -0.0027999999001622196
v -0.03410499915480613 0.03674999997019767 -0.0027999999001622196
v -0.01710500009357929 0.03575000166893005 -0.0027999999001622196
v -0.01710500009357929 0.0337500013411045 -0.0027999999001622196
v -0.01710500009357929 0.03575000166893005 -0.013799999840557572
v -0.01710500009357929 0.0337500013411045 -0.013799999840557572
v -0.01710500009357929 0.0337500013411045 -0.0027999999001622196
v -0.01710500009357929 0.03575000166893005 -0.0027999999001622196
v -0.0326474905014038 -0.03268506750464439 -0.0027999999001622196
v -0.031998645514249795 -0.033259671181440346 -0.0027999999001622196
v -0.033105000853538506 -0.03674999997019767 -0.0027999999001622196
v -0.03121261298656463 -0.03362480551004409 -0.0027999999001622196
v -0.033105000853538506 -0.03194895759224891 -0.0027999999001622196
v -0.01710500009357929 -0.0337500013411045 -0.0027999999001622196
v -0.01710500009357929 -0.03674999997019767 -0.0027999999001622196
v -0.030354999005794518 -0.0337500013411045 -0.0027999999001622196
v -0.033105000853538506 -0.03674999997019767 -0.0027999999001622196
v -0.033105000853538506 -0.03674999997019767 -0.008799999952316282
v -0.033105000853538506 -0.03194895759224891 -0.008799999952316282
v -0.033105000853538506 -0.03194895759224891 -0.0027999999001622196
v -0.01710500009357929 -0.0337500013411045 -0.008799999952316282
v -0.01710500009357929 -0.03674999997019767 -0.0027999999001622196
v -0.01710500009357929 -0.0337500013411045 -0.0027999999001622196
v -0.01710500009357929 -0.03674999997019767 -0.008799999952316282
v -0.03850984945893287 0.02822835370898246 -0.013799999840557572
v -0.03850984945893287 0.02822835370898246 -0.0038000000640749923
v -0.03783335536718368 0.0289048496633768 -0.013799999840557572
v -0.03783335536718368 0.0289048496633768 -0.0038000000640749923
v -0.038238883018493645 0.028633885085582726 -0.0038000000640749923
v -0.038238883018493645 0.028633885085582726 -0.013799999840557572
v -0.03735499829053878 0.028999999165534966 -0.013799999840557572
v -0.03735499829053878 0.028999999165534966 -0.0038000000640749923
v -0.036471113562583916 0.028633885085582726 -0.013799999840557572
v -0.036471113562583916 0.028633885085582726 -0.0038000000640749923
v -0.03687664493918418 0.0289048496633768 -0.0038000000640749923
v -0.03620015084743499 0.02822835370898246 -0.0038000000640749923
v -0.03620015084743499 0.02822835370898246 -0.013799999840557572
v -0.03687664493918418 0.0289048496633768 -0.013799999840557572
v -0.036104999482631676 0.02775000035762786 -0.0038000000640749923
v -0.03620015084743499 0.027271647006273263 -0.0038000000640749923
v -0.036471113562583916 0.026866115629672997 -0.0038000000640749923
v -0.038238883018493645 0.026866115629672997 -0.0038000000640749923
v -0.03687664493918418 0.026595149189233773 -0.0038000000640749923
v -0.03620015084743499 0.02822835370898246 -0.0038000000640749923
v -0.036471113562583916 0.028633885085582726 -0.0038000000640749923
v -0.038238883018493645 0.028633885085582726 -0.0038000000640749923
v -0.03735499829053878 0.028999999165534966 -0.0038000000640749923
v -0.03687664493918418 0.0289048496633768 -0.0038000000640749923
v -0.03735499829053878 0.026499999687075608 -0.0038000000640749923
v -0.03850984945893287 0.027271647006273263 -0.0038000000640749923
v -0.03850984945893287 0.02822835370898246 -0.0038000000640749923
v -0.038605000823736184 0.02775000035762786 -0.0038000000640749923
v -0.03783335536718368 0.0289048496633768 -0.0038000000640749923
v -0.03783335536718368 0.026595149189233773 -0.0038000000640749923
v -0.03850984945893287 -0.027271647006273263 -0.013799999840557572
v -0.03850984945893287 -0.027271647006273263 -0.0038000000640749923
v -0.03783335536718368 -0.026595149189233773 -0.013799999840557572
v -0.03783335536718368 -0.026595149189233773 -0.0038000000640749923
v -0.038238883018493645 -0.026866115629672997 -0.0038000000640749923
v -0.038238883018493645 -0.026866115629672997 -0.013799999840557572
v -0.03735499829053878 -0.026499999687075608 -0.013799999840557572
v -0.03735499829053878 -0.026499999687075608 -0.0038000000640749923
v -0.036471113562583916 -0.026866115629672997 -0.013799999840557572
v -0.036471113562583916 -0.026866115629672997 -0.0038000000640749923
v -0.03687664493918418 -0.026595149189233773 -0.0038000000640749923
v -0.03620015084743499 -0.027271647006273263 -0.0038000000640749923
v -0.03620015084743499 -0.027271647006273263 -0.013799999840557572
v -0.03687664493918418 -0.026595149189233773 -0.013799999840557572
v -0.036104999482631676 -0.02775000035762786 -0.0038000000640749923
v -0.03620015084743499 -0.02822835370898246 -0.0038000000640749923
v -0.036471113562583916 -0.028633885085582726 -0.0038000000640749923
v -0.038238883018493645 -0.028633885085582726 -0.0038000000640749923
v -0.03687664493918418 -0.0289048496633768 -0.0038000000640749923
v -0.03620015084743499 -0.027271647006273263 -0.0038000000640749923
v -0.036471113562583916 -0.026866115629672997 -0.0038000000640749923
v -0.038238883018493645 -0.026866115629672997 -0.0038000000640749923
v -0.03735499829053878 -0.026499999687075608 -0.0038000000640749923
v -0.03687664493918418 -0.026595149189233773 -0.0038000000640749923
v -0.03735499829053878 -0.028999999165534966 -0.0038000000640749923
v -0.03850984945893287 -0.02822835370898246 -0.0038000000640749923
v -0.03850984945893287 -0.027271647006273263 -0.0038000000640749923
v -0.038605000823736184 -0.02775000035762786 -0.0038000000640749923
v -0.03783335536718368 -0.026595149189233773 -0.0038000000640749923
v -0.03783335536718368 -0.0289048496633768 -0.0038000000640749923
v 0.027000881731510155 -0.030796444043517106 -0.013799999840557572
v 0.027000881731510155 -0.030796444043517106 -0.0038000000640749923
v 0.027677377685904496 -0.030119949951767915 -0.013799999840557572
v 0.027677377685904496 -0.030119949951767915 -0.0038000000640749923
v 0.02727184630930423 -0.03039091452956199 -0.0038000000640749923
v 0.02727184630930423 -0.03039091452956199 -0.013799999840557572
v 0.028155731037259095 -0.0300247985869646 -0.013799999840557572
v 0.028155731037259095 -0.0300247985869646 -0.0038000000640749923
v 0.02903961390256881 -0.03039091452956199 -0.013799999840557572
v 0.02903961390256881 -0.03039091452956199 -0.0038000000640749923
v 0.028634084388613694 -0.030119949951767915 -0.0038000000640749923
v 0.029310580343008034 -0.030796444043517106 -0.0038000000640749923
v 0.029310580343008034 -0.030796444043517106 -0.013799999840557572
v 0.028634084388613694 -0.030119949951767915 -0.013799999840557572
v 0.02940573170781135 -0.031274799257516854 -0.0038000000640749923
v 0.029310580343008034 -0.03175315260887145 -0.0038000000640749923
v 0.02903961390256881 -0.03215868398547172 -0.0038000000640749923
v 0.028634084388613694 -0.03242965042591094 -0.0038000000640749923
v 0.028155731037259095 -0.03252479806542396 -0.0038000000640749923
v 0.027677377685904496 -0.03242965042591094 -0.0038000000640749923
v 0.029310580343008034 -0.030796444043517106 -0.0038000000640749923
v 0.02903961390256881 -0.03039091452956199 -0.0038000000640749923
v 0.028155731037259095 -0.0300247985869646 -0.0038000000640749923
v 0.028634084388613694 -0.030119949951767915 -0.0038000000640749923
v 0.02727184630930423 -0.03215868398547172 -0.0038000000640749923
v 0.02690573036670684 -0.031274799257516854 -0.0038000000640749923
v 0.027000881731510155 -0.03175315260887145 -0.0038000000640749923
v 0.02727184630930423 -0.03039091452956199 -0.0038000000640749923
v 0.027677377685904496 -0.030119949951767915 -0.0038000000640749923
v 0.027000881731510155 -0.030796444043517106 -0.0038000000640749923
v 0.03280221298336982 0.024399520829319947 -0.013799999840557572
v 0.03280221298336982 0.024399520829319947 -0.0038000000640749923
v 0.03347870707511901 0.025076014921069138 -0.013799999840557572
v 0.03347870707511901 0.025076014921069138 -0.0038000000640749923
v 0.033073175698518746 0.024805050343275063 -0.0038000000640749923
v 0.033073175698518746 0.024805050343275063 -0.013799999840557572
v 0.03395706042647361 0.0251711681485176 -0.013799999840557572
v 0.03395706042647361 0.0251711681485176 -0.0038000000640749923
v 0.03484094142913818 0.024805050343275063 -0.013799999840557572
v 0.03484094142913818 0.024805050343275063 -0.0038000000640749923
v 0.03443541377782821 0.025076014921069138 -0.0038000000640749923
v 0.0351119115948677 0.024399520829319947 -0.0038000000640749923
v 0.0351119115948677 0.024399520829319947 -0.013799999840557572
v 0.03443541377782821 0.025076014921069138 -0.013799999840557572
v 0.0351119115948677 0.0234428122639656 -0.0038000000640749923
v 0.03484094142913818 0.023037282750010487 -0.0038000000640749923
v 0.03443541377782821 0.022766318172216412 -0.0038000000640749923
v 0.03395706042647361 0.022671166807413098 -0.0038000000640749923
v 0.03280221298336982 0.0234428122639656 -0.0038000000640749923
v 0.03280221298336982 0.024399520829319947 -0.0038000000640749923
v 0.035207062959671014 0.023921167477965348 -0.0038000000640749923
v 0.0351119115948677 0.024399520829319947 -0.0038000000640749923
v 0.03443541377782821 0.025076014921069138 -0.0038000000640749923
v 0.03484094142913818 0.024805050343275063 -0.0038000000640749923
v 0.03395706042647361 0.0251711681485176 -0.0038000000640749923
v 0.03347870707511901 0.022766318172216412 -0.0038000000640749923
v 0.033073175698518746 0.023037282750010487 -0.0038000000640749923
v 0.032707061618566506 0.023921167477965348 -0.0038000000640749923
v 0.03347870707511901 0.025076014921069138 -0.0038000000640749923
v 0.033073175698518746 0.024805050343275063 -0.0038000000640749923
v 0.012027364224195477 0.0352756455540657 -0.00179999996908009
v 0.01291735656559467 0.03417659550905227 -0.013799999840557572
v 0.012027364224195477 0.0352756455540657 -0.013799999840557572
v 0.01291735656559467 0.03417659550905227 -0.00179999996908009
v 0.028829708695411675 0.03250413760542869 -0.013799999840557572
v 0.028829708695411675 0.03250413760542869 -0.00179999996908009
v 0.029928756877779954 0.03339413553476333 -0.00179999996908009
v 0.029928756877779954 0.03339413553476333 -0.013799999840557572
v -0.016104999929666516 0.03674999997019767 -0.013799999840557572
v -0.01710500009357929 0.03575000166893005 -0.013799999840557572
v -0.01710500009357929 0.03575000166893005 -0.0027999999001622196
v -0.016104999929666516 0.03674999997019767 -0.0027999999001622196
v -0.03410499915480613 0.03674999997019767 -0.0027999999001622196
v -0.033105000853538506 0.03575000166893005 -0.0027999999001622196
v -0.033105000853538506 0.03575000166893005 -0.013799999840557572
v -0.03410499915480613 0.03674999997019767 -0.013799999840557572
v 0.023215066641569134 -0.0348060019314289 -0.008799999952316282
v 0.023215066641569134 -0.0348060019314289 2.240170005520517e-16
v 0.023487262427806847 -0.03478340432047843 -0.008799999952316282
v 0.023487262427806847 -0.03478340432047843 2.2401620645866365e-16
v 0.023706970736384385 -0.03462113812565803 2.240075773105135e-16
v 0.023706970736384385 -0.03462113812565803 -0.008799999952316282
v 0.03484094142913818 0.023037282750010487 -0.013799999840557572
v 0.03484094142913818 0.023037282750010487 -0.0038000000640749923
v 0.0351119115948677 0.0234428122639656 -0.0038000000640749923
v 0.0351119115948677 0.0234428122639656 -0.013799999840557572
v 0.035207062959671014 0.023921167477965348 -0.0038000000640749923
v 0.035207062959671014 0.023921167477965348 -0.013799999840557572
v 0.03443541377782821 0.022766318172216412 -0.013799999840557572
v 0.03443541377782821 0.022766318172216412 -0.0038000000640749923
v 0.03280221298336982 0.0234428122639656 -0.013799999840557572
v 0.032707061618566506 0.023921167477965348 -0.013799999840557572
v 0.032707061618566506 0.023921167477965348 -0.0038000000640749923
v 0.03347870707511901 0.022766318172216412 -0.013799999840557572
v 0.03347870707511901 0.022766318172216412 -0.0038000000640749923
v 0.03395706042647361 0.022671166807413098 -0.0038000000640749923
v 0.03280221298336982 0.0234428122639656 -0.0038000000640749923
v 0.033073175698518746 0.023037282750010487 -0.0038000000640749923
v 0.033073175698518746 0.023037282750010487 -0.013799999840557572
v 0.03395706042647361 0.022671166807413098 -0.013799999840557572
v 0.02903961390256881 -0.03215868398547172 -0.013799999840557572
v 0.02903961390256881 -0.03215868398547172 -0.0038000000640749923
v 0.029310580343008034 -0.03175315260887145 -0.0038000000640749923
v 0.029310580343008034 -0.03175315260887145 -0.013799999840557572
v 0.02940573170781135 -0.031274799257516854 -0.0038000000640749923
v 0.02940573170781135 -0.031274799257516854 -0.013799999840557572
v 0.028634084388613694 -0.03242965042591094 -0.013799999840557572
v 0.028634084388613694 -0.03242965042591094 -0.0038000000640749923
v 0.027000881731510155 -0.03175315260887145 -0.013799999840557572
v 0.02690573036670684 -0.031274799257516854 -0.013799999840557572
v 0.02690573036670684 -0.031274799257516854 -0.0038000000640749923
v 0.027677377685904496 -0.03242965042591094 -0.013799999840557572
v 0.027677377685904496 -0.03242965042591094 -0.0038000000640749923
v 0.028155731037259095 -0.03252479806542396 -0.0038000000640749923
v 0.027000881731510155 -0.03175315260887145 -0.0038000000640749923
v 0.02727184630930423 -0.03215868398547172 -0.0038000000640749923
v 0.02727184630930423 -0.03215868398547172 -0.013799999840557572
v 0.028155731037259095 -0.03252479806542396 -0.013799999840557572
v -0.036471113562583916 -0.028633885085582726 -0.013799999840557572
v -0.036471113562583916 -0.028633885085582726 -0.0038000000640749923
v -0.03620015084743499 -0.02822835370898246 -0.0038000000640749923
v -0.03620015084743499 -0.02822835370898246 -0.013799999840557572
v -0.036104999482631676 -0.02775000035762786 -0.0038000000640749923
v -0.036104999482631676 -0.02775000035762786 -0.013799999840557572
v -0.03687664493918418 -0.0289048496633768 -0.013799999840557572
v -0.03687664493918418 -0.0289048496633768 -0.0038000000640749923
v -0.03850984945893287 -0.02822835370898246 -0.013799999840557572
v -0.038605000823736184 -0.02775000035762786 -0.013799999840557572
v -0.038605000823736184 -0.02775000035762786 -0.0038000000640749923
v -0.03783335536718368 -0.0289048496633768 -0.013799999840557572
v -0.03783335536718368 -0.0289048496633768 -0.0038000000640749923
v -0.03735499829053878 -0.028999999165534966 -0.0038000000640749923
v -0.03850984945893287 -0.02822835370898246 -0.0038000000640749923
v -0.038238883018493645 -0.028633885085582726 -0.0038000000640749923
v -0.038238883018493645 -0.028633885085582726 -0.013799999840557572
v -0.03735499829053878 -0.028999999165534966 -0.013799999840557572
v -0.036471113562583916 0.026866115629672997 -0.013799999840557572
v -0.036471113562583916 0.026866115629672997 -0.0038000000640749923
v -0.03620015084743499 0.027271647006273263 -0.0038000000640749923
v -0.03620015084743499 0.027271647006273263 -0.013799999840557572
v -0.036104999482631676 0.02775000035762786 -0.0038000000640749923
v -0.036104999482631676 0.02775000035762786 -0.013799999840557572
v -0.03687664493918418 0.026595149189233773 -0.013799999840557572
v -0.03687664493918418 0.026595149189233773 -0.0038000000640749923
v -0.03850984945893287 0.027271647006273263 -0.013799999840557572
v -0.038605000823736184 0.02775000035762786 -0.013799999840557572
v -0.038605000823736184 0.02775000035762786 -0.0038000000640749923
v -0.03783335536718368 0.026595149189233773 -0.013799999840557572
v -0.03783335536718368 0.026595149189233773 -0.0038000000640749923
v -0.03735499829053878 0.026499999687075608 -0.0038000000640749923
v -0.03850984945893287 0.027271647006273263 -0.0038000000640749923
v -0.038238883018493645 0.026866115629672997 -0.0038000000640749923
v -0.038238883018493645 0.026866115629672997 -0.013799999840557572
v -0.03735499829053878 0.026499999687075608 -0.013799999840557572
v 0.03920892626047134 0.01664592698216438 2.2118858548760218e-16
v 0.039009671658277505 0.017721030861139294 -0.013799999840557572
v 0.03920892626047134 0.01664592698216438 -0.013799999840557572
v 0.039009671658277505 0.017721030861139294 2.2112856526235533e-16
v 0.038438361138105386 0.018653320148587223 -0.013799999840557572
v 0.038438361138105386 0.018653320148587223 2.2107581099160915e-16
v 0.036522515118122094 0.019629493355751034 2.2101830539542447e-16
v 0.036522515118122094 0.019629493355751034 -0.013799999840557572
v 0.03757090121507644 0.0193189475685358 -0.013799999840557572
v 0.03757090121507644 0.0193189475685358 2.210373636367377e-16
v 0.030308991670608514 0.027636431157588952 2.2056305165605488e-16
v 0.030191125348210328 0.028469085693359368 -0.013799999840557572
v 0.030308991670608514 0.027636431157588952 -0.013799999840557572
v 0.030109733343124383 0.028711536899209016 2.2050303143080803e-16
v 0.02984678372740745 0.02923631109297275 -0.013799999840557572
v 0.029538426548242562 0.029643824324011796 2.2045027716006185e-16
v 0.029303027316927903 0.029877820983529084 -0.013799999840557572
v 0.0286025833338499 0.030343204736709588 -0.00179999996908009
v 0.0286025833338499 0.030343204736709588 -0.013799999840557572
v 0.028670964762568467 0.030309451743960374 2.2041182980519039e-16
v 0.027622576802968972 0.030619997531175606 2.2039277156387717e-16
v 0.027622576802968972 0.030619997531175606 -0.00179999996908009
v 0.04305611178278922 0.02481116168200969 -0.013799999840557572
v 0.04305611178278922 0.02481116168200969 -0.0015000000130385156
v 0.04301228746771812 0.02397493086755275 -0.0015000000130385156
v 0.04301228746771812 0.02397493086755275 -0.013799999840557572
v 0.02105523459613323 -0.03705865889787673 -0.0015000000130385156
v 0.02105523459613323 -0.03705865889787673 -0.00179999996908009
v 0.021093294024467465 -0.03725000098347663 -0.00179999996908009
v 0.021093294024467465 -0.03725000098347663 -0.0015000000130385156
v 0.02094684727489948 -0.03689644485712051 -0.0015000000130385156
v 0.02094684727489948 -0.03689644485712051 -0.00179999996908009
v 0.020593294873833653 -0.03674999997019767 -0.0015000000130385156
v 0.020593294873833653 -0.03674999997019767 -0.00179999996908009
v 0.020784635096788403 -0.03678805753588676 -0.00179999996908009
v 0.020784635096788403 -0.03678805753588676 -0.0015000000130385156
v -0.002157407812774181 0.0337500013411045 -0.013799999840557572
v 0.012027364224195477 0.0352756455540657 -0.013799999840557572
v 0.01291735656559467 0.03417659550905227 -0.013799999840557572
v -0.002000184496864676 0.03674999997019767 -0.013799999840557572
v 0.01270829979330301 0.0321875512599945 -0.013799999840557572
v -0.01710500009357929 0.0337500013411045 -0.013799999840557572
v -0.01710500009357929 0.03575000166893005 -0.013799999840557572
v -0.016104999929666516 0.03674999997019767 -0.013799999840557572
v -0.01710500009357929 -0.0337500013411045 -0.008799999952316282
v -0.0058521563187241546 -0.03674999997019767 -0.008799999952316282
v -0.01710500009357929 -0.03674999997019767 -0.008799999952316282
v -0.005694932769984006 -0.0337500013411045 -0.008799999952316282
v 0.0038611225318163625 -0.034754384309053414 -0.008799999952316282
v 0.005340099334716796 -0.037916194647550576 -0.008799999952316282
v 0.0052395910024642936 -0.03791579231619834 -0.008799999952316282
v 0.004741960670799016 -0.03412345051765441 -0.008799999952316282
v 0.005773554556071757 -0.033792145550251 -0.008799999952316282
v 0.03662983700633048 -0.03674999997019767 -0.013799999840557572
v 0.03919249400496482 0.0163323413580656 -0.013799999840557572
v 0.04301228746771812 0.02397493086755275 -0.013799999840557572
v 0.03920892626047134 0.01664592698216438 -0.013799999840557572
v 0.03485456109046935 -0.024940315634012215 -0.013799999840557572
v 0.039009671658277505 0.017721030861139294 -0.013799999840557572
v 0.038438361138105386 0.018653320148587223 -0.013799999840557572
v 0.03992620110511779 0.031157987192273133 -0.013799999840557572
v 0.03732823580503463 0.032481715083122246 -0.013799999840557572
v 0.03757090121507644 0.0193189475685358 -0.013799999840557572
v 0.036522515118122094 0.019629493355751034 -0.013799999840557572
v 0.03484094142913818 0.023037282750010487 -0.013799999840557572
v 0.0351119115948677 0.0234428122639656 -0.013799999840557572
v 0.0386880338191986 0.03193921223282813 -0.013799999840557572
v 0.035207062959671014 0.023921167477965348 -0.013799999840557572
v 0.036168850958347314 -0.041161715984344475 -0.013799999840557572
v 0.033758956938982 -0.02695816755294799 -0.013799999840557572
v 0.041877232491970055 0.02899114787578582 -0.013799999840557572
v 0.03450744599103927 -0.026058206334710114 -0.013799999840557572
v 0.03347870707511901 0.022766318172216412 -0.013799999840557572
v 0.03395706042647361 0.022671166807413098 -0.013799999840557572
v 0.032544426620006554 0.020047606900334355 -0.013799999840557572
v 0.03272304311394691 -0.027503188699483865 -0.013799999840557572
v 0.03443541377782821 0.022766318172216412 -0.013799999840557572
v 0.033073175698518746 0.023037282750010487 -0.013799999840557572
v 0.03280221298336982 0.0234428122639656 -0.013799999840557572
v 0.032707061618566506 0.023921167477965348 -0.013799999840557572
v 0.03155741095542907 -0.027610296383500092 -0.013799999840557572
v 0.04305611178278922 0.02481116168200969 -0.013799999840557572
v 0.04292215034365653 0.026269044727087014 -0.013799999840557572
v 0.02632403559982776 -0.03436914086341857 -0.013799999840557572
v 0.02383595518767833 -0.03410763666033744 -0.013799999840557572
v 0.024282170459628098 -0.02986216358840465 -0.013799999840557572
v 0.04252475500106811 0.027678104117512696 -0.013799999840557572
v 0.04100127145648002 0.030164206400513642 -0.013799999840557572
v 0.028155731037259095 -0.03252479806542396 -0.013799999840557572
v 0.027568075805902474 -0.034499898552894585 -0.013799999840557572
v 0.027677377685904496 -0.03242965042591094 -0.013799999840557572
v 0.0351119115948677 0.024399520829319947 -0.013799999840557572
v 0.03589233756065368 0.03276733309030532 -0.013799999840557572
v 0.03280221298336982 0.024399520829319947 -0.013799999840557572
v 0.030308991670608514 0.027636431157588952 -0.013799999840557572
v 0.03484094142913818 0.024805050343275063 -0.013799999840557572
v 0.03443541377782821 0.025076014921069138 -0.013799999840557572
v 0.03395706042647361 0.0251711681485176 -0.013799999840557572
v 0.03347870707511901 0.025076014921069138 -0.013799999840557572
v 0.029928756877779954 0.03339413553476333 -0.013799999840557572
v 0.033073175698518746 0.024805050343275063 -0.013799999840557572
v 0.02903961390256881 -0.03215868398547172 -0.013799999840557572
v 0.02881211414933204 -0.03463064879179 -0.013799999840557572
v 0.028634084388613694 -0.03242965042591094 -0.013799999840557572
v 0.029310580343008034 -0.03175315260887145 -0.013799999840557572
v 0.02903961390256881 -0.03039091452956199 -0.013799999840557572
v 0.028634084388613694 -0.030119949951767915 -0.013799999840557572
v 0.02757932245731353 -0.02719218283891677 -0.013799999840557572
v 0.029310580343008034 -0.030796444043517106 -0.013799999840557572
v 0.02940573170781135 -0.031274799257516854 -0.013799999840557572
v 0.02727184630930423 -0.03215868398547172 -0.013799999840557572
v 0.02690573036670684 -0.031274799257516854 -0.013799999840557572
v 0.027000881731510155 -0.03175315260887145 -0.013799999840557572
v 0.028155731037259095 -0.0300247985869646 -0.013799999840557572
v 0.027677377685904496 -0.030119949951767915 -0.013799999840557572
v 0.026413692161440842 -0.027299290522933 -0.013799999840557572
v 0.027000881731510155 -0.030796444043517106 -0.013799999840557572
v 0.02727184630930423 -0.03039091452956199 -0.013799999840557572
v 0.024629285559058182 -0.02874427288770675 -0.013799999840557572
v 0.030292559415101998 0.027322845533490174 -0.013799999840557572
v 0.031426534056663506 0.02039472199976444 -0.013799999840557572
v 0.03052657283842563 0.021143211051821705 -0.013799999840557572
v 0.030191125348210328 0.028469085693359368 -0.013799999840557572
v 0.02984678372740745 0.02923631109297275 -0.013799999840557572
v 0.029981551691889756 0.02217912673950195 -0.013799999840557572
v 0.029874445870518677 0.023344758898019787 -0.013799999840557572
v 0.025377776473760598 -0.027844311669468873 -0.013799999840557572
v 0.029303027316927903 0.029877820983529084 -0.013799999840557572
v 0.0286025833338499 0.030343204736709588 -0.013799999840557572
v 0.028829708695411675 0.03250413760542869 -0.013799999840557572
v 0.02821304649114608 -0.04033039882779121 -0.013799999840557572
v 0.023215066641569134 -0.0348060019314289 -0.008799999952316282
v 0.021350845694541928 -0.039609149098396294 -0.008799999952316282
v 0.021252449601888653 -0.03958864882588386 -0.008799999952316282
v 0.023487262427806847 -0.03478340432047843 -0.008799999952316282
v 0.022971609607338902 -0.03468219190835952 -0.008799999952316282
v 0.022440407425165173 -0.03427709266543388 -0.008799999952316282
v 0.021841911599040028 -0.033980298787355416 -0.008799999952316282
v 0.02881211414933204 -0.03463064879179 -0.008799999952316282
v 0.02821304649114608 -0.04033039882779121 -0.008799999952316282
v 0.023706970736384385 -0.03462113812565803 -0.008799999952316282
v 0.023808628320693963 -0.0343676283955574 -0.008799999952316282
v 0.02383595518767833 -0.03410763666033744 -0.008799999952316282
v 0.021350845694541928 -0.039609149098396294 -0.0015000000130385156
v 0.021350845694541928 -0.039609149098396294 -0.008799999952316282
v 0.02821304649114608 -0.04033039882779121 -0.008799999952316282
v 0.02821304649114608 -0.04033039882779121 -0.0015000000130385156
v 0.021090555936098095 -0.03730226680636405 -0.00179999996908009
v 0.020905848592519757 -0.03905962407588958 -0.00179999996908009
v 0.020905848592519757 -0.03905962407588958 -0.0015000000130385156
v 0.021090555936098095 -0.03730226680636405 -0.0015000000130385156
v 0.02094536460936069 -0.039222761988639825 -0.00179999996908009
v 0.020984878763556477 -0.03938590362668037 -0.00179999996908009
v 0.020923700183629986 -0.03925389796495437 -0.0015000000130385156
v 0.02101453766226768 -0.039426550269126885 -0.0015000000130385156
v 0.021252449601888653 -0.03958864882588386 -0.00179999996908009
v 0.021164529025554654 -0.03955129906535148 -0.0015000000130385156
v 0.021185556426644322 -0.039537962526082986 -0.00179999996908009
v 0.021252449601888653 -0.03958864882588386 -0.008799999952316282
v 0.02111866325139999 -0.039487272500991814 -0.00179999996908009
v 0.022971609607338902 -0.03468219190835952 -0.008799999952316282
v 0.022440407425165173 -0.03427709266543388 -0.008799999952316282
v 0.02245342172682285 -0.03428522124886512 2.2398677206374656e-16
v 0.022971609607338902 -0.03468219190835952 2.2400969489288163e-16
v 0.021841911599040028 -0.033980298787355416 -0.00179999996908009
v 0.02187053300440311 -0.033991370350122445 2.2396943435810745e-16
v 0.021841911599040028 -0.033980298787355416 -0.008799999952316282
v 0.02121760137379169 -0.03386515006422996 -0.00179999996908009
v 0.020593294873833653 -0.0337500013411045 2.2395381718814245e-16
v 0.021243218332529065 -0.03381087258458137 2.2395834352045434e-16
v 0.020593294873833653 -0.0337500013411045 -0.00179999996908009
v 0.033758956938982 -0.02695816755294799 2.2359965153707175e-16
v 0.03272304311394691 -0.027503188699483865 2.2362810655014357e-16
v 0.03155741095542907 -0.027610296383500092 2.236320240775246e-16
v 0.026413692161440842 -0.027299290522933 2.2360584546549854e-16
v 0.025377776473760598 -0.027844311669468873 2.2363430047857037e-16
v 0.031426534056663506 0.02039472199976444 2.2096698049277678e-16
v 0.03450744599103927 -0.026058206334710114 2.2355097361238423e-16
v 0.03485456109046935 -0.024940315634012215 2.234895372539287e-16
v 0.02757932245731353 -0.02719218283891677 2.236019279381175e-16
v 0.03919249400496482 0.0163323413580656 2.212059628979107e-16
v 0.023706970736384385 -0.03462113812565803 2.240075773105135e-16
v 0.023487262427806847 -0.03478340432047843 2.2401620645866365e-16
v 0.022971609607338902 -0.03468219190835952 2.2400969489288163e-16
v 0.023215066641569134 -0.0348060019314289 2.240170005520517e-16
v 0.023808628320693963 -0.0343676283955574 2.239936806762226e-16
v 0.020593294873833653 -0.0337500013411045 2.2395381718814245e-16
v 0.024629285559058182 -0.02874427288770675 2.236829519334783e-16
v 0.024282170459628098 -0.02986216358840465 2.2374441476171343e-16
v 0.02245342172682285 -0.03428522124886512 2.2398677206374656e-16
v 0.02187053300440311 -0.033991370350122445 2.2396943435810745e-16
v 0.0063150767236948 -0.0337500013411045 2.2392906794421487e-16
v 0.03052657283842563 0.021143211051821705 2.2092387445669541e-16
v 0.036522515118122094 0.019629493355751034 2.2101830539542447e-16
v 0.039009671658277505 0.017721030861139294 2.2112856526235533e-16
v 0.03920892626047134 0.01664592698216438 2.2118858548760218e-16
v 0.038438361138105386 0.018653320148587223 2.2107581099160915e-16
v 0.03757090121507644 0.0193189475685358 2.210373636367377e-16
v 0.032544426620006554 0.020047606900334355 2.2098819602112754e-16
v 0.027622576802968972 0.030619997531175606 2.2039277156387717e-16
v 0.029874445870518677 0.023344758898019787 2.208005385186413e-16
v -0.002157407812774181 0.0337500013411045 2.2016735492078911e-16
v 0.029981551691889756 0.02217912673950195 2.2086542918333487e-16
v 0.030292559415101998 0.027322845533490174 2.205804290663634e-16
v 0.030109733343124383 0.028711536899209016 2.2050303143080803e-16
v 0.030308991670608514 0.027636431157588952 2.2056305165605488e-16
v 0.029538426548242562 0.029643824324011796 2.2045027716006185e-16
v 0.028670964762568467 0.030309451743960374 2.2041182980519039e-16
v 0.021243218332529065 -0.03381087258458137 2.2395834352045434e-16
v 0.005639486014842986 -0.033815823495388024 2.2393155610349742e-16
v 0.004989305976778268 -0.034010816365480416 2.2394124404283165e-16
v -0.005694932769984006 -0.0337500013411045 2.2390823622766833e-16
v 0.004388991743326186 -0.03432763740420341 2.239577876550827e-16
v 0.0038611225318163625 -0.034754384309053414 2.2398055166554017e-16
v -0.030354999005794518 -0.0337500013411045 2.23865461063832e-16
v -0.031503051519393914 -0.03352163732051849 2.2385077033615305e-16
v -0.032476320862770074 -0.03287131711840629 2.238129979606614e-16
v -0.03312664106488227 -0.03189805150032043 2.237578349399715e-16
v -0.03335500136017799 -0.03075000084936618 2.236936986639966e-16
v -0.03335500136017799 -0.02675000019371509 2.2347167015269754e-16
v -0.0342336818575859 -0.024628680199384682 2.233523973258123e-16
v -0.0342336818575859 0.024628680199384682 2.206180558580672e-16
v -0.0335833616554737 -0.025601949542760842 2.2340753387672263e-16
v -0.03520695120096206 -0.023978361859917634 2.2331459848054107e-16
v -0.03335500136017799 0.02675000019371509 2.2050181382094636e-16
v -0.03335500136017799 0.03075000084936618 2.2027977207475752e-16
v -0.030354999005794518 0.0337500013411045 2.2011845200297498e-16
v -0.0335833616554737 0.025601949542760842 2.2056515600353322e-16
v -0.032476320862770074 0.03287131711840629 2.2016354327252647e-16
v -0.031503051519393914 0.03352163732051849 2.2012913255904426e-16
v -0.03312664106488227 0.03189805150032043 2.2021644312706046e-16
v -0.04135499894618987 -0.020749999210238453 2.231247307514581e-16
v -0.03635499998927116 -0.02374999970197677 2.2329993422264173e-16
v -0.0383550003170967 -0.02374999970197677 2.232964666815139e-16
v -0.0395030528306961 -0.023521639406681054 2.2328180242361457e-16
v -0.04047632217407226 -0.02287132106721401 2.2324400357834335e-16
v -0.04112663865089416 -0.0218980498611927 2.231888405576534e-16
v -0.03635499998927116 0.02374999970197677 2.206631471276187e-16
v -0.03520695120096206 0.023978361859917634 2.2065246657154941e-16
v -0.04135499894618987 0.02374999970197677 2.2065447827479914e-16
v -0.04135499894618987 -0.020749999210238453 2.231247307514581e-16
v -0.04135499894618987 -0.020749999210238453 -0.013799999840557572
v -0.04135499894618987 0.02374999970197677 -0.013799999840557572
v -0.04135499894618987 0.02374999970197677 2.2065447827479914e-16
v -0.04135499894618987 -0.03674999997019767 -0.008799999952316282
v -0.04135499894618987 -0.031750001013278954 -0.013799999840557572
v -0.04135499894618987 -0.031750001013278954 -0.008799999952316282
v -0.01710500009357929 -0.0337500013411045 -0.008799999952316282
v -0.01710500009357929 -0.0337500013411045 -0.0027999999001622196
v -0.005694932769984006 -0.0337500013411045 -0.008799999952316282
v -0.005694932769984006 -0.0337500013411045 2.2390823622766833e-16
v -0.030354999005794518 -0.0337500013411045 2.23865461063832e-16
v -0.030354999005794518 -0.0337500013411045 -0.0027999999001622196
v -0.030354999005794518 0.0337500013411045 2.2011845200297498e-16
v -0.01710500009357929 0.0337500013411045 -0.0027999999001622196
v -0.002157407812774181 0.0337500013411045 2.2016735492078911e-16
v -0.030354999005794518 0.0337500013411045 -0.0027999999001622196
v -0.002157407812774181 0.0337500013411045 -0.013799999840557572
v -0.01710500009357929 0.0337500013411045 -0.013799999840557572
v 0.03919249400496482 0.0163323413580656 2.212059628979107e-16
v 0.03919249400496482 0.0163323413580656 -0.013799999840557572
v 0.03485456109046935 -0.024940315634012215 -0.013799999840557572
v 0.03485456109046935 -0.024940315634012215 2.234895372539287e-16
v -0.002157407812774181 0.0337500013411045 2.2016735492078911e-16
v -0.002157407812774181 0.0337500013411045 -0.013799999840557572
v 0.01270829979330301 0.0321875512599945 -0.00179999996908009
v 0.01270829979330301 0.0321875512599945 -0.013799999840557572
v 0.040035136044025414 0.025268668308854096 0.0015000000130385156
v 0.03557875379920005 0.029783770442008965 0.0015000000130385156
v 0.04002872109413146 0.024288516491651528 0.0015000000130385156
v 0.03364627063274383 -0.036436412483453744 0.0015000000130385156
v 0.024480437859892838 -0.0337500013411045 0.0015000000130385156
v 0.028524825349450104 -0.03734664246439933 0.0015000000130385156
v 0.024150736629962914 -0.036886904388666146 0.0015000000130385156
v 0.03349687159061431 -0.037866178900003426 0.0015000000130385156
v -0.002157407812774181 0.0337500013411045 0.0015000000130385156
v 0.03894184157252311 0.027957761660218232 0.0015000000130385156
v 0.039481047540903084 0.027139233425259583 0.0015000000130385156
v 0.039850208908319466 0.026231236755847924 0.0015000000130385156
v 0.03825330734252929 0.028655368834733956 0.0015000000130385156
v 0.0374419055879116 0.029205245897173875 0.0015000000130385156
v 0.03653881698846816 0.029586259275674813 0.0015000000130385156
v 0.0031636625062674275 -0.0337500013411045 0.0015000000130385156
v -0.005694932769984006 -0.0337500013411045 0.0015000000130385156
v 0.0030668717809021464 -0.03467090055346488 0.0015000000130385156
v -0.04135499894618987 0.028750000521540635 0.0015000000130385156
v -0.03635499998927116 0.0337500013411045 0.0015000000130385156
v -0.04125892743468284 0.029725452885031693 0.0015000000130385156
v -0.04135499894618987 -0.0337500013411045 0.0015000000130385156
v -0.040974400937557214 0.03066341765224933 0.0015000000130385156
v -0.037330452352762215 0.03365392610430717 0.0015000000130385156
v -0.03826841711997985 0.033369395881891244 0.0015000000130385156
v -0.03989053517580032 0.032285533845424645 0.0015000000130385156
v -0.039132852107286446 0.03290734812617301 0.0015000000130385156
v -0.040512349456548684 0.031527850776910775 0.0015000000130385156
v 0.020593294873833653 -0.03674999997019767 -0.0015000000130385156
v 0.0063150767236948 -0.03674999997019767 -0.0015000000130385156
v 0.0063150767236948 -0.03674999997019767 -0.00179999996908009
v 0.020593294873833653 -0.03674999997019767 -0.00179999996908009
v -0.016104999929666516 0.03674999997019767 -0.0027999999001622196
v -0.03410499915480613 0.03674999997019767 -0.0027999999001622196
v -0.03635499998927116 0.03674999997019767 -0.0015000000130385156
v -0.03635499998927116 0.03674999997019767 -0.013799999840557572
v -0.002000184496864676 0.03674999997019767 -0.013799999840557572
v -0.002000184496864676 0.03674999997019767 -0.0015000000130385156
v -0.03410499915480613 0.03674999997019767 -0.013799999840557572
v -0.016104999929666516 0.03674999997019767 -0.013799999840557572
v 0.03662983700633048 -0.03674999997019767 -0.013799999840557572
v 0.03662983700633048 -0.03674999997019767 -0.0015000000130385156
v -0.04435500130057334 -0.03674999997019767 -0.008799999952316282
v -0.04435500130057334 -0.03674999997019767 -0.0015000000130385156
v -0.04435500130057334 0.028750000521540635 -0.0015000000130385156
v -0.04435500130057334 0.028750000521540635 -0.013799999840557572
v -0.04435500130057334 -0.031750001013278954 -0.013799999840557572
v -0.033105000853538506 -0.03674999997019767 -0.0027999999001622196
v -0.04435500130057334 -0.03674999997019767 -0.008799999952316282
v -0.04135499894618987 -0.03674999997019767 -0.008799999952316282
v -0.033105000853538506 -0.03674999997019767 -0.008799999952316282
v -0.01710500009357929 -0.03674999997019767 -0.0027999999001622196
v -0.04435500130057334 -0.03674999997019767 -0.0015000000130385156
v -0.0058521563187241546 -0.03674999997019767 -0.0015000000130385156
v -0.0058521563187241546 -0.03674999997019767 -0.008799999952316282
v -0.01710500009357929 -0.03674999997019767 -0.008799999952316282
v -0.03635499998927116 0.03674999997019767 -0.013799999840557572
v -0.03791572153568267 0.03659628331661224 -0.013799999840557572
v -0.03791572153568267 0.03659628331661224 -0.0015000000130385156
v -0.03941646590828895 0.036141037940979 -0.013799999840557572
v -0.0407995618879795 0.03540175780653953 -0.013799999840557572
v -0.0407995618879795 0.03540175780653953 -0.0015000000130385156
v -0.03941646590828895 0.036141037940979 -0.0015000000130385156
v -0.03635499998927116 0.03674999997019767 -0.0015000000130385156
v -0.04201185703277587 0.0344068519771099 -0.0015000000130385156
v -0.04201185703277587 0.0344068519771099 -0.013799999840557572
v -0.0430067554116249 0.03319456055760383 -0.013799999840557572
v -0.0430067554116249 0.03319456055760383 -0.0015000000130385156
v -0.04374603554606437 0.031811468303203576 -0.013799999840557572
v -0.04420128092169761 0.03031072206795215 -0.013799999840557572
v -0.04420128092169761 0.03031072206795215 -0.0015000000130385156
v -0.04374603554606437 0.031811468303203576 -0.0015000000130385156
v -0.04435500130057334 0.028750000521540635 -0.0015000000130385156
v -0.04435500130057334 0.028750000521540635 -0.013799999840557572
v 0.012027364224195477 0.0352756455540657 -0.00179999996908009
v 0.012027364224195477 0.0352756455540657 -0.013799999840557572
v -0.002000184496864676 0.03674999997019767 -0.013799999840557572
v 0.03589233756065368 0.03276733309030532 -0.0015000000130385156
v -0.002000184496864676 0.03674999997019767 -0.0015000000130385156
v 0.029928756877779954 0.03339413553476333 -0.00179999996908009
v 0.03589233756065368 0.03276733309030532 -0.013799999840557572
v 0.029928756877779954 0.03339413553476333 -0.013799999840557572
v -0.03335500136017799 -0.03075000084936618 -0.013799999840557572
v -0.033183425664901726 -0.031750001013278954 -0.013799999840557572
v -0.03620015084743499 -0.02822835370898246 -0.013799999840557572
v -0.036104999482631676 -0.02775000035762786 -0.013799999840557572
v -0.036471113562583916 -0.028633885085582726 -0.013799999840557572
v -0.0342336818575859 -0.024628680199384682 -0.013799999840557572
v -0.03335500136017799 -0.02675000019371509 -0.013799999840557572
v -0.0335833616554737 -0.025601949542760842 -0.013799999840557572
v -0.03520695120096206 -0.023978361859917634 -0.013799999840557572
v -0.03620015084743499 -0.027271647006273263 -0.013799999840557572
v -0.03735499829053878 -0.028999999165534966 -0.013799999840557572
v -0.03687664493918418 -0.0289048496633768 -0.013799999840557572
v -0.03735499829053878 0.026499999687075608 -0.013799999840557572
v -0.03687664493918418 0.026595149189233773 -0.013799999840557572
v -0.03635499998927116 0.02374999970197677 -0.013799999840557572
v -0.036471113562583916 -0.026866115629672997 -0.013799999840557572
v -0.03687664493918418 -0.026595149189233773 -0.013799999840557572
v -0.03635499998927116 -0.02374999970197677 -0.013799999840557572
v -0.03735499829053878 -0.026499999687075608 -0.013799999840557572
v -0.04135499894618987 -0.031750001013278954 -0.013799999840557572
v -0.03335500136017799 0.03075000084936618 -0.013799999840557572
v -0.03335500136017799 0.02675000019371509 -0.013799999840557572
v -0.0335833616554737 0.025601949542760842 -0.013799999840557572
v -0.0342336818575859 0.024628680199384682 -0.013799999840557572
v -0.03410499915480613 0.03674999997019767 -0.013799999840557572
v -0.038855001330375664 0.02374999970197677 -0.013799999840557572
v -0.038238883018493645 0.026866115629672997 -0.013799999840557572
v -0.03783335536718368 0.026595149189233773 -0.013799999840557572
v -0.033105000853538506 0.03575000166893005 -0.013799999840557572
v -0.033105000853538506 0.03194895759224891 -0.013799999840557572
v -0.03329183533787727 0.0313623733818531 -0.013799999840557572
v -0.03520695120096206 0.023978361859917634 -0.013799999840557572
v -0.03620015084743499 0.027271647006273263 -0.013799999840557572
v -0.036104999482631676 0.02775000035762786 -0.013799999840557572
v -0.036471113562583916 0.026866115629672997 -0.013799999840557572
v -0.03620015084743499 0.02822835370898246 -0.013799999840557572
v -0.03635499998927116 0.03674999997019767 -0.013799999840557572
v -0.036471113562583916 0.028633885085582726 -0.013799999840557572
v -0.03687664493918418 0.0289048496633768 -0.013799999840557572
v -0.03735499829053878 0.028999999165534966 -0.013799999840557572
v -0.038238883018493645 -0.028633885085582726 -0.013799999840557572
v -0.03783335536718368 -0.0289048496633768 -0.013799999840557572
v -0.03850984945893287 -0.02822835370898246 -0.013799999840557572
v -0.03783335536718368 -0.026595149189233773 -0.013799999840557572
v -0.0383550003170967 -0.02374999970197677 -0.013799999840557572
v -0.038238883018493645 -0.026866115629672997 -0.013799999840557572
v -0.03850984945893287 -0.027271647006273263 -0.013799999840557572
v -0.0395030528306961 -0.023521639406681054 -0.013799999840557572
v -0.038605000823736184 -0.02775000035762786 -0.013799999840557572
v -0.04047632217407226 -0.02287132106721401 -0.013799999840557572
v -0.04135499894618987 -0.020749999210238453 -0.013799999840557572
v -0.04435500130057334 -0.031750001013278954 -0.013799999840557572
v -0.04112663865089416 -0.0218980498611927 -0.013799999840557572
v -0.04435500130057334 0.028750000521540635 -0.013799999840557572
v -0.04135499894618987 0.02374999970197677 -0.013799999840557572
v -0.0407995618879795 0.03540175780653953 -0.013799999840557572
v -0.03850984945893287 0.027271647006273263 -0.013799999840557572
v -0.03783335536718368 0.0289048496633768 -0.013799999840557572
v -0.03791572153568267 0.03659628331661224 -0.013799999840557572
v -0.03850984945893287 0.02822835370898246 -0.013799999840557572
v -0.038238883018493645 0.028633885085582726 -0.013799999840557572
v -0.03941646590828895 0.036141037940979 -0.013799999840557572
v -0.038605000823736184 0.02775000035762786 -0.013799999840557572
v -0.04201185703277587 0.0344068519771099 -0.013799999840557572
v -0.04420128092169761 0.03031072206795215 -0.013799999840557572
v -0.04374603554606437 0.031811468303203576 -0.013799999840557572
v -0.0430067554116249 0.03319456055760383 -0.013799999840557572
v 0.005789116490632295 -0.03747079521417617 -0.00179999996908009
v 0.005817815661430358 -0.03719773516058921 -0.00179999996908009
v 0.005817815661430358 -0.03719773516058921 -0.0015000000130385156
v 0.005789116490632295 -0.03747079521417617 -0.0015000000130385156
v -0.0058521563187241546 -0.03674999997019767 -0.008799999952316282
v 0.0052395910024642936 -0.03791579231619834 -0.008799999952316282
v 0.0052395910024642936 -0.03791579231619834 -0.0015000000130385156
v -0.0058521563187241546 -0.03674999997019767 -0.0015000000130385156
v 0.036168850958347314 -0.041161715984344475 -0.013799999840557572
v 0.03662983700633048 -0.03674999997019767 -0.013799999840557572
v 0.03662983700633048 -0.03674999997019767 -0.0015000000130385156
v 0.036168850958347314 -0.041161715984344475 -0.0015000000130385156
v 0.02821304649114608 -0.04033039882779121 -0.008799999952316282
v 0.036168850958347314 -0.041161715984344475 -0.013799999840557572
v 0.036168850958347314 -0.041161715984344475 -0.0015000000130385156
v 0.02821304649114608 -0.04033039882779121 -0.0015000000130385156
v 0.02821304649114608 -0.04033039882779121 -0.013799999840557572
v -0.04412664100527763 0.028750000521540635 -0.0003519496822264045
v -0.04250305145978927 0.028750000521540635 0.001271638670004904
v -0.04135499894618987 0.028750000521540635 0.0015000000130385156
v -0.04125892743468284 0.029725452885031693 0.0015000000130385156
v -0.040974400937557214 0.03066341765224933 0.0015000000130385156
v -0.04238491877913474 0.02994942478835582 0.001271638670004904
v -0.04353505745530128 0.03172407671809196 -0.0003519496822264045
v -0.042816884815692895 0.03306769207119941 -0.0003519496822264045
v -0.04203505814075469 0.031102756038308137 0.001271638670004904
v -0.040512349456548684 0.031527850776910775 0.0015000000130385156
v -0.04397730901837348 0.030266173183917992 -0.0003519496822264045
v -0.041466914117336266 0.03216567263007163 0.001271638670004904
v -0.03989053517580032 0.032285533845424645 0.0015000000130385156
v -0.043339483439922326 0.030139300972223275 0.0006213203887455164
v -0.04347632080316543 0.028750000521540635 0.0006213203887455164
v -0.04293424263596534 0.03147521242499351 0.0006213203887455164
v -0.042276162654161446 0.03270639479160308 0.0006213203887455164
v -0.04185038059949874 0.03424537554383277 -0.0003519496822264045
v -0.0413905344903469 0.03378553315997123 0.0006213203887455164
v -0.040702328085899346 0.033097326755523675 0.001271638670004904
v -0.04067268967628478 0.035211879760026925 -0.0003519496822264045
v -0.039132852107286446 0.03290734812617301 0.0015000000130385156
v -0.039770670235157006 0.03386191651225089 0.001271638670004904
v -0.03826841711997985 0.033369395881891244 0.0015000000130385156
v -0.040311392396688454 0.034671161323785775 0.0006213203887455164
v -0.03635499998927116 0.03674999997019767 -0.0015000000130385156
v -0.037871170789003365 0.03637231141328811 -0.0003519496822264045
v -0.03755442425608634 0.03477991744875907 0.001271638670004904
v -0.03870775550603866 0.03443005681037902 0.001271638670004904
v -0.037330452352762215 0.03365392610430717 0.0015000000130385156
v -0.03635499998927116 0.0337500013411045 0.0015000000130385156
v -0.03932907804846763 0.035930056124925606 -0.0003519496822264045
v -0.03908021003007888 0.03532924130558967 0.0006213203887455164
v -0.037744302302598946 0.03573448583483695 0.0006213203887455164
v -0.03635499998927116 0.0348980501294136 0.001271638670004904
v -0.03635499998927116 0.03587131947278976 0.0006213203887455164
v -0.03635499998927116 0.03652163594961166 -0.0003519496822264045
v -0.03635499998927116 0.0348980501294136 0.001271638670004904
v -0.002099534729495644 0.03485428169369697 0.001289364881813526
v -0.002071373630315065 0.03539162874221801 0.0010109865106642244
v -0.03635499998927116 0.03587131947278976 0.0006213203887455164
v -0.0020462342072278257 0.03587131947278976 0.0006213203887455164
v -0.03635499998927116 0.03652163594961166 -0.0003519496822264045
v -0.0020258126314729448 0.036260984838008874 0.00014162926527205852
v -0.0020112232305109497 0.03653936460614204 -0.0003957158769480883
v -0.03635499998927116 0.03674999997019767 -0.0015000000130385156
v -0.002000184496864676 0.03674999997019767 -0.0015000000130385156
v -0.04135499894618987 0.028750000521540635 0.0015000000130385156
v -0.04135499894618987 -0.0337500013411045 0.0015000000130385156
v -0.042996626347303384 -0.03539162874221801 0.0010109865106642244
v -0.04245928674936294 -0.03485428169369697 0.001289364881813526
v -0.04347632080316543 -0.03587131947278976 0.0006213203887455164
v -0.043865986168384545 -0.036260984838008874 0.00014162926527205852
v -0.04430491477251052 -0.03669991716742515 -0.0009541108738631008
v -0.04435500130057334 0.028750000521540635 -0.0015000000130385156
v -0.04414436221122741 -0.03653936460614204 -0.0003957158769480883
v -0.04435500130057334 -0.03674999997019767 -0.0015000000130385156
v -0.0020112232305109497 0.03653936460614204 -0.0003957158769480883
v 0.035868469625711434 0.03254022449254989 -0.0003519496822264045
v -0.0020258126314729448 0.036260984838008874 0.00014162926527205852
v 0.0358004905283451 0.03189346939325332 0.0006213203887455164
v -0.0020462342072278257 0.03587131947278976 0.0006213203887455164
v -0.002071373630315065 0.03539162874221801 0.0010109865106642244
v 0.035698756575584405 0.03092553094029426 0.001271638670004904
v -0.002099534729495644 0.03485428169369697 0.001289364881813526
v 0.03557875379920005 0.029783770442008965 0.0015000000130385156
v -0.002157407812774181 0.0337500013411045 0.0015000000130385156
v -0.005780967418104409 -0.03539162874221801 0.0010109865106642244
v -0.04245928674936294 -0.03485428169369697 0.001289364881813526
v -0.042996626347303384 -0.03539162874221801 0.0010109865106642244
v -0.005806106608361005 -0.03587131947278976 0.0006213203887455164
v -0.005694932769984006 -0.0337500013411045 0.0015000000130385156
v -0.04135499894618987 -0.0337500013411045 0.0015000000130385156
v -0.0057528060860931865 -0.03485428169369697 0.001289364881813526
v -0.04347632080316543 -0.03587131947278976 0.0006213203887455164
v -0.005841117352247237 -0.03653936460614204 -0.0003957158769480883
v -0.043865986168384545 -0.036260984838008874 0.00014162926527205852
v -0.04414436221122741 -0.03653936460614204 -0.0003957158769480883
v -0.04430491477251052 -0.03669991716742515 -0.0009541108738631008
v -0.04435500130057334 -0.03674999997019767 -0.0015000000130385156
v -0.0058521563187241546 -0.03674999997019767 -0.0015000000130385156
v -0.005826528184115886 -0.036260984838008874 0.00014162926527205852
v 0.03364627063274383 -0.036436412483453744 0.0015000000130385156
v 0.03478803113102912 -0.036556418985128396 0.0012716387864202259
v 0.04002872109413146 0.024288516491651528 0.0015000000130385156
v 0.041170481592416756 0.024168513715267174 0.001271638670004904
v 0.03575597330927848 -0.03665815293788909 0.0006213205633684992
v 0.04213842004537582 0.024066779762506478 0.0006213203887455164
v 0.03640272840857505 -0.036726132035255425 -0.00035194956581108267
v 0.03662983700633048 -0.03674999997019767 -0.0015000000130385156
v 0.04278517514467239 0.023998802527785294 -0.0003519496822264045
v 0.04301228746771812 0.02397493086755275 -0.0015000000130385156
v 0.0052033187821507445 -0.03786161914467811 -0.0009541108738631008
v -0.005841117352247237 -0.03653936460614204 -0.0003957158769480883
v 0.0050870408304035655 -0.03768796101212501 -0.0003957158769480883
v -0.005826528184115886 -0.036260984838008874 0.00014162926527205852
v 0.004885428119450807 -0.037386860698461526 0.00014162926527205852
v 0.0046032159589231006 -0.03696538507938384 0.0006213203887455164
v -0.005806106608361005 -0.03587131947278976 0.0006213203887455164
v 0.004255805164575576 -0.03644653782248496 0.0010109865106642244
v -0.005780967418104409 -0.03539162874221801 0.0010109865106642244
v 0.0038666382897645226 -0.03586532920598983 0.001289364881813526
v -0.0057528060860931865 -0.03485428169369697 0.001289364881813526
v 0.0030668717809021464 -0.03467090055346488 0.0015000000130385156
v -0.005694932769984006 -0.0337500013411045 0.0015000000130385156
v 0.03612424060702323 -0.04110669717192649 -0.0009541108738631008
v 0.03640272840857505 -0.036726132035255425 -0.00035194956581108267
v 0.03573330491781234 -0.04062452912330627 0.00014162926527205852
v 0.03575597330927848 -0.03665815293788909 0.0006213205633684992
v 0.03598124161362647 -0.04093033075332641 -0.0003957158769480883
v 0.03478803113102912 -0.036556418985128396 0.0012716387864202259
v 0.03364627063274383 -0.036436412483453744 0.0015000000130385156
v 0.03349687159061431 -0.037866178900003426 0.0015000000130385156
v 0.03495900332927703 -0.039669528603553765 0.0010109865106642244
v 0.03538624569773673 -0.0401964746415615 0.0006213203887455164
v 0.03448041155934333 -0.03907924890518188 0.001289364881813526
v 0.005597983021289109 -0.03727420791983604 -0.0003957158769480883
v 0.00577350566163659 -0.037140179425477975 -0.0009541108738631008
v 0.005631463136523961 -0.036955665796995156 -0.0003957158769480883
v 0.005345378536731004 -0.03701439499855041 0.00014162926527205852
v 0.005385176744312047 -0.03663573786616325 0.00014162926527205852
v 0.00499178934842348 -0.03665072098374366 0.0006213203887455164
v 0.005743669345974921 -0.03742405027151107 -0.0009541108738631008
v 0.004068915266543626 -0.03570152819156646 0.001289364881813526
v 0.00461604120209813 -0.035636633634567254 0.0010109865106642244
v 0.004140642005950212 -0.03501909226179122 0.001289364881813526
v 0.0031636625062674275 -0.0337500013411045 0.0015000000130385156
v 0.0030668717809021464 -0.03467090055346488 0.0015000000130385156
v 0.0050404323264956466 -0.03618791699409484 0.0006213203887455164
v 0.004556510597467422 -0.0362030304968357 0.0010109865106642244
v 0.03612424060702323 -0.04110669717192649 -0.0009541108738631008
v 0.02823678031563758 -0.04010327160358428 -0.00035194956581108267
v 0.03598124161362647 -0.04093033075332641 -0.0003957158769480883
v 0.03573330491781234 -0.04062452912330627 0.00014162926527205852
v 0.028304364532232278 -0.03945647552609443 0.0006213205633684992
v 0.03538624569773673 -0.0401964746415615 0.0006213203887455164
v 0.03495900332927703 -0.039669528603553765 0.0010109865106642244
v 0.028405513614416115 -0.038488477468490594 0.0012716387864202259
v 0.03448041155934333 -0.03907924890518188 0.001289364881813526
v 0.03349687159061431 -0.037866178900003426 0.0015000000130385156
v 0.028524825349450104 -0.03734664246439933 0.0015000000130385156
v 0.0031636625062674275 -0.0337500013411045 0.0015000000130385156
v 0.004323681350797414 -0.03485428169369697 0.001289364881813526
v 0.02304960042238235 -0.03485428169369697 0.001289364881813526
v 0.004888146650046109 -0.03539162874221801 0.0010109865106642244
v 0.005392048973590135 -0.03587131947278976 0.0006213203887455164
v 0.021731810644268986 -0.03587131947278976 0.0006213203887455164
v 0.022353354841470715 -0.03539162874221801 0.0010109865106642244
v 0.024480437859892838 -0.0337500013411045 0.0015000000130385156
v 0.021226914599537846 -0.036260984838008874 0.00014162926527205852
v 0.005801382008939981 -0.036260984838008874 0.00014162926527205852
v 0.006093810778111218 -0.03653936460614204 -0.0003957158769480883
v 0.02086621709167957 -0.03653936460614204 -0.0003957158769480883
v 0.006262464914470909 -0.03669991716742515 -0.0009541108738631008
v 0.0063150767236948 -0.03674999997019767 -0.0015000000130385156
v 0.020593294873833653 -0.03674999997019767 -0.0015000000130385156
v 0.02065818756818771 -0.03669991716742515 -0.0009541108738631008
v 0.02139758877456188 -0.03956370428204536 -0.0009541108738631008
v 0.02823678031563758 -0.04010327160358428 -0.00035194956581108267
v 0.021807240322232243 -0.039165411144495 0.00014162926527205852
v 0.028304364532232278 -0.03945647552609443 0.0006213205633684992
v 0.021547429263591763 -0.03941801935434341 -0.0003957158769480883
v 0.022618608549237248 -0.03837654367089271 0.0010109865106642244
v 0.028405513614416115 -0.038488477468490594 0.0012716387864202259
v 0.024150736629962914 -0.036886904388666146 0.0015000000130385156
v 0.028524825349450104 -0.03734664246439933 0.0015000000130385156
v 0.02217091619968414 -0.03881182521581649 0.0006213203887455164
v 0.02312011085450649 -0.037888951599597924 0.001289364881813526
v 0.02096002176403999 -0.039023354649543755 -0.0009541108738631008
v 0.02114714868366718 -0.03724296018481254 -0.0009541108738631008
v 0.02113367803394794 -0.038907073438167565 -0.0003957158769480883
v 0.021328564733266827 -0.03705285117030143 -0.0003957158769480883
v 0.021434780210256573 -0.038705464452505105 0.00014162926527205852
v 0.021643120795488354 -0.03672323003411292 0.00014162926527205852
v 0.021856253966689106 -0.038423251360654824 0.0006213203887455164
v 0.02208342961966991 -0.036261830478906625 0.0006213203887455164
v 0.022375103086233136 -0.03807583823800086 0.0010109865106642244
v 0.02262546122074127 -0.03569383174180984 0.0010109865106642244
v 0.02295630984008312 -0.03768667206168174 0.001289364881813526
v 0.02323263883590698 -0.035057570785284035 0.001289364881813526
v 0.024150736629962914 -0.036886904388666146 0.0015000000130385156
v 0.024480437859892838 -0.0337500013411045 0.0015000000130385156
v 0.005340099334716796 -0.037916194647550576 -0.008799999952316282
v 0.005340099334716796 -0.037916194647550576 -0.00179999996908009
v 0.005433863028883933 -0.037897936999797814 -0.0015000000130385156
v 0.005716546904295682 -0.03762215003371238 -0.00179999996908009
v 0.005643977317959069 -0.03777350485324859 -0.00179999996908009
v 0.005731264129281043 -0.03765710815787315 -0.0015000000130385156
v 0.005606515333056449 -0.03780710324645042 -0.0015000000130385156
v 0.005492038093507289 -0.03784484788775443 -0.00179999996908009
v 0.00541606917977333 -0.0378805249929428 -0.00179999996908009
v 0.005733556579798459 -0.037649724632501595 -0.0015000000130385156
v 0.005678878631442784 -0.03758869692683219 -0.0008874483173713086
v 0.005731264129281043 -0.03765710815787315 -0.0015000000130385156
v 0.005743669345974921 -0.03742405027151107 -0.0009541108738631008
v 0.005789116490632295 -0.03747079521417617 -0.0015000000130385156
v 0.005597983021289109 -0.03727420791983604 -0.0003957158769480883
v 0.005552006885409354 -0.03773978725075721 -0.000876877049449831
v 0.005515499506145715 -0.03740917891263961 -0.0003074502456001937
v 0.005345378536731004 -0.03701439499855041 0.00014162926527205852
v 0.005393995437771081 -0.03754466399550437 -0.0002905666769947856
v 0.005426164716482162 -0.03789864480495452 -0.0015000000130385156
v 0.005433863028883933 -0.037897936999797814 -0.0015000000130385156
v 0.005377835128456353 -0.03783247247338294 -0.0008874483173713086
v 0.0052033187821507445 -0.03786161914467811 -0.0009541108738631008
v 0.0052395910024642936 -0.03791579231619834 -0.0015000000130385156
v 0.005606515333056449 -0.03780710324645042 -0.0015000000130385156
v 0.005236214026808738 -0.037635341286659234 -0.0003074502456001937
v 0.0050870408304035655 -0.03768796101212501 -0.0003957158769480883
v 0.0051453402265906325 -0.03723759949207305 0.00023263625917024905
v 0.004556510597467422 -0.0362030304968357 0.0010109865106642244
v 0.004437074996531009 -0.03636296465992927 0.0010307407937943933
v 0.004068915266543626 -0.03570152819156646 0.001289364881813526
v 0.004821841605007648 -0.03683811053633689 0.000676015275530517
v 0.0030668717809021464 -0.03467090055346488 0.0015000000130385156
v 0.004885428119450807 -0.037386860698461526 0.00014162926527205852
v 0.004255805164575576 -0.03644653782248496 0.0010109865106642244
v 0.0038666382897645226 -0.03586532920598983 0.001289364881813526
v 0.0030668717809021464 -0.03467090055346488 0.0015000000130385156
v 0.021171912550926205 -0.03955359384417533 -0.0015000000130385156
v 0.021232943981885907 -0.03949891403317451 -0.0008874483173713086
v 0.021164529025554654 -0.03955129906535148 -0.0015000000130385156
v 0.02139758877456188 -0.03956370428204536 -0.0009541108738631008
v 0.021350845694541928 -0.039609149098396294 -0.0015000000130385156
v 0.021547429263591763 -0.03941801935434341 -0.0003957158769480883
v 0.02108184993267059 -0.03937203809618949 -0.000876877049449831
v 0.02141245640814304 -0.039335533976554864 -0.0003074502456001937
v 0.021807240322232243 -0.039165411144495 0.00014162926527205852
v 0.021276976913213726 -0.03921402990818023 -0.0002905666769947856
v 0.02092299237847328 -0.03924620151519775 -0.0015000000130385156
v 0.020923700183629986 -0.03925389796495437 -0.0015000000130385156
v 0.020989164710044857 -0.0391978695988655 -0.0008874483173713086
v 0.02096002176403999 -0.039023354649543755 -0.0009541108738631008
v 0.020905848592519757 -0.03905962407588958 -0.0015000000130385156
v 0.02101453766226768 -0.039426550269126885 -0.0015000000130385156
v 0.021186295896768566 -0.039056248962879174 -0.0003074502456001937
v 0.02113367803394794 -0.038907073438167565 -0.0003957158769480883
v 0.021584041416645047 -0.038965374231338494 0.00023263625917024905
v 0.022618608549237248 -0.03837654367089271 0.0010109865106642244
v 0.02245867624878883 -0.03825711086392402 0.0010307407937943933
v 0.02312011085450649 -0.037888951599597924 0.001289364881813526
v 0.021983528509736058 -0.03864187747240066 0.000676015275530517
v 0.024150736629962914 -0.036886904388666146 0.0015000000130385156
v 0.021434780210256573 -0.038705464452505105 0.00014162926527205852
v 0.022375103086233136 -0.03807583823800086 0.0010109865106642244
v 0.02295630984008312 -0.03768667206168174 0.001289364881813526
v 0.024150736629962914 -0.036886904388666146 0.0015000000130385156
v 0.02065818756818771 -0.03669991716742515 -0.0009541108738631008
v 0.020593294873833653 -0.03674999997019767 -0.0015000000130385156
v 0.020784635096788403 -0.03678805753588676 -0.0015000000130385156
v 0.02085379138588905 -0.036737393587827676 -0.0009465429466217754
v 0.020787481218576428 -0.03678996115922927 -0.0015000000130385156
v 0.02094684727489948 -0.03689644485712051 -0.0015000000130385156
v 0.021053157746791836 -0.036578632891178124 -0.00040377528057433654
v 0.021205121651291844 -0.03669910877943038 -0.00042378061334602524
v 0.02096118219196796 -0.03691789507865905 -0.0015000000130385156
v 0.02102371677756309 -0.036862444132566445 -0.0009591283742338417
v 0.021309055387973782 -0.036862831562757485 -0.00040377528057433654
v 0.02105523459613323 -0.03705865889787673 -0.0015000000130385156
v 0.021130325272679325 -0.037044510245323174 -0.0009465429466217754
v 0.021064663305878636 -0.037106052041053765 -0.0015000000130385156
v 0.021093294024467465 -0.03725000098347663 -0.0015000000130385156
v 0.02114714868366718 -0.03724296018481254 -0.0009541108738631008
v 0.021093294024467465 -0.03725000098347663 -0.0015000000130385156
v 0.021090555936098095 -0.03730226680636405 -0.0015000000130385156
v 0.021328564733266827 -0.03705285117030143 -0.0003957158769480883
v 0.02086621709167957 -0.03653936460614204 -0.0003957158769480883
v 0.021226914599537846 -0.036260984838008874 0.00014162926527205852
v 0.02151132375001907 -0.036423400044441216 9.119418973568826e-05
v 0.02304960042238235 -0.03485428169369697 0.001289364881813526
v 0.022353354841470715 -0.03539162874221801 0.0010109865106642244
v 0.022473275661468502 -0.03555725514888763 0.0009535587741993366
v 0.021731810644268986 -0.03587131947278976 0.0006213203887455164
v 0.024480437859892838 -0.0337500013411045 0.0015000000130385156
v 0.02208342961966991 -0.036261830478906625 0.0006213203887455164
v 0.021643120795488354 -0.03672323003411292 0.00014162926527205852
v 0.02193845063447952 -0.0360388159751892 0.0005593217792920767
v 0.02323263883590698 -0.035057570785284035 0.001289364881813526
v 0.024480437859892838 -0.0337500013411045 0.0015000000130385156
v 0.02262546122074127 -0.03569383174180984 0.0010109865106642244
v 0.0063150767236948 -0.03674999997019767 -0.0015000000130385156
v 0.006135893054306505 -0.03678321093320846 -0.00179999996908009
v 0.0063150767236948 -0.03674999997019767 -0.00179999996908009
v 0.006135893054306505 -0.03678321093320846 -0.0015000000130385156
v 0.005980511195957659 -0.036878429353237145 -0.00179999996908009
v 0.005980511195957659 -0.036878429353237145 -0.0015000000130385156
v 0.005869573447853325 -0.03702300786972045 -0.00179999996908009
v 0.005869573447853325 -0.03702300786972045 -0.0015000000130385156
v 0.004323681350797414 -0.03485428169369697 0.001289364881813526
v 0.0031636625062674275 -0.0337500013411045 0.0015000000130385156
v 0.004765167832374572 -0.03552865236997604 0.0009622138459235428
v 0.004888146650046109 -0.03539162874221801 0.0010109865106642244
v 0.005534715019166469 -0.036383319646120064 0.00011074122448917476
v 0.005392048973590135 -0.03587131947278976 0.0006213203887455164
v 0.005192489828914403 -0.03600324317812919 0.0005735571030527352
v 0.0050404323264956466 -0.03618791699409484 0.0006213203887455164
v 0.005801382008939981 -0.036260984838008874 0.00014162926527205852
v 0.004140642005950212 -0.03501909226179122 0.001289364881813526
v 0.00461604120209813 -0.035636633634567254 0.0010109865106642244
v 0.0031636625062674275 -0.0337500013411045 0.0015000000130385156
v 0.005385176744312047 -0.03663573786616325 0.00014162926527205852
v 0.005782953463494777 -0.036659017205238335 -0.0004040378553327172
v 0.005631463136523961 -0.036955665796995156 -0.0003957158769480883
v 0.006093810778111218 -0.03653936460614204 -0.0003957158769480883
v 0.0060875671915709955 -0.03672729060053825 -0.0009374582441523669
v 0.006262464914470909 -0.03669991716742515 -0.0009541108738631008
v 0.006135893054306505 -0.03678321093320846 -0.0015000000130385156
v 0.00593155389651656 -0.036824055016040795 -0.0009460907313041387
v 0.0063150767236948 -0.03674999997019767 -0.0015000000130385156
v 0.005980511195957659 -0.036878429353237145 -0.0015000000130385156
v 0.005819011479616164 -0.03696909546852111 -0.0009374582441523669
v 0.005869573447853325 -0.03702300786972045 -0.0015000000130385156
v 0.00577350566163659 -0.037140179425477975 -0.0009541108738631008
v 0.005817815661430358 -0.03719773516058921 -0.0015000000130385156
v 0.04292215034365653 0.026269044727087014 -0.013799999840557572
v 0.04292215034365653 0.026269044727087014 -0.0015000000130385156
v 0.04252475500106811 0.027678104117512696 -0.013799999840557572
v 0.041877232491970055 0.02899114787578582 -0.013799999840557572
v 0.041877232491970055 0.02899114787578582 -0.0015000000130385156
v 0.04252475500106811 0.027678104117512696 -0.0015000000130385156
v 0.04100127145648002 0.030164206400513642 -0.0015000000130385156
v 0.04100127145648002 0.030164206400513642 -0.013799999840557572
v 0.03992620110511779 0.031157987192273133 -0.013799999840557572
v 0.03992620110511779 0.031157987192273133 -0.0015000000130385156
v 0.0386880338191986 0.03193921223282813 -0.013799999840557572
v 0.03732823580503463 0.032481715083122246 -0.013799999840557572
v 0.03732823580503463 0.032481715083122246 -0.0015000000130385156
v 0.0386880338191986 0.03193921223282813 -0.0015000000130385156
v 0.03557875379920005 0.029783770442008965 0.0015000000130385156
v 0.03653881698846816 0.029586259275674813 0.0015000000130385156
v 0.036879263818264 0.03068266995251178 0.001271638670004904
v 0.0374419055879116 0.029205245897173875 0.0015000000130385156
v 0.038764417171478265 0.031641010195016854 -0.0003519496822264045
v 0.04002559930086135 0.030786322429776185 -0.0003519496822264045
v 0.03798970952630042 0.030214171856641762 0.001271638670004904
v 0.03825330734252929 0.028655368834733956 0.0015000000130385156
v 0.03736072406172752 0.03223323076963424 -0.0003519496822264045
v 0.03898741677403449 0.029538039118051522 0.001271638670004904
v 0.03894184157252311 0.027957761660218232 0.0015000000130385156
v 0.03716787695884704 0.03161216527223586 0.0006213203887455164
v 0.03845411166548728 0.031069498509168618 0.0006213203887455164
v 0.03960976004600524 0.03028632886707782 0.0006213203887455164
v 0.03983404487371444 0.02868025377392768 0.001271638670004904
v 0.04059041664004325 0.029292751103639596 0.0006213203887455164
v 0.04109580814838409 0.02970201149582862 -0.0003519496822264045
v 0.0404970571398735 0.02767378278076648 0.001271638670004904
v 0.04193391278386115 0.02842974849045276 -0.0003519496822264045
v 0.039481047540903084 0.027139233425259583 0.0015000000130385156
v 0.039850208908319466 0.026231236755847924 0.0015000000130385156
v 0.04095098376274108 0.0265573002398014 0.001271638670004904
v 0.041358388960361474 0.028126951307058327 0.0006213203887455164
v 0.04305611178278922 0.02481116168200969 -0.0015000000130385156
v 0.04279514774680137 0.025522278621792786 -0.0003519496822264045
v 0.0411783717572689 0.025373715907335274 0.001271638670004904
v 0.040035136044025414 0.025268668308854096 0.0015000000130385156
v 0.04002872109413146 0.024288516491651528 0.0015000000130385156
v 0.042507711797952645 0.027018424123525613 -0.0003519496822264045
v 0.04188417270779609 0.02683372423052787 0.0006213203887455164
v 0.042147554457187646 0.025462772697210305 0.0006213203887455164
v 0.0063150767236948 -0.0337500013411045 -0.00179999996908009
v 0.0063150767236948 -0.0337500013411045 2.2392906794421487e-16
v 0.020593294873833653 -0.0337500013411045 2.2395381718814245e-16
v 0.020593294873833653 -0.0337500013411045 -0.00179999996908009
v 0.0038611225318163625 -0.034754384309053414 2.2398055166554017e-16
v 0.0038611225318163625 -0.034754384309053414 -0.008799999952316282
v -0.005694932769984006 -0.0337500013411045 -0.008799999952316282
v -0.005694932769984006 -0.0337500013411045 2.2390823622766833e-16
v 0.0063150767236948 -0.0337500013411045 2.2392906794421487e-16
v 0.005773554556071757 -0.033792145550251 -0.00179999996908009
v 0.005639486014842986 -0.033815823495388024 2.2393155610349742e-16
v 0.0063150767236948 -0.0337500013411045 -0.00179999996908009
v 0.004989305976778268 -0.034010816365480416 2.2394124404283165e-16
v 0.005773554556071757 -0.033792145550251 -0.008799999952316282
v 0.004741960670799016 -0.03412345051765441 -0.008799999952316282
v 0.0038611225318163625 -0.034754384309053414 -0.008799999952316282
v 0.004388991743326186 -0.03432763740420341 2.239577876550827e-16
v 0.0038611225318163625 -0.034754384309053414 2.2398055166554017e-16
v -0.033105000853538506 -0.03194895759224891 -0.008799999952316282
v -0.04135499894618987 -0.03674999997019767 -0.008799999952316282
v -0.04135499894618987 -0.031750001013278954 -0.008799999952316282
v -0.033183425664901726 -0.031750001013278954 -0.008799999952316282
v -0.033105000853538506 -0.03674999997019767 -0.008799999952316282
v -0.04435500130057334 -0.03674999997019767 -0.008799999952316282
v -0.04435500130057334 -0.031750001013278954 -0.013799999840557572
v -0.04135499894618987 -0.031750001013278954 -0.013799999840557572
v -0.04135499894618987 -0.03674999997019767 -0.008799999952316282
v 0.024282170459628098 -0.02986216358840465 2.2374441476171343e-16
v 0.024282170459628098 -0.02986216358840465 -0.013799999840557572
v 0.02383595518767833 -0.03410763666033744 -0.008799999952316282
v 0.02383595518767833 -0.03410763666033744 -0.013799999840557572
v 0.023808628320693963 -0.0343676283955574 -0.008799999952316282
v 0.023808628320693963 -0.0343676283955574 2.239936806762226e-16
v 0.03155741095542907 -0.027610296383500092 2.236320240775246e-16
v 0.03155741095542907 -0.027610296383500092 -0.013799999840557572
v 0.02757932245731353 -0.02719218283891677 -0.013799999840557572
v 0.02757932245731353 -0.02719218283891677 2.236019279381175e-16
v 0.032544426620006554 0.020047606900334355 2.2098819602112754e-16
v 0.032544426620006554 0.020047606900334355 -0.013799999840557572
v 0.030292559415101998 0.027322845533490174 2.205804290663634e-16
v 0.030292559415101998 0.027322845533490174 -0.013799999840557572
v 0.029874445870518677 0.023344758898019787 -0.013799999840557572
v 0.029874445870518677 0.023344758898019787 2.208005385186413e-16
v -0.03335500136017799 0.02675000019371509 2.2050181382094636e-16
v -0.03335500136017799 0.02675000019371509 -0.013799999840557572
v -0.03335500136017799 0.03075000084936618 -0.013799999840557572
v -0.03335500136017799 0.03075000084936618 2.2027977207475752e-16
v -0.04135499894618987 0.02374999970197677 2.2065447827479914e-16
v -0.04135499894618987 0.02374999970197677 -0.013799999840557572
v -0.03635499998927116 0.02374999970197677 -0.013799999840557572
v -0.03635499998927116 0.02374999970197677 2.206631471276187e-16
v -0.03635499998927116 -0.02374999970197677 -0.013799999840557572
v -0.0383550003170967 -0.02374999970197677 -0.013799999840557572
v -0.0383550003170967 -0.02374999970197677 2.232964666815139e-16
v -0.03635499998927116 -0.02374999970197677 2.2329993422264173e-16
v -0.03335500136017799 -0.03075000084936618 2.236936986639966e-16
v -0.03335500136017799 -0.03075000084936618 -0.013799999840557572
v -0.03335500136017799 -0.02675000019371509 -0.013799999840557572
v -0.03335500136017799 -0.02675000019371509 2.2347167015269754e-16
v -0.033183425664901726 -0.031750001013278954 -0.008799999952316282
v -0.04135499894618987 -0.031750001013278954 -0.008799999952316282
v -0.04135499894618987 -0.031750001013278954 -0.013799999840557572
v -0.033183425664901726 -0.031750001013278954 -0.013799999840557572
v 0.02881211414933204 -0.03463064879179 -0.008799999952316282
v 0.02881211414933204 -0.03463064879179 -0.013799999840557572
v 0.02821304649114608 -0.04033039882779121 -0.013799999840557572
v 0.02821304649114608 -0.04033039882779121 -0.008799999952316282
v 0.02383595518767833 -0.03410763666033744 -0.008799999952316282
v 0.02383595518767833 -0.03410763666033744 -0.013799999840557572
v 0.02881211414933204 -0.03463064879179 -0.013799999840557572
v 0.02881211414933204 -0.03463064879179 -0.008799999952316282
v -0.04112663865089416 -0.0218980498611927 2.231888405576534e-16
v -0.04112663865089416 -0.0218980498611927 -0.013799999840557572
v -0.04135499894618987 -0.020749999210238453 -0.013799999840557572
v -0.04135499894618987 -0.020749999210238453 2.231247307514581e-16
v -0.04047632217407226 -0.02287132106721401 2.2324400357834335e-16
v -0.04047632217407226 -0.02287132106721401 -0.013799999840557572
v -0.0383550003170967 -0.02374999970197677 2.232964666815139e-16
v -0.0383550003170967 -0.02374999970197677 -0.013799999840557572
v -0.0395030528306961 -0.023521639406681054 -0.013799999840557572
v -0.0395030528306961 -0.023521639406681054 2.2328180242361457e-16
v -0.03335500136017799 -0.02675000019371509 -0.013799999840557572
v -0.0335833616554737 -0.025601949542760842 -0.013799999840557572
v -0.0335833616554737 -0.025601949542760842 2.2340753387672263e-16
v -0.03335500136017799 -0.02675000019371509 2.2347167015269754e-16
v -0.0342336818575859 -0.024628680199384682 -0.013799999840557572
v -0.0342336818575859 -0.024628680199384682 2.233523973258123e-16
v -0.03520695120096206 -0.023978361859917634 -0.013799999840557572
v -0.03635499998927116 -0.02374999970197677 -0.013799999840557572
v -0.03635499998927116 -0.02374999970197677 2.2329993422264173e-16
v -0.03520695120096206 -0.023978361859917634 2.2331459848054107e-16
v -0.033183425664901726 -0.031750001013278954 -0.008799999952316282
v -0.033183425664901726 -0.031750001013278954 -0.013799999840557572
v -0.03335500136017799 -0.03075000084936618 -0.013799999840557572
v -0.03335500136017799 -0.03075000084936618 2.236936986639966e-16
v -0.033105000853538506 -0.03194895759224891 -0.0027999999001622196
v -0.03312664106488227 -0.03189805150032043 2.237578349399715e-16
v -0.033105000853538506 -0.03194895759224891 -0.008799999952316282
v -0.0326474905014038 -0.03268506750464439 -0.0027999999001622196
v -0.032476320862770074 -0.03287131711840629 2.238129979606614e-16
v -0.031998645514249795 -0.033259671181440346 -0.0027999999001622196
v -0.031503051519393914 -0.03352163732051849 2.2385077033615305e-16
v -0.03121261298656463 -0.03362480551004409 -0.0027999999001622196
v -0.030354999005794518 -0.0337500013411045 2.23865461063832e-16
v -0.030354999005794518 -0.0337500013411045 -0.0027999999001622196
v 0.026413692161440842 -0.027299290522933 -0.013799999840557572
v 0.026413692161440842 -0.027299290522933 2.2360584546549854e-16
v 0.025377776473760598 -0.027844311669468873 -0.013799999840557572
v 0.025377776473760598 -0.027844311669468873 2.2363430047857037e-16
v 0.024629285559058182 -0.02874427288770675 -0.013799999840557572
v 0.024629285559058182 -0.02874427288770675 2.236829519334783e-16
v 0.03450744599103927 -0.026058206334710114 -0.013799999840557572
v 0.03450744599103927 -0.026058206334710114 2.2355097361238423e-16
v 0.033758956938982 -0.02695816755294799 -0.013799999840557572
v 0.033758956938982 -0.02695816755294799 2.2359965153707175e-16
v 0.03272304311394691 -0.027503188699483865 -0.013799999840557572
v 0.03272304311394691 -0.027503188699483865 2.2362810655014357e-16
v -0.03635499998927116 0.02374999970197677 -0.013799999840557572
v -0.03520695120096206 0.023978361859917634 -0.013799999840557572
v -0.03520695120096206 0.023978361859917634 2.2065246657154941e-16
v -0.03635499998927116 0.02374999970197677 2.206631471276187e-16
v -0.03335500136017799 0.02675000019371509 -0.013799999840557572
v -0.03335500136017799 0.02675000019371509 2.2050181382094636e-16
v -0.0335833616554737 0.025601949542760842 -0.013799999840557572
v -0.0342336818575859 0.024628680199384682 -0.013799999840557572
v -0.0335833616554737 0.025601949542760842 2.2056515600353322e-16
v -0.0342336818575859 0.024628680199384682 2.206180558580672e-16
v -0.030354999005794518 0.0337500013411045 2.2011845200297498e-16
v -0.03121261298656463 0.03362480551004409 -0.0027999999001622196
v -0.030354999005794518 0.0337500013411045 -0.0027999999001622196
v -0.031503051519393914 0.03352163732051849 2.2012913255904426e-16
v -0.031998645514249795 0.033259671181440346 -0.0027999999001622196
v -0.032476320862770074 0.03287131711840629 2.2016354327252647e-16
v -0.0326474905014038 0.03268506750464439 -0.0027999999001622196
v -0.033105000853538506 0.03194895759224891 -0.0027999999001622196
v -0.03329183533787727 0.0313623733818531 -0.013799999840557572
v -0.033105000853538506 0.03194895759224891 -0.013799999840557572
v -0.03335500136017799 0.03075000084936618 2.2027977207475752e-16
v -0.03335500136017799 0.03075000084936618 -0.013799999840557572
v -0.03312664106488227 0.03189805150032043 2.2021644312706046e-16
v 0.029981551691889756 0.02217912673950195 -0.013799999840557572
v 0.029981551691889756 0.02217912673950195 2.2086542918333487e-16
v 0.03052657283842563 0.021143211051821705 -0.013799999840557572
v 0.03052657283842563 0.021143211051821705 2.2092387445669541e-16
v 0.031426534056663506 0.02039472199976444 -0.013799999840557572
v 0.031426534056663506 0.02039472199976444 2.2096698049277678e-16
v 0.028829708695411675 0.03250413760542869 -0.00179999996908009
v 0.01270829979330301 0.0321875512599945 -0.00179999996908009
v 0.01291735656559467 0.03417659550905227 -0.00179999996908009
v 0.029928756877779954 0.03339413553476333 -0.00179999996908009
v 0.012027364224195477 0.0352756455540657 -0.00179999996908009
v 0.0286025833338499 0.030343204736709588 -0.00179999996908009
v 0.027622576802968972 0.030619997531175606 -0.00179999996908009
v 0.028829708695411675 0.03250413760542869 -0.00179999996908009
v 0.028829708695411675 0.03250413760542869 -0.013799999840557572
v 0.0286025833338499 0.030343204736709588 -0.013799999840557572
v 0.0286025833338499 0.030343204736709588 -0.00179999996908009
v 0.01270829979330301 0.0321875512599945 -0.00179999996908009
v 0.01270829979330301 0.0321875512599945 -0.013799999840557572
v 0.01291735656559467 0.03417659550905227 -0.013799999840557572
v 0.01291735656559467 0.03417659550905227 -0.00179999996908009
v 0.005789116490632295 -0.03747079521417617 -0.00179999996908009
v 0.005643977317959069 -0.03777350485324859 -0.00179999996908009
v 0.005340099334716796 -0.037916194647550576 -0.00179999996908009
v 0.005869573447853325 -0.03702300786972045 -0.00179999996908009
v 0.005817815661430358 -0.03719773516058921 -0.00179999996908009
v 0.005773554556071757 -0.033792145550251 -0.00179999996908009
v 0.006135893054306505 -0.03678321093320846 -0.00179999996908009
v 0.005980511195957659 -0.036878429353237145 -0.00179999996908009
v 0.0063150767236948 -0.0337500013411045 -0.00179999996908009
v 0.0063150767236948 -0.03674999997019767 -0.00179999996908009
v 0.020593294873833653 -0.0337500013411045 -0.00179999996908009
v 0.020593294873833653 -0.03674999997019767 -0.00179999996908009
v 0.021252449601888653 -0.03958864882588386 -0.00179999996908009
v 0.020984878763556477 -0.03938590362668037 -0.00179999996908009
v 0.020905848592519757 -0.03905962407588958 -0.00179999996908009
v 0.021841911599040028 -0.033980298787355416 -0.00179999996908009
v 0.021090555936098095 -0.03730226680636405 -0.00179999996908009
v 0.021093294024467465 -0.03725000098347663 -0.00179999996908009
v 0.020784635096788403 -0.03678805753588676 -0.00179999996908009
v 0.02105523459613323 -0.03705865889787673 -0.00179999996908009
v 0.02094684727489948 -0.03689644485712051 -0.00179999996908009
v 0.021841911599040028 -0.033980298787355416 -0.00179999996908009
v 0.021841911599040028 -0.033980298787355416 -0.008799999952316282
v 0.021252449601888653 -0.03958864882588386 -0.008799999952316282
v 0.021252449601888653 -0.03958864882588386 -0.00179999996908009
v 0.005340099334716796 -0.037916194647550576 -0.00179999996908009
v 0.005340099334716796 -0.037916194647550576 -0.008799999952316282
v 0.005773554556071757 -0.033792145550251 -0.008799999952316282
v 0.005773554556071757 -0.033792145550251 -0.00179999996908009
v -0.033105000853538506 0.03194895759224891 -0.0027999999001622196
v -0.033105000853538506 0.03194895759224891 -0.013799999840557572
v -0.033105000853538506 0.03575000166893005 -0.013799999840557572
v -0.033105000853538506 0.03575000166893005 -0.0027999999001622196
v -0.033105000853538506 0.03384948149323463 -0.0027999999001622196
v -0.0326474905014038 0.03268506750464439 -0.0027999999001622196
v -0.033105000853538506 0.03194895759224891 -0.0027999999001622196
v -0.03121261298656463 0.03362480551004409 -0.0027999999001622196
v -0.031998645514249795 0.033259671181440346 -0.0027999999001622196
v -0.030354999005794518 0.0337500013411045 -0.0027999999001622196
v -0.016104999929666516 0.03674999997019767 -0.0027999999001622196
v -0.033105000853538506 0.03575000166893005 -0.0027999999001622196
v -0.03410499915480613 0.03674999997019767 -0.0027999999001622196
v -0.01710500009357929 0.03575000166893005 -0.0027999999001622196
v -0.01710500009357929 0.0337500013411045 -0.0027999999001622196
v -0.01710500009357929 0.03575000166893005 -0.013799999840557572
v -0.01710500009357929 0.0337500013411045 -0.013799999840557572
v -0.01710500009357929 0.0337500013411045 -0.0027999999001622196
v -0.01710500009357929 0.03575000166893005 -0.0027999999001622196
v -0.0326474905014038 -0.03268506750464439 -0.0027999999001622196
v -0.031998645514249795 -0.033259671181440346 -0.0027999999001622196
v -0.033105000853538506 -0.03674999997019767 -0.0027999999001622196
v -0.03121261298656463 -0.03362480551004409 -0.0027999999001622196
v -0.033105000853538506 -0.03194895759224891 -0.0027999999001622196
v -0.01710500009357929 -0.0337500013411045 -0.0027999999001622196
v -0.01710500009357929 -0.03674999997019767 -0.0027999999001622196
v -0.030354999005794518 -0.0337500013411045 -0.0027999999001622196
v -0.033105000853538506 -0.03674999997019767 -0.0027999999001622196
v -0.033105000853538506 -0.03674999997019767 -0.008799999952316282
v -0.033105000853538506 -0.03194895759224891 -0.008799999952316282
v -0.033105000853538506 -0.03194895759224891 -0.0027999999001622196
v -0.01710500009357929 -0.0337500013411045 -0.008799999952316282
v -0.01710500009357929 -0.03674999997019767 -0.0027999999001622196
v -0.01710500009357929 -0.0337500013411045 -0.0027999999001622196
v -0.01710500009357929 -0.03674999997019767 -0.008799999952316282
v -0.03850984945893287 0.02822835370898246 -0.013799999840557572
v -0.03850984945893287 0.02822835370898246 -0.0038000000640749923
v -0.03783335536718368 0.0289048496633768 -0.013799999840557572
v -0.03783335536718368 0.0289048496633768 -0.0038000000640749923
v -0.038238883018493645 0.028633885085582726 -0.0038000000640749923
v -0.038238883018493645 0.028633885085582726 -0.013799999840557572
v -0.03735499829053878 0.028999999165534966 -0.013799999840557572
v -0.03735499829053878 0.028999999165534966 -0.0038000000640749923
v -0.036471113562583916 0.028633885085582726 -0.013799999840557572
v -0.036471113562583916 0.028633885085582726 -0.0038000000640749923
v -0.03687664493918418 0.0289048496633768 -0.0038000000640749923
v -0.03620015084743499 0.02822835370898246 -0.0038000000640749923
v -0.03620015084743499 0.02822835370898246 -0.013799999840557572
v -0.03687664493918418 0.0289048496633768 -0.013799999840557572
v -0.036104999482631676 0.02775000035762786 -0.0038000000640749923
v -0.03620015084743499 0.027271647006273263 -0.0038000000640749923
v -0.036471113562583916 0.026866115629672997 -0.0038000000640749923
v -0.038238883018493645 0.026866115629672997 -0.0038000000640749923
v -0.03687664493918418 0.026595149189233773 -0.0038000000640749923
v -0.03620015084743499 0.02822835370898246 -0.0038000000640749923
v -0.036471113562583916 0.028633885085582726 -0.0038000000640749923
v -0.038238883018493645 0.028633885085582726 -0.0038000000640749923
v -0.03735499829053878 0.028999999165534966 -0.0038000000640749923
v -0.03687664493918418 0.0289048496633768 -0.0038000000640749923
v -0.03735499829053878 0.026499999687075608 -0.0038000000640749923
v -0.03850984945893287 0.027271647006273263 -0.0038000000640749923
v -0.03850984945893287 0.02822835370898246 -0.0038000000640749923
v -0.038605000823736184 0.02775000035762786 -0.0038000000640749923
v -0.03783335536718368 0.0289048496633768 -0.0038000000640749923
v -0.03783335536718368 0.026595149189233773 -0.0038000000640749923
v -0.03850984945893287 -0.027271647006273263 -0.013799999840557572
v -0.03850984945893287 -0.027271647006273263 -0.0038000000640749923
v -0.03783335536718368 -0.026595149189233773 -0.013799999840557572
v -0.03783335536718368 -0.026595149189233773 -0.0038000000640749923
v -0.038238883018493645 -0.026866115629672997 -0.0038000000640749923
v -0.038238883018493645 -0.026866115629672997 -0.013799999840557572
v -0.03735499829053878 -0.026499999687075608 -0.013799999840557572
v -0.03735499829053878 -0.026499999687075608 -0.0038000000640749923
v -0.036471113562583916 -0.026866115629672997 -0.013799999840557572
v -0.036471113562583916 -0.026866115629672997 -0.0038000000640749923
v -0.03687664493918418 -0.026595149189233773 -0.0038000000640749923
v -0.03620015084743499 -0.027271647006273263 -0.0038000000640749923
v -0.03620015084743499 -0.027271647006273263 -0.013799999840557572
v -0.03687664493918418 -0.026595149189233773 -0.013799999840557572
v -0.036104999482631676 -0.02775000035762786 -0.0038000000640749923
v -0.03620015084743499 -0.02822835370898246 -0.0038000000640749923
v -0.036471113562583916 -0.028633885085582726 -0.0038000000640749923
v -0.038238883018493645 -0.028633885085582726 -0.0038000000640749923
v -0.03687664493918418 -0.0289048496633768 -0.0038000000640749923
v -0.03620015084743499 -0.027271647006273263 -0.0038000000640749923
v -0.036471113562583916 -0.026866115629672997 -0.0038000000640749923
v -0.038238883018493645 -0.026866115629672997 -0.0038000000640749923
v -0.03735499829053878 -0.026499999687075608 -0.0038000000640749923
v -0.03687664493918418 -0.026595149189233773 -0.0038000000640749923
v -0.03735499829053878 -0.028999999165534966 -0.0038000000640749923
v -0.03850984945893287 -0.02822835370898246 -0.0038000000640749923
v -0.03850984945893287 -0.027271647006273263 -0.0038000000640749923
v -0.038605000823736184 -0.02775000035762786 -0.0038000000640749923
v -0.03783335536718368 -0.026595149189233773 -0.0038000000640749923
v -0.03783335536718368 -0.0289048496633768 -0.0038000000640749923
v 0.027000881731510155 -0.030796444043517106 -0.013799999840557572
v 0.027000881731510155 -0.030796444043517106 -0.0038000000640749923
v 0.027677377685904496 -0.030119949951767915 -0.013799999840557572
v 0.027677377685904496 -0.030119949951767915 -0.0038000000640749923
v 0.02727184630930423 -0.03039091452956199 -0.0038000000640749923
v 0.02727184630930423 -0.03039091452956199 -0.013799999840557572
v 0.028155731037259095 -0.0300247985869646 -0.013799999840557572
v 0.028155731037259095 -0.0300247985869646 -0.0038000000640749923
v 0.02903961390256881 -0.03039091452956199 -0.013799999840557572
v 0.02903961390256881 -0.03039091452956199 -0.0038000000640749923
v 0.028634084388613694 -0.030119949951767915 -0.0038000000640749923
v 0.029310580343008034 -0.030796444043517106 -0.0038000000640749923
v 0.029310580343008034 -0.030796444043517106 -0.013799999840557572
v 0.028634084388613694 -0.030119949951767915 -0.013799999840557572
v 0.02940573170781135 -0.031274799257516854 -0.0038000000640749923
v 0.029310580343008034 -0.03175315260887145 -0.0038000000640749923
v 0.02903961390256881 -0.03215868398547172 -0.0038000000640749923
v 0.028634084388613694 -0.03242965042591094 -0.0038000000640749923
v 0.028155731037259095 -0.03252479806542396 -0.0038000000640749923
v 0.027677377685904496 -0.03242965042591094 -0.0038000000640749923
v 0.029310580343008034 -0.030796444043517106 -0.0038000000640749923
v 0.02903961390256881 -0.03039091452956199 -0.0038000000640749923
v 0.028155731037259095 -0.0300247985869646 -0.0038000000640749923
v 0.028634084388613694 -0.030119949951767915 -0.0038000000640749923
v 0.02727184630930423 -0.03215868398547172 -0.0038000000640749923
v 0.02690573036670684 -0.031274799257516854 -0.0038000000640749923
v 0.027000881731510155 -0.03175315260887145 -0.0038000000640749923
v 0.02727184630930423 -0.03039091452956199 -0.0038000000640749923
v 0.027677377685904496 -0.030119949951767915 -0.0038000000640749923
v 0.027000881731510155 -0.030796444043517106 -0.0038000000640749923
v 0.03280221298336982 0.024399520829319947 -0.013799999840557572
v 0.03280221298336982 0.024399520829319947 -0.0038000000640749923
v 0.03347870707511901 0.025076014921069138 -0.013799999840557572
v 0.03347870707511901 0.025076014921069138 -0.0038000000640749923
v 0.033073175698518746 0.024805050343275063 -0.0038000000640749923
v 0.033073175698518746 0.024805050343275063 -0.013799999840557572
v 0.03395706042647361 0.0251711681485176 -0.013799999840557572
v 0.03395706042647361 0.0251711681485176 -0.0038000000640749923
v 0.03484094142913818 0.024805050343275063 -0.013799999840557572
v 0.03484094142913818 0.024805050343275063 -0.0038000000640749923
v 0.03443541377782821 0.025076014921069138 -0.0038000000640749923
v 0.0351119115948677 0.024399520829319947 -0.0038000000640749923
v 0.0351119115948677 0.024399520829319947 -0.013799999840557572
v 0.03443541377782821 0.025076014921069138 -0.013799999840557572
v 0.0351119115948677 0.0234428122639656 -0.0038000000640749923
v 0.03484094142913818 0.023037282750010487 -0.0038000000640749923
v 0.03443541377782821 0.022766318172216412 -0.0038000000640749923
v 0.03395706042647361 0.022671166807413098 -0.0038000000640749923
v 0.03280221298336982 0.0234428122639656 -0.0038000000640749923
v 0.03280221298336982 0.024399520829319947 -0.0038000000640749923
v 0.035207062959671014 0.023921167477965348 -0.0038000000640749923
v 0.0351119115948677 0.024399520829319947 -0.0038000000640749923
v 0.03443541377782821 0.025076014921069138 -0.0038000000640749923
v 0.03484094142913818 0.024805050343275063 -0.0038000000640749923
v 0.03395706042647361 0.0251711681485176 -0.0038000000640749923
v 0.03347870707511901 0.022766318172216412 -0.0038000000640749923
v 0.033073175698518746 0.023037282750010487 -0.0038000000640749923
v 0.032707061618566506 0.023921167477965348 -0.0038000000640749923
v 0.03347870707511901 0.025076014921069138 -0.0038000000640749923
v 0.033073175698518746 0.024805050343275063 -0.0038000000640749923
v 0.012027364224195477 0.0352756455540657 -0.00179999996908009
v 0.01291735656559467 0.03417659550905227 -0.013799999840557572
v 0.012027364224195477 0.0352756455540657 -0.013799999840557572
v 0.01291735656559467 0.03417659550905227 -0.00179999996908009
v 0.028829708695411675 0.03250413760542869 -0.013799999840557572
v 0.028829708695411675 0.03250413760542869 -0.00179999996908009
v 0.029928756877779954 0.03339413553476333 -0.00179999996908009
v 0.029928756877779954 0.03339413553476333 -0.013799999840557572
v -0.016104999929666516 0.03674999997019767 -0.013799999840557572
v -0.01710500009357929 0.03575000166893005 -0.013799999840557572
v -0.01710500009357929 0.03575000166893005 -0.0027999999001622196
v -0.016104999929666516 0.03674999997019767 -0.0027999999001622196
v -0.03410499915480613 0.03674999997019767 -0.0027999999001622196
v -0.033105000853538506 0.03575000166893005 -0.0027999999001622196
v -0.033105000853538506 0.03575000166893005 -0.013799999840557572
v -0.03410499915480613 0.03674999997019767 -0.013799999840557572
v 0.023215066641569134 -0.0348060019314289 -0.008799999952316282
v 0.023215066641569134 -0.0348060019314289 2.240170005520517e-16
v 0.023487262427806847 -0.03478340432047843 -0.008799999952316282
v 0.023487262427806847 -0.03478340432047843 2.2401620645866365e-16
v 0.023706970736384385 -0.03462113812565803 2.240075773105135e-16
v 0.023706970736384385 -0.03462113812565803 -0.008799999952316282
v -0.0362236276268959 0.026618631556630128 -0.023800002411007874
v -0.0362236276268959 0.026618631556630128 -0.013800001703202721
v -0.0358767919242382 0.027137707918882363 -0.013800001703202721
v -0.0358767919242382 0.027137707918882363 -0.023800002411007874
v -0.035754997283220284 0.02775000222027301 -0.013800001703202721
v -0.035754997283220284 0.02775000222027301 -0.023800002411007874
v -0.03674270585179328 0.026271795853972428 -0.023800002411007874
v -0.03674270585179328 0.026271795853972428 -0.013800001703202721
v -0.03883320838212966 0.027137707918882363 -0.023800002411007874
v -0.03895499929785728 0.02775000222027301 -0.023800002411007874
v -0.03895499929785728 0.02775000222027301 -0.013800001703202721
v -0.03796729072928428 0.026271795853972428 -0.023800002411007874
v -0.03796729072928428 0.026271795853972428 -0.013800001703202721
v -0.03735499829053878 0.026150001212954514 -0.013800001703202721
v -0.03883320838212966 0.027137707918882363 -0.013800001703202721
v -0.038486368954181664 0.026618631556630128 -0.013800001703202721
v -0.038486368954181664 0.026618631556630128 -0.023800002411007874
v -0.03735499829053878 0.026150001212954514 -0.023800002411007874
v 0.035088431090116494 0.02278979308903217 -0.023800000548362725
v 0.035088431090116494 0.02278979308903217 -0.013800000771880146
v 0.035435266792774194 0.023308871313929554 -0.013800000771880146
v 0.035435266792774194 0.023308871313929554 -0.023800000548362725
v 0.03555706143379211 0.0239211656153202 -0.013800000771880146
v 0.03555706143379211 0.0239211656153202 -0.023800000548362725
v 0.03456935659050941 0.02244295738637447 -0.023800000548362725
v 0.03456935659050941 0.02244295738637447 -0.013800000771880146
v 0.03247885406017303 0.023308871313929554 -0.023800000548362725
v 0.032357059419155114 0.0239211656153202 -0.023800000548362725
v 0.032357059419155114 0.0239211656153202 -0.013800000771880146
v 0.03334476798772811 0.02244295738637447 -0.023800000548362725
v 0.03334476798772811 0.02244295738637447 -0.013800000771880146
v 0.03395706042647361 0.022321164608001706 -0.013800000771880146
v 0.03247885406017303 0.023308871313929554 -0.013800000771880146
v 0.03282568976283073 0.02278979308903217 -0.013800000771880146
v 0.03282568976283073 0.02278979308903217 -0.023800000548362725
v 0.03395706042647361 0.022321164608001706 -0.023800000548362725
v 0.029287101700901978 -0.03240616992115974 -0.023799998685717576
v 0.029287101700901978 -0.03240616992115974 -0.013799998909234997
v 0.029633937403559678 -0.03188709542155265 -0.013799998909234997
v 0.029633937403559678 -0.03188709542155265 -0.023799998685717576
v 0.029755728319287293 -0.031274799257516854 -0.013799999840557572
v 0.029755728319287293 -0.031274799257516854 -0.023800000548362725
v 0.028768023476004594 -0.032753009349107735 -0.023799998685717576
v 0.028768023476004594 -0.032753009349107735 -0.013799998909234997
v 0.026677520945668214 -0.03188709542155265 -0.023799998685717576
v 0.026555730029940598 -0.031274799257516854 -0.023800000548362725
v 0.026555730029940598 -0.031274799257516854 -0.013799999840557572
v 0.027543434873223298 -0.032753009349107735 -0.023799998685717576
v 0.027543434873223298 -0.032753009349107735 -0.013799998909234997
v 0.028155731037259095 -0.03287480399012565 -0.013799998909234997
v 0.026677520945668214 -0.03188709542155265 -0.013799998909234997
v 0.02702436037361621 -0.03240616992115974 -0.013799998909234997
v 0.02702436037361621 -0.03240616992115974 -0.023799998685717576
v 0.028155731037259095 -0.03287480399012565 -0.023799998685717576
v -0.036223631352186196 -0.028881371021270745 -0.023800000548362725
v -0.036223631352186196 -0.028881371021270745 -0.013799999840557572
v -0.0358767919242382 -0.02836229652166366 -0.013799999840557572
v -0.0358767919242382 -0.02836229652166366 -0.023800000548362725
v -0.03575500100851058 -0.02775000035762786 -0.013799999840557572
v -0.03575500100851058 -0.02775000035762786 -0.023800000548362725
v -0.03674270957708358 -0.029228210449218743 -0.023800000548362725
v -0.03674270957708358 -0.029228210449218743 -0.013799999840557572
v -0.03883320838212966 -0.02836229652166366 -0.023800000548362725
v -0.038955003023147576 -0.02775000035762786 -0.023800000548362725
v -0.038955003023147576 -0.02775000035762786 -0.013799999840557572
v -0.03796729445457458 -0.029228210449218743 -0.023800000548362725
v -0.03796729445457458 -0.029228210449218743 -0.013799999840557572
v -0.03735500201582908 -0.02934999763965606 -0.013799999840557572
v -0.03883320838212966 -0.02836229652166366 -0.013799999840557572
v -0.03848637267947196 -0.028881371021270745 -0.013799999840557572
v -0.03848637267947196 -0.028881371021270745 -0.023800000548362725
v -0.03735500201582908 -0.02934999763965606 -0.023800000548362725
v 0.023070225492119786 -0.04142719134688377 -0.008271948434412478
v 0.02309409342706203 -0.04120009019970893 -0.009419999085366724
v 0.028042836114764207 -0.041949842125177376 -0.008271948434412478
v 0.027974860742688172 -0.042596597224473946 -0.007298678625375031
v 0.02300225012004375 -0.042073953896760934 -0.007298678625375031
v 0.028066704049706452 -0.04172272607684135 -0.009419999085366724
v 0.022900516167283055 -0.04304189607501029 -0.006648360285907982
v 0.027873126789927476 -0.04356453195214271 -0.006648360285907982
v 0.02746340446174144 -0.04746275022625922 -0.008271948434412478
v 0.027439534664154046 -0.04768985882401465 -0.009419999085366724
v 0.022466925904154774 -0.04716721549630164 -0.009419999085366724
v 0.027753120288252824 -0.0447062961757183 -0.006419999059289692
v 0.02266050688922405 -0.04532540962100028 -0.006648360285907982
v 0.0227805133908987 -0.044183660298585885 -0.006419999059289692
v 0.02763311751186847 -0.045848052948713296 -0.006648360285907982
v 0.022558772936463353 -0.04629335179924964 -0.007298678625375031
v 0.022490797564387318 -0.0469401143491268 -0.008271948434412478
v 0.027531379833817475 -0.046815995126962655 -0.007298678625375031
v -0.039355002343654626 -0.04392163455486297 -0.008271948434412478
v -0.039355002343654626 -0.04415000230073928 -0.009419999085366724
v -0.04435500130057334 -0.04415000230073928 -0.009419999085366724
v -0.039355002343654626 -0.04327132552862167 -0.007298678625375031
v -0.04435500130057334 -0.04392163455486297 -0.008271948434412478
v -0.039355002343654626 -0.04229804873466491 -0.006648360285907982
v -0.04435500130057334 -0.04327132552862167 -0.007298678625375031
v -0.04435500130057334 -0.038378365337848656 -0.008271949365735052
v -0.04435500130057334 -0.038149997591972344 -0.009419999085366724
v -0.039355002343654626 -0.038149997591972344 -0.009419999085366724
v -0.04435500130057334 -0.04229804873466491 -0.006648360285907982
v -0.04435500130057334 -0.041149996221065514 -0.006419999059289692
v -0.039355002343654626 -0.040001951158046715 -0.006648360285907982
v -0.039355002343654626 -0.041149996221065514 -0.006419999059289692
v -0.04435500130057334 -0.03902867436408996 -0.007298678625375031
v -0.039355002343654626 -0.038378365337848656 -0.008271949365735052
v -0.039355002343654626 -0.03902867436408996 -0.007298678625375031
v -0.04435500130057334 -0.040001951158046715 -0.006648360285907982
v -0.006855003535747526 -0.0689028427004814 0.008563564158976076
v -0.006855003535747526 -0.06909314543008803 0.007606856059283016
v -0.010855003260076044 -0.06909314543008803 0.007606856059283016
v -0.006855003535747526 -0.06836091727018355 0.009374623186886309
v -0.010855003260076044 -0.0689028427004814 0.008563564158976076
v -0.006855003535747526 -0.06754985451698302 0.009916556067764757
v -0.010855003260076044 -0.06836091727018355 0.009374623186886309
v -0.010855003260076044 -0.06428344547748564 0.008563564158976076
v -0.010855003260076044 -0.06409314274787901 0.007606855593621729
v -0.006855003535747526 -0.06409314274787901 0.007606855593621729
v -0.010855003260076044 -0.06754985451698302 0.009916556067764757
v -0.010855003260076044 -0.06659314781427382 0.010106855072081087
v -0.006855003535747526 -0.06563643366098403 0.009916556067764757
v -0.006855003535747526 -0.06659314781427382 0.010106855072081087
v -0.010855003260076044 -0.06482537835836409 0.009374623186886309
v -0.006855003535747526 -0.06428344547748564 0.008563564158976076
v -0.006855003535747526 -0.06482537835836409 0.009374623186886309
v -0.010855003260076044 -0.06563643366098403 0.009916556067764757
v -0.006855004001408814 -0.07455969601869582 0.01090671122074127
v -0.006855004001408814 -0.07474999874830245 0.009950000792741774
v -0.010855003260076044 -0.07474999874830245 0.009950000792741774
v -0.006855004001408814 -0.07401777058839797 0.011717768386006354
v -0.010855003260076044 -0.07455969601869582 0.01090671122074127
v -0.006855004001408814 -0.07320670783519743 0.012259700335562226
v -0.010855003260076044 -0.07401777058839797 0.011717768386006354
v -0.010855003260076044 -0.06994029879570006 0.010906710289418696
v -0.010855003260076044 -0.06974999606609343 0.0099499998614192
v -0.006855003535747526 -0.06974999606609343 0.0099499998614192
v -0.010855003260076044 -0.07320670783519743 0.012259700335562226
v -0.010855003260076044 -0.07225000113248824 0.012450001202523705
v -0.006855003535747526 -0.07129328697919844 0.012259700335562226
v -0.006855004001408814 -0.07225000113248824 0.012450001202523705
v -0.010855003260076044 -0.07048223167657851 0.011717767454683779
v -0.006855003535747526 -0.06994029879570006 0.010906710289418696
v -0.006855003535747526 -0.07048223167657851 0.011717767454683779
v -0.010855003260076044 -0.07129328697919844 0.012259700335562226
v -0.006855004001408814 -0.07455969601869582 -0.005093289539217948
v -0.006855004001408814 -0.07474999874830245 -0.006049998104572294
v -0.010855003260076044 -0.07474999874830245 -0.006049998104572294
v -0.006855004001408814 -0.07401777058839797 -0.00428223144263029
v -0.010855003260076044 -0.07455969601869582 -0.005093289539217948
v -0.006855004001408814 -0.07320670783519743 -0.003740299027413129
v -0.010855003260076044 -0.07401777058839797 -0.00428223144263029
v -0.010855003260076044 -0.06994029879570006 -0.005093289539217948
v -0.010855003260076044 -0.06974999606609343 -0.006049998104572294
v -0.006855003535747526 -0.06974999606609343 -0.006049998104572294
v -0.010855003260076044 -0.07320670783519743 -0.003740299027413129
v -0.010855003260076044 -0.07225000113248824 -0.0035499981604516498
v -0.006855003535747526 -0.07129328697919844 -0.003740299027413129
v -0.006855004001408814 -0.07225000113248824 -0.0035499981604516498
v -0.010855003260076044 -0.07048223167657851 -0.00428223144263029
v -0.006855003535747526 -0.06994029879570006 -0.005093289539217948
v -0.006855003535747526 -0.07048223167657851 -0.00428223144263029
v -0.010855003260076044 -0.07129328697919844 -0.003740299027413129
v -0.006855003535747526 -0.0689028427004814 -0.00275014410726726
v -0.006855003535747526 -0.06909314543008803 -0.003706852672621607
v -0.010855003260076044 -0.06909314543008803 -0.003706852672621607
v -0.006855003535747526 -0.06836091727018355 -0.0019390860106796022
v -0.010855003260076044 -0.0689028427004814 -0.00275014410726726
v -0.006855003535747526 -0.06754985451698302 -0.0013971540611237285
v -0.010855003260076044 -0.06836091727018355 -0.0019390860106796022
v -0.010855003260076044 -0.06428344547748564 -0.00275014410726726
v -0.010855003260076044 -0.06409314274787901 -0.003706852672621607
v -0.006855003535747526 -0.06409314274787901 -0.003706852672621607
v -0.010855003260076044 -0.06754985451698302 -0.0013971540611237285
v -0.010855003260076044 -0.06659314781427382 -0.0012068522628396747
v -0.006855003535747526 -0.06563643366098403 -0.0013971540611237285
v -0.006855003535747526 -0.06659314781427382 -0.0012068522628396747
v -0.010855003260076044 -0.06482537835836409 -0.001939086127094924
v -0.006855003535747526 -0.06428344547748564 -0.00275014410726726
v -0.006855003535747526 -0.06482537835836409 -0.001939086127094924
v -0.010855003260076044 -0.06563643366098403 -0.0013971540611237285
v -0.006855003535747526 -0.06655969470739363 0.00290671014226973
v -0.006855003535747526 -0.06674999743700026 0.001950001576915383
v -0.010855003260076044 -0.06674999743700026 0.001950001576915383
v -0.006855003535747526 -0.06601776927709578 0.0037177691701799622
v -0.010855003260076044 -0.06655969470739363 0.00290671014226973
v -0.006855003535747526 -0.06520670652389525 0.004259699955582618
v -0.010855003260076044 -0.06601776927709578 0.0037177691701799622
v -0.010855003260076044 -0.061940297484397874 0.0029067099094390865
v -0.010855003260076044 -0.061749994754791246 0.001950001460500061
v -0.006855003070086239 -0.061749994754791246 0.001950001460500061
v -0.010855003260076044 -0.06520670652389525 0.004259699955582618
v -0.010855003260076044 -0.06424999982118605 0.004450001753866672
v -0.006855003535747526 -0.06329328566789626 0.004259699955582618
v -0.006855003535747526 -0.06424999982118605 0.004450001753866672
v -0.010855003260076044 -0.06248223036527632 0.0037177689373493186
v -0.006855003535747526 -0.061940297484397874 0.0029067099094390865
v -0.006855003535747526 -0.06248223036527632 0.0037177689373493186
v -0.010855003260076044 -0.06329328566789626 0.004259699955582618
v -0.010855003260076044 -0.06783646345138548 0.0028279081452637907
v -0.010855003260076044 -0.06774999946355818 0.001950001576915383
v -0.003855003044009208 -0.06783646345138548 0.0028279081452637907
v -0.010855003260076044 -0.06850838661193846 0.004450068343430757
v -0.010855003260076044 -0.06809253990650176 0.0036720775533467523
v -0.003855003044009208 -0.06850838661193846 0.004450068343430757
v -0.003855003044009208 -0.06809253990650176 0.0036720775533467523
v -0.003855003044009208 -0.0690680146217346 0.005131981801241635
v -0.010855003260076044 -0.0690680146217346 0.005131981801241635
v -0.0038550032768398515 -0.07052791863679884 0.006107460241764782
v -0.010855003260076044 -0.07052791863679884 0.006107460241764782
v -0.010855003260076044 -0.06974992901086806 0.005691615398973226
v -0.010855003260076044 -0.0713720917701721 0.006363534834235905
v -0.003855003044009208 -0.06774999946355818 0.001950001576915383
v -0.003855003509670495 -0.07666353136301039 0.0028279083780944343
v -0.003855003509670495 -0.0767499953508377 0.0019500019261613484
v -0.010855004191398619 -0.0767499953508377 0.0019500019261613484
v -0.0038550032768398515 -0.06974992901086806 0.005691615398973226
v -0.0038550032768398515 -0.0713720917701721 0.006363534834235905
v -0.010855003260076044 -0.07312790304422377 0.006363534834235905
v -0.010855003260076044 -0.07225000113248824 0.006450000684708355
v -0.0038550032768398515 -0.07312790304422377 0.006363534834235905
v -0.010855003260076044 -0.07475006580352782 0.005691615398973226
v -0.010855003260076044 -0.07397207617759703 0.006107460241764782
v -0.003855003509670495 -0.07397207617759703 0.006107460241764782
v -0.003855003509670495 -0.07599161565303801 0.004450068343430757
v -0.010855003260076044 -0.07599161565303801 0.004450068343430757
v -0.010855003260076044 -0.07543198019266127 0.005131981801241635
v -0.010855004191398619 -0.07666353136301039 0.0028279083780944343
v -0.010855004191398619 -0.07640745490789412 0.003672077786177396
v -0.003855003509670495 -0.07640745490789412 0.003672077786177396
v -0.003855003509670495 -0.07475006580352782 0.005691615398973226
v -0.0038550032768398515 -0.07225000113248824 0.006450000684708355
v -0.003855003509670495 -0.07543198019266127 0.005131981801241635
v 0.044993437826633446 0.04279015213251113 -0.014880763366818425
v 0.04200986772775649 0.04310373961925506 -0.014880763366818425
v 0.04203932732343673 0.043384000658988946 -0.015302513726055619
v 0.04204966872930526 0.04348241537809371 -0.015800002962350842
v 0.045033238828182214 0.043168827891349786 -0.015800002962350842
v 0.045022889971733086 0.04307041317224502 -0.015302513726055619
v 0.04494935274124145 0.04237071424722671 -0.014598958194255825
v 0.041965782642364495 0.04268429800868034 -0.014598958194255825
v 0.0417882427573204 0.04099507257342338 -0.015302513726055619
v 0.04476146399974822 0.04058307409286498 -0.015800002962350842
v 0.04177789390087127 0.04089665785431861 -0.015800002962350842
v 0.041861779987812035 0.04169477149844169 -0.014598958194255825
v 0.041913785040378564 0.04218953475356101 -0.014500002376735207
v 0.04484535008668899 0.04138118773698806 -0.014598958194255825
v 0.04477180540561675 0.04068148508667945 -0.015302513726055619
v 0.041817702353000634 0.041275333613157265 -0.014880763366818425
v 0.04480126500129699 0.04096174612641334 -0.014880763366818425
v 0.04489734768867492 0.041875950992107384 -0.014500002376735207
v -0.0008293539285659788 0.04788968339562415 -0.015302513726055619
v -0.0008190106600522993 0.047988098114728914 -0.015800002962350842
v 0.0021645538508892055 0.04767451062798499 -0.015800002962350842
v -0.0008588097989559171 0.04760942235589026 -0.014880763366818425
v 0.002154210582375526 0.04757609590888022 -0.015302513726055619
v 0.0021247547119855876 0.04729583486914633 -0.014880763366818425
v 0.0020806696265935893 0.04687639698386191 -0.014598958194255825
v -0.0009028949425555763 0.04718998074531554 -0.014598958194255825
v -0.0010804404737427829 0.04550075531005859 -0.015302513726055619
v 0.0018927807686850424 0.04508875310420989 -0.015800002962350842
v -0.0010907837422564624 0.04540234059095382 -0.015800002962350842
v 0.0019766669720411296 0.04588687047362327 -0.014598958194255825
v -0.0010068995179608462 0.0462004542350769 -0.014598958194255825
v -0.0009548962698318062 0.04669521749019622 -0.014500002376735207
v 0.0019325799075886603 0.045467428863048547 -0.014880763366818425
v -0.0010509827407076953 0.045781016349792474 -0.014880763366818425
v 0.0020286682993173595 0.04638163372874259 -0.014500002376735207
v 0.0019031258998438712 0.04518716782331466 -0.015302513726055619
v -0.04435500502586364 -0.06800276041030882 0.012966622598469254
v -0.04435500502586364 -0.06790000200271605 0.012450001202523705
v -0.039355002343654626 -0.06790000200271605 0.012450001202523705
v -0.04435500502586364 -0.0682954043149948 0.013404595665633675
v -0.039355002343654626 -0.06800276041030882 0.012966622598469254
v -0.04435500502586364 -0.06873337179422377 0.013697239570319649
v -0.039355002343654626 -0.0682954043149948 0.013404595665633675
v -0.04435500502586364 -0.07049723714590071 0.012966622598469254
v -0.039355002343654626 -0.07059999555349349 0.012450001202523705
v -0.04435500502586364 -0.07059999555349349 0.012450001202523705
v -0.039355002343654626 -0.06873337179422377 0.013697239570319649
v -0.039355002343654626 -0.06924999505281447 0.013800001703202721
v -0.04435500502586364 -0.06976662576198576 0.013697239570319649
v -0.04435500502586364 -0.06924999505281447 0.013800001703202721
v -0.039355002343654626 -0.07020459324121474 0.013404595665633675
v -0.04435500502586364 -0.07020459324121474 0.013404595665633675
v -0.039355002343654626 -0.06976662576198576 0.013697239570319649
v -0.039355002343654626 -0.07049723714590071 0.012966622598469254
v -0.04435500130057334 -0.056002758443355546 -0.011033375747501848
v -0.04435500130057334 -0.05590000003576277 -0.011549999006092547
v -0.039355002343654626 -0.05590000003576277 -0.011549999006092547
v -0.04435500130057334 -0.05629540234804152 -0.010595404542982577
v -0.039355002343654626 -0.056002758443355546 -0.011033375747501848
v -0.04435500130057334 -0.05673337727785109 -0.010302761569619177
v -0.039355002343654626 -0.05629540234804152 -0.010595404542982577
v -0.039355002343654626 -0.058497235178947435 -0.011033375747501848
v -0.039355002343654626 -0.05859999358654021 -0.011549999006092547
v -0.04435500130057334 -0.05859999358654021 -0.011549999006092547
v -0.039355002343654626 -0.05673337727785109 -0.010302761569619177
v -0.039355002343654626 -0.05725000053644179 -0.01019999850541353
v -0.04435500130057334 -0.05776662379503249 -0.010302761569619177
v -0.04435500130057334 -0.05725000053644179 -0.01019999850541353
v -0.039355002343654626 -0.05820459872484206 -0.010595404542982577
v -0.04435500130057334 -0.058497235178947435 -0.011033375747501848
v -0.04435500130057334 -0.05820459872484206 -0.010595404542982577
v -0.039355002343654626 -0.05776662379503249 -0.010302761569619177
v -0.04435500502586364 -0.06800276041030882 -0.011033375747501848
v -0.04435500502586364 -0.06790000200271605 -0.011549998074769972
v -0.039355002343654626 -0.06790000200271605 -0.011549998074769972
v -0.04435500502586364 -0.0682954043149948 -0.010595404542982577
v -0.039355002343654626 -0.06800276041030882 -0.011033375747501848
v -0.04435500502586364 -0.06873337179422377 -0.010302760638296602
v -0.039355002343654626 -0.0682954043149948 -0.010595404542982577
v -0.04435500502586364 -0.07049723714590071 -0.011033375747501848
v -0.039355002343654626 -0.07059999555349349 -0.011549998074769972
v -0.04435500502586364 -0.07059999555349349 -0.011549998074769972
v -0.039355002343654626 -0.06873337179422377 -0.010302760638296602
v -0.039355002343654626 -0.06924999505281447 -0.01019999850541353
v -0.04435500502586364 -0.06976662576198576 -0.010302760638296602
v -0.04435500502586364 -0.06924999505281447 -0.01019999850541353
v -0.039355002343654626 -0.07020459324121474 -0.010595403611660002
v -0.04435500502586364 -0.07020459324121474 -0.010595403611660002
v -0.039355002343654626 -0.06976662576198576 -0.010302760638296602
v -0.039355002343654626 -0.07049723714590071 -0.011033375747501848
v -0.04435500130057334 -0.056002758443355546 0.012966622598469254
v -0.04435500130057334 -0.05590000003576277 0.012450001202523705
v -0.039355002343654626 -0.05590000003576277 0.012450001202523705
v -0.04435500130057334 -0.05629540234804152 0.013404595665633675
v -0.039355002343654626 -0.056002758443355546 0.012966622598469254
v -0.04435500130057334 -0.05673337727785109 0.013697239570319649
v -0.039355002343654626 -0.05629540234804152 0.013404595665633675
v -0.039355002343654626 -0.058497235178947435 0.012966622598469254
v -0.039355002343654626 -0.05859999358654021 0.012450001202523705
v -0.04435500130057334 -0.05859999358654021 0.012450001202523705
v -0.039355002343654626 -0.05673337727785109 0.013697239570319649
v -0.039355002343654626 -0.05725000053644179 0.013800001703202721
v -0.04435500130057334 -0.05776662379503249 0.013697239570319649
v -0.04435500130057334 -0.05725000053644179 0.013800001703202721
v -0.039355002343654626 -0.05820459872484206 0.013404595665633675
v -0.04435500130057334 -0.058497235178947435 0.012966622598469254
v -0.04435500130057334 -0.05820459872484206 0.013404595665633675
v -0.039355002343654626 -0.05776662379503249 0.013697239570319649
v -0.034059599041938775 -0.05820459872484206 -0.018799997866153714
v -0.034059599041938775 -0.05820459872484206 -0.023799998685717576
v -0.03435223922133445 -0.05776662379503249 -0.023799998685717576
v -0.03435223922133445 -0.05776662379503249 -0.018799997866153714
v -0.03445500135421752 -0.05725000053644179 -0.023799998685717576
v -0.03445500135421752 -0.05725000053644179 -0.018799997866153714
v -0.033621624112129204 -0.058497235178947435 -0.018799997866153714
v -0.033621624112129204 -0.058497235178947435 -0.023799998685717576
v -0.03185776621103286 -0.05776662379503249 -0.018799997866153714
v -0.03175500407814979 -0.05725000053644179 -0.018799997866153714
v -0.03175500407814979 -0.05725000053644179 -0.023799998685717576
v -0.032588381320238106 -0.058497235178947435 -0.018799997866153714
v -0.032588381320238106 -0.058497235178947435 -0.023799998685717576
v -0.033105004578828805 -0.05859999358654021 -0.023799998685717576
v -0.03185776621103286 -0.05776662379503249 -0.023799998685717576
v -0.032150410115718835 -0.05820459872484206 -0.023799998685717576
v -0.032150410115718835 -0.05820459872484206 -0.018799997866153714
v -0.033105004578828805 -0.05859999358654021 -0.018799997866153714
v -0.018059598281979557 -0.07020459324121474 -0.018799997866153714
v -0.018059598281979557 -0.07020459324121474 -0.023799998685717576
v -0.018352240324020382 -0.06976662576198576 -0.023799998685717576
v -0.018352240324020382 -0.06976662576198576 -0.018799997866153714
v -0.018455004319548603 -0.06924999505281447 -0.023799998685717576
v -0.018455004319548603 -0.06924999505281447 -0.018799997866153714
v -0.017621625214815136 -0.07049723714590071 -0.018799997866153714
v -0.017621625214815136 -0.07049723714590071 -0.023799998685717576
v -0.015857767313718792 -0.06976662576198576 -0.018799997866153714
v -0.01575500331819057 -0.06924999505281447 -0.018799997866153714
v -0.01575500331819057 -0.06924999505281447 -0.023799998685717576
v -0.01658838056027889 -0.07049723714590071 -0.018799997866153714
v -0.01658838056027889 -0.07049723714590071 -0.023799998685717576
v -0.017105003818869587 -0.07059999555349349 -0.023799998685717576
v -0.015857767313718792 -0.06976662576198576 -0.023799998685717576
v -0.016150409355759617 -0.07020459324121474 -0.023799998685717576
v -0.016150409355759617 -0.07020459324121474 -0.018799997866153714
v -0.017105003818869587 -0.07059999555349349 -0.018799997866153714
v -0.034059599041938775 -0.07020459324121474 -0.018799997866153714
v -0.034059599041938775 -0.07020459324121474 -0.023799998685717576
v -0.03435223922133445 -0.06976662576198576 -0.023799998685717576
v -0.03435223922133445 -0.06976662576198576 -0.018799997866153714
v -0.03445500507950782 -0.06924999505281447 -0.023799998685717576
v -0.03445500507950782 -0.06924999505281447 -0.018799997866153714
v -0.0336216278374195 -0.07049723714590071 -0.018799997866153714
v -0.0336216278374195 -0.07049723714590071 -0.023799998685717576
v -0.03185776621103286 -0.06976662576198576 -0.018799997866153714
v -0.03175500407814979 -0.06924999505281447 -0.018799997866153714
v -0.03175500407814979 -0.06924999505281447 -0.023799998685717576
v -0.032588381320238106 -0.07049723714590071 -0.018799997866153714
v -0.032588381320238106 -0.07049723714590071 -0.023799998685717576
v -0.033105004578828805 -0.07059999555349349 -0.023799998685717576
v -0.03185776621103286 -0.06976662576198576 -0.023799998685717576
v -0.032150410115718835 -0.07020459324121474 -0.023799998685717576
v -0.032150410115718835 -0.07020459324121474 -0.018799997866153714
v -0.033105004578828805 -0.07059999555349349 -0.018799997866153714
v -0.018059596419334408 -0.05820459872484206 -0.018799997866153714
v -0.018059596419334408 -0.05820459872484206 -0.023799998685717576
v -0.018352240324020382 -0.05776662379503249 -0.023799998685717576
v -0.018352240324020382 -0.05776662379503249 -0.018799997866153714
v -0.018455002456903454 -0.05725000053644179 -0.023799998685717576
v -0.018455002456903454 -0.05725000053644179 -0.018799997866153714
v -0.017621625214815136 -0.058497235178947435 -0.018799997866153714
v -0.017621625214815136 -0.058497235178947435 -0.023799998685717576
v -0.015857765451073643 -0.05776662379503249 -0.018799997866153714
v -0.01575500331819057 -0.05725000053644179 -0.018799997866153714
v -0.01575500331819057 -0.05725000053644179 -0.023799998685717576
v -0.01658838056027889 -0.058497235178947435 -0.018799997866153714
v -0.01658838056027889 -0.058497235178947435 -0.023799998685717576
v -0.017105001956224438 -0.05859999358654021 -0.023799998685717576
v -0.015857765451073643 -0.05776662379503249 -0.023799998685717576
v -0.016150407493114468 -0.05820459872484206 -0.023799998685717576
v -0.016150407493114468 -0.05820459872484206 -0.018799997866153714
v -0.017105001956224438 -0.05859999358654021 -0.018799997866153714
v 0.008267552591860293 -0.043547030538320534 -0.010303882881999014
v -0.00611358182504773 -0.041738234460353844 -0.010522940196096895
v -0.00613516056910157 -0.04214999824762344 -0.010169998742640017
v 0.008239229209721087 -0.04381651803851127 -0.009898353368043898
v -0.006148262415081261 -0.042400002479553216 -0.009419999085366724
v 0.008229282684624193 -0.0439111404120922 -0.009419999085366724
v 0.00830994267016649 -0.04314372316002845 -0.010574848391115664
v 0.008480657823383806 -0.04151946678757667 -0.009898353368043898
v 0.008490600623190401 -0.04142483696341514 -0.009419999085366724
v -0.006017242092639206 -0.03989999741315841 -0.009419999085366724
v -0.0060519245453178865 -0.04056176543235778 -0.010522940196096895
v -0.006082753185182808 -0.041149996221065514 -0.010669998824596403
v 0.008409944362938402 -0.04219225421547889 -0.010574848391115664
v -0.006030343938618897 -0.04015000164508819 -0.010169998742640017
v 0.008452330715954302 -0.041788946837186806 -0.010303882881999014
v 0.008359939791262148 -0.04266799613833427 -0.010669998824596403
v 0.024056395515799515 0.04448969662189483 -0.009983734227716921
v 0.026082737371325486 0.04463554918766021 -0.01022218447178602
v 0.026045436039566987 0.044280637055635445 -0.009983734227716921
v 0.026001436635851853 0.043861992657184594 -0.009900001809000967
v 0.024012392386794083 0.04407104849815368 -0.009900001809000967
v 0.024093693122267716 0.044844605028629296 -0.01022218447178602
v 0.024118619039654725 0.045081749558448785 -0.010579050518572329
v 0.026107663288712495 0.0448726937174797 -0.010579050518572329
v 0.026045436039566987 0.044280637055635445 -0.012016269378364083
v 0.024012392386794083 0.04407104849815368 -0.012100001797080037
v 0.026001436635851853 0.043861992657184594 -0.012100001797080037
v 0.024127369746565812 0.0451650246977806 -0.011000001803040503
v 0.026107663288712495 0.0448726937174797 -0.011420954018831251
v 0.02611641399562358 0.04495596513152122 -0.011000001803040503
v 0.024093693122267716 0.044844605028629296 -0.011777819134294983
v 0.026082737371325486 0.04463554918766021 -0.011777819134294983
v 0.024056395515799515 0.04448969662189483 -0.012016269378364083
v 0.024118619039654725 0.045081749558448785 -0.011420954018831251
v 0.01808926276862621 0.045116867870092385 -0.009983734227716921
v 0.02011560462415218 0.045262720435857766 -0.01022218447178602
v 0.02007830701768398 0.044907808303833 -0.009983734227716921
v 0.020034303888678547 0.04448916390538215 -0.009900001809000967
v 0.01812656037509441 0.04547177627682685 -0.01022218447178602
v 0.018045259639620777 0.044698219746351235 -0.009900001809000967
v 0.01815148629248142 0.04570892080664634 -0.010579050518572329
v 0.02014053054153919 0.045499864965677254 -0.010579050518572329
v 0.01808926276862621 0.045116867870092385 -0.012016269378364083
v 0.018045259639620777 0.044698219746351235 -0.012100001797080037
v 0.020034303888678547 0.04448916390538215 -0.012100001797080037
v 0.018160240724682804 0.04579219594597816 -0.011000001803040503
v 0.02014053054153919 0.045499864965677254 -0.011420954018831251
v 0.020149284973740574 0.045583136379718774 -0.011000001803040503
v 0.01812656037509441 0.04547177627682685 -0.011777819134294983
v 0.02011560462415218 0.045262720435857766 -0.011777819134294983
v 0.02007830701768398 0.044907808303833 -0.012016269378364083
v 0.01815148629248142 0.04570892080664634 -0.011420954018831251
v 0.018097260966897007 0.04519298300147056 -0.014598958194255825
v 0.026053437963128083 0.04435675591230392 -0.014598958194255825
v 0.026001436635851853 0.043861992657184594 -0.014500002376735207
v 0.018170805647969242 0.04589268565177917 -0.015302513726055619
v 0.026097519323229783 0.04477619379758834 -0.014880763366818425
v 0.018141346052289006 0.04561242461204528 -0.014880763366818425
v 0.018097260966897007 0.04519298300147056 -0.01700104586780071
v 0.018045259639620777 0.044698219746351235 -0.017100002616643902
v 0.026001436635851853 0.043861992657184594 -0.017100002616643902
v 0.018045259639620777 0.044698219746351235 -0.014500002376735207
v 0.02612697891891002 0.04505645483732223 -0.015302513726055619
v 0.02612697891891002 0.04505645483732223 -0.01629749126732349
v 0.02613732405006885 0.045154869556426995 -0.015800002962350842
v 0.018170805647969242 0.04589268565177917 -0.01629749126732349
v 0.026053437963128083 0.04435675591230392 -0.01700104586780071
v 0.026097519323229783 0.04477619379758834 -0.01671924069523811
v 0.018181147053837773 0.045991100370883935 -0.015800002962350842
v 0.018141346052289006 0.04561242461204528 -0.01671924069523811
v -0.02060500159859657 -0.04203388094902038 -0.008536115288734434
v -0.00611358182504773 -0.041738234460353844 -0.008317057974636553
v -0.00613516056910157 -0.04214999824762344 -0.008669999428093432
v -0.02060500159859657 -0.042304843664169305 -0.00894164480268955
v -0.006148262415081261 -0.042400002479553216 -0.009419999085366724
v -0.02060500159859657 -0.042400002479553216 -0.009419999085366724
v -0.02060500159859657 -0.04162835329771041 -0.008265149779617785
v -0.02060500159859657 -0.039995148777961724 -0.00894164480268955
v -0.02060500159859657 -0.03989999741315841 -0.009419999085366724
v -0.006017242092639206 -0.03989999741315841 -0.009419999085366724
v -0.006082753185182808 -0.041149996221065514 -0.008169999346137045
v -0.02060500159859657 -0.041149996221065514 -0.008169999346137045
v -0.0060519245453178865 -0.04056176543235778 -0.008317057974636553
v -0.02060500159859657 -0.040671646595001214 -0.008265149779617785
v -0.006030343938618897 -0.04015000164508819 -0.008669999428093432
v -0.02060500159859657 -0.04026611149311065 -0.008536115288734434
v -0.027104998007416718 0.045972183346748345 -0.01022218447178602
v -0.029104998335242264 0.045972183346748345 -0.01022218447178602
v -0.029104998335242264 0.046329047530889504 -0.009983734227716921
v -0.027104998007416718 0.046329047530889504 -0.009983734227716921
v -0.029104998335242264 0.0467500016093254 -0.009900001809000967
v -0.027104998007416718 0.0467500016093254 -0.009900001809000967
v -0.027104998007416718 0.045733734965324395 -0.010579050518572329
v -0.029104998335242264 0.045733734965324395 -0.010579050518572329
v -0.029104998335242264 0.046329047530889504 -0.012016269378364083
v -0.027104998007416718 0.0467500016093254 -0.012100001797080037
v -0.029104998335242264 0.0467500016093254 -0.012100001797080037
v -0.027104998007416718 0.045650001615285866 -0.011000001803040503
v -0.029104998335242264 0.045733734965324395 -0.011420954018831251
v -0.029104998335242264 0.045650001615285866 -0.011000001803040503
v -0.027104998007416718 0.046329047530889504 -0.012016269378364083
v -0.029104998335242264 0.045972183346748345 -0.011777819134294983
v -0.027104998007416718 0.045733734965324395 -0.011420954018831251
v -0.027104998007416718 0.045972183346748345 -0.011777819134294983
v -0.021104997023940083 0.045972183346748345 -0.01022218447178602
v -0.02310499735176563 0.045972183346748345 -0.01022218447178602
v -0.02310499735176563 0.046329047530889504 -0.009983734227716921
v -0.021104997023940083 0.046329047530889504 -0.009983734227716921
v -0.02310499735176563 0.0467500016093254 -0.009900001809000967
v -0.021104997023940083 0.0467500016093254 -0.009900001809000967
v -0.021104997023940083 0.045733731240034096 -0.010579050518572329
v -0.02310499735176563 0.045733731240034096 -0.010579050518572329
v -0.021104997023940083 0.046329047530889504 -0.012016269378364083
v -0.021104997023940083 0.0467500016093254 -0.012100001797080037
v -0.02310499735176563 0.0467500016093254 -0.012100001797080037
v -0.021104997023940083 0.045733731240034096 -0.011420954018831251
v -0.02310499735176563 0.045733731240034096 -0.011420954018831251
v -0.02310499735176563 0.045650001615285866 -0.011000001803040503
v -0.02310499735176563 0.046329047530889504 -0.012016269378364083
v -0.02310499735176563 0.045972183346748345 -0.011777819134294983
v -0.021104997023940083 0.045972183346748345 -0.011777819134294983
v -0.021104997023940083 0.045650001615285866 -0.011000001803040503
v -0.021104997023940083 0.045830760151147835 -0.014880763366818425
v -0.029104998335242264 0.045830763876438134 -0.014880763366818425
v -0.029104998335242264 0.046252511441707604 -0.014598958194255825
v -0.021104997023940083 0.046252511441707604 -0.014598958194255825
v -0.029104998335242264 0.0467500016093254 -0.014500002376735207
v -0.021104997023940083 0.0467500016093254 -0.014500002376735207
v -0.021104997023940083 0.045548956841230386 -0.015302513726055619
v -0.029104998335242264 0.045548956841230386 -0.015302513726055619
v -0.021104997023940083 0.046252511441707604 -0.01700104586780071
v -0.021104997023940083 0.0467500016093254 -0.017100002616643902
v -0.029104998335242264 0.0467500016093254 -0.017100002616643902
v -0.021104997023940083 0.04545000195503234 -0.015800002962350842
v -0.029104998335242264 0.045548956841230386 -0.01629749126732349
v -0.029104998335242264 0.04545000195503234 -0.015800002962350842
v -0.029104998335242264 0.046252511441707604 -0.01700104586780071
v -0.029104998335242264 0.045830760151147835 -0.01671924069523811
v -0.021104997023940083 0.045548956841230386 -0.01629749126732349
v -0.021104997023940083 0.045830760151147835 -0.01671924069523811
v -0.003855002811178564 -0.06323373317718504 0.002370953559875488
v -0.006855003535747526 -0.06323373317718504 0.0023709537927061315
v -0.006855003535747526 -0.06315000355243681 0.001950001460500061
v -0.006855003535747526 -0.063472181558609 0.002727818908169865
v -0.003855002811178564 -0.06382904946804045 0.002966269152238964
v -0.006855003535747526 -0.06382904946804045 0.002966269152238964
v -0.003855002811178564 -0.063472181558609 0.002727818908169865
v -0.003855003044009208 -0.06526626646518706 0.0023709537927061315
v -0.003855003044009208 -0.06534999608993529 0.001950001576915383
v -0.006855003535747526 -0.06534999608993529 0.001950001576915383
v -0.003855002811178564 -0.06315000355243681 0.001950001460500061
v -0.003855002811178564 -0.06424999982118605 0.003050001570954918
v -0.006855003535747526 -0.06467095017433165 0.002966269152238964
v -0.006855003535747526 -0.06424999982118605 0.003050001570954918
v -0.006855003535747526 -0.06526626646518706 0.0023709537927061315
v -0.006855003535747526 -0.06502781808376311 0.002727818908169865
v -0.003855003044009208 -0.06502781808376311 0.002727818908169865
v -0.003855003044009208 -0.06467095017433165 0.002966269152238964
v -0.003855003044009208 -0.06581532955169676 -0.0029290348757058378
v -0.006855003535747526 -0.06581532955169676 -0.0029290348757058378
v -0.006855003535747526 -0.06557688117027281 -0.0032859009224921456
v -0.003855003044009208 -0.06557688117027281 -0.0032859009224921456
v -0.006855003535747526 -0.06549314409494399 -0.003706852672621607
v -0.003855003044009208 -0.06549314409494399 -0.003706852672621607
v -0.003855003044009208 -0.06617219746112822 -0.0026905850972980257
v -0.006855003535747526 -0.06617219746112822 -0.0026905850972980257
v -0.003855003044009208 -0.06760941445827483 -0.0032859009224921456
v -0.003855003044009208 -0.06769314408302306 -0.003706852672621607
v -0.006855003535747526 -0.06769314408302306 -0.003706852672621607
v -0.003855003044009208 -0.06701409816741942 -0.0026905850972980257
v -0.006855003535747526 -0.06701409816741942 -0.0026905850972980257
v -0.006855003535747526 -0.06659314781427382 -0.002606852678582072
v -0.006855003535747526 -0.06760941445827483 -0.0032859009224921456
v -0.006855003535747526 -0.06737096607685088 -0.0029290348757058378
v -0.003855003044009208 -0.06737096607685088 -0.0029290348757058378
v -0.003855003044009208 -0.06659314781427382 -0.002606852678582072
v -0.0038550032768398515 -0.0711499974131584 -0.006049998104572294
v -0.006855003535747526 -0.07123373448848723 -0.005629046354442834
v -0.006855003535747526 -0.0711499974131584 -0.006049998104572294
v -0.006855004001408814 -0.07147218286991118 -0.005272180773317813
v -0.0038550032768398515 -0.07182904332876204 -0.005033730529248714
v -0.006855004001408814 -0.07182904332876204 -0.005033730529248714
v -0.0038550032768398515 -0.07147218286991118 -0.005272180773317813
v -0.0038550032768398515 -0.07326626777648924 -0.005629046354442834
v -0.0038550032768398515 -0.07334999740123747 -0.006049998104572294
v -0.006855004001408814 -0.07334999740123747 -0.006049998104572294
v -0.0038550032768398515 -0.07123373448848723 -0.005629046354442834
v -0.0038550032768398515 -0.07267095148563384 -0.005033730529248714
v -0.006855004001408814 -0.07267095148563384 -0.005033730529248714
v -0.006855004001408814 -0.07225000113248824 -0.00494999811053276
v -0.0038550032768398515 -0.0730278119444847 -0.005272180773317813
v -0.006855004001408814 -0.07326626777648924 -0.005629046354442834
v -0.006855004001408814 -0.0730278119444847 -0.005272180773317813
v -0.0038550032768398515 -0.07225000113248824 -0.00494999811053276
v -0.0038550032768398515 -0.07123373448848723 0.010370952077209948
v -0.006855003535747526 -0.07123373448848723 0.010370952077209948
v -0.006855003535747526 -0.0711499974131584 0.0099499998614192
v -0.006855003535747526 -0.07147218286991118 0.010727819986641405
v -0.0038550032768398515 -0.07182904332876204 0.010966268368065355
v -0.006855004001408814 -0.07182904332876204 0.010966268368065355
v -0.0038550032768398515 -0.07147218286991118 0.010727819986641405
v -0.0038550032768398515 -0.07326626777648924 0.010370952077209948
v -0.0038550032768398515 -0.07334999740123747 0.0099499998614192
v -0.006855004001408814 -0.07334999740123747 0.0099499998614192
v -0.0038550032768398515 -0.0711499974131584 0.0099499998614192
v -0.0038550032768398515 -0.07267095148563384 0.010966268368065355
v -0.006855004001408814 -0.07267095148563384 0.010966268368065355
v -0.006855004001408814 -0.07225000113248824 0.011050001718103884
v -0.006855004001408814 -0.07326626777648924 0.010370952077209948
v -0.006855004001408814 -0.0730278119444847 0.010727819986641405
v -0.0038550032768398515 -0.0730278119444847 0.010727819986641405
v -0.0038550032768398515 -0.07225000113248824 0.011050001718103884
v -0.003855003044009208 -0.06581532955169676 0.008384673856198786
v -0.006855003535747526 -0.06581532955169676 0.008384673856198786
v -0.006855003535747526 -0.06557688117027281 0.008027807809412478
v -0.003855003044009208 -0.06557688117027281 0.008027807809412478
v -0.006855003535747526 -0.06549314409494399 0.007606855593621729
v -0.003855003044009208 -0.06549314409494399 0.007606855593621729
v -0.003855003044009208 -0.06617219746112822 0.008623124100267885
v -0.006855003535747526 -0.06617219746112822 0.008623124100267885
v -0.003855003044009208 -0.06760941445827483 0.008027807809412478
v -0.003855003044009208 -0.06769314408302306 0.007606856059283016
v -0.006855003535747526 -0.06769314408302306 0.007606856059283016
v -0.003855003044009208 -0.06701409816741942 0.008623124100267885
v -0.006855003535747526 -0.06701409816741942 0.008623124100267885
v -0.006855003535747526 -0.06659314781427382 0.008706855587661265
v -0.006855003535747526 -0.06760941445827483 0.008027807809412478
v -0.006855003535747526 -0.06737096607685088 0.008384673856198786
v -0.003855003044009208 -0.06737096607685088 0.008384673856198786
v -0.003855003044009208 -0.06659314781427382 0.008706855587661265
v -0.039355002343654626 -0.042304843664169305 -0.00894164480268955
v -0.029605001211166375 -0.04203388094902038 -0.008536115288734434
v -0.029605001211166375 -0.042304843664169305 -0.00894164480268955
v -0.039355002343654626 -0.042400002479553216 -0.009419999085366724
v -0.029605001211166375 -0.042400002479553216 -0.009419999085366724
v -0.039355002343654626 -0.04203388094902038 -0.008536115288734434
v -0.039355002343654626 -0.04162835329771041 -0.008265149779617785
v -0.029605001211166375 -0.04162835329771041 -0.008265149779617785
v -0.029605001211166375 -0.039995148777961724 -0.00894164480268955
v -0.039355002343654626 -0.03989999741315841 -0.009419999085366724
v -0.029605001211166375 -0.03989999741315841 -0.009419999085366724
v -0.039355002343654626 -0.040671646595001214 -0.008265149779617785
v -0.029605001211166375 -0.040671646595001214 -0.008265149779617785
v -0.029605001211166375 -0.041149996221065514 -0.008169999346137045
v -0.039355002343654626 -0.039995148777961724 -0.00894164480268955
v -0.029605001211166375 -0.04026611149311065 -0.008536115288734434
v -0.039355002343654626 -0.04026611149311065 -0.008536115288734434
v -0.039355002343654626 -0.041149996221065514 -0.008169999346137045
v 0.02268811874091625 -0.04506269469857215 -0.010303882881999014
v 0.01726063899695873 -0.04408448562026023 -0.010574848391115664
v 0.01721824891865253 -0.04448778554797172 -0.010303882881999014
v 0.017189925536513325 -0.04475727304816245 -0.009898353368043898
v 0.022659795358777043 -0.04533217474818229 -0.009898353368043898
v 0.022649852558970448 -0.04542680457234382 -0.009419999085366724
v 0.017179979011416432 -0.04485190287232398 -0.009419999085366724
v 0.022730508819222447 -0.04465938732028007 -0.010574848391115664
v 0.022901223972439762 -0.043035130947828286 -0.009898353368043898
v 0.022911174222826954 -0.042940501123666756 -0.009419999085366724
v 0.017441300675272938 -0.04236559197306632 -0.009419999085366724
v 0.01736064441502094 -0.04313301667571067 -0.010574848391115664
v 0.017310639843344685 -0.043608743697404855 -0.010669998824596403
v 0.0227805133908987 -0.044183660298585885 -0.010669998824596403
v 0.02283051051199436 -0.04370791837573051 -0.010574848391115664
v 0.01740303076803684 -0.04272970929741859 -0.010303882881999014
v 0.022872900590300557 -0.043304610997438424 -0.010303882881999014
v 0.017431357875466343 -0.04246022179722785 -0.009898353368043898
v 0.017431357875466343 -0.04246022179722785 -0.00894164480268955
v 0.022901223972439762 -0.043035130947828286 -0.00894164480268955
v 0.022872900590300557 -0.043304610997438424 -0.008536115288734434
v 0.01740303076803684 -0.04272970929741859 -0.008536115288734434
v 0.02283051051199436 -0.04370791837573051 -0.008265149779617785
v 0.01736064441502094 -0.04313301667571067 -0.008265149779617785
v 0.0227805133908987 -0.044183660298585885 -0.008169999346137045
v 0.017310639843344685 -0.043608743697404855 -0.008169999346137045
v 0.01726063899695873 -0.04408448562026023 -0.008265149779617785
v 0.022730508819222447 -0.04465938732028007 -0.008265149779617785
v 0.01721824891865253 -0.04448778554797172 -0.008536115288734434
v 0.02268811874091625 -0.04506269469857215 -0.008536115288734434
v 0.017189925536513325 -0.04475727304816245 -0.00894164480268955
v 0.022659795358777043 -0.04533217474818229 -0.00894164480268955
v -0.029605001211166375 -0.039995148777961724 -0.009898353368043898
v -0.039355002343654626 -0.04026611149311065 -0.010303882881999014
v -0.029605001211166375 -0.040671646595001214 -0.010574848391115664
v -0.029605001211166375 -0.04026611149311065 -0.010303882881999014
v -0.039355002343654626 -0.039995148777961724 -0.009898353368043898
v -0.039355002343654626 -0.040671646595001214 -0.010574848391115664
v -0.039355002343654626 -0.041149996221065514 -0.010669998824596403
v -0.029605001211166375 -0.041149996221065514 -0.010669998824596403
v -0.039355002343654626 -0.04203388094902038 -0.010303882881999014
v -0.029605001211166375 -0.04203388094902038 -0.010303882881999014
v -0.029605001211166375 -0.04162835329771041 -0.010574848391115664
v -0.029605001211166375 -0.042304843664169305 -0.009898353368043898
v -0.039355002343654626 -0.042304843664169305 -0.009898353368043898
v -0.039355002343654626 -0.04162835329771041 -0.010574848391115664
v -0.003855001647025346 -0.03925000131130218 -0.004419999197125434
v 0.006621768232434986 -0.04007208719849586 -0.004419999197125434
v -0.005956974346190689 -0.03875000029802322 -0.004419999197125434
v -0.008855002932250498 -0.03925000131130218 -0.004419999197125434
v -0.018605001270771023 -0.03875000029802322 -0.004419999197125434
v -0.010385736823081968 -0.03955447673797607 -0.004419999197125434
v -0.012550520710647103 -0.041719265282154076 -0.004419999197125434
v -0.011683429591357706 -0.040421567857265465 -0.004419999197125434
v -0.0038550018798559895 -0.04401417076587676 -0.004419999197125434
v 0.00583780463784933 -0.04753099009394644 -0.004419999197125434
v -0.003855002112686633 -0.048778355121612535 -0.004419999197125434
v 0.01770565658807754 -0.04877835884690283 -0.004419999197125434
v -0.018605001270771023 -0.04625000059604644 -0.004419999197125434
v -0.012855002656579014 -0.04325000196695327 -0.004419999197125434
v -0.012855002656579014 -0.04625000059604644 -0.004419999197125434
v 0.001144995563663542 -0.07424999773502348 0.02670000493526458
v 0.001144995563663542 -0.07354289293289183 0.02640710771083831
v 0.001144995563663542 -0.07386731356382369 0.02662388235330581
v 0.001144995563663542 -0.07324999570846556 0.025700002908706658
v 0.0011449953308328984 -0.07842319458723067 0.02670000493526458
v 0.001144995563663542 -0.07332611829042433 0.026082687079906457
v 0.001144995563663542 -0.07324999570846556 0.02371325343847274
v -0.003855003044009208 -0.06760941445827483 0.007185903843492268
v -0.006855003535747526 -0.06760941445827483 0.007185903843492268
v -0.003855003044009208 -0.06701409816741942 0.00659058755263686
v -0.006855003535747526 -0.06701409816741942 0.00659058755263686
v -0.006855003535747526 -0.06737096607685088 0.006829039659351109
v -0.003855003044009208 -0.06737096607685088 0.006829039659351109
v -0.003855003044009208 -0.06659314781427382 0.0065068555995821935
v -0.006855003535747526 -0.06659314781427382 0.0065068555995821935
v -0.003855003044009208 -0.06581532955169676 0.006829039193689821
v -0.006855003535747526 -0.06581532955169676 0.006829039193689821
v -0.006855003535747526 -0.06617219746112822 0.006590587086975573
v -0.003855003044009208 -0.06557688117027281 0.0071859033778309805
v -0.006855003535747526 -0.06557688117027281 0.0071859033778309805
v -0.003855003044009208 -0.06617219746112822 0.006590587086975573
v -0.0038550032768398515 -0.07326626777648924 0.0095290495082736
v -0.006855004001408814 -0.07326626777648924 0.0095290495082736
v -0.0038550032768398515 -0.07267095148563384 0.008933735080063341
v -0.006855004001408814 -0.07267095148563384 0.008933735080063341
v -0.006855004001408814 -0.0730278119444847 0.009172183461487292
v -0.0038550032768398515 -0.0730278119444847 0.009172183461487292
v -0.0038550032768398515 -0.07225000113248824 0.008850001730024813
v -0.006855004001408814 -0.07225000113248824 0.008850001730024813
v -0.0038550032768398515 -0.07147218286991118 0.009172183461487292
v -0.006855003535747526 -0.07147218286991118 0.009172183461487292
v -0.006855004001408814 -0.07182904332876204 0.008933735080063341
v -0.006855003535747526 -0.07123373448848723 0.0095290495082736
v -0.0038550032768398515 -0.07123373448848723 0.0095290495082736
v -0.0038550032768398515 -0.07182904332876204 0.008933735080063341
v -0.006855004001408814 -0.07326626777648924 -0.006470949854701756
v -0.0038550032768398515 -0.07267095148563384 -0.007066265679895876
v -0.006855004001408814 -0.07267095148563384 -0.007066265679895876
v -0.006855004001408814 -0.0730278119444847 -0.006827815435826777
v -0.0038550032768398515 -0.0730278119444847 -0.006827815435826777
v -0.0038550032768398515 -0.07326626777648924 -0.006470949854701756
v -0.0038550032768398515 -0.07225000113248824 -0.00714999809861183
v -0.006855004001408814 -0.07225000113248824 -0.00714999809861183
v -0.0038550032768398515 -0.07182904332876204 -0.007066265679895876
v -0.006855004001408814 -0.07147218286991118 -0.006827815435826777
v -0.006855004001408814 -0.07182904332876204 -0.007066265679895876
v -0.006855003535747526 -0.07123373448848723 -0.006470949854701756
v -0.0038550032768398515 -0.07123373448848723 -0.006470949854701756
v -0.0038550032768398515 -0.07147218286991118 -0.006827815435826777
v -0.003855003044009208 -0.06760941445827483 -0.0041278041899204245
v -0.006855003535747526 -0.06760941445827483 -0.0041278041899204245
v -0.003855003044009208 -0.06701409816741942 -0.004723119549453258
v -0.006855003535747526 -0.06701409816741942 -0.004723119549453258
v -0.006855003535747526 -0.06737096607685088 -0.0044846697710454455
v -0.003855003044009208 -0.06737096607685088 -0.0044846697710454455
v -0.003855003044009208 -0.06659314781427382 -0.004806852899491786
v -0.006855003535747526 -0.06659314781427382 -0.004806852899491786
v -0.003855003044009208 -0.06581532955169676 -0.004484670236706733
v -0.006855003535747526 -0.06581532955169676 -0.004484670236706733
v -0.006855003535747526 -0.06617219746112822 -0.004723120015114545
v -0.003855003044009208 -0.06557688117027281 -0.004127804655581712
v -0.006855003535747526 -0.06557688117027281 -0.004127804655581712
v -0.003855003044009208 -0.06617219746112822 -0.004723120015114545
v -0.003855003044009208 -0.06526626646518706 0.001529050292447209
v -0.006855003535747526 -0.06526626646518706 0.001529050292447209
v -0.003855003044009208 -0.06502781808376311 0.0011721842456609009
v -0.006855003535747526 -0.06502781808376311 0.0011721842456609009
v -0.003855003044009208 -0.06467095017433165 0.0009337339433841405
v -0.006855003535747526 -0.06467095017433165 0.0009337339433841405
v -0.003855002811178564 -0.06424999982118605 0.0008500015246681867
v -0.006855003535747526 -0.06424999982118605 0.0008500015246681867
v -0.003855002811178564 -0.063472181558609 0.001172184129245579
v -0.006855003535747526 -0.063472181558609 0.001172184129245579
v -0.006855003535747526 -0.06382904946804045 0.0009337338851764796
v -0.006855003535747526 -0.06323373317718504 0.001529050176031887
v -0.003855002811178564 -0.06323373317718504 0.001529050176031887
v -0.003855002811178564 -0.06382904946804045 0.0009337338851764796
v -0.0038550018798559895 -0.04183578491210937 0.02098412252962589
v -0.0038550018798559895 -0.042484633624553673 0.02141766808927059
v -0.0038550018798559895 -0.041249997913837426 0.019569911062717434
v -0.0038550018798559895 -0.04140224307775497 0.020335277542471882
v -0.0038550018798559895 -0.04325000196695327 0.02156990952789783
v -0.003855002112686633 -0.04625000059604644 0.02156990952789783
v -0.0038550018798559895 -0.041249997913837426 -0.0024199986364692445
v -0.003855002811178564 -0.063472181558609 0.002727818908169865
v -0.003855003044009208 -0.06557688117027281 0.008027807809412478
v -0.003855002811178564 -0.06424999982118605 0.003050001570954918
v -0.003855003044009208 -0.06581532955169676 0.006829039193689821
v -0.003855003044009208 -0.06467095017433165 0.002966269152238964
v -0.003855002811178564 -0.06382904946804045 0.002966269152238964
v -0.003855003044009208 -0.06557688117027281 0.0071859033778309805
v -0.003855003044009208 -0.06549314409494399 0.007606855593621729
v -0.003855002811178564 -0.06323373317718504 0.002370953559875488
v -0.003855002112686633 -0.049161039292812334 -0.004496119450777768
v -0.003855003044009208 -0.06617219746112822 0.006590587086975573
v -0.003855003044009208 -0.06502781808376311 0.002727818908169865
v -0.003855003044009208 -0.06534999608993529 0.001950001576915383
v -0.003855003044009208 -0.06526626646518706 0.0023709537927061315
v -0.003855003044009208 -0.06774999946355818 0.001950001576915383
v -0.003855003044009208 -0.06783646345138548 0.0028279081452637907
v -0.003855003044009208 -0.06581532955169676 0.008384673856198786
v -0.0038550032768398515 -0.07124999910593031 0.021403849124908444
v -0.003855002811178564 -0.06315000355243681 0.001950001460500061
v -0.003855002112686633 -0.04948545992374419 -0.004712892230600118
v -0.003855003044009208 -0.06617219746112822 0.008623124100267885
v -0.0038550032768398515 -0.07147218286991118 0.010727819986641405
v -0.003855003044009208 -0.06701409816741942 0.008623124100267885
v -0.003855003044009208 -0.06659314781427382 0.008706855587661265
v -0.003855003044009208 -0.06760941445827483 0.008027807809412478
v -0.003855003044009208 -0.06737096607685088 0.008384673856198786
v -0.0038550032768398515 -0.0711499974131584 0.0099499998614192
v -0.0038550032768398515 -0.07123373448848723 0.010370952077209948
v -0.003855003044009208 -0.06659314781427382 0.0065068555995821935
v -0.003855003044009208 -0.0690680146217346 0.005131981801241635
v -0.003855003044009208 -0.06737096607685088 0.006829039659351109
v -0.003855003044009208 -0.06760941445827483 0.007185903843492268
v -0.003855003044009208 -0.06809253990650176 0.0036720775533467523
v -0.003855003044009208 -0.06701409816741942 0.00659058755263686
v -0.003855003044009208 -0.06850838661193846 0.004450068343430757
v -0.003855003044009208 -0.06769314408302306 0.007606856059283016
v -0.0038550032768398515 -0.06974992901086806 0.005691615398973226
v -0.0038550032768398515 -0.07123373448848723 0.0095290495082736
v -0.003855002112686633 -0.04625000059604644 0.02570000104606151
v -0.0038550032768398515 -0.07124999910593031 0.025700002908706658
v -0.003855003044009208 -0.06526626646518706 0.001529050292447209
v -0.003855002112686633 -0.048778355121612535 -0.004419999197125434
v -0.0038550018798559895 -0.04401417076587676 -0.004419999197125434
v -0.003855002112686633 -0.04977835714817046 -0.00541999889537692
v -0.003855002811178564 -0.06323373317718504 0.001529050176031887
v -0.003855002811178564 -0.063472181558609 0.001172184129245579
v -0.003855002112686633 -0.04970222711563109 -0.0050373151898384086
v -0.003855003044009208 -0.06557688117027281 -0.0032859009224921456
v -0.003855002811178564 -0.06382904946804045 0.0009337338851764796
v -0.003855002811178564 -0.06424999982118605 0.0008500015246681867
v -0.003855003044009208 -0.06467095017433165 0.0009337339433841405
v -0.003855003044009208 -0.06581532955169676 -0.0029290348757058378
v -0.003855003044009208 -0.06549314409494399 -0.003706852672621607
v -0.0038550018798559895 -0.04163208603858947 -0.004419999197125434
v -0.003855001647025346 -0.03925000131130218 -0.004419999197125434
v -0.003855001647025346 -0.04001536220312118 -0.004267757758498191
v -0.003855003044009208 -0.06581532955169676 -0.004484670236706733
v -0.003855002112686633 -0.049778360873460756 -0.02079999819397926
v -0.0038550018798559895 -0.041097752749919884 -0.0031853660475462666
v -0.0038550018798559895 -0.040664210915565484 -0.003834212897345423
v -0.003855003044009208 -0.06502781808376311 0.0011721842456609009
v -0.003855003044009208 -0.06617219746112822 -0.0026905850972980257
v -0.003855003044009208 -0.06659314781427382 -0.002606852678582072
v -0.003855003044009208 -0.06809253990650176 0.0002279265754623338
v -0.003855003044009208 -0.06737096607685088 -0.0029290348757058378
v -0.003855003044009208 -0.06701409816741942 -0.0026905850972980257
v -0.003855003044009208 -0.06850838661193846 -0.0005500648985616862
v -0.003855003044009208 -0.0690680146217346 -0.0012319792294874785
v -0.003855003044009208 -0.06760941445827483 -0.0032859009224921456
v -0.003855003044009208 -0.06557688117027281 -0.004127804655581712
v -0.003855003044009208 -0.06617219746112822 -0.004723120015114545
v -0.003855003044009208 -0.06760941445827483 -0.0041278041899204245
v -0.003855003044009208 -0.06769314408302306 -0.003706852672621607
v -0.0038550032768398515 -0.07123373448848723 -0.005629046354442834
v -0.0038550032768398515 -0.07147218286991118 -0.006827815435826777
v -0.003855003044009208 -0.06659314781427382 -0.004806852899491786
v -0.003855003044009208 -0.06701409816741942 -0.004723119549453258
v -0.0038550032768398515 -0.0711499974131584 -0.006049998104572294
v -0.003855003044009208 -0.06737096607685088 -0.0044846697710454455
v -0.0038550032768398515 -0.06974992901086806 -0.0017916109645739193
v -0.003855003044009208 -0.06783646345138548 0.0010720950085669754
v -0.0038550032768398515 -0.07123373448848723 -0.006470949854701756
v -0.0038550032768398515 -0.07052791863679884 0.006107460241764782
v -0.0038550032768398515 -0.07182904332876204 0.010966268368065355
v -0.0038550032768398515 -0.07225000113248824 0.011050001718103884
v -0.0038550032768398515 -0.07147218286991118 0.009172183461487292
v -0.0038550032768398515 -0.07182904332876204 0.008933735080063341
v -0.0038550032768398515 -0.07225000113248824 0.006450000684708355
v -0.0038550032768398515 -0.0713720917701721 0.006363534834235905
v -0.0038550032768398515 -0.07225000113248824 0.008850001730024813
v -0.0038550032768398515 -0.07267095148563384 0.010966268368065355
v -0.0038550032768398515 -0.0730278119444847 0.010727819986641405
v -0.0038550032768398515 -0.07334999740123747 0.0099499998614192
v -0.0038550032768398515 -0.07326626777648924 0.010370952077209948
v -0.003855003509670495 -0.07599161565303801 0.004450068343430757
v -0.0038550037425011388 -0.08025000244379042 0.02659999951720237
v -0.003855003509670495 -0.07475006580352782 0.005691615398973226
v -0.0038550032768398515 -0.07326626777648924 0.0095290495082736
v -0.0038550032768398515 -0.0730278119444847 0.009172183461487292
v -0.003855003509670495 -0.07397207617759703 0.006107460241764782
v -0.0038550032768398515 -0.07267095148563384 0.008933735080063341
v -0.0038550032768398515 -0.07312790304422377 0.006363534834235905
v -0.003855003509670495 -0.07640745490789412 0.003672077786177396
v -0.003855003509670495 -0.07666353136301039 0.0028279083780944343
v -0.003855003509670495 -0.07543198019266127 0.005131981801241635
v -0.003855003509670495 -0.0767499953508377 0.0019500019261613484
v -0.0038550032768398515 -0.07052791863679884 -0.002207455690950155
v -0.0038550032768398515 -0.0713720917701721 -0.002463532146066427
v -0.0038550032768398515 -0.07147218286991118 -0.005272180773317813
v -0.0038550032768398515 -0.07225000113248824 -0.002549997996538877
v -0.0038550032768398515 -0.07225000113248824 -0.00494999811053276
v -0.0038550032768398515 -0.07182904332876204 -0.005033730529248714
v -0.0038550032768398515 -0.07182904332876204 -0.007066265679895876
v -0.0038550032768398515 -0.07225000113248824 -0.00714999809861183
v -0.0038550037425011388 -0.08025000244379042 -0.02079999819397926
v -0.003855003509670495 -0.07475006580352782 -0.0017916108481585975
v -0.003855003509670495 -0.07543198019266127 -0.0012319791130721567
v -0.0038550032768398515 -0.07334999740123747 -0.006049998104572294
v -0.0038550032768398515 -0.07312790304422377 -0.002463532146066427
v -0.003855003509670495 -0.07397207617759703 -0.002207455690950155
v -0.0038550032768398515 -0.0730278119444847 -0.005272180773317813
v -0.0038550032768398515 -0.07326626777648924 -0.005629046354442834
v -0.003855003509670495 -0.07666353136301039 0.0010720953578129409
v -0.003855003509670495 -0.07599161565303801 -0.0005500646657310425
v -0.003855003509670495 -0.07640745490789412 0.00022792685194872314
v -0.0038550032768398515 -0.07267095148563384 -0.005033730529248714
v -0.0038550032768398515 -0.0730278119444847 -0.006827815435826777
v -0.0038550032768398515 -0.07326626777648924 -0.006470949854701756
v -0.0038550032768398515 -0.07267095148563384 -0.007066265679895876
v 0.027325127273797982 -0.04877835884690283 -0.004419999197125434
v 0.028003988787531846 -0.04231944307684898 -0.004419999197125434
v 0.019550552591681477 -0.041430946439504616 -0.004419999197125434
v 0.01877830922603607 -0.04877835884690283 -0.004419999197125434
v 0.035895887762308114 0.032766960561275475 -0.013800001703202721
v 0.035895887762308114 0.032766960561275475 -0.023800002411007874
v 0.026945197954773896 0.03370771557092666 -0.023800002411007874
v 0.026945197954773896 0.03370771557092666 -0.013800001703202721
v -0.019104998558759686 0.03674999997019767 -0.013800001703202721
v -0.003800992388278245 0.03674999997019767 -0.013800001703202721
v -0.003800992388278245 0.03674999997019767 -0.023800002411007874
v -0.019104998558759686 0.03674999997019767 -0.023800002411007874
v 0.015010931529104706 0.03496205806732177 -0.013800001703202721
v 0.015010931529104706 0.03496205806732177 -0.023800002411007874
v 0.005955993663519619 0.03591376915574073 -0.023800002411007874
v 0.005955993663519619 0.03591377288103103 -0.013800001703202721
v 0.028066704049706452 -0.04172272607684135 -0.009419999085366724
v 0.028042836114764207 -0.041949842125177376 -0.01056804973632097
v 0.02821304462850093 -0.04033039882779121 -0.008799999020993708
v 0.028735687956213944 -0.03535779193043708 -0.013799998909234997
v 0.028042836114764207 -0.041949842125177376 -0.008271948434412478
v 0.027974860742688172 -0.042596597224473946 -0.01154131907969713
v 0.027873126789927476 -0.04356453195214271 -0.012191637419164177
v 0.027753120288252824 -0.0447062961757183 -0.012419998645782467
v 0.027873126789927476 -0.04356453195214271 -0.006648360285907982
v 0.028197130188345902 -0.04048180952668189 -0.005654632113873958
v 0.02815181575715541 -0.040912974625825875 -0.0050057852640748015
v 0.02821304462850093 -0.04033039882779121 -0.006419999059289692
v 0.028003988787531846 -0.04231944307684898 -0.004419999197125434
v 0.028083989396691315 -0.04155826941132545 -0.0045722397044301024
v 0.027974860742688172 -0.042596597224473946 -0.007298678625375031
v 0.027314141392707818 -0.04888288304209708 -0.013799998909234997
v 0.02763311751186847 -0.045848052948713296 -0.012191637419164177
v 0.027531379833817475 -0.046815995126962655 -0.01154131907969713
v 0.027439534664154046 -0.04768985882401465 -0.009419999085366724
v 0.02746340446174144 -0.04746275022625922 -0.010568048804998396
v 0.027314141392707818 -0.04888288304209708 -0.004425476770848035
v 0.027325127273797982 -0.04877835884690283 -0.004419999197125434
v 0.02763311751186847 -0.045848052948713296 -0.006648360285907982
v 0.027753120288252824 -0.0447062961757183 -0.006419999059289692
v 0.02746340446174144 -0.04746275022625922 -0.008271948434412478
v 0.027531379833817475 -0.046815995126962655 -0.007298678625375031
v -0.006855002604424952 -0.04625000059604644 0.02156990952789783
v -0.003855002112686633 -0.04625000059604644 0.02570000104606151
v -0.003855002112686633 -0.04625000059604644 0.02156990952789783
v -0.01085500232875347 -0.04625000059604644 0.010580002330243586
v -0.01085500232875347 -0.04625000059604644 0.02570000104606151
v -0.039355002343654626 -0.04625000059604644 -0.004419999197125434
v -0.03160500153899192 -0.03875000029802322 -0.004419999197125434
v -0.039355002343654626 -0.03875000029802322 -0.004419999197125434
v -0.03160500153899192 -0.04625000059604644 -0.004419999197125434
v -0.042355000972747796 -0.04625000059604644 0.02570000104606151
v -0.039355002343654626 -0.04625000059604644 0.02570000104606151
v -0.039355002343654626 -0.04625000059604644 0.003430000972002744
v -0.042355000972747796 -0.04625000059604644 0.003430000972002744
v -0.01085500232875347 -0.04625000059604644 -0.018799997866153714
v -0.02060500159859657 -0.04625000059604644 -0.016799999400973317
v -0.039355002343654626 -0.04625000059604644 -0.018799997866153714
v -0.02060500159859657 -0.04625000059604644 -0.006419999059289692
v -0.012855002656579014 -0.04625000059604644 -0.004419999197125434
v -0.020452762022614476 -0.04625000059604644 -0.005654632113873958
v -0.018605001270771023 -0.04625000059604644 -0.004419999197125434
v -0.020019216462969776 -0.04625000059604644 -0.0050057852640748015
v -0.029605001211166375 -0.04625000059604644 -0.016799999400973317
v -0.029605001211166375 -0.04625000059604644 -0.006419999059289692
v -0.03160500153899192 -0.04625000059604644 -0.004419999197125434
v -0.029757242649793618 -0.04625000059604644 -0.005654632113873958
v -0.039355002343654626 -0.04625000059604644 -0.004419999197125434
v -0.030190788209438317 -0.04625000059604644 -0.0050057852640748015
v -0.012089636176824566 -0.04625000059604644 -0.004267757758498191
v -0.011007242836058138 -0.04625000059604644 -0.003185365814715623
v -0.011440789327025412 -0.04625000059604644 -0.003834212664514779
v -0.01085500232875347 -0.04625000059604644 -0.002419998403638601
v -0.01937036961317062 -0.04625000059604644 -0.0045722397044301024
v -0.030839635059237473 -0.04625000059604644 -0.0045722397044301024
v 0.025959623977541917 0.04346418380737304 -0.018800001591444012
v 0.025608683004975312 0.04012521728873252 -0.018800001591444012
v 0.017652509734034535 0.04096144437789916 -0.018800001591444012
v 0.01800345070660114 0.04430041089653968 -0.018800001591444012
v -0.021104997023940083 0.049350000917911516 -0.018800001591444012
v -0.021104997023940083 0.04299264028668403 -0.018800001591444012
v -0.029104998335242264 0.04299264028668403 -0.018800001591444012
v -0.029104998335242264 0.049350000917911516 -0.018800001591444012
v 0.03518890589475631 -0.04541027918457984 -0.013799998909234997
v 0.03573141619563102 -0.04405048117041587 -0.013799998909234997
v 0.028735687956213944 -0.03535779193043708 -0.013799998909234997
v 0.036017034202814095 -0.04261459037661552 -0.013799998909234997
v 0.03440768271684646 -0.04664844647049903 -0.013799998909234997
v 0.032240845263004296 -0.048599485307931886 -0.013799998909234997
v 0.03341390192508697 -0.047723513096570955 -0.013799998909234997
v 0.027314141392707818 -0.04888288304209708 -0.013799998909234997
v 0.030927799642086022 -0.04924700036644934 -0.013799998909234997
v 0.029755728319287293 -0.031274799257516854 -0.013799999840557572
v 0.029633937403559678 -0.03188709542155265 -0.013799998909234997
v 0.029287101700901978 -0.03014342859387397 -0.013799999840557572
v 0.029633937403559678 -0.030662510544061654 -0.013799999840557572
v 0.02428734675049781 -0.006886843126267193 -0.013799999840557572
v 0.035435266792774194 0.023308871313929554 -0.013800000771880146
v 0.029287101700901978 -0.03240616992115974 -0.013799998909234997
v 0.028768023476004594 -0.032753009349107735 -0.013799998909234997
v 0.028768023476004594 -0.02979659661650657 -0.013799999840557572
v 0.028155731037259095 -0.03287480399012565 -0.013799998909234997
v 0.03456935659050941 0.02244295738637447 -0.013800000771880146
v 0.03395706042647361 0.022321164608001706 -0.013800000771880146
v 0.02951874211430549 -0.049644399434328065 -0.013799998909234997
v 0.035088431090116494 0.02278979308903217 -0.013800000771880146
v 0.027210623025894158 -0.04923234507441519 -0.013799998909234997
v 0.028060857206583016 -0.049778360873460756 -0.013799998909234997
v 0.026988752186298363 -0.04952150210738181 -0.013799998909234997
v 0.027543434873223298 -0.032753009349107735 -0.013799998909234997
v 0.026677984744310372 -0.04971193894743918 -0.013799998909234997
v 0.026319619268178933 -0.049778360873460756 -0.013799998909234997
v 0.02702436037361621 -0.03240616992115974 -0.013799998909234997
v 0.021376227959990498 -0.034584280103445046 -0.013799998909234997
v 0.02702436037361621 -0.03014342859387397 -0.013799999840557572
v 0.028155731037259095 -0.029674801975488656 -0.013799999840557572
v 0.027543434873223298 -0.02979659661650657 -0.013799999840557572
v 0.026677520945668214 -0.03188709542155265 -0.013799998909234997
v 0.026677520945668214 -0.030662510544061654 -0.013799999840557572
v 0.026555730029940598 -0.031274799257516854 -0.013799999840557572
v 0.03334476798772811 0.02244295738637447 -0.013800000771880146
v 0.02719846367835998 0.020810591056942936 -0.013800000771880146
v 0.04139114171266555 0.03721692785620689 -0.013800001703202721
v 0.035435266792774194 0.024533458054065697 -0.013800001703202721
v 0.03555706143379211 0.0239211656153202 -0.013800000771880146
v 0.03247885406017303 0.023308871313929554 -0.013800000771880146
v 0.03282568976283073 0.02278979308903217 -0.013800000771880146
v 0.035895887762308114 0.032766960561275475 -0.013800001703202721
v 0.04506459087133407 0.0434671863913536 -0.013800001703202721
v 0.04208102822303771 0.04378077015280723 -0.013800001703202721
v 0.03334476798772811 0.02539937198162078 -0.013800001703202721
v 0.03395706042647361 0.025521162897348397 -0.013800001703202721
v 0.03456935659050941 0.02539937198162078 -0.013800001703202721
v 0.026945197954773896 0.03370771557092666 -0.013800001703202721
v 0.035088431090116494 0.025052536278963082 -0.013800001703202721
v 0.03282568976283073 0.025052536278963082 -0.013800001703202721
v 0.03247885406017303 0.024533458054065697 -0.013800001703202721
v 0.026199935004115098 0.033939126878976815 -0.013800001703202721
v 0.025599958375096314 0.03443811833858489 -0.013800001703202721
v 0.005955993663519619 0.03591377288103103 -0.013800001703202721
v 0.012081732042133805 0.022399425506591793 -0.013800000771880146
v 0.015010931529104706 0.03496205806732177 -0.013800001703202721
v 0.01578802056610584 0.03503346443176269 -0.013800001703202721
v 0.02523661218583583 0.035128731280565255 -0.013800001703202721
v 0.01697762124240398 0.035996783524751656 -0.013800001703202721
v 0.016478629782795903 0.03539681062102317 -0.013800001703202721
v 0.032357059419155114 0.0239211656153202 -0.013800000771880146
v 0.023531561717391007 0.03949625045061111 -0.013800001703202721
v 0.025165209546685212 0.035905815660953515 -0.013800001703202721
v 0.025520605966448777 0.03928719088435172 -0.013800001703202721
v 0.020306078717112538 0.04707492142915724 -0.013800001703202721
v 0.024284167215228074 0.04665680602192878 -0.013800001703202721
v 0.01955347321927547 0.03991436213254928 -0.013800001703202721
v 0.017209032550454136 0.036742046475410454 -0.013800001703202721
v 0.0175644289702177 0.040123417973518365 -0.013800001703202721
v -0.03796729445457458 -0.02627179026603698 -0.013799999840557572
v -0.03735500201582908 -0.026150003075599663 -0.013799999840557572
v -0.03270500153303146 -0.01782499253749847 -0.013799999840557572
v 0.006259491667151449 -0.03299544379115104 -0.013799998909234997
v -0.01750499941408634 -0.003900000359863042 -0.013799999840557572
v -0.005590118467807769 -0.03175000473856925 -0.013799999840557572
v -0.0358767919242382 -0.027137704193592065 -0.013799999840557572
v -0.03270500153303146 -0.031750001013278954 -0.013799998909234997
v -0.0358767919242382 -0.02836229652166366 -0.013799999840557572
v -0.03575500100851058 -0.02775000035762786 -0.013799999840557572
v -0.036223631352186196 -0.028881371021270745 -0.013799999840557572
v -0.03674270957708358 -0.029228210449218743 -0.013799999840557572
v -0.03674270585179328 -0.02627179026603698 -0.013799999840557572
v -0.036223631352186196 -0.02661862969398498 -0.013799999840557572
v -0.03735500201582908 -0.02934999763965606 -0.013799999840557572
v -0.01750499941408634 0.023950001224875443 -0.013800000771880146
v -0.029690785333514207 0.03733578696846961 -0.013800001703202721
v -0.03270499780774116 0.023950003087520592 -0.013800000771880146
v -0.035754997283220284 0.02775000222027301 -0.013800001703202721
v -0.0358767919242382 0.027137707918882363 -0.013800001703202721
v -0.0362236276268959 0.026618631556630128 -0.013800001703202721
v -0.0358767919242382 0.02836229465901851 -0.013800001703202721
v -0.03674270585179328 0.026271795853972428 -0.013800001703202721
v -0.03848637267947196 -0.02661862969398498 -0.013799999840557572
v -0.03110499866306781 0.03674999997019767 -0.013800001703202721
v -0.03735499829053878 0.026150001212954514 -0.013800001703202721
v -0.0362236276268959 0.028881372883915894 -0.013800001703202721
v -0.003800992388278245 0.03674999997019767 -0.013800001703202721
v -0.04435500130057334 -0.031750001013278954 -0.013799998909234997
v -0.03796729445457458 -0.029228210449218743 -0.013799999840557572
v -0.03848637267947196 -0.028881371021270745 -0.013799999840557572
v -0.038955003023147576 -0.02775000035762786 -0.013799999840557572
v -0.03883320838212966 -0.02836229652166366 -0.013799999840557572
v -0.03883320838212966 -0.027137704193592065 -0.013799999840557572
v -0.03270500153303146 -0.003899999661371111 -0.013799999840557572
v -0.044354997575283044 0.028750002384185784 -0.013800001703202721
v -0.03796729072928428 0.026271795853972428 -0.013800001703202721
v -0.038486368954181664 0.026618631556630128 -0.013800001703202721
v -0.03883320838212966 0.027137707918882363 -0.013800001703202721
v -0.03895499929785728 0.02775000222027301 -0.013800001703202721
v -0.03883320838212966 0.02836229465901851 -0.013800001703202721
v -0.038486368954181664 0.028881372883915894 -0.013800001703202721
v -0.04374603554606437 0.031811468303203576 -0.013800001703202721
v -0.04420128092169761 0.0303107239305973 -0.013800001703202721
v -0.0024627284146845336 0.03726371005177497 -0.013800001703202721
v -0.003084255848079919 0.036882840096950524 -0.013800001703202721
v -0.002018977422267198 0.0378420166671276 -0.013800001703202721
v -0.0018119481392204757 0.03854094073176383 -0.013800001703202721
v -0.019104998558759686 0.03674999997019767 -0.013800001703202721
v -0.02051921188831329 0.03733578696846961 -0.013800001703202721
v -0.019870365038514134 0.036902241408824914 -0.013800001703202721
v -0.02095275744795799 0.03798463195562362 -0.013800001703202721
v -0.021104997023940083 0.03875000029802322 -0.013800001703202721
v -0.029104998335242264 0.03875000029802322 -0.013800001703202721
v -0.0007876511663198469 0.04828645288944243 -0.013800001703202721
v 0.0015060246223583813 0.04140902310609817 -0.013800001703202721
v 0.002195913344621658 0.0479728691279888 -0.013800001703202721
v -0.02310499735176563 0.042150001972913735 -0.013800001703202721
v -0.021104997023940083 0.042150001972913735 -0.013800001703202721
v -0.02310499735176563 0.049350000917911516 -0.013800001703202721
v -0.027104998007416718 0.042150001972913735 -0.013800001703202721
v -0.027104998007416718 0.049350000917911516 -0.013800001703202721
v -0.029257239773869508 0.03798463568091392 -0.013800001703202721
v -0.03635499998927116 0.03674999997019767 -0.013800001703202721
v -0.03735499829053878 0.02935000136494636 -0.013800001703202721
v -0.03674270585179328 0.029228208586573594 -0.013800001703202721
v -0.03796729072928428 0.029228208586573594 -0.013800001703202721
v -0.03941646590828895 0.036141037940979 -0.013800001703202721
v -0.0407995618879795 0.03540175780653953 -0.013800001703202721
v -0.03791572153568267 0.03659628331661224 -0.013800001703202721
v -0.0430067554116249 0.03319456428289413 -0.013800001703202721
v -0.042011853307485574 0.0344068557024002 -0.013800001703202721
v -0.029104998335242264 0.042150001972913735 -0.013800001703202721
v -0.030339632183313363 0.036902241408824914 -0.013800001703202721
v -0.017505001276731488 -0.031750001013278954 -0.013799998909234997
v -0.02060500159859657 -0.041149996221065514 -0.008169999346137045
v -0.02060500159859657 -0.04162835329771041 -0.008265149779617785
v -0.02060500159859657 -0.04625000059604644 -0.006419999059289692
v -0.02060500159859657 -0.04203388094902038 -0.008536115288734434
v -0.02060500159859657 -0.042304843664169305 -0.00894164480268955
v -0.02060500159859657 -0.042400002479553216 -0.009419999085366724
v -0.02060500159859657 -0.042304843664169305 -0.009898353368043898
v -0.02060500159859657 -0.040671646595001214 -0.008265149779617785
v -0.02060500159859657 -0.03674999624490737 -0.006419999524950979
v -0.02060500159859657 -0.039995148777961724 -0.00894164480268955
v -0.02060500159859657 -0.04026611149311065 -0.008536115288734434
v -0.02060500159859657 -0.03989999741315841 -0.009419999085366724
v -0.02060500159859657 -0.04625000059604644 -0.016799999400973317
v -0.02060500159859657 -0.04203388094902038 -0.010303882881999014
v -0.02060500159859657 -0.041149996221065514 -0.010669998824596403
v -0.02060500159859657 -0.04162835329771041 -0.010574848391115664
v -0.02060500159859657 -0.03674999624490737 -0.016799999400973317
v -0.02060500159859657 -0.039995148777961724 -0.009898353368043898
v -0.02060500159859657 -0.040671646595001214 -0.010574848391115664
v -0.02060500159859657 -0.04026611149311065 -0.010303882881999014
v -0.029605001211166375 -0.041149996221065514 -0.010669998824596403
v -0.029605001211166375 -0.04162835329771041 -0.010574848391115664
v -0.029605001211166375 -0.04625000059604644 -0.016799999400973317
v -0.029605001211166375 -0.04203388094902038 -0.010303882881999014
v -0.029605001211166375 -0.042304843664169305 -0.009898353368043898
v -0.029605001211166375 -0.042400002479553216 -0.009419999085366724
v -0.029605001211166375 -0.04625000059604644 -0.006419999059289692
v -0.029605001211166375 -0.040671646595001214 -0.010574848391115664
v -0.029605001211166375 -0.03674999624490737 -0.016799999400973317
v -0.029605001211166375 -0.039995148777961724 -0.009898353368043898
v -0.029605001211166375 -0.04026611149311065 -0.010303882881999014
v -0.029605001211166375 -0.03674999624490737 -0.006419999524950979
v -0.029605001211166375 -0.042304843664169305 -0.00894164480268955
v -0.029605001211166375 -0.04203388094902038 -0.008536115288734434
v -0.029605001211166375 -0.041149996221065514 -0.008169999346137045
v -0.029605001211166375 -0.04162835329771041 -0.008265149779617785
v -0.029605001211166375 -0.039995148777961724 -0.00894164480268955
v -0.029605001211166375 -0.03989999741315841 -0.009419999085366724
v -0.029605001211166375 -0.040671646595001214 -0.008265149779617785
v -0.029605001211166375 -0.04026611149311065 -0.008536115288734434
v -0.021104997023940083 0.03875000029802322 -0.013800001703202721
v -0.021104997023940083 0.03875000029802322 -0.02180000208318233
v -0.021104997023940083 0.04087132215499877 -0.019678682088851925
v -0.021104997023940083 0.04184459149837493 -0.019028363749384877
v -0.021104997023940083 0.04299264028668403 -0.018800001591444012
v -0.021104997023940083 0.042150001972913735 -0.013800001703202721
v -0.021104997023940083 0.045830760151147835 -0.01671924069523811
v -0.021104997023940083 0.045548956841230386 -0.01629749126732349
v -0.021104997023940083 0.04545000195503234 -0.015800002962350842
v -0.021104997023940083 0.046252511441707604 -0.01700104586780071
v -0.021104997023940083 0.045548956841230386 -0.015302513726055619
v -0.021104997023940083 0.04415000230073928 -0.01180000230669975
v -0.021104997023940083 0.045830760151147835 -0.014880763366818425
v -0.021104997023940083 0.0467500016093254 -0.014500002376735207
v -0.021104997023940083 0.046329047530889504 -0.012016269378364083
v -0.021104997023940083 0.046252511441707604 -0.014598958194255825
v -0.021104997023940083 0.045972183346748345 -0.011777819134294983
v -0.021104997023940083 0.049350000917911516 -0.018800001591444012
v -0.021104997023940083 0.0467500016093254 -0.017100002616643902
v -0.021104997023940083 0.047247488051652894 -0.01700104586780071
v -0.021104997023940083 0.04795104265213011 -0.01629749126732349
v -0.021104997023940083 0.04766923934221266 -0.01671924069523811
v -0.021104997023940083 0.048050001263618455 -0.015800002962350842
v -0.021104997023940083 0.047247488051652894 -0.014598958194255825
v -0.021104997023940083 0.047170951962470994 -0.012016269378364083
v -0.021104997023940083 0.04752781987190245 -0.011777819134294983
v -0.021104997023940083 0.04766923934221266 -0.014880763366818425
v -0.021104997023940083 0.04795104265213011 -0.015302513726055619
v -0.021104997023940083 0.049350000917911516 -0.011000001803040503
v -0.021104997023940083 0.0467500016093254 -0.012100001797080037
v -0.021104997023940083 0.045650001615285866 -0.011000001803040503
v -0.021104997023940083 0.04415000230073928 -0.011000001803040503
v -0.021104997023940083 0.04434791207313537 -0.010005025193095205
v -0.021104997023940083 0.045733731240034096 -0.011420954018831251
v -0.021104997023940083 0.04491152241826057 -0.009161524474620817
v -0.021104997023940083 0.045733731240034096 -0.010579050518572329
v -0.021104997023940083 0.045972183346748345 -0.01022218447178602
v -0.021104997023940083 0.046329047530889504 -0.009983734227716921
v -0.021104997023940083 0.045755024999380105 -0.008597915060818194
v -0.021104997023940083 0.0467500016093254 -0.008400002494454382
v -0.021104997023940083 0.0477662682533264 -0.011420954018831251
v -0.021104997023940083 0.04915208742022513 -0.010005025193095205
v -0.021104997023940083 0.04785000160336493 -0.011000001803040503
v -0.021104997023940083 0.0477662682533264 -0.010579050518572329
v -0.021104997023940083 0.0467500016093254 -0.009900001809000967
v -0.021104997023940083 0.047170951962470994 -0.009983734227716921
v -0.021104997023940083 0.04774497821927069 -0.008597915060818194
v -0.021104997023940083 0.04752781987190245 -0.01022218447178602
v -0.021104997023940083 0.04858847707509993 -0.009161524474620817
v -0.029104998335242264 0.03920208662748336 -0.021347915753722187
v -0.029104998335242264 0.03875000029802322 -0.02080000191926956
v -0.029104998335242264 0.04087132215499877 -0.019678682088851925
v -0.029104998335242264 0.04184459149837493 -0.019028363749384877
v -0.029104998335242264 0.03875000029802322 -0.013800001703202721
v -0.029104998335242264 0.04299264028668403 -0.018800001591444012
v -0.029104998335242264 0.045548956841230386 -0.01629749126732349
v -0.029104998335242264 0.045830760151147835 -0.01671924069523811
v -0.029104998335242264 0.042150001972913735 -0.013800001703202721
v -0.029104998335242264 0.046252511441707604 -0.01700104586780071
v -0.029104998335242264 0.04545000195503234 -0.015800002962350842
v -0.029104998335242264 0.04415000230073928 -0.01180000230669975
v -0.029104998335242264 0.045548956841230386 -0.015302513726055619
v -0.029104998335242264 0.045830763876438134 -0.014880763366818425
v -0.029104998335242264 0.046252511441707604 -0.014598958194255825
v -0.029104998335242264 0.045972183346748345 -0.011777819134294983
v -0.029104998335242264 0.0467500016093254 -0.017100002616643902
v -0.029104998335242264 0.049350000917911516 -0.018800001591444012
v -0.029104998335242264 0.047247488051652894 -0.01700104586780071
v -0.029104998335242264 0.04766923934221266 -0.01671924069523811
v -0.029104998335242264 0.04795104265213011 -0.01629749126732349
v -0.029104998335242264 0.048050001263618455 -0.015800002962350842
v -0.029104998335242264 0.0467500016093254 -0.014500002376735207
v -0.029104998335242264 0.046329047530889504 -0.012016269378364083
v -0.029104998335242264 0.0467500016093254 -0.012100001797080037
v -0.029104998335242264 0.047247488051652894 -0.014598958194255825
v -0.029104998335242264 0.047170951962470994 -0.012016269378364083
v -0.029104998335242264 0.049350000917911516 -0.011000001803040503
v -0.029104998335242264 0.04752781987190245 -0.011777819134294983
v -0.029104998335242264 0.04766923934221266 -0.014880763366818425
v -0.029104998335242264 0.04795104265213011 -0.015302513726055619
v -0.029104998335242264 0.04415000230073928 -0.011000001803040503
v -0.029104998335242264 0.045650001615285866 -0.011000001803040503
v -0.029104998335242264 0.04434791579842567 -0.010005025193095205
v -0.029104998335242264 0.045733734965324395 -0.011420954018831251
v -0.029104998335242264 0.045733734965324395 -0.010579050518572329
v -0.029104998335242264 0.04491152241826057 -0.009161524474620817
v -0.029104998335242264 0.045972183346748345 -0.01022218447178602
v -0.029104998335242264 0.045755024999380105 -0.008597915060818194
v -0.029104998335242264 0.046329047530889504 -0.009983734227716921
v -0.029104998335242264 0.0467500016093254 -0.008400002494454382
v -0.029104998335242264 0.0477662682533264 -0.011420954018831251
v -0.029104998335242264 0.04785000160336493 -0.011000001803040503
v -0.029104998335242264 0.04915208742022513 -0.010005025193095205
v -0.029104998335242264 0.0477662682533264 -0.010579050518572329
v -0.029104998335242264 0.047170951962470994 -0.009983734227716921
v -0.029104998335242264 0.0467500016093254 -0.009900001809000967
v -0.029104998335242264 0.04774497821927069 -0.008597915060818194
v -0.029104998335242264 0.04858847707509993 -0.009161524474620817
v -0.029104998335242264 0.04752781987190245 -0.01022218447178602
v -0.03270500153303146 -0.031750001013278954 -0.013799998909234997
v -0.03270500153303146 -0.03674999624490737 -0.008799999020993708
v -0.03270500153303146 -0.03674999624490737 -0.023799998685717576
v -0.03270499780774116 0.023950001224875443 -0.023800000548362725
v -0.03270499780774116 0.023950003087520592 -0.013800000771880146
v -0.03270499780774116 0.023950001224875443 -0.023800000548362725
v -0.01750499941408634 0.023950001224875443 -0.023800000548362725
v -0.01750499941408634 0.023950001224875443 -0.013800000771880146
v -0.03270499780774116 0.023950003087520592 -0.013800000771880146
v -0.017505001276731488 -0.031750001013278954 -0.013799998909234997
v -0.01750499941408634 0.023950001224875443 -0.013800000771880146
v -0.01750499941408634 0.023950001224875443 -0.023800000548362725
v -0.017505001276731488 -0.03674999624490737 -0.023799998685717576
v -0.017505001276731488 -0.03674999624490737 -0.008799999020993708
v -0.02060500159859657 -0.03674999624490737 -0.006419999524950979
v -0.0058521577157080165 -0.03674999624490737 -0.006419999524950979
v -0.017505001276731488 -0.03674999624490737 -0.008799999020993708
v -0.0058521577157080165 -0.03674999624490737 -0.008799999020993708
v -0.04435500130057334 -0.03674999624490737 -0.0005699990433640777
v -0.039355002343654626 -0.03674999624490737 -0.0005699990433640777
v -0.039355002343654626 -0.03674999624490737 -0.006419999524950979
v -0.03270500153303146 -0.03674999624490737 -0.008799999020993708
v -0.029605001211166375 -0.03674999624490737 -0.006419999524950979
v -0.04435500130057334 -0.03674999624490737 -0.008799999020993708
v -0.02060500159859657 -0.03674999624490737 -0.011609999462962149
v -0.029605001211166375 -0.03674999624490737 -0.016799999400973317
v -0.03270500153303146 -0.03674999624490737 -0.023799998685717576
v -0.03270500153303146 -0.03674999624490737 -0.016299998387694355
v -0.017505001276731488 -0.03674999624490737 -0.023799998685717576
v -0.02060500159859657 -0.03674999624490737 -0.016799999400973317
v -0.017505001276731488 -0.03674999624490737 -0.016299998387694355
v -0.029605001211166375 -0.03674999624490737 -0.011609999462962149
v -0.03635499998927116 0.03674999997019767 -0.02080000191926956
v -0.03635499998927116 0.03674999997019767 -0.013800001703202721
v -0.03110499866306781 0.03674999997019767 -0.013800001703202721
v -0.03110499866306781 0.03674999997019767 -0.02080000191926956
v -0.01984118856489658 0.03689042478799819 -0.0236595794558525
v -0.019104998558759686 0.03674999997019767 -0.013800001703202721
v -0.019104998558759686 0.03674999997019767 -0.023800002411007874
v -0.019870365038514134 0.036902241408824914 -0.013800001703202721
v -0.02095275744795799 0.03798463195562362 -0.013800001703202721
v -0.02051921188831329 0.03733578696846961 -0.023214215412735936
v -0.02051921188831329 0.03733578696846961 -0.013800001703202721
v -0.02096457593142986 0.03801381215453147 -0.022536192089319226
v -0.030339632183313363 0.036902241408824914 -0.013800001703202721
v -0.030339632183313363 0.036902241408824914 -0.02080000191926956
v -0.03110499866306781 0.03674999997019767 -0.02080000191926956
v -0.03110499866306781 0.03674999997019767 -0.013800001703202721
v -0.029257239773869508 0.03798463568091392 -0.013800001703202721
v -0.029257239773869508 0.03798463195562362 -0.02080000191926956
v -0.029690785333514207 0.03733578696846961 -0.02080000191926956
v -0.029690785333514207 0.03733578696846961 -0.013800001703202721
v -0.021104997023940083 0.047247488051652894 -0.01700104586780071
v -0.029104998335242264 0.047247488051652894 -0.01700104586780071
v -0.021104997023940083 0.04795104265213011 -0.01629749126732349
v -0.029104998335242264 0.04795104265213011 -0.01629749126732349
v -0.029104998335242264 0.04766923934221266 -0.01671924069523811
v -0.021104997023940083 0.04766923934221266 -0.01671924069523811
v -0.021104997023940083 0.048050001263618455 -0.015800002962350842
v -0.029104998335242264 0.048050001263618455 -0.015800002962350842
v -0.021104997023940083 0.04766923934221266 -0.014880763366818425
v -0.029104998335242264 0.04766923934221266 -0.014880763366818425
v -0.029104998335242264 0.04795104265213011 -0.015302513726055619
v -0.029104998335242264 0.047247488051652894 -0.014598958194255825
v -0.021104997023940083 0.047247488051652894 -0.014598958194255825
v -0.021104997023940083 0.04795104265213011 -0.015302513726055619
v -0.027104998007416718 0.045972183346748345 -0.01022218447178602
v -0.027104998007416718 0.04434791579842567 -0.010005025193095205
v -0.027104998007416718 0.045733734965324395 -0.010579050518572329
v -0.027104998007416718 0.04491152241826057 -0.009161524474620817
v -0.027104998007416718 0.04415000230073928 -0.011000001803040503
v -0.027104998007416718 0.0467500016093254 -0.009900001809000967
v -0.027104998007416718 0.045755024999380105 -0.008597915060818194
v -0.027104998007416718 0.046329047530889504 -0.009983734227716921
v -0.027104998007416718 0.045733734965324395 -0.011420954018831251
v -0.027104998007416718 0.04415000230073928 -0.01180000230669975
v -0.027104998007416718 0.046329047530889504 -0.012016269378364083
v -0.027104998007416718 0.042150001972913735 -0.013800001703202721
v -0.027104998007416718 0.045650001615285866 -0.011000001803040503
v -0.027104998007416718 0.045972183346748345 -0.011777819134294983
v -0.027104998007416718 0.0467500016093254 -0.012100001797080037
v -0.027104998007416718 0.0467500016093254 -0.008400002494454382
v -0.027104998007416718 0.04774497821927069 -0.008597915060818194
v -0.027104998007416718 0.047170951962470994 -0.009983734227716921
v -0.027104998007416718 0.04858847707509993 -0.009161524474620817
v -0.027104998007416718 0.04752781987190245 -0.01022218447178602
v -0.027104998007416718 0.04915208742022513 -0.010005025193095205
v -0.027104998007416718 0.049350000917911516 -0.011000001803040503
v -0.027104998007416718 0.0477662682533264 -0.010579050518572329
v -0.027104998007416718 0.049350000917911516 -0.013800001703202721
v -0.027104998007416718 0.04752781987190245 -0.011777819134294983
v -0.027104998007416718 0.047170951962470994 -0.012016269378364083
v -0.027104998007416718 0.0477662682533264 -0.011420954018831251
v -0.027104998007416718 0.04785000160336493 -0.011000001803040503
v -0.02310499735176563 0.04752781987190245 -0.01022218447178602
v -0.02310499735176563 0.04915208742022513 -0.010005025193095205
v -0.02310499735176563 0.0477662682533264 -0.010579050518572329
v -0.02310499735176563 0.04858847707509993 -0.009161524474620817
v -0.02310499735176563 0.049350000917911516 -0.011000001803040503
v -0.02310499735176563 0.047170951962470994 -0.009983734227716921
v -0.02310499735176563 0.0467500016093254 -0.009900001809000967
v -0.02310499735176563 0.04774497821927069 -0.008597915060818194
v -0.02310499735176563 0.0467500016093254 -0.008400002494454382
v -0.02310499735176563 0.04752781987190245 -0.011777819134294983
v -0.02310499735176563 0.049350000917911516 -0.013800001703202721
v -0.02310499735176563 0.04785000160336493 -0.011000001803040503
v -0.02310499735176563 0.0477662682533264 -0.011420954018831251
v -0.02310499735176563 0.0467500016093254 -0.012100001797080037
v -0.02310499735176563 0.047170951962470994 -0.012016269378364083
v -0.02310499735176563 0.042150001972913735 -0.013800001703202721
v -0.02310499735176563 0.045972183346748345 -0.01022218447178602
v -0.02310499735176563 0.04491152241826057 -0.009161524474620817
v -0.02310499735176563 0.046329047530889504 -0.009983734227716921
v -0.02310499735176563 0.045755024999380105 -0.008597915060818194
v -0.02310499735176563 0.04434791207313537 -0.010005025193095205
v -0.02310499735176563 0.04415000230073928 -0.011000001803040503
v -0.02310499735176563 0.045733731240034096 -0.010579050518572329
v -0.02310499735176563 0.04415000230073928 -0.01180000230669975
v -0.02310499735176563 0.045733731240034096 -0.011420954018831251
v -0.02310499735176563 0.045972183346748345 -0.011777819134294983
v -0.02310499735176563 0.046329047530889504 -0.012016269378364083
v -0.02310499735176563 0.045650001615285866 -0.011000001803040503
v -0.02310499735176563 0.047170951962470994 -0.012016269378364083
v -0.021104997023940083 0.0477662682533264 -0.011420954018831251
v -0.02310499735176563 0.0477662682533264 -0.011420954018831251
v -0.02310499735176563 0.04752781987190245 -0.011777819134294983
v -0.021104997023940083 0.047170951962470994 -0.012016269378364083
v -0.021104997023940083 0.04752781987190245 -0.011777819134294983
v -0.021104997023940083 0.04785000160336493 -0.011000001803040503
v -0.02310499735176563 0.04785000160336493 -0.011000001803040503
v -0.021104997023940083 0.04752781987190245 -0.01022218447178602
v -0.02310499735176563 0.04752781987190245 -0.01022218447178602
v -0.02310499735176563 0.0477662682533264 -0.010579050518572329
v -0.02310499735176563 0.047170951962470994 -0.009983734227716921
v -0.021104997023940083 0.047170951962470994 -0.009983734227716921
v -0.021104997023940083 0.0477662682533264 -0.010579050518572329
v -0.027104998007416718 0.047170951962470994 -0.012016269378364083
v -0.029104998335242264 0.047170951962470994 -0.012016269378364083
v -0.027104998007416718 0.0477662682533264 -0.011420954018831251
v -0.029104998335242264 0.0477662682533264 -0.011420954018831251
v -0.029104998335242264 0.04752781987190245 -0.011777819134294983
v -0.027104998007416718 0.04752781987190245 -0.011777819134294983
v -0.029104998335242264 0.04785000160336493 -0.011000001803040503
v -0.027104998007416718 0.04785000160336493 -0.011000001803040503
v -0.027104998007416718 0.0477662682533264 -0.010579050518572329
v -0.029104998335242264 0.04752781987190245 -0.01022218447178602
v -0.029104998335242264 0.0477662682533264 -0.010579050518572329
v -0.029104998335242264 0.047170951962470994 -0.009983734227716921
v -0.027104998007416718 0.04752781987190245 -0.01022218447178602
v -0.027104998007416718 0.047170951962470994 -0.009983734227716921
v -0.02310499735176563 0.04415000230073928 -0.01180000230669975
v -0.021104997023940083 0.04415000230073928 -0.011000001803040503
v -0.02310499735176563 0.04415000230073928 -0.011000001803040503
v -0.021104997023940083 0.04415000230073928 -0.01180000230669975
v -0.02310499735176563 0.049350000917911516 -0.011000001803040503
v -0.02310499735176563 0.04915208742022513 -0.010005025193095205
v -0.021104997023940083 0.049350000917911516 -0.011000001803040503
v -0.02310499735176563 0.04858847707509993 -0.009161524474620817
v -0.02310499735176563 0.04774497821927069 -0.008597915060818194
v -0.021104997023940083 0.04858847707509993 -0.009161524474620817
v -0.021104997023940083 0.04915208742022513 -0.010005025193095205
v -0.021104997023940083 0.04774497821927069 -0.008597915060818194
v -0.021104997023940083 0.0467500016093254 -0.008400002494454382
v -0.02310499735176563 0.0467500016093254 -0.008400002494454382
v -0.02310499735176563 0.045755024999380105 -0.008597915060818194
v -0.02310499735176563 0.04491152241826057 -0.009161524474620817
v -0.021104997023940083 0.04491152241826057 -0.009161524474620817
v -0.02310499735176563 0.04434791207313537 -0.010005025193095205
v -0.02310499735176563 0.04415000230073928 -0.011000001803040503
v -0.021104997023940083 0.04415000230073928 -0.011000001803040503
v -0.021104997023940083 0.04434791207313537 -0.010005025193095205
v -0.021104997023940083 0.045755024999380105 -0.008597915060818194
v -0.029104998335242264 0.049350000917911516 -0.011000001803040503
v -0.029104998335242264 0.04915208742022513 -0.010005025193095205
v -0.027104998007416718 0.049350000917911516 -0.011000001803040503
v -0.029104998335242264 0.04858847707509993 -0.009161524474620817
v -0.029104998335242264 0.04774497821927069 -0.008597915060818194
v -0.027104998007416718 0.04774497821927069 -0.008597915060818194
v -0.027104998007416718 0.04858847707509993 -0.009161524474620817
v -0.027104998007416718 0.04915208742022513 -0.010005025193095205
v -0.027104998007416718 0.0467500016093254 -0.008400002494454382
v -0.029104998335242264 0.0467500016093254 -0.008400002494454382
v -0.029104998335242264 0.045755024999380105 -0.008597915060818194
v -0.029104998335242264 0.04491152241826057 -0.009161524474620817
v -0.027104998007416718 0.04491152241826057 -0.009161524474620817
v -0.029104998335242264 0.04434791579842567 -0.010005025193095205
v -0.029104998335242264 0.04415000230073928 -0.011000001803040503
v -0.027104998007416718 0.04415000230073928 -0.011000001803040503
v -0.027104998007416718 0.04434791579842567 -0.010005025193095205
v -0.027104998007416718 0.045755024999380105 -0.008597915060818194
v -0.029104998335242264 0.04415000230073928 -0.01180000230669975
v -0.027104998007416718 0.04415000230073928 -0.011000001803040503
v -0.029104998335242264 0.04415000230073928 -0.011000001803040503
v -0.027104998007416718 0.04415000230073928 -0.01180000230669975
v -0.029104998335242264 0.049350000917911516 -0.018800001591444012
v -0.02310499735176563 0.049350000917911516 -0.013800001703202721
v -0.021104997023940083 0.049350000917911516 -0.018800001591444012
v -0.021104997023940083 0.049350000917911516 -0.011000001803040503
v -0.029104998335242264 0.049350000917911516 -0.011000001803040503
v -0.027104998007416718 0.049350000917911516 -0.013800001703202721
v -0.02310499735176563 0.049350000917911516 -0.011000001803040503
v -0.027104998007416718 0.049350000917911516 -0.011000001803040503
v -0.006030343938618897 -0.04015000164508819 -0.010169998742640017
v -0.02060500159859657 -0.039995148777961724 -0.009898353368043898
v -0.0060519245453178865 -0.04056176543235778 -0.010522940196096895
v -0.02060500159859657 -0.04026611149311065 -0.010303882881999014
v -0.006082753185182808 -0.041149996221065514 -0.010669998824596403
v -0.02060500159859657 -0.040671646595001214 -0.010574848391115664
v -0.02060500159859657 -0.041149996221065514 -0.010669998824596403
v -0.02060500159859657 -0.04162835329771041 -0.010574848391115664
v -0.00611358182504773 -0.041738234460353844 -0.010522940196096895
v -0.00613516056910157 -0.04214999824762344 -0.010169998742640017
v -0.02060500159859657 -0.04203388094902038 -0.010303882881999014
v -0.02060500159859657 -0.042304843664169305 -0.009898353368043898
v 0.008359939791262148 -0.04266799613833427 -0.008169999346137045
v 0.008409944362938402 -0.04219225421547889 -0.008265149779617785
v 0.008819867856800554 -0.03829209133982658 -0.006419999524950979
v 0.008452330715954302 -0.041788946837186806 -0.008536115288734434
v 0.008480657823383806 -0.04151946678757667 -0.00894164480268955
v 0.008490600623190401 -0.04142483696341514 -0.009419999085366724
v 0.008480657823383806 -0.04151946678757667 -0.009898353368043898
v 0.00830994267016649 -0.04314372316002845 -0.008265149779617785
v 0.00782684702426195 -0.047740053385496126 -0.006419999059289692
v 0.008239229209721087 -0.04381651803851127 -0.00894164480268955
v 0.008267552591860293 -0.043547030538320534 -0.008536115288734434
v 0.008229282684624193 -0.0439111404120922 -0.009419999085366724
v 0.008819867856800554 -0.03829209133982658 -0.016799999400973317
v 0.008452330715954302 -0.041788946837186806 -0.010303882881999014
v 0.008359939791262148 -0.04266799613833427 -0.010669998824596403
v 0.008409944362938402 -0.04219225421547889 -0.010574848391115664
v 0.00782684702426195 -0.047740053385496126 -0.016799999400973317
v 0.008239229209721087 -0.04381651803851127 -0.009898353368043898
v 0.00830994267016649 -0.04314372316002845 -0.010574848391115664
v 0.008267552591860293 -0.043547030538320534 -0.010303882881999014
v 0.017310639843344685 -0.043608743697404855 -0.010669998824596403
v 0.01736064441502094 -0.04313301667571067 -0.010574848391115664
v 0.01777056790888309 -0.03923285380005836 -0.016799999400973317
v 0.01740303076803684 -0.04272970929741859 -0.010303882881999014
v 0.017431357875466343 -0.04246022179722785 -0.009898353368043898
v 0.017441300675272938 -0.04236559197306632 -0.009419999085366724
v 0.01777056790888309 -0.03923285380005836 -0.006419999059289692
v 0.01726063899695873 -0.04408448562026023 -0.010574848391115664
v 0.01677754148840904 -0.04868080839514731 -0.016799999400973317
v 0.017189925536513325 -0.04475727304816245 -0.009898353368043898
v 0.01721824891865253 -0.04448778554797172 -0.010303882881999014
v 0.01677754148840904 -0.04868080839514731 -0.006419999059289692
v 0.017431357875466343 -0.04246022179722785 -0.00894164480268955
v 0.01740303076803684 -0.04272970929741859 -0.008536115288734434
v 0.017310639843344685 -0.043608743697404855 -0.008169999346137045
v 0.01736064441502094 -0.04313301667571067 -0.008265149779617785
v 0.017189925536513325 -0.04475727304816245 -0.00894164480268955
v 0.017179979011416432 -0.04485190287232398 -0.009419999085366724
v 0.01726063899695873 -0.04408448562026023 -0.008265149779617785
v 0.01721824891865253 -0.04448778554797172 -0.008536115288734434
v 0.026097519323229783 0.04477619379758834 -0.01671924069523811
v 0.026181360706686967 0.045573882758617394 -0.017921322956681248
v 0.02612697891891002 0.04505645483732223 -0.01629749126732349
v 0.0262493398040533 0.046220637857913964 -0.01694805175065994
v 0.026053437963128083 0.04435675591230392 -0.01700104586780071
v 0.02607962675392627 0.044605944305658334 -0.018571641296148297
v 0.026001436635851853 0.043861992657184594 -0.017100002616643902
v 0.025959623977541917 0.04346418380737304 -0.018800001591444012
v 0.02613732405006885 0.045154869556426995 -0.015800002962350842
v 0.026273211464285844 0.046447750180959695 -0.015800002962350842
v 0.02612697891891002 0.04505645483732223 -0.015302513726055619
v 0.026097519323229783 0.04477619379758834 -0.014880763366818425
v 0.026001436635851853 0.043861992657184594 -0.014500002376735207
v 0.026053437963128083 0.04435675591230392 -0.014598958194255825
v 0.026045436039566987 0.044280637055635445 -0.012016269378364083
v 0.026082737371325486 0.04463554918766021 -0.011777819134294983
v 0.026273211464285844 0.046447750180959695 -0.011000001803040503
v 0.025608683004975312 0.04012521728873252 -0.018800001591444012
v 0.025905346497893326 0.04294778779149055 -0.01671924069523811
v 0.025949435308575623 0.04336722940206527 -0.01700104586780071
v 0.02548868022859096 0.03898345679044723 -0.019028363749384877
v 0.025520605966448777 0.03928719088435172 -0.013800001703202721
v 0.025165209546685212 0.035905815660953515 -0.013800001703202721
v 0.025386946275830262 0.03801551833748817 -0.019678682088851925
v 0.025165209546685212 0.035905815660953515 -0.02180000208318233
v 0.025729661807417863 0.04127623513340949 -0.011800001375377175
v 0.025875890627503388 0.04266752675175666 -0.015302513726055619
v 0.025905346497893326 0.04294778779149055 -0.014880763366818425
v 0.025865549221634858 0.042569112032651894 -0.015800002962350842
v 0.025875890627503388 0.04266752675175666 -0.01629749126732349
v 0.025920128449797623 0.04308843612670898 -0.011777819134294983
v 0.025949435308575623 0.04336722940206527 -0.014598958194255825
v 0.02595743350684642 0.04344334825873374 -0.012016269378364083
v 0.026107663288712495 0.0448726937174797 -0.011420954018831251
v 0.02611641399562358 0.04495596513152122 -0.011000001803040503
v 0.026252524927258485 0.04625092074275016 -0.010005025193095205
v 0.026001436635851853 0.043861992657184594 -0.012100001797080037
v 0.026107663288712495 0.0448726937174797 -0.010579050518572329
v 0.02619360946118831 0.04569039866328239 -0.009161524474620817
v 0.026082737371325486 0.04463554918766021 -0.01022218447178602
v 0.026045436039566987 0.044280637055635445 -0.009983734227716921
v 0.026105439290404313 0.04485151916742324 -0.008597915060818194
v 0.026001436635851853 0.043861992657184594 -0.008400001563131807
v 0.026001436635851853 0.043861992657184594 -0.009900001809000967
v 0.025895206257700913 0.04285129159688949 -0.011420954018831251
v 0.025886451825499528 0.04276801645755767 -0.011000001803040503
v 0.025729661807417863 0.04127623513340949 -0.011000001803040503
v 0.02575034834444522 0.04147306457161903 -0.010005025193095205
v 0.02595743350684642 0.04344334825873374 -0.009983734227716921
v 0.025920128449797623 0.04308843612670898 -0.01022218447178602
v 0.025897433981299393 0.042872466146945946 -0.008597915060818194
v 0.025895206257700913 0.04285129159688949 -0.010579050518572329
v 0.025809263810515397 0.0420335866510868 -0.009161524474620817
v 0.018170805647969242 0.04589268565177917 -0.01629749126732349
v 0.01822518743574619 0.046410109847784035 -0.017921322956681248
v 0.018141346052289006 0.04561242461204528 -0.01671924069523811
v 0.018293166533112522 0.0470568686723709 -0.01694805175065994
v 0.018097260966897007 0.04519298300147056 -0.01700104586780071
v 0.018045259639620777 0.044698219746351235 -0.017100002616643902
v 0.018123453482985493 0.045442171394824975 -0.018571641296148297
v 0.01800345070660114 0.04430041089653968 -0.018800001591444012
v 0.018181147053837773 0.045991100370883935 -0.015800002962350842
v 0.018317034468054768 0.04728397727012633 -0.015800002962350842
v 0.018170805647969242 0.04589268565177917 -0.015302513726055619
v 0.018141346052289006 0.04561242461204528 -0.014880763366818425
v 0.01808926276862621 0.045116867870092385 -0.012016269378364083
v 0.018097260966897007 0.04519298300147056 -0.014598958194255825
v 0.018045259639620777 0.044698219746351235 -0.014500002376735207
v 0.01812656037509441 0.04547177627682685 -0.011777819134294983
v 0.018317034468054768 0.04728397727012633 -0.011000001803040503
v 0.01794917322695255 0.04378401860594749 -0.01671924069523811
v 0.017652509734034535 0.04096144437789916 -0.018800001591444012
v 0.017993258312344548 0.04420345649123191 -0.01700104586780071
v 0.0175644289702177 0.040123417973518365 -0.013800001703202721
v 0.017532503232359883 0.03981968387961387 -0.019028363749384877
v 0.017430769279599186 0.03885174542665481 -0.019678682088851925
v 0.017209032550454136 0.036742046475410454 -0.013800001703202721
v 0.017209032550454136 0.036742046475410454 -0.02180000208318233
v 0.01794917322695255 0.04378401860594749 -0.014880763366818425
v 0.01791971735656261 0.0435037575662136 -0.015302513726055619
v 0.017773484811186787 0.042112462222576134 -0.01180000230669975
v 0.017909372225403782 0.043405342847108834 -0.015800002962350842
v 0.01791971735656261 0.0435037575662136 -0.01629749126732349
v 0.017993258312344548 0.04420345649123191 -0.014598958194255825
v 0.017963955178856846 0.04392466321587562 -0.011777819134294983
v 0.018001256510615345 0.044279575347900384 -0.012016269378364083
v 0.018160240724682804 0.04579219594597816 -0.011000001803040503
v 0.01815148629248142 0.04570892080664634 -0.011420954018831251
v 0.01829634793102741 0.047087147831916795 -0.010005025193095205
v 0.018045259639620777 0.044698219746351235 -0.012100001797080037
v 0.018237432464957234 0.04652662575244903 -0.009161524474620817
v 0.01815148629248142 0.04570892080664634 -0.010579050518572329
v 0.01812656037509441 0.04547177627682685 -0.01022218447178602
v 0.018149262294173237 0.04568774625658988 -0.008597915060818194
v 0.01808926276862621 0.045116867870092385 -0.009983734227716921
v 0.018045259639620777 0.044698219746351235 -0.008400001563131807
v 0.018045259639620777 0.044698219746351235 -0.009900001809000967
v 0.017939032986760136 0.04368751868605613 -0.011420954018831251
v 0.017773484811186787 0.042112462222576134 -0.011000001803040503
v 0.01793027855455875 0.04360424727201461 -0.011000001803040503
v 0.017794171348214146 0.04230929166078567 -0.010005025193095205
v 0.018001256510615345 0.044279575347900384 -0.009983734227716921
v 0.017963955178856846 0.04392466321587562 -0.01022218447178602
v 0.017941256985068318 0.04370869323611259 -0.008597915060818194
v 0.017939032986760136 0.04368751868605613 -0.010579050518572329
v 0.01785308681428432 0.04286981374025344 -0.009161524474620817
v 0.021376227959990498 -0.034584280103445046 -0.013799998909234997
v 0.020853580906987187 -0.03955688700079917 -0.023799998685717576
v 0.020853580906987187 -0.03955688700079917 -0.008799999020993708
v 0.02719846367835998 0.020810591056942936 -0.013800000771880146
v 0.02719846367835998 0.020810591056942936 -0.023800000548362725
v 0.012081732042133805 0.022399423643946644 -0.023800000548362725
v 0.02719846367835998 0.020810591056942936 -0.023800000548362725
v 0.02719846367835998 0.020810591056942936 -0.013800000771880146
v 0.012081732042133805 0.022399425506591793 -0.013800000771880146
v 0.006259491667151449 -0.03299544379115104 -0.013799998909234997
v 0.012081732042133805 0.022399423643946644 -0.023800000548362725
v 0.012081732042133805 0.022399425506591793 -0.013800000771880146
v 0.0057368497364222995 -0.03796805813908576 -0.008799999020993708
v 0.0057368497364222995 -0.03796805813908576 -0.023799998685717576
v 0.008819867856800554 -0.03829209133982658 -0.016799999400973317
v 0.0057368497364222995 -0.03796805813908576 -0.016299998387694355
v 0.0057368497364222995 -0.03796805813908576 -0.012549999170005318
v 0.01777056790888309 -0.03923285380005836 -0.006419999059289692
v 0.020853580906987187 -0.03955688700079917 -0.008799999020993708
v 0.01777056790888309 -0.03923285380005836 -0.011609999462962149
v 0.008819867856800554 -0.03829209133982658 -0.006419999524950979
v 0.008819867856800554 -0.03829209133982658 -0.011609999462962149
v 0.0057368497364222995 -0.03796805813908576 -0.008799999020993708
v -0.0058521577157080165 -0.03674999624490737 -0.006419999524950979
v -0.0058521577157080165 -0.03674999624490737 -0.008799999020993708
v 0.02821304462850093 -0.04033039882779121 -0.006419999059289692
v 0.01777056790888309 -0.03923285380005836 -0.016799999400973317
v 0.020853580906987187 -0.03955688700079917 -0.012549999170005318
v 0.020853580906987187 -0.03955688700079917 -0.016299998387694355
v 0.02821304462850093 -0.04033039882779121 -0.008799999020993708
v 0.020853580906987187 -0.03955688700079917 -0.023799998685717576
v 0.0057368497364222995 -0.03796805813908576 -0.023799998685717576
v 0.01697762124240398 0.035996783524751656 -0.013800001703202721
v 0.016992425546050068 0.036024566739797585 -0.022536192089319226
v 0.016478629782795903 0.03539681062102317 -0.013800001703202721
v 0.016478629782795903 0.03539681062102317 -0.023214215412735936
v 0.01575776375830173 0.03502475842833518 -0.0236595794558525
v 0.01578802056610584 0.03503346443176269 -0.013800001703202721
v 0.02523661218583583 0.035128731280565255 -0.013800001703202721
v 0.025227906182408326 0.035158984363079064 -0.022536192089319226
v 0.025599958375096314 0.03443811833858489 -0.013800001703202721
v 0.025599958375096314 0.03443811833858489 -0.023214215412735936
v 0.026227718219161027 0.03392432257533073 -0.0236595794558525
v 0.026199935004115098 0.033939126878976815 -0.013800001703202721
v 0.025949435308575623 0.04336722940206527 -0.01700104586780071
v 0.017993258312344548 0.04420345649123191 -0.01700104586780071
v 0.025905346497893326 0.04294778779149055 -0.01671924069523811
v 0.01791971735656261 0.0435037575662136 -0.01629749126732349
v 0.025875890627503388 0.04266752675175666 -0.01629749126732349
v 0.01794917322695255 0.04378401860594749 -0.01671924069523811
v 0.017909372225403782 0.043405342847108834 -0.015800002962350842
v 0.025865549221634858 0.042569112032651894 -0.015800002962350842
v 0.025905346497893326 0.04294778779149055 -0.014880763366818425
v 0.025875890627503388 0.04266752675175666 -0.015302513726055619
v 0.01794917322695255 0.04378401860594749 -0.014880763366818425
v 0.026001436635851853 0.043861992657184594 -0.014500002376735207
v 0.025949435308575623 0.04336722940206527 -0.014598958194255825
v 0.01791971735656261 0.0435037575662136 -0.015302513726055619
v 0.017993258312344548 0.04420345649123191 -0.014598958194255825
v 0.02396838925778865 0.04365240409970283 -0.012016269378364083
v 0.023531561717391007 0.03949625045061111 -0.013800001703202721
v 0.023740617558360093 0.04148529097437858 -0.011800001375377175
v 0.023906165733933442 0.043060347437858575 -0.011420954018831251
v 0.023740617558360093 0.04148529097437858 -0.011000001803040503
v 0.024012392386794083 0.04407104849815368 -0.012100001797080037
v 0.023931084200739854 0.04329749196767806 -0.011777819134294983
v 0.024284167215228074 0.04665680602192878 -0.013800001703202721
v 0.023897407576441758 0.042977076023817055 -0.011000001803040503
v 0.023931084200739854 0.04329749196767806 -0.01022218447178602
v 0.023761304095387452 0.04168212041258811 -0.010005025193095205
v 0.023820219561457627 0.042242642492055886 -0.009161524474620817
v 0.023906165733933442 0.04306035116314887 -0.010579050518572329
v 0.02396838925778865 0.04365240409970283 -0.009983734227716921
v 0.024012392386794083 0.04407104849815368 -0.009900001809000967
v 0.023908389732241624 0.04308152198791503 -0.008597915060818194
v 0.024056395515799515 0.04448969662189483 -0.012016269378364083
v 0.024093693122267716 0.044844605028629296 -0.011777819134294983
v 0.024284167215228074 0.04665680602192878 -0.011000001803040503
v 0.024118619039654725 0.045081749558448785 -0.011420954018831251
v 0.024127369746565812 0.0451650246977806 -0.011000001803040503
v 0.024263480678200715 0.04645997658371925 -0.010005025193095205
v 0.024118619039654725 0.045081749558448785 -0.010579050518572329
v 0.024116395041346543 0.04506057500839233 -0.008597915060818194
v 0.024012392386794083 0.04407104849815368 -0.008400001563131807
v 0.024056395515799515 0.04448969662189483 -0.009983734227716921
v 0.02420456521213054 0.04589945450425147 -0.009161524474620817
v 0.024093693122267716 0.044844605028629296 -0.01022218447178602
v 0.020149284973740574 0.045583136379718774 -0.011000001803040503
v 0.02014053054153919 0.045499864965677254 -0.011420954018831251
v 0.020306078717112538 0.04707492142915724 -0.011000001803040503
v 0.020306078717112538 0.04707492142915724 -0.013800001703202721
v 0.02011560462415218 0.045262720435857766 -0.011777819134294983
v 0.02014053054153919 0.045499864965677254 -0.010579050518572329
v 0.02007830701768398 0.044907808303833 -0.012016269378364083
v 0.020034303888678547 0.04448916390538215 -0.012100001797080037
v 0.01955347321927547 0.03991436213254928 -0.013800001703202721
v 0.02011560462415218 0.045262720435857766 -0.01022218447178602
v 0.02028539218008518 0.04687809199094771 -0.010005025193095205
v 0.020226476714015004 0.04631756991147994 -0.009161524474620817
v 0.020138306543231007 0.0454786904156208 -0.008597915060818194
v 0.02007830701768398 0.044907808303833 -0.009983734227716921
v 0.020034303888678547 0.04448916390538215 -0.008400001563131807
v 0.020034303888678547 0.04448916390538215 -0.009900001809000967
v 0.019762529060244557 0.04190340638160705 -0.01180000230669975
v 0.019990300759673115 0.0440705195069313 -0.012016269378364083
v 0.019952999427914616 0.04371560737490653 -0.011777819134294983
v 0.019928077235817906 0.043478462845087044 -0.011420954018831251
v 0.019762529060244557 0.04190340638160705 -0.011000001803040503
v 0.019928077235817906 0.043478462845087044 -0.010579050518572329
v 0.01991932280361652 0.04339518770575523 -0.011000001803040503
v 0.01984213106334209 0.042660757899284356 -0.009161524474620817
v 0.019952999427914616 0.04371560737490653 -0.01022218447178602
v 0.019990300759673115 0.0440705195069313 -0.009983734227716921
v 0.019930301234126088 0.0434996373951435 -0.008597915060818194
v 0.019783215597271916 0.04210023581981658 -0.010005025193095205
v 0.019990300759673115 0.0440705195069313 -0.012016269378364083
v 0.018001256510615345 0.044279575347900384 -0.012016269378364083
v 0.017963955178856846 0.04392466321587562 -0.011777819134294983
v 0.019952999427914616 0.04371560737490653 -0.011777819134294983
v 0.019928077235817906 0.043478462845087044 -0.011420954018831251
v 0.017939032986760136 0.04368751868605613 -0.011420954018831251
v 0.01793027855455875 0.04360424727201461 -0.011000001803040503
v 0.01991932280361652 0.04339518770575523 -0.011000001803040503
v 0.019952999427914616 0.04371560737490653 -0.01022218447178602
v 0.019928077235817906 0.043478462845087044 -0.010579050518572329
v 0.017963955178856846 0.04392466321587562 -0.01022218447178602
v 0.019990300759673115 0.0440705195069313 -0.009983734227716921
v 0.017939032986760136 0.04368751868605613 -0.010579050518572329
v 0.018001256510615345 0.044279575347900384 -0.009983734227716921
v 0.023906165733933442 0.043060347437858575 -0.011420954018831251
v 0.025895206257700913 0.04285129159688949 -0.011420954018831251
v 0.025920128449797623 0.04308843612670898 -0.011777819134294983
v 0.025886451825499528 0.04276801645755767 -0.011000001803040503
v 0.02396838925778865 0.04365240409970283 -0.012016269378364083
v 0.02595743350684642 0.04344334825873374 -0.012016269378364083
v 0.023931084200739854 0.04329749196767806 -0.011777819134294983
v 0.023897407576441758 0.042977076023817055 -0.011000001803040503
v 0.025920128449797623 0.04308843612670898 -0.01022218447178602
v 0.025895206257700913 0.04285129159688949 -0.010579050518572329
v 0.023906165733933442 0.04306035116314887 -0.010579050518572329
v 0.02595743350684642 0.04344334825873374 -0.009983734227716921
v 0.023931084200739854 0.04329749196767806 -0.01022218447178602
v 0.02396838925778865 0.04365240409970283 -0.009983734227716921
v 0.019762529060244557 0.04190340638160705 -0.01180000230669975
v 0.019762529060244557 0.04190340638160705 -0.011000001803040503
v 0.017773484811186787 0.042112462222576134 -0.011000001803040503
v 0.017773484811186787 0.042112462222576134 -0.01180000230669975
v 0.019762529060244557 0.04190340638160705 -0.011000001803040503
v 0.019783215597271916 0.04210023581981658 -0.010005025193095205
v 0.017794171348214146 0.04230929166078567 -0.010005025193095205
v 0.01984213106334209 0.042660757899284356 -0.009161524474620817
v 0.01785308681428432 0.04286981374025344 -0.009161524474620817
v 0.019930301234126088 0.0434996373951435 -0.008597915060818194
v 0.017773484811186787 0.042112462222576134 -0.011000001803040503
v 0.017941256985068318 0.04370869323611259 -0.008597915060818194
v 0.018045259639620777 0.044698219746351235 -0.008400001563131807
v 0.020034303888678547 0.04448916390538215 -0.008400001563131807
v 0.02028539218008518 0.04687809199094771 -0.010005025193095205
v 0.020306078717112538 0.04707492142915724 -0.011000001803040503
v 0.018317034468054768 0.04728397727012633 -0.011000001803040503
v 0.018237432464957234 0.04652662575244903 -0.009161524474620817
v 0.020226476714015004 0.04631756991147994 -0.009161524474620817
v 0.020138306543231007 0.0454786904156208 -0.008597915060818194
v 0.018149262294173237 0.04568774625658988 -0.008597915060818194
v 0.01829634793102741 0.047087147831916795 -0.010005025193095205
v 0.023740617558360093 0.04148529097437858 -0.011000001803040503
v 0.025729661807417863 0.04127623513340949 -0.011000001803040503
v 0.02575034834444522 0.04147306457161903 -0.010005025193095205
v 0.025809263810515397 0.0420335866510868 -0.009161524474620817
v 0.023820219561457627 0.042242642492055886 -0.009161524474620817
v 0.025897433981299393 0.042872466146945946 -0.008597915060818194
v 0.023908389732241624 0.04308152198791503 -0.008597915060818194
v 0.023761304095387452 0.04168212041258811 -0.010005025193095205
v 0.026001436635851853 0.043861992657184594 -0.008400001563131807
v 0.024012392386794083 0.04407104849815368 -0.008400001563131807
v 0.02420456521213054 0.04589945450425147 -0.009161524474620817
v 0.026105439290404313 0.04485151916742324 -0.008597915060818194
v 0.02619360946118831 0.04569039866328239 -0.009161524474620817
v 0.024263480678200715 0.04645997658371925 -0.010005025193095205
v 0.026252524927258485 0.04625092074275016 -0.010005025193095205
v 0.024284167215228074 0.04665680602192878 -0.011000001803040503
v 0.026273211464285844 0.046447750180959695 -0.011000001803040503
v 0.024116395041346543 0.04506057500839233 -0.008597915060818194
v 0.025729661807417863 0.04127623513340949 -0.011800001375377175
v 0.025729661807417863 0.04127623513340949 -0.011000001803040503
v 0.023740617558360093 0.04148529097437858 -0.011000001803040503
v 0.023740617558360093 0.04148529097437858 -0.011800001375377175
v 0.020306078717112538 0.04707492142915724 -0.013800001703202721
v 0.024284167215228074 0.04665680602192878 -0.013800001703202721
v 0.026273211464285844 0.046447750180959695 -0.015800002962350842
v 0.026273211464285844 0.046447750180959695 -0.011000001803040503
v 0.018317034468054768 0.04728397727012633 -0.011000001803040503
v 0.018317034468054768 0.04728397727012633 -0.015800002962350842
v 0.024284167215228074 0.04665680602192878 -0.011000001803040503
v 0.020306078717112538 0.04707492142915724 -0.011000001803040503
v -0.006030343938618897 -0.04015000164508819 -0.008669999428093432
v 0.008480657823383806 -0.04151946678757667 -0.00894164480268955
v -0.0060519245453178865 -0.04056176543235778 -0.008317057974636553
v 0.008452330715954302 -0.041788946837186806 -0.008536115288734434
v -0.006082753185182808 -0.041149996221065514 -0.008169999346137045
v 0.008409944362938402 -0.04219225421547889 -0.008265149779617785
v 0.008359939791262148 -0.04266799613833427 -0.008169999346137045
v -0.00613516056910157 -0.04214999824762344 -0.008669999428093432
v -0.00611358182504773 -0.041738234460353844 -0.008317057974636553
v 0.008267552591860293 -0.043547030538320534 -0.008536115288734434
v 0.008239229209721087 -0.04381651803851127 -0.00894164480268955
v 0.00830994267016649 -0.04314372316002845 -0.008265149779617785
v -0.006855004001408814 -0.08025000244379042 -0.023799998685717576
v -0.015857767313718792 -0.06976662576198576 -0.023799998685717576
v -0.01575500331819057 -0.06924999505281447 -0.023799998685717576
v -0.016150409355759617 -0.07020459324121474 -0.023799998685717576
v -0.006855002604424952 -0.04677836224436759 -0.023799998685717576
v -0.015857767313718792 -0.06873337179422377 -0.023799998685717576
v -0.015857765451073643 -0.05776662379503249 -0.023799998685717576
v -0.01575500331819057 -0.05725000053644179 -0.023799998685717576
v -0.016150409355759617 -0.0682954043149948 -0.023799998685717576
v -0.016150407493114468 -0.05820459872484206 -0.023799998685717576
v -0.01658838056027889 -0.07049723714590071 -0.023799998685717576
v -0.015857765451073643 -0.05673337727785109 -0.023799998685717576
v 0.03202762082219123 -0.04482216015458106 -0.023799998685717576
v 0.03140651062130927 -0.04549408331513404 -0.023799998685717576
v 0.03303346782922744 -0.04230099543929099 -0.023799998685717576
v 0.03285495936870574 -0.04319843277335166 -0.023799998685717576
v 0.03251588717103004 -0.044048313051462167 -0.023799998685717576
v 0.030673353001475327 -0.0460415594279766 -0.023799998685717576
v 0.029852697625756257 -0.04644626006484031 -0.023799998685717576
v 0.028155731037259095 -0.03287480399012565 -0.023799998685717576
v 0.01060292962938547 -0.04677836224436759 -0.023799998685717576
v 0.0057368497364222995 -0.03796805813908576 -0.023799998685717576
v 0.028972035273909562 -0.046694625169038766 -0.023799998685717576
v 0.028060859069228165 -0.04677836224436759 -0.023799998685717576
v -0.017505001276731488 -0.03674999624490737 -0.023799998685717576
v 0.027543434873223298 -0.032753009349107735 -0.023799998685717576
v 0.020853580906987187 -0.03955688700079917 -0.023799998685717576
v -0.016150407493114468 -0.05629540234804152 -0.023799998685717576
v -0.017105003818869587 -0.07059999555349349 -0.023799998685717576
v -0.01658838056027889 -0.06800276041030882 -0.023799998685717576
v -0.017105003818869587 -0.06790000200271605 -0.023799998685717576
v -0.01658838056027889 -0.058497235178947435 -0.023799998685717576
v -0.017621625214815136 -0.07049723714590071 -0.023799998685717576
v -0.018352240324020382 -0.06976662576198576 -0.023799998685717576
v -0.018059598281979557 -0.07020459324121474 -0.023799998685717576
v -0.032150410115718835 -0.07020459324121474 -0.023799998685717576
v -0.018059598281979557 -0.0682954043149948 -0.023799998685717576
v -0.018352240324020382 -0.06873337179422377 -0.023799998685717576
v -0.018352240324020382 -0.05776662379503249 -0.023799998685717576
v -0.017621625214815136 -0.06800276041030882 -0.023799998685717576
v -0.017621625214815136 -0.058497235178947435 -0.023799998685717576
v -0.03185776621103286 -0.06873337179422377 -0.023799998685717576
v -0.017105001956224438 -0.05859999358654021 -0.023799998685717576
v -0.01658838056027889 -0.056002758443355546 -0.023799998685717576
v -0.018059596419334408 -0.05820459872484206 -0.023799998685717576
v -0.017105001956224438 -0.05590000003576277 -0.023799998685717576
v -0.017621625214815136 -0.056002758443355546 -0.023799998685717576
v -0.018059596419334408 -0.05629540234804152 -0.023799998685717576
v -0.032150410115718835 -0.05629540234804152 -0.023799998685717576
v -0.04135500267148017 -0.08025000244379042 -0.023799998685717576
v 0.035088431090116494 0.02278979308903217 -0.023800000548362725
v 0.024026025086641305 -0.009373147040605543 -0.023800000548362725
v 0.03456935659050941 0.02244295738637447 -0.023800000548362725
v 0.035435266792774194 0.023308871313929554 -0.023800000548362725
v 0.029633937403559678 -0.030662510544061654 -0.023800000548362725
v 0.03334476798772811 0.02244295738637447 -0.023800000548362725
v 0.03395706042647361 0.022321164608001706 -0.023800000548362725
v 0.02719846367835998 0.020810591056942936 -0.023800000548362725
v 0.029633937403559678 -0.03188709542155265 -0.023799998685717576
v 0.029755728319287293 -0.031274799257516854 -0.023800000548362725
v 0.03247885406017303 0.023308871313929554 -0.023800000548362725
v 0.03282568976283073 0.02278979308903217 -0.023800000548362725
v 0.032357059419155114 0.0239211656153202 -0.023800000548362725
v 0.04086849838495254 0.03224431723356246 -0.023800002411007874
v 0.03555706143379211 0.0239211656153202 -0.023800000548362725
v 0.035435266792774194 0.024533458054065697 -0.023800002411007874
v 0.035895887762308114 0.032766960561275475 -0.023800002411007874
v 0.035088431090116494 0.025052536278963082 -0.023800002411007874
v 0.03456935659050941 0.02539937198162078 -0.023800002411007874
v 0.03247885406017303 0.024533458054065697 -0.023800002411007874
v 0.026945197954773896 0.03370771557092666 -0.023800002411007874
v 0.03334476798772811 0.02539937198162078 -0.023800002411007874
v 0.03282568976283073 0.025052536278963082 -0.023800002411007874
v 0.03395706042647361 0.025521162897348397 -0.023800002411007874
v 0.029287101700901978 -0.03014342859387397 -0.023800000548362725
v 0.028768023476004594 -0.032753009349107735 -0.023799998685717576
v 0.029287101700901978 -0.03240616992115974 -0.023799998685717576
v 0.026677520945668214 -0.03188709542155265 -0.023799998685717576
v 0.02702436037361621 -0.03240616992115974 -0.023799998685717576
v 0.026555730029940598 -0.031274799257516854 -0.023800000548362725
v 0.026677520945668214 -0.030662510544061654 -0.023800000548362725
v -0.01750499941408634 0.023950001224875443 -0.023800000548362725
v 0.028155731037259095 -0.029674801975488656 -0.023800000548362725
v 0.027543434873223298 -0.02979659661650657 -0.023800000548362725
v 0.015010931529104706 0.03496205806732177 -0.023800002411007874
v 0.028768023476004594 -0.02979659661650657 -0.023800000548362725
v 0.02702436037361621 -0.03014342859387397 -0.023800000548362725
v 0.005955993663519619 0.03591376915574073 -0.023800002411007874
v 0.012081732042133805 0.022399423643946644 -0.023800000548362725
v -0.003800992388278245 0.03674999997019767 -0.023800002411007874
v -0.0031238836236298076 0.03686810657382011 -0.023800002411007874
v -0.019104998558759686 0.03674999997019767 -0.023800002411007874
v -0.03175500407814979 -0.06924999505281447 -0.023799998685717576
v -0.03185776621103286 -0.06976662576198576 -0.023799998685717576
v -0.018455004319548603 -0.06924999505281447 -0.023799998685717576
v -0.03185776621103286 -0.05776662379503249 -0.023799998685717576
v -0.033105004578828805 -0.07059999555349349 -0.023799998685717576
v -0.032588381320238106 -0.07049723714590071 -0.023799998685717576
v -0.032588381320238106 -0.058497235178947435 -0.023799998685717576
v -0.032150410115718835 -0.0682954043149948 -0.023799998685717576
v -0.032588381320238106 -0.06800276041030882 -0.023799998685717576
v -0.033105004578828805 -0.06790000200271605 -0.023799998685717576
v -0.0336216278374195 -0.06800276041030882 -0.023799998685717576
v -0.033105004578828805 -0.05859999358654021 -0.023799998685717576
v -0.03175500407814979 -0.05725000053644179 -0.023799998685717576
v -0.018455002456903454 -0.05725000053644179 -0.023799998685717576
v -0.018352240324020382 -0.05673337727785109 -0.023799998685717576
v -0.03185776621103286 -0.05673337727785109 -0.023799998685717576
v -0.032150410115718835 -0.05820459872484206 -0.023799998685717576
v -0.032588381320238106 -0.056002758443355546 -0.023799998685717576
v -0.03270500153303146 -0.03674999624490737 -0.023799998685717576
v -0.033105004578828805 -0.05590000003576277 -0.023799998685717576
v -0.03270500153303146 -0.02157499827444553 -0.023800000548362725
v -0.03575500100851058 -0.02775000035762786 -0.023800000548362725
v -0.034059599041938775 -0.07020459324121474 -0.023799998685717576
v -0.0336216278374195 -0.07049723714590071 -0.023799998685717576
v -0.034059599041938775 -0.0682954043149948 -0.023799998685717576
v -0.033621624112129204 -0.058497235178947435 -0.023799998685717576
v -0.034059599041938775 -0.05820459872484206 -0.023799998685717576
v -0.03435223922133445 -0.06976662576198576 -0.023799998685717576
v -0.03445500507950782 -0.06924999505281447 -0.023799998685717576
v -0.03435223922133445 -0.06873337179422377 -0.023799998685717576
v -0.03435223922133445 -0.05776662379503249 -0.023799998685717576
v -0.034059599041938775 -0.05629540234804152 -0.023799998685717576
v -0.03435223922133445 -0.05673337727785109 -0.023799998685717576
v -0.033621624112129204 -0.056002758443355546 -0.023799998685717576
v -0.03848637267947196 -0.028881371021270745 -0.023800000548362725
v -0.03674270957708358 -0.029228210449218743 -0.023800000548362725
v -0.03735500201582908 -0.02934999763965606 -0.023800000548362725
v -0.03796729445457458 -0.029228210449218743 -0.023800000548362725
v -0.036223631352186196 -0.028881371021270745 -0.023800000548362725
v -0.03883320838212966 -0.02836229652166366 -0.023800000548362725
v -0.03445500135421752 -0.05725000053644179 -0.023799998685717576
v -0.0358767919242382 -0.02836229652166366 -0.023800000548362725
v -0.0358767919242382 -0.027137704193592065 -0.023800000548362725
v -0.035754997283220284 0.02775000222027301 -0.023800002411007874
v -0.03270499780774116 0.023950001224875443 -0.023800000548362725
v -0.0358767919242382 0.027137707918882363 -0.023800002411007874
v -0.036223631352186196 -0.02661862969398498 -0.023800000548362725
v -0.03674270585179328 -0.02627179026603698 -0.023800000548362725
v -0.03110499866306781 0.0337500013411045 -0.023800002411007874
v -0.02836638502776622 0.034566700458526604 -0.023800002411007874
v -0.03735499829053878 0.026150001212954514 -0.023800002411007874
v -0.03674270585179328 0.026271795853972428 -0.023800002411007874
v -0.0362236276268959 0.026618631556630128 -0.023800002411007874
v -0.03796729445457458 -0.02627179026603698 -0.023800000548362725
v -0.03735500201582908 -0.026150003075599663 -0.023800000548362725
v -0.02967610023915767 0.033958524465560906 -0.023800002411007874
v -0.02728509716689586 0.03552380204200744 -0.023800002411007874
v -0.02652242220938205 0.03674999997019767 -0.023800002411007874
v -0.0362236276268959 0.028881372883915894 -0.023800002411007874
v -0.03674270585179328 0.029228208586573594 -0.023800002411007874
v -0.03635499998927116 0.0337500013411045 -0.023800002411007874
v -0.0358767919242382 0.02836229465901851 -0.023800002411007874
v -0.03733044862747192 0.033653929829597466 -0.023800002411007874
v -0.03735499829053878 0.02935000136494636 -0.023800002411007874
v -0.03270500153303146 -0.006400001235306261 -0.023800000548362725
v -0.038486368954181664 0.026618631556630128 -0.023800002411007874
v -0.03796729072928428 0.026271795853972428 -0.023800002411007874
v -0.03848637267947196 -0.02661862969398498 -0.023800000548362725
v -0.03883320838212966 -0.027137704193592065 -0.023800000548362725
v -0.038955003023147576 -0.02775000035762786 -0.023800000548362725
v -0.04135499894618987 0.028750002384185784 -0.023800002411007874
v -0.03883320838212966 0.027137707918882363 -0.023800002411007874
v -0.03895499929785728 0.02775000222027301 -0.023800002411007874
v -0.03989053145051002 0.032285533845424645 -0.023800002411007874
v -0.03796729072928428 0.029228208586573594 -0.023800002411007874
v -0.038486368954181664 0.028881372883915894 -0.023800002411007874
v -0.03826841339468955 0.03336939960718154 -0.023800002411007874
v -0.03913284838199615 0.03290734812617301 -0.023800002411007874
v -0.03883320838212966 0.02836229465901851 -0.023800002411007874
v -0.040512345731258385 0.031527850776910775 -0.023800002411007874
v -0.04125892370939254 0.029725454747676842 -0.023800002411007874
v -0.040974397212266915 0.03066341951489448 -0.023800002411007874
v -0.01575500331819057 -0.06924999505281447 -0.018799997866153714
v -0.015857767313718792 -0.06976662576198576 -0.018799997866153714
v -0.010855004191398619 -0.08025000244379042 -0.018799997866153714
v -0.016150409355759617 -0.07020459324121474 -0.018799997866153714
v -0.01658838056027889 -0.07049723714590071 -0.018799997866153714
v -0.017105003818869587 -0.07059999555349349 -0.018799997866153714
v -0.01085500232875347 -0.04625000059604644 -0.018799997866153714
v -0.016150407493114468 -0.05820459872484206 -0.018799997866153714
v -0.01658838056027889 -0.06800276041030882 -0.018799997866153714
v -0.016150409355759617 -0.0682954043149948 -0.018799997866153714
v -0.015857765451073643 -0.05776662379503249 -0.018799997866153714
v -0.015857767313718792 -0.06873337179422377 -0.018799997866153714
v -0.01575500331819057 -0.05725000053644179 -0.018799997866153714
v -0.017621625214815136 -0.07049723714590071 -0.018799997866153714
v -0.032150410115718835 -0.07020459324121474 -0.018799997866153714
v -0.018059598281979557 -0.07020459324121474 -0.018799997866153714
v -0.018352240324020382 -0.06976662576198576 -0.018799997866153714
v -0.017105001956224438 -0.05859999358654021 -0.018799997866153714
v -0.017621625214815136 -0.06800276041030882 -0.018799997866153714
v -0.017105003818869587 -0.06790000200271605 -0.018799997866153714
v -0.03185776621103286 -0.06873337179422377 -0.018799997866153714
v -0.018352240324020382 -0.06873337179422377 -0.018799997866153714
v -0.018352240324020382 -0.05776662379503249 -0.018799997866153714
v -0.018059598281979557 -0.0682954043149948 -0.018799997866153714
v -0.017621625214815136 -0.058497235178947435 -0.018799997866153714
v -0.018455004319548603 -0.06924999505281447 -0.018799997866153714
v -0.03185776621103286 -0.06976662576198576 -0.018799997866153714
v -0.039355002343654626 -0.08025000244379042 -0.018799997866153714
v -0.01658838056027889 -0.058497235178947435 -0.018799997866153714
v -0.016150407493114468 -0.05629540234804152 -0.018799997866153714
v -0.015857765451073643 -0.05673337727785109 -0.018799997866153714
v -0.01658838056027889 -0.056002758443355546 -0.018799997866153714
v -0.017105001956224438 -0.05590000003576277 -0.018799997866153714
v -0.018059596419334408 -0.05820459872484206 -0.018799997866153714
v -0.017621625214815136 -0.056002758443355546 -0.018799997866153714
v -0.03175500407814979 -0.05725000053644179 -0.018799997866153714
v -0.018455002456903454 -0.05725000053644179 -0.018799997866153714
v -0.018352240324020382 -0.05673337727785109 -0.018799997866153714
v -0.032150410115718835 -0.05629540234804152 -0.018799997866153714
v -0.018059596419334408 -0.05629540234804152 -0.018799997866153714
v -0.039355002343654626 -0.04625000059604644 -0.018799997866153714
v -0.032588381320238106 -0.056002758443355546 -0.018799997866153714
v -0.03175500407814979 -0.06924999505281447 -0.018799997866153714
v -0.032588381320238106 -0.07049723714590071 -0.018799997866153714
v -0.033105004578828805 -0.07059999555349349 -0.018799997866153714
v -0.03185776621103286 -0.05776662379503249 -0.018799997866153714
v -0.032588381320238106 -0.058497235178947435 -0.018799997866153714
v -0.032588381320238106 -0.06800276041030882 -0.018799997866153714
v -0.032150410115718835 -0.0682954043149948 -0.018799997866153714
v -0.032150410115718835 -0.05820459872484206 -0.018799997866153714
v -0.0336216278374195 -0.07049723714590071 -0.018799997866153714
v -0.034059599041938775 -0.07020459324121474 -0.018799997866153714
v -0.03445500507950782 -0.06924999505281447 -0.018799997866153714
v -0.03435223922133445 -0.06976662576198576 -0.018799997866153714
v -0.033105004578828805 -0.05859999358654021 -0.018799997866153714
v -0.0336216278374195 -0.06800276041030882 -0.018799997866153714
v -0.033105004578828805 -0.06790000200271605 -0.018799997866153714
v -0.03435223922133445 -0.06873337179422377 -0.018799997866153714
v -0.03445500135421752 -0.05725000053644179 -0.018799997866153714
v -0.03435223922133445 -0.05776662379503249 -0.018799997866153714
v -0.034059599041938775 -0.0682954043149948 -0.018799997866153714
v -0.033621624112129204 -0.058497235178947435 -0.018799997866153714
v -0.03185776621103286 -0.05673337727785109 -0.018799997866153714
v -0.034059599041938775 -0.05820459872484206 -0.018799997866153714
v -0.033621624112129204 -0.056002758443355546 -0.018799997866153714
v -0.033105004578828805 -0.05590000003576277 -0.018799997866153714
v -0.03435223922133445 -0.05673337727785109 -0.018799997866153714
v -0.034059599041938775 -0.05629540234804152 -0.018799997866153714
v 0.0006502245669253169 -0.08025000244379042 0.026758212596178048
v 0.0006502245669253169 -0.08025000244379042 0.027562987059354775
v 0.00014499695680569855 -0.08025000244379042 0.027700003236532204
v 0.00014499695680569855 -0.08025000244379042 0.02659999951720237
v 0.0010170054156333206 -0.08025000244379042 0.027189489454030984
v -0.0038550037425011388 -0.08025000244379042 0.02659999951720237
v -0.010855004191398619 -0.08025000244379042 -0.018799997866153714
v -0.010855004191398619 -0.08025000244379042 0.027700003236532204
v -0.039355002343654626 -0.08025000244379042 -0.018799997866153714
v -0.039355002343654626 -0.08025000244379042 -0.004549998324364423
v -0.04435500502586364 -0.08025000244379042 -0.004549998324364423
v -0.0038550037425011388 -0.08025000244379042 -0.02079999819397926
v -0.004733682144433259 -0.08025000244379042 -0.022921318188309666
v -0.00408336566761136 -0.08025000244379042 -0.021948048844933506
v -0.006855004001408814 -0.08025000244379042 -0.023799998685717576
v -0.005706953350454568 -0.08025000244379042 -0.02357163652777671
v -0.04135500267148017 -0.08025000244379042 -0.023799998685717576
v -0.044126644730567925 -0.08025000244379042 -0.021948048844933506
v -0.04347632452845573 -0.08025000244379042 -0.022921318188309666
v -0.04435500502586364 -0.08025000244379042 -0.02079999819397926
v -0.04250305518507957 -0.08025000244379042 -0.02357163652777671
v -0.015857765451073643 -0.05673337727785109 -0.018799997866153714
v -0.015857765451073643 -0.05673337727785109 -0.023799998685717576
v -0.01575500331819057 -0.05725000053644179 -0.023799998685717576
v -0.01658838056027889 -0.056002758443355546 -0.018799997866153714
v -0.01658838056027889 -0.056002758443355546 -0.023799998685717576
v -0.016150407493114468 -0.05629540234804152 -0.023799998685717576
v -0.016150407493114468 -0.05629540234804152 -0.018799997866153714
v -0.017105001956224438 -0.05590000003576277 -0.018799997866153714
v -0.017105001956224438 -0.05590000003576277 -0.023799998685717576
v -0.018059596419334408 -0.05629540234804152 -0.018799997866153714
v -0.018059596419334408 -0.05629540234804152 -0.023799998685717576
v -0.017621625214815136 -0.056002758443355546 -0.023799998685717576
v -0.018352240324020382 -0.05673337727785109 -0.023799998685717576
v -0.018352240324020382 -0.05673337727785109 -0.018799997866153714
v -0.017621625214815136 -0.056002758443355546 -0.018799997866153714
v -0.03185776621103286 -0.06873337179422377 -0.018799997866153714
v -0.03185776621103286 -0.06873337179422377 -0.023799998685717576
v -0.03175500407814979 -0.06924999505281447 -0.023799998685717576
v -0.032588381320238106 -0.06800276041030882 -0.018799997866153714
v -0.032588381320238106 -0.06800276041030882 -0.023799998685717576
v -0.032150410115718835 -0.0682954043149948 -0.023799998685717576
v -0.032150410115718835 -0.0682954043149948 -0.018799997866153714
v -0.033105004578828805 -0.06790000200271605 -0.018799997866153714
v -0.033105004578828805 -0.06790000200271605 -0.023799998685717576
v -0.034059599041938775 -0.0682954043149948 -0.018799997866153714
v -0.034059599041938775 -0.0682954043149948 -0.023799998685717576
v -0.0336216278374195 -0.06800276041030882 -0.023799998685717576
v -0.03435223922133445 -0.06873337179422377 -0.023799998685717576
v -0.03435223922133445 -0.06873337179422377 -0.018799997866153714
v -0.0336216278374195 -0.06800276041030882 -0.018799997866153714
v -0.015857767313718792 -0.06873337179422377 -0.018799997866153714
v -0.015857767313718792 -0.06873337179422377 -0.023799998685717576
v -0.01575500331819057 -0.06924999505281447 -0.023799998685717576
v -0.01658838056027889 -0.06800276041030882 -0.018799997866153714
v -0.01658838056027889 -0.06800276041030882 -0.023799998685717576
v -0.016150409355759617 -0.0682954043149948 -0.023799998685717576
v -0.016150409355759617 -0.0682954043149948 -0.018799997866153714
v -0.017105003818869587 -0.06790000200271605 -0.018799997866153714
v -0.017105003818869587 -0.06790000200271605 -0.023799998685717576
v -0.018059598281979557 -0.0682954043149948 -0.018799997866153714
v -0.018059598281979557 -0.0682954043149948 -0.023799998685717576
v -0.017621625214815136 -0.06800276041030882 -0.023799998685717576
v -0.018352240324020382 -0.06873337179422377 -0.023799998685717576
v -0.018352240324020382 -0.06873337179422377 -0.018799997866153714
v -0.017621625214815136 -0.06800276041030882 -0.018799997866153714
v -0.03185776621103286 -0.05673337727785109 -0.018799997866153714
v -0.03185776621103286 -0.05673337727785109 -0.023799998685717576
v -0.03175500407814979 -0.05725000053644179 -0.023799998685717576
v -0.032588381320238106 -0.056002758443355546 -0.018799997866153714
v -0.032588381320238106 -0.056002758443355546 -0.023799998685717576
v -0.032150410115718835 -0.05629540234804152 -0.023799998685717576
v -0.032150410115718835 -0.05629540234804152 -0.018799997866153714
v -0.033105004578828805 -0.05590000003576277 -0.018799997866153714
v -0.033105004578828805 -0.05590000003576277 -0.023799998685717576
v -0.034059599041938775 -0.05629540234804152 -0.018799997866153714
v -0.034059599041938775 -0.05629540234804152 -0.023799998685717576
v -0.033621624112129204 -0.056002758443355546 -0.023799998685717576
v -0.03435223922133445 -0.05673337727785109 -0.023799998685717576
v -0.03435223922133445 -0.05673337727785109 -0.018799997866153714
v -0.033621624112129204 -0.056002758443355546 -0.018799997866153714
v -0.039355002343654626 -0.08025000244379042 0.008450001478195189
v -0.039355002343654626 -0.07049723714590071 0.012966622598469254
v -0.039355002343654626 -0.08025000244379042 0.027700003236532204
v -0.039355002343654626 -0.07020459324121474 0.013404595665633675
v -0.039355002343654626 -0.06976662576198576 0.013697239570319649
v -0.039355002343654626 -0.06924999505281447 0.013800001703202721
v -0.039355002343654626 -0.06873337179422377 0.013697239570319649
v -0.039355002343654626 -0.07059999555349349 0.012450001202523705
v -0.039355002343654626 -0.07175000011920928 0.008450000546872614
v -0.039355002343654626 -0.07049723714590071 0.011933377943933007
v -0.039355002343654626 -0.06976662576198576 0.011202764697372912
v -0.039355002343654626 -0.07020459324121474 0.011495406739413737
v -0.039355002343654626 -0.06924999505281447 0.01110000256448984
v -0.039355002343654626 -0.05820459872484206 0.013404595665633675
v -0.039355002343654626 -0.0682954043149948 0.013404595665633675
v -0.039355002343654626 -0.058497235178947435 0.012966622598469254
v -0.039355002343654626 -0.06800276041030882 0.012966622598469254
v -0.039355002343654626 -0.05859999358654021 0.012450001202523705
v -0.039355002343654626 -0.05776662379503249 0.013697239570319649
v -0.039355002343654626 -0.06790000200271605 0.012450001202523705
v -0.039355002343654626 -0.05820459872484206 0.011495406739413737
v -0.039355002343654626 -0.06800276041030882 0.011933377943933007
v -0.039355002343654626 -0.0682954043149948 0.011495406739413737
v -0.039355002343654626 -0.06873337179422377 0.011202764697372912
v -0.039355002343654626 -0.05776662379503249 0.011202764697372912
v -0.039355002343654626 -0.058497235178947435 0.011933377943933007
v -0.039355002343654626 -0.04824999719858168 0.027700001373887055
v -0.039355002343654626 -0.07175000011920928 -0.004549998324364423
v -0.039355002343654626 -0.07020459324121474 -0.010595403611660002
v -0.039355002343654626 -0.06976662576198576 -0.010302760638296602
v -0.039355002343654626 -0.06924999505281447 -0.01019999850541353
v -0.039355002343654626 -0.07049723714590071 -0.011033375747501848
v -0.039355002343654626 -0.08025000244379042 -0.004549998324364423
v -0.039355002343654626 -0.08025000244379042 -0.018799997866153714
v -0.039355002343654626 -0.07059999555349349 -0.011549998074769972
v -0.039355002343654626 -0.07049723714590071 -0.012066620402038094
v -0.039355002343654626 -0.06976662576198576 -0.01279723551124334
v -0.039355002343654626 -0.07020459324121474 -0.01250459253787994
v -0.039355002343654626 -0.06924999505281447 -0.012899998575448986
v -0.039355002343654626 -0.06873337179422377 -0.010302760638296602
v -0.039355002343654626 -0.0682954043149948 -0.010595404542982577
v -0.039355002343654626 -0.05859999358654021 -0.011549999006092547
v -0.039355002343654626 -0.058497235178947435 -0.011033375747501848
v -0.039355002343654626 -0.06800276041030882 -0.011033375747501848
v -0.039355002343654626 -0.06790000200271605 -0.011549998074769972
v -0.039355002343654626 -0.05820459872484206 -0.010595404542982577
v -0.039355002343654626 -0.0682954043149948 -0.01250459253787994
v -0.039355002343654626 -0.06873337179422377 -0.01279723551124334
v -0.039355002343654626 -0.05820459872484206 -0.01250459253787994
v -0.039355002343654626 -0.04625000059604644 -0.018799997866153714
v -0.039355002343654626 -0.058497235178947435 -0.012066621333360669
v -0.039355002343654626 -0.06800276041030882 -0.012066621333360669
v -0.039355002343654626 -0.05725000053644179 0.013800001703202721
v -0.039355002343654626 -0.04625000059604644 0.02570000104606151
v -0.039355002343654626 -0.05673337727785109 0.013697239570319649
v -0.039355002343654626 -0.05629540234804152 0.013404595665633675
v -0.039355002343654626 -0.056002758443355546 0.012966622598469254
v -0.039355002343654626 -0.04625000059604644 0.003430000972002744
v -0.039355002343654626 -0.05673337727785109 0.011202764697372912
v -0.039355002343654626 -0.05725000053644179 0.01110000256448984
v -0.039355002343654626 -0.05776662379503249 -0.010302761569619177
v -0.039355002343654626 -0.05590000003576277 0.012450001202523705
v -0.039355002343654626 -0.056002758443355546 0.011933377943933007
v -0.039355002343654626 -0.05629540234804152 0.011495406739413737
v -0.039355002343654626 -0.04748463630676268 0.027547759935259812
v -0.039355002343654626 -0.046835780143737786 0.027114214375615113
v -0.039355002343654626 -0.04640224575996398 0.026465365663170808
v -0.039355002343654626 -0.04625000059604644 -0.004419999197125434
v -0.039355002343654626 -0.04501536488533019 0.0015822411514818664
v -0.039355002343654626 -0.0456642135977745 0.00201578764244914
v -0.039355002343654626 -0.0460977554321289 0.0026646344922482963
v -0.039355002343654626 -0.05725000053644179 -0.01019999850541353
v -0.039355002343654626 -0.03875000029802322 0.0014300004113465545
v -0.039355002343654626 -0.044249996542930596 0.0014300006441771982
v -0.039355002343654626 -0.03875000029802322 -0.004419999197125434
v -0.039355002343654626 -0.03798463195562362 0.0012777599040418861
v -0.039355002343654626 -0.03674999624490737 -0.0005699990433640777
v -0.039355002343654626 -0.05673337727785109 -0.010302761569619177
v -0.039355002343654626 -0.05629540234804152 -0.010595404542982577
v -0.039355002343654626 -0.05725000053644179 -0.012899998575448986
v -0.039355002343654626 -0.05776662379503249 -0.012797236442565914
v -0.039355002343654626 -0.05629540234804152 -0.01250459253787994
v -0.039355002343654626 -0.05673337727785109 -0.012797236442565914
v -0.039355002343654626 -0.056002758443355546 -0.011033375747501848
v -0.039355002343654626 -0.03798463195562362 -0.00457224017009139
v -0.039355002343654626 -0.036902241408824914 0.0001953683677129447
v -0.039355002343654626 -0.037335783243179314 0.0008442142861895261
v -0.039355002343654626 -0.037335783243179314 -0.005005785729736089
v -0.039355002343654626 -0.05590000003576277 -0.011549999006092547
v -0.039355002343654626 -0.056002758443355546 -0.012066621333360669
v -0.039355002343654626 -0.036902241408824914 -0.005654632579535245
v -0.039355002343654626 -0.03674999624490737 -0.006419999524950979
v -0.04435500502586364 -0.07049723714590071 0.012966622598469254
v -0.04435500502586364 -0.08025000244379042 0.008450001478195189
v -0.04435500502586364 -0.07020459324121474 0.013404595665633675
v -0.04435500502586364 -0.08025000244379042 0.025700002908706658
v -0.04435500502586364 -0.07059999555349349 0.012450001202523705
v -0.04435500502586364 -0.06976662576198576 0.013697239570319649
v -0.04435500502586364 -0.06924999505281447 0.013800001703202721
v -0.04435500502586364 -0.06873337179422377 0.013697239570319649
v -0.04435500130057334 -0.05776662379503249 0.013697239570319649
v -0.04435500502586364 -0.07175000011920928 0.008450000546872614
v -0.04435500502586364 -0.07020459324121474 0.011495406739413737
v -0.04435500502586364 -0.07049723714590071 0.011933377943933007
v -0.04435500502586364 -0.06976662576198576 0.011202764697372912
v -0.04435500502586364 -0.06924999505281447 0.01110000256448984
v -0.04435500502586364 -0.06873337179422377 0.011202764697372912
v -0.04435500130057334 -0.05629540234804152 0.013404595665633675
v -0.04435500130057334 -0.04824999719858168 0.01456500310450792
v -0.04435500130057334 -0.056002758443355546 0.012966622598469254
v -0.04435500502586364 -0.0682954043149948 0.013404595665633675
v -0.04435500130057334 -0.05820459872484206 0.013404595665633675
v -0.04435500502586364 -0.06800276041030882 0.012966622598469254
v -0.04435500130057334 -0.058497235178947435 0.012966622598469254
v -0.04435500130057334 -0.05859999358654021 0.012450001202523705
v -0.04435500502586364 -0.06790000200271605 0.012450001202523705
v -0.04435500502586364 -0.0682954043149948 0.011495406739413737
v -0.04435500502586364 -0.06800276041030882 0.011933377943933007
v -0.04435500130057334 -0.05820459872484206 0.011495406739413737
v -0.04435500130057334 -0.05776662379503249 0.011202764697372912
v -0.04435500130057334 -0.058497235178947435 0.011933377943933007
v -0.04435500130057334 -0.04824999719858168 0.02570000104606151
v -0.04435500502586364 -0.07175000011920928 -0.004549998324364423
v -0.04435500130057334 -0.047945514321327196 0.0018992681289091702
v -0.04435500502586364 -0.07049723714590071 -0.011033375747501848
v -0.04435500502586364 -0.08025000244379042 -0.004549998324364423
v -0.04435500502586364 -0.07020459324121474 -0.010595403611660002
v -0.04435500502586364 -0.06976662576198576 -0.010302760638296602
v -0.04435500502586364 -0.07059999555349349 -0.011549998074769972
v -0.04435500502586364 -0.06924999505281447 -0.01019999850541353
v -0.04435500502586364 -0.06873337179422377 -0.010302760638296602
v -0.04435500502586364 -0.07049723714590071 -0.012066620402038094
v -0.04435500502586364 -0.08025000244379042 -0.02079999819397926
v -0.04435500502586364 -0.07020459324121474 -0.01250459253787994
v -0.04435500502586364 -0.06976662576198576 -0.01279723551124334
v -0.04435500502586364 -0.06924999505281447 -0.012899998575448986
v -0.04435500130057334 -0.05725000053644179 -0.012899998575448986
v -0.04435500502586364 -0.0682954043149948 -0.010595404542982577
v -0.04435500130057334 -0.05820459872484206 -0.010595404542982577
v -0.04435500502586364 -0.06800276041030882 -0.011033375747501848
v -0.04435500130057334 -0.058497235178947435 -0.011033375747501848
v -0.04435500130057334 -0.05859999358654021 -0.011549999006092547
v -0.04435500130057334 -0.05776662379503249 -0.010302761569619177
v -0.04435500502586364 -0.06790000200271605 -0.011549998074769972
v -0.04435500502586364 -0.0682954043149948 -0.01250459253787994
v -0.04435500502586364 -0.06800276041030882 -0.012066621333360669
v -0.04435500130057334 -0.058497235178947435 -0.012066621333360669
v -0.04435500502586364 -0.06873337179422377 -0.01279723551124334
v -0.04435500130057334 -0.05820459872484206 -0.01250459253787994
v -0.04435500130057334 -0.05776662379503249 -0.012797236442565914
v -0.04435500130057334 -0.05725000053644179 0.013800001703202721
v -0.04435500130057334 -0.05673337727785109 0.013697239570319649
v -0.04435500130057334 -0.05590000003576277 0.012450001202523705
v -0.04435500130057334 -0.05725000053644179 0.01110000256448984
v -0.04435500130057334 -0.05673337727785109 0.011202764697372912
v -0.04435500130057334 -0.04824999719858168 0.003430000972002744
v -0.04435500130057334 -0.056002758443355546 0.011933377943933007
v -0.04435500130057334 -0.05629540234804152 0.011495406739413737
v -0.04435500130057334 -0.04578073322772979 -0.0002655168063938617
v -0.04435500130057334 -0.047078430652618394 0.0006015734397806226
v -0.04435500130057334 -0.044249996542930596 -0.000569998810533434
v -0.04435500130057334 -0.03674999624490737 -0.0005699990433640777
v -0.04435500130057334 -0.041149996221065514 -0.006419999059289692
v -0.04435500130057334 -0.04229804873466491 -0.006648360285907982
v -0.04435500130057334 -0.05725000053644179 -0.01019999850541353
v -0.04435500130057334 -0.04327132552862167 -0.007298678625375031
v -0.04435500130057334 -0.040001951158046715 -0.006648360285907982
v -0.04435500130057334 -0.03902867436408996 -0.007298678625375031
v -0.04435500130057334 -0.03674999624490737 -0.008799999020993708
v -0.04435500130057334 -0.04392163455486297 -0.008271948434412478
v -0.04435500130057334 -0.05673337727785109 -0.010302761569619177
v -0.04435500130057334 -0.05629540234804152 -0.010595404542982577
v -0.04435500130057334 -0.04415000230073928 -0.009419999085366724
v -0.04435500130057334 -0.056002758443355546 -0.011033375747501848
v -0.04435500130057334 -0.05590000003576277 -0.011549999006092547
v -0.04435500130057334 -0.04392163455486297 -0.01056804973632097
v -0.04435500130057334 -0.05673337727785109 -0.012797236442565914
v -0.04435500130057334 -0.041149996221065514 -0.012419999577105042
v -0.04435500130057334 -0.04327132552862167 -0.01154131907969713
v -0.04435500130057334 -0.056002758443355546 -0.012066621333360669
v -0.04435500130057334 -0.05629540234804152 -0.01250459253787994
v -0.04435500130057334 -0.04229804873466491 -0.012191637419164177
v -0.04435500130057334 -0.038378365337848656 -0.01056804973632097
v -0.04435500130057334 -0.038149997591972344 -0.009419999085366724
v -0.04435500130057334 -0.038378365337848656 -0.008271949365735052
v -0.04435500130057334 -0.03902867436408996 -0.01154131907969713
v -0.04435500130057334 -0.031750001013278954 -0.013799998909234997
v -0.04435500130057334 -0.040001951158046715 -0.012191637419164177
v -0.044354997575283044 0.028750002384185784 -0.013800001703202721
v -0.044354997575283044 0.028750002384185784 -0.02080000191926956
v -0.04435500502586364 -0.07175000011920928 -0.004549998324364423
v -0.04435500502586364 -0.08025000244379042 -0.004549998324364423
v -0.039355002343654626 -0.08025000244379042 -0.004549998324364423
v -0.039355002343654626 -0.07175000011920928 -0.004549998324364423
v -0.039355002343654626 -0.07175000011920928 -0.004549998324364423
v -0.039355002343654626 -0.07175000011920928 0.008450000546872614
v -0.04435500502586364 -0.07175000011920928 0.008450000546872614
v -0.04435500502586364 -0.07175000011920928 -0.004549998324364423
v -0.039355002343654626 -0.07175000011920928 0.008450000546872614
v -0.039355002343654626 -0.08025000244379042 0.008450001478195189
v -0.04435500502586364 -0.08025000244379042 0.008450001478195189
v -0.04435500502586364 -0.07175000011920928 0.008450000546872614
v -0.04435500502586364 -0.08025000244379042 0.025700002908706658
v -0.0437692180275917 -0.08025000244379042 0.027114216238260262
v -0.0442027635872364 -0.08025000244379042 0.026465367525815957
v -0.04435500502586364 -0.08025000244379042 0.008450001478195189
v -0.04312037304043769 -0.08025000244379042 0.02754776179790496
v -0.039355002343654626 -0.08025000244379042 0.008450001478195189
v -0.039355002343654626 -0.08025000244379042 0.027700003236532204
v -0.042355004698038094 -0.08025000244379042 0.027700003236532204
v -0.042355000972747796 -0.04824999719858168 0.027700001373887055
v -0.039355002343654626 -0.08025000244379042 0.027700003236532204
v -0.039355002343654626 -0.04824999719858168 0.027700001373887055
v -0.042355004698038094 -0.08025000244379042 0.027700003236532204
v -0.039355002343654626 -0.05820459872484206 0.011495406739413737
v -0.04435500130057334 -0.05820459872484206 0.011495406739413737
v -0.04435500130057334 -0.058497235178947435 0.011933377943933007
v -0.039355002343654626 -0.05725000053644179 0.01110000256448984
v -0.04435500130057334 -0.05776662379503249 0.011202764697372912
v -0.039355002343654626 -0.05776662379503249 0.011202764697372912
v -0.039355002343654626 -0.058497235178947435 0.011933377943933007
v -0.04435500130057334 -0.05725000053644179 0.01110000256448984
v -0.04435500130057334 -0.05629540234804152 0.011495406739413737
v -0.04435500130057334 -0.05673337727785109 0.011202764697372912
v -0.039355002343654626 -0.05629540234804152 0.011495406739413737
v -0.039355002343654626 -0.056002758443355546 0.011933377943933007
v -0.04435500130057334 -0.056002758443355546 0.011933377943933007
v -0.039355002343654626 -0.05673337727785109 0.011202764697372912
v -0.039355002343654626 -0.07020459324121474 -0.01250459253787994
v -0.04435500502586364 -0.07020459324121474 -0.01250459253787994
v -0.04435500502586364 -0.07049723714590071 -0.012066620402038094
v -0.039355002343654626 -0.06924999505281447 -0.012899998575448986
v -0.04435500502586364 -0.06976662576198576 -0.01279723551124334
v -0.039355002343654626 -0.06976662576198576 -0.01279723551124334
v -0.039355002343654626 -0.07049723714590071 -0.012066620402038094
v -0.04435500502586364 -0.06924999505281447 -0.012899998575448986
v -0.04435500502586364 -0.0682954043149948 -0.01250459253787994
v -0.04435500502586364 -0.06873337179422377 -0.01279723551124334
v -0.039355002343654626 -0.0682954043149948 -0.01250459253787994
v -0.039355002343654626 -0.06800276041030882 -0.012066621333360669
v -0.04435500502586364 -0.06800276041030882 -0.012066621333360669
v -0.039355002343654626 -0.06873337179422377 -0.01279723551124334
v -0.039355002343654626 -0.05820459872484206 -0.01250459253787994
v -0.04435500130057334 -0.05820459872484206 -0.01250459253787994
v -0.04435500130057334 -0.058497235178947435 -0.012066621333360669
v -0.039355002343654626 -0.05725000053644179 -0.012899998575448986
v -0.04435500130057334 -0.05776662379503249 -0.012797236442565914
v -0.039355002343654626 -0.05776662379503249 -0.012797236442565914
v -0.039355002343654626 -0.058497235178947435 -0.012066621333360669
v -0.04435500130057334 -0.05725000053644179 -0.012899998575448986
v -0.04435500130057334 -0.05629540234804152 -0.01250459253787994
v -0.04435500130057334 -0.05673337727785109 -0.012797236442565914
v -0.039355002343654626 -0.05629540234804152 -0.01250459253787994
v -0.039355002343654626 -0.056002758443355546 -0.012066621333360669
v -0.04435500130057334 -0.056002758443355546 -0.012066621333360669
v -0.039355002343654626 -0.05673337727785109 -0.012797236442565914
v -0.039355002343654626 -0.07020459324121474 0.011495406739413737
v -0.04435500502586364 -0.07020459324121474 0.011495406739413737
v -0.04435500502586364 -0.07049723714590071 0.011933377943933007
v -0.039355002343654626 -0.06924999505281447 0.01110000256448984
v -0.04435500502586364 -0.06976662576198576 0.011202764697372912
v -0.039355002343654626 -0.06976662576198576 0.011202764697372912
v -0.039355002343654626 -0.07049723714590071 0.011933377943933007
v -0.04435500502586364 -0.06924999505281447 0.01110000256448984
v -0.04435500502586364 -0.0682954043149948 0.011495406739413737
v -0.04435500502586364 -0.06873337179422377 0.011202764697372912
v -0.039355002343654626 -0.0682954043149948 0.011495406739413737
v -0.039355002343654626 -0.06800276041030882 0.011933377943933007
v -0.04435500502586364 -0.06800276041030882 0.011933377943933007
v -0.039355002343654626 -0.06873337179422377 0.011202764697372912
v -0.01085500232875347 -0.04824999719858168 0.027700001373887055
v -0.01085500232875347 -0.04625000059604644 0.02570000104606151
v -0.01085500232875347 -0.04625000059604644 0.010580002330243586
v -0.01085500232875347 -0.04325000196695327 0.010580001398921011
v -0.01085500232875347 -0.04625000059604644 -0.002419998403638601
v -0.01085500232875347 -0.04748463630676268 0.027547759935259812
v -0.01085500232875347 -0.046835780143737786 0.027114214375615113
v -0.01085500232875347 -0.04640224575996398 0.026465365663170808
v -0.010855003260076044 -0.06428344547748564 0.008563564158976076
v -0.010855003260076044 -0.06428344547748564 0.006650147028267382
v -0.010855003260076044 -0.06409314274787901 0.007606855593621729
v -0.010855003260076044 -0.06329328566789626 0.004259699955582618
v -0.010855003260076044 -0.06248223036527632 0.0037177689373493186
v -0.010855003260076044 -0.061940297484397874 0.0029067099094390865
v -0.010855003260076044 -0.06482537835836409 0.009374623186886309
v -0.010855003260076044 -0.06424999982118605 0.004450001753866672
v -0.010855003260076044 -0.06482537835836409 0.00583908800035715
v -0.010855003260076044 -0.06563643366098403 0.009916556067764757
v -0.010855003260076044 -0.061749994754791246 0.001950001460500061
v -0.010855003260076044 -0.06659314781427382 0.010106855072081087
v -0.010855003260076044 -0.07048223167657851 0.011717767454683779
v -0.010855003260076044 -0.06754985451698302 0.009916556067764757
v -0.010855003260076044 -0.06974999606609343 0.0099499998614192
v -0.010855003260076044 -0.06836091727018355 0.009374623186886309
v -0.010855003260076044 -0.0689028427004814 0.008563564158976076
v -0.010855003260076044 -0.0690680146217346 0.005131981801241635
v -0.010855003260076044 -0.06836091727018355 0.0058390884660184375
v -0.010855003260076044 -0.06850838661193846 0.004450068343430757
v -0.010855003260076044 -0.0689028427004814 0.006650147493928669
v -0.010855003260076044 -0.06994029879570006 0.010906710289418696
v -0.010855003260076044 -0.06601776927709578 0.0037177691701799622
v -0.010855003260076044 -0.06563643366098403 0.005297156982123851
v -0.010855003260076044 -0.06520670652389525 0.004259699955582618
v -0.010855003260076044 -0.06655969470739363 0.00290671014226973
v -0.010855003260076044 -0.06659314781427382 0.005106856115162372
v -0.010855003260076044 -0.06809253990650176 0.0036720775533467523
v -0.010855003260076044 -0.06754985451698302 0.005297157447785138
v -0.010855003260076044 -0.06783646345138548 0.0028279081452637907
v -0.010855003260076044 -0.07129328697919844 0.012259700335562226
v -0.010855003260076044 -0.06248223036527632 0.00018223476945422587
v -0.010855003260076044 -0.061940297484397874 0.000993292895145714
v -0.010855003260076044 -0.06428344547748564 -0.00275014410726726
v -0.010855003260076044 -0.06424999982118605 -0.0005499979597516357
v -0.010855003260076044 -0.06329328566789626 -0.00035969715099781746
v -0.010855003260076044 -0.06482537835836409 -0.001939086127094924
v -0.010855003260076044 -0.06520670652389525 -0.00035969709279015655
v -0.010855003260076044 -0.06563643366098403 -0.0013971540611237285
v -0.010855003260076044 -0.06601776927709578 0.0001822348858695477
v -0.010855003260076044 -0.06409314274787901 -0.003706852672621607
v -0.01085500232875347 -0.04325000196695327 -0.002419998403638601
v -0.010855003260076044 -0.06428344547748564 -0.004663561470806598
v -0.01085500232875347 -0.04625000059604644 -0.018799997866153714
v -0.010855003260076044 -0.06482537835836409 -0.005474620033055543
v -0.010855003260076044 -0.06563643366098403 -0.006016551516950129
v -0.010855003260076044 -0.06783646345138548 0.0010720950085669754
v -0.010855003260076044 -0.06674999743700026 0.001950001576915383
v -0.010855003260076044 -0.06655969470739363 0.000993293011561036
v -0.010855003260076044 -0.06774999946355818 0.001950001576915383
v -0.010855003260076044 -0.06659314781427382 -0.0012068522628396747
v -0.010855003260076044 -0.06809253990650176 0.0002279265754623338
v -0.010855003260076044 -0.06850838661193846 -0.0005500648985616862
v -0.010855003260076044 -0.06754985451698302 -0.0013971540611237285
v -0.010855003260076044 -0.07129328697919844 -0.008359696716070173
v -0.010855003260076044 -0.06836091727018355 -0.0019390860106796022
v -0.010855003260076044 -0.0689028427004814 -0.00275014410726726
v -0.010855003260076044 -0.0690680146217346 -0.0012319792294874785
v -0.010855003260076044 -0.06994029879570006 -0.007006706669926642
v -0.010855003260076044 -0.06836091727018355 -0.005474619567394256
v -0.010855003260076044 -0.06754985451698302 -0.006016551051288841
v -0.010855003260076044 -0.06659314781427382 -0.006206852849572895
v -0.010855003260076044 -0.07048223167657851 -0.0078177647665143
v -0.010855003260076044 -0.06994029879570006 0.008993293158710001
v -0.010855003260076044 -0.06909314543008803 0.007606856059283016
v -0.010855004191398619 -0.08025000244379042 0.027700003236532204
v -0.010855003260076044 -0.07225000113248824 0.012450001202523705
v -0.010855003260076044 -0.07048223167657851 0.008182234130799769
v -0.010855003260076044 -0.06974992901086806 0.005691615398973226
v -0.010855003260076044 -0.07052791863679884 0.006107460241764782
v -0.010855003260076044 -0.0713720917701721 0.006363534834235905
v -0.010855003260076044 -0.07225000113248824 0.007450000848621128
v -0.010855003260076044 -0.07129328697919844 0.007640303578227757
v -0.010855003260076044 -0.07225000113248824 0.006450000684708355
v -0.010855003260076044 -0.07312790304422377 0.006363534834235905
v -0.010855003260076044 -0.07320670783519743 0.012259700335562226
v -0.010855003260076044 -0.07401777058839797 0.011717768386006354
v -0.010855003260076044 -0.07397207617759703 0.006107460241764782
v -0.010855003260076044 -0.07401777058839797 0.008182235062122343
v -0.010855003260076044 -0.07320670783519743 0.007640303578227757
v -0.010855003260076044 -0.07474999874830245 0.009950000792741774
v -0.010855003260076044 -0.07455969601869582 0.01090671122074127
v -0.010855003260076044 -0.07455969601869582 0.008993294090032576
v -0.010855003260076044 -0.07599161565303801 0.004450068343430757
v -0.010855004191398619 -0.07640745490789412 0.003672077786177396
v -0.010855003260076044 -0.07475006580352782 0.005691615398973226
v -0.010855003260076044 -0.07543198019266127 0.005131981801241635
v -0.010855004191398619 -0.07666353136301039 0.0028279083780944343
v -0.010855004191398619 -0.0767499953508377 0.0019500019261613484
v -0.010855004191398619 -0.08025000244379042 -0.018799997866153714
v -0.010855003260076044 -0.06974992901086806 -0.0017916109645739193
v -0.010855003260076044 -0.07052791863679884 -0.002207455690950155
v -0.010855003260076044 -0.06909314543008803 -0.003706852672621607
v -0.010855003260076044 -0.0713720917701721 -0.002463532146066427
v -0.010855003260076044 -0.07129328697919844 -0.003740299027413129
v -0.010855003260076044 -0.07225000113248824 -0.0035499981604516498
v -0.010855003260076044 -0.07225000113248824 -0.002549997996538877
v -0.010855003260076044 -0.07312790304422377 -0.002463532146066427
v -0.010855003260076044 -0.07048223167657851 -0.00428223144263029
v -0.010855003260076044 -0.06974999606609343 -0.006049998104572294
v -0.010855003260076044 -0.06994029879570006 -0.005093289539217948
v -0.010855003260076044 -0.0689028427004814 -0.0046635610051453105
v -0.010855003260076044 -0.07401777058839797 -0.00428223144263029
v -0.010855003260076044 -0.07397207617759703 -0.002207455690950155
v -0.010855003260076044 -0.07320670783519743 -0.003740299027413129
v -0.010855003260076044 -0.07475006580352782 -0.0017916108481585975
v -0.010855004191398619 -0.07666353136301039 0.0010720953578129409
v -0.010855004191398619 -0.07640745490789412 0.00022792685194872314
v -0.010855003260076044 -0.07455969601869582 -0.005093289539217948
v -0.010855003260076044 -0.07599161565303801 -0.0005500646657310425
v -0.010855003260076044 -0.07543198019266127 -0.0012319791130721567
v -0.010855003260076044 -0.07474999874830245 -0.006049998104572294
v -0.010855003260076044 -0.07320670783519743 -0.008359696716070173
v -0.010855003260076044 -0.07225000113248824 -0.008549998514354227
v -0.010855003260076044 -0.07401777058839797 -0.0078177647665143
v -0.010855003260076044 -0.07455969601869582 -0.007006706669926642
v -0.0028550033457577224 -0.07424999773502348 0.027700003236532204
v 0.00014499695680569855 -0.08025000244379042 0.027700003236532204
v 0.00014499724784400311 -0.07424999773502348 0.027700003236532204
v -0.0040030539967119685 -0.07402163743972777 0.027700003236532204
v -0.004976325202733277 -0.07337132096290587 0.027700003236532204
v -0.010855004191398619 -0.08025000244379042 0.027700003236532204
v -0.005855003371834754 -0.07124999910593031 0.027700003236532204
v -0.005626641679555177 -0.07239804416894911 0.027700003236532204
v -0.01085500232875347 -0.04824999719858168 0.027700001373887055
v -0.0058550024405121795 -0.04824999719858168 0.027700001373887055
v -0.042355000972747796 -0.03875000029802322 0.0014300004113465545
v -0.042355000972747796 -0.044249996542930596 0.0014300006441771982
v -0.039355002343654626 -0.044249996542930596 0.0014300006441771982
v -0.039355002343654626 -0.03875000029802322 0.0014300004113465545
v -0.01085500232875347 -0.04625000059604644 0.010580002330243586
v -0.006855002604424952 -0.04625000059604644 0.02156990952789783
v -0.006855002604424952 -0.04325000196695327 0.02156990952789783
v -0.01085500232875347 -0.04325000196695327 0.010580001398921011
v -0.005454587284475564 -0.041249997913837426 0.019569911062717434
v -0.0038550018798559895 -0.041249997913837426 0.019569911062717434
v -0.0038550018798559895 -0.041249997913837426 -0.0024199986364692445
v -0.008855002932250498 -0.041249997913837426 0.010227346792817114
v -0.008855002932250498 -0.041249997913837426 -0.0024199986364692445
v 0.006598976440727709 -0.04761099442839621 -0.0045722397044301024
v 0.00583780463784933 -0.04753099009394644 -0.004419999197125434
v 0.01770565658807754 -0.04877835884690283 -0.004419999197125434
v 0.007244271226227282 -0.04767881706357001 -0.0050057852640748015
v 0.00782684702426195 -0.047740053385496126 -0.006419999059289692
v 0.007675440050661562 -0.047724138945341096 -0.005654632113873958
v 0.016916133463382717 -0.048695374280214296 -0.0056865173391997806
v 0.01677754148840904 -0.04868080839514731 -0.006419999059289692
v 0.01677754148840904 -0.04868080839514731 -0.016799999400973317
v 0.01731259003281593 -0.04873704537749289 -0.0050552492029964915
v 0.01862988248467445 -0.048875499516725526 -0.004424728453159331
v 0.017911665141582486 -0.048800010234117494 -0.0046141636557877055
v 0.00782684702426195 -0.047740053385496126 -0.016799999400973317
v -0.003855002112686633 -0.049778360873460756 -0.02079999819397926
v 0.028060857206583016 -0.049778360873460756 -0.02079999819397926
v 0.026319619268178933 -0.049778360873460756 -0.013799998909234997
v 0.028060857206583016 -0.049778360873460756 -0.013799998909234997
v 0.026319619268178933 -0.049778360873460756 -0.00541999889537692
v -0.003855002112686633 -0.04977835714817046 -0.00541999889537692
v 0.04494935274124145 0.04237071424722671 -0.014598958194255825
v 0.045161165297031396 0.04438600316643714 -0.01441731862723827
v 0.04489734768867492 0.041875950992107384 -0.014500002376735207
v 0.04516912251710891 0.044461708515882485 -0.014800001867115494
v 0.04506459087133407 0.0434671863913536 -0.013800001703202721
v 0.04513850808143615 0.04417042061686515 -0.014092895202338692
v 0.04510459303855895 0.043847773224115365 -0.013876122422516343
v 0.044993437826633446 0.04279015213251113 -0.014880763366818425
v 0.045022889971733086 0.04307041317224502 -0.015302513726055619
v 0.04516912251710891 0.044461708515882485 -0.015800002962350842
v 0.045145250856876366 0.044234596192836755 -0.01694805175065994
v 0.045022889971733086 0.04307041317224502 -0.01629749126732349
v 0.045033238828182214 0.043168827891349786 -0.015800002962350842
v 0.04489734768867492 0.041875950992107384 -0.017100002616643902
v 0.04507727175951003 0.043587841093540185 -0.017921322956681248
v 0.04494935274124145 0.04237071424722671 -0.01700104586780071
v 0.044993437826633446 0.04279015213251113 -0.01671924069523811
v 0.04450459778308868 0.03813917562365531 -0.018800001591444012
v 0.044975541532039635 0.042619902640581124 -0.018571641296148297
v 0.04484535008668899 0.04138118773698806 -0.014598958194255825
v 0.036017034202814095 -0.04261459037661552 -0.013799998909234997
v 0.04480126500129699 0.04096174612641334 -0.014880763366818425
v 0.04477180540561675 0.04068148508667945 -0.015302513726055619
v 0.04476146399974822 0.04058307409286498 -0.015800002962350842
v 0.04477180540561675 0.04068148508667945 -0.01629749126732349
v 0.04480126500129699 0.04096174612641334 -0.01671924069523811
v 0.036017034202814095 -0.04261459037661552 -0.02079999819397926
v 0.04484535008668899 0.04138118773698806 -0.01700104586780071
v 0.04485554248094558 0.04147814214229583 -0.018800001591444012
v 0.04428286105394363 0.03602947667241096 -0.019678682088851925
v 0.044384591281414025 0.03699741512537002 -0.019028363749384877
v 0.04416565597057342 0.03491429612040519 -0.02080000191926956
v 0.04450459778308868 0.03813917562365531 -0.018800001591444012
v 0.041521027684211724 0.03845275938510894 -0.018800001591444012
v 0.04187197238206863 0.04179172590374946 -0.018800001591444012
v 0.04485554248094558 0.04147814214229583 -0.018800001591444012
v 0.04217760264873504 0.04469959065318107 -0.01441731862723827
v 0.042185559868812554 0.044775292277336114 -0.014800001867115494
v 0.04200986772775649 0.04310373961925506 -0.014880763366818425
v 0.0421549379825592 0.04448400437831878 -0.014092895202338692
v 0.04208102822303771 0.04378077015280723 -0.013800001703202721
v 0.04203932732343673 0.043384000658988946 -0.015302513726055619
v 0.041965782642364495 0.04268429800868034 -0.014598958194255825
v 0.0421210303902626 0.04416135698556899 -0.013876122422516343
v 0.042185559868812554 0.044775292277336114 -0.015800002962350842
v 0.04209370911121368 0.04390142858028411 -0.017921322956681248
v 0.04200986772775649 0.04310373961925506 -0.01671924069523811
v 0.04216168820858001 0.04454818367958068 -0.01694805175065994
v 0.04203932732343673 0.043384000658988946 -0.01629749126732349
v 0.04204966872930526 0.04348241537809371 -0.015800002962350842
v 0.04199197888374328 0.04293349012732505 -0.018571641296148297
v 0.041965782642364495 0.04268429800868034 -0.01700104586780071
v 0.041913785040378564 0.04218953475356101 -0.014500002376735207
v 0.041861779987812035 0.04169477149844169 -0.014598958194255825
v 0.0417882427573204 0.04099507257342338 -0.015302513726055619
v 0.04139114171266555 0.03721692785620689 -0.013800001703202721
v 0.041817702353000634 0.041275333613157265 -0.014880763366818425
v 0.04177789390087127 0.04089665785431861 -0.015800002962350842
v 0.041521027684211724 0.03845275938510894 -0.018800001591444012
v 0.041913785040378564 0.04218953475356101 -0.017100002616643902
v 0.04187197238206863 0.04179172590374946 -0.018800001591444012
v 0.041861779987812035 0.04169477149844169 -0.01700104586780071
v 0.0417882427573204 0.04099507257342338 -0.01629749126732349
v 0.041817702353000634 0.041275333613157265 -0.01671924069523811
v 0.04139114171266555 0.03721692785620689 -0.019069463014602658
v 0.042185559868812554 0.044775292277336114 -0.014800001867115494
v 0.04516912251710891 0.044461708515882485 -0.014800001867115494
v 0.04516912251710891 0.044461708515882485 -0.015800002962350842
v 0.042185559868812554 0.044775292277336114 -0.015800002962350842
v -0.0006910804077051579 0.04920527338981627 -0.01441731862723827
v -0.0006831231876276432 0.049280975013971315 -0.014800001867115494
v -0.0008588097989559171 0.04760942235589026 -0.014880763366818425
v -0.0007137394859455525 0.04898968711495398 -0.014092895202338692
v -0.0007876511663198469 0.04828645288944243 -0.013800001703202721
v -0.0007476508035324512 0.048667039722204194 -0.013876122422516343
v -0.0009028949425555763 0.04718998074531554 -0.014598958194255825
v -0.0009548962698318062 0.04669521749019622 -0.014500002376735207
v -0.0008293539285659788 0.04788968339562415 -0.015302513726055619
v -0.0008293539285659788 0.04788968339562415 -0.01629749126732349
v -0.0006831231876276432 0.049280975013971315 -0.015800002962350842
v -0.000706992985215038 0.04905386641621588 -0.01694805175065994
v -0.0008190106600522993 0.047988098114728914 -0.015800002962350842
v -0.0007749702781438825 0.048407107591629014 -0.017921322956681248
v -0.0008588097989559171 0.04760942235589026 -0.01671924069523811
v -0.0008767060935497282 0.047439169138669954 -0.018571641296148297
v -0.0009028949425555763 0.04718998074531554 -0.01700104586780071
v -0.0010068995179608462 0.0462004542350769 -0.014598958194255825
v -0.0010509827407076953 0.045781016349792474 -0.014880763366818425
v -0.0018119481392204757 0.03854094073176383 -0.013800001703202721
v -0.0010907837422564624 0.04540234059095382 -0.015800002962350842
v -0.0010804404737427829 0.04550075531005859 -0.015302513726055619
v -0.0010804404737427829 0.04550075531005859 -0.01629749126732349
v -0.0013476482126861809 0.04295844212174415 -0.018800001591444012
v -0.0010509827407076953 0.045781016349792474 -0.01671924069523811
v -0.0009548962698318062 0.04669521749019622 -0.017100002616643902
v -0.0009967089863494036 0.04629740864038467 -0.018800001591444012
v -0.0010068995179608462 0.0462004542350769 -0.01700104586780071
v -0.0015693869208917017 0.040848743170499795 -0.019678682088851925
v -0.0018119481392204757 0.03854094073176383 -0.02199919335544109
v -0.0014676529681310053 0.041816681623458855 -0.019028363749384877
v 0.0018927807686850424 0.04508875310420989 -0.015800002962350842
v 0.0019031258998438712 0.04518716782331466 -0.015302513726055619
v 0.0015060246223583813 0.04140902310609817 -0.013800001703202721
v 0.0019325799075886603 0.045467428863048547 -0.014880763366818425
v 0.0016359181609004732 0.04264485463500022 -0.018800001591444012
v 0.0019766669720411296 0.04588687047362327 -0.014598958194255825
v 0.0020286682993173595 0.04638163372874259 -0.014500002376735207
v 0.002195913344621658 0.0479728691279888 -0.013800001703202721
v 0.0019031258998438712 0.04518716782331466 -0.01629749126732349
v 0.0015060246223583813 0.04140902310609817 -0.019069463014602658
v 0.0019325799075886603 0.045467428863048547 -0.01671924069523811
v 0.0019766669720411296 0.04588687047362327 -0.01700104586780071
v 0.0020286682993173595 0.04638163372874259 -0.017100002616643902
v 0.001986855641007423 0.04598382487893104 -0.018800001591444012
v 0.002106860280036926 0.047125585377216325 -0.018571641296148297
v 0.0020806696265935893 0.04687639698386191 -0.01700104586780071
v 0.0021247547119855876 0.04729583486914633 -0.014880763366818425
v 0.0020806696265935893 0.04687639698386191 -0.014598958194255825
v 0.0022698268294334407 0.048676099628210054 -0.014092895202338692
v 0.0022924859076738353 0.04889168590307234 -0.01441731862723827
v 0.0023004412651062007 0.048967391252517686 -0.014800001867115494
v 0.0022359136492013927 0.048353455960750566 -0.013876122422516343
v 0.002154210582375526 0.04757609590888022 -0.015302513726055619
v 0.0022085960954427715 0.048093523830175386 -0.017921322956681248
v 0.0021247547119855876 0.04729583486914633 -0.01671924069523811
v 0.002276571467518806 0.048740278929471956 -0.01694805175065994
v 0.002154210582375526 0.04757609590888022 -0.01629749126732349
v 0.0023004412651062007 0.048967391252517686 -0.015800002962350842
v 0.0021645538508892055 0.04767451062798499 -0.015800002962350842
v 0.0016359181609004732 0.04264485463500022 -0.018800001591444012
v -0.0013476482126861809 0.04295844212174415 -0.018800001591444012
v -0.0009967089863494036 0.04629740864038467 -0.018800001591444012
v 0.001986855641007423 0.04598382487893104 -0.018800001591444012
v -0.0006831231876276432 0.049280975013971315 -0.014800001867115494
v 0.0023004412651062007 0.048967391252517686 -0.014800001867115494
v 0.0023004412651062007 0.048967391252517686 -0.015800002962350842
v -0.0006831231876276432 0.049280975013971315 -0.015800002962350842
v -0.0010804404737427829 0.04550075531005859 -0.01629749126732349
v 0.0019031258998438712 0.04518716782331466 -0.01629749126732349
v -0.0010509827407076953 0.045781016349792474 -0.01671924069523811
v 0.0019766669720411296 0.04588687047362327 -0.01700104586780071
v -0.0010068995179608462 0.0462004542350769 -0.01700104586780071
v 0.0019325799075886603 0.045467428863048547 -0.01671924069523811
v 0.0020286682993173595 0.04638163372874259 -0.017100002616643902
v -0.0009548962698318062 0.04669521749019622 -0.017100002616643902
v -0.0008588097989559171 0.04760942235589026 -0.01671924069523811
v -0.0009028949425555763 0.04718998074531554 -0.01700104586780071
v 0.0020806696265935893 0.04687639698386191 -0.01700104586780071
v -0.0008293539285659788 0.04788968339562415 -0.01629749126732349
v 0.002154210582375526 0.04757609590888022 -0.01629749126732349
v 0.0021247547119855876 0.04729583486914633 -0.01671924069523811
v 0.0417882427573204 0.04099507257342338 -0.01629749126732349
v 0.04477180540561675 0.04068148508667945 -0.01629749126732349
v 0.041817702353000634 0.041275333613157265 -0.01671924069523811
v 0.041861779987812035 0.04169477149844169 -0.01700104586780071
v 0.04484535008668899 0.04138118773698806 -0.01700104586780071
v 0.04480126500129699 0.04096174612641334 -0.01671924069523811
v 0.04489734768867492 0.041875950992107384 -0.017100002616643902
v 0.041913785040378564 0.04218953475356101 -0.017100002616643902
v 0.04203932732343673 0.043384000658988946 -0.01629749126732349
v 0.04200986772775649 0.04310373961925506 -0.01671924069523811
v 0.045022889971733086 0.04307041317224502 -0.01629749126732349
v 0.044993437826633446 0.04279015213251113 -0.01671924069523811
v 0.041965782642364495 0.04268429800868034 -0.01700104586780071
v 0.04494935274124145 0.04237071424722671 -0.01700104586780071
v 0.04187197238206863 0.04179172590374946 -0.018800001591444012
v 0.04199197888374328 0.04293349012732505 -0.018571641296148297
v 0.044975541532039635 0.042619902640581124 -0.018571641296148297
v 0.04485554248094558 0.04147814214229583 -0.018800001591444012
v 0.04507727175951003 0.043587841093540185 -0.017921322956681248
v 0.04209370911121368 0.04390142858028411 -0.017921322956681248
v 0.04216168820858001 0.04454818367958068 -0.01694805175065994
v 0.045145250856876366 0.044234596192836755 -0.01694805175065994
v 0.042185559868812554 0.044775292277336114 -0.015800002962350842
v 0.04516912251710891 0.044461708515882485 -0.015800002962350842
v 0.0023004412651062007 0.048967391252517686 -0.015800002962350842
v 0.002276571467518806 0.048740278929471956 -0.01694805175065994
v -0.000706992985215038 0.04905386641621588 -0.01694805175065994
v -0.0006831231876276432 0.049280975013971315 -0.015800002962350842
v -0.0007749702781438825 0.048407107591629014 -0.017921322956681248
v 0.0022085960954427715 0.048093523830175386 -0.017921322956681248
v 0.002106860280036926 0.047125585377216325 -0.018571641296148297
v -0.0008767060935497282 0.047439169138669954 -0.018571641296148297
v 0.001986855641007423 0.04598382487893104 -0.018800001591444012
v -0.0009967089863494036 0.04629740864038467 -0.018800001591444012
v 0.02607962675392627 0.044605944305658334 -0.018571641296148297
v 0.018123453482985493 0.045442171394824975 -0.018571641296148297
v 0.026181360706686967 0.045573882758617394 -0.017921322956681248
v 0.025959623977541917 0.04346418380737304 -0.018800001591444012
v 0.01800345070660114 0.04430041089653968 -0.018800001591444012
v 0.01822518743574619 0.046410109847784035 -0.017921322956681248
v 0.018293166533112522 0.0470568686723709 -0.01694805175065994
v 0.018317034468054768 0.04728397727012633 -0.015800002962350842
v 0.0262493398040533 0.046220637857913964 -0.01694805175065994
v 0.026273211464285844 0.046447750180959695 -0.015800002962350842
v 0.04208102822303771 0.04378077015280723 -0.013800001703202721
v 0.04506459087133407 0.0434671863913536 -0.013800001703202721
v 0.0421210303902626 0.04416135698556899 -0.013876122422516343
v 0.04510459303855895 0.043847773224115365 -0.013876122422516343
v 0.04217760264873504 0.04469959065318107 -0.01441731862723827
v 0.04513850808143615 0.04417042061686515 -0.014092895202338692
v 0.0421549379825592 0.04448400437831878 -0.014092895202338692
v 0.045161165297031396 0.04438600316643714 -0.01441731862723827
v -0.0006831231876276432 0.049280975013971315 -0.014800001867115494
v -0.0006910804077051579 0.04920527338981627 -0.01441731862723827
v 0.0023004412651062007 0.048967391252517686 -0.014800001867115494
v 0.0022924859076738353 0.04889168590307234 -0.01441731862723827
v -0.0007137394859455525 0.04898968711495398 -0.014092895202338692
v 0.0022698268294334407 0.048676099628210054 -0.014092895202338692
v -0.0007476508035324512 0.048667039722204194 -0.013876122422516343
v -0.0007876511663198469 0.04828645288944243 -0.013800001703202721
v 0.0022359136492013927 0.048353455960750566 -0.013876122422516343
v 0.002195913344621658 0.0479728691279888 -0.013800001703202721
v -0.02652242220938205 0.03674999997019767 -0.023800002411007874
v -0.02765602804720401 0.03696561232209205 -0.023584388196468346
v -0.028105843812227242 0.03723910078406333 -0.023310899734497067
v -0.028428692370653146 0.03759186714887618 -0.022958135232329365
v -0.021104997023940083 0.03875000029802322 -0.02180000208318233
v -0.029104998335242264 0.03920208662748336 -0.021347915753722187
v -0.021104997023940083 0.04087132215499877 -0.019678682088851925
v -0.029104998335242264 0.04087132215499877 -0.019678682088851925
v -0.02096457593142986 0.03801381215453147 -0.022536192089319226
v -0.02051921188831329 0.03733578696846961 -0.023214215412735936
v -0.01984118856489658 0.03689042478799819 -0.0236595794558525
v -0.019104998558759686 0.03674999997019767 -0.023800002411007874
v -0.002639007288962602 0.03712217882275581 -0.023496635258197777
v -0.0022272416390478607 0.0375157743692398 -0.023062156513333317
v 0.005955993663519619 0.03591376915574073 -0.023800002411007874
v -0.0031238836236298076 0.03686810657382011 -0.023800002411007874
v -0.0015693869208917017 0.040848743170499795 -0.019678682088851925
v 0.0022880448959767814 0.04044330865144729 -0.019678682088851925
v -0.0018119481392204757 0.03854094073176383 -0.02199919335544109
v 0.005955993663519619 0.03591376915574073 -0.023800002411007874
v 0.0022880448959767814 0.04044330865144729 -0.019678682088851925
v 0.005955993663519619 0.03591377288103103 -0.013800001703202721
v 0.0015060246223583813 0.04140902310609817 -0.013800001703202721
v 0.0015060246223583813 0.04140902310609817 -0.019069463014602658
v 0.026227718219161027 0.03392432257533073 -0.0236595794558525
v 0.015010931529104706 0.03496205806732177 -0.023800002411007874
v 0.01575776375830173 0.03502475842833518 -0.0236595794558525
v 0.016478629782795903 0.03539681062102317 -0.023214215412735936
v 0.025165209546685212 0.035905815660953515 -0.02180000208318233
v 0.016992425546050068 0.036024566739797585 -0.022536192089319226
v 0.017209032550454136 0.036742046475410454 -0.02180000208318233
v 0.025386946275830262 0.03801551833748817 -0.019678682088851925
v 0.017430769279599186 0.03885174542665481 -0.019678682088851925
v 0.025227906182408326 0.035158984363079064 -0.022536192089319226
v 0.025599958375096314 0.03443811833858489 -0.023214215412735936
v 0.026945197954773896 0.03370771557092666 -0.023800002411007874
v 0.04086849838495254 0.03224431723356246 -0.023800002411007874
v 0.04307004064321517 0.032896444201469414 -0.022921321913599964
v 0.04198875278234481 0.03233836963772773 -0.02358936704695224
v 0.04042542725801467 0.036434907466173165 -0.019678682088851925
v 0.035895887762308114 0.032766960561275475 -0.023800002411007874
v 0.04384074360132217 0.033838078379631036 -0.021904285997152325
v 0.04416565597057342 0.03491429612040519 -0.02080000191926956
v 0.04428286105394363 0.03602947667241096 -0.019678682088851925
v 0.035895887762308114 0.032766960561275475 -0.013800001703202721
v 0.04139114171266555 0.03721692785620689 -0.013800001703202721
v 0.04042542725801467 0.036434907466173165 -0.019678682088851925
v 0.035895887762308114 0.032766960561275475 -0.023800002411007874
v 0.04139114171266555 0.03721692785620689 -0.019069463014602658
v -0.006855002604424952 -0.04325000196695327 0.02156990952789783
v -0.006855002604424952 -0.04625000059604644 0.02156990952789783
v -0.003855002112686633 -0.04625000059604644 0.02156990952789783
v -0.0038550018798559895 -0.04325000196695327 0.02156990952789783
v -0.003855003509670495 -0.07666353136301039 0.0010720953578129409
v -0.010855004191398619 -0.07666353136301039 0.0010720953578129409
v -0.003855003509670495 -0.07599161565303801 -0.0005500646657310425
v -0.010855003260076044 -0.07599161565303801 -0.0005500646657310425
v -0.010855004191398619 -0.07640745490789412 0.00022792685194872314
v -0.003855003509670495 -0.07640745490789412 0.00022792685194872314
v -0.0038550032768398515 -0.07312790304422377 -0.002463532146066427
v -0.010855003260076044 -0.07312790304422377 -0.002463532146066427
v -0.010855003260076044 -0.07397207617759703 -0.002207455690950155
v -0.0038550032768398515 -0.07225000113248824 -0.002549997996538877
v -0.010855003260076044 -0.07225000113248824 -0.002549997996538877
v -0.010855003260076044 -0.07475006580352782 -0.0017916108481585975
v -0.003855003509670495 -0.07397207617759703 -0.002207455690950155
v -0.010855003260076044 -0.07543198019266127 -0.0012319791130721567
v -0.003855003509670495 -0.07475006580352782 -0.0017916108481585975
v -0.003855003509670495 -0.07543198019266127 -0.0012319791130721567
v -0.010855003260076044 -0.07052791863679884 -0.002207455690950155
v -0.0038550032768398515 -0.06974992901086806 -0.0017916109645739193
v -0.010855003260076044 -0.06974992901086806 -0.0017916109645739193
v -0.010855003260076044 -0.0713720917701721 -0.002463532146066427
v -0.0038550032768398515 -0.07052791863679884 -0.002207455690950155
v -0.003855003044009208 -0.0690680146217346 -0.0012319792294874785
v -0.010855003260076044 -0.0690680146217346 -0.0012319792294874785
v -0.010855003260076044 -0.06850838661193846 -0.0005500648985616862
v -0.003855003044009208 -0.06850838661193846 -0.0005500648985616862
v -0.010855003260076044 -0.06783646345138548 0.0010720950085669754
v -0.010855003260076044 -0.06809253990650176 0.0002279265754623338
v -0.003855003044009208 -0.06783646345138548 0.0010720950085669754
v -0.003855003044009208 -0.06809253990650176 0.0002279265754623338
v -0.0038550032768398515 -0.0713720917701721 -0.002463532146066427
v -0.0028550031129270788 -0.07225000113248824 0.021981202065944668
v 0.0001449973497074097 -0.07225000113248824 0.021981202065944668
v 0.00014499695680569855 -0.08025000244379042 0.02659999951720237
v -0.0032230990473181 -0.07217978686094283 0.021940663456916806
v -0.0038550037425011388 -0.08025000244379042 0.02659999951720237
v -0.0035621116403490296 -0.07195710390806197 0.021812099963426586
v -0.0038550032768398515 -0.07124999910593031 0.021403849124908444
v -0.0037847927305847398 -0.07161809504032134 0.0216163694858551
v -0.0028550031129270788 -0.07225000113248824 0.021981202065944668
v -0.0028550031129270788 -0.07225000113248824 0.025700002908706658
v 0.0001449973497074097 -0.07225000113248824 0.025700002908706658
v 0.0001449973497074097 -0.07225000113248824 0.021981202065944668
v -0.006855003535747526 -0.06502781808376311 0.002727818908169865
v -0.006855003535747526 -0.06655969470739363 0.00290671014226973
v -0.006855003535747526 -0.06601776927709578 0.0037177691701799622
v -0.006855003535747526 -0.06526626646518706 0.0023709537927061315
v -0.006855003535747526 -0.06534999608993529 0.001950001576915383
v -0.006855003535747526 -0.06520670652389525 0.004259699955582618
v -0.006855003535747526 -0.06424999982118605 0.003050001570954918
v -0.006855003535747526 -0.06467095017433165 0.002966269152238964
v -0.006855003535747526 -0.06424999982118605 0.004450001753866672
v -0.006855003535747526 -0.06382904946804045 0.002966269152238964
v -0.006855003535747526 -0.06674999743700026 0.001950001576915383
v -0.006855003535747526 -0.06655969470739363 0.000993293011561036
v -0.006855003535747526 -0.06502781808376311 0.0011721842456609009
v -0.006855003535747526 -0.06601776927709578 0.0001822348858695477
v -0.006855003535747526 -0.06526626646518706 0.001529050292447209
v -0.006855003535747526 -0.06520670652389525 -0.00035969709279015655
v -0.006855003535747526 -0.06467095017433165 0.0009337339433841405
v -0.006855003535747526 -0.06424999982118605 -0.0005499979597516357
v -0.006855003535747526 -0.06329328566789626 0.004259699955582618
v -0.006855003535747526 -0.063472181558609 0.002727818908169865
v -0.006855003535747526 -0.061940297484397874 0.0029067099094390865
v -0.006855003535747526 -0.06323373317718504 0.0023709537927061315
v -0.006855003535747526 -0.06248223036527632 0.0037177689373493186
v -0.006855003070086239 -0.061749994754791246 0.001950001460500061
v -0.006855003535747526 -0.06315000355243681 0.001950001460500061
v -0.006855003535747526 -0.06323373317718504 0.001529050176031887
v -0.006855003535747526 -0.06382904946804045 0.0009337338851764796
v -0.006855003535747526 -0.06329328566789626 -0.00035969715099781746
v -0.006855003535747526 -0.06424999982118605 0.0008500015246681867
v -0.006855003535747526 -0.063472181558609 0.001172184129245579
v -0.006855003535747526 -0.061940297484397874 0.000993292895145714
v -0.006855003535747526 -0.06248223036527632 0.00018223476945422587
v -0.010855003260076044 -0.06248223036527632 0.00018223476945422587
v -0.006855003535747526 -0.06248223036527632 0.00018223476945422587
v -0.006855003535747526 -0.061940297484397874 0.000993292895145714
v -0.010855003260076044 -0.06424999982118605 -0.0005499979597516357
v -0.006855003535747526 -0.06329328566789626 -0.00035969715099781746
v -0.010855003260076044 -0.06329328566789626 -0.00035969715099781746
v -0.010855003260076044 -0.061940297484397874 0.000993292895145714
v -0.006855003535747526 -0.06424999982118605 -0.0005499979597516357
v -0.006855003535747526 -0.06601776927709578 0.0001822348858695477
v -0.006855003535747526 -0.06520670652389525 -0.00035969709279015655
v -0.010855003260076044 -0.06601776927709578 0.0001822348858695477
v -0.010855003260076044 -0.06655969470739363 0.000993293011561036
v -0.006855003535747526 -0.06655969470739363 0.000993293011561036
v -0.010855003260076044 -0.06520670652389525 -0.00035969709279015655
v -0.006855003535747526 -0.0689028427004814 -0.00275014410726726
v -0.006855003535747526 -0.06836091727018355 -0.0019390860106796022
v -0.006855003535747526 -0.06760941445827483 -0.0032859009224921456
v -0.006855003535747526 -0.06909314543008803 -0.003706852672621607
v -0.006855003535747526 -0.06769314408302306 -0.003706852672621607
v -0.006855003535747526 -0.06737096607685088 -0.0029290348757058378
v -0.006855003535747526 -0.06754985451698302 -0.0013971540611237285
v -0.006855003535747526 -0.06659314781427382 -0.0012068522628396747
v -0.006855003535747526 -0.06701409816741942 -0.0026905850972980257
v -0.006855003535747526 -0.06760941445827483 -0.0041278041899204245
v -0.006855003535747526 -0.0689028427004814 -0.0046635610051453105
v -0.006855003535747526 -0.06836091727018355 -0.005474619567394256
v -0.006855003535747526 -0.06737096607685088 -0.0044846697710454455
v -0.006855003535747526 -0.06701409816741942 -0.004723119549453258
v -0.006855003535747526 -0.06754985451698302 -0.006016551051288841
v -0.006855003535747526 -0.06659314781427382 -0.006206852849572895
v -0.006855003535747526 -0.06659314781427382 -0.004806852899491786
v -0.006855003535747526 -0.06659314781427382 -0.002606852678582072
v -0.006855003535747526 -0.06563643366098403 -0.0013971540611237285
v -0.006855003535747526 -0.06617219746112822 -0.0026905850972980257
v -0.006855003535747526 -0.06482537835836409 -0.001939086127094924
v -0.006855003535747526 -0.06581532955169676 -0.0029290348757058378
v -0.006855003535747526 -0.06428344547748564 -0.00275014410726726
v -0.006855003535747526 -0.06557688117027281 -0.0032859009224921456
v -0.006855003535747526 -0.06409314274787901 -0.003706852672621607
v -0.006855003535747526 -0.06549314409494399 -0.003706852672621607
v -0.006855003535747526 -0.06563643366098403 -0.006016551516950129
v -0.006855003535747526 -0.06617219746112822 -0.004723120015114545
v -0.006855003535747526 -0.06482537835836409 -0.005474620033055543
v -0.006855003535747526 -0.06581532955169676 -0.004484670236706733
v -0.006855003535747526 -0.06557688117027281 -0.004127804655581712
v -0.006855003535747526 -0.06428344547748564 -0.004663561470806598
v -0.010855003260076044 -0.06482537835836409 -0.005474620033055543
v -0.006855003535747526 -0.06482537835836409 -0.005474620033055543
v -0.006855003535747526 -0.06428344547748564 -0.004663561470806598
v -0.010855003260076044 -0.06659314781427382 -0.006206852849572895
v -0.006855003535747526 -0.06563643366098403 -0.006016551516950129
v -0.010855003260076044 -0.06563643366098403 -0.006016551516950129
v -0.010855003260076044 -0.06428344547748564 -0.004663561470806598
v -0.006855003535747526 -0.06659314781427382 -0.006206852849572895
v -0.006855003535747526 -0.06836091727018355 -0.005474619567394256
v -0.006855003535747526 -0.06754985451698302 -0.006016551051288841
v -0.010855003260076044 -0.06836091727018355 -0.005474619567394256
v -0.010855003260076044 -0.0689028427004814 -0.0046635610051453105
v -0.006855003535747526 -0.0689028427004814 -0.0046635610051453105
v -0.010855003260076044 -0.06754985451698302 -0.006016551051288841
v -0.006855004001408814 -0.07326626777648924 -0.005629046354442834
v -0.006855004001408814 -0.07455969601869582 -0.005093289539217948
v -0.006855004001408814 -0.0730278119444847 -0.005272180773317813
v -0.006855004001408814 -0.07474999874830245 -0.006049998104572294
v -0.006855004001408814 -0.07334999740123747 -0.006049998104572294
v -0.006855004001408814 -0.07401777058839797 -0.00428223144263029
v -0.006855004001408814 -0.07320670783519743 -0.003740299027413129
v -0.006855004001408814 -0.07225000113248824 -0.0035499981604516498
v -0.006855004001408814 -0.07267095148563384 -0.005033730529248714
v -0.006855004001408814 -0.07326626777648924 -0.006470949854701756
v -0.006855004001408814 -0.07455969601869582 -0.007006706669926642
v -0.006855004001408814 -0.07401777058839797 -0.0078177647665143
v -0.006855004001408814 -0.0730278119444847 -0.006827815435826777
v -0.006855004001408814 -0.07267095148563384 -0.007066265679895876
v -0.006855004001408814 -0.07320670783519743 -0.008359696716070173
v -0.006855004001408814 -0.07225000113248824 -0.008549998514354227
v -0.006855004001408814 -0.07225000113248824 -0.00714999809861183
v -0.006855004001408814 -0.07225000113248824 -0.00494999811053276
v -0.006855003535747526 -0.07129328697919844 -0.003740299027413129
v -0.006855004001408814 -0.07182904332876204 -0.005033730529248714
v -0.006855003535747526 -0.07048223167657851 -0.00428223144263029
v -0.006855004001408814 -0.07147218286991118 -0.005272180773317813
v -0.006855003535747526 -0.06994029879570006 -0.005093289539217948
v -0.006855003535747526 -0.07123373448848723 -0.005629046354442834
v -0.006855003535747526 -0.06974999606609343 -0.006049998104572294
v -0.006855003535747526 -0.0711499974131584 -0.006049998104572294
v -0.006855003535747526 -0.07129328697919844 -0.008359696716070173
v -0.006855004001408814 -0.07182904332876204 -0.007066265679895876
v -0.006855003535747526 -0.07048223167657851 -0.0078177647665143
v -0.006855004001408814 -0.07147218286991118 -0.006827815435826777
v -0.006855003535747526 -0.07123373448848723 -0.006470949854701756
v -0.006855003535747526 -0.06994029879570006 -0.007006706669926642
v -0.010855003260076044 -0.07048223167657851 -0.0078177647665143
v -0.006855003535747526 -0.07048223167657851 -0.0078177647665143
v -0.006855003535747526 -0.06994029879570006 -0.007006706669926642
v -0.010855003260076044 -0.07225000113248824 -0.008549998514354227
v -0.006855003535747526 -0.07129328697919844 -0.008359696716070173
v -0.010855003260076044 -0.07129328697919844 -0.008359696716070173
v -0.010855003260076044 -0.06994029879570006 -0.007006706669926642
v -0.006855004001408814 -0.07225000113248824 -0.008549998514354227
v -0.006855004001408814 -0.07401777058839797 -0.0078177647665143
v -0.006855004001408814 -0.07320670783519743 -0.008359696716070173
v -0.010855003260076044 -0.07401777058839797 -0.0078177647665143
v -0.010855003260076044 -0.07455969601869582 -0.007006706669926642
v -0.006855004001408814 -0.07455969601869582 -0.007006706669926642
v -0.010855003260076044 -0.07320670783519743 -0.008359696716070173
v -0.006855004001408814 -0.07326626777648924 0.010370952077209948
v -0.006855004001408814 -0.07455969601869582 0.01090671122074127
v -0.006855004001408814 -0.0730278119444847 0.010727819986641405
v -0.006855004001408814 -0.07474999874830245 0.009950000792741774
v -0.006855004001408814 -0.07334999740123747 0.0099499998614192
v -0.006855004001408814 -0.07401777058839797 0.011717768386006354
v -0.006855004001408814 -0.07320670783519743 0.012259700335562226
v -0.006855004001408814 -0.07225000113248824 0.011050001718103884
v -0.006855004001408814 -0.07267095148563384 0.010966268368065355
v -0.006855004001408814 -0.07225000113248824 0.012450001202523705
v -0.006855004001408814 -0.07326626777648924 0.0095290495082736
v -0.006855004001408814 -0.07455969601869582 0.008993294090032576
v -0.006855004001408814 -0.07401777058839797 0.008182235062122343
v -0.006855004001408814 -0.0730278119444847 0.009172183461487292
v -0.006855004001408814 -0.07267095148563384 0.008933735080063341
v -0.006855004001408814 -0.07320670783519743 0.007640303578227757
v -0.006855004001408814 -0.07225000113248824 0.008850001730024813
v -0.006855004001408814 -0.07225000113248824 0.007450000848621128
v -0.006855003535747526 -0.07129328697919844 0.012259700335562226
v -0.006855004001408814 -0.07182904332876204 0.010966268368065355
v -0.006855003535747526 -0.07147218286991118 0.010727819986641405
v -0.006855003535747526 -0.07048223167657851 0.011717767454683779
v -0.006855003535747526 -0.06994029879570006 0.010906710289418696
v -0.006855003535747526 -0.07123373448848723 0.010370952077209948
v -0.006855003535747526 -0.06974999606609343 0.0099499998614192
v -0.006855003535747526 -0.0711499974131584 0.0099499998614192
v -0.006855004001408814 -0.07182904332876204 0.008933735080063341
v -0.006855003535747526 -0.07147218286991118 0.009172183461487292
v -0.006855003535747526 -0.07129328697919844 0.007640303578227757
v -0.006855003535747526 -0.07048223167657851 0.008182234130799769
v -0.006855003535747526 -0.07123373448848723 0.0095290495082736
v -0.006855003535747526 -0.06994029879570006 0.008993293158710001
v -0.010855003260076044 -0.07048223167657851 0.008182234130799769
v -0.006855003535747526 -0.07048223167657851 0.008182234130799769
v -0.006855003535747526 -0.06994029879570006 0.008993293158710001
v -0.010855003260076044 -0.07225000113248824 0.007450000848621128
v -0.006855003535747526 -0.07129328697919844 0.007640303578227757
v -0.010855003260076044 -0.07129328697919844 0.007640303578227757
v -0.010855003260076044 -0.06994029879570006 0.008993293158710001
v -0.006855004001408814 -0.07225000113248824 0.007450000848621128
v -0.006855004001408814 -0.07401777058839797 0.008182235062122343
v -0.006855004001408814 -0.07320670783519743 0.007640303578227757
v -0.010855003260076044 -0.07401777058839797 0.008182235062122343
v -0.010855003260076044 -0.07455969601869582 0.008993294090032576
v -0.006855004001408814 -0.07455969601869582 0.008993294090032576
v -0.010855003260076044 -0.07320670783519743 0.007640303578227757
v -0.006855003535747526 -0.06760941445827483 0.008027807809412478
v -0.006855003535747526 -0.0689028427004814 0.008563564158976076
v -0.006855003535747526 -0.06737096607685088 0.008384673856198786
v -0.006855003535747526 -0.06909314543008803 0.007606856059283016
v -0.006855003535747526 -0.06769314408302306 0.007606856059283016
v -0.006855003535747526 -0.06836091727018355 0.009374623186886309
v -0.006855003535747526 -0.06754985451698302 0.009916556067764757
v -0.006855003535747526 -0.06659314781427382 0.008706855587661265
v -0.006855003535747526 -0.06701409816741942 0.008623124100267885
v -0.006855003535747526 -0.06659314781427382 0.010106855072081087
v -0.006855003535747526 -0.06760941445827483 0.007185903843492268
v -0.006855003535747526 -0.0689028427004814 0.006650147493928669
v -0.006855003535747526 -0.06737096607685088 0.006829039659351109
v -0.006855003535747526 -0.06836091727018355 0.0058390884660184375
v -0.006855003535747526 -0.06701409816741942 0.00659058755263686
v -0.006855003535747526 -0.06754985451698302 0.005297157447785138
v -0.006855003535747526 -0.06659314781427382 0.0065068555995821935
v -0.006855003535747526 -0.06659314781427382 0.005106856115162372
v -0.006855003535747526 -0.06563643366098403 0.009916556067764757
v -0.006855003535747526 -0.06617219746112822 0.008623124100267885
v -0.006855003535747526 -0.06581532955169676 0.008384673856198786
v -0.006855003535747526 -0.06482537835836409 0.009374623186886309
v -0.006855003535747526 -0.06428344547748564 0.008563564158976076
v -0.006855003535747526 -0.06557688117027281 0.008027807809412478
v -0.006855003535747526 -0.06409314274787901 0.007606855593621729
v -0.006855003535747526 -0.06549314409494399 0.007606855593621729
v -0.006855003535747526 -0.06617219746112822 0.006590587086975573
v -0.006855003535747526 -0.06581532955169676 0.006829039193689821
v -0.006855003535747526 -0.06563643366098403 0.005297156982123851
v -0.006855003535747526 -0.06482537835836409 0.00583908800035715
v -0.006855003535747526 -0.06557688117027281 0.0071859033778309805
v -0.006855003535747526 -0.06428344547748564 0.006650147028267382
v -0.010855003260076044 -0.06482537835836409 0.00583908800035715
v -0.006855003535747526 -0.06482537835836409 0.00583908800035715
v -0.006855003535747526 -0.06428344547748564 0.006650147028267382
v -0.010855003260076044 -0.06659314781427382 0.005106856115162372
v -0.006855003535747526 -0.06563643366098403 0.005297156982123851
v -0.010855003260076044 -0.06563643366098403 0.005297156982123851
v -0.010855003260076044 -0.06428344547748564 0.006650147028267382
v -0.006855003535747526 -0.06659314781427382 0.005106856115162372
v -0.006855003535747526 -0.06836091727018355 0.0058390884660184375
v -0.006855003535747526 -0.06754985451698302 0.005297157447785138
v -0.010855003260076044 -0.06836091727018355 0.0058390884660184375
v -0.010855003260076044 -0.0689028427004814 0.006650147493928669
v -0.006855003535747526 -0.0689028427004814 0.006650147493928669
v -0.010855003260076044 -0.06754985451698302 0.005297157447785138
v 0.0001449973497074097 -0.07225000113248824 0.025700002908706658
v 0.0005276796291582285 -0.07232611626386641 0.025700002908706658
v 0.0003269591543357819 -0.07226669043302535 0.02201011404395103
v 0.0001449973497074097 -0.07225000113248824 0.021981202065944668
v 0.0005130913923494517 -0.07232021540403365 0.02210281044244766
v 0.0008521039853803811 -0.07254289090633391 0.022488504648208615
v 0.0008521039853803811 -0.07254289090633391 0.025700002908706658
v 0.0010688767069950698 -0.07286731898784636 0.025700002908706658
v 0.001144995563663542 -0.07324999570846556 0.02371325343847274
v 0.001144995563663542 -0.07324999570846556 0.025700002908706658
v 0.0001449973497074097 -0.07225000113248824 0.021981202065944668
v 0.0003269591543357819 -0.07226669043302535 0.02201011404395103
v 0.00014499695680569855 -0.08025000244379042 0.02659999951720237
v 0.0006502245669253169 -0.08025000244379042 0.026758212596178048
v 0.0005130913923494517 -0.07232021540403365 0.02210281044244766
v 0.0008521039853803811 -0.07254289090633391 0.022488504648208615
v 0.001144995563663542 -0.07324999570846556 0.02371325343847274
v 0.0010170054156333206 -0.08025000244379042 0.027189489454030984
v 0.0011449953308328984 -0.07842319458723067 0.02670000493526458
v 0.00014499695680569855 -0.08025000244379042 0.027700003236532204
v 0.0006502245669253169 -0.08025000244379042 0.027562987059354775
v 0.0005276795709505676 -0.07424999773502348 0.027623880654573434
v 0.00014499724784400311 -0.07424999773502348 0.027700003236532204
v 0.0008521039271727202 -0.07424999773502348 0.027407106012105935
v 0.0010170054156333206 -0.08025000244379042 0.027189489454030984
v 0.0011449953308328984 -0.07842319458723067 0.02670000493526458
v 0.0010688767069950698 -0.07424999773502348 0.02708268538117408
v 0.001144995563663542 -0.07424999773502348 0.02670000493526458
v -0.0038550032768398515 -0.07124999910593031 0.025700002908706658
v -0.0037847927305847398 -0.07161809504032134 0.0216163694858551
v -0.0038550032768398515 -0.07124999910593031 0.021403849124908444
v -0.00377888255752623 -0.07163268327713011 0.025700002908706658
v -0.0035621116403490296 -0.07195710390806197 0.021812099963426586
v -0.0035621116403490296 -0.07195710390806197 0.025700002908706658
v -0.0028550031129270788 -0.07225000113248824 0.025700002908706658
v -0.0028550031129270788 -0.07225000113248824 0.021981202065944668
v -0.0032230990473181 -0.07217978686094283 0.021940663456916806
v -0.0032376854214817277 -0.07217387855052947 0.025700002908706658
v 0.028735687956213944 -0.03535779193043708 -0.013799998909234997
v 0.021376227959990498 -0.034584280103445046 -0.013799998909234997
v 0.020853580906987187 -0.03955688700079917 -0.008799999020993708
v 0.02821304462850093 -0.04033039882779121 -0.008799999020993708
v -0.017505001276731488 -0.031750001013278954 -0.013799998909234997
v -0.0058521577157080165 -0.03674999624490737 -0.008799999020993708
v -0.005590118467807769 -0.03175000473856925 -0.013799999840557572
v -0.017505001276731488 -0.03674999624490737 -0.008799999020993708
v 0.006259491667151449 -0.03299544379115104 -0.013799998909234997
v -0.005590118467807769 -0.03175000473856925 -0.013799999840557572
v -0.0058521577157080165 -0.03674999624490737 -0.008799999020993708
v 0.0057368497364222995 -0.03796805813908576 -0.008799999020993708
v -0.04435500130057334 -0.031750001013278954 -0.013799998909234997
v -0.04435500130057334 -0.03674999624490737 -0.008799999020993708
v -0.03270500153303146 -0.03674999624490737 -0.008799999020993708
v -0.03270500153303146 -0.031750001013278954 -0.013799998909234997
v -0.01085500232875347 -0.04748463630676268 0.027547759935259812
v -0.01085500232875347 -0.04824999719858168 0.027700001373887055
v -0.0058550024405121795 -0.04824999719858168 0.027700001373887055
v -0.0051188142970204345 -0.04751380532979964 0.027559580281376832
v -0.003995425067842006 -0.046390421688556664 0.026436189189553254
v -0.004440789110958575 -0.046835780143737786 0.027114214375615113
v -0.01085500232875347 -0.04640224575996398 0.026465365663170808
v -0.01085500232875347 -0.046835780143737786 0.027114214375615113
v -0.005089635029435157 -0.07124999910593031 0.02754776179790496
v -0.0051188142970204345 -0.04751380532979964 0.027559580281376832
v -0.0058550024405121795 -0.04824999719858168 0.027700001373887055
v -0.005855003371834754 -0.07124999910593031 0.027700003236532204
v -0.003995425067842006 -0.046390421688556664 0.026436189189553254
v -0.00444079004228115 -0.07124999910593031 0.027114216238260262
v -0.004440789110958575 -0.046835780143737786 0.027114214375615113
v -0.004007244482636451 -0.07124999910593031 0.026465367525815957
v -0.004007244482636451 -0.07124999910593031 0.026465367525815957
v -0.00444079004228115 -0.07124999910593031 0.027114216238260262
v -0.0039851032197475425 -0.0714747905731201 0.026465367525815957
v -0.0038550032768398515 -0.07124999910593031 0.025700002908706658
v -0.003079794580116867 -0.07238010317087172 0.026465367525815957
v -0.0032376854214817277 -0.07217387855052947 0.025700002908706658
v -0.003295947099104523 -0.0723145306110382 0.026465367525815957
v -0.0028550031129270788 -0.07240224629640578 0.026465367525815957
v -0.0028550031129270788 -0.07225000113248824 0.025700002908706658
v -0.0031643754336982957 -0.07280530780553816 0.027114216238260262
v -0.0034618566278368226 -0.07271507382392882 0.027114216238260262
v -0.003495153272524475 -0.07220805436372756 0.026465367525815957
v -0.0028550031129270788 -0.07283578068017958 0.027114216238260262
v -0.0028550031129270788 -0.07348462939262389 0.02754776179790496
v -0.005046699661761521 -0.07168595492839812 0.02754776179790496
v -0.005089635029435157 -0.07124999910593031 0.02754776179790496
v -0.005855003371834754 -0.07124999910593031 0.027700003236532204
v -0.003710162127390503 -0.07331452518701552 0.02754776179790496
v -0.0032909589353948823 -0.07344169169664382 0.02754776179790496
v -0.0028550033457577224 -0.07424999773502348 0.027700003236532204
v -0.0040030539967119685 -0.07402163743972777 0.027700003236532204
v -0.004096499178558587 -0.07310803234577178 0.02754776179790496
v -0.003736019367352127 -0.07256853580474852 0.027114216238260262
v -0.004410321358591317 -0.07155936956405638 0.027114216238260262
v -0.0035621116403490296 -0.07195710390806197 0.025700002908706658
v -0.0036697613541036836 -0.07206475734710692 0.026465367525815957
v -0.003976325038820504 -0.07237131893634795 0.027114216238260262
v -0.0038130565080791703 -0.07189015299081801 0.026465367525815957
v -0.00377888255752623 -0.07163268327713011 0.025700002908706658
v -0.003919534850865602 -0.07169093936681746 0.026465367525815957
v -0.004320079926401376 -0.07185685634613036 0.027114216238260262
v -0.00417353631928563 -0.07213100790977477 0.027114216238260262
v -0.004435128066688775 -0.07283012568950652 0.02754776179790496
v -0.004713034722954034 -0.07249148935079573 0.02754776179790496
v -0.004976325202733277 -0.07337132096290587 0.027700003236532204
v -0.005626641679555177 -0.07239804416894911 0.027700003236532204
v -0.004919535014778375 -0.07210515439510344 0.02754776179790496
v 0.00014499724784400311 -0.07424999773502348 0.027700003236532204
v 0.00014499727694783357 -0.07348462939262389 0.02754776179790496
v -0.0028550031129270788 -0.07348462939262389 0.02754776179790496
v -0.0028550033457577224 -0.07424999773502348 0.027700003236532204
v -0.0028550031129270788 -0.07240224629640578 0.026465367525815957
v 0.00014499732060357926 -0.07283578068017958 0.027114216238260262
v 0.00014499733515549448 -0.07240224629640578 0.026465367525815957
v -0.0028550031129270788 -0.07283578068017958 0.027114216238260262
v 0.0005276796291582285 -0.07232611626386641 0.025700002908706658
v 0.0001449973497074097 -0.07225000113248824 0.025700002908706658
v 0.0005276796291582285 -0.07247256487607955 0.026436239480972283
v 0.0008521039853803811 -0.07254289090633391 0.025700002908706658
v 0.00014499733515549448 -0.07240224629640578 0.026465367525815957
v 0.0005276796291582285 -0.07288961112499236 0.027060389518737786
v 0.00014499732060357926 -0.07283578068017958 0.027114216238260262
v 0.0008521039853803811 -0.07267283648252486 0.026353280991315835
v 0.0008521039853803811 -0.07304289191961287 0.026907108724117272
v 0.0010688767069950698 -0.07286731898784636 0.025700002908706658
v 0.001144995563663542 -0.07332611829042433 0.026082687079906457
v 0.001144995563663542 -0.07324999570846556 0.025700002908706658
v 0.0010688767069950698 -0.0729725658893585 0.026229131966829293
v 0.0010688767069950698 -0.07327228784561156 0.026677705347537987
v 0.001144995563663542 -0.07354289293289183 0.02640710771083831
v 0.0005276795709505676 -0.07351376116275786 0.027477435767650597
v 0.0008521039271727202 -0.07359671592712401 0.027277164161205285
v 0.00014499727694783357 -0.07348462939262389 0.02754776179790496
v 0.00014499724784400311 -0.07424999773502348 0.027700003236532204
v 0.0005276795709505676 -0.07424999773502348 0.027623880654573434
v 0.0010688767069950698 -0.07372087240219115 0.026977434754371636
v 0.0010688767069950698 -0.07424999773502348 0.02708268538117408
v 0.001144995563663542 -0.07386731356382369 0.02662388235330581
v 0.001144995563663542 -0.07424999773502348 0.02670000493526458
v 0.0008521039271727202 -0.07424999773502348 0.027407106012105935
v -0.042355000972747796 -0.04625000059604644 0.02570000104606151
v -0.042355000972747796 -0.04640224575996398 0.026465365663170808
v -0.039355002343654626 -0.04640224575996398 0.026465365663170808
v -0.039355002343654626 -0.04625000059604644 0.02570000104606151
v -0.042355000972747796 -0.046835780143737786 0.027114214375615113
v -0.039355002343654626 -0.046835780143737786 0.027114214375615113
v -0.042355000972747796 -0.04748463630676268 0.027547759935259812
v -0.042355000972747796 -0.04824999719858168 0.027700001373887055
v -0.039355002343654626 -0.04748463630676268 0.027547759935259812
v -0.039355002343654626 -0.04824999719858168 0.027700001373887055
v -0.04312037304043769 -0.08025000244379042 0.02754776179790496
v -0.042355004698038094 -0.08025000244379042 0.027700003236532204
v -0.042355000972747796 -0.04824999719858168 0.027700001373887055
v -0.04312036931514739 -0.04824999719858168 0.027547759935259812
v -0.0442027635872364 -0.08025000244379042 0.026465367525815957
v -0.0437692143023014 -0.04824999719858168 0.027114214375615113
v -0.0442027598619461 -0.04824999719858168 0.026465365663170808
v -0.0437692180275917 -0.08025000244379042 0.027114216238260262
v -0.04435500130057334 -0.04824999719858168 0.02570000104606151
v -0.0442027598619461 -0.04824999719858168 0.026465365663170808
v -0.04406211152672767 -0.04748463630676268 0.02640710584819316
v -0.0437692143023014 -0.04824999719858168 0.027114214375615113
v -0.043661564588546746 -0.04748463630676268 0.02700656093657016
v -0.043661564588546746 -0.046835780143737786 0.026241196319460862
v -0.0437692143023014 -0.046835780143737786 0.02570000104606151
v -0.0442027598619461 -0.04748463630676268 0.02570000104606151
v -0.04335500299930572 -0.046835780143737786 0.02670000307261943
v -0.04306210950016975 -0.04748463630676268 0.027407104149460786
v -0.04312036931514739 -0.04824999719858168 0.027547759935259812
v -0.042355000972747796 -0.04824999719858168 0.027700001373887055
v -0.042355000972747796 -0.04748463630676268 0.027547759935259812
v -0.042355000972747796 -0.046835780143737786 0.027114214375615113
v -0.04289619997143745 -0.046835780143737786 0.02700656093657016
v -0.04289619997143745 -0.04640224575996398 0.026241196319460862
v -0.04264789447188377 -0.04640224575996398 0.02640710584819316
v -0.042355000972747796 -0.04625000059604644 0.02570000104606151
v -0.04312036931514739 -0.04640224575996398 0.02570000104606151
v -0.04306210950016975 -0.04640224575996398 0.02599289454519748
v -0.042355000972747796 -0.04640224575996398 0.026465365663170808
v -0.042355000972747796 -0.04625000059604644 0.02570000104606151
v -0.042355000972747796 -0.04501536488533019 0.0015822411514818664
v -0.039355002343654626 -0.04501536488533019 0.0015822411514818664
v -0.042355000972747796 -0.044249996542930596 0.0014300006441771982
v -0.039355002343654626 -0.044249996542930596 0.0014300006441771982
v -0.042355000972747796 -0.0456642135977745 0.00201578764244914
v -0.039355002343654626 -0.0456642135977745 0.00201578764244914
v -0.042355000972747796 -0.04625000059604644 0.003430000972002744
v -0.039355002343654626 -0.04625000059604644 0.003430000972002744
v -0.039355002343654626 -0.0460977554321289 0.0026646344922482963
v -0.042355000972747796 -0.0460977554321289 0.0026646344922482963
v -0.042355000972747796 -0.04625000059604644 0.003430000972002744
v -0.04312036931514739 -0.04640224575996398 0.003430000972002744
v -0.042355000972747796 -0.04625000059604644 0.02570000104606151
v -0.0437692143023014 -0.046835780143737786 0.003430000972002744
v -0.0442027598619461 -0.04748463630676268 0.003430000972002744
v -0.04435500130057334 -0.04824999719858168 0.003430000972002744
v -0.04435500130057334 -0.04824999719858168 0.02570000104606151
v -0.039355002343654626 -0.03875000029802322 0.0014300004113465545
v -0.039355002343654626 -0.03798463195562362 0.0012777599040418861
v -0.04309119284152984 -0.038013808429241173 0.001289577456191182
v -0.039355002343654626 -0.037335783243179314 0.0008442142861895261
v -0.0437692143023014 -0.037335783243179314 0.0008442142861895261
v -0.039355002343654626 -0.036902241408824914 0.0001953683677129447
v -0.039355002343654626 -0.03674999624490737 -0.0005699990433640777
v -0.04421458020806312 -0.03689042478799819 0.00016619003145024178
v -0.04435500130057334 -0.03674999624490737 -0.0005699990433640777
v -0.04435500130057334 -0.044249996542930596 -0.000569998810533434
v -0.0442027598619461 -0.044881038367748254 0.00025752044166438276
v -0.0442027598619461 -0.044249996542930596 0.00019536861509550357
v -0.04435500130057334 -0.04578073322772979 -0.0002655168063938617
v -0.0437692143023014 -0.044754460453987115 0.0008938997052609918
v -0.0437692143023014 -0.044249996542930596 0.0008442145190201698
v -0.0442027598619461 -0.04548783600330352 0.0004415898583829402
v -0.0437692143023014 -0.04523953795433044 0.0010410458780825136
v -0.0442027598619461 -0.04604706168174743 0.0007405015639960764
v -0.0437692143023014 -0.045686580240726464 0.0012799981050193308
v -0.04435500130057334 -0.047078430652618394 0.0006015734397806226
v -0.0442027598619461 -0.04653722792863845 0.0011427705176174638
v -0.0437692143023014 -0.04607842862606048 0.0016015735454857345
v -0.04312036931514739 -0.04507362097501754 0.0014415900222957132
v -0.04312036931514739 -0.044669881463050835 0.00131911551579833
v -0.04312036931514739 -0.044249996542930596 0.0012777601368725298
v -0.042355000972747796 -0.044249996542930596 0.0014300006441771982
v -0.042355000972747796 -0.04501536488533019 0.0015822411514818664
v -0.04312036931514739 -0.04544572532176971 0.0016404776833951469
v -0.042355000972747796 -0.0456642135977745 0.00201578764244914
v -0.04312036931514739 -0.04577186703681945 0.0019081369973719116
v -0.04435500130057334 -0.047945514321327196 0.0018992681289091702
v -0.0442027598619461 -0.046939499676227556 0.0016329349018633361
v -0.0437692143023014 -0.04640000313520431 0.001993415411561727
v -0.0442027598619461 -0.04723840951919554 0.002192160580307245
v -0.0442027598619461 -0.047422476112842546 0.0027989554218947883
v -0.04435500130057334 -0.04824999719858168 0.003430000972002744
v -0.0437692143023014 -0.0467860996723175 0.0029255398549139495
v -0.0442027598619461 -0.04748463630676268 0.003430000972002744
v -0.0437692143023014 -0.04663895070552825 0.0024404632858932014
v -0.0437692143023014 -0.046835780143737786 0.003430000972002744
v -0.04312036931514739 -0.04623840749263763 0.0026063746772706504
v -0.04312036931514739 -0.04603952169418334 0.0022342805750668045
v -0.042355000972747796 -0.0460977554321289 0.0026646344922482963
v -0.04312036931514739 -0.04636088758707046 0.003010119777172803
v -0.04312036931514739 -0.04640224575996398 0.003430000972002744
v -0.042355000972747796 -0.04625000059604644 0.003430000972002744
v -0.04435500130057334 -0.044249996542930596 -0.000569998810533434
v -0.0442027598619461 -0.044249996542930596 0.00019536861509550357
v -0.04421458020806312 -0.03689042478799819 0.00016619003145024178
v -0.04435500130057334 -0.03674999624490737 -0.0005699990433640777
v -0.0437692143023014 -0.037335783243179314 0.0008442142861895261
v -0.0437692143023014 -0.044249996542930596 0.0008442145190201698
v -0.04312036931514739 -0.044249996542930596 0.0012777601368725298
v -0.04309119284152984 -0.038013808429241173 0.001289577456191182
v -0.042355000972747796 -0.03875000029802322 0.0014300004113465545
v -0.042355000972747796 -0.044249996542930596 0.0014300006441771982
v -0.0038550018798559895 -0.04140224307775497 0.020335277542471882
v -0.005970072466880081 -0.041390426456928246 0.02030609920620918
v -0.0038550018798559895 -0.04183578491210937 0.02098412252962589
v -0.005454587284475564 -0.041249997913837426 0.019569911062717434
v -0.0038550018798559895 -0.041249997913837426 0.019569911062717434
v -0.006444830913096665 -0.04183578491210937 0.02098412252962589
v -0.006756676826626061 -0.04251381009817123 0.02142948471009731
v -0.006855002604424952 -0.04325000196695327 0.02156990952789783
v -0.0038550018798559895 -0.04325000196695327 0.02156990952789783
v -0.0038550018798559895 -0.042484633624553673 0.02141766808927059
v -0.006855002604424952 -0.04325000196695327 0.02156990952789783
v -0.006756676826626061 -0.04251381009817123 0.02142948471009731
v -0.01085500232875347 -0.04325000196695327 0.010580001398921011
v -0.010714578442275522 -0.04251381009817123 0.010555239394307135
v -0.010269215330481528 -0.04183578491210937 0.010476710274815558
v -0.006444830913096665 -0.04183578491210937 0.02098412252962589
v -0.005970072466880081 -0.041390426456928246 0.02030609920620918
v -0.009591192007064818 -0.041390426456928246 0.010357156395912169
v -0.005454587284475564 -0.041249997913837426 0.019569911062717434
v -0.008855002932250498 -0.041249997913837426 0.010227346792817114
v -0.008855002932250498 -0.04001536220312118 -0.004267757758498191
v -0.003855001647025346 -0.04001536220312118 -0.004267757758498191
v -0.003855001647025346 -0.03925000131130218 -0.004419999197125434
v -0.008855002932250498 -0.03925000131130218 -0.004419999197125434
v -0.0038550018798559895 -0.040664210915565484 -0.003834212897345423
v -0.008855002932250498 -0.040664210915565484 -0.003834212897345423
v -0.008855002932250498 -0.041249997913837426 -0.0024199986364692445
v -0.0038550018798559895 -0.041249997913837426 -0.0024199986364692445
v -0.0038550018798559895 -0.041097752749919884 -0.0031853660475462666
v -0.008855002932250498 -0.041097752749919884 -0.0031853660475462666
v -0.01085500232875347 -0.04325000196695327 0.010580001398921011
v -0.010714578442275522 -0.04251381009817123 0.010555239394307135
v -0.01085500232875347 -0.04325000196695327 -0.002419998403638601
v -0.010702761821448801 -0.042484633624553673 -0.002419998403638601
v -0.010269215330481528 -0.04183578491210937 -0.0024199986364692445
v -0.010269215330481528 -0.04183578491210937 0.010476710274815558
v -0.009591192007064818 -0.041390426456928246 0.010357156395912169
v -0.009620368480682371 -0.04140224307775497 -0.0024199986364692445
v -0.008855002932250498 -0.041249997913837426 -0.0024199986364692445
v -0.008855002932250498 -0.041249997913837426 0.010227346792817114
v -0.012089636176824566 -0.04325000196695327 -0.004267757758498191
v -0.012027482502162453 -0.042618952691555016 -0.004267757758498191
v -0.012855002656579014 -0.04325000196695327 -0.004419999197125434
v -0.012550520710647103 -0.041719265282154076 -0.004419999197125434
v -0.011440789327025412 -0.04325000196695327 -0.003834212664514779
v -0.011391103267669676 -0.04274553805589675 -0.003834212664514779
v -0.011243957094848154 -0.04226046055555343 -0.003834212664514779
v -0.011843413114547726 -0.042012162506580346 -0.004267757758498191
v -0.011544501408934591 -0.04145292937755584 -0.004267757758498191
v -0.011005004867911337 -0.041813410818576806 -0.003834212897345423
v -0.011142233386635779 -0.040962770581245415 -0.004267757758498191
v -0.011683429591357706 -0.040421567857265465 -0.004419999197125434
v -0.010683429427444933 -0.04142156988382339 -0.003834212897345423
v -0.010843412950634955 -0.042426377534866326 -0.003185365814715623
v -0.011007242836058138 -0.04325000196695327 -0.003185365814715623
v -0.010965889319777487 -0.04283011704683303 -0.003185365814715623
v -0.01085500232875347 -0.04325000196695327 -0.002419998403638601
v -0.010702761821448801 -0.042484633624553673 -0.002419998403638601
v -0.01064452528953552 -0.04205427318811416 -0.0031853660475462666
v -0.010269215330481528 -0.04183578491210937 -0.0024199986364692445
v -0.010376865975558756 -0.041728131473064416 -0.0031853660475462666
v -0.010652068071067331 -0.040560498833656304 -0.004267757758498191
v -0.010291588492691515 -0.04109999537467956 -0.003834212897345423
v -0.010385736823081968 -0.03955447673797607 -0.004419999197125434
v -0.010050723329186438 -0.041460476815700524 -0.0031853660475462666
v -0.009844539687037466 -0.040861047804355614 -0.003834212897345423
v -0.010092843323945997 -0.04026158899068832 -0.004267757758498191
v -0.00948604755103588 -0.040077522397041314 -0.004267757758498191
v -0.008855002932250498 -0.03925000131130218 -0.004419999197125434
v -0.009359464980661867 -0.04071389883756637 -0.003834212897345423
v -0.008855002932250498 -0.04001536220312118 -0.004267757758498191
v -0.009678629226982592 -0.04126159101724624 -0.0031853660475462666
v -0.009620368480682371 -0.04140224307775497 -0.0024199986364692445
v -0.009274884127080439 -0.04113911092281341 -0.0031853660475462666
v -0.008855002932250498 -0.040664210915565484 -0.003834212897345423
v -0.008855002932250498 -0.041249997913837426 -0.0024199986364692445
v -0.008855002932250498 -0.041097752749919884 -0.0031853660475462666
v -0.011007242836058138 -0.04325000196695327 -0.003185365814715623
v -0.011007242836058138 -0.04625000059604644 -0.003185365814715623
v -0.01085500232875347 -0.04625000059604644 -0.002419998403638601
v -0.01085500232875347 -0.04325000196695327 -0.002419998403638601
v -0.012089636176824566 -0.04325000196695327 -0.004267757758498191
v -0.012855002656579014 -0.04325000196695327 -0.004419999197125434
v -0.012855002656579014 -0.04625000059604644 -0.004419999197125434
v -0.011440789327025412 -0.04325000196695327 -0.003834212664514779
v -0.012089636176824566 -0.04625000059604644 -0.004267757758498191
v -0.011440789327025412 -0.04625000059604644 -0.003834212664514779
v 0.01862988248467445 -0.048875499516725526 -0.004424728453159331
v 0.01877830922603607 -0.04877835884690283 -0.004419999197125434
v 0.019550552591681477 -0.041430946439504616 -0.004419999197125434
v 0.018895348533987995 -0.040621843189001076 -0.004560422617942094
v 0.01777056790888309 -0.03923285380005836 -0.006419999059289692
v 0.01677754148840904 -0.04868080839514731 -0.006419999059289692
v 0.017895540222525593 -0.03938718512654304 -0.005683809518814086
v 0.017911665141582486 -0.048800010234117494 -0.0046141636557877055
v 0.01829191111028194 -0.039876658469438546 -0.0050057852640748015
v 0.016916133463382717 -0.048695374280214296 -0.0056865173391997806
v 0.01731259003281593 -0.04873704537749289 -0.0050552492029964915
v 0.028083989396691315 -0.04155826941132545 -0.0045722397044301024
v 0.018895348533987995 -0.040621843189001076 -0.004560422617942094
v 0.019550552591681477 -0.041430946439504616 -0.004419999197125434
v 0.028003988787531846 -0.04231944307684898 -0.004419999197125434
v 0.017895540222525593 -0.03938718512654304 -0.005683809518814086
v 0.02815181575715541 -0.040912974625825875 -0.0050057852640748015
v 0.028197130188345902 -0.04048180952668189 -0.005654632113873958
v 0.01829191111028194 -0.039876658469438546 -0.0050057852640748015
v -0.029605001211166375 -0.03674999624490737 -0.006419999524950979
v -0.029745424166321748 -0.03689042478799819 -0.005683809984475373
v -0.029605001211166375 -0.04625000059604644 -0.006419999059289692
v -0.03160500153899192 -0.03875000029802322 -0.004419999197125434
v -0.03160500153899192 -0.04625000059604644 -0.004419999197125434
v -0.030839635059237473 -0.04625000059604644 -0.0045722397044301024
v -0.029757242649793618 -0.04625000059604644 -0.005654632113873958
v -0.030190788209438317 -0.037335783243179314 -0.005005785729736089
v -0.030868811532855027 -0.038013808429241173 -0.004560423083603381
v -0.030190788209438317 -0.04625000059604644 -0.0050057852640748015
v -0.039355002343654626 -0.03674999624490737 -0.006419999524950979
v -0.039355002343654626 -0.036902241408824914 -0.005654632579535245
v -0.029745424166321748 -0.03689042478799819 -0.005683809984475373
v -0.029605001211166375 -0.03674999624490737 -0.006419999524950979
v -0.030190788209438317 -0.037335783243179314 -0.005005785729736089
v -0.039355002343654626 -0.037335783243179314 -0.005005785729736089
v -0.039355002343654626 -0.03798463195562362 -0.00457224017009139
v -0.030868811532855027 -0.038013808429241173 -0.004560423083603381
v -0.03160500153899192 -0.03875000029802322 -0.004419999197125434
v -0.039355002343654626 -0.03875000029802322 -0.004419999197125434
v 0.006598976440727709 -0.04761099442839621 -0.0045722397044301024
v 0.007430875208228825 -0.039416883140802376 -0.004560422617942094
v 0.006621768232434986 -0.04007208719849586 -0.004419999197125434
v 0.00583780463784933 -0.04753099009394644 -0.004419999197125434
v 0.00782684702426195 -0.047740053385496126 -0.006419999059289692
v 0.008819867856800554 -0.03829209133982658 -0.006419999524950979
v 0.008665536530315874 -0.03841706737875938 -0.005683809984475373
v 0.007244271226227282 -0.04767881706357001 -0.0050057852640748015
v 0.007675440050661562 -0.047724138945341096 -0.005654632113873958
v 0.00817605573683977 -0.038813438266515725 -0.0050057852640748015
v -0.005918391514569519 -0.038013808429241173 -0.004560423083603381
v -0.005956974346190689 -0.03875000029802322 -0.004419999197125434
v 0.006621768232434986 -0.04007208719849586 -0.004419999197125434
v 0.007430875208228825 -0.039416883140802376 -0.004560422617942094
v 0.008665536530315874 -0.03841706737875938 -0.005683809984475373
v 0.00817605573683977 -0.038813438266515725 -0.0050057852640748015
v -0.005859517026692627 -0.03689042478799819 -0.005683809984475373
v -0.00588285783305764 -0.037335783243179314 -0.005005785729736089
v -0.02060500159859657 -0.04625000059604644 -0.006419999059289692
v -0.020452762022614476 -0.04625000059604644 -0.005654632113873958
v -0.020464578643441197 -0.03689042478799819 -0.005683809984475373
v -0.02060500159859657 -0.03674999624490737 -0.006419999524950979
v -0.020019214600324627 -0.037335783243179314 -0.005005785729736089
v -0.020019216462969776 -0.04625000059604644 -0.0050057852640748015
v -0.01937036961317062 -0.04625000059604644 -0.0045722397044301024
v -0.018605001270771023 -0.04625000059604644 -0.004419999197125434
v -0.018605001270771023 -0.03875000029802322 -0.004419999197125434
v -0.019341191276907917 -0.038013808429241173 -0.004560423083603381
v -0.02060500159859657 -0.03674999624490737 -0.006419999524950979
v -0.020464578643441197 -0.03689042478799819 -0.005683809984475373
v -0.0058521577157080165 -0.03674999624490737 -0.006419999524950979
v -0.005859517026692627 -0.03689042478799819 -0.005683809984475373
v -0.020019214600324627 -0.037335783243179314 -0.005005785729736089
v -0.00588285783305764 -0.037335783243179314 -0.005005785729736089
v -0.019341191276907917 -0.038013808429241173 -0.004560423083603381
v -0.018605001270771023 -0.03875000029802322 -0.004419999197125434
v -0.005918391514569519 -0.038013808429241173 -0.004560423083603381
v -0.005956974346190689 -0.03875000029802322 -0.004419999197125434
v 0.03573141619563102 -0.04405048117041587 -0.013799998909234997
v 0.03573141619563102 -0.04405048117041587 -0.02079999819397926
v 0.03518890589475631 -0.04541027918457984 -0.013799998909234997
v 0.03440768271684646 -0.04664844647049903 -0.013799998909234997
v 0.03440768271684646 -0.04664844647049903 -0.02079999819397926
v 0.03518890589475631 -0.04541027918457984 -0.02079999819397926
v 0.03341390192508697 -0.047723513096570955 -0.02079999819397926
v 0.03341390192508697 -0.047723513096570955 -0.013799998909234997
v 0.032240845263004296 -0.048599485307931886 -0.013799998909234997
v 0.030927799642086022 -0.04924700036644934 -0.013799998909234997
v 0.030927799642086022 -0.04924700036644934 -0.02079999819397926
v 0.02951874211430549 -0.049644399434328065 -0.013799998909234997
v 0.028060857206583016 -0.049778360873460756 -0.013799998909234997
v 0.028060857206583016 -0.049778360873460756 -0.02079999819397926
v 0.02951874211430549 -0.049644399434328065 -0.02079999819397926
v 0.032240845263004296 -0.048599485307931886 -0.02079999819397926
v -0.03635499998927116 0.03674999997019767 -0.02080000191926956
v -0.03791572153568267 0.03659628331661224 -0.02080000191926956
v -0.03791572153568267 0.03659628331661224 -0.013800001703202721
v -0.03941646590828895 0.036141037940979 -0.02080000191926956
v -0.0407995618879795 0.03540175780653953 -0.02080000191926956
v -0.0407995618879795 0.03540175780653953 -0.013800001703202721
v -0.03941646590828895 0.036141037940979 -0.013800001703202721
v -0.03635499998927116 0.03674999997019767 -0.013800001703202721
v -0.042011853307485574 0.0344068557024002 -0.02080000191926956
v -0.042011853307485574 0.0344068557024002 -0.013800001703202721
v -0.0430067554116249 0.03319456428289413 -0.02080000191926956
v -0.04374603554606437 0.031811468303203576 -0.02080000191926956
v -0.0430067554116249 0.03319456428289413 -0.013800001703202721
v -0.04420128092169761 0.0303107239305973 -0.02080000191926956
v -0.044354997575283044 0.028750002384185784 -0.02080000191926956
v -0.04420128092169761 0.0303107239305973 -0.013800001703202721
v -0.04374603554606437 0.031811468303203576 -0.013800001703202721
v -0.044354997575283044 0.028750002384185784 -0.013800001703202721
v 0.026319619268178933 -0.049778360873460756 -0.013799998909234997
v 0.026677984744310372 -0.04971193894743918 -0.013799998909234997
v 0.026319619268178933 -0.049778360873460756 -0.00541999889537692
v 0.026988752186298363 -0.04952150210738181 -0.004750868305563926
v 0.026988752186298363 -0.04952150210738181 -0.013799998909234997
v 0.027210623025894158 -0.04923234507441519 -0.013799998909234997
v 0.0272163338959217 -0.04922096803784369 -0.0045232842676341525
v -0.003855002112686633 -0.048778355121612535 -0.004419999197125434
v 0.01862988248467445 -0.048875499516725526 -0.004424728453159331
v 0.01770565658807754 -0.04877835884690283 -0.004419999197125434
v -0.003855002112686633 -0.049161039292812334 -0.004496119450777768
v 0.027325127273797982 -0.04877835884690283 -0.004419999197125434
v 0.01877830922603607 -0.04877835884690283 -0.004419999197125434
v 0.027314141392707818 -0.04888288304209708 -0.004425476770848035
v 0.0272163338959217 -0.04922096803784369 -0.0045232842676341525
v -0.003855002112686633 -0.04948545992374419 -0.004712892230600118
v 0.026988752186298363 -0.04952150210738181 -0.004750868305563926
v -0.003855002112686633 -0.04970222711563109 -0.0050373151898384086
v 0.026319619268178933 -0.049778360873460756 -0.00541999889537692
v -0.003855002112686633 -0.04977835714817046 -0.00541999889537692
v 0.04198875278234481 0.03233836963772773 -0.02358936704695224
v 0.04307004064321517 0.032896444201469414 -0.022921321913599964
v 0.034175228327512734 -0.042421001940965646 -0.02357163839042186
v 0.03303346782922744 -0.04230099543929099 -0.023799998685717576
v 0.04086849838495254 0.03224431723356246 -0.023800002411007874
v 0.035143166780471795 -0.04252273961901664 -0.022921320050954815
v 0.04384074360132217 0.033838078379631036 -0.021904285997152325
v 0.04416565597057342 0.03491429612040519 -0.02080000191926956
v 0.036017034202814095 -0.04261459037661552 -0.02079999819397926
v 0.035789921879768365 -0.04259071871638297 -0.021948048844933506
v 0.03551245853304862 -0.04398562386631965 -0.021948048844933506
v 0.03488891944289207 -0.04380092397332191 -0.022921320050954815
v 0.03395573049783706 -0.04352449998259544 -0.02357163839042186
v 0.03498543798923492 -0.04530660435557365 -0.021948048844933506
v 0.034405998885631554 -0.045011367648839944 -0.022921320050954815
v 0.03422651439905166 -0.04650943353772163 -0.021948048844933506
v 0.03326109796762466 -0.04755381122231482 -0.021948048844933506
v 0.03371058031916618 -0.04611353948712348 -0.022921320050954815
v 0.03282595053315162 -0.04707052931189536 -0.022921320050954815
v 0.03285495936870574 -0.04319843277335166 -0.023799998685717576
v 0.033538810908794396 -0.044569510966539376 -0.02357163839042186
v 0.03303346782922744 -0.04230099543929099 -0.023799998685717576
v 0.03293843567371368 -0.045521054416894906 -0.02357163839042186
v 0.0321747064590454 -0.04634724929928779 -0.02357163839042186
v 0.03251588717103004 -0.044048313051462167 -0.023799998685717576
v 0.03202762082219123 -0.04482216015458106 -0.023799998685717576
v 0.03212152794003486 -0.04840477183461188 -0.021948048844933506
v 0.03178173676133155 -0.047850284725427614 -0.022921320050954815
v 0.03084596246480941 -0.049033809453248964 -0.021948048844933506
v 0.030612912029027932 -0.04842668399214743 -0.022921320050954815
v 0.03127320483326911 -0.04702043160796164 -0.02357163839042186
v 0.02947712689638137 -0.049419853836297975 -0.021948048844933506
v 0.028060857206583016 -0.04955000057816504 -0.021948048844933506
v 0.028060857206583016 -0.048899676650762544 -0.022921320050954815
v 0.029358614236116402 -0.04878043010830878 -0.022921320050954815
v 0.03026412241160869 -0.04751805588603018 -0.02357163839042186
v 0.03140651062130927 -0.04549408331513404 -0.023799998685717576
v 0.030673353001475327 -0.0460415594279766 -0.023799998685717576
v 0.029852697625756257 -0.04644626006484031 -0.023799998685717576
v 0.02918125316500663 -0.04782345518469809 -0.02357163839042186
v 0.028060857206583016 -0.047926407307386384 -0.02357163839042186
v 0.028060859069228165 -0.04677836224436759 -0.023799998685717576
v 0.028972035273909562 -0.046694625169038766 -0.023799998685717576
v -0.00408336566761136 -0.08025000244379042 -0.021948048844933506
v -0.004065637476742267 -0.049567718058824525 -0.021904282271862027
v -0.004733682144433259 -0.08025000244379042 -0.022921318188309666
v -0.004733680747449397 -0.048899676650762544 -0.022921320050954815
v -0.005706953350454568 -0.08025000244379042 -0.02357163652777671
v -0.006855004001408814 -0.08025000244379042 -0.023799998685717576
v -0.005750718526542186 -0.047882642596960054 -0.023589363321661942
v -0.006855002604424952 -0.04677836224436759 -0.023799998685717576
v 0.028060859069228165 -0.04677836224436759 -0.023799998685717576
v 0.028060857206583016 -0.047926407307386384 -0.02357163839042186
v -0.005750718526542186 -0.047882642596960054 -0.023589363321661942
v -0.006855002604424952 -0.04677836224436759 -0.023799998685717576
v -0.004733680747449397 -0.048899676650762544 -0.022921320050954815
v 0.028060857206583016 -0.048899676650762544 -0.022921320050954815
v 0.028060857206583016 -0.04955000057816504 -0.021948048844933506
v -0.004065637476742267 -0.049567718058824525 -0.021904282271862027
v 0.028060857206583016 -0.049778360873460756 -0.02079999819397926
v -0.003855002112686633 -0.049778360873460756 -0.02079999819397926
v -0.04412663727998733 0.028750002384185784 -0.021948052570223805
v -0.044126644730567925 -0.08025000244379042 -0.021948048844933506
v -0.04347632452845573 -0.08025000244379042 -0.022921318188309666
v -0.04347632080316543 0.028750002384185784 -0.022921321913599964
v -0.04250304773449897 0.028750002384185784 -0.02357164025306701
v -0.04135499894618987 0.028750002384185784 -0.023800002411007874
v -0.04135500267148017 -0.08025000244379042 -0.023799998685717576
v -0.04250305518507957 -0.08025000244379042 -0.02357163652777671
v -0.04412663727998733 0.028750002384185784 -0.021948052570223805
v -0.044354997575283044 0.028750002384185784 -0.02080000191926956
v -0.04397730901837348 0.030266173183917992 -0.021948052570223805
v -0.04347632080316543 0.028750002384185784 -0.022921321913599964
v -0.043339483439922326 0.030139302834868424 -0.022921321913599964
v -0.04353505745530128 0.03172407671809196 -0.021948052570223805
v -0.04293424263596534 0.03147521242499351 -0.022921321913599964
v -0.04250304773449897 0.028750002384185784 -0.02357164025306701
v -0.042816881090402596 0.03306769207119941 -0.021948052570223805
v -0.04185037687420844 0.03424537926912307 -0.021948052570223805
v -0.04227615892887115 0.03270639479160308 -0.022921321913599964
v -0.0413905307650566 0.03378553688526153 -0.022921321913599964
v -0.042384915053844445 0.02994942665100097 -0.02357164025306701
v -0.042035054415464394 0.031102759763598435 -0.02357164025306701
v -0.04135499894618987 0.028750002384185784 -0.023800002411007874
v -0.04125892370939254 0.029725454747676842 -0.023800002411007874
v -0.040974397212266915 0.03066341951489448 -0.023800002411007874
v -0.041466917842626565 0.03216567635536193 -0.02357164025306701
v -0.040702328085899346 0.03309733048081397 -0.02357164025306701
v -0.040512345731258385 0.031527850776910775 -0.023800002411007874
v -0.04067268967628478 0.03521188348531722 -0.021948052570223805
v -0.040311392396688454 0.034671161323785775 -0.022921321913599964
v -0.03932907432317733 0.035930059850215905 -0.021948052570223805
v -0.03908021003007888 0.03532924130558967 -0.022921321913599964
v -0.039770673960447304 0.03386191651225089 -0.02357164025306701
v -0.037871170789003365 0.03637231141328811 -0.021948052570223805
v -0.03635499998927116 0.03674999997019767 -0.02080000191926956
v -0.03635499998927116 0.036521639674901955 -0.021948052570223805
v -0.03774429857730865 0.03573448956012725 -0.022921321913599964
v -0.03635499998927116 0.035871323198080056 -0.022921321913599964
v -0.03870775550603866 0.03443005681037902 -0.02357164025306701
v -0.03913284838199615 0.03290734812617301 -0.023800002411007874
v -0.03989053145051002 0.032285533845424645 -0.023800002411007874
v -0.03826841339468955 0.03336939960718154 -0.023800002411007874
v -0.03755442425608634 0.03477991744875907 -0.02357164025306701
v -0.03635499998927116 0.0348980501294136 -0.02357164025306701
v -0.03635499998927116 0.0337500013411045 -0.023800002411007874
v -0.03733044862747192 0.033653929829597466 -0.023800002411007874
v -0.028095936402678483 0.036345198750495904 -0.02357164025306701
v -0.02765602804720401 0.03696561232209205 -0.023584388196468346
v -0.02728509716689586 0.03552380204200744 -0.023800002411007874
v -0.028105843812227242 0.03723910078406333 -0.023310899734497067
v -0.028428692370653146 0.03759186714887618 -0.022958135232329365
v -0.028513032943010323 0.037497598677873605 -0.022921321913599964
v -0.02652242220938205 0.03674999997019767 -0.023800002411007874
v -0.028856234624981873 0.03695281967520713 -0.022921321913599964
v -0.028935920447111123 0.03879953175783157 -0.021750470623373982
v -0.028851382434368127 0.03859825432300567 -0.02195174805819988
v -0.029104998335242264 0.03875000029802322 -0.02080000191926956
v -0.02893328666687011 0.03825073689222335 -0.021948052570223805
v -0.029364248737692826 0.037358816713094704 -0.021948052570223805
v -0.029098579660058015 0.03778052702546119 -0.021948052570223805
v -0.029257239773869508 0.03798463195562362 -0.02080000191926956
v -0.028597768396139138 0.03799442201852798 -0.02255558036267757
v -0.02876684442162513 0.03839697688817977 -0.022153025493025776
v -0.02870571054518222 0.035736542195081704 -0.02357164025306701
v -0.029311936348676675 0.036497950553894036 -0.022921321913599964
v -0.02836638502776622 0.034566700458526604 -0.023800002411007874
v -0.02943551540374755 0.03527864068746566 -0.02357164025306701
v -0.02985734306275844 0.036155745387077325 -0.022921321913599964
v -0.02967610023915767 0.033958524465560906 -0.023800002411007874
v -0.02971700578927993 0.03700670599937438 -0.021948052570223805
v -0.03110499866306781 0.0337500013411045 -0.023800002411007874
v -0.0302488412708044 0.034994404762983315 -0.02357164025306701
v -0.030465165153145783 0.035943329334259026 -0.022921321913599964
v -0.03110499866306781 0.0348980501294136 -0.02357164025306701
v -0.030139198526740067 0.03674181178212165 -0.021948052570223805
v -0.029690785333514207 0.03733578696846961 -0.02080000191926956
v -0.030339632183313363 0.036902241408824914 -0.02080000191926956
v -0.030609710142016404 0.03657737746834754 -0.021948052570223805
v -0.03110499866306781 0.03587131947278976 -0.022921321913599964
v -0.03110499866306781 0.036521639674901955 -0.021948052570223805
v -0.03110499866306781 0.03674999997019767 -0.02080000191926956
v -0.029104998335242264 0.03920208662748336 -0.021347915753722187
v -0.03110499866306781 0.036521639674901955 -0.021948052570223805
v -0.03635499998927116 0.036521639674901955 -0.021948052570223805
v -0.03635499998927116 0.035871323198080056 -0.022921321913599964
v -0.03110499866306781 0.03587131947278976 -0.022921321913599964
v -0.03110499866306781 0.0348980501294136 -0.02357164025306701
v -0.03110499866306781 0.0337500013411045 -0.023800002411007874
v -0.03635499998927116 0.0348980501294136 -0.02357164025306701
v -0.03635499998927116 0.0337500013411045 -0.023800002411007874
v 0.017773484811186787 0.042112462222576134 -0.01180000230669975
v 0.0175644289702177 0.040123417973518365 -0.013800001703202721
v 0.01955347321927547 0.03991436213254928 -0.013800001703202721
v 0.019762529060244557 0.04190340638160705 -0.01180000230669975
v 0.023740617558360093 0.04148529097437858 -0.011800001375377175
v 0.023531561717391007 0.03949625045061111 -0.013800001703202721
v 0.025520605966448777 0.03928719088435172 -0.013800001703202721
v 0.025729661807417863 0.04127623513340949 -0.011800001375377175
v -0.027104998007416718 0.042150001972913735 -0.013800001703202721
v -0.027104998007416718 0.04415000230073928 -0.01180000230669975
v -0.029104998335242264 0.042150001972913735 -0.013800001703202721
v -0.029104998335242264 0.04415000230073928 -0.01180000230669975
v -0.021104997023940083 0.04415000230073928 -0.01180000230669975
v -0.02310499735176563 0.04415000230073928 -0.01180000230669975
v -0.02310499735176563 0.042150001972913735 -0.013800001703202721
v -0.021104997023940083 0.042150001972913735 -0.013800001703202721
v -0.021104997023940083 0.04184459149837493 -0.019028363749384877
v -0.029104998335242264 0.04184459149837493 -0.019028363749384877
v -0.029104998335242264 0.04299264028668403 -0.018800001591444012
v -0.021104997023940083 0.04299264028668403 -0.018800001591444012
v 0.0015060246223583813 0.04140902310609817 -0.019069463014602658
v -0.0014676529681310053 0.041816681623458855 -0.019028363749384877
v -0.0013476482126861809 0.04295844212174415 -0.018800001591444012
v 0.0016359181609004732 0.04264485463500022 -0.018800001591444012
v 0.017532503232359883 0.03981968387961387 -0.019028363749384877
v 0.02548868022859096 0.03898345679044723 -0.019028363749384877
v 0.017652509734034535 0.04096144437789916 -0.018800001591444012
v 0.025608683004975312 0.04012521728873252 -0.018800001591444012
v 0.04139114171266555 0.03721692785620689 -0.019069463014602658
v 0.044384591281414025 0.03699741512537002 -0.019028363749384877
v 0.041521027684211724 0.03845275938510894 -0.018800001591444012
v 0.04450459778308868 0.03813917562365531 -0.018800001591444012
v -0.003800992388278245 0.03674999997019767 -0.013800001703202721
v -0.0031238836236298076 0.03686810657382011 -0.023800002411007874
v -0.003800992388278245 0.03674999997019767 -0.023800002411007874
v -0.003084255848079919 0.036882840096950524 -0.013800001703202721
v -0.002639007288962602 0.03712217882275581 -0.023496635258197777
v -0.0024627284146845336 0.03726371005177497 -0.013800001703202721
v -0.002018977422267198 0.0378420166671276 -0.013800001703202721
v -0.0022272416390478607 0.0375157743692398 -0.023062156513333317
v 0.008819867856800554 -0.03829209133982658 -0.016799999400973317
v 0.00782684702426195 -0.047740053385496126 -0.016799999400973317
v 0.01677754148840904 -0.04868080839514731 -0.016799999400973317
v 0.01777056790888309 -0.03923285380005836 -0.016799999400973317
v -0.029605001211166375 -0.03674999624490737 -0.016799999400973317
v -0.029605001211166375 -0.04625000059604644 -0.016799999400973317
v -0.02060500159859657 -0.04625000059604644 -0.016799999400973317
v -0.02060500159859657 -0.03674999624490737 -0.016799999400973317
v -0.039355002343654626 -0.04203388094902038 -0.008536115288734434
v -0.039355002343654626 -0.04392163455486297 -0.008271948434412478
v -0.039355002343654626 -0.04327132552862167 -0.007298678625375031
v -0.039355002343654626 -0.042304843664169305 -0.00894164480268955
v -0.039355002343654626 -0.042400002479553216 -0.009419999085366724
v -0.039355002343654626 -0.04229804873466491 -0.006648360285907982
v -0.039355002343654626 -0.041149996221065514 -0.008169999346137045
v -0.039355002343654626 -0.04162835329771041 -0.008265149779617785
v -0.039355002343654626 -0.041149996221065514 -0.006419999059289692
v -0.039355002343654626 -0.040001951158046715 -0.006648360285907982
v -0.039355002343654626 -0.04415000230073928 -0.009419999085366724
v -0.039355002343654626 -0.04392163455486297 -0.01056804973632097
v -0.039355002343654626 -0.04203388094902038 -0.010303882881999014
v -0.039355002343654626 -0.04327132552862167 -0.01154131907969713
v -0.039355002343654626 -0.042304843664169305 -0.009898353368043898
v -0.039355002343654626 -0.04229804873466491 -0.012191637419164177
v -0.039355002343654626 -0.04162835329771041 -0.010574848391115664
v -0.039355002343654626 -0.041149996221065514 -0.010669998824596403
v -0.039355002343654626 -0.040671646595001214 -0.008265149779617785
v -0.039355002343654626 -0.04026611149311065 -0.008536115288734434
v -0.039355002343654626 -0.038378365337848656 -0.008271949365735052
v -0.039355002343654626 -0.039995148777961724 -0.00894164480268955
v -0.039355002343654626 -0.03902867436408996 -0.007298678625375031
v -0.039355002343654626 -0.03989999741315841 -0.009419999085366724
v -0.039355002343654626 -0.038149997591972344 -0.009419999085366724
v -0.039355002343654626 -0.038378365337848656 -0.01056804973632097
v -0.039355002343654626 -0.040001951158046715 -0.012191637419164177
v -0.039355002343654626 -0.040671646595001214 -0.010574848391115664
v -0.039355002343654626 -0.041149996221065514 -0.012419999577105042
v -0.039355002343654626 -0.04026611149311065 -0.010303882881999014
v -0.039355002343654626 -0.03902867436408996 -0.01154131907969713
v -0.039355002343654626 -0.039995148777961724 -0.009898353368043898
v -0.04435500130057334 -0.03902867436408996 -0.01154131907969713
v -0.039355002343654626 -0.03902867436408996 -0.01154131907969713
v -0.039355002343654626 -0.038378365337848656 -0.01056804973632097
v -0.04435500130057334 -0.041149996221065514 -0.012419999577105042
v -0.039355002343654626 -0.040001951158046715 -0.012191637419164177
v -0.04435500130057334 -0.040001951158046715 -0.012191637419164177
v -0.04435500130057334 -0.038378365337848656 -0.01056804973632097
v -0.039355002343654626 -0.041149996221065514 -0.012419999577105042
v -0.039355002343654626 -0.04327132552862167 -0.01154131907969713
v -0.039355002343654626 -0.04229804873466491 -0.012191637419164177
v -0.04435500130057334 -0.04327132552862167 -0.01154131907969713
v -0.04435500130057334 -0.04392163455486297 -0.01056804973632097
v -0.039355002343654626 -0.04392163455486297 -0.01056804973632097
v -0.04435500130057334 -0.04229804873466491 -0.012191637419164177
v 0.022901223972439762 -0.043035130947828286 -0.00894164480268955
v 0.023070225492119786 -0.04142719134688377 -0.008271948434412478
v 0.022872900590300557 -0.043304610997438424 -0.008536115288734434
v 0.02309409342706203 -0.04120009019970893 -0.009419999085366724
v 0.02300225012004375 -0.042073953896760934 -0.007298678625375031
v 0.022911174222826954 -0.042940501123666756 -0.009419999085366724
v 0.022900516167283055 -0.04304189607501029 -0.006648360285907982
v 0.0227805133908987 -0.044183660298585885 -0.008169999346137045
v 0.02283051051199436 -0.04370791837573051 -0.008265149779617785
v 0.0227805133908987 -0.044183660298585885 -0.006419999059289692
v 0.022901223972439762 -0.043035130947828286 -0.009898353368043898
v 0.023070225492119786 -0.04142719134688377 -0.01056804973632097
v 0.022872900590300557 -0.043304610997438424 -0.010303882881999014
v 0.02300225012004375 -0.042073953896760934 -0.01154131907969713
v 0.02283051051199436 -0.04370791837573051 -0.010574848391115664
v 0.022900516167283055 -0.04304189607501029 -0.012191637419164177
v 0.0227805133908987 -0.044183660298585885 -0.010669998824596403
v 0.0227805133908987 -0.044183660298585885 -0.012419998645782467
v 0.02266050688922405 -0.04532540962100028 -0.006648360285907982
v 0.022730508819222447 -0.04465938732028007 -0.008265149779617785
v 0.02268811874091625 -0.04506269469857215 -0.008536115288734434
v 0.022558772936463353 -0.04629335179924964 -0.007298678625375031
v 0.022490797564387318 -0.0469401143491268 -0.008271948434412478
v 0.022659795358777043 -0.04533217474818229 -0.00894164480268955
v 0.022649852558970448 -0.04542680457234382 -0.009419999085366724
v 0.022466925904154774 -0.04716721549630164 -0.009419999085366724
v 0.022730508819222447 -0.04465938732028007 -0.010574848391115664
v 0.02268811874091625 -0.04506269469857215 -0.010303882881999014
v 0.02266050688922405 -0.04532540962100028 -0.012191637419164177
v 0.022558772936463353 -0.04629335179924964 -0.01154131907969713
v 0.022490797564387318 -0.0469401143491268 -0.010568048804998396
v 0.022659795358777043 -0.04533217474818229 -0.009898353368043898
v 0.02746340446174144 -0.04746275022625922 -0.010568048804998396
v 0.022490797564387318 -0.0469401143491268 -0.010568048804998396
v 0.027531379833817475 -0.046815995126962655 -0.01154131907969713
v 0.022558772936463353 -0.04629335179924964 -0.01154131907969713
v 0.02266050688922405 -0.04532540962100028 -0.012191637419164177
v 0.02763311751186847 -0.045848052948713296 -0.012191637419164177
v 0.027753120288252824 -0.0447062961757183 -0.012419998645782467
v 0.0227805133908987 -0.044183660298585885 -0.012419998645782467
v 0.022900516167283055 -0.04304189607501029 -0.012191637419164177
v 0.027873126789927476 -0.04356453195214271 -0.012191637419164177
v 0.028042836114764207 -0.041949842125177376 -0.01056804973632097
v 0.023070225492119786 -0.04142719134688377 -0.01056804973632097
v 0.027974860742688172 -0.042596597224473946 -0.01154131907969713
v 0.02300225012004375 -0.042073953896760934 -0.01154131907969713
v -0.03883320838212966 -0.027137704193592065 -0.023800000548362725
v -0.03883320838212966 -0.027137704193592065 -0.013799999840557572
v -0.03796729445457458 -0.02627179026603698 -0.023800000548362725
v -0.03796729445457458 -0.02627179026603698 -0.013799999840557572
v -0.03848637267947196 -0.02661862969398498 -0.013799999840557572
v -0.03848637267947196 -0.02661862969398498 -0.023800000548362725
v -0.03735500201582908 -0.026150003075599663 -0.023800000548362725
v -0.03735500201582908 -0.026150003075599663 -0.013799999840557572
v -0.036223631352186196 -0.02661862969398498 -0.023800000548362725
v -0.036223631352186196 -0.02661862969398498 -0.013799999840557572
v -0.03674270585179328 -0.02627179026603698 -0.013799999840557572
v -0.0358767919242382 -0.027137704193592065 -0.013799999840557572
v -0.0358767919242382 -0.027137704193592065 -0.023800000548362725
v -0.03674270585179328 -0.02627179026603698 -0.023800000548362725
v 0.026677520945668214 -0.030662510544061654 -0.023800000548362725
v 0.026677520945668214 -0.030662510544061654 -0.013799999840557572
v 0.027543434873223298 -0.02979659661650657 -0.023800000548362725
v 0.027543434873223298 -0.02979659661650657 -0.013799999840557572
v 0.02702436037361621 -0.03014342859387397 -0.013799999840557572
v 0.02702436037361621 -0.03014342859387397 -0.023800000548362725
v 0.028155731037259095 -0.029674801975488656 -0.023800000548362725
v 0.028155731037259095 -0.029674801975488656 -0.013799999840557572
v 0.029287101700901978 -0.03014342859387397 -0.023800000548362725
v 0.029287101700901978 -0.03014342859387397 -0.013799999840557572
v 0.028768023476004594 -0.02979659661650657 -0.013799999840557572
v 0.029633937403559678 -0.030662510544061654 -0.013799999840557572
v 0.029633937403559678 -0.030662510544061654 -0.023800000548362725
v 0.028768023476004594 -0.02979659661650657 -0.023800000548362725
v 0.03247885406017303 0.024533458054065697 -0.023800002411007874
v 0.03247885406017303 0.024533458054065697 -0.013800001703202721
v 0.03334476798772811 0.02539937198162078 -0.023800002411007874
v 0.03334476798772811 0.02539937198162078 -0.013800001703202721
v 0.03282568976283073 0.025052536278963082 -0.013800001703202721
v 0.03282568976283073 0.025052536278963082 -0.023800002411007874
v 0.03395706042647361 0.025521162897348397 -0.023800002411007874
v 0.03395706042647361 0.025521162897348397 -0.013800001703202721
v 0.035088431090116494 0.025052536278963082 -0.023800002411007874
v 0.035088431090116494 0.025052536278963082 -0.013800001703202721
v 0.03456935659050941 0.02539937198162078 -0.013800001703202721
v 0.035435266792774194 0.024533458054065697 -0.013800001703202721
v 0.035435266792774194 0.024533458054065697 -0.023800002411007874
v 0.03456935659050941 0.02539937198162078 -0.023800002411007874
v -0.03883320838212966 0.02836229465901851 -0.023800002411007874
v -0.03883320838212966 0.02836229465901851 -0.013800001703202721
v -0.03796729072928428 0.029228208586573594 -0.023800002411007874
v -0.03796729072928428 0.029228208586573594 -0.013800001703202721
v -0.038486368954181664 0.028881372883915894 -0.013800001703202721
v -0.038486368954181664 0.028881372883915894 -0.023800002411007874
v -0.03735499829053878 0.02935000136494636 -0.023800002411007874
v -0.03735499829053878 0.02935000136494636 -0.013800001703202721
v -0.0362236276268959 0.028881372883915894 -0.023800002411007874
v -0.0362236276268959 0.028881372883915894 -0.013800001703202721
v -0.03674270585179328 0.029228208586573594 -0.013800001703202721
v -0.0358767919242382 0.02836229465901851 -0.013800001703202721
v -0.0358767919242382 0.02836229465901851 -0.023800002411007874
v -0.03674270585179328 0.029228208586573594 -0.023800002411007874
v -0.0362236276268959 0.026618631556630128 -0.023800002411007874
v -0.0362236276268959 0.026618631556630128 -0.013800001703202721
v -0.0358767919242382 0.027137707918882363 -0.013800001703202721
v -0.0358767919242382 0.027137707918882363 -0.023800002411007874
v -0.035754997283220284 0.02775000222027301 -0.013800001703202721
v -0.035754997283220284 0.02775000222027301 -0.023800002411007874
v -0.03674270585179328 0.026271795853972428 -0.023800002411007874
v -0.03674270585179328 0.026271795853972428 -0.013800001703202721
v -0.03883320838212966 0.027137707918882363 -0.023800002411007874
v -0.03895499929785728 0.02775000222027301 -0.023800002411007874
v -0.03895499929785728 0.02775000222027301 -0.013800001703202721
v -0.03796729072928428 0.026271795853972428 -0.023800002411007874
v -0.03796729072928428 0.026271795853972428 -0.013800001703202721
v -0.03735499829053878 0.026150001212954514 -0.013800001703202721
v -0.03883320838212966 0.027137707918882363 -0.013800001703202721
v -0.038486368954181664 0.026618631556630128 -0.013800001703202721
v -0.038486368954181664 0.026618631556630128 -0.023800002411007874
v -0.03735499829053878 0.026150001212954514 -0.023800002411007874
v 0.035088431090116494 0.02278979308903217 -0.023800000548362725
v 0.035088431090116494 0.02278979308903217 -0.013800000771880146
v 0.035435266792774194 0.023308871313929554 -0.013800000771880146
v 0.035435266792774194 0.023308871313929554 -0.023800000548362725
v 0.03555706143379211 0.0239211656153202 -0.013800000771880146
v 0.03555706143379211 0.0239211656153202 -0.023800000548362725
v 0.03456935659050941 0.02244295738637447 -0.023800000548362725
v 0.03456935659050941 0.02244295738637447 -0.013800000771880146
v 0.03247885406017303 0.023308871313929554 -0.023800000548362725
v 0.032357059419155114 0.0239211656153202 -0.023800000548362725
v 0.032357059419155114 0.0239211656153202 -0.013800000771880146
v 0.03334476798772811 0.02244295738637447 -0.023800000548362725
v 0.03334476798772811 0.02244295738637447 -0.013800000771880146
v 0.03395706042647361 0.022321164608001706 -0.013800000771880146
v 0.03247885406017303 0.023308871313929554 -0.013800000771880146
v 0.03282568976283073 0.02278979308903217 -0.013800000771880146
v 0.03282568976283073 0.02278979308903217 -0.023800000548362725
v 0.03395706042647361 0.022321164608001706 -0.023800000548362725
v 0.029287101700901978 -0.03240616992115974 -0.023799998685717576
v 0.029287101700901978 -0.03240616992115974 -0.013799998909234997
v 0.029633937403559678 -0.03188709542155265 -0.013799998909234997
v 0.029633937403559678 -0.03188709542155265 -0.023799998685717576
v 0.029755728319287293 -0.031274799257516854 -0.013799999840557572
v 0.029755728319287293 -0.031274799257516854 -0.023800000548362725
v 0.028768023476004594 -0.032753009349107735 -0.023799998685717576
v 0.028768023476004594 -0.032753009349107735 -0.013799998909234997
v 0.026677520945668214 -0.03188709542155265 -0.023799998685717576
v 0.026555730029940598 -0.031274799257516854 -0.023800000548362725
v 0.026555730029940598 -0.031274799257516854 -0.013799999840557572
v 0.027543434873223298 -0.032753009349107735 -0.023799998685717576
v 0.027543434873223298 -0.032753009349107735 -0.013799998909234997
v 0.028155731037259095 -0.03287480399012565 -0.013799998909234997
v 0.026677520945668214 -0.03188709542155265 -0.013799998909234997
v 0.02702436037361621 -0.03240616992115974 -0.013799998909234997
v 0.02702436037361621 -0.03240616992115974 -0.023799998685717576
v 0.028155731037259095 -0.03287480399012565 -0.023799998685717576
v -0.036223631352186196 -0.028881371021270745 -0.023800000548362725
v -0.036223631352186196 -0.028881371021270745 -0.013799999840557572
v -0.0358767919242382 -0.02836229652166366 -0.013799999840557572
v -0.0358767919242382 -0.02836229652166366 -0.023800000548362725
v -0.03575500100851058 -0.02775000035762786 -0.013799999840557572
v -0.03575500100851058 -0.02775000035762786 -0.023800000548362725
v -0.03674270957708358 -0.029228210449218743 -0.023800000548362725
v -0.03674270957708358 -0.029228210449218743 -0.013799999840557572
v -0.03883320838212966 -0.02836229652166366 -0.023800000548362725
v -0.038955003023147576 -0.02775000035762786 -0.023800000548362725
v -0.038955003023147576 -0.02775000035762786 -0.013799999840557572
v -0.03796729445457458 -0.029228210449218743 -0.023800000548362725
v -0.03796729445457458 -0.029228210449218743 -0.013799999840557572
v -0.03735500201582908 -0.02934999763965606 -0.013799999840557572
v -0.03883320838212966 -0.02836229652166366 -0.013799999840557572
v -0.03848637267947196 -0.028881371021270745 -0.013799999840557572
v -0.03848637267947196 -0.028881371021270745 -0.023800000548362725
v -0.03735500201582908 -0.02934999763965606 -0.023800000548362725
v 0.023070225492119786 -0.04142719134688377 -0.008271948434412478
v 0.02309409342706203 -0.04120009019970893 -0.009419999085366724
v 0.028042836114764207 -0.041949842125177376 -0.008271948434412478
v 0.027974860742688172 -0.042596597224473946 -0.007298678625375031
v 0.02300225012004375 -0.042073953896760934 -0.007298678625375031
v 0.028066704049706452 -0.04172272607684135 -0.009419999085366724
v 0.022900516167283055 -0.04304189607501029 -0.006648360285907982
v 0.027873126789927476 -0.04356453195214271 -0.006648360285907982
v 0.02746340446174144 -0.04746275022625922 -0.008271948434412478
v 0.027439534664154046 -0.04768985882401465 -0.009419999085366724
v 0.022466925904154774 -0.04716721549630164 -0.009419999085366724
v 0.027753120288252824 -0.0447062961757183 -0.006419999059289692
v 0.02266050688922405 -0.04532540962100028 -0.006648360285907982
v 0.0227805133908987 -0.044183660298585885 -0.006419999059289692
v 0.02763311751186847 -0.045848052948713296 -0.006648360285907982
v 0.022558772936463353 -0.04629335179924964 -0.007298678625375031
v 0.022490797564387318 -0.0469401143491268 -0.008271948434412478
v 0.027531379833817475 -0.046815995126962655 -0.007298678625375031
v -0.039355002343654626 -0.04392163455486297 -0.008271948434412478
v -0.039355002343654626 -0.04415000230073928 -0.009419999085366724
v -0.04435500130057334 -0.04415000230073928 -0.009419999085366724
v -0.039355002343654626 -0.04327132552862167 -0.007298678625375031
v -0.04435500130057334 -0.04392163455486297 -0.008271948434412478
v -0.039355002343654626 -0.04229804873466491 -0.006648360285907982
v -0.04435500130057334 -0.04327132552862167 -0.007298678625375031
v -0.04435500130057334 -0.038378365337848656 -0.008271949365735052
v -0.04435500130057334 -0.038149997591972344 -0.009419999085366724
v -0.039355002343654626 -0.038149997591972344 -0.009419999085366724
v -0.04435500130057334 -0.04229804873466491 -0.006648360285907982
v -0.04435500130057334 -0.041149996221065514 -0.006419999059289692
v -0.039355002343654626 -0.040001951158046715 -0.006648360285907982
v -0.039355002343654626 -0.041149996221065514 -0.006419999059289692
v -0.04435500130057334 -0.03902867436408996 -0.007298678625375031
v -0.039355002343654626 -0.038378365337848656 -0.008271949365735052
v -0.039355002343654626 -0.03902867436408996 -0.007298678625375031
v -0.04435500130057334 -0.040001951158046715 -0.006648360285907982
v -0.006855003535747526 -0.0689028427004814 0.008563564158976076
v -0.006855003535747526 -0.06909314543008803 0.007606856059283016
v -0.010855003260076044 -0.06909314543008803 0.007606856059283016
v -0.006855003535747526 -0.06836091727018355 0.009374623186886309
v -0.010855003260076044 -0.0689028427004814 0.008563564158976076
v -0.006855003535747526 -0.06754985451698302 0.009916556067764757
v -0.010855003260076044 -0.06836091727018355 0.009374623186886309
v -0.010855003260076044 -0.06428344547748564 0.008563564158976076
v -0.010855003260076044 -0.06409314274787901 0.007606855593621729
v -0.006855003535747526 -0.06409314274787901 0.007606855593621729
v -0.010855003260076044 -0.06754985451698302 0.009916556067764757
v -0.010855003260076044 -0.06659314781427382 0.010106855072081087
v -0.006855003535747526 -0.06563643366098403 0.009916556067764757
v -0.006855003535747526 -0.06659314781427382 0.010106855072081087
v -0.010855003260076044 -0.06482537835836409 0.009374623186886309
v -0.006855003535747526 -0.06428344547748564 0.008563564158976076
v -0.006855003535747526 -0.06482537835836409 0.009374623186886309
v -0.010855003260076044 -0.06563643366098403 0.009916556067764757
v -0.006855004001408814 -0.07455969601869582 0.01090671122074127
v -0.006855004001408814 -0.07474999874830245 0.009950000792741774
v -0.010855003260076044 -0.07474999874830245 0.009950000792741774
v -0.006855004001408814 -0.07401777058839797 0.011717768386006354
v -0.010855003260076044 -0.07455969601869582 0.01090671122074127
v -0.006855004001408814 -0.07320670783519743 0.012259700335562226
v -0.010855003260076044 -0.07401777058839797 0.011717768386006354
v -0.010855003260076044 -0.06994029879570006 0.010906710289418696
v -0.010855003260076044 -0.06974999606609343 0.0099499998614192
v -0.006855003535747526 -0.06974999606609343 0.0099499998614192
v -0.010855003260076044 -0.07320670783519743 0.012259700335562226
v -0.010855003260076044 -0.07225000113248824 0.012450001202523705
v -0.006855003535747526 -0.07129328697919844 0.012259700335562226
v -0.006855004001408814 -0.07225000113248824 0.012450001202523705
v -0.010855003260076044 -0.07048223167657851 0.011717767454683779
v -0.006855003535747526 -0.06994029879570006 0.010906710289418696
v -0.006855003535747526 -0.07048223167657851 0.011717767454683779
v -0.010855003260076044 -0.07129328697919844 0.012259700335562226
v -0.006855004001408814 -0.07455969601869582 -0.005093289539217948
v -0.006855004001408814 -0.07474999874830245 -0.006049998104572294
v -0.010855003260076044 -0.07474999874830245 -0.006049998104572294
v -0.006855004001408814 -0.07401777058839797 -0.00428223144263029
v -0.010855003260076044 -0.07455969601869582 -0.005093289539217948
v -0.006855004001408814 -0.07320670783519743 -0.003740299027413129
v -0.010855003260076044 -0.07401777058839797 -0.00428223144263029
v -0.010855003260076044 -0.06994029879570006 -0.005093289539217948
v -0.010855003260076044 -0.06974999606609343 -0.006049998104572294
v -0.006855003535747526 -0.06974999606609343 -0.006049998104572294
v -0.010855003260076044 -0.07320670783519743 -0.003740299027413129
v -0.010855003260076044 -0.07225000113248824 -0.0035499981604516498
v -0.006855003535747526 -0.07129328697919844 -0.003740299027413129
v -0.006855004001408814 -0.07225000113248824 -0.0035499981604516498
v -0.010855003260076044 -0.07048223167657851 -0.00428223144263029
v -0.006855003535747526 -0.06994029879570006 -0.005093289539217948
v -0.006855003535747526 -0.07048223167657851 -0.00428223144263029
v -0.010855003260076044 -0.07129328697919844 -0.003740299027413129
v -0.006855003535747526 -0.0689028427004814 -0.00275014410726726
v -0.006855003535747526 -0.06909314543008803 -0.003706852672621607
v -0.010855003260076044 -0.06909314543008803 -0.003706852672621607
v -0.006855003535747526 -0.06836091727018355 -0.0019390860106796022
v -0.010855003260076044 -0.0689028427004814 -0.00275014410726726
v -0.006855003535747526 -0.06754985451698302 -0.0013971540611237285
v -0.010855003260076044 -0.06836091727018355 -0.0019390860106796022
v -0.010855003260076044 -0.06428344547748564 -0.00275014410726726
v -0.010855003260076044 -0.06409314274787901 -0.003706852672621607
v -0.006855003535747526 -0.06409314274787901 -0.003706852672621607
v -0.010855003260076044 -0.06754985451698302 -0.0013971540611237285
v -0.010855003260076044 -0.06659314781427382 -0.0012068522628396747
v -0.006855003535747526 -0.06563643366098403 -0.0013971540611237285
v -0.006855003535747526 -0.06659314781427382 -0.0012068522628396747
v -0.010855003260076044 -0.06482537835836409 -0.001939086127094924
v -0.006855003535747526 -0.06428344547748564 -0.00275014410726726
v -0.006855003535747526 -0.06482537835836409 -0.001939086127094924
v -0.010855003260076044 -0.06563643366098403 -0.0013971540611237285
v -0.006855003535747526 -0.06655969470739363 0.00290671014226973
v -0.006855003535747526 -0.06674999743700026 0.001950001576915383
v -0.010855003260076044 -0.06674999743700026 0.001950001576915383
v -0.006855003535747526 -0.06601776927709578 0.0037177691701799622
v -0.010855003260076044 -0.06655969470739363 0.00290671014226973
v -0.006855003535747526 -0.06520670652389525 0.004259699955582618
v -0.010855003260076044 -0.06601776927709578 0.0037177691701799622
v -0.010855003260076044 -0.061940297484397874 0.0029067099094390865
v -0.010855003260076044 -0.061749994754791246 0.001950001460500061
v -0.006855003070086239 -0.061749994754791246 0.001950001460500061
v -0.010855003260076044 -0.06520670652389525 0.004259699955582618
v -0.010855003260076044 -0.06424999982118605 0.004450001753866672
v -0.006855003535747526 -0.06329328566789626 0.004259699955582618
v -0.006855003535747526 -0.06424999982118605 0.004450001753866672
v -0.010855003260076044 -0.06248223036527632 0.0037177689373493186
v -0.006855003535747526 -0.061940297484397874 0.0029067099094390865
v -0.006855003535747526 -0.06248223036527632 0.0037177689373493186
v -0.010855003260076044 -0.06329328566789626 0.004259699955582618
v -0.010855003260076044 -0.06783646345138548 0.0028279081452637907
v -0.010855003260076044 -0.06774999946355818 0.001950001576915383
v -0.003855003044009208 -0.06783646345138548 0.0028279081452637907
v -0.010855003260076044 -0.06850838661193846 0.004450068343430757
v -0.010855003260076044 -0.06809253990650176 0.0036720775533467523
v -0.003855003044009208 -0.06850838661193846 0.004450068343430757
v -0.003855003044009208 -0.06809253990650176 0.0036720775533467523
v -0.003855003044009208 -0.0690680146217346 0.005131981801241635
v -0.010855003260076044 -0.0690680146217346 0.005131981801241635
v -0.0038550032768398515 -0.07052791863679884 0.006107460241764782
v -0.010855003260076044 -0.07052791863679884 0.006107460241764782
v -0.010855003260076044 -0.06974992901086806 0.005691615398973226
v -0.010855003260076044 -0.0713720917701721 0.006363534834235905
v -0.003855003044009208 -0.06774999946355818 0.001950001576915383
v -0.003855003509670495 -0.07666353136301039 0.0028279083780944343
v -0.003855003509670495 -0.0767499953508377 0.0019500019261613484
v -0.010855004191398619 -0.0767499953508377 0.0019500019261613484
v -0.0038550032768398515 -0.06974992901086806 0.005691615398973226
v -0.0038550032768398515 -0.0713720917701721 0.006363534834235905
v -0.010855003260076044 -0.07312790304422377 0.006363534834235905
v -0.010855003260076044 -0.07225000113248824 0.006450000684708355
v -0.0038550032768398515 -0.07312790304422377 0.006363534834235905
v -0.010855003260076044 -0.07475006580352782 0.005691615398973226
v -0.010855003260076044 -0.07397207617759703 0.006107460241764782
v -0.003855003509670495 -0.07397207617759703 0.006107460241764782
v -0.003855003509670495 -0.07599161565303801 0.004450068343430757
v -0.010855003260076044 -0.07599161565303801 0.004450068343430757
v -0.010855003260076044 -0.07543198019266127 0.005131981801241635
v -0.010855004191398619 -0.07666353136301039 0.0028279083780944343
v -0.010855004191398619 -0.07640745490789412 0.003672077786177396
v -0.003855003509670495 -0.07640745490789412 0.003672077786177396
v -0.003855003509670495 -0.07475006580352782 0.005691615398973226
v -0.0038550032768398515 -0.07225000113248824 0.006450000684708355
v -0.003855003509670495 -0.07543198019266127 0.005131981801241635
v 0.044993437826633446 0.04279015213251113 -0.014880763366818425
v 0.04200986772775649 0.04310373961925506 -0.014880763366818425
v 0.04203932732343673 0.043384000658988946 -0.015302513726055619
v 0.04204966872930526 0.04348241537809371 -0.015800002962350842
v 0.045033238828182214 0.043168827891349786 -0.015800002962350842
v 0.045022889971733086 0.04307041317224502 -0.015302513726055619
v 0.04494935274124145 0.04237071424722671 -0.014598958194255825
v 0.041965782642364495 0.04268429800868034 -0.014598958194255825
v 0.0417882427573204 0.04099507257342338 -0.015302513726055619
v 0.04476146399974822 0.04058307409286498 -0.015800002962350842
v 0.04177789390087127 0.04089665785431861 -0.015800002962350842
v 0.041861779987812035 0.04169477149844169 -0.014598958194255825
v 0.041913785040378564 0.04218953475356101 -0.014500002376735207
v 0.04484535008668899 0.04138118773698806 -0.014598958194255825
v 0.04477180540561675 0.04068148508667945 -0.015302513726055619
v 0.041817702353000634 0.041275333613157265 -0.014880763366818425
v 0.04480126500129699 0.04096174612641334 -0.014880763366818425
v 0.04489734768867492 0.041875950992107384 -0.014500002376735207
v -0.0008293539285659788 0.04788968339562415 -0.015302513726055619
v -0.0008190106600522993 0.047988098114728914 -0.015800002962350842
v 0.0021645538508892055 0.04767451062798499 -0.015800002962350842
v -0.0008588097989559171 0.04760942235589026 -0.014880763366818425
v 0.002154210582375526 0.04757609590888022 -0.015302513726055619
v 0.0021247547119855876 0.04729583486914633 -0.014880763366818425
v 0.0020806696265935893 0.04687639698386191 -0.014598958194255825
v -0.0009028949425555763 0.04718998074531554 -0.014598958194255825
v -0.0010804404737427829 0.04550075531005859 -0.015302513726055619
v 0.0018927807686850424 0.04508875310420989 -0.015800002962350842
v -0.0010907837422564624 0.04540234059095382 -0.015800002962350842
v 0.0019766669720411296 0.04588687047362327 -0.014598958194255825
v -0.0010068995179608462 0.0462004542350769 -0.014598958194255825
v -0.0009548962698318062 0.04669521749019622 -0.014500002376735207
v 0.0019325799075886603 0.045467428863048547 -0.014880763366818425
v -0.0010509827407076953 0.045781016349792474 -0.014880763366818425
v 0.0020286682993173595 0.04638163372874259 -0.014500002376735207
v 0.0019031258998438712 0.04518716782331466 -0.015302513726055619
v -0.04435500502586364 -0.06800276041030882 0.012966622598469254
v -0.04435500502586364 -0.06790000200271605 0.012450001202523705
v -0.039355002343654626 -0.06790000200271605 0.012450001202523705
v -0.04435500502586364 -0.0682954043149948 0.013404595665633675
v -0.039355002343654626 -0.06800276041030882 0.012966622598469254
v -0.04435500502586364 -0.06873337179422377 0.013697239570319649
v -0.039355002343654626 -0.0682954043149948 0.013404595665633675
v -0.04435500502586364 -0.07049723714590071 0.012966622598469254
v -0.039355002343654626 -0.07059999555349349 0.012450001202523705
v -0.04435500502586364 -0.07059999555349349 0.012450001202523705
v -0.039355002343654626 -0.06873337179422377 0.013697239570319649
v -0.039355002343654626 -0.06924999505281447 0.013800001703202721
v -0.04435500502586364 -0.06976662576198576 0.013697239570319649
v -0.04435500502586364 -0.06924999505281447 0.013800001703202721
v -0.039355002343654626 -0.07020459324121474 0.013404595665633675
v -0.04435500502586364 -0.07020459324121474 0.013404595665633675
v -0.039355002343654626 -0.06976662576198576 0.013697239570319649
v -0.039355002343654626 -0.07049723714590071 0.012966622598469254
v -0.04435500130057334 -0.056002758443355546 -0.011033375747501848
v -0.04435500130057334 -0.05590000003576277 -0.011549999006092547
v -0.039355002343654626 -0.05590000003576277 -0.011549999006092547
v -0.04435500130057334 -0.05629540234804152 -0.010595404542982577
v -0.039355002343654626 -0.056002758443355546 -0.011033375747501848
v -0.04435500130057334 -0.05673337727785109 -0.010302761569619177
v -0.039355002343654626 -0.05629540234804152 -0.010595404542982577
v -0.039355002343654626 -0.058497235178947435 -0.011033375747501848
v -0.039355002343654626 -0.05859999358654021 -0.011549999006092547
v -0.04435500130057334 -0.05859999358654021 -0.011549999006092547
v -0.039355002343654626 -0.05673337727785109 -0.010302761569619177
v -0.039355002343654626 -0.05725000053644179 -0.01019999850541353
v -0.04435500130057334 -0.05776662379503249 -0.010302761569619177
v -0.04435500130057334 -0.05725000053644179 -0.01019999850541353
v -0.039355002343654626 -0.05820459872484206 -0.010595404542982577
v -0.04435500130057334 -0.058497235178947435 -0.011033375747501848
v -0.04435500130057334 -0.05820459872484206 -0.010595404542982577
v -0.039355002343654626 -0.05776662379503249 -0.010302761569619177
v -0.04435500502586364 -0.06800276041030882 -0.011033375747501848
v -0.04435500502586364 -0.06790000200271605 -0.011549998074769972
v -0.039355002343654626 -0.06790000200271605 -0.011549998074769972
v -0.04435500502586364 -0.0682954043149948 -0.010595404542982577
v -0.039355002343654626 -0.06800276041030882 -0.011033375747501848
v -0.04435500502586364 -0.06873337179422377 -0.010302760638296602
v -0.039355002343654626 -0.0682954043149948 -0.010595404542982577
v -0.04435500502586364 -0.07049723714590071 -0.011033375747501848
v -0.039355002343654626 -0.07059999555349349 -0.011549998074769972
v -0.04435500502586364 -0.07059999555349349 -0.011549998074769972
v -0.039355002343654626 -0.06873337179422377 -0.010302760638296602
v -0.039355002343654626 -0.06924999505281447 -0.01019999850541353
v -0.04435500502586364 -0.06976662576198576 -0.010302760638296602
v -0.04435500502586364 -0.06924999505281447 -0.01019999850541353
v -0.039355002343654626 -0.07020459324121474 -0.010595403611660002
v -0.04435500502586364 -0.07020459324121474 -0.010595403611660002
v -0.039355002343654626 -0.06976662576198576 -0.010302760638296602
v -0.039355002343654626 -0.07049723714590071 -0.011033375747501848
v -0.04435500130057334 -0.056002758443355546 0.012966622598469254
v -0.04435500130057334 -0.05590000003576277 0.012450001202523705
v -0.039355002343654626 -0.05590000003576277 0.012450001202523705
v -0.04435500130057334 -0.05629540234804152 0.013404595665633675
v -0.039355002343654626 -0.056002758443355546 0.012966622598469254
v -0.04435500130057334 -0.05673337727785109 0.013697239570319649
v -0.039355002343654626 -0.05629540234804152 0.013404595665633675
v -0.039355002343654626 -0.058497235178947435 0.012966622598469254
v -0.039355002343654626 -0.05859999358654021 0.012450001202523705
v -0.04435500130057334 -0.05859999358654021 0.012450001202523705
v -0.039355002343654626 -0.05673337727785109 0.013697239570319649
v -0.039355002343654626 -0.05725000053644179 0.013800001703202721
v -0.04435500130057334 -0.05776662379503249 0.013697239570319649
v -0.04435500130057334 -0.05725000053644179 0.013800001703202721
v -0.039355002343654626 -0.05820459872484206 0.013404595665633675
v -0.04435500130057334 -0.058497235178947435 0.012966622598469254
v -0.04435500130057334 -0.05820459872484206 0.013404595665633675
v -0.039355002343654626 -0.05776662379503249 0.013697239570319649
v -0.034059599041938775 -0.05820459872484206 -0.018799997866153714
v -0.034059599041938775 -0.05820459872484206 -0.023799998685717576
v -0.03435223922133445 -0.05776662379503249 -0.023799998685717576
v -0.03435223922133445 -0.05776662379503249 -0.018799997866153714
v -0.03445500135421752 -0.05725000053644179 -0.023799998685717576
v -0.03445500135421752 -0.05725000053644179 -0.018799997866153714
v -0.033621624112129204 -0.058497235178947435 -0.018799997866153714
v -0.033621624112129204 -0.058497235178947435 -0.023799998685717576
v -0.03185776621103286 -0.05776662379503249 -0.018799997866153714
v -0.03175500407814979 -0.05725000053644179 -0.018799997866153714
v -0.03175500407814979 -0.05725000053644179 -0.023799998685717576
v -0.032588381320238106 -0.058497235178947435 -0.018799997866153714
v -0.032588381320238106 -0.058497235178947435 -0.023799998685717576
v -0.033105004578828805 -0.05859999358654021 -0.023799998685717576
v -0.03185776621103286 -0.05776662379503249 -0.023799998685717576
v -0.032150410115718835 -0.05820459872484206 -0.023799998685717576
v -0.032150410115718835 -0.05820459872484206 -0.018799997866153714
v -0.033105004578828805 -0.05859999358654021 -0.018799997866153714
v -0.018059598281979557 -0.07020459324121474 -0.018799997866153714
v -0.018059598281979557 -0.07020459324121474 -0.023799998685717576
v -0.018352240324020382 -0.06976662576198576 -0.023799998685717576
v -0.018352240324020382 -0.06976662576198576 -0.018799997866153714
v -0.018455004319548603 -0.06924999505281447 -0.023799998685717576
v -0.018455004319548603 -0.06924999505281447 -0.018799997866153714
v -0.017621625214815136 -0.07049723714590071 -0.018799997866153714
v -0.017621625214815136 -0.07049723714590071 -0.023799998685717576
v -0.015857767313718792 -0.06976662576198576 -0.018799997866153714
v -0.01575500331819057 -0.06924999505281447 -0.018799997866153714
v -0.01575500331819057 -0.06924999505281447 -0.023799998685717576
v -0.01658838056027889 -0.07049723714590071 -0.018799997866153714
v -0.01658838056027889 -0.07049723714590071 -0.023799998685717576
v -0.017105003818869587 -0.07059999555349349 -0.023799998685717576
v -0.015857767313718792 -0.06976662576198576 -0.023799998685717576
v -0.016150409355759617 -0.07020459324121474 -0.023799998685717576
v -0.016150409355759617 -0.07020459324121474 -0.018799997866153714
v -0.017105003818869587 -0.07059999555349349 -0.018799997866153714
v -0.034059599041938775 -0.07020459324121474 -0.018799997866153714
v -0.034059599041938775 -0.07020459324121474 -0.023799998685717576
v -0.03435223922133445 -0.06976662576198576 -0.023799998685717576
v -0.03435223922133445 -0.06976662576198576 -0.018799997866153714
v -0.03445500507950782 -0.06924999505281447 -0.023799998685717576
v -0.03445500507950782 -0.06924999505281447 -0.018799997866153714
v -0.0336216278374195 -0.07049723714590071 -0.018799997866153714
v -0.0336216278374195 -0.07049723714590071 -0.023799998685717576
v -0.03185776621103286 -0.06976662576198576 -0.018799997866153714
v -0.03175500407814979 -0.06924999505281447 -0.018799997866153714
v -0.03175500407814979 -0.06924999505281447 -0.023799998685717576
v -0.032588381320238106 -0.07049723714590071 -0.018799997866153714
v -0.032588381320238106 -0.07049723714590071 -0.023799998685717576
v -0.033105004578828805 -0.07059999555349349 -0.023799998685717576
v -0.03185776621103286 -0.06976662576198576 -0.023799998685717576
v -0.032150410115718835 -0.07020459324121474 -0.023799998685717576
v -0.032150410115718835 -0.07020459324121474 -0.018799997866153714
v -0.033105004578828805 -0.07059999555349349 -0.018799997866153714
v -0.018059596419334408 -0.05820459872484206 -0.018799997866153714
v -0.018059596419334408 -0.05820459872484206 -0.023799998685717576
v -0.018352240324020382 -0.05776662379503249 -0.023799998685717576
v -0.018352240324020382 -0.05776662379503249 -0.018799997866153714
v -0.018455002456903454 -0.05725000053644179 -0.023799998685717576
v -0.018455002456903454 -0.05725000053644179 -0.018799997866153714
v -0.017621625214815136 -0.058497235178947435 -0.018799997866153714
v -0.017621625214815136 -0.058497235178947435 -0.023799998685717576
v -0.015857765451073643 -0.05776662379503249 -0.018799997866153714
v -0.01575500331819057 -0.05725000053644179 -0.018799997866153714
v -0.01575500331819057 -0.05725000053644179 -0.023799998685717576
v -0.01658838056027889 -0.058497235178947435 -0.018799997866153714
v -0.01658838056027889 -0.058497235178947435 -0.023799998685717576
v -0.017105001956224438 -0.05859999358654021 -0.023799998685717576
v -0.015857765451073643 -0.05776662379503249 -0.023799998685717576
v -0.016150407493114468 -0.05820459872484206 -0.023799998685717576
v -0.016150407493114468 -0.05820459872484206 -0.018799997866153714
v -0.017105001956224438 -0.05859999358654021 -0.018799997866153714
v 0.008267552591860293 -0.043547030538320534 -0.010303882881999014
v -0.00611358182504773 -0.041738234460353844 -0.010522940196096895
v -0.00613516056910157 -0.04214999824762344 -0.010169998742640017
v 0.008239229209721087 -0.04381651803851127 -0.009898353368043898
v -0.006148262415081261 -0.042400002479553216 -0.009419999085366724
v 0.008229282684624193 -0.0439111404120922 -0.009419999085366724
v 0.00830994267016649 -0.04314372316002845 -0.010574848391115664
v 0.008480657823383806 -0.04151946678757667 -0.009898353368043898
v 0.008490600623190401 -0.04142483696341514 -0.009419999085366724
v -0.006017242092639206 -0.03989999741315841 -0.009419999085366724
v -0.0060519245453178865 -0.04056176543235778 -0.010522940196096895
v -0.006082753185182808 -0.041149996221065514 -0.010669998824596403
v 0.008409944362938402 -0.04219225421547889 -0.010574848391115664
v -0.006030343938618897 -0.04015000164508819 -0.010169998742640017
v 0.008452330715954302 -0.041788946837186806 -0.010303882881999014
v 0.008359939791262148 -0.04266799613833427 -0.010669998824596403
v 0.024056395515799515 0.04448969662189483 -0.009983734227716921
v 0.026082737371325486 0.04463554918766021 -0.01022218447178602
v 0.026045436039566987 0.044280637055635445 -0.009983734227716921
v 0.026001436635851853 0.043861992657184594 -0.009900001809000967
v 0.024012392386794083 0.04407104849815368 -0.009900001809000967
v 0.024093693122267716 0.044844605028629296 -0.01022218447178602
v 0.024118619039654725 0.045081749558448785 -0.010579050518572329
v 0.026107663288712495 0.0448726937174797 -0.010579050518572329
v 0.026045436039566987 0.044280637055635445 -0.012016269378364083
v 0.024012392386794083 0.04407104849815368 -0.012100001797080037
v 0.026001436635851853 0.043861992657184594 -0.012100001797080037
v 0.024127369746565812 0.0451650246977806 -0.011000001803040503
v 0.026107663288712495 0.0448726937174797 -0.011420954018831251
v 0.02611641399562358 0.04495596513152122 -0.011000001803040503
v 0.024093693122267716 0.044844605028629296 -0.011777819134294983
v 0.026082737371325486 0.04463554918766021 -0.011777819134294983
v 0.024056395515799515 0.04448969662189483 -0.012016269378364083
v 0.024118619039654725 0.045081749558448785 -0.011420954018831251
v 0.01808926276862621 0.045116867870092385 -0.009983734227716921
v 0.02011560462415218 0.045262720435857766 -0.01022218447178602
v 0.02007830701768398 0.044907808303833 -0.009983734227716921
v 0.020034303888678547 0.04448916390538215 -0.009900001809000967
v 0.01812656037509441 0.04547177627682685 -0.01022218447178602
v 0.018045259639620777 0.044698219746351235 -0.009900001809000967
v 0.01815148629248142 0.04570892080664634 -0.010579050518572329
v 0.02014053054153919 0.045499864965677254 -0.010579050518572329
v 0.01808926276862621 0.045116867870092385 -0.012016269378364083
v 0.018045259639620777 0.044698219746351235 -0.012100001797080037
v 0.020034303888678547 0.04448916390538215 -0.012100001797080037
v 0.018160240724682804 0.04579219594597816 -0.011000001803040503
v 0.02014053054153919 0.045499864965677254 -0.011420954018831251
v 0.020149284973740574 0.045583136379718774 -0.011000001803040503
v 0.01812656037509441 0.04547177627682685 -0.011777819134294983
v 0.02011560462415218 0.045262720435857766 -0.011777819134294983
v 0.02007830701768398 0.044907808303833 -0.012016269378364083
v 0.01815148629248142 0.04570892080664634 -0.011420954018831251
v 0.018097260966897007 0.04519298300147056 -0.014598958194255825
v 0.026053437963128083 0.04435675591230392 -0.014598958194255825
v 0.026001436635851853 0.043861992657184594 -0.014500002376735207
v 0.018170805647969242 0.04589268565177917 -0.015302513726055619
v 0.026097519323229783 0.04477619379758834 -0.014880763366818425
v 0.018141346052289006 0.04561242461204528 -0.014880763366818425
v 0.018097260966897007 0.04519298300147056 -0.01700104586780071
v 0.018045259639620777 0.044698219746351235 -0.017100002616643902
v 0.026001436635851853 0.043861992657184594 -0.017100002616643902
v 0.018045259639620777 0.044698219746351235 -0.014500002376735207
v 0.02612697891891002 0.04505645483732223 -0.015302513726055619
v 0.02612697891891002 0.04505645483732223 -0.01629749126732349
v 0.02613732405006885 0.045154869556426995 -0.015800002962350842
v 0.018170805647969242 0.04589268565177917 -0.01629749126732349
v 0.026053437963128083 0.04435675591230392 -0.01700104586780071
v 0.026097519323229783 0.04477619379758834 -0.01671924069523811
v 0.018181147053837773 0.045991100370883935 -0.015800002962350842
v 0.018141346052289006 0.04561242461204528 -0.01671924069523811
v -0.02060500159859657 -0.04203388094902038 -0.008536115288734434
v -0.00611358182504773 -0.041738234460353844 -0.008317057974636553
v -0.00613516056910157 -0.04214999824762344 -0.008669999428093432
v -0.02060500159859657 -0.042304843664169305 -0.00894164480268955
v -0.006148262415081261 -0.042400002479553216 -0.009419999085366724
v -0.02060500159859657 -0.042400002479553216 -0.009419999085366724
v -0.02060500159859657 -0.04162835329771041 -0.008265149779617785
v -0.02060500159859657 -0.039995148777961724 -0.00894164480268955
v -0.02060500159859657 -0.03989999741315841 -0.009419999085366724
v -0.006017242092639206 -0.03989999741315841 -0.009419999085366724
v -0.006082753185182808 -0.041149996221065514 -0.008169999346137045
v -0.02060500159859657 -0.041149996221065514 -0.008169999346137045
v -0.0060519245453178865 -0.04056176543235778 -0.008317057974636553
v -0.02060500159859657 -0.040671646595001214 -0.008265149779617785
v -0.006030343938618897 -0.04015000164508819 -0.008669999428093432
v -0.02060500159859657 -0.04026611149311065 -0.008536115288734434
v -0.027104998007416718 0.045972183346748345 -0.01022218447178602
v -0.029104998335242264 0.045972183346748345 -0.01022218447178602
v -0.029104998335242264 0.046329047530889504 -0.009983734227716921
v -0.027104998007416718 0.046329047530889504 -0.009983734227716921
v -0.029104998335242264 0.0467500016093254 -0.009900001809000967
v -0.027104998007416718 0.0467500016093254 -0.009900001809000967
v -0.027104998007416718 0.045733734965324395 -0.010579050518572329
v -0.029104998335242264 0.045733734965324395 -0.010579050518572329
v -0.029104998335242264 0.046329047530889504 -0.012016269378364083
v -0.027104998007416718 0.0467500016093254 -0.012100001797080037
v -0.029104998335242264 0.0467500016093254 -0.012100001797080037
v -0.027104998007416718 0.045650001615285866 -0.011000001803040503
v -0.029104998335242264 0.045733734965324395 -0.011420954018831251
v -0.029104998335242264 0.045650001615285866 -0.011000001803040503
v -0.027104998007416718 0.046329047530889504 -0.012016269378364083
v -0.029104998335242264 0.045972183346748345 -0.011777819134294983
v -0.027104998007416718 0.045733734965324395 -0.011420954018831251
v -0.027104998007416718 0.045972183346748345 -0.011777819134294983
v -0.021104997023940083 0.045972183346748345 -0.01022218447178602
v -0.02310499735176563 0.045972183346748345 -0.01022218447178602
v -0.02310499735176563 0.046329047530889504 -0.009983734227716921
v -0.021104997023940083 0.046329047530889504 -0.009983734227716921
v -0.02310499735176563 0.0467500016093254 -0.009900001809000967
v -0.021104997023940083 0.0467500016093254 -0.009900001809000967
v -0.021104997023940083 0.045733731240034096 -0.010579050518572329
v -0.02310499735176563 0.045733731240034096 -0.010579050518572329
v -0.021104997023940083 0.046329047530889504 -0.012016269378364083
v -0.021104997023940083 0.0467500016093254 -0.012100001797080037
v -0.02310499735176563 0.0467500016093254 -0.012100001797080037
v -0.021104997023940083 0.045733731240034096 -0.011420954018831251
v -0.02310499735176563 0.045733731240034096 -0.011420954018831251
v -0.02310499735176563 0.045650001615285866 -0.011000001803040503
v -0.02310499735176563 0.046329047530889504 -0.012016269378364083
v -0.02310499735176563 0.045972183346748345 -0.011777819134294983
v -0.021104997023940083 0.045972183346748345 -0.011777819134294983
v -0.021104997023940083 0.045650001615285866 -0.011000001803040503
v -0.021104997023940083 0.045830760151147835 -0.014880763366818425
v -0.029104998335242264 0.045830763876438134 -0.014880763366818425
v -0.029104998335242264 0.046252511441707604 -0.014598958194255825
v -0.021104997023940083 0.046252511441707604 -0.014598958194255825
v -0.029104998335242264 0.0467500016093254 -0.014500002376735207
v -0.021104997023940083 0.0467500016093254 -0.014500002376735207
v -0.021104997023940083 0.045548956841230386 -0.015302513726055619
v -0.029104998335242264 0.045548956841230386 -0.015302513726055619
v -0.021104997023940083 0.046252511441707604 -0.01700104586780071
v -0.021104997023940083 0.0467500016093254 -0.017100002616643902
v -0.029104998335242264 0.0467500016093254 -0.017100002616643902
v -0.021104997023940083 0.04545000195503234 -0.015800002962350842
v -0.029104998335242264 0.045548956841230386 -0.01629749126732349
v -0.029104998335242264 0.04545000195503234 -0.015800002962350842
v -0.029104998335242264 0.046252511441707604 -0.01700104586780071
v -0.029104998335242264 0.045830760151147835 -0.01671924069523811
v -0.021104997023940083 0.045548956841230386 -0.01629749126732349
v -0.021104997023940083 0.045830760151147835 -0.01671924069523811
v -0.003855002811178564 -0.06323373317718504 0.002370953559875488
v -0.006855003535747526 -0.06323373317718504 0.0023709537927061315
v -0.006855003535747526 -0.06315000355243681 0.001950001460500061
v -0.006855003535747526 -0.063472181558609 0.002727818908169865
v -0.003855002811178564 -0.06382904946804045 0.002966269152238964
v -0.006855003535747526 -0.06382904946804045 0.002966269152238964
v -0.003855002811178564 -0.063472181558609 0.002727818908169865
v -0.003855003044009208 -0.06526626646518706 0.0023709537927061315
v -0.003855003044009208 -0.06534999608993529 0.001950001576915383
v -0.006855003535747526 -0.06534999608993529 0.001950001576915383
v -0.003855002811178564 -0.06315000355243681 0.001950001460500061
v -0.003855002811178564 -0.06424999982118605 0.003050001570954918
v -0.006855003535747526 -0.06467095017433165 0.002966269152238964
v -0.006855003535747526 -0.06424999982118605 0.003050001570954918
v -0.006855003535747526 -0.06526626646518706 0.0023709537927061315
v -0.006855003535747526 -0.06502781808376311 0.002727818908169865
v -0.003855003044009208 -0.06502781808376311 0.002727818908169865
v -0.003855003044009208 -0.06467095017433165 0.002966269152238964
v -0.003855003044009208 -0.06581532955169676 -0.0029290348757058378
v -0.006855003535747526 -0.06581532955169676 -0.0029290348757058378
v -0.006855003535747526 -0.06557688117027281 -0.0032859009224921456
v -0.003855003044009208 -0.06557688117027281 -0.0032859009224921456
v -0.006855003535747526 -0.06549314409494399 -0.003706852672621607
v -0.003855003044009208 -0.06549314409494399 -0.003706852672621607
v -0.003855003044009208 -0.06617219746112822 -0.0026905850972980257
v -0.006855003535747526 -0.06617219746112822 -0.0026905850972980257
v -0.003855003044009208 -0.06760941445827483 -0.0032859009224921456
v -0.003855003044009208 -0.06769314408302306 -0.003706852672621607
v -0.006855003535747526 -0.06769314408302306 -0.003706852672621607
v -0.003855003044009208 -0.06701409816741942 -0.0026905850972980257
v -0.006855003535747526 -0.06701409816741942 -0.0026905850972980257
v -0.006855003535747526 -0.06659314781427382 -0.002606852678582072
v -0.006855003535747526 -0.06760941445827483 -0.0032859009224921456
v -0.006855003535747526 -0.06737096607685088 -0.0029290348757058378
v -0.003855003044009208 -0.06737096607685088 -0.0029290348757058378
v -0.003855003044009208 -0.06659314781427382 -0.002606852678582072
v -0.0038550032768398515 -0.0711499974131584 -0.006049998104572294
v -0.006855003535747526 -0.07123373448848723 -0.005629046354442834
v -0.006855003535747526 -0.0711499974131584 -0.006049998104572294
v -0.006855004001408814 -0.07147218286991118 -0.005272180773317813
v -0.0038550032768398515 -0.07182904332876204 -0.005033730529248714
v -0.006855004001408814 -0.07182904332876204 -0.005033730529248714
v -0.0038550032768398515 -0.07147218286991118 -0.005272180773317813
v -0.0038550032768398515 -0.07326626777648924 -0.005629046354442834
v -0.0038550032768398515 -0.07334999740123747 -0.006049998104572294
v -0.006855004001408814 -0.07334999740123747 -0.006049998104572294
v -0.0038550032768398515 -0.07123373448848723 -0.005629046354442834
v -0.0038550032768398515 -0.07267095148563384 -0.005033730529248714
v -0.006855004001408814 -0.07267095148563384 -0.005033730529248714
v -0.006855004001408814 -0.07225000113248824 -0.00494999811053276
v -0.0038550032768398515 -0.0730278119444847 -0.005272180773317813
v -0.006855004001408814 -0.07326626777648924 -0.005629046354442834
v -0.006855004001408814 -0.0730278119444847 -0.005272180773317813
v -0.0038550032768398515 -0.07225000113248824 -0.00494999811053276
v -0.0038550032768398515 -0.07123373448848723 0.010370952077209948
v -0.006855003535747526 -0.07123373448848723 0.010370952077209948
v -0.006855003535747526 -0.0711499974131584 0.0099499998614192
v -0.006855003535747526 -0.07147218286991118 0.010727819986641405
v -0.0038550032768398515 -0.07182904332876204 0.010966268368065355
v -0.006855004001408814 -0.07182904332876204 0.010966268368065355
v -0.0038550032768398515 -0.07147218286991118 0.010727819986641405
v -0.0038550032768398515 -0.07326626777648924 0.010370952077209948
v -0.0038550032768398515 -0.07334999740123747 0.0099499998614192
v -0.006855004001408814 -0.07334999740123747 0.0099499998614192
v -0.0038550032768398515 -0.0711499974131584 0.0099499998614192
v -0.0038550032768398515 -0.07267095148563384 0.010966268368065355
v -0.006855004001408814 -0.07267095148563384 0.010966268368065355
v -0.006855004001408814 -0.07225000113248824 0.011050001718103884
v -0.006855004001408814 -0.07326626777648924 0.010370952077209948
v -0.006855004001408814 -0.0730278119444847 0.010727819986641405
v -0.0038550032768398515 -0.0730278119444847 0.010727819986641405
v -0.0038550032768398515 -0.07225000113248824 0.011050001718103884
v -0.003855003044009208 -0.06581532955169676 0.008384673856198786
v -0.006855003535747526 -0.06581532955169676 0.008384673856198786
v -0.006855003535747526 -0.06557688117027281 0.008027807809412478
v -0.003855003044009208 -0.06557688117027281 0.008027807809412478
v -0.006855003535747526 -0.06549314409494399 0.007606855593621729
v -0.003855003044009208 -0.06549314409494399 0.007606855593621729
v -0.003855003044009208 -0.06617219746112822 0.008623124100267885
v -0.006855003535747526 -0.06617219746112822 0.008623124100267885
v -0.003855003044009208 -0.06760941445827483 0.008027807809412478
v -0.003855003044009208 -0.06769314408302306 0.007606856059283016
v -0.006855003535747526 -0.06769314408302306 0.007606856059283016
v -0.003855003044009208 -0.06701409816741942 0.008623124100267885
v -0.006855003535747526 -0.06701409816741942 0.008623124100267885
v -0.006855003535747526 -0.06659314781427382 0.008706855587661265
v -0.006855003535747526 -0.06760941445827483 0.008027807809412478
v -0.006855003535747526 -0.06737096607685088 0.008384673856198786
v -0.003855003044009208 -0.06737096607685088 0.008384673856198786
v -0.003855003044009208 -0.06659314781427382 0.008706855587661265
v -0.039355002343654626 -0.042304843664169305 -0.00894164480268955
v -0.029605001211166375 -0.04203388094902038 -0.008536115288734434
v -0.029605001211166375 -0.042304843664169305 -0.00894164480268955
v -0.039355002343654626 -0.042400002479553216 -0.009419999085366724
v -0.029605001211166375 -0.042400002479553216 -0.009419999085366724
v -0.039355002343654626 -0.04203388094902038 -0.008536115288734434
v -0.039355002343654626 -0.04162835329771041 -0.008265149779617785
v -0.029605001211166375 -0.04162835329771041 -0.008265149779617785
v -0.029605001211166375 -0.039995148777961724 -0.00894164480268955
v -0.039355002343654626 -0.03989999741315841 -0.009419999085366724
v -0.029605001211166375 -0.03989999741315841 -0.009419999085366724
v -0.039355002343654626 -0.040671646595001214 -0.008265149779617785
v -0.029605001211166375 -0.040671646595001214 -0.008265149779617785
v -0.029605001211166375 -0.041149996221065514 -0.008169999346137045
v -0.039355002343654626 -0.039995148777961724 -0.00894164480268955
v -0.029605001211166375 -0.04026611149311065 -0.008536115288734434
v -0.039355002343654626 -0.04026611149311065 -0.008536115288734434
v -0.039355002343654626 -0.041149996221065514 -0.008169999346137045
v 0.02268811874091625 -0.04506269469857215 -0.010303882881999014
v 0.01726063899695873 -0.04408448562026023 -0.010574848391115664
v 0.01721824891865253 -0.04448778554797172 -0.010303882881999014
v 0.017189925536513325 -0.04475727304816245 -0.009898353368043898
v 0.022659795358777043 -0.04533217474818229 -0.009898353368043898
v 0.022649852558970448 -0.04542680457234382 -0.009419999085366724
v 0.017179979011416432 -0.04485190287232398 -0.009419999085366724
v 0.022730508819222447 -0.04465938732028007 -0.010574848391115664
v 0.022901223972439762 -0.043035130947828286 -0.009898353368043898
v 0.022911174222826954 -0.042940501123666756 -0.009419999085366724
v 0.017441300675272938 -0.04236559197306632 -0.009419999085366724
v 0.01736064441502094 -0.04313301667571067 -0.010574848391115664
v 0.017310639843344685 -0.043608743697404855 -0.010669998824596403
v 0.0227805133908987 -0.044183660298585885 -0.010669998824596403
v 0.02283051051199436 -0.04370791837573051 -0.010574848391115664
v 0.01740303076803684 -0.04272970929741859 -0.010303882881999014
v 0.022872900590300557 -0.043304610997438424 -0.010303882881999014
v 0.017431357875466343 -0.04246022179722785 -0.009898353368043898
v 0.017431357875466343 -0.04246022179722785 -0.00894164480268955
v 0.022901223972439762 -0.043035130947828286 -0.00894164480268955
v 0.022872900590300557 -0.043304610997438424 -0.008536115288734434
v 0.01740303076803684 -0.04272970929741859 -0.008536115288734434
v 0.02283051051199436 -0.04370791837573051 -0.008265149779617785
v 0.01736064441502094 -0.04313301667571067 -0.008265149779617785
v 0.0227805133908987 -0.044183660298585885 -0.008169999346137045
v 0.017310639843344685 -0.043608743697404855 -0.008169999346137045
v 0.01726063899695873 -0.04408448562026023 -0.008265149779617785
v 0.022730508819222447 -0.04465938732028007 -0.008265149779617785
v 0.01721824891865253 -0.04448778554797172 -0.008536115288734434
v 0.02268811874091625 -0.04506269469857215 -0.008536115288734434
v 0.017189925536513325 -0.04475727304816245 -0.00894164480268955
v 0.022659795358777043 -0.04533217474818229 -0.00894164480268955
v -0.029605001211166375 -0.039995148777961724 -0.009898353368043898
v -0.039355002343654626 -0.04026611149311065 -0.010303882881999014
v -0.029605001211166375 -0.040671646595001214 -0.010574848391115664
v -0.029605001211166375 -0.04026611149311065 -0.010303882881999014
v -0.039355002343654626 -0.039995148777961724 -0.009898353368043898
v -0.039355002343654626 -0.040671646595001214 -0.010574848391115664
v -0.039355002343654626 -0.041149996221065514 -0.010669998824596403
v -0.029605001211166375 -0.041149996221065514 -0.010669998824596403
v -0.039355002343654626 -0.04203388094902038 -0.010303882881999014
v -0.029605001211166375 -0.04203388094902038 -0.010303882881999014
v -0.029605001211166375 -0.04162835329771041 -0.010574848391115664
v -0.029605001211166375 -0.042304843664169305 -0.009898353368043898
v -0.039355002343654626 -0.042304843664169305 -0.009898353368043898
v -0.039355002343654626 -0.04162835329771041 -0.010574848391115664
v -0.003855001647025346 -0.03925000131130218 -0.004419999197125434
v 0.006621768232434986 -0.04007208719849586 -0.004419999197125434
v -0.005956974346190689 -0.03875000029802322 -0.004419999197125434
v -0.008855002932250498 -0.03925000131130218 -0.004419999197125434
v -0.018605001270771023 -0.03875000029802322 -0.004419999197125434
v -0.010385736823081968 -0.03955447673797607 -0.004419999197125434
v -0.012550520710647103 -0.041719265282154076 -0.004419999197125434
v -0.011683429591357706 -0.040421567857265465 -0.004419999197125434
v -0.0038550018798559895 -0.04401417076587676 -0.004419999197125434
v 0.00583780463784933 -0.04753099009394644 -0.004419999197125434
v -0.003855002112686633 -0.048778355121612535 -0.004419999197125434
v 0.01770565658807754 -0.04877835884690283 -0.004419999197125434
v -0.018605001270771023 -0.04625000059604644 -0.004419999197125434
v -0.012855002656579014 -0.04325000196695327 -0.004419999197125434
v -0.012855002656579014 -0.04625000059604644 -0.004419999197125434
v 0.001144995563663542 -0.07424999773502348 0.02670000493526458
v 0.001144995563663542 -0.07354289293289183 0.02640710771083831
v 0.001144995563663542 -0.07386731356382369 0.02662388235330581
v 0.001144995563663542 -0.07324999570846556 0.025700002908706658
v 0.0011449953308328984 -0.07842319458723067 0.02670000493526458
v 0.001144995563663542 -0.07332611829042433 0.026082687079906457
v 0.001144995563663542 -0.07324999570846556 0.02371325343847274
v -0.003855003044009208 -0.06760941445827483 0.007185903843492268
v -0.006855003535747526 -0.06760941445827483 0.007185903843492268
v -0.003855003044009208 -0.06701409816741942 0.00659058755263686
v -0.006855003535747526 -0.06701409816741942 0.00659058755263686
v -0.006855003535747526 -0.06737096607685088 0.006829039659351109
v -0.003855003044009208 -0.06737096607685088 0.006829039659351109
v -0.003855003044009208 -0.06659314781427382 0.0065068555995821935
v -0.006855003535747526 -0.06659314781427382 0.0065068555995821935
v -0.003855003044009208 -0.06581532955169676 0.006829039193689821
v -0.006855003535747526 -0.06581532955169676 0.006829039193689821
v -0.006855003535747526 -0.06617219746112822 0.006590587086975573
v -0.003855003044009208 -0.06557688117027281 0.0071859033778309805
v -0.006855003535747526 -0.06557688117027281 0.0071859033778309805
v -0.003855003044009208 -0.06617219746112822 0.006590587086975573
v -0.0038550032768398515 -0.07326626777648924 0.0095290495082736
v -0.006855004001408814 -0.07326626777648924 0.0095290495082736
v -0.0038550032768398515 -0.07267095148563384 0.008933735080063341
v -0.006855004001408814 -0.07267095148563384 0.008933735080063341
v -0.006855004001408814 -0.0730278119444847 0.009172183461487292
v -0.0038550032768398515 -0.0730278119444847 0.009172183461487292
v -0.0038550032768398515 -0.07225000113248824 0.008850001730024813
v -0.006855004001408814 -0.07225000113248824 0.008850001730024813
v -0.0038550032768398515 -0.07147218286991118 0.009172183461487292
v -0.006855003535747526 -0.07147218286991118 0.009172183461487292
v -0.006855004001408814 -0.07182904332876204 0.008933735080063341
v -0.006855003535747526 -0.07123373448848723 0.0095290495082736
v -0.0038550032768398515 -0.07123373448848723 0.0095290495082736
v -0.0038550032768398515 -0.07182904332876204 0.008933735080063341
v -0.006855004001408814 -0.07326626777648924 -0.006470949854701756
v -0.0038550032768398515 -0.07267095148563384 -0.007066265679895876
v -0.006855004001408814 -0.07267095148563384 -0.007066265679895876
v -0.006855004001408814 -0.0730278119444847 -0.006827815435826777
v -0.0038550032768398515 -0.0730278119444847 -0.006827815435826777
v -0.0038550032768398515 -0.07326626777648924 -0.006470949854701756
v -0.0038550032768398515 -0.07225000113248824 -0.00714999809861183
v -0.006855004001408814 -0.07225000113248824 -0.00714999809861183
v -0.0038550032768398515 -0.07182904332876204 -0.007066265679895876
v -0.006855004001408814 -0.07147218286991118 -0.006827815435826777
v -0.006855004001408814 -0.07182904332876204 -0.007066265679895876
v -0.006855003535747526 -0.07123373448848723 -0.006470949854701756
v -0.0038550032768398515 -0.07123373448848723 -0.006470949854701756
v -0.0038550032768398515 -0.07147218286991118 -0.006827815435826777
v -0.003855003044009208 -0.06760941445827483 -0.0041278041899204245
v -0.006855003535747526 -0.06760941445827483 -0.0041278041899204245
v -0.003855003044009208 -0.06701409816741942 -0.004723119549453258
v -0.006855003535747526 -0.06701409816741942 -0.004723119549453258
v -0.006855003535747526 -0.06737096607685088 -0.0044846697710454455
v -0.003855003044009208 -0.06737096607685088 -0.0044846697710454455
v -0.003855003044009208 -0.06659314781427382 -0.004806852899491786
v -0.006855003535747526 -0.06659314781427382 -0.004806852899491786
v -0.003855003044009208 -0.06581532955169676 -0.004484670236706733
v -0.006855003535747526 -0.06581532955169676 -0.004484670236706733
v -0.006855003535747526 -0.06617219746112822 -0.004723120015114545
v -0.003855003044009208 -0.06557688117027281 -0.004127804655581712
v -0.006855003535747526 -0.06557688117027281 -0.004127804655581712
v -0.003855003044009208 -0.06617219746112822 -0.004723120015114545
v -0.003855003044009208 -0.06526626646518706 0.001529050292447209
v -0.006855003535747526 -0.06526626646518706 0.001529050292447209
v -0.003855003044009208 -0.06502781808376311 0.0011721842456609009
v -0.006855003535747526 -0.06502781808376311 0.0011721842456609009
v -0.003855003044009208 -0.06467095017433165 0.0009337339433841405
v -0.006855003535747526 -0.06467095017433165 0.0009337339433841405
v -0.003855002811178564 -0.06424999982118605 0.0008500015246681867
v -0.006855003535747526 -0.06424999982118605 0.0008500015246681867
v -0.003855002811178564 -0.063472181558609 0.001172184129245579
v -0.006855003535747526 -0.063472181558609 0.001172184129245579
v -0.006855003535747526 -0.06382904946804045 0.0009337338851764796
v -0.006855003535747526 -0.06323373317718504 0.001529050176031887
v -0.003855002811178564 -0.06323373317718504 0.001529050176031887
v -0.003855002811178564 -0.06382904946804045 0.0009337338851764796
v -0.0038550018798559895 -0.04183578491210937 0.02098412252962589
v -0.0038550018798559895 -0.042484633624553673 0.02141766808927059
v -0.0038550018798559895 -0.041249997913837426 0.019569911062717434
v -0.0038550018798559895 -0.04140224307775497 0.020335277542471882
v -0.0038550018798559895 -0.04325000196695327 0.02156990952789783
v -0.003855002112686633 -0.04625000059604644 0.02156990952789783
v -0.0038550018798559895 -0.041249997913837426 -0.0024199986364692445
v -0.003855002811178564 -0.063472181558609 0.002727818908169865
v -0.003855003044009208 -0.06557688117027281 0.008027807809412478
v -0.003855002811178564 -0.06424999982118605 0.003050001570954918
v -0.003855003044009208 -0.06581532955169676 0.006829039193689821
v -0.003855003044009208 -0.06467095017433165 0.002966269152238964
v -0.003855002811178564 -0.06382904946804045 0.002966269152238964
v -0.003855003044009208 -0.06557688117027281 0.0071859033778309805
v -0.003855003044009208 -0.06549314409494399 0.007606855593621729
v -0.003855002811178564 -0.06323373317718504 0.002370953559875488
v -0.003855002112686633 -0.049161039292812334 -0.004496119450777768
v -0.003855003044009208 -0.06617219746112822 0.006590587086975573
v -0.003855003044009208 -0.06502781808376311 0.002727818908169865
v -0.003855003044009208 -0.06534999608993529 0.001950001576915383
v -0.003855003044009208 -0.06526626646518706 0.0023709537927061315
v -0.003855003044009208 -0.06774999946355818 0.001950001576915383
v -0.003855003044009208 -0.06783646345138548 0.0028279081452637907
v -0.003855003044009208 -0.06581532955169676 0.008384673856198786
v -0.0038550032768398515 -0.07124999910593031 0.021403849124908444
v -0.003855002811178564 -0.06315000355243681 0.001950001460500061
v -0.003855002112686633 -0.04948545992374419 -0.004712892230600118
v -0.003855003044009208 -0.06617219746112822 0.008623124100267885
v -0.0038550032768398515 -0.07147218286991118 0.010727819986641405
v -0.003855003044009208 -0.06701409816741942 0.008623124100267885
v -0.003855003044009208 -0.06659314781427382 0.008706855587661265
v -0.003855003044009208 -0.06760941445827483 0.008027807809412478
v -0.003855003044009208 -0.06737096607685088 0.008384673856198786
v -0.0038550032768398515 -0.0711499974131584 0.0099499998614192
v -0.0038550032768398515 -0.07123373448848723 0.010370952077209948
v -0.003855003044009208 -0.06659314781427382 0.0065068555995821935
v -0.003855003044009208 -0.0690680146217346 0.005131981801241635
v -0.003855003044009208 -0.06737096607685088 0.006829039659351109
v -0.003855003044009208 -0.06760941445827483 0.007185903843492268
v -0.003855003044009208 -0.06809253990650176 0.0036720775533467523
v -0.003855003044009208 -0.06701409816741942 0.00659058755263686
v -0.003855003044009208 -0.06850838661193846 0.004450068343430757
v -0.003855003044009208 -0.06769314408302306 0.007606856059283016
v -0.0038550032768398515 -0.06974992901086806 0.005691615398973226
v -0.0038550032768398515 -0.07123373448848723 0.0095290495082736
v -0.003855002112686633 -0.04625000059604644 0.02570000104606151
v -0.0038550032768398515 -0.07124999910593031 0.025700002908706658
v -0.003855003044009208 -0.06526626646518706 0.001529050292447209
v -0.003855002112686633 -0.048778355121612535 -0.004419999197125434
v -0.0038550018798559895 -0.04401417076587676 -0.004419999197125434
v -0.003855002112686633 -0.04977835714817046 -0.00541999889537692
v -0.003855002811178564 -0.06323373317718504 0.001529050176031887
v -0.003855002811178564 -0.063472181558609 0.001172184129245579
v -0.003855002112686633 -0.04970222711563109 -0.0050373151898384086
v -0.003855003044009208 -0.06557688117027281 -0.0032859009224921456
v -0.003855002811178564 -0.06382904946804045 0.0009337338851764796
v -0.003855002811178564 -0.06424999982118605 0.0008500015246681867
v -0.003855003044009208 -0.06467095017433165 0.0009337339433841405
v -0.003855003044009208 -0.06581532955169676 -0.0029290348757058378
v -0.003855003044009208 -0.06549314409494399 -0.003706852672621607
v -0.0038550018798559895 -0.04163208603858947 -0.004419999197125434
v -0.003855001647025346 -0.03925000131130218 -0.004419999197125434
v -0.003855001647025346 -0.04001536220312118 -0.004267757758498191
v -0.003855003044009208 -0.06581532955169676 -0.004484670236706733
v -0.003855002112686633 -0.049778360873460756 -0.02079999819397926
v -0.0038550018798559895 -0.041097752749919884 -0.0031853660475462666
v -0.0038550018798559895 -0.040664210915565484 -0.003834212897345423
v -0.003855003044009208 -0.06502781808376311 0.0011721842456609009
v -0.003855003044009208 -0.06617219746112822 -0.0026905850972980257
v -0.003855003044009208 -0.06659314781427382 -0.002606852678582072
v -0.003855003044009208 -0.06809253990650176 0.0002279265754623338
v -0.003855003044009208 -0.06737096607685088 -0.0029290348757058378
v -0.003855003044009208 -0.06701409816741942 -0.0026905850972980257
v -0.003855003044009208 -0.06850838661193846 -0.0005500648985616862
v -0.003855003044009208 -0.0690680146217346 -0.0012319792294874785
v -0.003855003044009208 -0.06760941445827483 -0.0032859009224921456
v -0.003855003044009208 -0.06557688117027281 -0.004127804655581712
v -0.003855003044009208 -0.06617219746112822 -0.004723120015114545
v -0.003855003044009208 -0.06760941445827483 -0.0041278041899204245
v -0.003855003044009208 -0.06769314408302306 -0.003706852672621607
v -0.0038550032768398515 -0.07123373448848723 -0.005629046354442834
v -0.0038550032768398515 -0.07147218286991118 -0.006827815435826777
v -0.003855003044009208 -0.06659314781427382 -0.004806852899491786
v -0.003855003044009208 -0.06701409816741942 -0.004723119549453258
v -0.0038550032768398515 -0.0711499974131584 -0.006049998104572294
v -0.003855003044009208 -0.06737096607685088 -0.0044846697710454455
v -0.0038550032768398515 -0.06974992901086806 -0.0017916109645739193
v -0.003855003044009208 -0.06783646345138548 0.0010720950085669754
v -0.0038550032768398515 -0.07123373448848723 -0.006470949854701756
v -0.0038550032768398515 -0.07052791863679884 0.006107460241764782
v -0.0038550032768398515 -0.07182904332876204 0.010966268368065355
v -0.0038550032768398515 -0.07225000113248824 0.011050001718103884
v -0.0038550032768398515 -0.07147218286991118 0.009172183461487292
v -0.0038550032768398515 -0.07182904332876204 0.008933735080063341
v -0.0038550032768398515 -0.07225000113248824 0.006450000684708355
v -0.0038550032768398515 -0.0713720917701721 0.006363534834235905
v -0.0038550032768398515 -0.07225000113248824 0.008850001730024813
v -0.0038550032768398515 -0.07267095148563384 0.010966268368065355
v -0.0038550032768398515 -0.0730278119444847 0.010727819986641405
v -0.0038550032768398515 -0.07334999740123747 0.0099499998614192
v -0.0038550032768398515 -0.07326626777648924 0.010370952077209948
v -0.003855003509670495 -0.07599161565303801 0.004450068343430757
v -0.0038550037425011388 -0.08025000244379042 0.02659999951720237
v -0.003855003509670495 -0.07475006580352782 0.005691615398973226
v -0.0038550032768398515 -0.07326626777648924 0.0095290495082736
v -0.0038550032768398515 -0.0730278119444847 0.009172183461487292
v -0.003855003509670495 -0.07397207617759703 0.006107460241764782
v -0.0038550032768398515 -0.07267095148563384 0.008933735080063341
v -0.0038550032768398515 -0.07312790304422377 0.006363534834235905
v -0.003855003509670495 -0.07640745490789412 0.003672077786177396
v -0.003855003509670495 -0.07666353136301039 0.0028279083780944343
v -0.003855003509670495 -0.07543198019266127 0.005131981801241635
v -0.003855003509670495 -0.0767499953508377 0.0019500019261613484
v -0.0038550032768398515 -0.07052791863679884 -0.002207455690950155
v -0.0038550032768398515 -0.0713720917701721 -0.002463532146066427
v -0.0038550032768398515 -0.07147218286991118 -0.005272180773317813
v -0.0038550032768398515 -0.07225000113248824 -0.002549997996538877
v -0.0038550032768398515 -0.07225000113248824 -0.00494999811053276
v -0.0038550032768398515 -0.07182904332876204 -0.005033730529248714
v -0.0038550032768398515 -0.07182904332876204 -0.007066265679895876
v -0.0038550032768398515 -0.07225000113248824 -0.00714999809861183
v -0.0038550037425011388 -0.08025000244379042 -0.02079999819397926
v -0.003855003509670495 -0.07475006580352782 -0.0017916108481585975
v -0.003855003509670495 -0.07543198019266127 -0.0012319791130721567
v -0.0038550032768398515 -0.07334999740123747 -0.006049998104572294
v -0.0038550032768398515 -0.07312790304422377 -0.002463532146066427
v -0.003855003509670495 -0.07397207617759703 -0.002207455690950155
v -0.0038550032768398515 -0.0730278119444847 -0.005272180773317813
v -0.0038550032768398515 -0.07326626777648924 -0.005629046354442834
v -0.003855003509670495 -0.07666353136301039 0.0010720953578129409
v -0.003855003509670495 -0.07599161565303801 -0.0005500646657310425
v -0.003855003509670495 -0.07640745490789412 0.00022792685194872314
v -0.0038550032768398515 -0.07267095148563384 -0.005033730529248714
v -0.0038550032768398515 -0.0730278119444847 -0.006827815435826777
v -0.0038550032768398515 -0.07326626777648924 -0.006470949854701756
v -0.0038550032768398515 -0.07267095148563384 -0.007066265679895876
v 0.027325127273797982 -0.04877835884690283 -0.004419999197125434
v 0.028003988787531846 -0.04231944307684898 -0.004419999197125434
v 0.019550552591681477 -0.041430946439504616 -0.004419999197125434
v 0.01877830922603607 -0.04877835884690283 -0.004419999197125434
v 0.035895887762308114 0.032766960561275475 -0.013800001703202721
v 0.035895887762308114 0.032766960561275475 -0.023800002411007874
v 0.026945197954773896 0.03370771557092666 -0.023800002411007874
v 0.026945197954773896 0.03370771557092666 -0.013800001703202721
v -0.019104998558759686 0.03674999997019767 -0.013800001703202721
v -0.003800992388278245 0.03674999997019767 -0.013800001703202721
v -0.003800992388278245 0.03674999997019767 -0.023800002411007874
v -0.019104998558759686 0.03674999997019767 -0.023800002411007874
v 0.015010931529104706 0.03496205806732177 -0.013800001703202721
v 0.015010931529104706 0.03496205806732177 -0.023800002411007874
v 0.005955993663519619 0.03591376915574073 -0.023800002411007874
v 0.005955993663519619 0.03591377288103103 -0.013800001703202721
v 0.028066704049706452 -0.04172272607684135 -0.009419999085366724
v 0.028042836114764207 -0.041949842125177376 -0.01056804973632097
v 0.02821304462850093 -0.04033039882779121 -0.008799999020993708
v 0.028735687956213944 -0.03535779193043708 -0.013799998909234997
v 0.028042836114764207 -0.041949842125177376 -0.008271948434412478
v 0.027974860742688172 -0.042596597224473946 -0.01154131907969713
v 0.027873126789927476 -0.04356453195214271 -0.012191637419164177
v 0.027753120288252824 -0.0447062961757183 -0.012419998645782467
v 0.027873126789927476 -0.04356453195214271 -0.006648360285907982
v 0.028197130188345902 -0.04048180952668189 -0.005654632113873958
v 0.02815181575715541 -0.040912974625825875 -0.0050057852640748015
v 0.02821304462850093 -0.04033039882779121 -0.006419999059289692
v 0.028003988787531846 -0.04231944307684898 -0.004419999197125434
v 0.028083989396691315 -0.04155826941132545 -0.0045722397044301024
v 0.027974860742688172 -0.042596597224473946 -0.007298678625375031
v 0.027314141392707818 -0.04888288304209708 -0.013799998909234997
v 0.02763311751186847 -0.045848052948713296 -0.012191637419164177
v 0.027531379833817475 -0.046815995126962655 -0.01154131907969713
v 0.027439534664154046 -0.04768985882401465 -0.009419999085366724
v 0.02746340446174144 -0.04746275022625922 -0.010568048804998396
v 0.027314141392707818 -0.04888288304209708 -0.004425476770848035
v 0.027325127273797982 -0.04877835884690283 -0.004419999197125434
v 0.02763311751186847 -0.045848052948713296 -0.006648360285907982
v 0.027753120288252824 -0.0447062961757183 -0.006419999059289692
v 0.02746340446174144 -0.04746275022625922 -0.008271948434412478
v 0.027531379833817475 -0.046815995126962655 -0.007298678625375031
v -0.006855002604424952 -0.04625000059604644 0.02156990952789783
v -0.003855002112686633 -0.04625000059604644 0.02570000104606151
v -0.003855002112686633 -0.04625000059604644 0.02156990952789783
v -0.01085500232875347 -0.04625000059604644 0.010580002330243586
v -0.01085500232875347 -0.04625000059604644 0.02570000104606151
v -0.039355002343654626 -0.04625000059604644 -0.004419999197125434
v -0.03160500153899192 -0.03875000029802322 -0.004419999197125434
v -0.039355002343654626 -0.03875000029802322 -0.004419999197125434
v -0.03160500153899192 -0.04625000059604644 -0.004419999197125434
v -0.042355000972747796 -0.04625000059604644 0.02570000104606151
v -0.039355002343654626 -0.04625000059604644 0.02570000104606151
v -0.039355002343654626 -0.04625000059604644 0.003430000972002744
v -0.042355000972747796 -0.04625000059604644 0.003430000972002744
v -0.01085500232875347 -0.04625000059604644 -0.018799997866153714
v -0.02060500159859657 -0.04625000059604644 -0.016799999400973317
v -0.039355002343654626 -0.04625000059604644 -0.018799997866153714
v -0.02060500159859657 -0.04625000059604644 -0.006419999059289692
v -0.012855002656579014 -0.04625000059604644 -0.004419999197125434
v -0.020452762022614476 -0.04625000059604644 -0.005654632113873958
v -0.018605001270771023 -0.04625000059604644 -0.004419999197125434
v -0.020019216462969776 -0.04625000059604644 -0.0050057852640748015
v -0.029605001211166375 -0.04625000059604644 -0.016799999400973317
v -0.029605001211166375 -0.04625000059604644 -0.006419999059289692
v -0.03160500153899192 -0.04625000059604644 -0.004419999197125434
v -0.029757242649793618 -0.04625000059604644 -0.005654632113873958
v -0.039355002343654626 -0.04625000059604644 -0.004419999197125434
v -0.030190788209438317 -0.04625000059604644 -0.0050057852640748015
v -0.012089636176824566 -0.04625000059604644 -0.004267757758498191
v -0.011007242836058138 -0.04625000059604644 -0.003185365814715623
v -0.011440789327025412 -0.04625000059604644 -0.003834212664514779
v -0.01085500232875347 -0.04625000059604644 -0.002419998403638601
v -0.01937036961317062 -0.04625000059604644 -0.0045722397044301024
v -0.030839635059237473 -0.04625000059604644 -0.0045722397044301024
v 0.025959623977541917 0.04346418380737304 -0.018800001591444012
v 0.025608683004975312 0.04012521728873252 -0.018800001591444012
v 0.017652509734034535 0.04096144437789916 -0.018800001591444012
v 0.01800345070660114 0.04430041089653968 -0.018800001591444012
v -0.021104997023940083 0.049350000917911516 -0.018800001591444012
v -0.021104997023940083 0.04299264028668403 -0.018800001591444012
v -0.029104998335242264 0.04299264028668403 -0.018800001591444012
v -0.029104998335242264 0.049350000917911516 -0.018800001591444012
v 0.03518890589475631 -0.04541027918457984 -0.013799998909234997
v 0.03573141619563102 -0.04405048117041587 -0.013799998909234997
v 0.028735687956213944 -0.03535779193043708 -0.013799998909234997
v 0.036017034202814095 -0.04261459037661552 -0.013799998909234997
v 0.03440768271684646 -0.04664844647049903 -0.013799998909234997
v 0.032240845263004296 -0.048599485307931886 -0.013799998909234997
v 0.03341390192508697 -0.047723513096570955 -0.013799998909234997
v 0.027314141392707818 -0.04888288304209708 -0.013799998909234997
v 0.030927799642086022 -0.04924700036644934 -0.013799998909234997
v 0.029755728319287293 -0.031274799257516854 -0.013799999840557572
v 0.029633937403559678 -0.03188709542155265 -0.013799998909234997
v 0.029287101700901978 -0.03014342859387397 -0.013799999840557572
v 0.029633937403559678 -0.030662510544061654 -0.013799999840557572
v 0.02428734675049781 -0.006886843126267193 -0.013799999840557572
v 0.035435266792774194 0.023308871313929554 -0.013800000771880146
v 0.029287101700901978 -0.03240616992115974 -0.013799998909234997
v 0.028768023476004594 -0.032753009349107735 -0.013799998909234997
v 0.028768023476004594 -0.02979659661650657 -0.013799999840557572
v 0.028155731037259095 -0.03287480399012565 -0.013799998909234997
v 0.03456935659050941 0.02244295738637447 -0.013800000771880146
v 0.03395706042647361 0.022321164608001706 -0.013800000771880146
v 0.02951874211430549 -0.049644399434328065 -0.013799998909234997
v 0.035088431090116494 0.02278979308903217 -0.013800000771880146
v 0.027210623025894158 -0.04923234507441519 -0.013799998909234997
v 0.028060857206583016 -0.049778360873460756 -0.013799998909234997
v 0.026988752186298363 -0.04952150210738181 -0.013799998909234997
v 0.027543434873223298 -0.032753009349107735 -0.013799998909234997
v 0.026677984744310372 -0.04971193894743918 -0.013799998909234997
v 0.026319619268178933 -0.049778360873460756 -0.013799998909234997
v 0.02702436037361621 -0.03240616992115974 -0.013799998909234997
v 0.021376227959990498 -0.034584280103445046 -0.013799998909234997
v 0.02702436037361621 -0.03014342859387397 -0.013799999840557572
v 0.028155731037259095 -0.029674801975488656 -0.013799999840557572
v 0.027543434873223298 -0.02979659661650657 -0.013799999840557572
v 0.026677520945668214 -0.03188709542155265 -0.013799998909234997
v 0.026677520945668214 -0.030662510544061654 -0.013799999840557572
v 0.026555730029940598 -0.031274799257516854 -0.013799999840557572
v 0.03334476798772811 0.02244295738637447 -0.013800000771880146
v 0.02719846367835998 0.020810591056942936 -0.013800000771880146
v 0.04139114171266555 0.03721692785620689 -0.013800001703202721
v 0.035435266792774194 0.024533458054065697 -0.013800001703202721
v 0.03555706143379211 0.0239211656153202 -0.013800000771880146
v 0.03247885406017303 0.023308871313929554 -0.013800000771880146
v 0.03282568976283073 0.02278979308903217 -0.013800000771880146
v 0.035895887762308114 0.032766960561275475 -0.013800001703202721
v 0.04506459087133407 0.0434671863913536 -0.013800001703202721
v 0.04208102822303771 0.04378077015280723 -0.013800001703202721
v 0.03334476798772811 0.02539937198162078 -0.013800001703202721
v 0.03395706042647361 0.025521162897348397 -0.013800001703202721
v 0.03456935659050941 0.02539937198162078 -0.013800001703202721
v 0.026945197954773896 0.03370771557092666 -0.013800001703202721
v 0.035088431090116494 0.025052536278963082 -0.013800001703202721
v 0.03282568976283073 0.025052536278963082 -0.013800001703202721
v 0.03247885406017303 0.024533458054065697 -0.013800001703202721
v 0.026199935004115098 0.033939126878976815 -0.013800001703202721
v 0.025599958375096314 0.03443811833858489 -0.013800001703202721
v 0.005955993663519619 0.03591377288103103 -0.013800001703202721
v 0.012081732042133805 0.022399425506591793 -0.013800000771880146
v 0.015010931529104706 0.03496205806732177 -0.013800001703202721
v 0.01578802056610584 0.03503346443176269 -0.013800001703202721
v 0.02523661218583583 0.035128731280565255 -0.013800001703202721
v 0.01697762124240398 0.035996783524751656 -0.013800001703202721
v 0.016478629782795903 0.03539681062102317 -0.013800001703202721
v 0.032357059419155114 0.0239211656153202 -0.013800000771880146
v 0.023531561717391007 0.03949625045061111 -0.013800001703202721
v 0.025165209546685212 0.035905815660953515 -0.013800001703202721
v 0.025520605966448777 0.03928719088435172 -0.013800001703202721
v 0.020306078717112538 0.04707492142915724 -0.013800001703202721
v 0.024284167215228074 0.04665680602192878 -0.013800001703202721
v 0.01955347321927547 0.03991436213254928 -0.013800001703202721
v 0.017209032550454136 0.036742046475410454 -0.013800001703202721
v 0.0175644289702177 0.040123417973518365 -0.013800001703202721
v -0.03796729445457458 -0.02627179026603698 -0.013799999840557572
v -0.03735500201582908 -0.026150003075599663 -0.013799999840557572
v -0.03270500153303146 -0.01782499253749847 -0.013799999840557572
v 0.006259491667151449 -0.03299544379115104 -0.013799998909234997
v -0.01750499941408634 -0.003900000359863042 -0.013799999840557572
v -0.005590118467807769 -0.03175000473856925 -0.013799999840557572
v -0.0358767919242382 -0.027137704193592065 -0.013799999840557572
v -0.03270500153303146 -0.031750001013278954 -0.013799998909234997
v -0.0358767919242382 -0.02836229652166366 -0.013799999840557572
v -0.03575500100851058 -0.02775000035762786 -0.013799999840557572
v -0.036223631352186196 -0.028881371021270745 -0.013799999840557572
v -0.03674270957708358 -0.029228210449218743 -0.013799999840557572
v -0.03674270585179328 -0.02627179026603698 -0.013799999840557572
v -0.036223631352186196 -0.02661862969398498 -0.013799999840557572
v -0.03735500201582908 -0.02934999763965606 -0.013799999840557572
v -0.01750499941408634 0.023950001224875443 -0.013800000771880146
v -0.029690785333514207 0.03733578696846961 -0.013800001703202721
v -0.03270499780774116 0.023950003087520592 -0.013800000771880146
v -0.035754997283220284 0.02775000222027301 -0.013800001703202721
v -0.0358767919242382 0.027137707918882363 -0.013800001703202721
v -0.0362236276268959 0.026618631556630128 -0.013800001703202721
v -0.0358767919242382 0.02836229465901851 -0.013800001703202721
v -0.03674270585179328 0.026271795853972428 -0.013800001703202721
v -0.03848637267947196 -0.02661862969398498 -0.013799999840557572
v -0.03110499866306781 0.03674999997019767 -0.013800001703202721
v -0.03735499829053878 0.026150001212954514 -0.013800001703202721
v -0.0362236276268959 0.028881372883915894 -0.013800001703202721
v -0.003800992388278245 0.03674999997019767 -0.013800001703202721
v -0.04435500130057334 -0.031750001013278954 -0.013799998909234997
v -0.03796729445457458 -0.029228210449218743 -0.013799999840557572
v -0.03848637267947196 -0.028881371021270745 -0.013799999840557572
v -0.038955003023147576 -0.02775000035762786 -0.013799999840557572
v -0.03883320838212966 -0.02836229652166366 -0.013799999840557572
v -0.03883320838212966 -0.027137704193592065 -0.013799999840557572
v -0.03270500153303146 -0.003899999661371111 -0.013799999840557572
v -0.044354997575283044 0.028750002384185784 -0.013800001703202721
v -0.03796729072928428 0.026271795853972428 -0.013800001703202721
v -0.038486368954181664 0.026618631556630128 -0.013800001703202721
v -0.03883320838212966 0.027137707918882363 -0.013800001703202721
v -0.03895499929785728 0.02775000222027301 -0.013800001703202721
v -0.03883320838212966 0.02836229465901851 -0.013800001703202721
v -0.038486368954181664 0.028881372883915894 -0.013800001703202721
v -0.04374603554606437 0.031811468303203576 -0.013800001703202721
v -0.04420128092169761 0.0303107239305973 -0.013800001703202721
v -0.0024627284146845336 0.03726371005177497 -0.013800001703202721
v -0.003084255848079919 0.036882840096950524 -0.013800001703202721
v -0.002018977422267198 0.0378420166671276 -0.013800001703202721
v -0.0018119481392204757 0.03854094073176383 -0.013800001703202721
v -0.019104998558759686 0.03674999997019767 -0.013800001703202721
v -0.02051921188831329 0.03733578696846961 -0.013800001703202721
v -0.019870365038514134 0.036902241408824914 -0.013800001703202721
v -0.02095275744795799 0.03798463195562362 -0.013800001703202721
v -0.021104997023940083 0.03875000029802322 -0.013800001703202721
v -0.029104998335242264 0.03875000029802322 -0.013800001703202721
v -0.0007876511663198469 0.04828645288944243 -0.013800001703202721
v 0.0015060246223583813 0.04140902310609817 -0.013800001703202721
v 0.002195913344621658 0.0479728691279888 -0.013800001703202721
v -0.02310499735176563 0.042150001972913735 -0.013800001703202721
v -0.021104997023940083 0.042150001972913735 -0.013800001703202721
v -0.02310499735176563 0.049350000917911516 -0.013800001703202721
v -0.027104998007416718 0.042150001972913735 -0.013800001703202721
v -0.027104998007416718 0.049350000917911516 -0.013800001703202721
v -0.029257239773869508 0.03798463568091392 -0.013800001703202721
v -0.03635499998927116 0.03674999997019767 -0.013800001703202721
v -0.03735499829053878 0.02935000136494636 -0.013800001703202721
v -0.03674270585179328 0.029228208586573594 -0.013800001703202721
v -0.03796729072928428 0.029228208586573594 -0.013800001703202721
v -0.03941646590828895 0.036141037940979 -0.013800001703202721
v -0.0407995618879795 0.03540175780653953 -0.013800001703202721
v -0.03791572153568267 0.03659628331661224 -0.013800001703202721
v -0.0430067554116249 0.03319456428289413 -0.013800001703202721
v -0.042011853307485574 0.0344068557024002 -0.013800001703202721
v -0.029104998335242264 0.042150001972913735 -0.013800001703202721
v -0.030339632183313363 0.036902241408824914 -0.013800001703202721
v -0.017505001276731488 -0.031750001013278954 -0.013799998909234997
v -0.02060500159859657 -0.041149996221065514 -0.008169999346137045
v -0.02060500159859657 -0.04162835329771041 -0.008265149779617785
v -0.02060500159859657 -0.04625000059604644 -0.006419999059289692
v -0.02060500159859657 -0.04203388094902038 -0.008536115288734434
v -0.02060500159859657 -0.042304843664169305 -0.00894164480268955
v -0.02060500159859657 -0.042400002479553216 -0.009419999085366724
v -0.02060500159859657 -0.042304843664169305 -0.009898353368043898
v -0.02060500159859657 -0.040671646595001214 -0.008265149779617785
v -0.02060500159859657 -0.03674999624490737 -0.006419999524950979
v -0.02060500159859657 -0.039995148777961724 -0.00894164480268955
v -0.02060500159859657 -0.04026611149311065 -0.008536115288734434
v -0.02060500159859657 -0.03989999741315841 -0.009419999085366724
v -0.02060500159859657 -0.04625000059604644 -0.016799999400973317
v -0.02060500159859657 -0.04203388094902038 -0.010303882881999014
v -0.02060500159859657 -0.041149996221065514 -0.010669998824596403
v -0.02060500159859657 -0.04162835329771041 -0.010574848391115664
v -0.02060500159859657 -0.03674999624490737 -0.016799999400973317
v -0.02060500159859657 -0.039995148777961724 -0.009898353368043898
v -0.02060500159859657 -0.040671646595001214 -0.010574848391115664
v -0.02060500159859657 -0.04026611149311065 -0.010303882881999014
v -0.029605001211166375 -0.041149996221065514 -0.010669998824596403
v -0.029605001211166375 -0.04162835329771041 -0.010574848391115664
v -0.029605001211166375 -0.04625000059604644 -0.016799999400973317
v -0.029605001211166375 -0.04203388094902038 -0.010303882881999014
v -0.029605001211166375 -0.042304843664169305 -0.009898353368043898
v -0.029605001211166375 -0.042400002479553216 -0.009419999085366724
v -0.029605001211166375 -0.04625000059604644 -0.006419999059289692
v -0.029605001211166375 -0.040671646595001214 -0.010574848391115664
v -0.029605001211166375 -0.03674999624490737 -0.016799999400973317
v -0.029605001211166375 -0.039995148777961724 -0.009898353368043898
v -0.029605001211166375 -0.04026611149311065 -0.010303882881999014
v -0.029605001211166375 -0.03674999624490737 -0.006419999524950979
v -0.029605001211166375 -0.042304843664169305 -0.00894164480268955
v -0.029605001211166375 -0.04203388094902038 -0.008536115288734434
v -0.029605001211166375 -0.041149996221065514 -0.008169999346137045
v -0.029605001211166375 -0.04162835329771041 -0.008265149779617785
v -0.029605001211166375 -0.039995148777961724 -0.00894164480268955
v -0.029605001211166375 -0.03989999741315841 -0.009419999085366724
v -0.029605001211166375 -0.040671646595001214 -0.008265149779617785
v -0.029605001211166375 -0.04026611149311065 -0.008536115288734434
v -0.021104997023940083 0.03875000029802322 -0.013800001703202721
v -0.021104997023940083 0.03875000029802322 -0.02180000208318233
v -0.021104997023940083 0.04087132215499877 -0.019678682088851925
v -0.021104997023940083 0.04184459149837493 -0.019028363749384877
v -0.021104997023940083 0.04299264028668403 -0.018800001591444012
v -0.021104997023940083 0.042150001972913735 -0.013800001703202721
v -0.021104997023940083 0.045830760151147835 -0.01671924069523811
v -0.021104997023940083 0.045548956841230386 -0.01629749126732349
v -0.021104997023940083 0.04545000195503234 -0.015800002962350842
v -0.021104997023940083 0.046252511441707604 -0.01700104586780071
v -0.021104997023940083 0.045548956841230386 -0.015302513726055619
v -0.021104997023940083 0.04415000230073928 -0.01180000230669975
v -0.021104997023940083 0.045830760151147835 -0.014880763366818425
v -0.021104997023940083 0.0467500016093254 -0.014500002376735207
v -0.021104997023940083 0.046329047530889504 -0.012016269378364083
v -0.021104997023940083 0.046252511441707604 -0.014598958194255825
v -0.021104997023940083 0.045972183346748345 -0.011777819134294983
v -0.021104997023940083 0.049350000917911516 -0.018800001591444012
v -0.021104997023940083 0.0467500016093254 -0.017100002616643902
v -0.021104997023940083 0.047247488051652894 -0.01700104586780071
v -0.021104997023940083 0.04795104265213011 -0.01629749126732349
v -0.021104997023940083 0.04766923934221266 -0.01671924069523811
v -0.021104997023940083 0.048050001263618455 -0.015800002962350842
v -0.021104997023940083 0.047247488051652894 -0.014598958194255825
v -0.021104997023940083 0.047170951962470994 -0.012016269378364083
v -0.021104997023940083 0.04752781987190245 -0.011777819134294983
v -0.021104997023940083 0.04766923934221266 -0.014880763366818425
v -0.021104997023940083 0.04795104265213011 -0.015302513726055619
v -0.021104997023940083 0.049350000917911516 -0.011000001803040503
v -0.021104997023940083 0.0467500016093254 -0.012100001797080037
v -0.021104997023940083 0.045650001615285866 -0.011000001803040503
v -0.021104997023940083 0.04415000230073928 -0.011000001803040503
v -0.021104997023940083 0.04434791207313537 -0.010005025193095205
v -0.021104997023940083 0.045733731240034096 -0.011420954018831251
v -0.021104997023940083 0.04491152241826057 -0.009161524474620817
v -0.021104997023940083 0.045733731240034096 -0.010579050518572329
v -0.021104997023940083 0.045972183346748345 -0.01022218447178602
v -0.021104997023940083 0.046329047530889504 -0.009983734227716921
v -0.021104997023940083 0.045755024999380105 -0.008597915060818194
v -0.021104997023940083 0.0467500016093254 -0.008400002494454382
v -0.021104997023940083 0.0477662682533264 -0.011420954018831251
v -0.021104997023940083 0.04915208742022513 -0.010005025193095205
v -0.021104997023940083 0.04785000160336493 -0.011000001803040503
v -0.021104997023940083 0.0477662682533264 -0.010579050518572329
v -0.021104997023940083 0.0467500016093254 -0.009900001809000967
v -0.021104997023940083 0.047170951962470994 -0.009983734227716921
v -0.021104997023940083 0.04774497821927069 -0.008597915060818194
v -0.021104997023940083 0.04752781987190245 -0.01022218447178602
v -0.021104997023940083 0.04858847707509993 -0.009161524474620817
v -0.029104998335242264 0.03920208662748336 -0.021347915753722187
v -0.029104998335242264 0.03875000029802322 -0.02080000191926956
v -0.029104998335242264 0.04087132215499877 -0.019678682088851925
v -0.029104998335242264 0.04184459149837493 -0.019028363749384877
v -0.029104998335242264 0.03875000029802322 -0.013800001703202721
v -0.029104998335242264 0.04299264028668403 -0.018800001591444012
v -0.029104998335242264 0.045548956841230386 -0.01629749126732349
v -0.029104998335242264 0.045830760151147835 -0.01671924069523811
v -0.029104998335242264 0.042150001972913735 -0.013800001703202721
v -0.029104998335242264 0.046252511441707604 -0.01700104586780071
v -0.029104998335242264 0.04545000195503234 -0.015800002962350842
v -0.029104998335242264 0.04415000230073928 -0.01180000230669975
v -0.029104998335242264 0.045548956841230386 -0.015302513726055619
v -0.029104998335242264 0.045830763876438134 -0.014880763366818425
v -0.029104998335242264 0.046252511441707604 -0.014598958194255825
v -0.029104998335242264 0.045972183346748345 -0.011777819134294983
v -0.029104998335242264 0.0467500016093254 -0.017100002616643902
v -0.029104998335242264 0.049350000917911516 -0.018800001591444012
v -0.029104998335242264 0.047247488051652894 -0.01700104586780071
v -0.029104998335242264 0.04766923934221266 -0.01671924069523811
v -0.029104998335242264 0.04795104265213011 -0.01629749126732349
v -0.029104998335242264 0.048050001263618455 -0.015800002962350842
v -0.029104998335242264 0.0467500016093254 -0.014500002376735207
v -0.029104998335242264 0.046329047530889504 -0.012016269378364083
v -0.029104998335242264 0.0467500016093254 -0.012100001797080037
v -0.029104998335242264 0.047247488051652894 -0.014598958194255825
v -0.029104998335242264 0.047170951962470994 -0.012016269378364083
v -0.029104998335242264 0.049350000917911516 -0.011000001803040503
v -0.029104998335242264 0.04752781987190245 -0.011777819134294983
v -0.029104998335242264 0.04766923934221266 -0.014880763366818425
v -0.029104998335242264 0.04795104265213011 -0.015302513726055619
v -0.029104998335242264 0.04415000230073928 -0.011000001803040503
v -0.029104998335242264 0.045650001615285866 -0.011000001803040503
v -0.029104998335242264 0.04434791579842567 -0.010005025193095205
v -0.029104998335242264 0.045733734965324395 -0.011420954018831251
v -0.029104998335242264 0.045733734965324395 -0.010579050518572329
v -0.029104998335242264 0.04491152241826057 -0.009161524474620817
v -0.029104998335242264 0.045972183346748345 -0.01022218447178602
v -0.029104998335242264 0.045755024999380105 -0.008597915060818194
v -0.029104998335242264 0.046329047530889504 -0.009983734227716921
v -0.029104998335242264 0.0467500016093254 -0.008400002494454382
v -0.029104998335242264 0.0477662682533264 -0.011420954018831251
v -0.029104998335242264 0.04785000160336493 -0.011000001803040503
v -0.029104998335242264 0.04915208742022513 -0.010005025193095205
v -0.029104998335242264 0.0477662682533264 -0.010579050518572329
v -0.029104998335242264 0.047170951962470994 -0.009983734227716921
v -0.029104998335242264 0.0467500016093254 -0.009900001809000967
v -0.029104998335242264 0.04774497821927069 -0.008597915060818194
v -0.029104998335242264 0.04858847707509993 -0.009161524474620817
v -0.029104998335242264 0.04752781987190245 -0.01022218447178602
v -0.03270500153303146 -0.031750001013278954 -0.013799998909234997
v -0.03270500153303146 -0.03674999624490737 -0.008799999020993708
v -0.03270500153303146 -0.03674999624490737 -0.023799998685717576
v -0.03270499780774116 0.023950001224875443 -0.023800000548362725
v -0.03270499780774116 0.023950003087520592 -0.013800000771880146
v -0.03270499780774116 0.023950001224875443 -0.023800000548362725
v -0.01750499941408634 0.023950001224875443 -0.023800000548362725
v -0.01750499941408634 0.023950001224875443 -0.013800000771880146
v -0.03270499780774116 0.023950003087520592 -0.013800000771880146
v -0.017505001276731488 -0.031750001013278954 -0.013799998909234997
v -0.01750499941408634 0.023950001224875443 -0.013800000771880146
v -0.01750499941408634 0.023950001224875443 -0.023800000548362725
v -0.017505001276731488 -0.03674999624490737 -0.023799998685717576
v -0.017505001276731488 -0.03674999624490737 -0.008799999020993708
v -0.02060500159859657 -0.03674999624490737 -0.006419999524950979
v -0.0058521577157080165 -0.03674999624490737 -0.006419999524950979
v -0.017505001276731488 -0.03674999624490737 -0.008799999020993708
v -0.0058521577157080165 -0.03674999624490737 -0.008799999020993708
v -0.04435500130057334 -0.03674999624490737 -0.0005699990433640777
v -0.039355002343654626 -0.03674999624490737 -0.0005699990433640777
v -0.039355002343654626 -0.03674999624490737 -0.006419999524950979
v -0.03270500153303146 -0.03674999624490737 -0.008799999020993708
v -0.029605001211166375 -0.03674999624490737 -0.006419999524950979
v -0.04435500130057334 -0.03674999624490737 -0.008799999020993708
v -0.02060500159859657 -0.03674999624490737 -0.011609999462962149
v -0.029605001211166375 -0.03674999624490737 -0.016799999400973317
v -0.03270500153303146 -0.03674999624490737 -0.023799998685717576
v -0.03270500153303146 -0.03674999624490737 -0.016299998387694355
v -0.017505001276731488 -0.03674999624490737 -0.023799998685717576
v -0.02060500159859657 -0.03674999624490737 -0.016799999400973317
v -0.017505001276731488 -0.03674999624490737 -0.016299998387694355
v -0.029605001211166375 -0.03674999624490737 -0.011609999462962149
v -0.03635499998927116 0.03674999997019767 -0.02080000191926956
v -0.03635499998927116 0.03674999997019767 -0.013800001703202721
v -0.03110499866306781 0.03674999997019767 -0.013800001703202721
v -0.03110499866306781 0.03674999997019767 -0.02080000191926956
v -0.01984118856489658 0.03689042478799819 -0.0236595794558525
v -0.019104998558759686 0.03674999997019767 -0.013800001703202721
v -0.019104998558759686 0.03674999997019767 -0.023800002411007874
v -0.019870365038514134 0.036902241408824914 -0.013800001703202721
v -0.02095275744795799 0.03798463195562362 -0.013800001703202721
v -0.02051921188831329 0.03733578696846961 -0.023214215412735936
v -0.02051921188831329 0.03733578696846961 -0.013800001703202721
v -0.02096457593142986 0.03801381215453147 -0.022536192089319226
v -0.030339632183313363 0.036902241408824914 -0.013800001703202721
v -0.030339632183313363 0.036902241408824914 -0.02080000191926956
v -0.03110499866306781 0.03674999997019767 -0.02080000191926956
v -0.03110499866306781 0.03674999997019767 -0.013800001703202721
v -0.029257239773869508 0.03798463568091392 -0.013800001703202721
v -0.029257239773869508 0.03798463195562362 -0.02080000191926956
v -0.029690785333514207 0.03733578696846961 -0.02080000191926956
v -0.029690785333514207 0.03733578696846961 -0.013800001703202721
v -0.021104997023940083 0.047247488051652894 -0.01700104586780071
v -0.029104998335242264 0.047247488051652894 -0.01700104586780071
v -0.021104997023940083 0.04795104265213011 -0.01629749126732349
v -0.029104998335242264 0.04795104265213011 -0.01629749126732349
v -0.029104998335242264 0.04766923934221266 -0.01671924069523811
v -0.021104997023940083 0.04766923934221266 -0.01671924069523811
v -0.021104997023940083 0.048050001263618455 -0.015800002962350842
v -0.029104998335242264 0.048050001263618455 -0.015800002962350842
v -0.021104997023940083 0.04766923934221266 -0.014880763366818425
v -0.029104998335242264 0.04766923934221266 -0.014880763366818425
v -0.029104998335242264 0.04795104265213011 -0.015302513726055619
v -0.029104998335242264 0.047247488051652894 -0.014598958194255825
v -0.021104997023940083 0.047247488051652894 -0.014598958194255825
v -0.021104997023940083 0.04795104265213011 -0.015302513726055619
v -0.027104998007416718 0.045972183346748345 -0.01022218447178602
v -0.027104998007416718 0.04434791579842567 -0.010005025193095205
v -0.027104998007416718 0.045733734965324395 -0.010579050518572329
v -0.027104998007416718 0.04491152241826057 -0.009161524474620817
v -0.027104998007416718 0.04415000230073928 -0.011000001803040503
v -0.027104998007416718 0.0467500016093254 -0.009900001809000967
v -0.027104998007416718 0.045755024999380105 -0.008597915060818194
v -0.027104998007416718 0.046329047530889504 -0.009983734227716921
v -0.027104998007416718 0.045733734965324395 -0.011420954018831251
v -0.027104998007416718 0.04415000230073928 -0.01180000230669975
v -0.027104998007416718 0.046329047530889504 -0.012016269378364083
v -0.027104998007416718 0.042150001972913735 -0.013800001703202721
v -0.027104998007416718 0.045650001615285866 -0.011000001803040503
v -0.027104998007416718 0.045972183346748345 -0.011777819134294983
v -0.027104998007416718 0.0467500016093254 -0.012100001797080037
v -0.027104998007416718 0.0467500016093254 -0.008400002494454382
v -0.027104998007416718 0.04774497821927069 -0.008597915060818194
v -0.027104998007416718 0.047170951962470994 -0.009983734227716921
v -0.027104998007416718 0.04858847707509993 -0.009161524474620817
v -0.027104998007416718 0.04752781987190245 -0.01022218447178602
v -0.027104998007416718 0.04915208742022513 -0.010005025193095205
v -0.027104998007416718 0.049350000917911516 -0.011000001803040503
v -0.027104998007416718 0.0477662682533264 -0.010579050518572329
v -0.027104998007416718 0.049350000917911516 -0.013800001703202721
v -0.027104998007416718 0.04752781987190245 -0.011777819134294983
v -0.027104998007416718 0.047170951962470994 -0.012016269378364083
v -0.027104998007416718 0.0477662682533264 -0.011420954018831251
v -0.027104998007416718 0.04785000160336493 -0.011000001803040503
v -0.02310499735176563 0.04752781987190245 -0.01022218447178602
v -0.02310499735176563 0.04915208742022513 -0.010005025193095205
v -0.02310499735176563 0.0477662682533264 -0.010579050518572329
v -0.02310499735176563 0.04858847707509993 -0.009161524474620817
v -0.02310499735176563 0.049350000917911516 -0.011000001803040503
v -0.02310499735176563 0.047170951962470994 -0.009983734227716921
v -0.02310499735176563 0.0467500016093254 -0.009900001809000967
v -0.02310499735176563 0.04774497821927069 -0.008597915060818194
v -0.02310499735176563 0.0467500016093254 -0.008400002494454382
v -0.02310499735176563 0.04752781987190245 -0.011777819134294983
v -0.02310499735176563 0.049350000917911516 -0.013800001703202721
v -0.02310499735176563 0.04785000160336493 -0.011000001803040503
v -0.02310499735176563 0.0477662682533264 -0.011420954018831251
v -0.02310499735176563 0.0467500016093254 -0.012100001797080037
v -0.02310499735176563 0.047170951962470994 -0.012016269378364083
v -0.02310499735176563 0.042150001972913735 -0.013800001703202721
v -0.02310499735176563 0.045972183346748345 -0.01022218447178602
v -0.02310499735176563 0.04491152241826057 -0.009161524474620817
v -0.02310499735176563 0.046329047530889504 -0.009983734227716921
v -0.02310499735176563 0.045755024999380105 -0.008597915060818194
v -0.02310499735176563 0.04434791207313537 -0.010005025193095205
v -0.02310499735176563 0.04415000230073928 -0.011000001803040503
v -0.02310499735176563 0.045733731240034096 -0.010579050518572329
v -0.02310499735176563 0.04415000230073928 -0.01180000230669975
v -0.02310499735176563 0.045733731240034096 -0.011420954018831251
v -0.02310499735176563 0.045972183346748345 -0.011777819134294983
v -0.02310499735176563 0.046329047530889504 -0.012016269378364083
v -0.02310499735176563 0.045650001615285866 -0.011000001803040503
v -0.02310499735176563 0.047170951962470994 -0.012016269378364083
v -0.021104997023940083 0.0477662682533264 -0.011420954018831251
v -0.02310499735176563 0.0477662682533264 -0.011420954018831251
v -0.02310499735176563 0.04752781987190245 -0.011777819134294983
v -0.021104997023940083 0.047170951962470994 -0.012016269378364083
v -0.021104997023940083 0.04752781987190245 -0.011777819134294983
v -0.021104997023940083 0.04785000160336493 -0.011000001803040503
v -0.02310499735176563 0.04785000160336493 -0.011000001803040503
v -0.021104997023940083 0.04752781987190245 -0.01022218447178602
v -0.02310499735176563 0.04752781987190245 -0.01022218447178602
v -0.02310499735176563 0.0477662682533264 -0.010579050518572329
v -0.02310499735176563 0.047170951962470994 -0.009983734227716921
v -0.021104997023940083 0.047170951962470994 -0.009983734227716921
v -0.021104997023940083 0.0477662682533264 -0.010579050518572329
v -0.027104998007416718 0.047170951962470994 -0.012016269378364083
v -0.029104998335242264 0.047170951962470994 -0.012016269378364083
v -0.027104998007416718 0.0477662682533264 -0.011420954018831251
v -0.029104998335242264 0.0477662682533264 -0.011420954018831251
v -0.029104998335242264 0.04752781987190245 -0.011777819134294983
v -0.027104998007416718 0.04752781987190245 -0.011777819134294983
v -0.029104998335242264 0.04785000160336493 -0.011000001803040503
v -0.027104998007416718 0.04785000160336493 -0.011000001803040503
v -0.027104998007416718 0.0477662682533264 -0.010579050518572329
v -0.029104998335242264 0.04752781987190245 -0.01022218447178602
v -0.029104998335242264 0.0477662682533264 -0.010579050518572329
v -0.029104998335242264 0.047170951962470994 -0.009983734227716921
v -0.027104998007416718 0.04752781987190245 -0.01022218447178602
v -0.027104998007416718 0.047170951962470994 -0.009983734227716921
v -0.02310499735176563 0.04415000230073928 -0.01180000230669975
v -0.021104997023940083 0.04415000230073928 -0.011000001803040503
v -0.02310499735176563 0.04415000230073928 -0.011000001803040503
v -0.021104997023940083 0.04415000230073928 -0.01180000230669975
v -0.02310499735176563 0.049350000917911516 -0.011000001803040503
v -0.02310499735176563 0.04915208742022513 -0.010005025193095205
v -0.021104997023940083 0.049350000917911516 -0.011000001803040503
v -0.02310499735176563 0.04858847707509993 -0.009161524474620817
v -0.02310499735176563 0.04774497821927069 -0.008597915060818194
v -0.021104997023940083 0.04858847707509993 -0.009161524474620817
v -0.021104997023940083 0.04915208742022513 -0.010005025193095205
v -0.021104997023940083 0.04774497821927069 -0.008597915060818194
v -0.021104997023940083 0.0467500016093254 -0.008400002494454382
v -0.02310499735176563 0.0467500016093254 -0.008400002494454382
v -0.02310499735176563 0.045755024999380105 -0.008597915060818194
v -0.02310499735176563 0.04491152241826057 -0.009161524474620817
v -0.021104997023940083 0.04491152241826057 -0.009161524474620817
v -0.02310499735176563 0.04434791207313537 -0.010005025193095205
v -0.02310499735176563 0.04415000230073928 -0.011000001803040503
v -0.021104997023940083 0.04415000230073928 -0.011000001803040503
v -0.021104997023940083 0.04434791207313537 -0.010005025193095205
v -0.021104997023940083 0.045755024999380105 -0.008597915060818194
v -0.029104998335242264 0.049350000917911516 -0.011000001803040503
v -0.029104998335242264 0.04915208742022513 -0.010005025193095205
v -0.027104998007416718 0.049350000917911516 -0.011000001803040503
v -0.029104998335242264 0.04858847707509993 -0.009161524474620817
v -0.029104998335242264 0.04774497821927069 -0.008597915060818194
v -0.027104998007416718 0.04774497821927069 -0.008597915060818194
v -0.027104998007416718 0.04858847707509993 -0.009161524474620817
v -0.027104998007416718 0.04915208742022513 -0.010005025193095205
v -0.027104998007416718 0.0467500016093254 -0.008400002494454382
v -0.029104998335242264 0.0467500016093254 -0.008400002494454382
v -0.029104998335242264 0.045755024999380105 -0.008597915060818194
v -0.029104998335242264 0.04491152241826057 -0.009161524474620817
v -0.027104998007416718 0.04491152241826057 -0.009161524474620817
v -0.029104998335242264 0.04434791579842567 -0.010005025193095205
v -0.029104998335242264 0.04415000230073928 -0.011000001803040503
v -0.027104998007416718 0.04415000230073928 -0.011000001803040503
v -0.027104998007416718 0.04434791579842567 -0.010005025193095205
v -0.027104998007416718 0.045755024999380105 -0.008597915060818194
v -0.029104998335242264 0.04415000230073928 -0.01180000230669975
v -0.027104998007416718 0.04415000230073928 -0.011000001803040503
v -0.029104998335242264 0.04415000230073928 -0.011000001803040503
v -0.027104998007416718 0.04415000230073928 -0.01180000230669975
v -0.029104998335242264 0.049350000917911516 -0.018800001591444012
v -0.02310499735176563 0.049350000917911516 -0.013800001703202721
v -0.021104997023940083 0.049350000917911516 -0.018800001591444012
v -0.021104997023940083 0.049350000917911516 -0.011000001803040503
v -0.029104998335242264 0.049350000917911516 -0.011000001803040503
v -0.027104998007416718 0.049350000917911516 -0.013800001703202721
v -0.02310499735176563 0.049350000917911516 -0.011000001803040503
v -0.027104998007416718 0.049350000917911516 -0.011000001803040503
v -0.006030343938618897 -0.04015000164508819 -0.010169998742640017
v -0.02060500159859657 -0.039995148777961724 -0.009898353368043898
v -0.0060519245453178865 -0.04056176543235778 -0.010522940196096895
v -0.02060500159859657 -0.04026611149311065 -0.010303882881999014
v -0.006082753185182808 -0.041149996221065514 -0.010669998824596403
v -0.02060500159859657 -0.040671646595001214 -0.010574848391115664
v -0.02060500159859657 -0.041149996221065514 -0.010669998824596403
v -0.02060500159859657 -0.04162835329771041 -0.010574848391115664
v -0.00611358182504773 -0.041738234460353844 -0.010522940196096895
v -0.00613516056910157 -0.04214999824762344 -0.010169998742640017
v -0.02060500159859657 -0.04203388094902038 -0.010303882881999014
v -0.02060500159859657 -0.042304843664169305 -0.009898353368043898
v 0.008359939791262148 -0.04266799613833427 -0.008169999346137045
v 0.008409944362938402 -0.04219225421547889 -0.008265149779617785
v 0.008819867856800554 -0.03829209133982658 -0.006419999524950979
v 0.008452330715954302 -0.041788946837186806 -0.008536115288734434
v 0.008480657823383806 -0.04151946678757667 -0.00894164480268955
v 0.008490600623190401 -0.04142483696341514 -0.009419999085366724
v 0.008480657823383806 -0.04151946678757667 -0.009898353368043898
v 0.00830994267016649 -0.04314372316002845 -0.008265149779617785
v 0.00782684702426195 -0.047740053385496126 -0.006419999059289692
v 0.008239229209721087 -0.04381651803851127 -0.00894164480268955
v 0.008267552591860293 -0.043547030538320534 -0.008536115288734434
v 0.008229282684624193 -0.0439111404120922 -0.009419999085366724
v 0.008819867856800554 -0.03829209133982658 -0.016799999400973317
v 0.008452330715954302 -0.041788946837186806 -0.010303882881999014
v 0.008359939791262148 -0.04266799613833427 -0.010669998824596403
v 0.008409944362938402 -0.04219225421547889 -0.010574848391115664
v 0.00782684702426195 -0.047740053385496126 -0.016799999400973317
v 0.008239229209721087 -0.04381651803851127 -0.009898353368043898
v 0.00830994267016649 -0.04314372316002845 -0.010574848391115664
v 0.008267552591860293 -0.043547030538320534 -0.010303882881999014
v 0.017310639843344685 -0.043608743697404855 -0.010669998824596403
v 0.01736064441502094 -0.04313301667571067 -0.010574848391115664
v 0.01777056790888309 -0.03923285380005836 -0.016799999400973317
v 0.01740303076803684 -0.04272970929741859 -0.010303882881999014
v 0.017431357875466343 -0.04246022179722785 -0.009898353368043898
v 0.017441300675272938 -0.04236559197306632 -0.009419999085366724
v 0.01777056790888309 -0.03923285380005836 -0.006419999059289692
v 0.01726063899695873 -0.04408448562026023 -0.010574848391115664
v 0.01677754148840904 -0.04868080839514731 -0.016799999400973317
v 0.017189925536513325 -0.04475727304816245 -0.009898353368043898
v 0.01721824891865253 -0.04448778554797172 -0.010303882881999014
v 0.01677754148840904 -0.04868080839514731 -0.006419999059289692
v 0.017431357875466343 -0.04246022179722785 -0.00894164480268955
v 0.01740303076803684 -0.04272970929741859 -0.008536115288734434
v 0.017310639843344685 -0.043608743697404855 -0.008169999346137045
v 0.01736064441502094 -0.04313301667571067 -0.008265149779617785
v 0.017189925536513325 -0.04475727304816245 -0.00894164480268955
v 0.017179979011416432 -0.04485190287232398 -0.009419999085366724
v 0.01726063899695873 -0.04408448562026023 -0.008265149779617785
v 0.01721824891865253 -0.04448778554797172 -0.008536115288734434
v 0.026097519323229783 0.04477619379758834 -0.01671924069523811
v 0.026181360706686967 0.045573882758617394 -0.017921322956681248
v 0.02612697891891002 0.04505645483732223 -0.01629749126732349
v 0.0262493398040533 0.046220637857913964 -0.01694805175065994
v 0.026053437963128083 0.04435675591230392 -0.01700104586780071
v 0.02607962675392627 0.044605944305658334 -0.018571641296148297
v 0.026001436635851853 0.043861992657184594 -0.017100002616643902
v 0.025959623977541917 0.04346418380737304 -0.018800001591444012
v 0.02613732405006885 0.045154869556426995 -0.015800002962350842
v 0.026273211464285844 0.046447750180959695 -0.015800002962350842
v 0.02612697891891002 0.04505645483732223 -0.015302513726055619
v 0.026097519323229783 0.04477619379758834 -0.014880763366818425
v 0.026001436635851853 0.043861992657184594 -0.014500002376735207
v 0.026053437963128083 0.04435675591230392 -0.014598958194255825
v 0.026045436039566987 0.044280637055635445 -0.012016269378364083
v 0.026082737371325486 0.04463554918766021 -0.011777819134294983
v 0.026273211464285844 0.046447750180959695 -0.011000001803040503
v 0.025608683004975312 0.04012521728873252 -0.018800001591444012
v 0.025905346497893326 0.04294778779149055 -0.01671924069523811
v 0.025949435308575623 0.04336722940206527 -0.01700104586780071
v 0.02548868022859096 0.03898345679044723 -0.019028363749384877
v 0.025520605966448777 0.03928719088435172 -0.013800001703202721
v 0.025165209546685212 0.035905815660953515 -0.013800001703202721
v 0.025386946275830262 0.03801551833748817 -0.019678682088851925
v 0.025165209546685212 0.035905815660953515 -0.02180000208318233
v 0.025729661807417863 0.04127623513340949 -0.011800001375377175
v 0.025875890627503388 0.04266752675175666 -0.015302513726055619
v 0.025905346497893326 0.04294778779149055 -0.014880763366818425
v 0.025865549221634858 0.042569112032651894 -0.015800002962350842
v 0.025875890627503388 0.04266752675175666 -0.01629749126732349
v 0.025920128449797623 0.04308843612670898 -0.011777819134294983
v 0.025949435308575623 0.04336722940206527 -0.014598958194255825
v 0.02595743350684642 0.04344334825873374 -0.012016269378364083
v 0.026107663288712495 0.0448726937174797 -0.011420954018831251
v 0.02611641399562358 0.04495596513152122 -0.011000001803040503
v 0.026252524927258485 0.04625092074275016 -0.010005025193095205
v 0.026001436635851853 0.043861992657184594 -0.012100001797080037
v 0.026107663288712495 0.0448726937174797 -0.010579050518572329
v 0.02619360946118831 0.04569039866328239 -0.009161524474620817
v 0.026082737371325486 0.04463554918766021 -0.01022218447178602
v 0.026045436039566987 0.044280637055635445 -0.009983734227716921
v 0.026105439290404313 0.04485151916742324 -0.008597915060818194
v 0.026001436635851853 0.043861992657184594 -0.008400001563131807
v 0.026001436635851853 0.043861992657184594 -0.009900001809000967
v 0.025895206257700913 0.04285129159688949 -0.011420954018831251
v 0.025886451825499528 0.04276801645755767 -0.011000001803040503
v 0.025729661807417863 0.04127623513340949 -0.011000001803040503
v 0.02575034834444522 0.04147306457161903 -0.010005025193095205
v 0.02595743350684642 0.04344334825873374 -0.009983734227716921
v 0.025920128449797623 0.04308843612670898 -0.01022218447178602
v 0.025897433981299393 0.042872466146945946 -0.008597915060818194
v 0.025895206257700913 0.04285129159688949 -0.010579050518572329
v 0.025809263810515397 0.0420335866510868 -0.009161524474620817
v 0.018170805647969242 0.04589268565177917 -0.01629749126732349
v 0.01822518743574619 0.046410109847784035 -0.017921322956681248
v 0.018141346052289006 0.04561242461204528 -0.01671924069523811
v 0.018293166533112522 0.0470568686723709 -0.01694805175065994
v 0.018097260966897007 0.04519298300147056 -0.01700104586780071
v 0.018045259639620777 0.044698219746351235 -0.017100002616643902
v 0.018123453482985493 0.045442171394824975 -0.018571641296148297
v 0.01800345070660114 0.04430041089653968 -0.018800001591444012
v 0.018181147053837773 0.045991100370883935 -0.015800002962350842
v 0.018317034468054768 0.04728397727012633 -0.015800002962350842
v 0.018170805647969242 0.04589268565177917 -0.015302513726055619
v 0.018141346052289006 0.04561242461204528 -0.014880763366818425
v 0.01808926276862621 0.045116867870092385 -0.012016269378364083
v 0.018097260966897007 0.04519298300147056 -0.014598958194255825
v 0.018045259639620777 0.044698219746351235 -0.014500002376735207
v 0.01812656037509441 0.04547177627682685 -0.011777819134294983
v 0.018317034468054768 0.04728397727012633 -0.011000001803040503
v 0.01794917322695255 0.04378401860594749 -0.01671924069523811
v 0.017652509734034535 0.04096144437789916 -0.018800001591444012
v 0.017993258312344548 0.04420345649123191 -0.01700104586780071
v 0.0175644289702177 0.040123417973518365 -0.013800001703202721
v 0.017532503232359883 0.03981968387961387 -0.019028363749384877
v 0.017430769279599186 0.03885174542665481 -0.019678682088851925
v 0.017209032550454136 0.036742046475410454 -0.013800001703202721
v 0.017209032550454136 0.036742046475410454 -0.02180000208318233
v 0.01794917322695255 0.04378401860594749 -0.014880763366818425
v 0.01791971735656261 0.0435037575662136 -0.015302513726055619
v 0.017773484811186787 0.042112462222576134 -0.01180000230669975
v 0.017909372225403782 0.043405342847108834 -0.015800002962350842
v 0.01791971735656261 0.0435037575662136 -0.01629749126732349
v 0.017993258312344548 0.04420345649123191 -0.014598958194255825
v 0.017963955178856846 0.04392466321587562 -0.011777819134294983
v 0.018001256510615345 0.044279575347900384 -0.012016269378364083
v 0.018160240724682804 0.04579219594597816 -0.011000001803040503
v 0.01815148629248142 0.04570892080664634 -0.011420954018831251
v 0.01829634793102741 0.047087147831916795 -0.010005025193095205
v 0.018045259639620777 0.044698219746351235 -0.012100001797080037
v 0.018237432464957234 0.04652662575244903 -0.009161524474620817
v 0.01815148629248142 0.04570892080664634 -0.010579050518572329
v 0.01812656037509441 0.04547177627682685 -0.01022218447178602
v 0.018149262294173237 0.04568774625658988 -0.008597915060818194
v 0.01808926276862621 0.045116867870092385 -0.009983734227716921
v 0.018045259639620777 0.044698219746351235 -0.008400001563131807
v 0.018045259639620777 0.044698219746351235 -0.009900001809000967
v 0.017939032986760136 0.04368751868605613 -0.011420954018831251
v 0.017773484811186787 0.042112462222576134 -0.011000001803040503
v 0.01793027855455875 0.04360424727201461 -0.011000001803040503
v 0.017794171348214146 0.04230929166078567 -0.010005025193095205
v 0.018001256510615345 0.044279575347900384 -0.009983734227716921
v 0.017963955178856846 0.04392466321587562 -0.01022218447178602
v 0.017941256985068318 0.04370869323611259 -0.008597915060818194
v 0.017939032986760136 0.04368751868605613 -0.010579050518572329
v 0.01785308681428432 0.04286981374025344 -0.009161524474620817
v 0.021376227959990498 -0.034584280103445046 -0.013799998909234997
v 0.020853580906987187 -0.03955688700079917 -0.023799998685717576
v 0.020853580906987187 -0.03955688700079917 -0.008799999020993708
v 0.02719846367835998 0.020810591056942936 -0.013800000771880146
v 0.02719846367835998 0.020810591056942936 -0.023800000548362725
v 0.012081732042133805 0.022399423643946644 -0.023800000548362725
v 0.02719846367835998 0.020810591056942936 -0.023800000548362725
v 0.02719846367835998 0.020810591056942936 -0.013800000771880146
v 0.012081732042133805 0.022399425506591793 -0.013800000771880146
v 0.006259491667151449 -0.03299544379115104 -0.013799998909234997
v 0.012081732042133805 0.022399423643946644 -0.023800000548362725
v 0.012081732042133805 0.022399425506591793 -0.013800000771880146
v 0.0057368497364222995 -0.03796805813908576 -0.008799999020993708
v 0.0057368497364222995 -0.03796805813908576 -0.023799998685717576
v 0.008819867856800554 -0.03829209133982658 -0.016799999400973317
v 0.0057368497364222995 -0.03796805813908576 -0.016299998387694355
v 0.0057368497364222995 -0.03796805813908576 -0.012549999170005318
v 0.01777056790888309 -0.03923285380005836 -0.006419999059289692
v 0.020853580906987187 -0.03955688700079917 -0.008799999020993708
v 0.01777056790888309 -0.03923285380005836 -0.011609999462962149
v 0.008819867856800554 -0.03829209133982658 -0.006419999524950979
v 0.008819867856800554 -0.03829209133982658 -0.011609999462962149
v 0.0057368497364222995 -0.03796805813908576 -0.008799999020993708
v -0.0058521577157080165 -0.03674999624490737 -0.006419999524950979
v -0.0058521577157080165 -0.03674999624490737 -0.008799999020993708
v 0.02821304462850093 -0.04033039882779121 -0.006419999059289692
v 0.01777056790888309 -0.03923285380005836 -0.016799999400973317
v 0.020853580906987187 -0.03955688700079917 -0.012549999170005318
v 0.020853580906987187 -0.03955688700079917 -0.016299998387694355
v 0.02821304462850093 -0.04033039882779121 -0.008799999020993708
v 0.020853580906987187 -0.03955688700079917 -0.023799998685717576
v 0.0057368497364222995 -0.03796805813908576 -0.023799998685717576
v 0.01697762124240398 0.035996783524751656 -0.013800001703202721
v 0.016992425546050068 0.036024566739797585 -0.022536192089319226
v 0.016478629782795903 0.03539681062102317 -0.013800001703202721
v 0.016478629782795903 0.03539681062102317 -0.023214215412735936
v 0.01575776375830173 0.03502475842833518 -0.0236595794558525
v 0.01578802056610584 0.03503346443176269 -0.013800001703202721
v 0.02523661218583583 0.035128731280565255 -0.013800001703202721
v 0.025227906182408326 0.035158984363079064 -0.022536192089319226
v 0.025599958375096314 0.03443811833858489 -0.013800001703202721
v 0.025599958375096314 0.03443811833858489 -0.023214215412735936
v 0.026227718219161027 0.03392432257533073 -0.0236595794558525
v 0.026199935004115098 0.033939126878976815 -0.013800001703202721
v 0.025949435308575623 0.04336722940206527 -0.01700104586780071
v 0.017993258312344548 0.04420345649123191 -0.01700104586780071
v 0.025905346497893326 0.04294778779149055 -0.01671924069523811
v 0.01791971735656261 0.0435037575662136 -0.01629749126732349
v 0.025875890627503388 0.04266752675175666 -0.01629749126732349
v 0.01794917322695255 0.04378401860594749 -0.01671924069523811
v 0.017909372225403782 0.043405342847108834 -0.015800002962350842
v 0.025865549221634858 0.042569112032651894 -0.015800002962350842
v 0.025905346497893326 0.04294778779149055 -0.014880763366818425
v 0.025875890627503388 0.04266752675175666 -0.015302513726055619
v 0.01794917322695255 0.04378401860594749 -0.014880763366818425
v 0.026001436635851853 0.043861992657184594 -0.014500002376735207
v 0.025949435308575623 0.04336722940206527 -0.014598958194255825
v 0.01791971735656261 0.0435037575662136 -0.015302513726055619
v 0.017993258312344548 0.04420345649123191 -0.014598958194255825
v 0.02396838925778865 0.04365240409970283 -0.012016269378364083
v 0.023531561717391007 0.03949625045061111 -0.013800001703202721
v 0.023740617558360093 0.04148529097437858 -0.011800001375377175
v 0.023906165733933442 0.043060347437858575 -0.011420954018831251
v 0.023740617558360093 0.04148529097437858 -0.011000001803040503
v 0.024012392386794083 0.04407104849815368 -0.012100001797080037
v 0.023931084200739854 0.04329749196767806 -0.011777819134294983
v 0.024284167215228074 0.04665680602192878 -0.013800001703202721
v 0.023897407576441758 0.042977076023817055 -0.011000001803040503
v 0.023931084200739854 0.04329749196767806 -0.01022218447178602
v 0.023761304095387452 0.04168212041258811 -0.010005025193095205
v 0.023820219561457627 0.042242642492055886 -0.009161524474620817
v 0.023906165733933442 0.04306035116314887 -0.010579050518572329
v 0.02396838925778865 0.04365240409970283 -0.009983734227716921
v 0.024012392386794083 0.04407104849815368 -0.009900001809000967
v 0.023908389732241624 0.04308152198791503 -0.008597915060818194
v 0.024056395515799515 0.04448969662189483 -0.012016269378364083
v 0.024093693122267716 0.044844605028629296 -0.011777819134294983
v 0.024284167215228074 0.04665680602192878 -0.011000001803040503
v 0.024118619039654725 0.045081749558448785 -0.011420954018831251
v 0.024127369746565812 0.0451650246977806 -0.011000001803040503
v 0.024263480678200715 0.04645997658371925 -0.010005025193095205
v 0.024118619039654725 0.045081749558448785 -0.010579050518572329
v 0.024116395041346543 0.04506057500839233 -0.008597915060818194
v 0.024012392386794083 0.04407104849815368 -0.008400001563131807
v 0.024056395515799515 0.04448969662189483 -0.009983734227716921
v 0.02420456521213054 0.04589945450425147 -0.009161524474620817
v 0.024093693122267716 0.044844605028629296 -0.01022218447178602
v 0.020149284973740574 0.045583136379718774 -0.011000001803040503
v 0.02014053054153919 0.045499864965677254 -0.011420954018831251
v 0.020306078717112538 0.04707492142915724 -0.011000001803040503
v 0.020306078717112538 0.04707492142915724 -0.013800001703202721
v 0.02011560462415218 0.045262720435857766 -0.011777819134294983
v 0.02014053054153919 0.045499864965677254 -0.010579050518572329
v 0.02007830701768398 0.044907808303833 -0.012016269378364083
v 0.020034303888678547 0.04448916390538215 -0.012100001797080037
v 0.01955347321927547 0.03991436213254928 -0.013800001703202721
v 0.02011560462415218 0.045262720435857766 -0.01022218447178602
v 0.02028539218008518 0.04687809199094771 -0.010005025193095205
v 0.020226476714015004 0.04631756991147994 -0.009161524474620817
v 0.020138306543231007 0.0454786904156208 -0.008597915060818194
v 0.02007830701768398 0.044907808303833 -0.009983734227716921
v 0.020034303888678547 0.04448916390538215 -0.008400001563131807
v 0.020034303888678547 0.04448916390538215 -0.009900001809000967
v 0.019762529060244557 0.04190340638160705 -0.01180000230669975
v 0.019990300759673115 0.0440705195069313 -0.012016269378364083
v 0.019952999427914616 0.04371560737490653 -0.011777819134294983
v 0.019928077235817906 0.043478462845087044 -0.011420954018831251
v 0.019762529060244557 0.04190340638160705 -0.011000001803040503
v 0.019928077235817906 0.043478462845087044 -0.010579050518572329
v 0.01991932280361652 0.04339518770575523 -0.011000001803040503
v 0.01984213106334209 0.042660757899284356 -0.009161524474620817
v 0.019952999427914616 0.04371560737490653 -0.01022218447178602
v 0.019990300759673115 0.0440705195069313 -0.009983734227716921
v 0.019930301234126088 0.0434996373951435 -0.008597915060818194
v 0.019783215597271916 0.04210023581981658 -0.010005025193095205
v 0.019990300759673115 0.0440705195069313 -0.012016269378364083
v 0.018001256510615345 0.044279575347900384 -0.012016269378364083
v 0.017963955178856846 0.04392466321587562 -0.011777819134294983
v 0.019952999427914616 0.04371560737490653 -0.011777819134294983
v 0.019928077235817906 0.043478462845087044 -0.011420954018831251
v 0.017939032986760136 0.04368751868605613 -0.011420954018831251
v 0.01793027855455875 0.04360424727201461 -0.011000001803040503
v 0.01991932280361652 0.04339518770575523 -0.011000001803040503
v 0.019952999427914616 0.04371560737490653 -0.01022218447178602
v 0.019928077235817906 0.043478462845087044 -0.010579050518572329
v 0.017963955178856846 0.04392466321587562 -0.01022218447178602
v 0.019990300759673115 0.0440705195069313 -0.009983734227716921
v 0.017939032986760136 0.04368751868605613 -0.010579050518572329
v 0.018001256510615345 0.044279575347900384 -0.009983734227716921
v 0.023906165733933442 0.043060347437858575 -0.011420954018831251
v 0.025895206257700913 0.04285129159688949 -0.011420954018831251
v 0.025920128449797623 0.04308843612670898 -0.011777819134294983
v 0.025886451825499528 0.04276801645755767 -0.011000001803040503
v 0.02396838925778865 0.04365240409970283 -0.012016269378364083
v 0.02595743350684642 0.04344334825873374 -0.012016269378364083
v 0.023931084200739854 0.04329749196767806 -0.011777819134294983
v 0.023897407576441758 0.042977076023817055 -0.011000001803040503
v 0.025920128449797623 0.04308843612670898 -0.01022218447178602
v 0.025895206257700913 0.04285129159688949 -0.010579050518572329
v 0.023906165733933442 0.04306035116314887 -0.010579050518572329
v 0.02595743350684642 0.04344334825873374 -0.009983734227716921
v 0.023931084200739854 0.04329749196767806 -0.01022218447178602
v 0.02396838925778865 0.04365240409970283 -0.009983734227716921
v 0.019762529060244557 0.04190340638160705 -0.01180000230669975
v 0.019762529060244557 0.04190340638160705 -0.011000001803040503
v 0.017773484811186787 0.042112462222576134 -0.011000001803040503
v 0.017773484811186787 0.042112462222576134 -0.01180000230669975
v 0.019762529060244557 0.04190340638160705 -0.011000001803040503
v 0.019783215597271916 0.04210023581981658 -0.010005025193095205
v 0.017794171348214146 0.04230929166078567 -0.010005025193095205
v 0.01984213106334209 0.042660757899284356 -0.009161524474620817
v 0.01785308681428432 0.04286981374025344 -0.009161524474620817
v 0.019930301234126088 0.0434996373951435 -0.008597915060818194
v 0.017773484811186787 0.042112462222576134 -0.011000001803040503
v 0.017941256985068318 0.04370869323611259 -0.008597915060818194
v 0.018045259639620777 0.044698219746351235 -0.008400001563131807
v 0.020034303888678547 0.04448916390538215 -0.008400001563131807
v 0.02028539218008518 0.04687809199094771 -0.010005025193095205
v 0.020306078717112538 0.04707492142915724 -0.011000001803040503
v 0.018317034468054768 0.04728397727012633 -0.011000001803040503
v 0.018237432464957234 0.04652662575244903 -0.009161524474620817
v 0.020226476714015004 0.04631756991147994 -0.009161524474620817
v 0.020138306543231007 0.0454786904156208 -0.008597915060818194
v 0.018149262294173237 0.04568774625658988 -0.008597915060818194
v 0.01829634793102741 0.047087147831916795 -0.010005025193095205
v 0.023740617558360093 0.04148529097437858 -0.011000001803040503
v 0.025729661807417863 0.04127623513340949 -0.011000001803040503
v 0.02575034834444522 0.04147306457161903 -0.010005025193095205
v 0.025809263810515397 0.0420335866510868 -0.009161524474620817
v 0.023820219561457627 0.042242642492055886 -0.009161524474620817
v 0.025897433981299393 0.042872466146945946 -0.008597915060818194
v 0.023908389732241624 0.04308152198791503 -0.008597915060818194
v 0.023761304095387452 0.04168212041258811 -0.010005025193095205
v 0.026001436635851853 0.043861992657184594 -0.008400001563131807
v 0.024012392386794083 0.04407104849815368 -0.008400001563131807
v 0.02420456521213054 0.04589945450425147 -0.009161524474620817
v 0.026105439290404313 0.04485151916742324 -0.008597915060818194
v 0.02619360946118831 0.04569039866328239 -0.009161524474620817
v 0.024263480678200715 0.04645997658371925 -0.010005025193095205
v 0.026252524927258485 0.04625092074275016 -0.010005025193095205
v 0.024284167215228074 0.04665680602192878 -0.011000001803040503
v 0.026273211464285844 0.046447750180959695 -0.011000001803040503
v 0.024116395041346543 0.04506057500839233 -0.008597915060818194
v 0.025729661807417863 0.04127623513340949 -0.011800001375377175
v 0.025729661807417863 0.04127623513340949 -0.011000001803040503
v 0.023740617558360093 0.04148529097437858 -0.011000001803040503
v 0.023740617558360093 0.04148529097437858 -0.011800001375377175
v 0.020306078717112538 0.04707492142915724 -0.013800001703202721
v 0.024284167215228074 0.04665680602192878 -0.013800001703202721
v 0.026273211464285844 0.046447750180959695 -0.015800002962350842
v 0.026273211464285844 0.046447750180959695 -0.011000001803040503
v 0.018317034468054768 0.04728397727012633 -0.011000001803040503
v 0.018317034468054768 0.04728397727012633 -0.015800002962350842
v 0.024284167215228074 0.04665680602192878 -0.011000001803040503
v 0.020306078717112538 0.04707492142915724 -0.011000001803040503
v -0.006030343938618897 -0.04015000164508819 -0.008669999428093432
v 0.008480657823383806 -0.04151946678757667 -0.00894164480268955
v -0.0060519245453178865 -0.04056176543235778 -0.008317057974636553
v 0.008452330715954302 -0.041788946837186806 -0.008536115288734434
v -0.006082753185182808 -0.041149996221065514 -0.008169999346137045
v 0.008409944362938402 -0.04219225421547889 -0.008265149779617785
v 0.008359939791262148 -0.04266799613833427 -0.008169999346137045
v -0.00613516056910157 -0.04214999824762344 -0.008669999428093432
v -0.00611358182504773 -0.041738234460353844 -0.008317057974636553
v 0.008267552591860293 -0.043547030538320534 -0.008536115288734434
v 0.008239229209721087 -0.04381651803851127 -0.00894164480268955
v 0.00830994267016649 -0.04314372316002845 -0.008265149779617785
v -0.006855004001408814 -0.08025000244379042 -0.023799998685717576
v -0.015857767313718792 -0.06976662576198576 -0.023799998685717576
v -0.01575500331819057 -0.06924999505281447 -0.023799998685717576
v -0.016150409355759617 -0.07020459324121474 -0.023799998685717576
v -0.006855002604424952 -0.04677836224436759 -0.023799998685717576
v -0.015857767313718792 -0.06873337179422377 -0.023799998685717576
v -0.015857765451073643 -0.05776662379503249 -0.023799998685717576
v -0.01575500331819057 -0.05725000053644179 -0.023799998685717576
v -0.016150409355759617 -0.0682954043149948 -0.023799998685717576
v -0.016150407493114468 -0.05820459872484206 -0.023799998685717576
v -0.01658838056027889 -0.07049723714590071 -0.023799998685717576
v -0.015857765451073643 -0.05673337727785109 -0.023799998685717576
v 0.03202762082219123 -0.04482216015458106 -0.023799998685717576
v 0.03140651062130927 -0.04549408331513404 -0.023799998685717576
v 0.03303346782922744 -0.04230099543929099 -0.023799998685717576
v 0.03285495936870574 -0.04319843277335166 -0.023799998685717576
v 0.03251588717103004 -0.044048313051462167 -0.023799998685717576
v 0.030673353001475327 -0.0460415594279766 -0.023799998685717576
v 0.029852697625756257 -0.04644626006484031 -0.023799998685717576
v 0.028155731037259095 -0.03287480399012565 -0.023799998685717576
v 0.01060292962938547 -0.04677836224436759 -0.023799998685717576
v 0.0057368497364222995 -0.03796805813908576 -0.023799998685717576
v 0.028972035273909562 -0.046694625169038766 -0.023799998685717576
v 0.028060859069228165 -0.04677836224436759 -0.023799998685717576
v -0.017505001276731488 -0.03674999624490737 -0.023799998685717576
v 0.027543434873223298 -0.032753009349107735 -0.023799998685717576
v 0.020853580906987187 -0.03955688700079917 -0.023799998685717576
v -0.016150407493114468 -0.05629540234804152 -0.023799998685717576
v -0.017105003818869587 -0.07059999555349349 -0.023799998685717576
v -0.01658838056027889 -0.06800276041030882 -0.023799998685717576
v -0.017105003818869587 -0.06790000200271605 -0.023799998685717576
v -0.01658838056027889 -0.058497235178947435 -0.023799998685717576
v -0.017621625214815136 -0.07049723714590071 -0.023799998685717576
v -0.018352240324020382 -0.06976662576198576 -0.023799998685717576
v -0.018059598281979557 -0.07020459324121474 -0.023799998685717576
v -0.032150410115718835 -0.07020459324121474 -0.023799998685717576
v -0.018059598281979557 -0.0682954043149948 -0.023799998685717576
v -0.018352240324020382 -0.06873337179422377 -0.023799998685717576
v -0.018352240324020382 -0.05776662379503249 -0.023799998685717576
v -0.017621625214815136 -0.06800276041030882 -0.023799998685717576
v -0.017621625214815136 -0.058497235178947435 -0.023799998685717576
v -0.03185776621103286 -0.06873337179422377 -0.023799998685717576
v -0.017105001956224438 -0.05859999358654021 -0.023799998685717576
v -0.01658838056027889 -0.056002758443355546 -0.023799998685717576
v -0.018059596419334408 -0.05820459872484206 -0.023799998685717576
v -0.017105001956224438 -0.05590000003576277 -0.023799998685717576
v -0.017621625214815136 -0.056002758443355546 -0.023799998685717576
v -0.018059596419334408 -0.05629540234804152 -0.023799998685717576
v -0.032150410115718835 -0.05629540234804152 -0.023799998685717576
v -0.04135500267148017 -0.08025000244379042 -0.023799998685717576
v 0.035088431090116494 0.02278979308903217 -0.023800000548362725
v 0.024026025086641305 -0.009373147040605543 -0.023800000548362725
v 0.03456935659050941 0.02244295738637447 -0.023800000548362725
v 0.035435266792774194 0.023308871313929554 -0.023800000548362725
v 0.029633937403559678 -0.030662510544061654 -0.023800000548362725
v 0.03334476798772811 0.02244295738637447 -0.023800000548362725
v 0.03395706042647361 0.022321164608001706 -0.023800000548362725
v 0.02719846367835998 0.020810591056942936 -0.023800000548362725
v 0.029633937403559678 -0.03188709542155265 -0.023799998685717576
v 0.029755728319287293 -0.031274799257516854 -0.023800000548362725
v 0.03247885406017303 0.023308871313929554 -0.023800000548362725
v 0.03282568976283073 0.02278979308903217 -0.023800000548362725
v 0.032357059419155114 0.0239211656153202 -0.023800000548362725
v 0.04086849838495254 0.03224431723356246 -0.023800002411007874
v 0.03555706143379211 0.0239211656153202 -0.023800000548362725
v 0.035435266792774194 0.024533458054065697 -0.023800002411007874
v 0.035895887762308114 0.032766960561275475 -0.023800002411007874
v 0.035088431090116494 0.025052536278963082 -0.023800002411007874
v 0.03456935659050941 0.02539937198162078 -0.023800002411007874
v 0.03247885406017303 0.024533458054065697 -0.023800002411007874
v 0.026945197954773896 0.03370771557092666 -0.023800002411007874
v 0.03334476798772811 0.02539937198162078 -0.023800002411007874
v 0.03282568976283073 0.025052536278963082 -0.023800002411007874
v 0.03395706042647361 0.025521162897348397 -0.023800002411007874
v 0.029287101700901978 -0.03014342859387397 -0.023800000548362725
v 0.028768023476004594 -0.032753009349107735 -0.023799998685717576
v 0.029287101700901978 -0.03240616992115974 -0.023799998685717576
v 0.026677520945668214 -0.03188709542155265 -0.023799998685717576
v 0.02702436037361621 -0.03240616992115974 -0.023799998685717576
v 0.026555730029940598 -0.031274799257516854 -0.023800000548362725
v 0.026677520945668214 -0.030662510544061654 -0.023800000548362725
v -0.01750499941408634 0.023950001224875443 -0.023800000548362725
v 0.028155731037259095 -0.029674801975488656 -0.023800000548362725
v 0.027543434873223298 -0.02979659661650657 -0.023800000548362725
v 0.015010931529104706 0.03496205806732177 -0.023800002411007874
v 0.028768023476004594 -0.02979659661650657 -0.023800000548362725
v 0.02702436037361621 -0.03014342859387397 -0.023800000548362725
v 0.005955993663519619 0.03591376915574073 -0.023800002411007874
v 0.012081732042133805 0.022399423643946644 -0.023800000548362725
v -0.003800992388278245 0.03674999997019767 -0.023800002411007874
v -0.0031238836236298076 0.03686810657382011 -0.023800002411007874
v -0.019104998558759686 0.03674999997019767 -0.023800002411007874
v -0.03175500407814979 -0.06924999505281447 -0.023799998685717576
v -0.03185776621103286 -0.06976662576198576 -0.023799998685717576
v -0.018455004319548603 -0.06924999505281447 -0.023799998685717576
v -0.03185776621103286 -0.05776662379503249 -0.023799998685717576
v -0.033105004578828805 -0.07059999555349349 -0.023799998685717576
v -0.032588381320238106 -0.07049723714590071 -0.023799998685717576
v -0.032588381320238106 -0.058497235178947435 -0.023799998685717576
v -0.032150410115718835 -0.0682954043149948 -0.023799998685717576
v -0.032588381320238106 -0.06800276041030882 -0.023799998685717576
v -0.033105004578828805 -0.06790000200271605 -0.023799998685717576
v -0.0336216278374195 -0.06800276041030882 -0.023799998685717576
v -0.033105004578828805 -0.05859999358654021 -0.023799998685717576
v -0.03175500407814979 -0.05725000053644179 -0.023799998685717576
v -0.018455002456903454 -0.05725000053644179 -0.023799998685717576
v -0.018352240324020382 -0.05673337727785109 -0.023799998685717576
v -0.03185776621103286 -0.05673337727785109 -0.023799998685717576
v -0.032150410115718835 -0.05820459872484206 -0.023799998685717576
v -0.032588381320238106 -0.056002758443355546 -0.023799998685717576
v -0.03270500153303146 -0.03674999624490737 -0.023799998685717576
v -0.033105004578828805 -0.05590000003576277 -0.023799998685717576
v -0.03270500153303146 -0.02157499827444553 -0.023800000548362725
v -0.03575500100851058 -0.02775000035762786 -0.023800000548362725
v -0.034059599041938775 -0.07020459324121474 -0.023799998685717576
v -0.0336216278374195 -0.07049723714590071 -0.023799998685717576
v -0.034059599041938775 -0.0682954043149948 -0.023799998685717576
v -0.033621624112129204 -0.058497235178947435 -0.023799998685717576
v -0.034059599041938775 -0.05820459872484206 -0.023799998685717576
v -0.03435223922133445 -0.06976662576198576 -0.023799998685717576
v -0.03445500507950782 -0.06924999505281447 -0.023799998685717576
v -0.03435223922133445 -0.06873337179422377 -0.023799998685717576
v -0.03435223922133445 -0.05776662379503249 -0.023799998685717576
v -0.034059599041938775 -0.05629540234804152 -0.023799998685717576
v -0.03435223922133445 -0.05673337727785109 -0.023799998685717576
v -0.033621624112129204 -0.056002758443355546 -0.023799998685717576
v -0.03848637267947196 -0.028881371021270745 -0.023800000548362725
v -0.03674270957708358 -0.029228210449218743 -0.023800000548362725
v -0.03735500201582908 -0.02934999763965606 -0.023800000548362725
v -0.03796729445457458 -0.029228210449218743 -0.023800000548362725
v -0.036223631352186196 -0.028881371021270745 -0.023800000548362725
v -0.03883320838212966 -0.02836229652166366 -0.023800000548362725
v -0.03445500135421752 -0.05725000053644179 -0.023799998685717576
v -0.0358767919242382 -0.02836229652166366 -0.023800000548362725
v -0.0358767919242382 -0.027137704193592065 -0.023800000548362725
v -0.035754997283220284 0.02775000222027301 -0.023800002411007874
v -0.03270499780774116 0.023950001224875443 -0.023800000548362725
v -0.0358767919242382 0.027137707918882363 -0.023800002411007874
v -0.036223631352186196 -0.02661862969398498 -0.023800000548362725
v -0.03674270585179328 -0.02627179026603698 -0.023800000548362725
v -0.03110499866306781 0.0337500013411045 -0.023800002411007874
v -0.02836638502776622 0.034566700458526604 -0.023800002411007874
v -0.03735499829053878 0.026150001212954514 -0.023800002411007874
v -0.03674270585179328 0.026271795853972428 -0.023800002411007874
v -0.0362236276268959 0.026618631556630128 -0.023800002411007874
v -0.03796729445457458 -0.02627179026603698 -0.023800000548362725
v -0.03735500201582908 -0.026150003075599663 -0.023800000548362725
v -0.02967610023915767 0.033958524465560906 -0.023800002411007874
v -0.02728509716689586 0.03552380204200744 -0.023800002411007874
v -0.02652242220938205 0.03674999997019767 -0.023800002411007874
v -0.0362236276268959 0.028881372883915894 -0.023800002411007874
v -0.03674270585179328 0.029228208586573594 -0.023800002411007874
v -0.03635499998927116 0.0337500013411045 -0.023800002411007874
v -0.0358767919242382 0.02836229465901851 -0.023800002411007874
v -0.03733044862747192 0.033653929829597466 -0.023800002411007874
v -0.03735499829053878 0.02935000136494636 -0.023800002411007874
v -0.03270500153303146 -0.006400001235306261 -0.023800000548362725
v -0.038486368954181664 0.026618631556630128 -0.023800002411007874
v -0.03796729072928428 0.026271795853972428 -0.023800002411007874
v -0.03848637267947196 -0.02661862969398498 -0.023800000548362725
v -0.03883320838212966 -0.027137704193592065 -0.023800000548362725
v -0.038955003023147576 -0.02775000035762786 -0.023800000548362725
v -0.04135499894618987 0.028750002384185784 -0.023800002411007874
v -0.03883320838212966 0.027137707918882363 -0.023800002411007874
v -0.03895499929785728 0.02775000222027301 -0.023800002411007874
v -0.03989053145051002 0.032285533845424645 -0.023800002411007874
v -0.03796729072928428 0.029228208586573594 -0.023800002411007874
v -0.038486368954181664 0.028881372883915894 -0.023800002411007874
v -0.03826841339468955 0.03336939960718154 -0.023800002411007874
v -0.03913284838199615 0.03290734812617301 -0.023800002411007874
v -0.03883320838212966 0.02836229465901851 -0.023800002411007874
v -0.040512345731258385 0.031527850776910775 -0.023800002411007874
v -0.04125892370939254 0.029725454747676842 -0.023800002411007874
v -0.040974397212266915 0.03066341951489448 -0.023800002411007874
v -0.01575500331819057 -0.06924999505281447 -0.018799997866153714
v -0.015857767313718792 -0.06976662576198576 -0.018799997866153714
v -0.010855004191398619 -0.08025000244379042 -0.018799997866153714
v -0.016150409355759617 -0.07020459324121474 -0.018799997866153714
v -0.01658838056027889 -0.07049723714590071 -0.018799997866153714
v -0.017105003818869587 -0.07059999555349349 -0.018799997866153714
v -0.01085500232875347 -0.04625000059604644 -0.018799997866153714
v -0.016150407493114468 -0.05820459872484206 -0.018799997866153714
v -0.01658838056027889 -0.06800276041030882 -0.018799997866153714
v -0.016150409355759617 -0.0682954043149948 -0.018799997866153714
v -0.015857765451073643 -0.05776662379503249 -0.018799997866153714
v -0.015857767313718792 -0.06873337179422377 -0.018799997866153714
v -0.01575500331819057 -0.05725000053644179 -0.018799997866153714
v -0.017621625214815136 -0.07049723714590071 -0.018799997866153714
v -0.032150410115718835 -0.07020459324121474 -0.018799997866153714
v -0.018059598281979557 -0.07020459324121474 -0.018799997866153714
v -0.018352240324020382 -0.06976662576198576 -0.018799997866153714
v -0.017105001956224438 -0.05859999358654021 -0.018799997866153714
v -0.017621625214815136 -0.06800276041030882 -0.018799997866153714
v -0.017105003818869587 -0.06790000200271605 -0.018799997866153714
v -0.03185776621103286 -0.06873337179422377 -0.018799997866153714
v -0.018352240324020382 -0.06873337179422377 -0.018799997866153714
v -0.018352240324020382 -0.05776662379503249 -0.018799997866153714
v -0.018059598281979557 -0.0682954043149948 -0.018799997866153714
v -0.017621625214815136 -0.058497235178947435 -0.018799997866153714
v -0.018455004319548603 -0.06924999505281447 -0.018799997866153714
v -0.03185776621103286 -0.06976662576198576 -0.018799997866153714
v -0.039355002343654626 -0.08025000244379042 -0.018799997866153714
v -0.01658838056027889 -0.058497235178947435 -0.018799997866153714
v -0.016150407493114468 -0.05629540234804152 -0.018799997866153714
v -0.015857765451073643 -0.05673337727785109 -0.018799997866153714
v -0.01658838056027889 -0.056002758443355546 -0.018799997866153714
v -0.017105001956224438 -0.05590000003576277 -0.018799997866153714
v -0.018059596419334408 -0.05820459872484206 -0.018799997866153714
v -0.017621625214815136 -0.056002758443355546 -0.018799997866153714
v -0.03175500407814979 -0.05725000053644179 -0.018799997866153714
v -0.018455002456903454 -0.05725000053644179 -0.018799997866153714
v -0.018352240324020382 -0.05673337727785109 -0.018799997866153714
v -0.032150410115718835 -0.05629540234804152 -0.018799997866153714
v -0.018059596419334408 -0.05629540234804152 -0.018799997866153714
v -0.039355002343654626 -0.04625000059604644 -0.018799997866153714
v -0.032588381320238106 -0.056002758443355546 -0.018799997866153714
v -0.03175500407814979 -0.06924999505281447 -0.018799997866153714
v -0.032588381320238106 -0.07049723714590071 -0.018799997866153714
v -0.033105004578828805 -0.07059999555349349 -0.018799997866153714
v -0.03185776621103286 -0.05776662379503249 -0.018799997866153714
v -0.032588381320238106 -0.058497235178947435 -0.018799997866153714
v -0.032588381320238106 -0.06800276041030882 -0.018799997866153714
v -0.032150410115718835 -0.0682954043149948 -0.018799997866153714
v -0.032150410115718835 -0.05820459872484206 -0.018799997866153714
v -0.0336216278374195 -0.07049723714590071 -0.018799997866153714
v -0.034059599041938775 -0.07020459324121474 -0.018799997866153714
v -0.03445500507950782 -0.06924999505281447 -0.018799997866153714
v -0.03435223922133445 -0.06976662576198576 -0.018799997866153714
v -0.033105004578828805 -0.05859999358654021 -0.018799997866153714
v -0.0336216278374195 -0.06800276041030882 -0.018799997866153714
v -0.033105004578828805 -0.06790000200271605 -0.018799997866153714
v -0.03435223922133445 -0.06873337179422377 -0.018799997866153714
v -0.03445500135421752 -0.05725000053644179 -0.018799997866153714
v -0.03435223922133445 -0.05776662379503249 -0.018799997866153714
v -0.034059599041938775 -0.0682954043149948 -0.018799997866153714
v -0.033621624112129204 -0.058497235178947435 -0.018799997866153714
v -0.03185776621103286 -0.05673337727785109 -0.018799997866153714
v -0.034059599041938775 -0.05820459872484206 -0.018799997866153714
v -0.033621624112129204 -0.056002758443355546 -0.018799997866153714
v -0.033105004578828805 -0.05590000003576277 -0.018799997866153714
v -0.03435223922133445 -0.05673337727785109 -0.018799997866153714
v -0.034059599041938775 -0.05629540234804152 -0.018799997866153714
v 0.0006502245669253169 -0.08025000244379042 0.026758212596178048
v 0.0006502245669253169 -0.08025000244379042 0.027562987059354775
v 0.00014499695680569855 -0.08025000244379042 0.027700003236532204
v 0.00014499695680569855 -0.08025000244379042 0.02659999951720237
v 0.0010170054156333206 -0.08025000244379042 0.027189489454030984
v -0.0038550037425011388 -0.08025000244379042 0.02659999951720237
v -0.010855004191398619 -0.08025000244379042 -0.018799997866153714
v -0.010855004191398619 -0.08025000244379042 0.027700003236532204
v -0.039355002343654626 -0.08025000244379042 -0.018799997866153714
v -0.039355002343654626 -0.08025000244379042 -0.004549998324364423
v -0.04435500502586364 -0.08025000244379042 -0.004549998324364423
v -0.0038550037425011388 -0.08025000244379042 -0.02079999819397926
v -0.004733682144433259 -0.08025000244379042 -0.022921318188309666
v -0.00408336566761136 -0.08025000244379042 -0.021948048844933506
v -0.006855004001408814 -0.08025000244379042 -0.023799998685717576
v -0.005706953350454568 -0.08025000244379042 -0.02357163652777671
v -0.04135500267148017 -0.08025000244379042 -0.023799998685717576
v -0.044126644730567925 -0.08025000244379042 -0.021948048844933506
v -0.04347632452845573 -0.08025000244379042 -0.022921318188309666
v -0.04435500502586364 -0.08025000244379042 -0.02079999819397926
v -0.04250305518507957 -0.08025000244379042 -0.02357163652777671
v -0.015857765451073643 -0.05673337727785109 -0.018799997866153714
v -0.015857765451073643 -0.05673337727785109 -0.023799998685717576
v -0.01575500331819057 -0.05725000053644179 -0.023799998685717576
v -0.01658838056027889 -0.056002758443355546 -0.018799997866153714
v -0.01658838056027889 -0.056002758443355546 -0.023799998685717576
v -0.016150407493114468 -0.05629540234804152 -0.023799998685717576
v -0.016150407493114468 -0.05629540234804152 -0.018799997866153714
v -0.017105001956224438 -0.05590000003576277 -0.018799997866153714
v -0.017105001956224438 -0.05590000003576277 -0.023799998685717576
v -0.018059596419334408 -0.05629540234804152 -0.018799997866153714
v -0.018059596419334408 -0.05629540234804152 -0.023799998685717576
v -0.017621625214815136 -0.056002758443355546 -0.023799998685717576
v -0.018352240324020382 -0.05673337727785109 -0.023799998685717576
v -0.018352240324020382 -0.05673337727785109 -0.018799997866153714
v -0.017621625214815136 -0.056002758443355546 -0.018799997866153714
v -0.03185776621103286 -0.06873337179422377 -0.018799997866153714
v -0.03185776621103286 -0.06873337179422377 -0.023799998685717576
v -0.03175500407814979 -0.06924999505281447 -0.023799998685717576
v -0.032588381320238106 -0.06800276041030882 -0.018799997866153714
v -0.032588381320238106 -0.06800276041030882 -0.023799998685717576
v -0.032150410115718835 -0.0682954043149948 -0.023799998685717576
v -0.032150410115718835 -0.0682954043149948 -0.018799997866153714
v -0.033105004578828805 -0.06790000200271605 -0.018799997866153714
v -0.033105004578828805 -0.06790000200271605 -0.023799998685717576
v -0.034059599041938775 -0.0682954043149948 -0.018799997866153714
v -0.034059599041938775 -0.0682954043149948 -0.023799998685717576
v -0.0336216278374195 -0.06800276041030882 -0.023799998685717576
v -0.03435223922133445 -0.06873337179422377 -0.023799998685717576
v -0.03435223922133445 -0.06873337179422377 -0.018799997866153714
v -0.0336216278374195 -0.06800276041030882 -0.018799997866153714
v -0.015857767313718792 -0.06873337179422377 -0.018799997866153714
v -0.015857767313718792 -0.06873337179422377 -0.023799998685717576
v -0.01575500331819057 -0.06924999505281447 -0.023799998685717576
v -0.01658838056027889 -0.06800276041030882 -0.018799997866153714
v -0.01658838056027889 -0.06800276041030882 -0.023799998685717576
v -0.016150409355759617 -0.0682954043149948 -0.023799998685717576
v -0.016150409355759617 -0.0682954043149948 -0.018799997866153714
v -0.017105003818869587 -0.06790000200271605 -0.018799997866153714
v -0.017105003818869587 -0.06790000200271605 -0.023799998685717576
v -0.018059598281979557 -0.0682954043149948 -0.018799997866153714
v -0.018059598281979557 -0.0682954043149948 -0.023799998685717576
v -0.017621625214815136 -0.06800276041030882 -0.023799998685717576
v -0.018352240324020382 -0.06873337179422377 -0.023799998685717576
v -0.018352240324020382 -0.06873337179422377 -0.018799997866153714
v -0.017621625214815136 -0.06800276041030882 -0.018799997866153714
v -0.03185776621103286 -0.05673337727785109 -0.018799997866153714
v -0.03185776621103286 -0.05673337727785109 -0.023799998685717576
v -0.03175500407814979 -0.05725000053644179 -0.023799998685717576
v -0.032588381320238106 -0.056002758443355546 -0.018799997866153714
v -0.032588381320238106 -0.056002758443355546 -0.023799998685717576
v -0.032150410115718835 -0.05629540234804152 -0.023799998685717576
v -0.032150410115718835 -0.05629540234804152 -0.018799997866153714
v -0.033105004578828805 -0.05590000003576277 -0.018799997866153714
v -0.033105004578828805 -0.05590000003576277 -0.023799998685717576
v -0.034059599041938775 -0.05629540234804152 -0.018799997866153714
v -0.034059599041938775 -0.05629540234804152 -0.023799998685717576
v -0.033621624112129204 -0.056002758443355546 -0.023799998685717576
v -0.03435223922133445 -0.05673337727785109 -0.023799998685717576
v -0.03435223922133445 -0.05673337727785109 -0.018799997866153714
v -0.033621624112129204 -0.056002758443355546 -0.018799997866153714
v -0.039355002343654626 -0.08025000244379042 0.008450001478195189
v -0.039355002343654626 -0.07049723714590071 0.012966622598469254
v -0.039355002343654626 -0.08025000244379042 0.027700003236532204
v -0.039355002343654626 -0.07020459324121474 0.013404595665633675
v -0.039355002343654626 -0.06976662576198576 0.013697239570319649
v -0.039355002343654626 -0.06924999505281447 0.013800001703202721
v -0.039355002343654626 -0.06873337179422377 0.013697239570319649
v -0.039355002343654626 -0.07059999555349349 0.012450001202523705
v -0.039355002343654626 -0.07175000011920928 0.008450000546872614
v -0.039355002343654626 -0.07049723714590071 0.011933377943933007
v -0.039355002343654626 -0.06976662576198576 0.011202764697372912
v -0.039355002343654626 -0.07020459324121474 0.011495406739413737
v -0.039355002343654626 -0.06924999505281447 0.01110000256448984
v -0.039355002343654626 -0.05820459872484206 0.013404595665633675
v -0.039355002343654626 -0.0682954043149948 0.013404595665633675
v -0.039355002343654626 -0.058497235178947435 0.012966622598469254
v -0.039355002343654626 -0.06800276041030882 0.012966622598469254
v -0.039355002343654626 -0.05859999358654021 0.012450001202523705
v -0.039355002343654626 -0.05776662379503249 0.013697239570319649
v -0.039355002343654626 -0.06790000200271605 0.012450001202523705
v -0.039355002343654626 -0.05820459872484206 0.011495406739413737
v -0.039355002343654626 -0.06800276041030882 0.011933377943933007
v -0.039355002343654626 -0.0682954043149948 0.011495406739413737
v -0.039355002343654626 -0.06873337179422377 0.011202764697372912
v -0.039355002343654626 -0.05776662379503249 0.011202764697372912
v -0.039355002343654626 -0.058497235178947435 0.011933377943933007
v -0.039355002343654626 -0.04824999719858168 0.027700001373887055
v -0.039355002343654626 -0.07175000011920928 -0.004549998324364423
v -0.039355002343654626 -0.07020459324121474 -0.010595403611660002
v -0.039355002343654626 -0.06976662576198576 -0.010302760638296602
v -0.039355002343654626 -0.06924999505281447 -0.01019999850541353
v -0.039355002343654626 -0.07049723714590071 -0.011033375747501848
v -0.039355002343654626 -0.08025000244379042 -0.004549998324364423
v -0.039355002343654626 -0.08025000244379042 -0.018799997866153714
v -0.039355002343654626 -0.07059999555349349 -0.011549998074769972
v -0.039355002343654626 -0.07049723714590071 -0.012066620402038094
v -0.039355002343654626 -0.06976662576198576 -0.01279723551124334
v -0.039355002343654626 -0.07020459324121474 -0.01250459253787994
v -0.039355002343654626 -0.06924999505281447 -0.012899998575448986
v -0.039355002343654626 -0.06873337179422377 -0.010302760638296602
v -0.039355002343654626 -0.0682954043149948 -0.010595404542982577
v -0.039355002343654626 -0.05859999358654021 -0.011549999006092547
v -0.039355002343654626 -0.058497235178947435 -0.011033375747501848
v -0.039355002343654626 -0.06800276041030882 -0.011033375747501848
v -0.039355002343654626 -0.06790000200271605 -0.011549998074769972
v -0.039355002343654626 -0.05820459872484206 -0.010595404542982577
v -0.039355002343654626 -0.0682954043149948 -0.01250459253787994
v -0.039355002343654626 -0.06873337179422377 -0.01279723551124334
v -0.039355002343654626 -0.05820459872484206 -0.01250459253787994
v -0.039355002343654626 -0.04625000059604644 -0.018799997866153714
v -0.039355002343654626 -0.058497235178947435 -0.012066621333360669
v -0.039355002343654626 -0.06800276041030882 -0.012066621333360669
v -0.039355002343654626 -0.05725000053644179 0.013800001703202721
v -0.039355002343654626 -0.04625000059604644 0.02570000104606151
v -0.039355002343654626 -0.05673337727785109 0.013697239570319649
v -0.039355002343654626 -0.05629540234804152 0.013404595665633675
v -0.039355002343654626 -0.056002758443355546 0.012966622598469254
v -0.039355002343654626 -0.04625000059604644 0.003430000972002744
v -0.039355002343654626 -0.05673337727785109 0.011202764697372912
v -0.039355002343654626 -0.05725000053644179 0.01110000256448984
v -0.039355002343654626 -0.05776662379503249 -0.010302761569619177
v -0.039355002343654626 -0.05590000003576277 0.012450001202523705
v -0.039355002343654626 -0.056002758443355546 0.011933377943933007
v -0.039355002343654626 -0.05629540234804152 0.011495406739413737
v -0.039355002343654626 -0.04748463630676268 0.027547759935259812
v -0.039355002343654626 -0.046835780143737786 0.027114214375615113
v -0.039355002343654626 -0.04640224575996398 0.026465365663170808
v -0.039355002343654626 -0.04625000059604644 -0.004419999197125434
v -0.039355002343654626 -0.04501536488533019 0.0015822411514818664
v -0.039355002343654626 -0.0456642135977745 0.00201578764244914
v -0.039355002343654626 -0.0460977554321289 0.0026646344922482963
v -0.039355002343654626 -0.05725000053644179 -0.01019999850541353
v -0.039355002343654626 -0.03875000029802322 0.0014300004113465545
v -0.039355002343654626 -0.044249996542930596 0.0014300006441771982
v -0.039355002343654626 -0.03875000029802322 -0.004419999197125434
v -0.039355002343654626 -0.03798463195562362 0.0012777599040418861
v -0.039355002343654626 -0.03674999624490737 -0.0005699990433640777
v -0.039355002343654626 -0.05673337727785109 -0.010302761569619177
v -0.039355002343654626 -0.05629540234804152 -0.010595404542982577
v -0.039355002343654626 -0.05725000053644179 -0.012899998575448986
v -0.039355002343654626 -0.05776662379503249 -0.012797236442565914
v -0.039355002343654626 -0.05629540234804152 -0.01250459253787994
v -0.039355002343654626 -0.05673337727785109 -0.012797236442565914
v -0.039355002343654626 -0.056002758443355546 -0.011033375747501848
v -0.039355002343654626 -0.03798463195562362 -0.00457224017009139
v -0.039355002343654626 -0.036902241408824914 0.0001953683677129447
v -0.039355002343654626 -0.037335783243179314 0.0008442142861895261
v -0.039355002343654626 -0.037335783243179314 -0.005005785729736089
v -0.039355002343654626 -0.05590000003576277 -0.011549999006092547
v -0.039355002343654626 -0.056002758443355546 -0.012066621333360669
v -0.039355002343654626 -0.036902241408824914 -0.005654632579535245
v -0.039355002343654626 -0.03674999624490737 -0.006419999524950979
v -0.04435500502586364 -0.07049723714590071 0.012966622598469254
v -0.04435500502586364 -0.08025000244379042 0.008450001478195189
v -0.04435500502586364 -0.07020459324121474 0.013404595665633675
v -0.04435500502586364 -0.08025000244379042 0.025700002908706658
v -0.04435500502586364 -0.07059999555349349 0.012450001202523705
v -0.04435500502586364 -0.06976662576198576 0.013697239570319649
v -0.04435500502586364 -0.06924999505281447 0.013800001703202721
v -0.04435500502586364 -0.06873337179422377 0.013697239570319649
v -0.04435500130057334 -0.05776662379503249 0.013697239570319649
v -0.04435500502586364 -0.07175000011920928 0.008450000546872614
v -0.04435500502586364 -0.07020459324121474 0.011495406739413737
v -0.04435500502586364 -0.07049723714590071 0.011933377943933007
v -0.04435500502586364 -0.06976662576198576 0.011202764697372912
v -0.04435500502586364 -0.06924999505281447 0.01110000256448984
v -0.04435500502586364 -0.06873337179422377 0.011202764697372912
v -0.04435500130057334 -0.05629540234804152 0.013404595665633675
v -0.04435500130057334 -0.04824999719858168 0.01456500310450792
v -0.04435500130057334 -0.056002758443355546 0.012966622598469254
v -0.04435500502586364 -0.0682954043149948 0.013404595665633675
v -0.04435500130057334 -0.05820459872484206 0.013404595665633675
v -0.04435500502586364 -0.06800276041030882 0.012966622598469254
v -0.04435500130057334 -0.058497235178947435 0.012966622598469254
v -0.04435500130057334 -0.05859999358654021 0.012450001202523705
v -0.04435500502586364 -0.06790000200271605 0.012450001202523705
v -0.04435500502586364 -0.0682954043149948 0.011495406739413737
v -0.04435500502586364 -0.06800276041030882 0.011933377943933007
v -0.04435500130057334 -0.05820459872484206 0.011495406739413737
v -0.04435500130057334 -0.05776662379503249 0.011202764697372912
v -0.04435500130057334 -0.058497235178947435 0.011933377943933007
v -0.04435500130057334 -0.04824999719858168 0.02570000104606151
v -0.04435500502586364 -0.07175000011920928 -0.004549998324364423
v -0.04435500130057334 -0.047945514321327196 0.0018992681289091702
v -0.04435500502586364 -0.07049723714590071 -0.011033375747501848
v -0.04435500502586364 -0.08025000244379042 -0.004549998324364423
v -0.04435500502586364 -0.07020459324121474 -0.010595403611660002
v -0.04435500502586364 -0.06976662576198576 -0.010302760638296602
v -0.04435500502586364 -0.07059999555349349 -0.011549998074769972
v -0.04435500502586364 -0.06924999505281447 -0.01019999850541353
v -0.04435500502586364 -0.06873337179422377 -0.010302760638296602
v -0.04435500502586364 -0.07049723714590071 -0.012066620402038094
v -0.04435500502586364 -0.08025000244379042 -0.02079999819397926
v -0.04435500502586364 -0.07020459324121474 -0.01250459253787994
v -0.04435500502586364 -0.06976662576198576 -0.01279723551124334
v -0.04435500502586364 -0.06924999505281447 -0.012899998575448986
v -0.04435500130057334 -0.05725000053644179 -0.012899998575448986
v -0.04435500502586364 -0.0682954043149948 -0.010595404542982577
v -0.04435500130057334 -0.05820459872484206 -0.010595404542982577
v -0.04435500502586364 -0.06800276041030882 -0.011033375747501848
v -0.04435500130057334 -0.058497235178947435 -0.011033375747501848
v -0.04435500130057334 -0.05859999358654021 -0.011549999006092547
v -0.04435500130057334 -0.05776662379503249 -0.010302761569619177
v -0.04435500502586364 -0.06790000200271605 -0.011549998074769972
v -0.04435500502586364 -0.0682954043149948 -0.01250459253787994
v -0.04435500502586364 -0.06800276041030882 -0.012066621333360669
v -0.04435500130057334 -0.058497235178947435 -0.012066621333360669
v -0.04435500502586364 -0.06873337179422377 -0.01279723551124334
v -0.04435500130057334 -0.05820459872484206 -0.01250459253787994
v -0.04435500130057334 -0.05776662379503249 -0.012797236442565914
v -0.04435500130057334 -0.05725000053644179 0.013800001703202721
v -0.04435500130057334 -0.05673337727785109 0.013697239570319649
v -0.04435500130057334 -0.05590000003576277 0.012450001202523705
v -0.04435500130057334 -0.05725000053644179 0.01110000256448984
v -0.04435500130057334 -0.05673337727785109 0.011202764697372912
v -0.04435500130057334 -0.04824999719858168 0.003430000972002744
v -0.04435500130057334 -0.056002758443355546 0.011933377943933007
v -0.04435500130057334 -0.05629540234804152 0.011495406739413737
v -0.04435500130057334 -0.04578073322772979 -0.0002655168063938617
v -0.04435500130057334 -0.047078430652618394 0.0006015734397806226
v -0.04435500130057334 -0.044249996542930596 -0.000569998810533434
v -0.04435500130057334 -0.03674999624490737 -0.0005699990433640777
v -0.04435500130057334 -0.041149996221065514 -0.006419999059289692
v -0.04435500130057334 -0.04229804873466491 -0.006648360285907982
v -0.04435500130057334 -0.05725000053644179 -0.01019999850541353
v -0.04435500130057334 -0.04327132552862167 -0.007298678625375031
v -0.04435500130057334 -0.040001951158046715 -0.006648360285907982
v -0.04435500130057334 -0.03902867436408996 -0.007298678625375031
v -0.04435500130057334 -0.03674999624490737 -0.008799999020993708
v -0.04435500130057334 -0.04392163455486297 -0.008271948434412478
v -0.04435500130057334 -0.05673337727785109 -0.010302761569619177
v -0.04435500130057334 -0.05629540234804152 -0.010595404542982577
v -0.04435500130057334 -0.04415000230073928 -0.009419999085366724
v -0.04435500130057334 -0.056002758443355546 -0.011033375747501848
v -0.04435500130057334 -0.05590000003576277 -0.011549999006092547
v -0.04435500130057334 -0.04392163455486297 -0.01056804973632097
v -0.04435500130057334 -0.05673337727785109 -0.012797236442565914
v -0.04435500130057334 -0.041149996221065514 -0.012419999577105042
v -0.04435500130057334 -0.04327132552862167 -0.01154131907969713
v -0.04435500130057334 -0.056002758443355546 -0.012066621333360669
v -0.04435500130057334 -0.05629540234804152 -0.01250459253787994
v -0.04435500130057334 -0.04229804873466491 -0.012191637419164177
v -0.04435500130057334 -0.038378365337848656 -0.01056804973632097
v -0.04435500130057334 -0.038149997591972344 -0.009419999085366724
v -0.04435500130057334 -0.038378365337848656 -0.008271949365735052
v -0.04435500130057334 -0.03902867436408996 -0.01154131907969713
v -0.04435500130057334 -0.031750001013278954 -0.013799998909234997
v -0.04435500130057334 -0.040001951158046715 -0.012191637419164177
v -0.044354997575283044 0.028750002384185784 -0.013800001703202721
v -0.044354997575283044 0.028750002384185784 -0.02080000191926956
v -0.04435500502586364 -0.07175000011920928 -0.004549998324364423
v -0.04435500502586364 -0.08025000244379042 -0.004549998324364423
v -0.039355002343654626 -0.08025000244379042 -0.004549998324364423
v -0.039355002343654626 -0.07175000011920928 -0.004549998324364423
v -0.039355002343654626 -0.07175000011920928 -0.004549998324364423
v -0.039355002343654626 -0.07175000011920928 0.008450000546872614
v -0.04435500502586364 -0.07175000011920928 0.008450000546872614
v -0.04435500502586364 -0.07175000011920928 -0.004549998324364423
v -0.039355002343654626 -0.07175000011920928 0.008450000546872614
v -0.039355002343654626 -0.08025000244379042 0.008450001478195189
v -0.04435500502586364 -0.08025000244379042 0.008450001478195189
v -0.04435500502586364 -0.07175000011920928 0.008450000546872614
v -0.04435500502586364 -0.08025000244379042 0.025700002908706658
v -0.0437692180275917 -0.08025000244379042 0.027114216238260262
v -0.0442027635872364 -0.08025000244379042 0.026465367525815957
v -0.04435500502586364 -0.08025000244379042 0.008450001478195189
v -0.04312037304043769 -0.08025000244379042 0.02754776179790496
v -0.039355002343654626 -0.08025000244379042 0.008450001478195189
v -0.039355002343654626 -0.08025000244379042 0.027700003236532204
v -0.042355004698038094 -0.08025000244379042 0.027700003236532204
v -0.042355000972747796 -0.04824999719858168 0.027700001373887055
v -0.039355002343654626 -0.08025000244379042 0.027700003236532204
v -0.039355002343654626 -0.04824999719858168 0.027700001373887055
v -0.042355004698038094 -0.08025000244379042 0.027700003236532204
v -0.039355002343654626 -0.05820459872484206 0.011495406739413737
v -0.04435500130057334 -0.05820459872484206 0.011495406739413737
v -0.04435500130057334 -0.058497235178947435 0.011933377943933007
v -0.039355002343654626 -0.05725000053644179 0.01110000256448984
v -0.04435500130057334 -0.05776662379503249 0.011202764697372912
v -0.039355002343654626 -0.05776662379503249 0.011202764697372912
v -0.039355002343654626 -0.058497235178947435 0.011933377943933007
v -0.04435500130057334 -0.05725000053644179 0.01110000256448984
v -0.04435500130057334 -0.05629540234804152 0.011495406739413737
v -0.04435500130057334 -0.05673337727785109 0.011202764697372912
v -0.039355002343654626 -0.05629540234804152 0.011495406739413737
v -0.039355002343654626 -0.056002758443355546 0.011933377943933007
v -0.04435500130057334 -0.056002758443355546 0.011933377943933007
v -0.039355002343654626 -0.05673337727785109 0.011202764697372912
v -0.039355002343654626 -0.07020459324121474 -0.01250459253787994
v -0.04435500502586364 -0.07020459324121474 -0.01250459253787994
v -0.04435500502586364 -0.07049723714590071 -0.012066620402038094
v -0.039355002343654626 -0.06924999505281447 -0.012899998575448986
v -0.04435500502586364 -0.06976662576198576 -0.01279723551124334
v -0.039355002343654626 -0.06976662576198576 -0.01279723551124334
v -0.039355002343654626 -0.07049723714590071 -0.012066620402038094
v -0.04435500502586364 -0.06924999505281447 -0.012899998575448986
v -0.04435500502586364 -0.0682954043149948 -0.01250459253787994
v -0.04435500502586364 -0.06873337179422377 -0.01279723551124334
v -0.039355002343654626 -0.0682954043149948 -0.01250459253787994
v -0.039355002343654626 -0.06800276041030882 -0.012066621333360669
v -0.04435500502586364 -0.06800276041030882 -0.012066621333360669
v -0.039355002343654626 -0.06873337179422377 -0.01279723551124334
v -0.039355002343654626 -0.05820459872484206 -0.01250459253787994
v -0.04435500130057334 -0.05820459872484206 -0.01250459253787994
v -0.04435500130057334 -0.058497235178947435 -0.012066621333360669
v -0.039355002343654626 -0.05725000053644179 -0.012899998575448986
v -0.04435500130057334 -0.05776662379503249 -0.012797236442565914
v -0.039355002343654626 -0.05776662379503249 -0.012797236442565914
v -0.039355002343654626 -0.058497235178947435 -0.012066621333360669
v -0.04435500130057334 -0.05725000053644179 -0.012899998575448986
v -0.04435500130057334 -0.05629540234804152 -0.01250459253787994
v -0.04435500130057334 -0.05673337727785109 -0.012797236442565914
v -0.039355002343654626 -0.05629540234804152 -0.01250459253787994
v -0.039355002343654626 -0.056002758443355546 -0.012066621333360669
v -0.04435500130057334 -0.056002758443355546 -0.012066621333360669
v -0.039355002343654626 -0.05673337727785109 -0.012797236442565914
v -0.039355002343654626 -0.07020459324121474 0.011495406739413737
v -0.04435500502586364 -0.07020459324121474 0.011495406739413737
v -0.04435500502586364 -0.07049723714590071 0.011933377943933007
v -0.039355002343654626 -0.06924999505281447 0.01110000256448984
v -0.04435500502586364 -0.06976662576198576 0.011202764697372912
v -0.039355002343654626 -0.06976662576198576 0.011202764697372912
v -0.039355002343654626 -0.07049723714590071 0.011933377943933007
v -0.04435500502586364 -0.06924999505281447 0.01110000256448984
v -0.04435500502586364 -0.0682954043149948 0.011495406739413737
v -0.04435500502586364 -0.06873337179422377 0.011202764697372912
v -0.039355002343654626 -0.0682954043149948 0.011495406739413737
v -0.039355002343654626 -0.06800276041030882 0.011933377943933007
v -0.04435500502586364 -0.06800276041030882 0.011933377943933007
v -0.039355002343654626 -0.06873337179422377 0.011202764697372912
v -0.01085500232875347 -0.04824999719858168 0.027700001373887055
v -0.01085500232875347 -0.04625000059604644 0.02570000104606151
v -0.01085500232875347 -0.04625000059604644 0.010580002330243586
v -0.01085500232875347 -0.04325000196695327 0.010580001398921011
v -0.01085500232875347 -0.04625000059604644 -0.002419998403638601
v -0.01085500232875347 -0.04748463630676268 0.027547759935259812
v -0.01085500232875347 -0.046835780143737786 0.027114214375615113
v -0.01085500232875347 -0.04640224575996398 0.026465365663170808
v -0.010855003260076044 -0.06428344547748564 0.008563564158976076
v -0.010855003260076044 -0.06428344547748564 0.006650147028267382
v -0.010855003260076044 -0.06409314274787901 0.007606855593621729
v -0.010855003260076044 -0.06329328566789626 0.004259699955582618
v -0.010855003260076044 -0.06248223036527632 0.0037177689373493186
v -0.010855003260076044 -0.061940297484397874 0.0029067099094390865
v -0.010855003260076044 -0.06482537835836409 0.009374623186886309
v -0.010855003260076044 -0.06424999982118605 0.004450001753866672
v -0.010855003260076044 -0.06482537835836409 0.00583908800035715
v -0.010855003260076044 -0.06563643366098403 0.009916556067764757
v -0.010855003260076044 -0.061749994754791246 0.001950001460500061
v -0.010855003260076044 -0.06659314781427382 0.010106855072081087
v -0.010855003260076044 -0.07048223167657851 0.011717767454683779
v -0.010855003260076044 -0.06754985451698302 0.009916556067764757
v -0.010855003260076044 -0.06974999606609343 0.0099499998614192
v -0.010855003260076044 -0.06836091727018355 0.009374623186886309
v -0.010855003260076044 -0.0689028427004814 0.008563564158976076
v -0.010855003260076044 -0.0690680146217346 0.005131981801241635
v -0.010855003260076044 -0.06836091727018355 0.0058390884660184375
v -0.010855003260076044 -0.06850838661193846 0.004450068343430757
v -0.010855003260076044 -0.0689028427004814 0.006650147493928669
v -0.010855003260076044 -0.06994029879570006 0.010906710289418696
v -0.010855003260076044 -0.06601776927709578 0.0037177691701799622
v -0.010855003260076044 -0.06563643366098403 0.005297156982123851
v -0.010855003260076044 -0.06520670652389525 0.004259699955582618
v -0.010855003260076044 -0.06655969470739363 0.00290671014226973
v -0.010855003260076044 -0.06659314781427382 0.005106856115162372
v -0.010855003260076044 -0.06809253990650176 0.0036720775533467523
v -0.010855003260076044 -0.06754985451698302 0.005297157447785138
v -0.010855003260076044 -0.06783646345138548 0.0028279081452637907
v -0.010855003260076044 -0.07129328697919844 0.012259700335562226
v -0.010855003260076044 -0.06248223036527632 0.00018223476945422587
v -0.010855003260076044 -0.061940297484397874 0.000993292895145714
v -0.010855003260076044 -0.06428344547748564 -0.00275014410726726
v -0.010855003260076044 -0.06424999982118605 -0.0005499979597516357
v -0.010855003260076044 -0.06329328566789626 -0.00035969715099781746
v -0.010855003260076044 -0.06482537835836409 -0.001939086127094924
v -0.010855003260076044 -0.06520670652389525 -0.00035969709279015655
v -0.010855003260076044 -0.06563643366098403 -0.0013971540611237285
v -0.010855003260076044 -0.06601776927709578 0.0001822348858695477
v -0.010855003260076044 -0.06409314274787901 -0.003706852672621607
v -0.01085500232875347 -0.04325000196695327 -0.002419998403638601
v -0.010855003260076044 -0.06428344547748564 -0.004663561470806598
v -0.01085500232875347 -0.04625000059604644 -0.018799997866153714
v -0.010855003260076044 -0.06482537835836409 -0.005474620033055543
v -0.010855003260076044 -0.06563643366098403 -0.006016551516950129
v -0.010855003260076044 -0.06783646345138548 0.0010720950085669754
v -0.010855003260076044 -0.06674999743700026 0.001950001576915383
v -0.010855003260076044 -0.06655969470739363 0.000993293011561036
v -0.010855003260076044 -0.06774999946355818 0.001950001576915383
v -0.010855003260076044 -0.06659314781427382 -0.0012068522628396747
v -0.010855003260076044 -0.06809253990650176 0.0002279265754623338
v -0.010855003260076044 -0.06850838661193846 -0.0005500648985616862
v -0.010855003260076044 -0.06754985451698302 -0.0013971540611237285
v -0.010855003260076044 -0.07129328697919844 -0.008359696716070173
v -0.010855003260076044 -0.06836091727018355 -0.0019390860106796022
v -0.010855003260076044 -0.0689028427004814 -0.00275014410726726
v -0.010855003260076044 -0.0690680146217346 -0.0012319792294874785
v -0.010855003260076044 -0.06994029879570006 -0.007006706669926642
v -0.010855003260076044 -0.06836091727018355 -0.005474619567394256
v -0.010855003260076044 -0.06754985451698302 -0.006016551051288841
v -0.010855003260076044 -0.06659314781427382 -0.006206852849572895
v -0.010855003260076044 -0.07048223167657851 -0.0078177647665143
v -0.010855003260076044 -0.06994029879570006 0.008993293158710001
v -0.010855003260076044 -0.06909314543008803 0.007606856059283016
v -0.010855004191398619 -0.08025000244379042 0.027700003236532204
v -0.010855003260076044 -0.07225000113248824 0.012450001202523705
v -0.010855003260076044 -0.07048223167657851 0.008182234130799769
v -0.010855003260076044 -0.06974992901086806 0.005691615398973226
v -0.010855003260076044 -0.07052791863679884 0.006107460241764782
v -0.010855003260076044 -0.0713720917701721 0.006363534834235905
v -0.010855003260076044 -0.07225000113248824 0.007450000848621128
v -0.010855003260076044 -0.07129328697919844 0.007640303578227757
v -0.010855003260076044 -0.07225000113248824 0.006450000684708355
v -0.010855003260076044 -0.07312790304422377 0.006363534834235905
v -0.010855003260076044 -0.07320670783519743 0.012259700335562226
v -0.010855003260076044 -0.07401777058839797 0.011717768386006354
v -0.010855003260076044 -0.07397207617759703 0.006107460241764782
v -0.010855003260076044 -0.07401777058839797 0.008182235062122343
v -0.010855003260076044 -0.07320670783519743 0.007640303578227757
v -0.010855003260076044 -0.07474999874830245 0.009950000792741774
v -0.010855003260076044 -0.07455969601869582 0.01090671122074127
v -0.010855003260076044 -0.07455969601869582 0.008993294090032576
v -0.010855003260076044 -0.07599161565303801 0.004450068343430757
v -0.010855004191398619 -0.07640745490789412 0.003672077786177396
v -0.010855003260076044 -0.07475006580352782 0.005691615398973226
v -0.010855003260076044 -0.07543198019266127 0.005131981801241635
v -0.010855004191398619 -0.07666353136301039 0.0028279083780944343
v -0.010855004191398619 -0.0767499953508377 0.0019500019261613484
v -0.010855004191398619 -0.08025000244379042 -0.018799997866153714
v -0.010855003260076044 -0.06974992901086806 -0.0017916109645739193
v -0.010855003260076044 -0.07052791863679884 -0.002207455690950155
v -0.010855003260076044 -0.06909314543008803 -0.003706852672621607
v -0.010855003260076044 -0.0713720917701721 -0.002463532146066427
v -0.010855003260076044 -0.07129328697919844 -0.003740299027413129
v -0.010855003260076044 -0.07225000113248824 -0.0035499981604516498
v -0.010855003260076044 -0.07225000113248824 -0.002549997996538877
v -0.010855003260076044 -0.07312790304422377 -0.002463532146066427
v -0.010855003260076044 -0.07048223167657851 -0.00428223144263029
v -0.010855003260076044 -0.06974999606609343 -0.006049998104572294
v -0.010855003260076044 -0.06994029879570006 -0.005093289539217948
v -0.010855003260076044 -0.0689028427004814 -0.0046635610051453105
v -0.010855003260076044 -0.07401777058839797 -0.00428223144263029
v -0.010855003260076044 -0.07397207617759703 -0.002207455690950155
v -0.010855003260076044 -0.07320670783519743 -0.003740299027413129
v -0.010855003260076044 -0.07475006580352782 -0.0017916108481585975
v -0.010855004191398619 -0.07666353136301039 0.0010720953578129409
v -0.010855004191398619 -0.07640745490789412 0.00022792685194872314
v -0.010855003260076044 -0.07455969601869582 -0.005093289539217948
v -0.010855003260076044 -0.07599161565303801 -0.0005500646657310425
v -0.010855003260076044 -0.07543198019266127 -0.0012319791130721567
v -0.010855003260076044 -0.07474999874830245 -0.006049998104572294
v -0.010855003260076044 -0.07320670783519743 -0.008359696716070173
v -0.010855003260076044 -0.07225000113248824 -0.008549998514354227
v -0.010855003260076044 -0.07401777058839797 -0.0078177647665143
v -0.010855003260076044 -0.07455969601869582 -0.007006706669926642
v -0.0028550033457577224 -0.07424999773502348 0.027700003236532204
v 0.00014499695680569855 -0.08025000244379042 0.027700003236532204
v 0.00014499724784400311 -0.07424999773502348 0.027700003236532204
v -0.0040030539967119685 -0.07402163743972777 0.027700003236532204
v -0.004976325202733277 -0.07337132096290587 0.027700003236532204
v -0.010855004191398619 -0.08025000244379042 0.027700003236532204
v -0.005855003371834754 -0.07124999910593031 0.027700003236532204
v -0.005626641679555177 -0.07239804416894911 0.027700003236532204
v -0.01085500232875347 -0.04824999719858168 0.027700001373887055
v -0.0058550024405121795 -0.04824999719858168 0.027700001373887055
v -0.042355000972747796 -0.03875000029802322 0.0014300004113465545
v -0.042355000972747796 -0.044249996542930596 0.0014300006441771982
v -0.039355002343654626 -0.044249996542930596 0.0014300006441771982
v -0.039355002343654626 -0.03875000029802322 0.0014300004113465545
v -0.01085500232875347 -0.04625000059604644 0.010580002330243586
v -0.006855002604424952 -0.04625000059604644 0.02156990952789783
v -0.006855002604424952 -0.04325000196695327 0.02156990952789783
v -0.01085500232875347 -0.04325000196695327 0.010580001398921011
v -0.005454587284475564 -0.041249997913837426 0.019569911062717434
v -0.0038550018798559895 -0.041249997913837426 0.019569911062717434
v -0.0038550018798559895 -0.041249997913837426 -0.0024199986364692445
v -0.008855002932250498 -0.041249997913837426 0.010227346792817114
v -0.008855002932250498 -0.041249997913837426 -0.0024199986364692445
v 0.006598976440727709 -0.04761099442839621 -0.0045722397044301024
v 0.00583780463784933 -0.04753099009394644 -0.004419999197125434
v 0.01770565658807754 -0.04877835884690283 -0.004419999197125434
v 0.007244271226227282 -0.04767881706357001 -0.0050057852640748015
v 0.00782684702426195 -0.047740053385496126 -0.006419999059289692
v 0.007675440050661562 -0.047724138945341096 -0.005654632113873958
v 0.016916133463382717 -0.048695374280214296 -0.0056865173391997806
v 0.01677754148840904 -0.04868080839514731 -0.006419999059289692
v 0.01677754148840904 -0.04868080839514731 -0.016799999400973317
v 0.01731259003281593 -0.04873704537749289 -0.0050552492029964915
v 0.01862988248467445 -0.048875499516725526 -0.004424728453159331
v 0.017911665141582486 -0.048800010234117494 -0.0046141636557877055
v 0.00782684702426195 -0.047740053385496126 -0.016799999400973317
v -0.003855002112686633 -0.049778360873460756 -0.02079999819397926
v 0.028060857206583016 -0.049778360873460756 -0.02079999819397926
v 0.026319619268178933 -0.049778360873460756 -0.013799998909234997
v 0.028060857206583016 -0.049778360873460756 -0.013799998909234997
v 0.026319619268178933 -0.049778360873460756 -0.00541999889537692
v -0.003855002112686633 -0.04977835714817046 -0.00541999889537692
v 0.04494935274124145 0.04237071424722671 -0.014598958194255825
v 0.045161165297031396 0.04438600316643714 -0.01441731862723827
v 0.04489734768867492 0.041875950992107384 -0.014500002376735207
v 0.04516912251710891 0.044461708515882485 -0.014800001867115494
v 0.04506459087133407 0.0434671863913536 -0.013800001703202721
v 0.04513850808143615 0.04417042061686515 -0.014092895202338692
v 0.04510459303855895 0.043847773224115365 -0.013876122422516343
v 0.044993437826633446 0.04279015213251113 -0.014880763366818425
v 0.045022889971733086 0.04307041317224502 -0.015302513726055619
v 0.04516912251710891 0.044461708515882485 -0.015800002962350842
v 0.045145250856876366 0.044234596192836755 -0.01694805175065994
v 0.045022889971733086 0.04307041317224502 -0.01629749126732349
v 0.045033238828182214 0.043168827891349786 -0.015800002962350842
v 0.04489734768867492 0.041875950992107384 -0.017100002616643902
v 0.04507727175951003 0.043587841093540185 -0.017921322956681248
v 0.04494935274124145 0.04237071424722671 -0.01700104586780071
v 0.044993437826633446 0.04279015213251113 -0.01671924069523811
v 0.04450459778308868 0.03813917562365531 -0.018800001591444012
v 0.044975541532039635 0.042619902640581124 -0.018571641296148297
v 0.04484535008668899 0.04138118773698806 -0.014598958194255825
v 0.036017034202814095 -0.04261459037661552 -0.013799998909234997
v 0.04480126500129699 0.04096174612641334 -0.014880763366818425
v 0.04477180540561675 0.04068148508667945 -0.015302513726055619
v 0.04476146399974822 0.04058307409286498 -0.015800002962350842
v 0.04477180540561675 0.04068148508667945 -0.01629749126732349
v 0.04480126500129699 0.04096174612641334 -0.01671924069523811
v 0.036017034202814095 -0.04261459037661552 -0.02079999819397926
v 0.04484535008668899 0.04138118773698806 -0.01700104586780071
v 0.04485554248094558 0.04147814214229583 -0.018800001591444012
v 0.04428286105394363 0.03602947667241096 -0.019678682088851925
v 0.044384591281414025 0.03699741512537002 -0.019028363749384877
v 0.04416565597057342 0.03491429612040519 -0.02080000191926956
v 0.04450459778308868 0.03813917562365531 -0.018800001591444012
v 0.041521027684211724 0.03845275938510894 -0.018800001591444012
v 0.04187197238206863 0.04179172590374946 -0.018800001591444012
v 0.04485554248094558 0.04147814214229583 -0.018800001591444012
v 0.04217760264873504 0.04469959065318107 -0.01441731862723827
v 0.042185559868812554 0.044775292277336114 -0.014800001867115494
v 0.04200986772775649 0.04310373961925506 -0.014880763366818425
v 0.0421549379825592 0.04448400437831878 -0.014092895202338692
v 0.04208102822303771 0.04378077015280723 -0.013800001703202721
v 0.04203932732343673 0.043384000658988946 -0.015302513726055619
v 0.041965782642364495 0.04268429800868034 -0.014598958194255825
v 0.0421210303902626 0.04416135698556899 -0.013876122422516343
v 0.042185559868812554 0.044775292277336114 -0.015800002962350842
v 0.04209370911121368 0.04390142858028411 -0.017921322956681248
v 0.04200986772775649 0.04310373961925506 -0.01671924069523811
v 0.04216168820858001 0.04454818367958068 -0.01694805175065994
v 0.04203932732343673 0.043384000658988946 -0.01629749126732349
v 0.04204966872930526 0.04348241537809371 -0.015800002962350842
v 0.04199197888374328 0.04293349012732505 -0.018571641296148297
v 0.041965782642364495 0.04268429800868034 -0.01700104586780071
v 0.041913785040378564 0.04218953475356101 -0.014500002376735207
v 0.041861779987812035 0.04169477149844169 -0.014598958194255825
v 0.0417882427573204 0.04099507257342338 -0.015302513726055619
v 0.04139114171266555 0.03721692785620689 -0.013800001703202721
v 0.041817702353000634 0.041275333613157265 -0.014880763366818425
v 0.04177789390087127 0.04089665785431861 -0.015800002962350842
v 0.041521027684211724 0.03845275938510894 -0.018800001591444012
v 0.041913785040378564 0.04218953475356101 -0.017100002616643902
v 0.04187197238206863 0.04179172590374946 -0.018800001591444012
v 0.041861779987812035 0.04169477149844169 -0.01700104586780071
v 0.0417882427573204 0.04099507257342338 -0.01629749126732349
v 0.041817702353000634 0.041275333613157265 -0.01671924069523811
v 0.04139114171266555 0.03721692785620689 -0.019069463014602658
v 0.042185559868812554 0.044775292277336114 -0.014800001867115494
v 0.04516912251710891 0.044461708515882485 -0.014800001867115494
v 0.04516912251710891 0.044461708515882485 -0.015800002962350842
v 0.042185559868812554 0.044775292277336114 -0.015800002962350842
v -0.0006910804077051579 0.04920527338981627 -0.01441731862723827
v -0.0006831231876276432 0.049280975013971315 -0.014800001867115494
v -0.0008588097989559171 0.04760942235589026 -0.014880763366818425
v -0.0007137394859455525 0.04898968711495398 -0.014092895202338692
v -0.0007876511663198469 0.04828645288944243 -0.013800001703202721
v -0.0007476508035324512 0.048667039722204194 -0.013876122422516343
v -0.0009028949425555763 0.04718998074531554 -0.014598958194255825
v -0.0009548962698318062 0.04669521749019622 -0.014500002376735207
v -0.0008293539285659788 0.04788968339562415 -0.015302513726055619
v -0.0008293539285659788 0.04788968339562415 -0.01629749126732349
v -0.0006831231876276432 0.049280975013971315 -0.015800002962350842
v -0.000706992985215038 0.04905386641621588 -0.01694805175065994
v -0.0008190106600522993 0.047988098114728914 -0.015800002962350842
v -0.0007749702781438825 0.048407107591629014 -0.017921322956681248
v -0.0008588097989559171 0.04760942235589026 -0.01671924069523811
v -0.0008767060935497282 0.047439169138669954 -0.018571641296148297
v -0.0009028949425555763 0.04718998074531554 -0.01700104586780071
v -0.0010068995179608462 0.0462004542350769 -0.014598958194255825
v -0.0010509827407076953 0.045781016349792474 -0.014880763366818425
v -0.0018119481392204757 0.03854094073176383 -0.013800001703202721
v -0.0010907837422564624 0.04540234059095382 -0.015800002962350842
v -0.0010804404737427829 0.04550075531005859 -0.015302513726055619
v -0.0010804404737427829 0.04550075531005859 -0.01629749126732349
v -0.0013476482126861809 0.04295844212174415 -0.018800001591444012
v -0.0010509827407076953 0.045781016349792474 -0.01671924069523811
v -0.0009548962698318062 0.04669521749019622 -0.017100002616643902
v -0.0009967089863494036 0.04629740864038467 -0.018800001591444012
v -0.0010068995179608462 0.0462004542350769 -0.01700104586780071
v -0.0015693869208917017 0.040848743170499795 -0.019678682088851925
v -0.0018119481392204757 0.03854094073176383 -0.02199919335544109
v -0.0014676529681310053 0.041816681623458855 -0.019028363749384877
v 0.0018927807686850424 0.04508875310420989 -0.015800002962350842
v 0.0019031258998438712 0.04518716782331466 -0.015302513726055619
v 0.0015060246223583813 0.04140902310609817 -0.013800001703202721
v 0.0019325799075886603 0.045467428863048547 -0.014880763366818425
v 0.0016359181609004732 0.04264485463500022 -0.018800001591444012
v 0.0019766669720411296 0.04588687047362327 -0.014598958194255825
v 0.0020286682993173595 0.04638163372874259 -0.014500002376735207
v 0.002195913344621658 0.0479728691279888 -0.013800001703202721
v 0.0019031258998438712 0.04518716782331466 -0.01629749126732349
v 0.0015060246223583813 0.04140902310609817 -0.019069463014602658
v 0.0019325799075886603 0.045467428863048547 -0.01671924069523811
v 0.0019766669720411296 0.04588687047362327 -0.01700104586780071
v 0.0020286682993173595 0.04638163372874259 -0.017100002616643902
v 0.001986855641007423 0.04598382487893104 -0.018800001591444012
v 0.002106860280036926 0.047125585377216325 -0.018571641296148297
v 0.0020806696265935893 0.04687639698386191 -0.01700104586780071
v 0.0021247547119855876 0.04729583486914633 -0.014880763366818425
v 0.0020806696265935893 0.04687639698386191 -0.014598958194255825
v 0.0022698268294334407 0.048676099628210054 -0.014092895202338692
v 0.0022924859076738353 0.04889168590307234 -0.01441731862723827
v 0.0023004412651062007 0.048967391252517686 -0.014800001867115494
v 0.0022359136492013927 0.048353455960750566 -0.013876122422516343
v 0.002154210582375526 0.04757609590888022 -0.015302513726055619
v 0.0022085960954427715 0.048093523830175386 -0.017921322956681248
v 0.0021247547119855876 0.04729583486914633 -0.01671924069523811
v 0.002276571467518806 0.048740278929471956 -0.01694805175065994
v 0.002154210582375526 0.04757609590888022 -0.01629749126732349
v 0.0023004412651062007 0.048967391252517686 -0.015800002962350842
v 0.0021645538508892055 0.04767451062798499 -0.015800002962350842
v 0.0016359181609004732 0.04264485463500022 -0.018800001591444012
v -0.0013476482126861809 0.04295844212174415 -0.018800001591444012
v -0.0009967089863494036 0.04629740864038467 -0.018800001591444012
v 0.001986855641007423 0.04598382487893104 -0.018800001591444012
v -0.0006831231876276432 0.049280975013971315 -0.014800001867115494
v 0.0023004412651062007 0.048967391252517686 -0.014800001867115494
v 0.0023004412651062007 0.048967391252517686 -0.015800002962350842
v -0.0006831231876276432 0.049280975013971315 -0.015800002962350842
v -0.0010804404737427829 0.04550075531005859 -0.01629749126732349
v 0.0019031258998438712 0.04518716782331466 -0.01629749126732349
v -0.0010509827407076953 0.045781016349792474 -0.01671924069523811
v 0.0019766669720411296 0.04588687047362327 -0.01700104586780071
v -0.0010068995179608462 0.0462004542350769 -0.01700104586780071
v 0.0019325799075886603 0.045467428863048547 -0.01671924069523811
v 0.0020286682993173595 0.04638163372874259 -0.017100002616643902
v -0.0009548962698318062 0.04669521749019622 -0.017100002616643902
v -0.0008588097989559171 0.04760942235589026 -0.01671924069523811
v -0.0009028949425555763 0.04718998074531554 -0.01700104586780071
v 0.0020806696265935893 0.04687639698386191 -0.01700104586780071
v -0.0008293539285659788 0.04788968339562415 -0.01629749126732349
v 0.002154210582375526 0.04757609590888022 -0.01629749126732349
v 0.0021247547119855876 0.04729583486914633 -0.01671924069523811
v 0.0417882427573204 0.04099507257342338 -0.01629749126732349
v 0.04477180540561675 0.04068148508667945 -0.01629749126732349
v 0.041817702353000634 0.041275333613157265 -0.01671924069523811
v 0.041861779987812035 0.04169477149844169 -0.01700104586780071
v 0.04484535008668899 0.04138118773698806 -0.01700104586780071
v 0.04480126500129699 0.04096174612641334 -0.01671924069523811
v 0.04489734768867492 0.041875950992107384 -0.017100002616643902
v 0.041913785040378564 0.04218953475356101 -0.017100002616643902
v 0.04203932732343673 0.043384000658988946 -0.01629749126732349
v 0.04200986772775649 0.04310373961925506 -0.01671924069523811
v 0.045022889971733086 0.04307041317224502 -0.01629749126732349
v 0.044993437826633446 0.04279015213251113 -0.01671924069523811
v 0.041965782642364495 0.04268429800868034 -0.01700104586780071
v 0.04494935274124145 0.04237071424722671 -0.01700104586780071
v 0.04187197238206863 0.04179172590374946 -0.018800001591444012
v 0.04199197888374328 0.04293349012732505 -0.018571641296148297
v 0.044975541532039635 0.042619902640581124 -0.018571641296148297
v 0.04485554248094558 0.04147814214229583 -0.018800001591444012
v 0.04507727175951003 0.043587841093540185 -0.017921322956681248
v 0.04209370911121368 0.04390142858028411 -0.017921322956681248
v 0.04216168820858001 0.04454818367958068 -0.01694805175065994
v 0.045145250856876366 0.044234596192836755 -0.01694805175065994
v 0.042185559868812554 0.044775292277336114 -0.015800002962350842
v 0.04516912251710891 0.044461708515882485 -0.015800002962350842
v 0.0023004412651062007 0.048967391252517686 -0.015800002962350842
v 0.002276571467518806 0.048740278929471956 -0.01694805175065994
v -0.000706992985215038 0.04905386641621588 -0.01694805175065994
v -0.0006831231876276432 0.049280975013971315 -0.015800002962350842
v -0.0007749702781438825 0.048407107591629014 -0.017921322956681248
v 0.0022085960954427715 0.048093523830175386 -0.017921322956681248
v 0.002106860280036926 0.047125585377216325 -0.018571641296148297
v -0.0008767060935497282 0.047439169138669954 -0.018571641296148297
v 0.001986855641007423 0.04598382487893104 -0.018800001591444012
v -0.0009967089863494036 0.04629740864038467 -0.018800001591444012
v 0.02607962675392627 0.044605944305658334 -0.018571641296148297
v 0.018123453482985493 0.045442171394824975 -0.018571641296148297
v 0.026181360706686967 0.045573882758617394 -0.017921322956681248
v 0.025959623977541917 0.04346418380737304 -0.018800001591444012
v 0.01800345070660114 0.04430041089653968 -0.018800001591444012
v 0.01822518743574619 0.046410109847784035 -0.017921322956681248
v 0.018293166533112522 0.0470568686723709 -0.01694805175065994
v 0.018317034468054768 0.04728397727012633 -0.015800002962350842
v 0.0262493398040533 0.046220637857913964 -0.01694805175065994
v 0.026273211464285844 0.046447750180959695 -0.015800002962350842
v 0.04208102822303771 0.04378077015280723 -0.013800001703202721
v 0.04506459087133407 0.0434671863913536 -0.013800001703202721
v 0.0421210303902626 0.04416135698556899 -0.013876122422516343
v 0.04510459303855895 0.043847773224115365 -0.013876122422516343
v 0.04217760264873504 0.04469959065318107 -0.01441731862723827
v 0.04513850808143615 0.04417042061686515 -0.014092895202338692
v 0.0421549379825592 0.04448400437831878 -0.014092895202338692
v 0.045161165297031396 0.04438600316643714 -0.01441731862723827
v -0.0006831231876276432 0.049280975013971315 -0.014800001867115494
v -0.0006910804077051579 0.04920527338981627 -0.01441731862723827
v 0.0023004412651062007 0.048967391252517686 -0.014800001867115494
v 0.0022924859076738353 0.04889168590307234 -0.01441731862723827
v -0.0007137394859455525 0.04898968711495398 -0.014092895202338692
v 0.0022698268294334407 0.048676099628210054 -0.014092895202338692
v -0.0007476508035324512 0.048667039722204194 -0.013876122422516343
v -0.0007876511663198469 0.04828645288944243 -0.013800001703202721
v 0.0022359136492013927 0.048353455960750566 -0.013876122422516343
v 0.002195913344621658 0.0479728691279888 -0.013800001703202721
v -0.02652242220938205 0.03674999997019767 -0.023800002411007874
v -0.02765602804720401 0.03696561232209205 -0.023584388196468346
v -0.028105843812227242 0.03723910078406333 -0.023310899734497067
v -0.028428692370653146 0.03759186714887618 -0.022958135232329365
v -0.021104997023940083 0.03875000029802322 -0.02180000208318233
v -0.029104998335242264 0.03920208662748336 -0.021347915753722187
v -0.021104997023940083 0.04087132215499877 -0.019678682088851925
v -0.029104998335242264 0.04087132215499877 -0.019678682088851925
v -0.02096457593142986 0.03801381215453147 -0.022536192089319226
v -0.02051921188831329 0.03733578696846961 -0.023214215412735936
v -0.01984118856489658 0.03689042478799819 -0.0236595794558525
v -0.019104998558759686 0.03674999997019767 -0.023800002411007874
v -0.002639007288962602 0.03712217882275581 -0.023496635258197777
v -0.0022272416390478607 0.0375157743692398 -0.023062156513333317
v 0.005955993663519619 0.03591376915574073 -0.023800002411007874
v -0.0031238836236298076 0.03686810657382011 -0.023800002411007874
v -0.0015693869208917017 0.040848743170499795 -0.019678682088851925
v 0.0022880448959767814 0.04044330865144729 -0.019678682088851925
v -0.0018119481392204757 0.03854094073176383 -0.02199919335544109
v 0.005955993663519619 0.03591376915574073 -0.023800002411007874
v 0.0022880448959767814 0.04044330865144729 -0.019678682088851925
v 0.005955993663519619 0.03591377288103103 -0.013800001703202721
v 0.0015060246223583813 0.04140902310609817 -0.013800001703202721
v 0.0015060246223583813 0.04140902310609817 -0.019069463014602658
v 0.026227718219161027 0.03392432257533073 -0.0236595794558525
v 0.015010931529104706 0.03496205806732177 -0.023800002411007874
v 0.01575776375830173 0.03502475842833518 -0.0236595794558525
v 0.016478629782795903 0.03539681062102317 -0.023214215412735936
v 0.025165209546685212 0.035905815660953515 -0.02180000208318233
v 0.016992425546050068 0.036024566739797585 -0.022536192089319226
v 0.017209032550454136 0.036742046475410454 -0.02180000208318233
v 0.025386946275830262 0.03801551833748817 -0.019678682088851925
v 0.017430769279599186 0.03885174542665481 -0.019678682088851925
v 0.025227906182408326 0.035158984363079064 -0.022536192089319226
v 0.025599958375096314 0.03443811833858489 -0.023214215412735936
v 0.026945197954773896 0.03370771557092666 -0.023800002411007874
v 0.04086849838495254 0.03224431723356246 -0.023800002411007874
v 0.04307004064321517 0.032896444201469414 -0.022921321913599964
v 0.04198875278234481 0.03233836963772773 -0.02358936704695224
v 0.04042542725801467 0.036434907466173165 -0.019678682088851925
v 0.035895887762308114 0.032766960561275475 -0.023800002411007874
v 0.04384074360132217 0.033838078379631036 -0.021904285997152325
v 0.04416565597057342 0.03491429612040519 -0.02080000191926956
v 0.04428286105394363 0.03602947667241096 -0.019678682088851925
v 0.035895887762308114 0.032766960561275475 -0.013800001703202721
v 0.04139114171266555 0.03721692785620689 -0.013800001703202721
v 0.04042542725801467 0.036434907466173165 -0.019678682088851925
v 0.035895887762308114 0.032766960561275475 -0.023800002411007874
v 0.04139114171266555 0.03721692785620689 -0.019069463014602658
v -0.006855002604424952 -0.04325000196695327 0.02156990952789783
v -0.006855002604424952 -0.04625000059604644 0.02156990952789783
v -0.003855002112686633 -0.04625000059604644 0.02156990952789783
v -0.0038550018798559895 -0.04325000196695327 0.02156990952789783
v -0.003855003509670495 -0.07666353136301039 0.0010720953578129409
v -0.010855004191398619 -0.07666353136301039 0.0010720953578129409
v -0.003855003509670495 -0.07599161565303801 -0.0005500646657310425
v -0.010855003260076044 -0.07599161565303801 -0.0005500646657310425
v -0.010855004191398619 -0.07640745490789412 0.00022792685194872314
v -0.003855003509670495 -0.07640745490789412 0.00022792685194872314
v -0.0038550032768398515 -0.07312790304422377 -0.002463532146066427
v -0.010855003260076044 -0.07312790304422377 -0.002463532146066427
v -0.010855003260076044 -0.07397207617759703 -0.002207455690950155
v -0.0038550032768398515 -0.07225000113248824 -0.002549997996538877
v -0.010855003260076044 -0.07225000113248824 -0.002549997996538877
v -0.010855003260076044 -0.07475006580352782 -0.0017916108481585975
v -0.003855003509670495 -0.07397207617759703 -0.002207455690950155
v -0.010855003260076044 -0.07543198019266127 -0.0012319791130721567
v -0.003855003509670495 -0.07475006580352782 -0.0017916108481585975
v -0.003855003509670495 -0.07543198019266127 -0.0012319791130721567
v -0.010855003260076044 -0.07052791863679884 -0.002207455690950155
v -0.0038550032768398515 -0.06974992901086806 -0.0017916109645739193
v -0.010855003260076044 -0.06974992901086806 -0.0017916109645739193
v -0.010855003260076044 -0.0713720917701721 -0.002463532146066427
v -0.0038550032768398515 -0.07052791863679884 -0.002207455690950155
v -0.003855003044009208 -0.0690680146217346 -0.0012319792294874785
v -0.010855003260076044 -0.0690680146217346 -0.0012319792294874785
v -0.010855003260076044 -0.06850838661193846 -0.0005500648985616862
v -0.003855003044009208 -0.06850838661193846 -0.0005500648985616862
v -0.010855003260076044 -0.06783646345138548 0.0010720950085669754
v -0.010855003260076044 -0.06809253990650176 0.0002279265754623338
v -0.003855003044009208 -0.06783646345138548 0.0010720950085669754
v -0.003855003044009208 -0.06809253990650176 0.0002279265754623338
v -0.0038550032768398515 -0.0713720917701721 -0.002463532146066427
v -0.0028550031129270788 -0.07225000113248824 0.021981202065944668
v 0.0001449973497074097 -0.07225000113248824 0.021981202065944668
v 0.00014499695680569855 -0.08025000244379042 0.02659999951720237
v -0.0032230990473181 -0.07217978686094283 0.021940663456916806
v -0.0038550037425011388 -0.08025000244379042 0.02659999951720237
v -0.0035621116403490296 -0.07195710390806197 0.021812099963426586
v -0.0038550032768398515 -0.07124999910593031 0.021403849124908444
v -0.0037847927305847398 -0.07161809504032134 0.0216163694858551
v -0.0028550031129270788 -0.07225000113248824 0.021981202065944668
v -0.0028550031129270788 -0.07225000113248824 0.025700002908706658
v 0.0001449973497074097 -0.07225000113248824 0.025700002908706658
v 0.0001449973497074097 -0.07225000113248824 0.021981202065944668
v -0.006855003535747526 -0.06502781808376311 0.002727818908169865
v -0.006855003535747526 -0.06655969470739363 0.00290671014226973
v -0.006855003535747526 -0.06601776927709578 0.0037177691701799622
v -0.006855003535747526 -0.06526626646518706 0.0023709537927061315
v -0.006855003535747526 -0.06534999608993529 0.001950001576915383
v -0.006855003535747526 -0.06520670652389525 0.004259699955582618
v -0.006855003535747526 -0.06424999982118605 0.003050001570954918
v -0.006855003535747526 -0.06467095017433165 0.002966269152238964
v -0.006855003535747526 -0.06424999982118605 0.004450001753866672
v -0.006855003535747526 -0.06382904946804045 0.002966269152238964
v -0.006855003535747526 -0.06674999743700026 0.001950001576915383
v -0.006855003535747526 -0.06655969470739363 0.000993293011561036
v -0.006855003535747526 -0.06502781808376311 0.0011721842456609009
v -0.006855003535747526 -0.06601776927709578 0.0001822348858695477
v -0.006855003535747526 -0.06526626646518706 0.001529050292447209
v -0.006855003535747526 -0.06520670652389525 -0.00035969709279015655
v -0.006855003535747526 -0.06467095017433165 0.0009337339433841405
v -0.006855003535747526 -0.06424999982118605 -0.0005499979597516357
v -0.006855003535747526 -0.06329328566789626 0.004259699955582618
v -0.006855003535747526 -0.063472181558609 0.002727818908169865
v -0.006855003535747526 -0.061940297484397874 0.0029067099094390865
v -0.006855003535747526 -0.06323373317718504 0.0023709537927061315
v -0.006855003535747526 -0.06248223036527632 0.0037177689373493186
v -0.006855003070086239 -0.061749994754791246 0.001950001460500061
v -0.006855003535747526 -0.06315000355243681 0.001950001460500061
v -0.006855003535747526 -0.06323373317718504 0.001529050176031887
v -0.006855003535747526 -0.06382904946804045 0.0009337338851764796
v -0.006855003535747526 -0.06329328566789626 -0.00035969715099781746
v -0.006855003535747526 -0.06424999982118605 0.0008500015246681867
v -0.006855003535747526 -0.063472181558609 0.001172184129245579
v -0.006855003535747526 -0.061940297484397874 0.000993292895145714
v -0.006855003535747526 -0.06248223036527632 0.00018223476945422587
v -0.010855003260076044 -0.06248223036527632 0.00018223476945422587
v -0.006855003535747526 -0.06248223036527632 0.00018223476945422587
v -0.006855003535747526 -0.061940297484397874 0.000993292895145714
v -0.010855003260076044 -0.06424999982118605 -0.0005499979597516357
v -0.006855003535747526 -0.06329328566789626 -0.00035969715099781746
v -0.010855003260076044 -0.06329328566789626 -0.00035969715099781746
v -0.010855003260076044 -0.061940297484397874 0.000993292895145714
v -0.006855003535747526 -0.06424999982118605 -0.0005499979597516357
v -0.006855003535747526 -0.06601776927709578 0.0001822348858695477
v -0.006855003535747526 -0.06520670652389525 -0.00035969709279015655
v -0.010855003260076044 -0.06601776927709578 0.0001822348858695477
v -0.010855003260076044 -0.06655969470739363 0.000993293011561036
v -0.006855003535747526 -0.06655969470739363 0.000993293011561036
v -0.010855003260076044 -0.06520670652389525 -0.00035969709279015655
v -0.006855003535747526 -0.0689028427004814 -0.00275014410726726
v -0.006855003535747526 -0.06836091727018355 -0.0019390860106796022
v -0.006855003535747526 -0.06760941445827483 -0.0032859009224921456
v -0.006855003535747526 -0.06909314543008803 -0.003706852672621607
v -0.006855003535747526 -0.06769314408302306 -0.003706852672621607
v -0.006855003535747526 -0.06737096607685088 -0.0029290348757058378
v -0.006855003535747526 -0.06754985451698302 -0.0013971540611237285
v -0.006855003535747526 -0.06659314781427382 -0.0012068522628396747
v -0.006855003535747526 -0.06701409816741942 -0.0026905850972980257
v -0.006855003535747526 -0.06760941445827483 -0.0041278041899204245
v -0.006855003535747526 -0.0689028427004814 -0.0046635610051453105
v -0.006855003535747526 -0.06836091727018355 -0.005474619567394256
v -0.006855003535747526 -0.06737096607685088 -0.0044846697710454455
v -0.006855003535747526 -0.06701409816741942 -0.004723119549453258
v -0.006855003535747526 -0.06754985451698302 -0.006016551051288841
v -0.006855003535747526 -0.06659314781427382 -0.006206852849572895
v -0.006855003535747526 -0.06659314781427382 -0.004806852899491786
v -0.006855003535747526 -0.06659314781427382 -0.002606852678582072
v -0.006855003535747526 -0.06563643366098403 -0.0013971540611237285
v -0.006855003535747526 -0.06617219746112822 -0.0026905850972980257
v -0.006855003535747526 -0.06482537835836409 -0.001939086127094924
v -0.006855003535747526 -0.06581532955169676 -0.0029290348757058378
v -0.006855003535747526 -0.06428344547748564 -0.00275014410726726
v -0.006855003535747526 -0.06557688117027281 -0.0032859009224921456
v -0.006855003535747526 -0.06409314274787901 -0.003706852672621607
v -0.006855003535747526 -0.06549314409494399 -0.003706852672621607
v -0.006855003535747526 -0.06563643366098403 -0.006016551516950129
v -0.006855003535747526 -0.06617219746112822 -0.004723120015114545
v -0.006855003535747526 -0.06482537835836409 -0.005474620033055543
v -0.006855003535747526 -0.06581532955169676 -0.004484670236706733
v -0.006855003535747526 -0.06557688117027281 -0.004127804655581712
v -0.006855003535747526 -0.06428344547748564 -0.004663561470806598
v -0.010855003260076044 -0.06482537835836409 -0.005474620033055543
v -0.006855003535747526 -0.06482537835836409 -0.005474620033055543
v -0.006855003535747526 -0.06428344547748564 -0.004663561470806598
v -0.010855003260076044 -0.06659314781427382 -0.006206852849572895
v -0.006855003535747526 -0.06563643366098403 -0.006016551516950129
v -0.010855003260076044 -0.06563643366098403 -0.006016551516950129
v -0.010855003260076044 -0.06428344547748564 -0.004663561470806598
v -0.006855003535747526 -0.06659314781427382 -0.006206852849572895
v -0.006855003535747526 -0.06836091727018355 -0.005474619567394256
v -0.006855003535747526 -0.06754985451698302 -0.006016551051288841
v -0.010855003260076044 -0.06836091727018355 -0.005474619567394256
v -0.010855003260076044 -0.0689028427004814 -0.0046635610051453105
v -0.006855003535747526 -0.0689028427004814 -0.0046635610051453105
v -0.010855003260076044 -0.06754985451698302 -0.006016551051288841
v -0.006855004001408814 -0.07326626777648924 -0.005629046354442834
v -0.006855004001408814 -0.07455969601869582 -0.005093289539217948
v -0.006855004001408814 -0.0730278119444847 -0.005272180773317813
v -0.006855004001408814 -0.07474999874830245 -0.006049998104572294
v -0.006855004001408814 -0.07334999740123747 -0.006049998104572294
v -0.006855004001408814 -0.07401777058839797 -0.00428223144263029
v -0.006855004001408814 -0.07320670783519743 -0.003740299027413129
v -0.006855004001408814 -0.07225000113248824 -0.0035499981604516498
v -0.006855004001408814 -0.07267095148563384 -0.005033730529248714
v -0.006855004001408814 -0.07326626777648924 -0.006470949854701756
v -0.006855004001408814 -0.07455969601869582 -0.007006706669926642
v -0.006855004001408814 -0.07401777058839797 -0.0078177647665143
v -0.006855004001408814 -0.0730278119444847 -0.006827815435826777
v -0.006855004001408814 -0.07267095148563384 -0.007066265679895876
v -0.006855004001408814 -0.07320670783519743 -0.008359696716070173
v -0.006855004001408814 -0.07225000113248824 -0.008549998514354227
v -0.006855004001408814 -0.07225000113248824 -0.00714999809861183
v -0.006855004001408814 -0.07225000113248824 -0.00494999811053276
v -0.006855003535747526 -0.07129328697919844 -0.003740299027413129
v -0.006855004001408814 -0.07182904332876204 -0.005033730529248714
v -0.006855003535747526 -0.07048223167657851 -0.00428223144263029
v -0.006855004001408814 -0.07147218286991118 -0.005272180773317813
v -0.006855003535747526 -0.06994029879570006 -0.005093289539217948
v -0.006855003535747526 -0.07123373448848723 -0.005629046354442834
v -0.006855003535747526 -0.06974999606609343 -0.006049998104572294
v -0.006855003535747526 -0.0711499974131584 -0.006049998104572294
v -0.006855003535747526 -0.07129328697919844 -0.008359696716070173
v -0.006855004001408814 -0.07182904332876204 -0.007066265679895876
v -0.006855003535747526 -0.07048223167657851 -0.0078177647665143
v -0.006855004001408814 -0.07147218286991118 -0.006827815435826777
v -0.006855003535747526 -0.07123373448848723 -0.006470949854701756
v -0.006855003535747526 -0.06994029879570006 -0.007006706669926642
v -0.010855003260076044 -0.07048223167657851 -0.0078177647665143
v -0.006855003535747526 -0.07048223167657851 -0.0078177647665143
v -0.006855003535747526 -0.06994029879570006 -0.007006706669926642
v -0.010855003260076044 -0.07225000113248824 -0.008549998514354227
v -0.006855003535747526 -0.07129328697919844 -0.008359696716070173
v -0.010855003260076044 -0.07129328697919844 -0.008359696716070173
v -0.010855003260076044 -0.06994029879570006 -0.007006706669926642
v -0.006855004001408814 -0.07225000113248824 -0.008549998514354227
v -0.006855004001408814 -0.07401777058839797 -0.0078177647665143
v -0.006855004001408814 -0.07320670783519743 -0.008359696716070173
v -0.010855003260076044 -0.07401777058839797 -0.0078177647665143
v -0.010855003260076044 -0.07455969601869582 -0.007006706669926642
v -0.006855004001408814 -0.07455969601869582 -0.007006706669926642
v -0.010855003260076044 -0.07320670783519743 -0.008359696716070173
v -0.006855004001408814 -0.07326626777648924 0.010370952077209948
v -0.006855004001408814 -0.07455969601869582 0.01090671122074127
v -0.006855004001408814 -0.0730278119444847 0.010727819986641405
v -0.006855004001408814 -0.07474999874830245 0.009950000792741774
v -0.006855004001408814 -0.07334999740123747 0.0099499998614192
v -0.006855004001408814 -0.07401777058839797 0.011717768386006354
v -0.006855004001408814 -0.07320670783519743 0.012259700335562226
v -0.006855004001408814 -0.07225000113248824 0.011050001718103884
v -0.006855004001408814 -0.07267095148563384 0.010966268368065355
v -0.006855004001408814 -0.07225000113248824 0.012450001202523705
v -0.006855004001408814 -0.07326626777648924 0.0095290495082736
v -0.006855004001408814 -0.07455969601869582 0.008993294090032576
v -0.006855004001408814 -0.07401777058839797 0.008182235062122343
v -0.006855004001408814 -0.0730278119444847 0.009172183461487292
v -0.006855004001408814 -0.07267095148563384 0.008933735080063341
v -0.006855004001408814 -0.07320670783519743 0.007640303578227757
v -0.006855004001408814 -0.07225000113248824 0.008850001730024813
v -0.006855004001408814 -0.07225000113248824 0.007450000848621128
v -0.006855003535747526 -0.07129328697919844 0.012259700335562226
v -0.006855004001408814 -0.07182904332876204 0.010966268368065355
v -0.006855003535747526 -0.07147218286991118 0.010727819986641405
v -0.006855003535747526 -0.07048223167657851 0.011717767454683779
v -0.006855003535747526 -0.06994029879570006 0.010906710289418696
v -0.006855003535747526 -0.07123373448848723 0.010370952077209948
v -0.006855003535747526 -0.06974999606609343 0.0099499998614192
v -0.006855003535747526 -0.0711499974131584 0.0099499998614192
v -0.006855004001408814 -0.07182904332876204 0.008933735080063341
v -0.006855003535747526 -0.07147218286991118 0.009172183461487292
v -0.006855003535747526 -0.07129328697919844 0.007640303578227757
v -0.006855003535747526 -0.07048223167657851 0.008182234130799769
v -0.006855003535747526 -0.07123373448848723 0.0095290495082736
v -0.006855003535747526 -0.06994029879570006 0.008993293158710001
v -0.010855003260076044 -0.07048223167657851 0.008182234130799769
v -0.006855003535747526 -0.07048223167657851 0.008182234130799769
v -0.006855003535747526 -0.06994029879570006 0.008993293158710001
v -0.010855003260076044 -0.07225000113248824 0.007450000848621128
v -0.006855003535747526 -0.07129328697919844 0.007640303578227757
v -0.010855003260076044 -0.07129328697919844 0.007640303578227757
v -0.010855003260076044 -0.06994029879570006 0.008993293158710001
v -0.006855004001408814 -0.07225000113248824 0.007450000848621128
v -0.006855004001408814 -0.07401777058839797 0.008182235062122343
v -0.006855004001408814 -0.07320670783519743 0.007640303578227757
v -0.010855003260076044 -0.07401777058839797 0.008182235062122343
v -0.010855003260076044 -0.07455969601869582 0.008993294090032576
v -0.006855004001408814 -0.07455969601869582 0.008993294090032576
v -0.010855003260076044 -0.07320670783519743 0.007640303578227757
v -0.006855003535747526 -0.06760941445827483 0.008027807809412478
v -0.006855003535747526 -0.0689028427004814 0.008563564158976076
v -0.006855003535747526 -0.06737096607685088 0.008384673856198786
v -0.006855003535747526 -0.06909314543008803 0.007606856059283016
v -0.006855003535747526 -0.06769314408302306 0.007606856059283016
v -0.006855003535747526 -0.06836091727018355 0.009374623186886309
v -0.006855003535747526 -0.06754985451698302 0.009916556067764757
v -0.006855003535747526 -0.06659314781427382 0.008706855587661265
v -0.006855003535747526 -0.06701409816741942 0.008623124100267885
v -0.006855003535747526 -0.06659314781427382 0.010106855072081087
v -0.006855003535747526 -0.06760941445827483 0.007185903843492268
v -0.006855003535747526 -0.0689028427004814 0.006650147493928669
v -0.006855003535747526 -0.06737096607685088 0.006829039659351109
v -0.006855003535747526 -0.06836091727018355 0.0058390884660184375
v -0.006855003535747526 -0.06701409816741942 0.00659058755263686
v -0.006855003535747526 -0.06754985451698302 0.005297157447785138
v -0.006855003535747526 -0.06659314781427382 0.0065068555995821935
v -0.006855003535747526 -0.06659314781427382 0.005106856115162372
v -0.006855003535747526 -0.06563643366098403 0.009916556067764757
v -0.006855003535747526 -0.06617219746112822 0.008623124100267885
v -0.006855003535747526 -0.06581532955169676 0.008384673856198786
v -0.006855003535747526 -0.06482537835836409 0.009374623186886309
v -0.006855003535747526 -0.06428344547748564 0.008563564158976076
v -0.006855003535747526 -0.06557688117027281 0.008027807809412478
v -0.006855003535747526 -0.06409314274787901 0.007606855593621729
v -0.006855003535747526 -0.06549314409494399 0.007606855593621729
v -0.006855003535747526 -0.06617219746112822 0.006590587086975573
v -0.006855003535747526 -0.06581532955169676 0.006829039193689821
v -0.006855003535747526 -0.06563643366098403 0.005297156982123851
v -0.006855003535747526 -0.06482537835836409 0.00583908800035715
v -0.006855003535747526 -0.06557688117027281 0.0071859033778309805
v -0.006855003535747526 -0.06428344547748564 0.006650147028267382
v -0.010855003260076044 -0.06482537835836409 0.00583908800035715
v -0.006855003535747526 -0.06482537835836409 0.00583908800035715
v -0.006855003535747526 -0.06428344547748564 0.006650147028267382
v -0.010855003260076044 -0.06659314781427382 0.005106856115162372
v -0.006855003535747526 -0.06563643366098403 0.005297156982123851
v -0.010855003260076044 -0.06563643366098403 0.005297156982123851
v -0.010855003260076044 -0.06428344547748564 0.006650147028267382
v -0.006855003535747526 -0.06659314781427382 0.005106856115162372
v -0.006855003535747526 -0.06836091727018355 0.0058390884660184375
v -0.006855003535747526 -0.06754985451698302 0.005297157447785138
v -0.010855003260076044 -0.06836091727018355 0.0058390884660184375
v -0.010855003260076044 -0.0689028427004814 0.006650147493928669
v -0.006855003535747526 -0.0689028427004814 0.006650147493928669
v -0.010855003260076044 -0.06754985451698302 0.005297157447785138
v 0.0001449973497074097 -0.07225000113248824 0.025700002908706658
v 0.0005276796291582285 -0.07232611626386641 0.025700002908706658
v 0.0003269591543357819 -0.07226669043302535 0.02201011404395103
v 0.0001449973497074097 -0.07225000113248824 0.021981202065944668
v 0.0005130913923494517 -0.07232021540403365 0.02210281044244766
v 0.0008521039853803811 -0.07254289090633391 0.022488504648208615
v 0.0008521039853803811 -0.07254289090633391 0.025700002908706658
v 0.0010688767069950698 -0.07286731898784636 0.025700002908706658
v 0.001144995563663542 -0.07324999570846556 0.02371325343847274
v 0.001144995563663542 -0.07324999570846556 0.025700002908706658
v 0.0001449973497074097 -0.07225000113248824 0.021981202065944668
v 0.0003269591543357819 -0.07226669043302535 0.02201011404395103
v 0.00014499695680569855 -0.08025000244379042 0.02659999951720237
v 0.0006502245669253169 -0.08025000244379042 0.026758212596178048
v 0.0005130913923494517 -0.07232021540403365 0.02210281044244766
v 0.0008521039853803811 -0.07254289090633391 0.022488504648208615
v 0.001144995563663542 -0.07324999570846556 0.02371325343847274
v 0.0010170054156333206 -0.08025000244379042 0.027189489454030984
v 0.0011449953308328984 -0.07842319458723067 0.02670000493526458
v 0.00014499695680569855 -0.08025000244379042 0.027700003236532204
v 0.0006502245669253169 -0.08025000244379042 0.027562987059354775
v 0.0005276795709505676 -0.07424999773502348 0.027623880654573434
v 0.00014499724784400311 -0.07424999773502348 0.027700003236532204
v 0.0008521039271727202 -0.07424999773502348 0.027407106012105935
v 0.0010170054156333206 -0.08025000244379042 0.027189489454030984
v 0.0011449953308328984 -0.07842319458723067 0.02670000493526458
v 0.0010688767069950698 -0.07424999773502348 0.02708268538117408
v 0.001144995563663542 -0.07424999773502348 0.02670000493526458
v -0.0038550032768398515 -0.07124999910593031 0.025700002908706658
v -0.0037847927305847398 -0.07161809504032134 0.0216163694858551
v -0.0038550032768398515 -0.07124999910593031 0.021403849124908444
v -0.00377888255752623 -0.07163268327713011 0.025700002908706658
v -0.0035621116403490296 -0.07195710390806197 0.021812099963426586
v -0.0035621116403490296 -0.07195710390806197 0.025700002908706658
v -0.0028550031129270788 -0.07225000113248824 0.025700002908706658
v -0.0028550031129270788 -0.07225000113248824 0.021981202065944668
v -0.0032230990473181 -0.07217978686094283 0.021940663456916806
v -0.0032376854214817277 -0.07217387855052947 0.025700002908706658
v 0.028735687956213944 -0.03535779193043708 -0.013799998909234997
v 0.021376227959990498 -0.034584280103445046 -0.013799998909234997
v 0.020853580906987187 -0.03955688700079917 -0.008799999020993708
v 0.02821304462850093 -0.04033039882779121 -0.008799999020993708
v -0.017505001276731488 -0.031750001013278954 -0.013799998909234997
v -0.0058521577157080165 -0.03674999624490737 -0.008799999020993708
v -0.005590118467807769 -0.03175000473856925 -0.013799999840557572
v -0.017505001276731488 -0.03674999624490737 -0.008799999020993708
v 0.006259491667151449 -0.03299544379115104 -0.013799998909234997
v -0.005590118467807769 -0.03175000473856925 -0.013799999840557572
v -0.0058521577157080165 -0.03674999624490737 -0.008799999020993708
v 0.0057368497364222995 -0.03796805813908576 -0.008799999020993708
v -0.04435500130057334 -0.031750001013278954 -0.013799998909234997
v -0.04435500130057334 -0.03674999624490737 -0.008799999020993708
v -0.03270500153303146 -0.03674999624490737 -0.008799999020993708
v -0.03270500153303146 -0.031750001013278954 -0.013799998909234997
v -0.01085500232875347 -0.04748463630676268 0.027547759935259812
v -0.01085500232875347 -0.04824999719858168 0.027700001373887055
v -0.0058550024405121795 -0.04824999719858168 0.027700001373887055
v -0.0051188142970204345 -0.04751380532979964 0.027559580281376832
v -0.003995425067842006 -0.046390421688556664 0.026436189189553254
v -0.004440789110958575 -0.046835780143737786 0.027114214375615113
v -0.01085500232875347 -0.04640224575996398 0.026465365663170808
v -0.01085500232875347 -0.046835780143737786 0.027114214375615113
v -0.005089635029435157 -0.07124999910593031 0.02754776179790496
v -0.0051188142970204345 -0.04751380532979964 0.027559580281376832
v -0.0058550024405121795 -0.04824999719858168 0.027700001373887055
v -0.005855003371834754 -0.07124999910593031 0.027700003236532204
v -0.003995425067842006 -0.046390421688556664 0.026436189189553254
v -0.00444079004228115 -0.07124999910593031 0.027114216238260262
v -0.004440789110958575 -0.046835780143737786 0.027114214375615113
v -0.004007244482636451 -0.07124999910593031 0.026465367525815957
v -0.004007244482636451 -0.07124999910593031 0.026465367525815957
v -0.00444079004228115 -0.07124999910593031 0.027114216238260262
v -0.0039851032197475425 -0.0714747905731201 0.026465367525815957
v -0.0038550032768398515 -0.07124999910593031 0.025700002908706658
v -0.003079794580116867 -0.07238010317087172 0.026465367525815957
v -0.0032376854214817277 -0.07217387855052947 0.025700002908706658
v -0.003295947099104523 -0.0723145306110382 0.026465367525815957
v -0.0028550031129270788 -0.07240224629640578 0.026465367525815957
v -0.0028550031129270788 -0.07225000113248824 0.025700002908706658
v -0.0031643754336982957 -0.07280530780553816 0.027114216238260262
v -0.0034618566278368226 -0.07271507382392882 0.027114216238260262
v -0.003495153272524475 -0.07220805436372756 0.026465367525815957
v -0.0028550031129270788 -0.07283578068017958 0.027114216238260262
v -0.0028550031129270788 -0.07348462939262389 0.02754776179790496
v -0.005046699661761521 -0.07168595492839812 0.02754776179790496
v -0.005089635029435157 -0.07124999910593031 0.02754776179790496
v -0.005855003371834754 -0.07124999910593031 0.027700003236532204
v -0.003710162127390503 -0.07331452518701552 0.02754776179790496
v -0.0032909589353948823 -0.07344169169664382 0.02754776179790496
v -0.0028550033457577224 -0.07424999773502348 0.027700003236532204
v -0.0040030539967119685 -0.07402163743972777 0.027700003236532204
v -0.004096499178558587 -0.07310803234577178 0.02754776179790496
v -0.003736019367352127 -0.07256853580474852 0.027114216238260262
v -0.004410321358591317 -0.07155936956405638 0.027114216238260262
v -0.0035621116403490296 -0.07195710390806197 0.025700002908706658
v -0.0036697613541036836 -0.07206475734710692 0.026465367525815957
v -0.003976325038820504 -0.07237131893634795 0.027114216238260262
v -0.0038130565080791703 -0.07189015299081801 0.026465367525815957
v -0.00377888255752623 -0.07163268327713011 0.025700002908706658
v -0.003919534850865602 -0.07169093936681746 0.026465367525815957
v -0.004320079926401376 -0.07185685634613036 0.027114216238260262
v -0.00417353631928563 -0.07213100790977477 0.027114216238260262
v -0.004435128066688775 -0.07283012568950652 0.02754776179790496
v -0.004713034722954034 -0.07249148935079573 0.02754776179790496
v -0.004976325202733277 -0.07337132096290587 0.027700003236532204
v -0.005626641679555177 -0.07239804416894911 0.027700003236532204
v -0.004919535014778375 -0.07210515439510344 0.02754776179790496
v 0.00014499724784400311 -0.07424999773502348 0.027700003236532204
v 0.00014499727694783357 -0.07348462939262389 0.02754776179790496
v -0.0028550031129270788 -0.07348462939262389 0.02754776179790496
v -0.0028550033457577224 -0.07424999773502348 0.027700003236532204
v -0.0028550031129270788 -0.07240224629640578 0.026465367525815957
v 0.00014499732060357926 -0.07283578068017958 0.027114216238260262
v 0.00014499733515549448 -0.07240224629640578 0.026465367525815957
v -0.0028550031129270788 -0.07283578068017958 0.027114216238260262
v 0.0005276796291582285 -0.07232611626386641 0.025700002908706658
v 0.0001449973497074097 -0.07225000113248824 0.025700002908706658
v 0.0005276796291582285 -0.07247256487607955 0.026436239480972283
v 0.0008521039853803811 -0.07254289090633391 0.025700002908706658
v 0.00014499733515549448 -0.07240224629640578 0.026465367525815957
v 0.0005276796291582285 -0.07288961112499236 0.027060389518737786
v 0.00014499732060357926 -0.07283578068017958 0.027114216238260262
v 0.0008521039853803811 -0.07267283648252486 0.026353280991315835
v 0.0008521039853803811 -0.07304289191961287 0.026907108724117272
v 0.0010688767069950698 -0.07286731898784636 0.025700002908706658
v 0.001144995563663542 -0.07332611829042433 0.026082687079906457
v 0.001144995563663542 -0.07324999570846556 0.025700002908706658
v 0.0010688767069950698 -0.0729725658893585 0.026229131966829293
v 0.0010688767069950698 -0.07327228784561156 0.026677705347537987
v 0.001144995563663542 -0.07354289293289183 0.02640710771083831
v 0.0005276795709505676 -0.07351376116275786 0.027477435767650597
v 0.0008521039271727202 -0.07359671592712401 0.027277164161205285
v 0.00014499727694783357 -0.07348462939262389 0.02754776179790496
v 0.00014499724784400311 -0.07424999773502348 0.027700003236532204
v 0.0005276795709505676 -0.07424999773502348 0.027623880654573434
v 0.0010688767069950698 -0.07372087240219115 0.026977434754371636
v 0.0010688767069950698 -0.07424999773502348 0.02708268538117408
v 0.001144995563663542 -0.07386731356382369 0.02662388235330581
v 0.001144995563663542 -0.07424999773502348 0.02670000493526458
v 0.0008521039271727202 -0.07424999773502348 0.027407106012105935
v -0.042355000972747796 -0.04625000059604644 0.02570000104606151
v -0.042355000972747796 -0.04640224575996398 0.026465365663170808
v -0.039355002343654626 -0.04640224575996398 0.026465365663170808
v -0.039355002343654626 -0.04625000059604644 0.02570000104606151
v -0.042355000972747796 -0.046835780143737786 0.027114214375615113
v -0.039355002343654626 -0.046835780143737786 0.027114214375615113
v -0.042355000972747796 -0.04748463630676268 0.027547759935259812
v -0.042355000972747796 -0.04824999719858168 0.027700001373887055
v -0.039355002343654626 -0.04748463630676268 0.027547759935259812
v -0.039355002343654626 -0.04824999719858168 0.027700001373887055
v -0.04312037304043769 -0.08025000244379042 0.02754776179790496
v -0.042355004698038094 -0.08025000244379042 0.027700003236532204
v -0.042355000972747796 -0.04824999719858168 0.027700001373887055
v -0.04312036931514739 -0.04824999719858168 0.027547759935259812
v -0.0442027635872364 -0.08025000244379042 0.026465367525815957
v -0.0437692143023014 -0.04824999719858168 0.027114214375615113
v -0.0442027598619461 -0.04824999719858168 0.026465365663170808
v -0.0437692180275917 -0.08025000244379042 0.027114216238260262
v -0.04435500130057334 -0.04824999719858168 0.02570000104606151
v -0.0442027598619461 -0.04824999719858168 0.026465365663170808
v -0.04406211152672767 -0.04748463630676268 0.02640710584819316
v -0.0437692143023014 -0.04824999719858168 0.027114214375615113
v -0.043661564588546746 -0.04748463630676268 0.02700656093657016
v -0.043661564588546746 -0.046835780143737786 0.026241196319460862
v -0.0437692143023014 -0.046835780143737786 0.02570000104606151
v -0.0442027598619461 -0.04748463630676268 0.02570000104606151
v -0.04335500299930572 -0.046835780143737786 0.02670000307261943
v -0.04306210950016975 -0.04748463630676268 0.027407104149460786
v -0.04312036931514739 -0.04824999719858168 0.027547759935259812
v -0.042355000972747796 -0.04824999719858168 0.027700001373887055
v -0.042355000972747796 -0.04748463630676268 0.027547759935259812
v -0.042355000972747796 -0.046835780143737786 0.027114214375615113
v -0.04289619997143745 -0.046835780143737786 0.02700656093657016
v -0.04289619997143745 -0.04640224575996398 0.026241196319460862
v -0.04264789447188377 -0.04640224575996398 0.02640710584819316
v -0.042355000972747796 -0.04625000059604644 0.02570000104606151
v -0.04312036931514739 -0.04640224575996398 0.02570000104606151
v -0.04306210950016975 -0.04640224575996398 0.02599289454519748
v -0.042355000972747796 -0.04640224575996398 0.026465365663170808
v -0.042355000972747796 -0.04625000059604644 0.02570000104606151
v -0.042355000972747796 -0.04501536488533019 0.0015822411514818664
v -0.039355002343654626 -0.04501536488533019 0.0015822411514818664
v -0.042355000972747796 -0.044249996542930596 0.0014300006441771982
v -0.039355002343654626 -0.044249996542930596 0.0014300006441771982
v -0.042355000972747796 -0.0456642135977745 0.00201578764244914
v -0.039355002343654626 -0.0456642135977745 0.00201578764244914
v -0.042355000972747796 -0.04625000059604644 0.003430000972002744
v -0.039355002343654626 -0.04625000059604644 0.003430000972002744
v -0.039355002343654626 -0.0460977554321289 0.0026646344922482963
v -0.042355000972747796 -0.0460977554321289 0.0026646344922482963
v -0.042355000972747796 -0.04625000059604644 0.003430000972002744
v -0.04312036931514739 -0.04640224575996398 0.003430000972002744
v -0.042355000972747796 -0.04625000059604644 0.02570000104606151
v -0.0437692143023014 -0.046835780143737786 0.003430000972002744
v -0.0442027598619461 -0.04748463630676268 0.003430000972002744
v -0.04435500130057334 -0.04824999719858168 0.003430000972002744
v -0.04435500130057334 -0.04824999719858168 0.02570000104606151
v -0.039355002343654626 -0.03875000029802322 0.0014300004113465545
v -0.039355002343654626 -0.03798463195562362 0.0012777599040418861
v -0.04309119284152984 -0.038013808429241173 0.001289577456191182
v -0.039355002343654626 -0.037335783243179314 0.0008442142861895261
v -0.0437692143023014 -0.037335783243179314 0.0008442142861895261
v -0.039355002343654626 -0.036902241408824914 0.0001953683677129447
v -0.039355002343654626 -0.03674999624490737 -0.0005699990433640777
v -0.04421458020806312 -0.03689042478799819 0.00016619003145024178
v -0.04435500130057334 -0.03674999624490737 -0.0005699990433640777
v -0.04435500130057334 -0.044249996542930596 -0.000569998810533434
v -0.0442027598619461 -0.044881038367748254 0.00025752044166438276
v -0.0442027598619461 -0.044249996542930596 0.00019536861509550357
v -0.04435500130057334 -0.04578073322772979 -0.0002655168063938617
v -0.0437692143023014 -0.044754460453987115 0.0008938997052609918
v -0.0437692143023014 -0.044249996542930596 0.0008442145190201698
v -0.0442027598619461 -0.04548783600330352 0.0004415898583829402
v -0.0437692143023014 -0.04523953795433044 0.0010410458780825136
v -0.0442027598619461 -0.04604706168174743 0.0007405015639960764
v -0.0437692143023014 -0.045686580240726464 0.0012799981050193308
v -0.04435500130057334 -0.047078430652618394 0.0006015734397806226
v -0.0442027598619461 -0.04653722792863845 0.0011427705176174638
v -0.0437692143023014 -0.04607842862606048 0.0016015735454857345
v -0.04312036931514739 -0.04507362097501754 0.0014415900222957132
v -0.04312036931514739 -0.044669881463050835 0.00131911551579833
v -0.04312036931514739 -0.044249996542930596 0.0012777601368725298
v -0.042355000972747796 -0.044249996542930596 0.0014300006441771982
v -0.042355000972747796 -0.04501536488533019 0.0015822411514818664
v -0.04312036931514739 -0.04544572532176971 0.0016404776833951469
v -0.042355000972747796 -0.0456642135977745 0.00201578764244914
v -0.04312036931514739 -0.04577186703681945 0.0019081369973719116
v -0.04435500130057334 -0.047945514321327196 0.0018992681289091702
v -0.0442027598619461 -0.046939499676227556 0.0016329349018633361
v -0.0437692143023014 -0.04640000313520431 0.001993415411561727
v -0.0442027598619461 -0.04723840951919554 0.002192160580307245
v -0.0442027598619461 -0.047422476112842546 0.0027989554218947883
v -0.04435500130057334 -0.04824999719858168 0.003430000972002744
v -0.0437692143023014 -0.0467860996723175 0.0029255398549139495
v -0.0442027598619461 -0.04748463630676268 0.003430000972002744
v -0.0437692143023014 -0.04663895070552825 0.0024404632858932014
v -0.0437692143023014 -0.046835780143737786 0.003430000972002744
v -0.04312036931514739 -0.04623840749263763 0.0026063746772706504
v -0.04312036931514739 -0.04603952169418334 0.0022342805750668045
v -0.042355000972747796 -0.0460977554321289 0.0026646344922482963
v -0.04312036931514739 -0.04636088758707046 0.003010119777172803
v -0.04312036931514739 -0.04640224575996398 0.003430000972002744
v -0.042355000972747796 -0.04625000059604644 0.003430000972002744
v -0.04435500130057334 -0.044249996542930596 -0.000569998810533434
v -0.0442027598619461 -0.044249996542930596 0.00019536861509550357
v -0.04421458020806312 -0.03689042478799819 0.00016619003145024178
v -0.04435500130057334 -0.03674999624490737 -0.0005699990433640777
v -0.0437692143023014 -0.037335783243179314 0.0008442142861895261
v -0.0437692143023014 -0.044249996542930596 0.0008442145190201698
v -0.04312036931514739 -0.044249996542930596 0.0012777601368725298
v -0.04309119284152984 -0.038013808429241173 0.001289577456191182
v -0.042355000972747796 -0.03875000029802322 0.0014300004113465545
v -0.042355000972747796 -0.044249996542930596 0.0014300006441771982
v -0.0038550018798559895 -0.04140224307775497 0.020335277542471882
v -0.005970072466880081 -0.041390426456928246 0.02030609920620918
v -0.0038550018798559895 -0.04183578491210937 0.02098412252962589
v -0.005454587284475564 -0.041249997913837426 0.019569911062717434
v -0.0038550018798559895 -0.041249997913837426 0.019569911062717434
v -0.006444830913096665 -0.04183578491210937 0.02098412252962589
v -0.006756676826626061 -0.04251381009817123 0.02142948471009731
v -0.006855002604424952 -0.04325000196695327 0.02156990952789783
v -0.0038550018798559895 -0.04325000196695327 0.02156990952789783
v -0.0038550018798559895 -0.042484633624553673 0.02141766808927059
v -0.006855002604424952 -0.04325000196695327 0.02156990952789783
v -0.006756676826626061 -0.04251381009817123 0.02142948471009731
v -0.01085500232875347 -0.04325000196695327 0.010580001398921011
v -0.010714578442275522 -0.04251381009817123 0.010555239394307135
v -0.010269215330481528 -0.04183578491210937 0.010476710274815558
v -0.006444830913096665 -0.04183578491210937 0.02098412252962589
v -0.005970072466880081 -0.041390426456928246 0.02030609920620918
v -0.009591192007064818 -0.041390426456928246 0.010357156395912169
v -0.005454587284475564 -0.041249997913837426 0.019569911062717434
v -0.008855002932250498 -0.041249997913837426 0.010227346792817114
v -0.008855002932250498 -0.04001536220312118 -0.004267757758498191
v -0.003855001647025346 -0.04001536220312118 -0.004267757758498191
v -0.003855001647025346 -0.03925000131130218 -0.004419999197125434
v -0.008855002932250498 -0.03925000131130218 -0.004419999197125434
v -0.0038550018798559895 -0.040664210915565484 -0.003834212897345423
v -0.008855002932250498 -0.040664210915565484 -0.003834212897345423
v -0.008855002932250498 -0.041249997913837426 -0.0024199986364692445
v -0.0038550018798559895 -0.041249997913837426 -0.0024199986364692445
v -0.0038550018798559895 -0.041097752749919884 -0.0031853660475462666
v -0.008855002932250498 -0.041097752749919884 -0.0031853660475462666
v -0.01085500232875347 -0.04325000196695327 0.010580001398921011
v -0.010714578442275522 -0.04251381009817123 0.010555239394307135
v -0.01085500232875347 -0.04325000196695327 -0.002419998403638601
v -0.010702761821448801 -0.042484633624553673 -0.002419998403638601
v -0.010269215330481528 -0.04183578491210937 -0.0024199986364692445
v -0.010269215330481528 -0.04183578491210937 0.010476710274815558
v -0.009591192007064818 -0.041390426456928246 0.010357156395912169
v -0.009620368480682371 -0.04140224307775497 -0.0024199986364692445
v -0.008855002932250498 -0.041249997913837426 -0.0024199986364692445
v -0.008855002932250498 -0.041249997913837426 0.010227346792817114
v -0.012089636176824566 -0.04325000196695327 -0.004267757758498191
v -0.012027482502162453 -0.042618952691555016 -0.004267757758498191
v -0.012855002656579014 -0.04325000196695327 -0.004419999197125434
v -0.012550520710647103 -0.041719265282154076 -0.004419999197125434
v -0.011440789327025412 -0.04325000196695327 -0.003834212664514779
v -0.011391103267669676 -0.04274553805589675 -0.003834212664514779
v -0.011243957094848154 -0.04226046055555343 -0.003834212664514779
v -0.011843413114547726 -0.042012162506580346 -0.004267757758498191
v -0.011544501408934591 -0.04145292937755584 -0.004267757758498191
v -0.011005004867911337 -0.041813410818576806 -0.003834212897345423
v -0.011142233386635779 -0.040962770581245415 -0.004267757758498191
v -0.011683429591357706 -0.040421567857265465 -0.004419999197125434
v -0.010683429427444933 -0.04142156988382339 -0.003834212897345423
v -0.010843412950634955 -0.042426377534866326 -0.003185365814715623
v -0.011007242836058138 -0.04325000196695327 -0.003185365814715623
v -0.010965889319777487 -0.04283011704683303 -0.003185365814715623
v -0.01085500232875347 -0.04325000196695327 -0.002419998403638601
v -0.010702761821448801 -0.042484633624553673 -0.002419998403638601
v -0.01064452528953552 -0.04205427318811416 -0.0031853660475462666
v -0.010269215330481528 -0.04183578491210937 -0.0024199986364692445
v -0.010376865975558756 -0.041728131473064416 -0.0031853660475462666
v -0.010652068071067331 -0.040560498833656304 -0.004267757758498191
v -0.010291588492691515 -0.04109999537467956 -0.003834212897345423
v -0.010385736823081968 -0.03955447673797607 -0.004419999197125434
v -0.010050723329186438 -0.041460476815700524 -0.0031853660475462666
v -0.009844539687037466 -0.040861047804355614 -0.003834212897345423
v -0.010092843323945997 -0.04026158899068832 -0.004267757758498191
v -0.00948604755103588 -0.040077522397041314 -0.004267757758498191
v -0.008855002932250498 -0.03925000131130218 -0.004419999197125434
v -0.009359464980661867 -0.04071389883756637 -0.003834212897345423
v -0.008855002932250498 -0.04001536220312118 -0.004267757758498191
v -0.009678629226982592 -0.04126159101724624 -0.0031853660475462666
v -0.009620368480682371 -0.04140224307775497 -0.0024199986364692445
v -0.009274884127080439 -0.04113911092281341 -0.0031853660475462666
v -0.008855002932250498 -0.040664210915565484 -0.003834212897345423
v -0.008855002932250498 -0.041249997913837426 -0.0024199986364692445
v -0.008855002932250498 -0.041097752749919884 -0.0031853660475462666
v -0.011007242836058138 -0.04325000196695327 -0.003185365814715623
v -0.011007242836058138 -0.04625000059604644 -0.003185365814715623
v -0.01085500232875347 -0.04625000059604644 -0.002419998403638601
v -0.01085500232875347 -0.04325000196695327 -0.002419998403638601
v -0.012089636176824566 -0.04325000196695327 -0.004267757758498191
v -0.012855002656579014 -0.04325000196695327 -0.004419999197125434
v -0.012855002656579014 -0.04625000059604644 -0.004419999197125434
v -0.011440789327025412 -0.04325000196695327 -0.003834212664514779
v -0.012089636176824566 -0.04625000059604644 -0.004267757758498191
v -0.011440789327025412 -0.04625000059604644 -0.003834212664514779
v 0.01862988248467445 -0.048875499516725526 -0.004424728453159331
v 0.01877830922603607 -0.04877835884690283 -0.004419999197125434
v 0.019550552591681477 -0.041430946439504616 -0.004419999197125434
v 0.018895348533987995 -0.040621843189001076 -0.004560422617942094
v 0.01777056790888309 -0.03923285380005836 -0.006419999059289692
v 0.01677754148840904 -0.04868080839514731 -0.006419999059289692
v 0.017895540222525593 -0.03938718512654304 -0.005683809518814086
v 0.017911665141582486 -0.048800010234117494 -0.0046141636557877055
v 0.01829191111028194 -0.039876658469438546 -0.0050057852640748015
v 0.016916133463382717 -0.048695374280214296 -0.0056865173391997806
v 0.01731259003281593 -0.04873704537749289 -0.0050552492029964915
v 0.028083989396691315 -0.04155826941132545 -0.0045722397044301024
v 0.018895348533987995 -0.040621843189001076 -0.004560422617942094
v 0.019550552591681477 -0.041430946439504616 -0.004419999197125434
v 0.028003988787531846 -0.04231944307684898 -0.004419999197125434
v 0.017895540222525593 -0.03938718512654304 -0.005683809518814086
v 0.02815181575715541 -0.040912974625825875 -0.0050057852640748015
v 0.028197130188345902 -0.04048180952668189 -0.005654632113873958
v 0.01829191111028194 -0.039876658469438546 -0.0050057852640748015
v -0.029605001211166375 -0.03674999624490737 -0.006419999524950979
v -0.029745424166321748 -0.03689042478799819 -0.005683809984475373
v -0.029605001211166375 -0.04625000059604644 -0.006419999059289692
v -0.03160500153899192 -0.03875000029802322 -0.004419999197125434
v -0.03160500153899192 -0.04625000059604644 -0.004419999197125434
v -0.030839635059237473 -0.04625000059604644 -0.0045722397044301024
v -0.029757242649793618 -0.04625000059604644 -0.005654632113873958
v -0.030190788209438317 -0.037335783243179314 -0.005005785729736089
v -0.030868811532855027 -0.038013808429241173 -0.004560423083603381
v -0.030190788209438317 -0.04625000059604644 -0.0050057852640748015
v -0.039355002343654626 -0.03674999624490737 -0.006419999524950979
v -0.039355002343654626 -0.036902241408824914 -0.005654632579535245
v -0.029745424166321748 -0.03689042478799819 -0.005683809984475373
v -0.029605001211166375 -0.03674999624490737 -0.006419999524950979
v -0.030190788209438317 -0.037335783243179314 -0.005005785729736089
v -0.039355002343654626 -0.037335783243179314 -0.005005785729736089
v -0.039355002343654626 -0.03798463195562362 -0.00457224017009139
v -0.030868811532855027 -0.038013808429241173 -0.004560423083603381
v -0.03160500153899192 -0.03875000029802322 -0.004419999197125434
v -0.039355002343654626 -0.03875000029802322 -0.004419999197125434
v 0.006598976440727709 -0.04761099442839621 -0.0045722397044301024
v 0.007430875208228825 -0.039416883140802376 -0.004560422617942094
v 0.006621768232434986 -0.04007208719849586 -0.004419999197125434
v 0.00583780463784933 -0.04753099009394644 -0.004419999197125434
v 0.00782684702426195 -0.047740053385496126 -0.006419999059289692
v 0.008819867856800554 -0.03829209133982658 -0.006419999524950979
v 0.008665536530315874 -0.03841706737875938 -0.005683809984475373
v 0.007244271226227282 -0.04767881706357001 -0.0050057852640748015
v 0.007675440050661562 -0.047724138945341096 -0.005654632113873958
v 0.00817605573683977 -0.038813438266515725 -0.0050057852640748015
v -0.005918391514569519 -0.038013808429241173 -0.004560423083603381
v -0.005956974346190689 -0.03875000029802322 -0.004419999197125434
v 0.006621768232434986 -0.04007208719849586 -0.004419999197125434
v 0.007430875208228825 -0.039416883140802376 -0.004560422617942094
v 0.008665536530315874 -0.03841706737875938 -0.005683809984475373
v 0.00817605573683977 -0.038813438266515725 -0.0050057852640748015
v -0.005859517026692627 -0.03689042478799819 -0.005683809984475373
v -0.00588285783305764 -0.037335783243179314 -0.005005785729736089
v -0.02060500159859657 -0.04625000059604644 -0.006419999059289692
v -0.020452762022614476 -0.04625000059604644 -0.005654632113873958
v -0.020464578643441197 -0.03689042478799819 -0.005683809984475373
v -0.02060500159859657 -0.03674999624490737 -0.006419999524950979
v -0.020019214600324627 -0.037335783243179314 -0.005005785729736089
v -0.020019216462969776 -0.04625000059604644 -0.0050057852640748015
v -0.01937036961317062 -0.04625000059604644 -0.0045722397044301024
v -0.018605001270771023 -0.04625000059604644 -0.004419999197125434
v -0.018605001270771023 -0.03875000029802322 -0.004419999197125434
v -0.019341191276907917 -0.038013808429241173 -0.004560423083603381
v -0.02060500159859657 -0.03674999624490737 -0.006419999524950979
v -0.020464578643441197 -0.03689042478799819 -0.005683809984475373
v -0.0058521577157080165 -0.03674999624490737 -0.006419999524950979
v -0.005859517026692627 -0.03689042478799819 -0.005683809984475373
v -0.020019214600324627 -0.037335783243179314 -0.005005785729736089
v -0.00588285783305764 -0.037335783243179314 -0.005005785729736089
v -0.019341191276907917 -0.038013808429241173 -0.004560423083603381
v -0.018605001270771023 -0.03875000029802322 -0.004419999197125434
v -0.005918391514569519 -0.038013808429241173 -0.004560423083603381
v -0.005956974346190689 -0.03875000029802322 -0.004419999197125434
v 0.03573141619563102 -0.04405048117041587 -0.013799998909234997
v 0.03573141619563102 -0.04405048117041587 -0.02079999819397926
v 0.03518890589475631 -0.04541027918457984 -0.013799998909234997
v 0.03440768271684646 -0.04664844647049903 -0.013799998909234997
v 0.03440768271684646 -0.04664844647049903 -0.02079999819397926
v 0.03518890589475631 -0.04541027918457984 -0.02079999819397926
v 0.03341390192508697 -0.047723513096570955 -0.02079999819397926
v 0.03341390192508697 -0.047723513096570955 -0.013799998909234997
v 0.032240845263004296 -0.048599485307931886 -0.013799998909234997
v 0.030927799642086022 -0.04924700036644934 -0.013799998909234997
v 0.030927799642086022 -0.04924700036644934 -0.02079999819397926
v 0.02951874211430549 -0.049644399434328065 -0.013799998909234997
v 0.028060857206583016 -0.049778360873460756 -0.013799998909234997
v 0.028060857206583016 -0.049778360873460756 -0.02079999819397926
v 0.02951874211430549 -0.049644399434328065 -0.02079999819397926
v 0.032240845263004296 -0.048599485307931886 -0.02079999819397926
v -0.03635499998927116 0.03674999997019767 -0.02080000191926956
v -0.03791572153568267 0.03659628331661224 -0.02080000191926956
v -0.03791572153568267 0.03659628331661224 -0.013800001703202721
v -0.03941646590828895 0.036141037940979 -0.02080000191926956
v -0.0407995618879795 0.03540175780653953 -0.02080000191926956
v -0.0407995618879795 0.03540175780653953 -0.013800001703202721
v -0.03941646590828895 0.036141037940979 -0.013800001703202721
v -0.03635499998927116 0.03674999997019767 -0.013800001703202721
v -0.042011853307485574 0.0344068557024002 -0.02080000191926956
v -0.042011853307485574 0.0344068557024002 -0.013800001703202721
v -0.0430067554116249 0.03319456428289413 -0.02080000191926956
v -0.04374603554606437 0.031811468303203576 -0.02080000191926956
v -0.0430067554116249 0.03319456428289413 -0.013800001703202721
v -0.04420128092169761 0.0303107239305973 -0.02080000191926956
v -0.044354997575283044 0.028750002384185784 -0.02080000191926956
v -0.04420128092169761 0.0303107239305973 -0.013800001703202721
v -0.04374603554606437 0.031811468303203576 -0.013800001703202721
v -0.044354997575283044 0.028750002384185784 -0.013800001703202721
v 0.026319619268178933 -0.049778360873460756 -0.013799998909234997
v 0.026677984744310372 -0.04971193894743918 -0.013799998909234997
v 0.026319619268178933 -0.049778360873460756 -0.00541999889537692
v 0.026988752186298363 -0.04952150210738181 -0.004750868305563926
v 0.026988752186298363 -0.04952150210738181 -0.013799998909234997
v 0.027210623025894158 -0.04923234507441519 -0.013799998909234997
v 0.0272163338959217 -0.04922096803784369 -0.0045232842676341525
v -0.003855002112686633 -0.048778355121612535 -0.004419999197125434
v 0.01862988248467445 -0.048875499516725526 -0.004424728453159331
v 0.01770565658807754 -0.04877835884690283 -0.004419999197125434
v -0.003855002112686633 -0.049161039292812334 -0.004496119450777768
v 0.027325127273797982 -0.04877835884690283 -0.004419999197125434
v 0.01877830922603607 -0.04877835884690283 -0.004419999197125434
v 0.027314141392707818 -0.04888288304209708 -0.004425476770848035
v 0.0272163338959217 -0.04922096803784369 -0.0045232842676341525
v -0.003855002112686633 -0.04948545992374419 -0.004712892230600118
v 0.026988752186298363 -0.04952150210738181 -0.004750868305563926
v -0.003855002112686633 -0.04970222711563109 -0.0050373151898384086
v 0.026319619268178933 -0.049778360873460756 -0.00541999889537692
v -0.003855002112686633 -0.04977835714817046 -0.00541999889537692
v 0.04198875278234481 0.03233836963772773 -0.02358936704695224
v 0.04307004064321517 0.032896444201469414 -0.022921321913599964
v 0.034175228327512734 -0.042421001940965646 -0.02357163839042186
v 0.03303346782922744 -0.04230099543929099 -0.023799998685717576
v 0.04086849838495254 0.03224431723356246 -0.023800002411007874
v 0.035143166780471795 -0.04252273961901664 -0.022921320050954815
v 0.04384074360132217 0.033838078379631036 -0.021904285997152325
v 0.04416565597057342 0.03491429612040519 -0.02080000191926956
v 0.036017034202814095 -0.04261459037661552 -0.02079999819397926
v 0.035789921879768365 -0.04259071871638297 -0.021948048844933506
v 0.03551245853304862 -0.04398562386631965 -0.021948048844933506
v 0.03488891944289207 -0.04380092397332191 -0.022921320050954815
v 0.03395573049783706 -0.04352449998259544 -0.02357163839042186
v 0.03498543798923492 -0.04530660435557365 -0.021948048844933506
v 0.034405998885631554 -0.045011367648839944 -0.022921320050954815
v 0.03422651439905166 -0.04650943353772163 -0.021948048844933506
v 0.03326109796762466 -0.04755381122231482 -0.021948048844933506
v 0.03371058031916618 -0.04611353948712348 -0.022921320050954815
v 0.03282595053315162 -0.04707052931189536 -0.022921320050954815
v 0.03285495936870574 -0.04319843277335166 -0.023799998685717576
v 0.033538810908794396 -0.044569510966539376 -0.02357163839042186
v 0.03303346782922744 -0.04230099543929099 -0.023799998685717576
v 0.03293843567371368 -0.045521054416894906 -0.02357163839042186
v 0.0321747064590454 -0.04634724929928779 -0.02357163839042186
v 0.03251588717103004 -0.044048313051462167 -0.023799998685717576
v 0.03202762082219123 -0.04482216015458106 -0.023799998685717576
v 0.03212152794003486 -0.04840477183461188 -0.021948048844933506
v 0.03178173676133155 -0.047850284725427614 -0.022921320050954815
v 0.03084596246480941 -0.049033809453248964 -0.021948048844933506
v 0.030612912029027932 -0.04842668399214743 -0.022921320050954815
v 0.03127320483326911 -0.04702043160796164 -0.02357163839042186
v 0.02947712689638137 -0.049419853836297975 -0.021948048844933506
v 0.028060857206583016 -0.04955000057816504 -0.021948048844933506
v 0.028060857206583016 -0.048899676650762544 -0.022921320050954815
v 0.029358614236116402 -0.04878043010830878 -0.022921320050954815
v 0.03026412241160869 -0.04751805588603018 -0.02357163839042186
v 0.03140651062130927 -0.04549408331513404 -0.023799998685717576
v 0.030673353001475327 -0.0460415594279766 -0.023799998685717576
v 0.029852697625756257 -0.04644626006484031 -0.023799998685717576
v 0.02918125316500663 -0.04782345518469809 -0.02357163839042186
v 0.028060857206583016 -0.047926407307386384 -0.02357163839042186
v 0.028060859069228165 -0.04677836224436759 -0.023799998685717576
v 0.028972035273909562 -0.046694625169038766 -0.023799998685717576
v -0.00408336566761136 -0.08025000244379042 -0.021948048844933506
v -0.004065637476742267 -0.049567718058824525 -0.021904282271862027
v -0.004733682144433259 -0.08025000244379042 -0.022921318188309666
v -0.004733680747449397 -0.048899676650762544 -0.022921320050954815
v -0.005706953350454568 -0.08025000244379042 -0.02357163652777671
v -0.006855004001408814 -0.08025000244379042 -0.023799998685717576
v -0.005750718526542186 -0.047882642596960054 -0.023589363321661942
v -0.006855002604424952 -0.04677836224436759 -0.023799998685717576
v 0.028060859069228165 -0.04677836224436759 -0.023799998685717576
v 0.028060857206583016 -0.047926407307386384 -0.02357163839042186
v -0.005750718526542186 -0.047882642596960054 -0.023589363321661942
v -0.006855002604424952 -0.04677836224436759 -0.023799998685717576
v -0.004733680747449397 -0.048899676650762544 -0.022921320050954815
v 0.028060857206583016 -0.048899676650762544 -0.022921320050954815
v 0.028060857206583016 -0.04955000057816504 -0.021948048844933506
v -0.004065637476742267 -0.049567718058824525 -0.021904282271862027
v 0.028060857206583016 -0.049778360873460756 -0.02079999819397926
v -0.003855002112686633 -0.049778360873460756 -0.02079999819397926
v -0.04412663727998733 0.028750002384185784 -0.021948052570223805
v -0.044126644730567925 -0.08025000244379042 -0.021948048844933506
v -0.04347632452845573 -0.08025000244379042 -0.022921318188309666
v -0.04347632080316543 0.028750002384185784 -0.022921321913599964
v -0.04250304773449897 0.028750002384185784 -0.02357164025306701
v -0.04135499894618987 0.028750002384185784 -0.023800002411007874
v -0.04135500267148017 -0.08025000244379042 -0.023799998685717576
v -0.04250305518507957 -0.08025000244379042 -0.02357163652777671
v -0.04412663727998733 0.028750002384185784 -0.021948052570223805
v -0.044354997575283044 0.028750002384185784 -0.02080000191926956
v -0.04397730901837348 0.030266173183917992 -0.021948052570223805
v -0.04347632080316543 0.028750002384185784 -0.022921321913599964
v -0.043339483439922326 0.030139302834868424 -0.022921321913599964
v -0.04353505745530128 0.03172407671809196 -0.021948052570223805
v -0.04293424263596534 0.03147521242499351 -0.022921321913599964
v -0.04250304773449897 0.028750002384185784 -0.02357164025306701
v -0.042816881090402596 0.03306769207119941 -0.021948052570223805
v -0.04185037687420844 0.03424537926912307 -0.021948052570223805
v -0.04227615892887115 0.03270639479160308 -0.022921321913599964
v -0.0413905307650566 0.03378553688526153 -0.022921321913599964
v -0.042384915053844445 0.02994942665100097 -0.02357164025306701
v -0.042035054415464394 0.031102759763598435 -0.02357164025306701
v -0.04135499894618987 0.028750002384185784 -0.023800002411007874
v -0.04125892370939254 0.029725454747676842 -0.023800002411007874
v -0.040974397212266915 0.03066341951489448 -0.023800002411007874
v -0.041466917842626565 0.03216567635536193 -0.02357164025306701
v -0.040702328085899346 0.03309733048081397 -0.02357164025306701
v -0.040512345731258385 0.031527850776910775 -0.023800002411007874
v -0.04067268967628478 0.03521188348531722 -0.021948052570223805
v -0.040311392396688454 0.034671161323785775 -0.022921321913599964
v -0.03932907432317733 0.035930059850215905 -0.021948052570223805
v -0.03908021003007888 0.03532924130558967 -0.022921321913599964
v -0.039770673960447304 0.03386191651225089 -0.02357164025306701
v -0.037871170789003365 0.03637231141328811 -0.021948052570223805
v -0.03635499998927116 0.03674999997019767 -0.02080000191926956
v -0.03635499998927116 0.036521639674901955 -0.021948052570223805
v -0.03774429857730865 0.03573448956012725 -0.022921321913599964
v -0.03635499998927116 0.035871323198080056 -0.022921321913599964
v -0.03870775550603866 0.03443005681037902 -0.02357164025306701
v -0.03913284838199615 0.03290734812617301 -0.023800002411007874
v -0.03989053145051002 0.032285533845424645 -0.023800002411007874
v -0.03826841339468955 0.03336939960718154 -0.023800002411007874
v -0.03755442425608634 0.03477991744875907 -0.02357164025306701
v -0.03635499998927116 0.0348980501294136 -0.02357164025306701
v -0.03635499998927116 0.0337500013411045 -0.023800002411007874
v -0.03733044862747192 0.033653929829597466 -0.023800002411007874
v -0.028095936402678483 0.036345198750495904 -0.02357164025306701
v -0.02765602804720401 0.03696561232209205 -0.023584388196468346
v -0.02728509716689586 0.03552380204200744 -0.023800002411007874
v -0.028105843812227242 0.03723910078406333 -0.023310899734497067
v -0.028428692370653146 0.03759186714887618 -0.022958135232329365
v -0.028513032943010323 0.037497598677873605 -0.022921321913599964
v -0.02652242220938205 0.03674999997019767 -0.023800002411007874
v -0.028856234624981873 0.03695281967520713 -0.022921321913599964
v -0.028935920447111123 0.03879953175783157 -0.021750470623373982
v -0.028851382434368127 0.03859825432300567 -0.02195174805819988
v -0.029104998335242264 0.03875000029802322 -0.02080000191926956
v -0.02893328666687011 0.03825073689222335 -0.021948052570223805
v -0.029364248737692826 0.037358816713094704 -0.021948052570223805
v -0.029098579660058015 0.03778052702546119 -0.021948052570223805
v -0.029257239773869508 0.03798463195562362 -0.02080000191926956
v -0.028597768396139138 0.03799442201852798 -0.02255558036267757
v -0.02876684442162513 0.03839697688817977 -0.022153025493025776
v -0.02870571054518222 0.035736542195081704 -0.02357164025306701
v -0.029311936348676675 0.036497950553894036 -0.022921321913599964
v -0.02836638502776622 0.034566700458526604 -0.023800002411007874
v -0.02943551540374755 0.03527864068746566 -0.02357164025306701
v -0.02985734306275844 0.036155745387077325 -0.022921321913599964
v -0.02967610023915767 0.033958524465560906 -0.023800002411007874
v -0.02971700578927993 0.03700670599937438 -0.021948052570223805
v -0.03110499866306781 0.0337500013411045 -0.023800002411007874
v -0.0302488412708044 0.034994404762983315 -0.02357164025306701
v -0.030465165153145783 0.035943329334259026 -0.022921321913599964
v -0.03110499866306781 0.0348980501294136 -0.02357164025306701
v -0.030139198526740067 0.03674181178212165 -0.021948052570223805
v -0.029690785333514207 0.03733578696846961 -0.02080000191926956
v -0.030339632183313363 0.036902241408824914 -0.02080000191926956
v -0.030609710142016404 0.03657737746834754 -0.021948052570223805
v -0.03110499866306781 0.03587131947278976 -0.022921321913599964
v -0.03110499866306781 0.036521639674901955 -0.021948052570223805
v -0.03110499866306781 0.03674999997019767 -0.02080000191926956
v -0.029104998335242264 0.03920208662748336 -0.021347915753722187
v -0.03110499866306781 0.036521639674901955 -0.021948052570223805
v -0.03635499998927116 0.036521639674901955 -0.021948052570223805
v -0.03635499998927116 0.035871323198080056 -0.022921321913599964
v -0.03110499866306781 0.03587131947278976 -0.022921321913599964
v -0.03110499866306781 0.0348980501294136 -0.02357164025306701
v -0.03110499866306781 0.0337500013411045 -0.023800002411007874
v -0.03635499998927116 0.0348980501294136 -0.02357164025306701
v -0.03635499998927116 0.0337500013411045 -0.023800002411007874
v 0.017773484811186787 0.042112462222576134 -0.01180000230669975
v 0.0175644289702177 0.040123417973518365 -0.013800001703202721
v 0.01955347321927547 0.03991436213254928 -0.013800001703202721
v 0.019762529060244557 0.04190340638160705 -0.01180000230669975
v 0.023740617558360093 0.04148529097437858 -0.011800001375377175
v 0.023531561717391007 0.03949625045061111 -0.013800001703202721
v 0.025520605966448777 0.03928719088435172 -0.013800001703202721
v 0.025729661807417863 0.04127623513340949 -0.011800001375377175
v -0.027104998007416718 0.042150001972913735 -0.013800001703202721
v -0.027104998007416718 0.04415000230073928 -0.01180000230669975
v -0.029104998335242264 0.042150001972913735 -0.013800001703202721
v -0.029104998335242264 0.04415000230073928 -0.01180000230669975
v -0.021104997023940083 0.04415000230073928 -0.01180000230669975
v -0.02310499735176563 0.04415000230073928 -0.01180000230669975
v -0.02310499735176563 0.042150001972913735 -0.013800001703202721
v -0.021104997023940083 0.042150001972913735 -0.013800001703202721
v -0.021104997023940083 0.04184459149837493 -0.019028363749384877
v -0.029104998335242264 0.04184459149837493 -0.019028363749384877
v -0.029104998335242264 0.04299264028668403 -0.018800001591444012
v -0.021104997023940083 0.04299264028668403 -0.018800001591444012
v 0.0015060246223583813 0.04140902310609817 -0.019069463014602658
v -0.0014676529681310053 0.041816681623458855 -0.019028363749384877
v -0.0013476482126861809 0.04295844212174415 -0.018800001591444012
v 0.0016359181609004732 0.04264485463500022 -0.018800001591444012
v 0.017532503232359883 0.03981968387961387 -0.019028363749384877
v 0.02548868022859096 0.03898345679044723 -0.019028363749384877
v 0.017652509734034535 0.04096144437789916 -0.018800001591444012
v 0.025608683004975312 0.04012521728873252 -0.018800001591444012
v 0.04139114171266555 0.03721692785620689 -0.019069463014602658
v 0.044384591281414025 0.03699741512537002 -0.019028363749384877
v 0.041521027684211724 0.03845275938510894 -0.018800001591444012
v 0.04450459778308868 0.03813917562365531 -0.018800001591444012
v -0.003800992388278245 0.03674999997019767 -0.013800001703202721
v -0.0031238836236298076 0.03686810657382011 -0.023800002411007874
v -0.003800992388278245 0.03674999997019767 -0.023800002411007874
v -0.003084255848079919 0.036882840096950524 -0.013800001703202721
v -0.002639007288962602 0.03712217882275581 -0.023496635258197777
v -0.0024627284146845336 0.03726371005177497 -0.013800001703202721
v -0.002018977422267198 0.0378420166671276 -0.013800001703202721
v -0.0022272416390478607 0.0375157743692398 -0.023062156513333317
v 0.008819867856800554 -0.03829209133982658 -0.016799999400973317
v 0.00782684702426195 -0.047740053385496126 -0.016799999400973317
v 0.01677754148840904 -0.04868080839514731 -0.016799999400973317
v 0.01777056790888309 -0.03923285380005836 -0.016799999400973317
v -0.029605001211166375 -0.03674999624490737 -0.016799999400973317
v -0.029605001211166375 -0.04625000059604644 -0.016799999400973317
v -0.02060500159859657 -0.04625000059604644 -0.016799999400973317
v -0.02060500159859657 -0.03674999624490737 -0.016799999400973317
v -0.039355002343654626 -0.04203388094902038 -0.008536115288734434
v -0.039355002343654626 -0.04392163455486297 -0.008271948434412478
v -0.039355002343654626 -0.04327132552862167 -0.007298678625375031
v -0.039355002343654626 -0.042304843664169305 -0.00894164480268955
v -0.039355002343654626 -0.042400002479553216 -0.009419999085366724
v -0.039355002343654626 -0.04229804873466491 -0.006648360285907982
v -0.039355002343654626 -0.041149996221065514 -0.008169999346137045
v -0.039355002343654626 -0.04162835329771041 -0.008265149779617785
v -0.039355002343654626 -0.041149996221065514 -0.006419999059289692
v -0.039355002343654626 -0.040001951158046715 -0.006648360285907982
v -0.039355002343654626 -0.04415000230073928 -0.009419999085366724
v -0.039355002343654626 -0.04392163455486297 -0.01056804973632097
v -0.039355002343654626 -0.04203388094902038 -0.010303882881999014
v -0.039355002343654626 -0.04327132552862167 -0.01154131907969713
v -0.039355002343654626 -0.042304843664169305 -0.009898353368043898
v -0.039355002343654626 -0.04229804873466491 -0.012191637419164177
v -0.039355002343654626 -0.04162835329771041 -0.010574848391115664
v -0.039355002343654626 -0.041149996221065514 -0.010669998824596403
v -0.039355002343654626 -0.040671646595001214 -0.008265149779617785
v -0.039355002343654626 -0.04026611149311065 -0.008536115288734434
v -0.039355002343654626 -0.038378365337848656 -0.008271949365735052
v -0.039355002343654626 -0.039995148777961724 -0.00894164480268955
v -0.039355002343654626 -0.03902867436408996 -0.007298678625375031
v -0.039355002343654626 -0.03989999741315841 -0.009419999085366724
v -0.039355002343654626 -0.038149997591972344 -0.009419999085366724
v -0.039355002343654626 -0.038378365337848656 -0.01056804973632097
v -0.039355002343654626 -0.040001951158046715 -0.012191637419164177
v -0.039355002343654626 -0.040671646595001214 -0.010574848391115664
v -0.039355002343654626 -0.041149996221065514 -0.012419999577105042
v -0.039355002343654626 -0.04026611149311065 -0.010303882881999014
v -0.039355002343654626 -0.03902867436408996 -0.01154131907969713
v -0.039355002343654626 -0.039995148777961724 -0.009898353368043898
v -0.04435500130057334 -0.03902867436408996 -0.01154131907969713
v -0.039355002343654626 -0.03902867436408996 -0.01154131907969713
v -0.039355002343654626 -0.038378365337848656 -0.01056804973632097
v -0.04435500130057334 -0.041149996221065514 -0.012419999577105042
v -0.039355002343654626 -0.040001951158046715 -0.012191637419164177
v -0.04435500130057334 -0.040001951158046715 -0.012191637419164177
v -0.04435500130057334 -0.038378365337848656 -0.01056804973632097
v -0.039355002343654626 -0.041149996221065514 -0.012419999577105042
v -0.039355002343654626 -0.04327132552862167 -0.01154131907969713
v -0.039355002343654626 -0.04229804873466491 -0.012191637419164177
v -0.04435500130057334 -0.04327132552862167 -0.01154131907969713
v -0.04435500130057334 -0.04392163455486297 -0.01056804973632097
v -0.039355002343654626 -0.04392163455486297 -0.01056804973632097
v -0.04435500130057334 -0.04229804873466491 -0.012191637419164177
v 0.022901223972439762 -0.043035130947828286 -0.00894164480268955
v 0.023070225492119786 -0.04142719134688377 -0.008271948434412478
v 0.022872900590300557 -0.043304610997438424 -0.008536115288734434
v 0.02309409342706203 -0.04120009019970893 -0.009419999085366724
v 0.02300225012004375 -0.042073953896760934 -0.007298678625375031
v 0.022911174222826954 -0.042940501123666756 -0.009419999085366724
v 0.022900516167283055 -0.04304189607501029 -0.006648360285907982
v 0.0227805133908987 -0.044183660298585885 -0.008169999346137045
v 0.02283051051199436 -0.04370791837573051 -0.008265149779617785
v 0.0227805133908987 -0.044183660298585885 -0.006419999059289692
v 0.022901223972439762 -0.043035130947828286 -0.009898353368043898
v 0.023070225492119786 -0.04142719134688377 -0.01056804973632097
v 0.022872900590300557 -0.043304610997438424 -0.010303882881999014
v 0.02300225012004375 -0.042073953896760934 -0.01154131907969713
v 0.02283051051199436 -0.04370791837573051 -0.010574848391115664
v 0.022900516167283055 -0.04304189607501029 -0.012191637419164177
v 0.0227805133908987 -0.044183660298585885 -0.010669998824596403
v 0.0227805133908987 -0.044183660298585885 -0.012419998645782467
v 0.02266050688922405 -0.04532540962100028 -0.006648360285907982
v 0.022730508819222447 -0.04465938732028007 -0.008265149779617785
v 0.02268811874091625 -0.04506269469857215 -0.008536115288734434
v 0.022558772936463353 -0.04629335179924964 -0.007298678625375031
v 0.022490797564387318 -0.0469401143491268 -0.008271948434412478
v 0.022659795358777043 -0.04533217474818229 -0.00894164480268955
v 0.022649852558970448 -0.04542680457234382 -0.009419999085366724
v 0.022466925904154774 -0.04716721549630164 -0.009419999085366724
v 0.022730508819222447 -0.04465938732028007 -0.010574848391115664
v 0.02268811874091625 -0.04506269469857215 -0.010303882881999014
v 0.02266050688922405 -0.04532540962100028 -0.012191637419164177
v 0.022558772936463353 -0.04629335179924964 -0.01154131907969713
v 0.022490797564387318 -0.0469401143491268 -0.010568048804998396
v 0.022659795358777043 -0.04533217474818229 -0.009898353368043898
v 0.02746340446174144 -0.04746275022625922 -0.010568048804998396
v 0.022490797564387318 -0.0469401143491268 -0.010568048804998396
v 0.027531379833817475 -0.046815995126962655 -0.01154131907969713
v 0.022558772936463353 -0.04629335179924964 -0.01154131907969713
v 0.02266050688922405 -0.04532540962100028 -0.012191637419164177
v 0.02763311751186847 -0.045848052948713296 -0.012191637419164177
v 0.027753120288252824 -0.0447062961757183 -0.012419998645782467
v 0.0227805133908987 -0.044183660298585885 -0.012419998645782467
v 0.022900516167283055 -0.04304189607501029 -0.012191637419164177
v 0.027873126789927476 -0.04356453195214271 -0.012191637419164177
v 0.028042836114764207 -0.041949842125177376 -0.01056804973632097
v 0.023070225492119786 -0.04142719134688377 -0.01056804973632097
v 0.027974860742688172 -0.042596597224473946 -0.01154131907969713
v 0.02300225012004375 -0.042073953896760934 -0.01154131907969713
v -0.03883320838212966 -0.027137704193592065 -0.023800000548362725
v -0.03883320838212966 -0.027137704193592065 -0.013799999840557572
v -0.03796729445457458 -0.02627179026603698 -0.023800000548362725
v -0.03796729445457458 -0.02627179026603698 -0.013799999840557572
v -0.03848637267947196 -0.02661862969398498 -0.013799999840557572
v -0.03848637267947196 -0.02661862969398498 -0.023800000548362725
v -0.03735500201582908 -0.026150003075599663 -0.023800000548362725
v -0.03735500201582908 -0.026150003075599663 -0.013799999840557572
v -0.036223631352186196 -0.02661862969398498 -0.023800000548362725
v -0.036223631352186196 -0.02661862969398498 -0.013799999840557572
v -0.03674270585179328 -0.02627179026603698 -0.013799999840557572
v -0.0358767919242382 -0.027137704193592065 -0.013799999840557572
v -0.0358767919242382 -0.027137704193592065 -0.023800000548362725
v -0.03674270585179328 -0.02627179026603698 -0.023800000548362725
v 0.026677520945668214 -0.030662510544061654 -0.023800000548362725
v 0.026677520945668214 -0.030662510544061654 -0.013799999840557572
v 0.027543434873223298 -0.02979659661650657 -0.023800000548362725
v 0.027543434873223298 -0.02979659661650657 -0.013799999840557572
v 0.02702436037361621 -0.03014342859387397 -0.013799999840557572
v 0.02702436037361621 -0.03014342859387397 -0.023800000548362725
v 0.028155731037259095 -0.029674801975488656 -0.023800000548362725
v 0.028155731037259095 -0.029674801975488656 -0.013799999840557572
v 0.029287101700901978 -0.03014342859387397 -0.023800000548362725
v 0.029287101700901978 -0.03014342859387397 -0.013799999840557572
v 0.028768023476004594 -0.02979659661650657 -0.013799999840557572
v 0.029633937403559678 -0.030662510544061654 -0.013799999840557572
v 0.029633937403559678 -0.030662510544061654 -0.023800000548362725
v 0.028768023476004594 -0.02979659661650657 -0.023800000548362725
v 0.03247885406017303 0.024533458054065697 -0.023800002411007874
v 0.03247885406017303 0.024533458054065697 -0.013800001703202721
v 0.03334476798772811 0.02539937198162078 -0.023800002411007874
v 0.03334476798772811 0.02539937198162078 -0.013800001703202721
v 0.03282568976283073 0.025052536278963082 -0.013800001703202721
v 0.03282568976283073 0.025052536278963082 -0.023800002411007874
v 0.03395706042647361 0.025521162897348397 -0.023800002411007874
v 0.03395706042647361 0.025521162897348397 -0.013800001703202721
v 0.035088431090116494 0.025052536278963082 -0.023800002411007874
v 0.035088431090116494 0.025052536278963082 -0.013800001703202721
v 0.03456935659050941 0.02539937198162078 -0.013800001703202721
v 0.035435266792774194 0.024533458054065697 -0.013800001703202721
v 0.035435266792774194 0.024533458054065697 -0.023800002411007874
v 0.03456935659050941 0.02539937198162078 -0.023800002411007874
v -0.03883320838212966 0.02836229465901851 -0.023800002411007874
v -0.03883320838212966 0.02836229465901851 -0.013800001703202721
v -0.03796729072928428 0.029228208586573594 -0.023800002411007874
v -0.03796729072928428 0.029228208586573594 -0.013800001703202721
v -0.038486368954181664 0.028881372883915894 -0.013800001703202721
v -0.038486368954181664 0.028881372883915894 -0.023800002411007874
v -0.03735499829053878 0.02935000136494636 -0.023800002411007874
v -0.03735499829053878 0.02935000136494636 -0.013800001703202721
v -0.0362236276268959 0.028881372883915894 -0.023800002411007874
v -0.0362236276268959 0.028881372883915894 -0.013800001703202721
v -0.03674270585179328 0.029228208586573594 -0.013800001703202721
v -0.0358767919242382 0.02836229465901851 -0.013800001703202721
v -0.0358767919242382 0.02836229465901851 -0.023800002411007874
v -0.03674270585179328 0.029228208586573594 -0.023800002411007874
f 1 2 3
f 4 3 5
f 4 1 3
f 5 6 4
f 1 7 2
f 7 8 2
f 9 10 11
f 12 13 14
f 9 15 16
f 17 16 13
f 18 8 7
f 13 12 17
f 16 17 9
f 12 14 18
f 9 11 15
f 14 8 18
f 19 20 21
f 22 21 23
f 22 19 21
f 23 24 22
f 19 25 20
f 25 26 20
f 27 28 29
f 30 31 32
f 27 33 34
f 35 34 31
f 36 26 25
f 31 30 35
f 34 35 27
f 30 32 36
f 27 29 33
f 32 26 36
f 37 38 39
f 40 39 41
f 40 37 39
f 41 42 40
f 37 43 38
f 43 44 38
f 45 46 47
f 48 49 50
f 45 51 52
f 53 52 49
f 54 44 43
f 49 48 53
f 52 53 45
f 48 50 54
f 45 47 51
f 50 44 54
f 55 56 57
f 58 57 59
f 58 55 57
f 59 60 58
f 55 61 56
f 61 62 56
f 63 64 65
f 66 67 68
f 63 69 70
f 71 70 67
f 72 62 61
f 67 66 71
f 70 71 63
f 66 68 72
f 63 65 69
f 68 62 72
f 73 74 75
f 73 76 74
f 77 74 76
f 78 77 76
f 79 80 81
f 82 77 78
f 81 82 79
f 81 77 82
f 83 84 85
f 86 87 84
f 84 83 86
f 87 86 88
f 88 89 87
f 90 91 89
f 88 92 90
f 92 93 90
f 94 90 93
f 89 88 90
f 95 96 97
f 97 98 95
f 99 100 101
f 102 99 101
f 103 104 100
f 99 103 100
f 105 106 107
f 108 104 103
f 107 108 105
f 107 104 108
f 109 110 111
f 109 112 110
f 111 113 109
f 109 114 115
f 116 112 115
f 115 112 109
f 117 118 119
f 118 117 120
f 120 121 118
f 121 122 123
f 124 125 121
f 122 121 125
f 118 121 123
f 126 127 128
f 127 129 128
f 130 127 126
f 131 132 133
f 134 135 136
f 137 138 136
f 132 135 139
f 138 140 136
f 126 141 142
f 129 131 143
f 144 130 126
f 145 146 147
f 148 142 141
f 144 126 142
f 147 146 149
f 137 136 149
f 147 150 145
f 147 151 150
f 151 147 152
f 147 149 136
f 141 153 148
f 154 128 155
f 156 157 158
f 159 155 128
f 128 143 159
f 128 129 143
f 143 131 160
f 132 139 133
f 135 134 139
f 160 131 133
f 161 162 163
f 140 164 165
f 166 152 167
f 164 168 165
f 165 169 170
f 169 165 168
f 165 171 172
f 170 171 165
f 173 172 171
f 173 166 172
f 140 165 134
f 134 136 140
f 174 175 176
f 175 174 177
f 175 161 176
f 175 153 141
f 153 175 177
f 178 179 180
f 181 178 153
f 182 181 153
f 153 177 182
f 162 161 175
f 163 162 183
f 162 156 183
f 156 184 185
f 183 156 185
f 186 187 180
f 188 189 184
f 188 190 189
f 187 190 180
f 158 191 156
f 179 186 180
f 192 152 193
f 192 193 194
f 167 152 192
f 172 195 196
f 194 197 198
f 172 166 195
f 198 192 194
f 166 167 195
f 152 147 193
f 180 190 188
f 156 191 199
f 199 188 184
f 153 178 180
f 200 201 202
f 202 172 200
f 200 172 196
f 184 156 199
f 175 141 203
f 204 205 206
f 207 205 204
f 208 204 206
f 209 208 210
f 206 210 208
f 211 212 207
f 205 207 212
f 213 211 207
f 211 213 214
f 211 214 215
f 216 217 218
f 218 219 216
f 220 221 222
f 222 223 220
f 224 225 226
f 222 221 224
f 227 226 225
f 228 229 230
f 231 217 228
f 229 228 216
f 229 232 230
f 216 228 217
f 225 232 227
f 229 227 232
f 222 224 226
f 233 234 235
f 235 236 233
f 237 238 235
f 235 234 237
f 239 237 234
f 240 241 242
f 241 240 243
f 237 242 238
f 237 240 242
f 244 245 246
f 247 248 249
f 250 244 246
f 251 250 246
f 251 246 252
f 251 252 247
f 247 253 251
f 254 255 256
f 257 256 255
f 254 256 258
f 259 260 261
f 258 262 263
f 262 258 256
f 258 263 261
f 260 264 248
f 265 248 264
f 266 267 268
f 266 269 267
f 268 253 266
f 270 269 266
f 249 271 253
f 253 271 266
f 253 247 249
f 272 273 274
f 275 265 274
f 276 273 272
f 277 278 272
f 279 272 280
f 272 279 277
f 278 276 272
f 274 273 275
f 249 248 265
f 263 281 261
f 282 283 284
f 285 286 284
f 283 285 284
f 259 264 260
f 274 265 284
f 284 265 282
f 264 282 265
f 287 288 289
f 289 290 287
f 287 290 291
f 291 292 287
f 284 293 294
f 295 293 284
f 295 284 292
f 292 284 287
f 294 293 296
f 297 298 299
f 294 300 274
f 297 274 300
f 274 297 299
f 299 301 302
f 301 299 303
f 298 303 299
f 274 284 294
f 304 305 306
f 307 308 306
f 309 306 308
f 310 311 304
f 304 312 310
f 296 304 311
f 306 309 304
f 311 294 296
f 304 296 305
f 259 261 281
f 313 314 315
f 315 316 313
f 317 318 319
f 320 321 322
f 322 321 323
f 324 323 321
f 324 321 325
f 326 327 328
f 327 326 329
f 328 327 330
f 331 330 327
f 332 333 334
f 334 335 332
f 336 337 338
f 338 337 339
f 338 94 93
f 338 93 336
f 340 341 342
f 343 342 344
f 343 344 345
f 345 344 346
f 347 343 345
f 342 341 348
f 349 341 350
f 351 350 341
f 341 352 353
f 353 354 341
f 341 349 352
f 341 340 351
f 355 344 342
f 356 357 355
f 356 355 348
f 358 356 348
f 359 360 358
f 361 356 358
f 360 359 362
f 363 364 359
f 358 348 359
f 365 359 366
f 366 359 364
f 367 359 365
f 359 367 362
f 342 348 355
f 368 369 370
f 370 371 368
f 372 373 374
f 375 374 373
f 376 372 377
f 374 377 372
f 373 378 375
f 372 376 379
f 380 98 97
f 97 381 380
f 382 383 384
f 385 386 382
f 384 385 382
f 387 388 389
f 390 387 389
f 391 392 387
f 393 391 394
f 391 395 394
f 392 391 393
f 392 388 387
f 396 397 398
f 399 400 401
f 397 399 402
f 398 403 396
f 401 402 399
f 404 401 400
f 398 397 402
f 400 405 404
f 405 406 407
f 408 409 410
f 406 408 411
f 407 406 411
f 409 412 410
f 410 411 408
f 412 409 413
f 405 407 404
f 414 415 416
f 417 414 418
f 416 418 414
f 419 420 421
f 414 417 419
f 420 419 417
f 422 423 424
f 424 425 422
f 423 426 424
f 422 425 427
f 428 422 429
f 429 422 427
f 425 430 427
f 425 431 430
f 432 433 423
f 426 423 433
f 434 435 436
f 437 438 439
f 439 431 437
f 440 439 438
f 439 430 431
f 423 441 432
f 442 443 444
f 444 445 442
f 442 445 446
f 447 448 449
f 450 451 452
f 452 446 450
f 446 452 442
f 445 453 446
f 453 454 455
f 453 436 454
f 454 436 456
f 436 435 456
f 455 457 458
f 458 459 460
f 459 458 457
f 458 460 461
f 458 446 455
f 455 446 453
f 462 463 441
f 462 441 464
f 440 465 466
f 467 466 465
f 466 467 468
f 468 469 466
f 469 470 441
f 469 441 471
f 470 464 441
f 472 441 473
f 474 471 441
f 475 476 472
f 474 441 472
f 472 473 475
f 469 468 470
f 463 432 441
f 476 477 447
f 436 447 434
f 447 478 448
f 434 447 449
f 461 479 480
f 481 480 482
f 482 480 479
f 461 480 458
f 483 481 484
f 485 477 476
f 447 484 478
f 486 487 475
f 484 447 483
f 488 485 476
f 447 477 483
f 476 487 488
f 481 483 480
f 487 476 475
f 466 439 440
f 489 490 491
f 491 492 489
f 493 494 495
f 495 496 493
f 497 498 499
f 499 500 497
f 501 502 503
f 504 501 503
f 505 502 501
f 410 384 506
f 507 508 509
f 510 511 509
f 507 509 511
f 407 411 512
f 404 407 513
f 514 510 515
f 511 510 514
f 410 516 411
f 517 515 518
f 507 519 520
f 507 511 519
f 520 516 506
f 516 520 519
f 506 516 410
f 521 512 519
f 517 522 514
f 517 514 515
f 514 522 521
f 521 519 511
f 521 513 512
f 513 521 522
f 523 522 524
f 512 513 407
f 517 525 524
f 512 516 519
f 514 521 511
f 516 512 411
f 525 517 518
f 402 401 526
f 525 527 528
f 525 518 527
f 529 528 527
f 525 528 530
f 531 398 532
f 529 533 534
f 535 533 529
f 533 535 536
f 529 534 528
f 402 537 398
f 528 534 538
f 524 530 526
f 524 525 530
f 530 528 538
f 530 538 537
f 523 526 401
f 526 523 524
f 537 526 530
f 526 537 402
f 539 532 538
f 523 513 522
f 533 540 539
f 540 533 536
f 539 540 541
f 539 538 534
f 539 542 532
f 542 539 541
f 532 542 531
f 532 537 538
f 539 534 533
f 537 532 398
f 524 522 517
f 404 523 401
f 513 523 404
f 543 544 545
f 546 543 545
f 544 359 348
f 359 544 543
f 545 547 546
f 548 549 550
f 551 550 552
f 548 546 549
f 551 548 550
f 549 546 547
f 553 507 554
f 507 520 555
f 507 556 554
f 556 507 555
f 520 557 555
f 557 520 558
f 558 520 506
f 559 506 560
f 558 506 561
f 559 561 506
f 562 559 560
f 417 418 563
f 564 563 565
f 564 417 563
f 566 564 565
f 565 567 566
f 566 568 569
f 569 568 570
f 570 571 569
f 571 570 572
f 568 566 567
f 573 574 575
f 576 573 575
f 577 578 579
f 579 578 574
f 574 573 579
f 575 580 576
f 581 582 583
f 583 584 581
f 585 586 584
f 576 580 587
f 586 581 584
f 587 582 581
f 587 580 582
f 588 589 590
f 589 591 590
f 591 589 592
f 591 592 593
f 594 595 596
f 596 593 594
f 597 596 595
f 594 593 592
f 496 495 598
f 599 598 600
f 496 598 599
f 601 602 603
f 602 601 599
f 600 602 599
f 604 603 605
f 606 605 607
f 608 607 609
f 606 604 605
f 610 608 609
f 606 607 608
f 603 604 601
f 611 499 612
f 613 612 614
f 615 612 613
f 499 611 500
f 611 612 615
f 616 617 618
f 614 616 619
f 620 614 619
f 619 616 621
f 616 618 621
f 614 620 613
f 622 623 624
f 625 626 627
f 626 625 624
f 622 624 625
f 492 491 628
f 628 491 623
f 623 622 628
f 629 630 631
f 632 633 631
f 629 631 633
f 627 634 635
f 634 627 626
f 635 634 630
f 630 629 635
f 504 503 636
f 637 636 638
f 636 637 504
f 637 638 639
f 637 639 640
f 640 641 642
f 643 642 644
f 640 642 643
f 645 646 643
f 644 645 643
f 641 640 639
f 647 648 649
f 650 651 652
f 648 650 653
f 649 654 647
f 652 653 650
f 649 648 653
f 651 655 652
f 656 657 658
f 659 660 661
f 657 659 662
f 658 655 656
f 661 662 659
f 658 657 662
f 656 655 651
f 663 219 664
f 665 664 666
f 667 664 665
f 219 663 216
f 663 664 667
f 668 666 669
f 670 669 671
f 672 666 668
f 668 669 673
f 669 670 673
f 666 672 665
f 223 222 674
f 675 674 676
f 677 676 678
f 675 223 674
f 679 677 678
f 675 676 677
f 678 680 679
f 681 680 682
f 683 682 684
f 685 684 686
f 683 681 682
f 687 685 686
f 683 684 685
f 680 681 679
f 494 688 689
f 495 689 690
f 689 495 494
f 492 691 489
f 692 691 693
f 693 694 692
f 693 691 492
f 694 695 692
f 690 689 696
f 696 695 690
f 694 690 695
f 697 698 699
f 700 697 701
f 700 702 698
f 699 698 703
f 704 698 702
f 702 705 704
f 700 698 697
f 698 704 706
f 707 708 709
f 710 711 707
f 703 708 712
f 709 710 707
f 703 706 713
f 714 710 709
f 709 713 714
f 709 708 703
f 712 699 703
f 703 698 706
f 704 715 706
f 715 704 705
f 715 705 627
f 706 715 713
f 627 716 717
f 718 717 716
f 715 627 719
f 717 718 720
f 715 721 713
f 715 719 603
f 721 715 603
f 719 717 603
f 713 721 714
f 717 722 603
f 722 717 723
f 724 723 717
f 719 627 717
f 713 709 703
f 725 726 727
f 728 725 729
f 728 730 726
f 727 726 731
f 732 726 730
f 730 733 732
f 728 726 725
f 726 732 734
f 735 736 737
f 738 739 735
f 731 736 740
f 737 738 735
f 731 734 741
f 742 738 737
f 737 741 742
f 737 736 731
f 740 727 731
f 731 726 734
f 732 743 734
f 743 732 733
f 743 733 672
f 734 743 741
f 672 744 745
f 746 745 744
f 743 672 747
f 745 746 748
f 743 749 741
f 743 747 680
f 749 743 680
f 747 745 680
f 741 749 742
f 745 750 680
f 750 745 751
f 752 751 745
f 747 672 745
f 741 737 731
f 223 102 101
f 101 220 223
f 753 754 755
f 756 755 757
f 757 758 756
f 759 756 760
f 761 762 758
f 756 758 762
f 763 760 762
f 753 755 756
f 764 762 761
f 765 766 767
f 768 769 770
f 765 767 768
f 762 764 765
f 771 765 768
f 763 765 771
f 764 766 765
f 772 753 756
f 759 773 772
f 760 756 762
f 760 774 759
f 773 759 774
f 762 765 763
f 775 776 777
f 778 773 774
f 778 777 776
f 775 777 779
f 780 774 781
f 778 774 782
f 771 781 763
f 774 763 781
f 780 782 774
f 760 763 774
f 783 784 777
f 780 785 777
f 783 777 785
f 782 780 777
f 777 778 782
f 759 772 756
f 786 787 788
f 786 789 787
f 790 787 789
f 791 790 789
f 491 490 792
f 793 790 791
f 792 793 491
f 792 790 793
f 794 795 796
f 797 794 796
f 798 799 800
f 801 800 796
f 799 796 800
f 798 802 799
f 797 796 799
f 803 804 796
f 796 805 803
f 806 807 798
f 802 798 807
f 798 801 806
f 806 808 807
f 796 804 801
f 798 800 801
f 807 809 802
f 810 811 809
f 812 811 810
f 807 813 810
f 814 811 812
f 810 813 812
f 815 812 813
f 808 816 807
f 816 813 807
f 817 813 816
f 818 816 808
f 818 819 817
f 816 818 817
f 817 815 813
f 810 809 807
f 95 820 821
f 822 823 824
f 820 822 825
f 821 96 95
f 824 825 822
f 826 824 823
f 821 820 825
f 823 827 826
f 827 828 829
f 830 831 832
f 828 830 833
f 829 828 833
f 831 417 832
f 832 833 830
f 417 831 420
f 827 829 826
f 832 417 564
f 569 834 835
f 836 835 837
f 569 835 836
f 829 833 838
f 826 829 839
f 840 837 841
f 837 840 836
f 832 842 833
f 843 841 844
f 845 566 569
f 836 840 846
f 569 836 845
f 564 845 842
f 845 564 566
f 838 845 846
f 564 842 832
f 836 846 845
f 846 840 847
f 847 840 843
f 848 843 844
f 843 848 849
f 846 839 838
f 839 846 847
f 850 847 849
f 829 838 839
f 843 849 847
f 838 842 845
f 840 841 843
f 833 842 838
f 844 851 848
f 825 824 852
f 853 854 851
f 851 854 855
f 851 844 853
f 851 856 848
f 857 821 858
f 97 857 596
f 859 855 860
f 855 854 860
f 859 860 861
f 825 862 821
f 851 855 863
f 849 856 852
f 848 856 849
f 856 851 863
f 856 863 862
f 824 850 852
f 852 850 849
f 862 852 856
f 825 852 862
f 864 858 863
f 850 839 847
f 859 591 864
f 591 859 861
f 864 591 593
f 864 863 855
f 858 593 596
f 593 858 864
f 862 858 821
f 858 862 863
f 864 855 859
f 839 850 826
f 826 850 824
f 858 596 857
f 865 866 867
f 867 868 865
f 869 870 871
f 871 872 869
f 873 874 875
f 874 873 876
f 877 875 874
f 874 878 879
f 879 880 881
f 881 877 879
f 882 881 880
f 879 877 874
f 883 884 885
f 886 883 885
f 887 884 883
f 888 889 890
f 890 891 888
f 892 893 894
f 894 893 895
f 894 896 897
f 894 897 892
f 898 899 900
f 900 901 898
f 902 903 80
f 80 79 902
f 904 905 906
f 906 907 904
f 908 909 910
f 910 911 908
f 912 913 914
f 914 915 912
f 916 917 918
f 918 919 916
f 920 921 922
f 922 923 920
f 924 925 926
f 926 927 924
f 928 929 930
f 930 931 928
f 932 933 934
f 934 935 932
f 936 937 938
f 939 936 938
f 940 941 937
f 936 940 937
f 942 943 944
f 945 941 940
f 944 945 942
f 944 941 945
f 946 947 948
f 946 948 949
f 947 950 951
f 947 951 948
f 952 953 954
f 951 950 955
f 954 955 952
f 955 950 952
f 956 957 958
f 959 956 958
f 960 959 961
f 956 959 960
f 960 962 956
f 963 960 961
f 964 965 963
f 966 967 965
f 966 965 964
f 967 966 968
f 967 968 969
f 961 964 963
f 900 970 901
f 970 971 901
f 971 970 972
f 971 972 973
f 974 893 892
f 973 972 975
f 892 975 974
f 975 972 974
f 976 977 335
f 335 334 976
f 977 976 978
f 978 979 977
f 980 981 979
f 980 899 981
f 898 981 899
f 978 980 979
f 982 983 984
f 982 984 985
f 986 987 988
f 989 988 990
f 984 983 991
f 990 991 989
f 988 987 990
f 991 983 989
f 992 993 994
f 995 996 993
f 993 992 995
f 996 995 997
f 997 998 996
f 999 1000 1001
f 1002 1003 1000
f 1004 999 998
f 999 1004 1002
f 1002 1000 999
f 997 1004 998
f 904 83 85
f 85 905 904
f 333 73 75
f 73 333 332
f 906 1005 907
f 1005 1006 907
f 1006 1005 1007
f 1006 1007 1008
f 1009 903 902
f 1008 1007 1010
f 902 1010 1009
f 1010 1007 1009
f 1011 1012 1013
f 1014 1013 1015
f 1011 1016 1017
f 1013 1014 1011
f 1012 1011 1017
f 1018 1019 1020
f 1020 1021 1018
f 1022 1023 1024
f 1024 1025 1022
f 1026 1027 1028
f 1028 1029 1030
f 1028 1030 1026
f 1031 1029 1028
f 1032 1033 1031
f 1029 1031 1033
f 1031 1034 1035
f 1036 1037 1035
f 1032 1031 1035
f 1038 1039 1040
f 1041 1042 1043
f 1040 1042 1038
f 1038 1042 1041
f 1041 1037 1036
f 1044 1037 1041
f 1035 1034 1036
f 1041 1045 1046
f 1043 1045 1041
f 1044 1041 1046
f 1047 1048 1049
f 1049 1050 1047
f 1051 1052 1053
f 1053 1054 1051
f 1055 1056 1057
f 1057 1058 1055
f 1059 1060 1061
f 1059 1062 1063
f 1059 1064 1062
f 1065 1066 1067
f 1064 1066 1068
f 1068 1066 1065
f 1064 1068 1069
f 1064 1059 1066
f 1063 1060 1059
f 1070 1071 1072
f 1072 1073 1070
f 1074 1075 1076
f 1077 1076 1075
f 1076 1078 1074
f 1079 1080 1081
f 1076 1077 1081
f 1080 1076 1081
f 1082 1083 1084
f 1084 1085 1082
f 1086 1087 1088
f 1087 1086 1089
f 1090 1091 65
f 1092 1093 1094
f 1095 1094 1091
f 1090 65 64
f 1095 1092 1094
f 1091 1090 1095
f 1092 1096 1093
f 1096 1097 1093
f 1098 1099 1100
f 60 59 1101
f 1102 1101 1099
f 1103 1097 1096
f 1099 1098 1102
f 1101 1102 60
f 1098 1100 1103
f 1100 1097 1103
f 1104 1105 1106
f 1104 1106 1107
f 1106 1108 1107
f 1109 1104 1110
f 1111 1110 1104
f 1110 1112 1113
f 1114 1107 1108
f 1107 1111 1104
f 1107 1115 1116
f 1117 1116 1115
f 1118 1112 1111
f 1112 1110 1111
f 1107 1116 1111
f 1107 1114 1119
f 1120 1121 47
f 1122 1123 1124
f 1125 1124 1121
f 1120 47 46
f 1125 1122 1124
f 1121 1120 1125
f 1122 1126 1123
f 1126 1127 1123
f 1128 1129 1130
f 42 41 1131
f 1132 1131 1129
f 1133 1127 1126
f 1129 1128 1132
f 1131 1132 42
f 1128 1130 1133
f 1130 1127 1133
f 1134 1135 1136
f 1134 1136 1137
f 1136 1138 1137
f 1139 1134 1140
f 1141 1140 1134
f 1140 1142 1143
f 1144 1137 1138
f 1137 1141 1134
f 1137 1145 1146
f 1147 1146 1145
f 1148 1142 1141
f 1142 1140 1141
f 1137 1146 1141
f 1137 1144 1149
f 1150 1151 29
f 1152 1153 1154
f 1155 1154 1151
f 1150 29 28
f 1155 1152 1154
f 1151 1150 1155
f 1152 1156 1153
f 1156 1157 1153
f 1158 1159 1160
f 24 23 1161
f 1162 1161 1159
f 1163 1157 1156
f 1159 1158 1162
f 1161 1162 24
f 1158 1160 1163
f 1160 1157 1163
f 1164 1165 1166
f 1167 1168 1166
f 1169 1164 1166
f 1170 1164 1171
f 1169 1171 1164
f 1171 1172 1173
f 1168 1169 1166
f 1169 1174 1175
f 1176 1175 1174
f 1169 1175 1177
f 1178 1172 1177
f 1177 1172 1169
f 1175 1179 1177
f 1169 1172 1171
f 1180 1181 11
f 1182 1183 1184
f 1185 1184 1181
f 1180 11 10
f 1185 1182 1184
f 1181 1180 1185
f 1182 1186 1183
f 1186 1187 1183
f 1188 1189 1190
f 6 5 1191
f 1192 1191 1189
f 1193 1187 1186
f 1189 1188 1192
f 1191 1192 6
f 1188 1190 1193
f 1190 1187 1193
f 1194 1195 1196
f 1196 1197 1194
f 1194 1198 1199
f 1200 1194 1201
f 1202 1203 1201
f 1201 1204 1202
f 1198 1194 1197
f 1205 1206 1198
f 1201 1194 1199
f 1199 1198 1207
f 1208 1204 1199
f 1199 1209 1208
f 1201 1199 1204
f 1198 1197 1205
f 1210 1211 1212
f 1211 1210 1213
f 1214 1215 1216
f 1216 1217 1214
f 1218 1219 1220
f 1220 1221 1218
f 1222 1223 1224
f 1224 1225 1222
f 236 1226 233
f 236 1227 1226
f 1228 1226 1227
f 1229 1228 1227
f 1230 896 1231
f 1231 1229 1230
f 896 1230 897
f 1228 1229 1231
f 1232 1233 1234
f 1235 1234 1236
f 1235 1232 1234
f 1236 1237 1235
f 1232 1238 1233
f 1238 1239 1233
f 1240 1241 1242
f 1243 1244 1245
f 1240 1246 1247
f 1248 1247 1244
f 1249 1239 1238
f 1244 1243 1248
f 1247 1248 1240
f 1243 1245 1249
f 1240 1242 1246
f 1245 1239 1249
f 1250 1251 1252
f 1253 1252 1254
f 1253 1250 1252
f 1254 1255 1253
f 1250 1256 1251
f 1256 1257 1251
f 1258 1259 1260
f 1261 1262 1263
f 1258 1264 1265
f 1266 1265 1262
f 1267 1257 1256
f 1262 1261 1266
f 1265 1266 1258
f 1261 1263 1267
f 1258 1260 1264
f 1263 1257 1267
f 1268 1269 1270
f 1271 1270 1272
f 1271 1268 1270
f 1272 1273 1271
f 1268 1274 1269
f 1274 1275 1269
f 1276 1277 1278
f 1279 1280 1281
f 1276 1282 1283
f 1284 1283 1280
f 1285 1275 1274
f 1280 1279 1284
f 1283 1284 1276
f 1279 1281 1285
f 1276 1278 1282
f 1281 1275 1285
f 1286 1287 1288
f 1289 1288 1290
f 1289 1286 1288
f 1290 1291 1289
f 1286 1292 1287
f 1292 1293 1287
f 1294 1295 1296
f 1297 1298 1299
f 1294 1300 1301
f 1302 1301 1298
f 1303 1293 1292
f 1298 1297 1302
f 1301 1302 1294
f 1297 1299 1303
f 1294 1296 1300
f 1299 1293 1303
f 1304 1305 1306
f 1304 1307 1305
f 1308 1305 1307
f 1309 1308 1307
f 1310 1311 1312
f 1313 1308 1309
f 1312 1313 1310
f 1312 1308 1313
f 1314 1315 1316
f 1317 1318 1315
f 1315 1314 1317
f 1318 1317 1319
f 1319 1320 1318
f 1321 1322 1320
f 1319 1323 1321
f 1323 1324 1321
f 1325 1321 1324
f 1320 1319 1321
f 1326 1327 1328
f 1328 1329 1326
f 1330 1331 1332
f 1333 1330 1332
f 1334 1335 1331
f 1330 1334 1331
f 1336 1337 1338
f 1339 1335 1334
f 1338 1339 1336
f 1338 1335 1339
f 1340 1341 1342
f 1340 1343 1341
f 1342 1344 1340
f 1340 1345 1346
f 1347 1343 1346
f 1346 1343 1340
f 1348 1349 1350
f 1349 1348 1351
f 1351 1352 1349
f 1352 1353 1354
f 1355 1356 1352
f 1353 1352 1356
f 1349 1352 1354
f 1357 1358 1359
f 1358 1360 1359
f 1361 1358 1357
f 1362 1363 1364
f 1365 1366 1367
f 1368 1369 1367
f 1363 1366 1370
f 1369 1371 1367
f 1357 1372 1373
f 1360 1362 1374
f 1375 1361 1357
f 1376 1377 1378
f 1379 1373 1372
f 1375 1357 1373
f 1378 1377 1380
f 1368 1367 1380
f 1378 1381 1376
f 1378 1382 1381
f 1382 1378 1383
f 1378 1380 1367
f 1372 1384 1379
f 1385 1359 1386
f 1387 1388 1389
f 1390 1386 1359
f 1359 1374 1390
f 1359 1360 1374
f 1374 1362 1391
f 1363 1370 1364
f 1366 1365 1370
f 1391 1362 1364
f 1392 1393 1394
f 1371 1395 1396
f 1397 1383 1398
f 1395 1399 1396
f 1396 1400 1401
f 1400 1396 1399
f 1396 1402 1403
f 1401 1402 1396
f 1404 1403 1402
f 1404 1397 1403
f 1371 1396 1365
f 1365 1367 1371
f 1405 1406 1407
f 1406 1405 1408
f 1406 1392 1407
f 1406 1384 1372
f 1384 1406 1408
f 1409 1410 1411
f 1412 1409 1384
f 1413 1412 1384
f 1384 1408 1413
f 1393 1392 1406
f 1394 1393 1414
f 1393 1387 1414
f 1387 1415 1416
f 1414 1387 1416
f 1417 1418 1411
f 1419 1420 1415
f 1419 1421 1420
f 1418 1421 1411
f 1389 1422 1387
f 1410 1417 1411
f 1423 1383 1424
f 1423 1424 1425
f 1398 1383 1423
f 1403 1426 1427
f 1425 1428 1429
f 1403 1397 1426
f 1429 1423 1425
f 1397 1398 1426
f 1383 1378 1424
f 1411 1421 1419
f 1387 1422 1430
f 1430 1419 1415
f 1384 1409 1411
f 1431 1432 1433
f 1433 1403 1431
f 1431 1403 1427
f 1415 1387 1430
f 1406 1372 1434
f 1435 1436 1437
f 1438 1436 1435
f 1439 1435 1437
f 1440 1439 1441
f 1437 1441 1439
f 1442 1443 1438
f 1436 1438 1443
f 1444 1442 1438
f 1442 1444 1445
f 1442 1445 1446
f 1447 1448 1449
f 1449 1450 1447
f 1451 1452 1453
f 1453 1454 1451
f 1455 1456 1457
f 1453 1452 1455
f 1458 1457 1456
f 1459 1460 1461
f 1462 1448 1459
f 1460 1459 1447
f 1460 1463 1461
f 1447 1459 1448
f 1456 1463 1458
f 1460 1458 1463
f 1453 1455 1457
f 1464 1465 1466
f 1466 1467 1464
f 1468 1469 1466
f 1466 1465 1468
f 1470 1468 1465
f 1471 1472 1473
f 1472 1471 1474
f 1468 1473 1469
f 1468 1471 1473
f 1475 1476 1477
f 1478 1479 1480
f 1481 1475 1477
f 1482 1481 1477
f 1482 1477 1483
f 1482 1483 1478
f 1478 1484 1482
f 1485 1486 1487
f 1488 1487 1486
f 1485 1487 1489
f 1490 1491 1492
f 1489 1493 1494
f 1493 1489 1487
f 1489 1494 1492
f 1491 1495 1479
f 1496 1479 1495
f 1497 1498 1499
f 1497 1500 1498
f 1499 1484 1497
f 1501 1500 1497
f 1480 1502 1484
f 1484 1502 1497
f 1484 1478 1480
f 1503 1504 1505
f 1506 1496 1505
f 1507 1504 1503
f 1508 1509 1503
f 1510 1503 1511
f 1503 1510 1508
f 1509 1507 1503
f 1505 1504 1506
f 1480 1479 1496
f 1494 1512 1492
f 1513 1514 1515
f 1516 1517 1515
f 1514 1516 1515
f 1490 1495 1491
f 1505 1496 1515
f 1515 1496 1513
f 1495 1513 1496
f 1518 1519 1520
f 1520 1521 1518
f 1518 1521 1522
f 1522 1523 1518
f 1515 1524 1525
f 1526 1524 1515
f 1526 1515 1523
f 1523 1515 1518
f 1525 1524 1527
f 1528 1529 1530
f 1525 1531 1505
f 1528 1505 1531
f 1505 1528 1530
f 1530 1532 1533
f 1532 1530 1534
f 1529 1534 1530
f 1505 1515 1525
f 1535 1536 1537
f 1538 1539 1537
f 1540 1537 1539
f 1541 1542 1535
f 1535 1543 1541
f 1527 1535 1542
f 1537 1540 1535
f 1542 1525 1527
f 1535 1527 1536
f 1490 1492 1512
f 1544 1545 1546
f 1546 1547 1544
f 1548 1549 1550
f 1551 1552 1553
f 1553 1552 1554
f 1555 1554 1552
f 1555 1552 1556
f 1557 1558 1559
f 1558 1557 1560
f 1559 1558 1561
f 1562 1561 1558
f 1563 1564 1565
f 1565 1566 1563
f 1567 1568 1569
f 1569 1568 1570
f 1569 1325 1324
f 1569 1324 1567
f 1571 1572 1573
f 1574 1573 1575
f 1574 1575 1576
f 1576 1575 1577
f 1578 1574 1576
f 1573 1572 1579
f 1580 1572 1581
f 1582 1581 1572
f 1572 1583 1584
f 1584 1585 1572
f 1572 1580 1583
f 1572 1571 1582
f 1586 1575 1573
f 1587 1588 1586
f 1587 1586 1579
f 1589 1587 1579
f 1590 1591 1589
f 1592 1587 1589
f 1591 1590 1593
f 1594 1595 1590
f 1589 1579 1590
f 1596 1590 1597
f 1597 1590 1595
f 1598 1590 1596
f 1590 1598 1593
f 1573 1579 1586
f 1599 1600 1601
f 1601 1602 1599
f 1603 1604 1605
f 1606 1605 1604
f 1607 1603 1608
f 1605 1608 1603
f 1604 1609 1606
f 1603 1607 1610
f 1611 1329 1328
f 1328 1612 1611
f 1613 1614 1615
f 1616 1617 1613
f 1615 1616 1613
f 1618 1619 1620
f 1621 1618 1620
f 1622 1623 1618
f 1624 1622 1625
f 1622 1626 1625
f 1623 1622 1624
f 1623 1619 1618
f 1627 1628 1629
f 1630 1631 1632
f 1628 1630 1633
f 1629 1634 1627
f 1632 1633 1630
f 1635 1632 1631
f 1629 1628 1633
f 1631 1636 1635
f 1636 1637 1638
f 1639 1640 1641
f 1637 1639 1642
f 1638 1637 1642
f 1640 1643 1641
f 1641 1642 1639
f 1643 1640 1644
f 1636 1638 1635
f 1645 1646 1647
f 1648 1645 1649
f 1647 1649 1645
f 1650 1651 1652
f 1645 1648 1650
f 1651 1650 1648
f 1653 1654 1655
f 1655 1656 1653
f 1654 1657 1655
f 1653 1656 1658
f 1659 1653 1660
f 1660 1653 1658
f 1656 1661 1658
f 1656 1662 1661
f 1663 1664 1654
f 1657 1654 1664
f 1665 1666 1667
f 1668 1669 1670
f 1670 1662 1668
f 1671 1670 1669
f 1670 1661 1662
f 1654 1672 1663
f 1673 1674 1675
f 1675 1676 1673
f 1673 1676 1677
f 1678 1679 1680
f 1681 1682 1683
f 1683 1677 1681
f 1677 1683 1673
f 1676 1684 1677
f 1684 1685 1686
f 1684 1667 1685
f 1685 1667 1687
f 1667 1666 1687
f 1686 1688 1689
f 1689 1690 1691
f 1690 1689 1688
f 1689 1691 1692
f 1689 1677 1686
f 1686 1677 1684
f 1693 1694 1672
f 1693 1672 1695
f 1671 1696 1697
f 1698 1697 1696
f 1697 1698 1699
f 1699 1700 1697
f 1700 1701 1672
f 1700 1672 1702
f 1701 1695 1672
f 1703 1672 1704
f 1705 1702 1672
f 1706 1707 1703
f 1705 1672 1703
f 1703 1704 1706
f 1700 1699 1701
f 1694 1663 1672
f 1707 1708 1678
f 1667 1678 1665
f 1678 1709 1679
f 1665 1678 1680
f 1692 1710 1711
f 1712 1711 1713
f 1713 1711 1710
f 1692 1711 1689
f 1714 1712 1715
f 1716 1708 1707
f 1678 1715 1709
f 1717 1718 1706
f 1715 1678 1714
f 1719 1716 1707
f 1678 1708 1714
f 1707 1718 1719
f 1712 1714 1711
f 1718 1707 1706
f 1697 1670 1671
f 1720 1721 1722
f 1722 1723 1720
f 1724 1725 1726
f 1726 1727 1724
f 1728 1729 1730
f 1730 1731 1728
f 1732 1733 1734
f 1735 1732 1734
f 1736 1733 1732
f 1641 1615 1737
f 1738 1739 1740
f 1741 1742 1740
f 1738 1740 1742
f 1638 1642 1743
f 1635 1638 1744
f 1745 1741 1746
f 1742 1741 1745
f 1641 1747 1642
f 1748 1746 1749
f 1738 1750 1751
f 1738 1742 1750
f 1751 1747 1737
f 1747 1751 1750
f 1737 1747 1641
f 1752 1743 1750
f 1748 1753 1745
f 1748 1745 1746
f 1745 1753 1752
f 1752 1750 1742
f 1752 1744 1743
f 1744 1752 1753
f 1754 1753 1755
f 1743 1744 1638
f 1748 1756 1755
f 1743 1747 1750
f 1745 1752 1742
f 1747 1743 1642
f 1756 1748 1749
f 1633 1632 1757
f 1756 1758 1759
f 1756 1749 1758
f 1760 1759 1758
f 1756 1759 1761
f 1762 1629 1763
f 1760 1764 1765
f 1766 1764 1760
f 1764 1766 1767
f 1760 1765 1759
f 1633 1768 1629
f 1759 1765 1769
f 1755 1761 1757
f 1755 1756 1761
f 1761 1759 1769
f 1761 1769 1768
f 1754 1757 1632
f 1757 1754 1755
f 1768 1757 1761
f 1757 1768 1633
f 1770 1763 1769
f 1754 1744 1753
f 1764 1771 1770
f 1771 1764 1767
f 1770 1771 1772
f 1770 1769 1765
f 1770 1773 1763
f 1773 1770 1772
f 1763 1773 1762
f 1763 1768 1769
f 1770 1765 1764
f 1768 1763 1629
f 1755 1753 1748
f 1635 1754 1632
f 1744 1754 1635
f 1774 1775 1776
f 1777 1774 1776
f 1775 1590 1579
f 1590 1775 1774
f 1776 1778 1777
f 1779 1780 1781
f 1782 1781 1783
f 1779 1777 1780
f 1782 1779 1781
f 1780 1777 1778
f 1784 1738 1785
f 1738 1751 1786
f 1738 1787 1785
f 1787 1738 1786
f 1751 1788 1786
f 1788 1751 1789
f 1789 1751 1737
f 1790 1737 1791
f 1789 1737 1792
f 1790 1792 1737
f 1793 1790 1791
f 1648 1649 1794
f 1795 1794 1796
f 1795 1648 1794
f 1797 1795 1796
f 1796 1798 1797
f 1797 1799 1800
f 1800 1799 1801
f 1801 1802 1800
f 1802 1801 1803
f 1799 1797 1798
f 1804 1805 1806
f 1807 1804 1806
f 1808 1809 1810
f 1810 1809 1805
f 1805 1804 1810
f 1806 1811 1807
f 1812 1813 1814
f 1814 1815 1812
f 1816 1817 1815
f 1807 1811 1818
f 1817 1812 1815
f 1818 1813 1812
f 1818 1811 1813
f 1819 1820 1821
f 1820 1822 1821
f 1822 1820 1823
f 1822 1823 1824
f 1825 1826 1827
f 1827 1824 1825
f 1828 1827 1826
f 1825 1824 1823
f 1727 1726 1829
f 1830 1829 1831
f 1727 1829 1830
f 1832 1833 1834
f 1833 1832 1830
f 1831 1833 1830
f 1835 1834 1836
f 1837 1836 1838
f 1839 1838 1840
f 1837 1835 1836
f 1841 1839 1840
f 1837 1838 1839
f 1834 1835 1832
f 1842 1730 1843
f 1844 1843 1845
f 1846 1843 1844
f 1730 1842 1731
f 1842 1843 1846
f 1847 1848 1849
f 1845 1847 1850
f 1851 1845 1850
f 1850 1847 1852
f 1847 1849 1852
f 1845 1851 1844
f 1853 1854 1855
f 1856 1857 1858
f 1857 1856 1855
f 1853 1855 1856
f 1723 1722 1859
f 1859 1722 1854
f 1854 1853 1859
f 1860 1861 1862
f 1863 1864 1862
f 1860 1862 1864
f 1858 1865 1866
f 1865 1858 1857
f 1866 1865 1861
f 1861 1860 1866
f 1735 1734 1867
f 1868 1867 1869
f 1867 1868 1735
f 1868 1869 1870
f 1868 1870 1871
f 1871 1872 1873
f 1874 1873 1875
f 1871 1873 1874
f 1876 1877 1874
f 1875 1876 1874
f 1872 1871 1870
f 1878 1879 1880
f 1881 1882 1883
f 1879 1881 1884
f 1880 1885 1878
f 1883 1884 1881
f 1880 1879 1884
f 1882 1886 1883
f 1887 1888 1889
f 1890 1891 1892
f 1888 1890 1893
f 1889 1886 1887
f 1892 1893 1890
f 1889 1888 1893
f 1887 1886 1882
f 1894 1450 1895
f 1896 1895 1897
f 1898 1895 1896
f 1450 1894 1447
f 1894 1895 1898
f 1899 1897 1900
f 1901 1900 1902
f 1903 1897 1899
f 1899 1900 1904
f 1900 1901 1904
f 1897 1903 1896
f 1454 1453 1905
f 1906 1905 1907
f 1908 1907 1909
f 1906 1454 1905
f 1910 1908 1909
f 1906 1907 1908
f 1909 1911 1910
f 1912 1911 1913
f 1914 1913 1915
f 1916 1915 1917
f 1914 1912 1913
f 1918 1916 1917
f 1914 1915 1916
f 1911 1912 1910
f 1725 1919 1920
f 1726 1920 1921
f 1920 1726 1725
f 1723 1922 1720
f 1923 1922 1924
f 1924 1925 1923
f 1924 1922 1723
f 1925 1926 1923
f 1921 1920 1927
f 1927 1926 1921
f 1925 1921 1926
f 1928 1929 1930
f 1931 1928 1932
f 1931 1933 1929
f 1930 1929 1934
f 1935 1929 1933
f 1933 1936 1935
f 1931 1929 1928
f 1929 1935 1937
f 1938 1939 1940
f 1941 1942 1938
f 1934 1939 1943
f 1940 1941 1938
f 1934 1937 1944
f 1945 1941 1940
f 1940 1944 1945
f 1940 1939 1934
f 1943 1930 1934
f 1934 1929 1937
f 1935 1946 1937
f 1946 1935 1936
f 1946 1936 1858
f 1937 1946 1944
f 1858 1947 1948
f 1949 1948 1947
f 1946 1858 1950
f 1948 1949 1951
f 1946 1952 1944
f 1946 1950 1834
f 1952 1946 1834
f 1950 1948 1834
f 1944 1952 1945
f 1948 1953 1834
f 1953 1948 1954
f 1955 1954 1948
f 1950 1858 1948
f 1944 1940 1934
f 1956 1957 1958
f 1959 1956 1960
f 1959 1961 1957
f 1958 1957 1962
f 1963 1957 1961
f 1961 1964 1963
f 1959 1957 1956
f 1957 1963 1965
f 1966 1967 1968
f 1969 1970 1966
f 1962 1967 1971
f 1968 1969 1966
f 1962 1965 1972
f 1973 1969 1968
f 1968 1972 1973
f 1968 1967 1962
f 1971 1958 1962
f 1962 1957 1965
f 1963 1974 1965
f 1974 1963 1964
f 1974 1964 1903
f 1965 1974 1972
f 1903 1975 1976
f 1977 1976 1975
f 1974 1903 1978
f 1976 1977 1979
f 1974 1980 1972
f 1974 1978 1911
f 1980 1974 1911
f 1978 1976 1911
f 1972 1980 1973
f 1976 1981 1911
f 1981 1976 1982
f 1983 1982 1976
f 1978 1903 1976
f 1972 1968 1962
f 1454 1333 1332
f 1332 1451 1454
f 1984 1985 1986
f 1987 1986 1988
f 1988 1989 1987
f 1990 1987 1991
f 1992 1993 1989
f 1987 1989 1993
f 1994 1991 1993
f 1984 1986 1987
f 1995 1993 1992
f 1996 1997 1998
f 1999 2000 2001
f 1996 1998 1999
f 1993 1995 1996
f 2002 1996 1999
f 1994 1996 2002
f 1995 1997 1996
f 2003 1984 1987
f 1990 2004 2003
f 1991 1987 1993
f 1991 2005 1990
f 2004 1990 2005
f 1993 1996 1994
f 2006 2007 2008
f 2009 2004 2005
f 2009 2008 2007
f 2006 2008 2010
f 2011 2005 2012
f 2009 2005 2013
f 2002 2012 1994
f 2005 1994 2012
f 2011 2013 2005
f 1991 1994 2005
f 2014 2015 2008
f 2011 2016 2008
f 2014 2008 2016
f 2013 2011 2008
f 2008 2009 2013
f 1990 2003 1987
f 2017 2018 2019
f 2017 2020 2018
f 2021 2018 2020
f 2022 2021 2020
f 1722 1721 2023
f 2024 2021 2022
f 2023 2024 1722
f 2023 2021 2024
f 2025 2026 2027
f 2028 2025 2027
f 2029 2030 2031
f 2032 2031 2027
f 2030 2027 2031
f 2029 2033 2030
f 2028 2027 2030
f 2034 2035 2027
f 2027 2036 2034
f 2037 2038 2029
f 2033 2029 2038
f 2029 2032 2037
f 2037 2039 2038
f 2027 2035 2032
f 2029 2031 2032
f 2038 2040 2033
f 2041 2042 2040
f 2043 2042 2041
f 2038 2044 2041
f 2045 2042 2043
f 2041 2044 2043
f 2046 2043 2044
f 2039 2047 2038
f 2047 2044 2038
f 2048 2044 2047
f 2049 2047 2039
f 2049 2050 2048
f 2047 2049 2048
f 2048 2046 2044
f 2041 2040 2038
f 1326 2051 2052
f 2053 2054 2055
f 2051 2053 2056
f 2052 1327 1326
f 2055 2056 2053
f 2057 2055 2054
f 2052 2051 2056
f 2054 2058 2057
f 2058 2059 2060
f 2061 2062 2063
f 2059 2061 2064
f 2060 2059 2064
f 2062 1648 2063
f 2063 2064 2061
f 1648 2062 1651
f 2058 2060 2057
f 2063 1648 1795
f 1800 2065 2066
f 2067 2066 2068
f 1800 2066 2067
f 2060 2064 2069
f 2057 2060 2070
f 2071 2068 2072
f 2068 2071 2067
f 2063 2073 2064
f 2074 2072 2075
f 2076 1797 1800
f 2067 2071 2077
f 1800 2067 2076
f 1795 2076 2073
f 2076 1795 1797
f 2069 2076 2077
f 1795 2073 2063
f 2067 2077 2076
f 2077 2071 2078
f 2078 2071 2074
f 2079 2074 2075
f 2074 2079 2080
f 2077 2070 2069
f 2070 2077 2078
f 2081 2078 2080
f 2060 2069 2070
f 2074 2080 2078
f 2069 2073 2076
f 2071 2072 2074
f 2064 2073 2069
f 2075 2082 2079
f 2056 2055 2083
f 2084 2085 2082
f 2082 2085 2086
f 2082 2075 2084
f 2082 2087 2079
f 2088 2052 2089
f 1328 2088 1827
f 2090 2086 2091
f 2086 2085 2091
f 2090 2091 2092
f 2056 2093 2052
f 2082 2086 2094
f 2080 2087 2083
f 2079 2087 2080
f 2087 2082 2094
f 2087 2094 2093
f 2055 2081 2083
f 2083 2081 2080
f 2093 2083 2087
f 2056 2083 2093
f 2095 2089 2094
f 2081 2070 2078
f 2090 1822 2095
f 1822 2090 2092
f 2095 1822 1824
f 2095 2094 2086
f 2089 1824 1827
f 1824 2089 2095
f 2093 2089 2052
f 2089 2093 2094
f 2095 2086 2090
f 2070 2081 2057
f 2057 2081 2055
f 2089 1827 2088
f 2096 2097 2098
f 2098 2099 2096
f 2100 2101 2102
f 2102 2103 2100
f 2104 2105 2106
f 2105 2104 2107
f 2108 2106 2105
f 2105 2109 2110
f 2110 2111 2112
f 2112 2108 2110
f 2113 2112 2111
f 2110 2108 2105
f 2114 2115 2116
f 2117 2114 2116
f 2118 2115 2114
f 2119 2120 2121
f 2121 2122 2119
f 2123 2124 2125
f 2125 2124 2126
f 2125 2127 2128
f 2125 2128 2123
f 2129 2130 2131
f 2131 2132 2129
f 2133 2134 1311
f 1311 1310 2133
f 2135 2136 2137
f 2137 2138 2135
f 2139 2140 2141
f 2141 2142 2139
f 2143 2144 2145
f 2145 2146 2143
f 2147 2148 2149
f 2149 2150 2147
f 2151 2152 2153
f 2153 2154 2151
f 2155 2156 2157
f 2157 2158 2155
f 2159 2160 2161
f 2161 2162 2159
f 2163 2164 2165
f 2165 2166 2163
f 2167 2168 2169
f 2170 2167 2169
f 2171 2172 2168
f 2167 2171 2168
f 2173 2174 2175
f 2176 2172 2171
f 2175 2176 2173
f 2175 2172 2176
f 2177 2178 2179
f 2177 2179 2180
f 2178 2181 2182
f 2178 2182 2179
f 2183 2184 2185
f 2182 2181 2186
f 2185 2186 2183
f 2186 2181 2183
f 2187 2188 2189
f 2190 2187 2189
f 2191 2190 2192
f 2187 2190 2191
f 2191 2193 2187
f 2194 2191 2192
f 2195 2196 2194
f 2197 2198 2196
f 2197 2196 2195
f 2198 2197 2199
f 2198 2199 2200
f 2192 2195 2194
f 2131 2201 2132
f 2201 2202 2132
f 2202 2201 2203
f 2202 2203 2204
f 2205 2124 2123
f 2204 2203 2206
f 2123 2206 2205
f 2206 2203 2205
f 2207 2208 1566
f 1566 1565 2207
f 2208 2207 2209
f 2209 2210 2208
f 2211 2212 2210
f 2211 2130 2212
f 2129 2212 2130
f 2209 2211 2210
f 2213 2214 2215
f 2213 2215 2216
f 2217 2218 2219
f 2220 2219 2221
f 2215 2214 2222
f 2221 2222 2220
f 2219 2218 2221
f 2222 2214 2220
f 2223 2224 2225
f 2226 2227 2224
f 2224 2223 2226
f 2227 2226 2228
f 2228 2229 2227
f 2230 2231 2232
f 2233 2234 2231
f 2235 2230 2229
f 2230 2235 2233
f 2233 2231 2230
f 2228 2235 2229
f 2135 1314 1316
f 1316 2136 2135
f 1564 1304 1306
f 1304 1564 1563
f 2137 2236 2138
f 2236 2237 2138
f 2237 2236 2238
f 2237 2238 2239
f 2240 2134 2133
f 2239 2238 2241
f 2133 2241 2240
f 2241 2238 2240
f 2242 2243 2244
f 2245 2244 2246
f 2242 2247 2248
f 2244 2245 2242
f 2243 2242 2248
f 2249 2250 2251
f 2251 2252 2249
f 2253 2254 2255
f 2255 2256 2253
f 2257 2258 2259
f 2259 2260 2261
f 2259 2261 2257
f 2262 2260 2259
f 2263 2264 2262
f 2260 2262 2264
f 2262 2265 2266
f 2267 2268 2266
f 2263 2262 2266
f 2269 2270 2271
f 2272 2273 2274
f 2271 2273 2269
f 2269 2273 2272
f 2272 2268 2267
f 2275 2268 2272
f 2266 2265 2267
f 2272 2276 2277
f 2274 2276 2272
f 2275 2272 2277
f 2278 2279 2280
f 2280 2281 2278
f 2282 2283 2284
f 2284 2285 2282
f 2286 2287 2288
f 2288 2289 2286
f 2290 2291 2292
f 2290 2293 2294
f 2290 2295 2293
f 2296 2297 2298
f 2295 2297 2299
f 2299 2297 2296
f 2295 2299 2300
f 2295 2290 2297
f 2294 2291 2290
f 2301 2302 2303
f 2303 2304 2301
f 2305 2306 2307
f 2308 2307 2306
f 2307 2309 2305
f 2310 2311 2312
f 2307 2308 2312
f 2311 2307 2312
f 2313 2314 2315
f 2315 2316 2313
f 2317 2318 2319
f 2318 2317 2320
f 2321 2322 1296
f 2323 2324 2325
f 2326 2325 2322
f 2321 1296 1295
f 2326 2323 2325
f 2322 2321 2326
f 2323 2327 2324
f 2327 2328 2324
f 2329 2330 2331
f 1291 1290 2332
f 2333 2332 2330
f 2334 2328 2327
f 2330 2329 2333
f 2332 2333 1291
f 2329 2331 2334
f 2331 2328 2334
f 2335 2336 2337
f 2335 2337 2338
f 2337 2339 2338
f 2340 2335 2341
f 2342 2341 2335
f 2341 2343 2344
f 2345 2338 2339
f 2338 2342 2335
f 2338 2346 2347
f 2348 2347 2346
f 2349 2343 2342
f 2343 2341 2342
f 2338 2347 2342
f 2338 2345 2350
f 2351 2352 1278
f 2353 2354 2355
f 2356 2355 2352
f 2351 1278 1277
f 2356 2353 2355
f 2352 2351 2356
f 2353 2357 2354
f 2357 2358 2354
f 2359 2360 2361
f 1273 1272 2362
f 2363 2362 2360
f 2364 2358 2357
f 2360 2359 2363
f 2362 2363 1273
f 2359 2361 2364
f 2361 2358 2364
f 2365 2366 2367
f 2365 2367 2368
f 2367 2369 2368
f 2370 2365 2371
f 2372 2371 2365
f 2371 2373 2374
f 2375 2368 2369
f 2368 2372 2365
f 2368 2376 2377
f 2378 2377 2376
f 2379 2373 2372
f 2373 2371 2372
f 2368 2377 2372
f 2368 2375 2380
f 2381 2382 1260
f 2383 2384 2385
f 2386 2385 2382
f 2381 1260 1259
f 2386 2383 2385
f 2382 2381 2386
f 2383 2387 2384
f 2387 2388 2384
f 2389 2390 2391
f 1255 1254 2392
f 2393 2392 2390
f 2394 2388 2387
f 2390 2389 2393
f 2392 2393 1255
f 2389 2391 2394
f 2391 2388 2394
f 2395 2396 2397
f 2398 2399 2397
f 2400 2395 2397
f 2401 2395 2402
f 2400 2402 2395
f 2402 2403 2404
f 2399 2400 2397
f 2400 2405 2406
f 2407 2406 2405
f 2400 2406 2408
f 2409 2403 2408
f 2408 2403 2400
f 2406 2410 2408
f 2400 2403 2402
f 2411 2412 1242
f 2413 2414 2415
f 2416 2415 2412
f 2411 1242 1241
f 2416 2413 2415
f 2412 2411 2416
f 2413 2417 2414
f 2417 2418 2414
f 2419 2420 2421
f 1237 1236 2422
f 2423 2422 2420
f 2424 2418 2417
f 2420 2419 2423
f 2422 2423 1237
f 2419 2421 2424
f 2421 2418 2424
f 2425 2426 2427
f 2427 2428 2425
f 2425 2429 2430
f 2431 2425 2432
f 2433 2434 2432
f 2432 2435 2433
f 2429 2425 2428
f 2436 2437 2429
f 2432 2425 2430
f 2430 2429 2438
f 2439 2435 2430
f 2430 2440 2439
f 2432 2430 2435
f 2429 2428 2436
f 2441 2442 2443
f 2442 2441 2444
f 2445 2446 2447
f 2447 2448 2445
f 2449 2450 2451
f 2451 2452 2449
f 2453 2454 2455
f 2455 2456 2453
f 1467 2457 1464
f 1467 2458 2457
f 2459 2457 2458
f 2460 2459 2458
f 2461 2127 2462
f 2462 2460 2461
f 2127 2461 2128
f 2459 2460 2462
f 2463 2464 2465
f 2466 2465 2467
f 2466 2463 2465
f 2467 2468 2466
f 2463 2469 2464
f 2469 2470 2464
f 2471 2472 2473
f 2474 2475 2476
f 2471 2477 2478
f 2479 2478 2475
f 2480 2470 2469
f 2475 2474 2479
f 2478 2479 2471
f 2474 2476 2480
f 2471 2473 2477
f 2476 2470 2480
f 2481 2482 2483
f 2484 2483 2485
f 2484 2481 2483
f 2485 2486 2484
f 2481 2487 2482
f 2487 2488 2482
f 2489 2490 2491
f 2492 2493 2494
f 2489 2495 2496
f 2497 2496 2493
f 2498 2488 2487
f 2493 2492 2497
f 2496 2497 2489
f 2492 2494 2498
f 2489 2491 2495
f 2494 2488 2498
f 2499 2500 2501
f 2502 2501 2503
f 2502 2499 2501
f 2503 2504 2502
f 2499 2505 2500
f 2505 2506 2500
f 2507 2508 2509
f 2510 2511 2512
f 2507 2513 2514
f 2515 2514 2511
f 2516 2506 2505
f 2511 2510 2515
f 2514 2515 2507
f 2510 2512 2516
f 2507 2509 2513
f 2512 2506 2516
f 2517 2518 2519
f 2520 2519 2521
f 2520 2517 2519
f 2521 2522 2520
f 2517 2523 2518
f 2523 2524 2518
f 2525 2526 2527
f 2528 2529 2530
f 2525 2531 2532
f 2533 2532 2529
f 2534 2524 2523
f 2529 2528 2533
f 2532 2533 2525
f 2528 2530 2534
f 2525 2527 2531
f 2530 2524 2534
f 2535 2536 2537
f 2538 2539 2537
f 2536 2540 2537
f 2541 2539 2538
f 2535 2537 2539
f 2538 2542 2541
f 2543 2544 2545
f 2546 2547 2548
f 2549 2550 2547
f 2551 2550 2552
f 2546 2548 2542
f 2549 2552 2550
f 2547 2546 2549
f 2543 2551 2552
f 2543 2545 2551
f 2541 2542 2548
f 2553 2554 2555
f 2556 2553 2557
f 2558 2556 2559
f 2560 2561 2562
f 2557 2553 2555
f 2557 2559 2556
f 2559 2563 2558
f 2564 2565 2566
f 2567 2568 2569
f 2570 2569 2565
f 2566 2563 2564
f 2569 2570 2567
f 2568 2567 2560
f 2570 2565 2564
f 2560 2562 2568
f 2558 2563 2566
f 2571 2572 2573
f 2574 2571 2575
f 2576 2574 2577
f 2578 2579 2580
f 2575 2571 2573
f 2575 2577 2574
f 2577 2581 2576
f 2582 2583 2584
f 2585 2586 2587
f 2588 2587 2583
f 2584 2581 2582
f 2583 2582 2588
f 2585 2587 2588
f 2585 2578 2586
f 2578 2580 2586
f 2576 2581 2584
f 2589 2590 2591
f 2592 2589 2593
f 2594 2592 2595
f 2596 2597 2598
f 2593 2589 2591
f 2593 2595 2592
f 2595 2599 2594
f 2600 2601 2602
f 2603 2604 2605
f 2606 2605 2601
f 2602 2599 2600
f 2601 2600 2606
f 2603 2605 2606
f 2603 2596 2604
f 2596 2598 2604
f 2594 2599 2602
f 2607 2608 2609
f 2610 2607 2611
f 2612 2610 2613
f 2614 2615 2616
f 2611 2607 2609
f 2611 2613 2610
f 2613 2617 2612
f 2618 2619 2620
f 2621 2622 2623
f 2624 2623 2619
f 2620 2617 2618
f 2624 2621 2623
f 2614 2622 2621
f 2624 2619 2618
f 2614 2616 2622
f 2612 2617 2620
f 2625 2626 2627
f 2628 2625 2629
f 2630 2628 2631
f 2632 2633 2634
f 2629 2625 2627
f 2629 2631 2628
f 2631 2635 2630
f 2636 2637 2638
f 2639 2640 2641
f 2642 2641 2637
f 2638 2635 2636
f 2637 2636 2642
f 2639 2641 2642
f 2639 2632 2640
f 2632 2634 2640
f 2630 2635 2638
f 2643 2644 2645
f 2646 2643 2647
f 2648 2646 2649
f 2650 2651 2652
f 2647 2643 2645
f 2647 2649 2646
f 2649 2653 2648
f 2654 2655 2656
f 2657 2658 2659
f 2660 2659 2655
f 2656 2653 2654
f 2659 2660 2657
f 2658 2657 2650
f 2660 2655 2654
f 2650 2652 2658
f 2648 2653 2656
f 2661 2662 2663
f 2664 2665 2666
f 2665 2661 2667
f 2668 2669 2664
f 2670 2671 2672
f 2672 2669 2668
f 2671 2670 2673
f 2662 2674 2663
f 2675 2676 2677
f 2667 2661 2663
f 2668 2664 2666
f 2678 2672 2668
f 2667 2666 2665
f 2678 2670 2672
f 2670 2679 2673
f 2680 2681 2682
f 2683 2684 2685
f 2684 2680 2682
f 2686 2687 2688
f 2675 2689 2690
f 2691 2690 2687
f 2688 2683 2692
f 2693 2673 2679
f 2684 2682 2685
f 2682 2681 2693
f 2683 2685 2692
f 2686 2688 2694
f 2691 2687 2686
f 2692 2694 2688
f 2691 2675 2690
f 2675 2677 2689
f 2681 2673 2693
f 2695 2696 2697
f 2697 2698 2699
f 2700 2695 2697
f 2697 2699 2700
f 2701 2702 2695
f 2702 2696 2695
f 2703 2704 2705
f 2706 2707 2708
f 2709 2703 2710
f 2710 2706 2711
f 2712 2702 2701
f 2708 2711 2706
f 2709 2710 2711
f 2708 2707 2712
f 2709 2704 2703
f 2707 2702 2712
f 2713 2714 2715
f 2716 2713 2717
f 2717 2718 2716
f 2713 2715 2717
f 2719 2720 2718
f 2720 2716 2718
f 2721 2722 2723
f 2724 2725 2726
f 2727 2728 2725
f 2721 2728 2727
f 2729 2726 2719
f 2724 2727 2725
f 2724 2726 2729
f 2721 2727 2730
f 2730 2722 2721
f 2720 2719 2726
f 2731 2732 2733
f 2734 2731 2735
f 2736 2734 2737
f 2738 2739 2740
f 2733 2735 2731
f 2735 2737 2734
f 2737 2741 2736
f 2742 2743 2744
f 2745 2738 2746
f 2747 2746 2743
f 2744 2741 2742
f 2746 2747 2745
f 2738 2745 2748
f 2747 2743 2742
f 2748 2739 2738
f 2736 2741 2744
f 2749 2750 2751
f 2752 2749 2753
f 2754 2752 2755
f 2756 2757 2758
f 2753 2749 2751
f 2753 2755 2752
f 2755 2759 2754
f 2760 2761 2762
f 2763 2764 2765
f 2766 2765 2761
f 2762 2759 2760
f 2765 2766 2763
f 2764 2763 2756
f 2766 2761 2760
f 2756 2758 2764
f 2754 2759 2762
f 2767 2768 2769
f 2770 2767 2771
f 2772 2770 2773
f 2774 2775 2776
f 2769 2771 2767
f 2771 2773 2770
f 2773 2777 2772
f 2778 2779 2780
f 2781 2774 2782
f 2783 2782 2779
f 2780 2777 2778
f 2782 2783 2781
f 2774 2781 2784
f 2783 2779 2778
f 2784 2775 2774
f 2772 2777 2780
f 2785 2786 2787
f 2788 2785 2789
f 2790 2788 2791
f 2792 2793 2794
f 2789 2785 2787
f 2789 2791 2788
f 2791 2795 2790
f 2796 2797 2798
f 2799 2800 2801
f 2802 2801 2797
f 2798 2795 2796
f 2801 2802 2799
f 2800 2799 2792
f 2802 2797 2796
f 2792 2794 2800
f 2790 2795 2798
f 2803 2804 2805
f 2806 2805 2807
f 2806 2803 2805
f 2807 2808 2806
f 2803 2809 2804
f 2809 2810 2804
f 2811 2812 2813
f 2814 2815 2816
f 2811 2817 2818
f 2819 2818 2815
f 2820 2810 2809
f 2815 2814 2819
f 2818 2819 2811
f 2814 2816 2820
f 2811 2813 2817
f 2816 2810 2820
f 2821 2822 2823
f 2824 2823 2825
f 2824 2821 2823
f 2825 2826 2824
f 2821 2827 2822
f 2827 2828 2822
f 2829 2830 2831
f 2832 2833 2834
f 2829 2835 2836
f 2837 2836 2833
f 2838 2828 2827
f 2833 2832 2837
f 2836 2837 2829
f 2832 2834 2838
f 2829 2831 2835
f 2834 2828 2838
f 2839 2840 2841
f 2842 2841 2843
f 2842 2839 2841
f 2843 2844 2842
f 2839 2845 2840
f 2845 2846 2840
f 2847 2848 2849
f 2850 2851 2852
f 2847 2853 2854
f 2855 2854 2851
f 2856 2846 2845
f 2851 2850 2855
f 2854 2855 2847
f 2850 2852 2856
f 2847 2849 2853
f 2852 2846 2856
f 2857 2858 2859
f 2860 2859 2861
f 2860 2857 2859
f 2861 2862 2860
f 2857 2863 2858
f 2863 2864 2858
f 2865 2866 2867
f 2868 2869 2870
f 2865 2871 2872
f 2873 2872 2869
f 2874 2864 2863
f 2869 2868 2873
f 2872 2873 2865
f 2868 2870 2874
f 2865 2867 2871
f 2870 2864 2874
f 2875 2876 2877
f 2878 2877 2879
f 2877 2878 2875
f 2880 2878 2879
f 2875 2881 2876
f 2882 2883 2884
f 2885 2886 2887
f 2882 2888 2889
f 2885 2889 2888
f 2889 2885 2887
f 2890 2886 2881
f 2886 2890 2887
f 2882 2884 2888
f 2876 2881 2886
f 2891 2892 2893
f 2893 2894 2895
f 2891 2896 2892
f 2893 2895 2891
f 2897 2898 2896
f 2898 2892 2896
f 2899 2900 2901
f 2902 2903 2904
f 2905 2906 2903
f 2899 2906 2907
f 2902 2898 2897
f 2908 2905 2903
f 2903 2902 2908
f 2906 2905 2907
f 2907 2900 2899
f 2904 2898 2902
f 2909 2910 2911
f 2909 2911 2912
f 2909 2913 2910
f 2912 2914 2909
f 2915 2916 2913
f 2916 2910 2913
f 2917 2918 2919
f 2920 2921 2922
f 2923 2924 2921
f 2925 2924 2917
f 2920 2916 2915
f 2920 2926 2921
f 2926 2923 2921
f 2923 2917 2924
f 2917 2919 2925
f 2922 2916 2920
f 2927 2928 2929
f 2930 2931 2932
f 2927 2931 2928
f 2933 2934 2935
f 2927 2929 2936
f 2927 2932 2931
f 2930 2937 2931
f 2938 2939 2940
f 2933 2941 2942
f 2942 2938 2940
f 2943 2937 2930
f 2940 2944 2942
f 2933 2942 2944
f 2940 2939 2943
f 2933 2935 2941
f 2939 2937 2943
f 2945 2946 2947
f 2948 2947 2949
f 2947 2948 2945
f 2948 2949 2950
f 2945 2951 2946
f 2952 2953 2954
f 2955 2951 2956
f 2946 2951 2955
f 2957 2955 2958
f 2959 2957 2960
f 2955 2956 2958
f 2959 2960 2952
f 2960 2957 2958
f 2952 2954 2959
f 2961 2962 2963
f 2964 2963 2965
f 2964 2961 2963
f 2965 2966 2964
f 2961 2967 2962
f 2967 2968 2962
f 2969 2970 2971
f 2972 2973 2974
f 2975 2969 2976
f 2977 2976 2973
f 2972 2968 2967
f 2976 2977 2978
f 2976 2978 2975
f 2977 2973 2972
f 2975 2970 2969
f 2974 2968 2972
f 2979 2980 2981
f 2982 2981 2983
f 2982 2979 2981
f 2983 2984 2982
f 2979 2985 2980
f 2985 2986 2980
f 2987 2988 2989
f 2990 2991 2992
f 2987 2993 2994
f 2995 2994 2991
f 2996 2986 2985
f 2991 2990 2995
f 2994 2995 2987
f 2990 2992 2996
f 2987 2989 2993
f 2992 2986 2996
f 2997 2998 2999
f 3000 2999 3001
f 3000 2997 2999
f 3001 3002 3000
f 3003 3004 2997
f 3004 2998 2997
f 3005 3006 3007
f 3008 3009 3010
f 3005 3011 3012
f 3013 3012 3009
f 3010 3003 3008
f 3012 3013 3014
f 3012 3014 3005
f 3013 3009 3008
f 3005 3007 3011
f 3004 3003 3010
f 3015 3016 3017
f 3018 3019 3020
f 3021 3018 3016
f 3022 3023 3024
f 3015 3017 3025
f 3015 3021 3016
f 3018 3021 3019
f 3026 3027 3028
f 3022 3029 3030
f 3031 3030 3027
f 3026 3020 3019
f 3027 3032 3031
f 3030 3031 3022
f 3032 3027 3026
f 3022 3024 3029
f 3028 3020 3026
f 3033 3034 3035
f 3036 3035 3037
f 3036 3033 3035
f 3037 3038 3036
f 3033 3039 3034
f 3039 3040 3034
f 3041 3042 3043
f 3044 3045 3046
f 3041 3047 3048
f 3049 3048 3045
f 3050 3046 3039
f 3044 3046 3050
f 3049 3045 3044
f 3049 3041 3048
f 3041 3043 3047
f 3040 3039 3046
f 3051 3052 3053
f 3054 3055 3056
f 3057 3054 3052
f 3058 3059 3060
f 3061 3052 3051
f 3061 3057 3052
f 3054 3057 3055
f 3062 3063 3064
f 3065 3066 3067
f 3065 3067 3063
f 3064 3055 3068
f 3063 3062 3065
f 3066 3065 3058
f 3062 3064 3068
f 3058 3060 3066
f 3056 3055 3064
f 3069 3070 3071
f 3072 3073 3074
f 3075 3072 3070
f 3076 3077 3078
f 3069 3071 3079
f 3069 3075 3070
f 3072 3075 3073
f 3080 3081 3082
f 3076 3083 3084
f 3085 3084 3081
f 3082 3073 3086
f 3081 3080 3085
f 3084 3085 3076
f 3080 3082 3086
f 3076 3078 3083
f 3074 3073 3082
f 3087 3088 3089
f 3090 3089 3091
f 3090 3087 3089
f 3091 3092 3090
f 3087 3093 3088
f 3093 3094 3088
f 3095 3096 3097
f 3098 3099 3100
f 3095 3101 3102
f 3103 3102 3099
f 3104 3100 3093
f 3098 3100 3104
f 3103 3099 3098
f 3103 3095 3102
f 3095 3097 3101
f 3094 3093 3100
f 3105 3106 3107
f 3108 3107 3109
f 3105 3110 3106
f 3107 3108 3105
f 3111 3112 3110
f 3112 3106 3110
f 3113 3114 3115
f 3116 3117 3118
f 3119 3113 3120
f 3121 3120 3117
f 3122 3112 3111
f 3117 3116 3121
f 3120 3121 3119
f 3116 3118 3122
f 3119 3114 3113
f 3118 3112 3122
f 3123 3124 3125
f 3126 3127 3125
f 3123 3125 3127
f 3128 3127 3126
f 3128 3126 3129
f 3123 3130 3124
f 3131 3132 3133
f 3134 3135 3136
f 3137 3138 3134
f 3138 3139 3140
f 3135 3130 3136
f 3134 3136 3137
f 3140 3139 3131
f 3137 3139 3138
f 3131 3133 3140
f 3124 3130 3135
f 3141 3133 3142
f 3143 3144 3141
f 3144 3145 3146
f 3142 3133 3132
f 3143 3145 3144
f 3147 3146 3145
f 3142 3143 3141
f 3147 3148 3146
f 3149 3148 3150
f 3151 3149 3152
f 3152 3149 3150
f 3128 3153 3154
f 3151 3152 3154
f 3129 3153 3128
f 3151 3154 3153
f 3147 3150 3148
f 3114 3155 3115
f 3156 3157 3158
f 3159 3158 3155
f 3159 3155 3114
f 3156 3160 3157
f 3158 3159 3156
f 3160 3161 3157
f 3161 3162 3157
f 3163 3164 3165
f 3108 3109 3166
f 3167 3166 3164
f 3168 3162 3161
f 3164 3163 3167
f 3166 3167 3108
f 3163 3165 3168
f 3165 3162 3168
f 3169 3170 3171
f 3172 3169 3171
f 3173 3174 3172
f 3175 3176 3173
f 3174 3173 3176
f 3171 3173 3172
f 3177 3178 3170
f 3179 3180 3178
f 3177 3179 3178
f 3173 3181 3182
f 3182 3181 3183
f 3175 3173 3182
f 3169 3177 3170
f 3184 3185 3186
f 3187 3184 3188
f 3185 3184 3189
f 3189 3184 3187
f 3188 3190 3187
f 3191 3192 3097
f 3193 3194 3195
f 3196 3195 3192
f 3191 3097 3096
f 3196 3193 3195
f 3192 3191 3196
f 3193 3197 3194
f 3197 3198 3194
f 3199 3200 3201
f 3202 3091 3203
f 3202 3203 3200
f 3204 3198 3197
f 3200 3199 3202
f 3091 3202 3092
f 3199 3201 3204
f 3201 3198 3204
f 3205 3206 3078
f 3207 3208 3209
f 3210 3209 3206
f 3205 3078 3077
f 3210 3207 3209
f 3206 3205 3210
f 3207 3211 3208
f 3211 3212 3208
f 3213 3214 3215
f 3079 3071 3216
f 3217 3216 3214
f 3218 3212 3211
f 3214 3213 3217
f 3216 3217 3079
f 3213 3215 3218
f 3215 3212 3218
f 3059 3219 3060
f 3220 3221 3222
f 3223 3222 3219
f 3224 3219 3059
f 3223 3220 3222
f 3219 3224 3223
f 3220 3225 3221
f 3225 3226 3221
f 3227 3228 3229
f 3051 3053 3230
f 3231 3230 3228
f 3227 3226 3225
f 3228 3232 3231
f 3230 3231 3051
f 3232 3228 3227
f 3229 3226 3227
f 3233 3234 3043
f 3235 3236 3237
f 3238 3237 3234
f 3233 3043 3042
f 3238 3235 3237
f 3234 3233 3238
f 3235 3239 3236
f 3239 3240 3236
f 3241 3242 3243
f 3244 3037 3245
f 3244 3245 3242
f 3246 3240 3239
f 3242 3241 3244
f 3037 3244 3038
f 3241 3243 3246
f 3243 3240 3246
f 3247 3248 3024
f 3249 3250 3248
f 3247 3024 3023
f 3249 3251 3250
f 3248 3247 3249
f 3252 3251 3253
f 3252 3250 3251
f 3253 3254 3252
f 3255 3256 3257
f 3025 3017 3258
f 3259 3258 3256
f 3260 3254 3253
f 3256 3255 3259
f 3258 3259 3025
f 3255 3257 3260
f 3257 3254 3260
f 3261 3262 3263
f 3263 3264 3261
f 3262 3265 3263
f 3263 3266 3267
f 3268 3266 3269
f 3270 3271 3272
f 3266 3263 3265
f 3270 3273 3274
f 3275 3273 3268
f 3266 3276 3277
f 3268 3276 3266
f 3278 3279 3272
f 3280 3281 3282
f 3281 3283 3282
f 3284 3266 3285
f 3286 3287 3276
f 3285 3288 3284
f 3269 3275 3268
f 3284 3269 3266
f 3289 3290 3291
f 3292 3293 3294
f 3293 3290 3295
f 3291 3288 3285
f 3278 3272 3271
f 3281 3279 3283
f 3296 3279 3278
f 3297 3298 3299
f 3300 3296 3301
f 3298 3302 3301
f 3279 3296 3300
f 3299 3303 3304
f 3271 3270 3274
f 3292 3305 3303
f 3275 3274 3273
f 3266 3306 3307
f 3280 3282 3308
f 3267 3266 3309
f 3310 3267 3309
f 3311 3312 3313
f 3314 3286 3312
f 3315 3316 3317
f 3317 3318 3319
f 3320 3311 3313
f 3313 3316 3320
f 3321 3322 3323
f 3310 3321 3267
f 3277 3276 3287
f 3311 3314 3312
f 3324 3325 3311
f 3286 3314 3287
f 3266 3277 3309
f 3326 3321 3327
f 3318 3328 3329
f 3329 3319 3318
f 3328 3330 3329
f 3315 3317 3319
f 3315 3320 3316
f 3330 3328 3331
f 3332 3333 3334
f 3330 3331 3333
f 3332 3335 3336
f 3320 3337 3311
f 3324 3338 3325
f 3337 3324 3311
f 3339 3340 3341
f 3342 3343 3344
f 3325 3343 3342
f 3339 3345 3346
f 3338 3343 3325
f 3340 3336 3347
f 3348 3328 3308
f 3349 3344 3346
f 3282 3348 3308
f 3293 3295 3294
f 3350 3303 3305
f 3285 3289 3291
f 3305 3292 3294
f 3285 3351 3289
f 3352 3351 3285
f 3295 3290 3289
f 3305 3353 3350
f 3299 3304 3297
f 3300 3301 3302
f 3298 3297 3302
f 3354 3355 3356
f 3357 3355 3354
f 3350 3353 3356
f 3304 3303 3350
f 3353 3354 3356
f 3300 3283 3279
f 3352 3285 3358
f 3285 3359 3358
f 3360 3361 3362
f 3363 3361 3359
f 3364 3365 3360
f 3362 3361 3363
f 3363 3359 3285
f 3366 3365 3367
f 3368 3369 3355
f 3369 3368 3366
f 3367 3369 3366
f 3368 3355 3357
f 3367 3365 3364
f 3370 3362 3363
f 3371 3370 3363
f 3360 3372 3364
f 3360 3362 3372
f 3363 3373 3371
f 3332 3334 3335
f 3348 3331 3328
f 3340 3347 3374
f 3374 3375 3376
f 3374 3341 3340
f 3347 3336 3335
f 3376 3341 3374
f 3349 3346 3345
f 3345 3339 3341
f 3377 3378 3379
f 3380 3381 3382
f 3380 3382 3325
f 3376 3375 3379
f 3380 3325 3342
f 3379 3375 3377
f 3334 3333 3331
f 3383 3384 3385
f 3386 3387 3388
f 3383 3389 3387
f 3390 3373 3382
f 3391 3392 3382
f 3390 3382 3392
f 3384 3391 3385
f 3377 3386 3393
f 3388 3393 3386
f 3393 3378 3377
f 3389 3383 3385
f 3394 3395 3382
f 3395 3385 3391
f 3394 3382 3396
f 3387 3389 3388
f 3395 3391 3382
f 3396 3382 3381
f 3373 3363 3382
f 3342 3344 3349
f 3266 3307 3285
f 3327 3321 3323
f 3326 3267 3321
f 3397 3398 3399
f 3399 3400 3397
f 3401 3402 3403
f 3403 3404 3401
f 3405 3406 3407
f 3407 3408 3405
f 3409 3410 3411
f 3411 3412 3409
f 3413 3414 3415
f 3416 3415 3414
f 3417 3413 3415
f 3416 3414 3418
f 3416 3418 3419
f 3419 3420 3416
f 3421 3422 3423
f 3422 3421 3424
f 3423 3425 3421
f 3425 3423 3426
f 3421 3427 3424
f 3417 3424 3427
f 3417 3415 3424
f 3428 3420 3429
f 3428 3429 3430
f 3431 3428 3432
f 3430 3432 3428
f 3433 3428 3431
f 3428 3416 3420
f 3434 3435 3436
f 3425 3434 3436
f 3433 3437 3438
f 3438 3434 3433
f 3433 3431 3437
f 3435 3434 3438
f 3421 3425 3436
f 3439 3440 3441
f 3442 3443 3439
f 3440 3439 3443
f 3444 3445 3446
f 3445 3444 3447
f 3448 3449 3450
f 3450 3451 3448
f 3452 3453 3454
f 3455 3453 3456
f 3457 3458 3459
f 3455 3458 3457
f 3456 3453 3452
f 3454 3460 3461
f 3460 3454 3453
f 3462 3461 3463
f 3454 3461 3464
f 3465 3462 3463
f 3466 3456 3452
f 3467 3468 3452
f 3469 3467 3452
f 3466 3452 3468
f 3464 3461 3462
f 3459 3458 3470
f 3462 3465 3471
f 3458 3455 3456
f 3472 3473 3474
f 3474 3475 3472
f 3476 3477 3478
f 3478 3479 3476
f 3480 3481 3482
f 3481 3483 3482
f 3484 3480 3482
f 3485 3486 3487
f 3486 3482 3487
f 3486 3484 3482
f 3485 3487 3488
f 3483 3489 3490
f 3491 3492 3493
f 3483 3494 3492
f 3489 3483 3492
f 3495 3496 3482
f 3493 3497 3491
f 3498 3482 3496
f 3490 3495 3482
f 3482 3483 3490
f 3499 3500 3493
f 3487 3501 3488
f 3499 3493 3502
f 3487 3503 3504
f 3505 3504 3503
f 3482 3498 3506
f 3504 3501 3487
f 3504 3507 3508
f 3482 3509 3510
f 3504 3505 3507
f 3511 3493 3510
f 3512 3497 3493
f 3493 3513 3512
f 3510 3509 3514
f 3515 3510 3516
f 3511 3510 3515
f 3516 3510 3514
f 3506 3509 3482
f 3517 3518 3500
f 3492 3494 3502
f 3519 3520 3521
f 3519 3521 3494
f 3522 3518 3523
f 3517 3523 3518
f 3492 3502 3493
f 3524 3520 3519
f 3519 3525 3526
f 3519 3494 3525
f 3524 3527 3528
f 3524 3528 3529
f 3524 3530 3527
f 3524 3529 3531
f 3520 3524 3531
f 3527 3530 3532
f 3530 3533 3532
f 3483 3525 3494
f 3533 3530 3518
f 3518 3534 3535
f 3530 3534 3518
f 3536 3537 3538
f 3539 3538 3537
f 3540 3541 3535
f 3539 3537 3542
f 3542 3535 3541
f 3542 3518 3535
f 3543 3518 3522
f 3544 3545 3546
f 3547 3544 3548
f 3544 3549 3545
f 3545 3549 3550
f 3544 3547 3549
f 3550 3549 3551
f 3550 3540 3545
f 3550 3541 3540
f 3533 3518 3543
f 3542 3537 3518
f 3552 3553 3554
f 3555 3556 3557
f 3554 3558 3559
f 3560 3559 3561
f 3559 3558 3561
f 3559 3562 3563
f 3564 3565 3554
f 3559 3560 3562
f 3563 3566 3559
f 3567 3568 3569
f 3569 3570 3571
f 3571 3572 3569
f 3570 3569 3573
f 3569 3572 3574
f 3575 3552 3554
f 3573 3569 3576
f 3577 3569 3574
f 3564 3554 3553
f 3578 3573 3576
f 3579 3567 3537
f 3580 3566 3581
f 3582 3580 3581
f 3583 3580 3584
f 3582 3584 3580
f 3580 3583 3585
f 3580 3585 3575
f 3580 3586 3587
f 3580 3559 3566
f 3575 3586 3580
f 3586 3575 3554
f 3577 3588 3569
f 3588 3589 3587
f 3586 3569 3588
f 3587 3590 3591
f 3592 3593 3594
f 3591 3592 3587
f 3587 3592 3595
f 3587 3589 3590
f 3586 3588 3587
f 3596 3597 3536
f 3536 3597 3537
f 3536 3598 3596
f 3599 3598 3536
f 3567 3579 3600
f 3601 3567 3602
f 3603 3604 3605
f 3600 3602 3567
f 3537 3597 3579
f 3606 3599 3607
f 3536 3607 3599
f 3607 3608 3606
f 3609 3604 3610
f 3611 3612 3609
f 3609 3612 3605
f 3613 3612 3611
f 3604 3609 3605
f 3558 3554 3565
f 3614 3601 3603
f 3615 3616 3617
f 3618 3616 3619
f 3619 3620 3618
f 3619 3616 3621
f 3622 3593 3623
f 3618 3620 3623
f 3618 3623 3593
f 3493 3500 3518
f 3513 3493 3511
f 3594 3593 3622
f 3594 3595 3592
f 3603 3605 3614
f 3605 3612 3624
f 3578 3576 3615
f 3621 3616 3615
f 3601 3568 3567
f 3576 3569 3625
f 3568 3601 3614
f 3557 3556 3626
f 3568 3625 3569
f 3617 3578 3615
f 3567 3556 3537
f 3537 3556 3555
f 3627 3628 3629
f 3630 3629 3628
f 3629 3630 3631
f 3629 3631 3632
f 3632 3633 3629
f 3634 3627 3635
f 3629 3635 3627
f 3635 3636 3637
f 3635 3637 3634
f 3638 3636 3635
f 3639 3633 3640
f 3641 3639 3642
f 3640 3642 3639
f 3643 3639 3641
f 3639 3629 3633
f 3635 3643 3644
f 3643 3645 3646
f 3641 3645 3643
f 3644 3643 3646
f 3638 3635 3644
f 3647 3648 3649
f 3650 3649 3648
f 3649 3650 3651
f 3651 3652 3653
f 3653 3649 3651
f 3654 3647 3655
f 3649 3655 3647
f 3655 3656 3657
f 3655 3657 3654
f 3658 3656 3655
f 3653 3659 3660
f 3661 3653 3662
f 3660 3662 3653
f 3658 3653 3661
f 3653 3652 3659
f 3658 3663 3664
f 3658 3665 3666
f 3661 3665 3658
f 3663 3658 3666
f 3656 3658 3664
f 3667 3668 3669
f 3670 3671 3672
f 3673 3674 3671
f 3671 3674 3675
f 3676 3673 3671
f 3667 3669 3670
f 3675 3672 3671
f 3667 3670 3672
f 3677 3678 3672
f 3677 3672 3675
f 3677 3679 3678
f 3680 3681 3682
f 3679 3682 3683
f 3671 3684 3685
f 3684 3686 3685
f 3687 3688 3684
f 3686 3684 3688
f 3689 3687 3684
f 3676 3671 3685
f 3680 3690 3691
f 3692 3690 3693
f 3693 3694 3695
f 3695 3689 3684
f 3695 3694 3689
f 3696 3681 3680
f 3696 3680 3691
f 3697 3698 3678
f 3699 3698 3697
f 3700 3697 3678
f 3683 3682 3681
f 3678 3683 3700
f 3678 3679 3683
f 3701 3699 3702
f 3697 3702 3699
f 3703 3701 3702
f 3704 3705 3703
f 3701 3703 3705
f 3706 3705 3704
f 3695 3707 3692
f 3693 3695 3692
f 3708 3709 3695
f 3710 3709 3708
f 3707 3695 3709
f 3691 3690 3692
f 3706 3711 3712
f 3704 3711 3706
f 3713 3706 3712
f 3714 3710 3715
f 3708 3715 3710
f 3714 3715 3713
f 3713 3712 3714
f 3716 3717 3718
f 3719 3718 3720
f 3721 3722 3723
f 3719 3724 3721
f 3721 3723 3725
f 3720 3718 3717
f 3721 3724 3726
f 3721 3726 3722
f 3724 3727 3728
f 3726 3724 3728
f 3727 3729 3728
f 3730 3729 3731
f 3724 3719 3720
f 3732 3733 3721
f 3732 3734 3733
f 3733 3735 3736
f 3735 3733 3734
f 3733 3736 3737
f 3732 3721 3725
f 3738 3739 3740
f 3730 3739 3738
f 3741 3738 3742
f 3733 3737 3743
f 3744 3745 3741
f 3743 3746 3745
f 3737 3746 3743
f 3742 3738 3740
f 3727 3747 3748
f 3748 3747 3749
f 3727 3748 3750
f 3739 3730 3731
f 3750 3731 3727
f 3731 3729 3727
f 3751 3749 3752
f 3749 3751 3748
f 3751 3752 3753
f 3753 3754 3755
f 3754 3753 3752
f 3755 3754 3756
f 3744 3757 3743
f 3744 3743 3745
f 3743 3758 3759
f 3759 3758 3760
f 3758 3743 3757
f 3744 3741 3742
f 3761 3762 3756
f 3756 3762 3755
f 3761 3756 3763
f 3764 3760 3765
f 3760 3764 3759
f 3763 3764 3765
f 3765 3761 3763
f 3766 3767 3768
f 3769 3770 3766
f 3768 3769 3766
f 3771 3772 3773
f 3773 3774 3771
f 3775 3776 3777
f 3778 3779 3775
f 3777 3778 3775
f 3780 3781 3782
f 3782 3781 3783
f 3784 3785 3786
f 3787 3786 3788
f 3784 3786 3789
f 3782 3790 3780
f 3791 3792 3793
f 3794 3795 3796
f 3795 3794 3792
f 3787 3789 3786
f 3797 3793 3787
f 3792 3791 3795
f 3787 3788 3797
f 3796 3790 3782
f 3790 3796 3795
f 3797 3791 3793
f 3798 3799 3800
f 3800 3801 3798
f 3802 3803 3804
f 3802 3805 3803
f 3806 3668 3667
f 3807 3808 3805
f 3807 3809 3808
f 3806 3808 3809
f 3668 3806 3809
f 3802 3807 3805
f 3810 3811 3812
f 3813 3810 3812
f 3814 3720 3717
f 3814 3815 3816
f 3817 3811 3810
f 3816 3817 3814
f 3814 3717 3815
f 3816 3811 3817
f 3818 3819 3007
f 3820 3821 3822
f 3823 3822 3819
f 3818 3007 3006
f 3823 3820 3822
f 3819 3818 3823
f 3820 3824 3821
f 3824 3825 3821
f 3826 3827 3828
f 3002 3001 3829
f 3830 3829 3827
f 3831 3825 3824
f 3827 3826 3830
f 3829 3830 3002
f 3826 3828 3831
f 3828 3825 3831
f 3832 3833 3834
f 3835 3833 3832
f 3836 3834 3833
f 3837 3838 3839
f 3839 3835 3832
f 3838 3835 3839
f 3840 3836 3841
f 3842 3841 3843
f 3836 3840 3844
f 3841 3842 3845
f 3841 3845 3840
f 3844 3834 3836
f 3846 3842 3843
f 3847 3838 3837
f 3848 3837 3849
f 3850 3849 3851
f 3850 3851 3852
f 3853 3852 3854
f 3852 3851 3854
f 3848 3849 3850
f 3848 3847 3837
f 3855 3856 3857
f 3855 3857 3846
f 3858 3853 3859
f 3854 3859 3853
f 3858 3856 3853
f 3855 3853 3856
f 3843 3855 3846
f 3860 3861 3862
f 3863 3861 3860
f 3864 3862 3861
f 3865 3866 3867
f 3868 3867 3866
f 3865 3863 3860
f 3867 3863 3865
f 3869 3864 3870
f 3862 3864 3871
f 3871 3864 3872
f 3864 3869 3872
f 3870 3873 3874
f 3870 3874 3869
f 3875 3873 3870
f 3876 3877 3878
f 3879 3866 3878
f 3877 3876 3880
f 3881 3880 3882
f 3880 3876 3882
f 3879 3878 3877
f 3883 3884 3885
f 3883 3885 3886
f 3884 3883 3881
f 3882 3887 3881
f 3883 3886 3875
f 3881 3887 3884
f 3873 3875 3886
f 3879 3868 3866
f 2988 3888 2989
f 3889 3890 3891
f 3892 3891 3888
f 3892 3888 2988
f 3893 3889 3891
f 3891 3892 3893
f 3889 3894 3890
f 3894 3895 3890
f 3896 3897 3898
f 2984 2983 3899
f 3900 3899 3897
f 3901 3895 3894
f 3897 3896 3900
f 3899 3900 2984
f 3896 3898 3901
f 3898 3895 3901
f 3902 3903 2971
f 3904 3905 3906
f 3907 3906 3903
f 3902 2971 2970
f 3907 3904 3906
f 3903 3902 3907
f 3908 3905 3909
f 3905 3904 3909
f 3910 3911 3912
f 2966 2965 3913
f 3914 3913 3911
f 3910 3908 3909
f 3913 3914 3915
f 3913 3915 2966
f 3914 3911 3910
f 3912 3908 3910
f 3916 3917 3918
f 3917 3916 3919
f 3920 3921 3922
f 3923 3924 3925
f 3921 3923 3925
f 3922 3921 3926
f 3924 3927 3925
f 3925 3926 3921
f 3924 3928 3927
f 3924 3929 3928
f 3930 3931 3932
f 3933 3934 3935
f 3931 3933 3936
f 3928 3929 3937
f 3936 3932 3931
f 3935 3936 3933
f 3937 3930 3932
f 3937 3929 3930
f 3938 3939 3940
f 3941 3942 3943
f 3939 3941 3944
f 3940 3939 3945
f 3941 3943 3944
f 3944 3945 3939
f 3946 3942 3947
f 3946 3943 3942
f 3948 3949 3950
f 3951 3952 3953
f 3949 3951 3954
f 3947 3955 3946
f 3949 3954 3950
f 3950 3955 3948
f 3954 3951 3953
f 3955 3947 3948
f 3956 3957 3958
f 3957 3956 3959
f 3960 3961 3962
f 3963 3962 3961
f 3964 3965 3960
f 3961 3960 3965
f 3961 3966 3963
f 3965 3964 3967
f 3968 2954 3969
f 3970 3968 3971
f 3972 3970 3973
f 2954 2953 3969
f 3970 3971 3973
f 3971 3968 3969
f 3973 3974 3972
f 3975 3972 3974
f 3976 3972 3975
f 3977 3976 3978
f 2949 3977 3979
f 3976 3975 3978
f 2949 3979 2950
f 3979 3977 3978
f 3980 3981 3982
f 3983 3982 3981
f 3982 3983 3984
f 3982 3984 3985
f 3985 3986 3982
f 3987 3980 3988
f 3982 3988 3980
f 3988 3989 3990
f 3988 3990 3987
f 3991 3989 3988
f 3992 3986 3993
f 3994 3992 3995
f 3993 3995 3992
f 3996 3992 3994
f 3992 3982 3986
f 3988 3996 3997
f 3996 3998 3999
f 3994 3998 3996
f 3997 3996 3999
f 3991 3988 3997
f 4000 4001 4002
f 4003 4002 4001
f 4002 4003 4004
f 4004 4005 4006
f 4006 4002 4004
f 4007 4000 4008
f 4002 4008 4000
f 4008 4009 4010
f 4008 4010 4007
f 4011 4009 4008
f 4006 4012 4013
f 4014 4006 4015
f 4013 4015 4006
f 4011 4006 4014
f 4006 4005 4012
f 4011 4016 4017
f 4011 4018 4019
f 4014 4018 4011
f 4016 4011 4019
f 4009 4011 4017
f 4020 4021 4022
f 4022 4021 4023
f 4021 4020 4024
f 4025 4024 4026
f 4024 4025 4021
f 4025 4026 4027
f 4023 4028 4022
f 4028 4023 4029
f 4028 4029 4030
f 4031 4030 4029
f 4032 4033 4034
f 4033 4031 4035
f 4031 4029 4036
f 4037 4027 4038
f 4027 4026 4039
f 4040 4037 4041
f 4042 4043 4040
f 4042 4044 4043
f 4038 4027 4039
f 4045 4046 4047
f 4048 4041 4037
f 4046 4041 4048
f 4045 4041 4046
f 4037 4049 4048
f 4050 4047 4051
f 4049 4037 4038
f 4041 4042 4040
f 4051 4032 4052
f 4053 4036 4054
f 4036 4053 4035
f 4054 4036 4055
f 4052 4032 4056
f 4034 4033 4035
f 4035 4031 4036
f 4057 4055 4058
f 4055 4057 4054
f 4057 4058 4059
f 4060 4059 4061
f 4061 4062 4060
f 4059 4058 4061
f 4063 4060 4062
f 4050 4064 4045
f 4050 4045 4047
f 4065 4066 4045
f 4066 4065 4067
f 4045 4064 4065
f 4052 4050 4051
f 4063 4062 4068
f 4069 4068 4070
f 4071 4067 4065
f 4067 4071 4072
f 4072 4071 4069
f 4069 4070 4072
f 4062 4070 4068
f 4056 4032 4034
f 4073 4074 4075
f 4076 4074 4073
f 4077 4075 4074
f 4078 4077 4079
f 4074 4079 4077
f 4080 4078 4079
f 4073 4081 4076
f 4082 4076 4081
f 4083 4082 4081
f 4082 4083 4084
f 4085 4086 4087
f 4088 4084 4086
f 4089 4082 4084
f 4090 4080 4091
f 4092 4078 4080
f 4093 4091 4094
f 4094 4095 4096
f 4095 4097 4096
f 4092 4080 4090
f 4098 4099 4100
f 4091 4093 4101
f 4101 4093 4099
f 4099 4093 4100
f 4101 4102 4091
f 4103 4098 4104
f 4090 4091 4102
f 4094 4096 4093
f 4105 4087 4103
f 4106 4089 4107
f 4088 4107 4089
f 4108 4089 4106
f 4109 4087 4105
f 4088 4086 4085
f 4089 4084 4088
f 4110 4108 4111
f 4106 4111 4108
f 4112 4110 4111
f 4113 4112 4114
f 4113 4114 4115
f 4116 4115 4114
f 4113 4110 4112
f 4100 4117 4104
f 4098 4100 4104
f 4100 4118 4119
f 4120 4119 4118
f 4119 4117 4100
f 4103 4104 4105
f 4121 4122 4123
f 4115 4121 4123
f 4119 4120 4124
f 4125 4124 4120
f 4122 4124 4125
f 4125 4123 4122
f 4121 4115 4116
f 4085 4087 4109
f 4126 4127 4128
f 4129 4130 4126
f 4127 4126 4130
f 4131 4132 4133
f 4133 4134 4131
f 4135 4136 4137
f 4138 4139 4135
f 4136 4135 4139
f 4140 4141 4142
f 4143 4144 4145
f 4146 4147 4148
f 4149 4148 4150
f 4148 4149 4146
f 4147 4142 4148
f 4143 4151 4144
f 4152 4153 4154
f 4144 4153 4145
f 4153 4152 4145
f 4155 4144 4151
f 4156 4140 4152
f 4140 4156 4157
f 4156 4152 4154
f 4140 4157 4141
f 4140 4142 4147
f 4097 4158 4096
f 4097 4159 4158
f 4160 4159 4161
f 4160 4158 4159
f 4161 4162 4163
f 3410 3409 4162
f 4163 4162 3409
f 4160 4161 4163
f 4164 4165 4044
f 4044 4042 4164
f 4165 4164 4166
f 4166 4167 4165
f 3404 3403 4168
f 4167 4169 4168
f 3404 4168 4169
f 4166 4169 4167
f 2934 4170 2935
f 4171 4172 4170
f 4171 4170 2934
f 4173 4174 4175
f 4172 4171 4175
f 4174 4173 4176
f 4172 4175 4174
f 4176 4177 4174
f 4178 4179 4180
f 2936 4181 4182
f 4182 4178 4180
f 4183 4179 4176
f 4180 4179 4183
f 4182 4184 2936
f 4180 4184 4182
f 4177 4176 4179
f 4185 4186 4187
f 4188 4187 4189
f 4186 4185 4190
f 4187 4188 4191
f 4187 4191 4185
f 4190 4192 4186
f 4193 4188 4189
f 4194 4195 4196
f 4193 4189 4197
f 4197 4189 4195
f 4194 4196 4198
f 4199 4198 4200
f 4198 4196 4200
f 4197 4195 4194
f 4192 4201 4202
f 4203 4202 4204
f 4205 4203 4204
f 4192 4202 4203
f 4206 4203 4207
f 4205 4207 4203
f 4192 4190 4201
f 4208 4199 4209
f 4210 4199 4208
f 4200 4209 4199
f 4211 4206 4212
f 4207 4212 4206
f 4211 4210 4208
f 4212 4210 4211
f 4213 4214 4215
f 4216 4215 4217
f 4218 4213 4215
f 4216 4219 4220
f 4215 4214 4217
f 4216 4217 4219
f 4220 4221 4216
f 4222 4223 4224
f 4215 4223 4218
f 4218 4223 4222
f 4224 4225 4226
f 4225 4227 4228
f 4226 4225 4228
f 4222 4224 4226
f 4229 4230 4231
f 4229 4231 4232
f 4229 4232 4233
f 4234 4233 4235
f 4233 4232 4235
f 4221 4230 4229
f 4221 4220 4230
f 4236 4237 4238
f 4239 4238 4228
f 4237 4236 4240
f 4233 4234 4240
f 4236 4238 4239
f 4240 4234 4237
f 4227 4239 4228
f 4241 2919 4242
f 4243 4244 4241
f 4244 4243 4245
f 4242 2919 2918
f 4243 4246 4245
f 4241 4242 4243
f 4247 4248 4246
f 4248 4245 4246
f 4249 4250 4251
f 2914 2912 4252
f 4252 4249 4251
f 4253 4248 4247
f 4252 4251 4254
f 4252 4254 2914
f 4251 4250 4253
f 4250 4248 4253
f 4255 4256 4257
f 4258 4256 4255
f 4259 4260 2900
f 2901 2900 4260
f 4259 4261 4260
f 4261 4257 4260
f 4261 4255 4257
f 4255 4262 4258
f 4263 4264 4265
f 2895 2894 4266
f 4266 4263 4267
f 4265 4258 4262
f 4265 4267 4263
f 4267 4268 4266
f 4268 2895 4266
f 4264 4258 4265
f 4269 4270 4271
f 4271 4272 4269
f 4273 4274 4275
f 4274 4276 4277
f 4277 4276 4278
f 4275 4279 4273
f 4278 4280 4277
f 4280 4278 4281
f 4275 4274 4277
f 4278 4282 4281
f 4283 4284 4285
f 4286 4287 4283
f 4288 4289 4282
f 4289 4288 4286
f 4286 4288 4287
f 4286 4283 4290
f 4283 4285 4290
f 4282 4289 4281
f 4291 4292 4293
f 4293 4294 4295
f 4296 4297 4294
f 4291 4293 4298
f 4294 4297 4295
f 4295 4298 4293
f 4297 4299 4300
f 4297 4296 4299
f 4301 4302 4303
f 4304 4303 4305
f 4306 4305 4307
f 4300 4302 4308
f 4303 4304 4301
f 4301 4308 4302
f 4304 4305 4306
f 4302 4300 4299
f 4309 4310 4311
f 4311 4312 4309
f 4313 4314 4315
f 4316 4315 4314
f 4317 4313 4318
f 4315 4318 4313
f 4314 4319 4316
f 4313 4317 4320
f 4321 2884 4322
f 4323 4321 4324
f 4325 4323 4326
f 4322 2884 2883
f 4323 4324 4326
f 4322 4324 4321
f 4326 4327 4325
f 4328 4329 4330
f 2880 2879 4331
f 4328 4331 2879
f 4331 4328 4330
f 4332 4325 4327
f 4329 4332 4330
f 4329 4325 4332
f 4333 4334 4335
f 4334 4333 4336
f 4337 4338 4339
f 4335 4338 4333
f 4339 4340 4337
f 4341 4339 4338
f 4342 4339 4341
f 4338 4337 4333
f 4333 4343 4336
f 4337 4340 4344
f 4345 4346 4347
f 4347 4348 4349
f 4347 4349 4345
f 4346 4350 4347
f 4347 4351 4352
f 4353 4337 4354
f 4355 4352 4351
f 4352 4355 4356
f 4347 4350 4351
f 4337 4357 4354
f 4358 4356 4359
f 4344 4360 4337
f 4361 4343 4333
f 4362 4363 4364
f 4361 4333 4365
f 4362 4342 4341
f 4366 4367 4368
f 4369 4370 4371
f 4372 4369 4373
f 4370 4374 4371
f 4367 4365 4368
f 4363 4372 4375
f 4375 4364 4363
f 4360 4376 4337
f 4364 4342 4362
f 4377 4373 4369
f 4371 4377 4369
f 4357 4378 4379
f 4357 4376 4378
f 4380 4381 4357
f 4375 4372 4373
f 4337 4376 4357
f 4365 4333 4382
f 4357 4379 4380
f 4383 4384 4385
f 4383 4386 4387
f 4388 4389 4390
f 4383 4387 4384
f 4391 4392 4347
f 4393 4394 4390
f 4390 4394 4388
f 4395 4393 4390
f 4387 4396 4347
f 4387 4386 4396
f 4397 4398 4396
f 4398 4399 4396
f 4399 4398 4400
f 4399 4400 4401
f 4354 4359 4353
f 4397 4396 4386
f 4402 4395 4390
f 4403 4404 4405
f 4406 4404 4399
f 4401 4406 4399
f 4404 4403 4399
f 4403 4405 4402
f 4407 4384 4387
f 4387 4347 4392
f 4352 4408 4347
f 4356 4358 4352
f 4408 4409 4347
f 4359 4410 4411
f 4411 4358 4359
f 4359 4412 4410
f 4412 4359 4413
f 4359 4384 4413
f 4354 4357 4414
f 4384 4415 4416
f 4403 4390 4417
f 4402 4390 4403
f 4384 4418 4415
f 4419 4384 4416
f 4384 4389 4385
f 4420 4417 4421
f 4421 4417 4390
f 4389 4384 4390
f 4422 4421 4414
f 4421 4423 4420
f 4423 4421 4422
f 4414 4424 4422
f 4414 4421 4354
f 4407 4418 4384
f 4391 4347 4409
f 4356 4353 4359
f 4425 4366 4426
f 4425 4374 4370
f 4427 4366 4425
f 4374 4428 4371
f 4366 4368 4426
f 4382 4429 4430
f 4431 4432 4433
f 4428 4374 4432
f 4434 4435 4436
f 4365 4430 4368
f 4431 4433 4434
f 4371 4437 4438
f 4428 4437 4371
f 4439 4437 4440
f 4437 4439 4438
f 4439 4440 4381
f 4428 4432 4441
f 4441 4432 4431
f 4381 4442 4443
f 4444 4443 4442
f 4443 4357 4381
f 4434 4436 4431
f 4445 4443 4446
f 4427 4425 4370
f 4447 4448 4382
f 4435 4449 4450
f 4450 4449 4451
f 4450 4436 4435
f 4452 4382 4453
f 4382 4452 4447
f 4454 4453 4382
f 4451 4449 4454
f 4451 4454 4455
f 4454 4382 4455
f 4448 4429 4382
f 4443 4456 4457
f 4443 4458 4456
f 4443 4457 4459
f 4460 4443 4461
f 4462 4461 4443
f 4463 4443 4460
f 4443 4459 4462
f 4464 4457 4465
f 4464 4459 4457
f 4455 4382 4465
f 4443 4444 4458
f 4465 4382 4464
f 4365 4382 4430
f 4466 4443 4463
f 4446 4467 4445
f 4468 4469 4470
f 4445 4471 4472
f 4469 4468 4473
f 4474 4414 4469
f 4475 4476 4469
f 4470 4469 4477
f 4477 4469 4476
f 4478 4445 4479
f 4480 4474 4469
f 4424 4481 4482
f 4414 4481 4424
f 4414 4474 4481
f 4483 4484 4485
f 4486 4483 4485
f 4486 4485 4473
f 4485 4484 4487
f 4487 4484 4488
f 4473 4480 4469
f 4473 4468 4486
f 4445 4478 4489
f 4446 4443 4466
f 4489 4490 4491
f 4475 4469 4489
f 4491 4475 4489
f 4489 4478 4492
f 4489 4492 4493
f 4494 4464 4382
f 4493 4495 4489
f 4495 4490 4489
f 4495 4496 4490
f 4495 4497 4496
f 4493 4494 4495
f 4498 4499 4500
f 4488 4499 4501
f 4502 4501 4499
f 4488 4501 4487
f 4500 4503 4504
f 4503 4505 4506
f 4506 4504 4503
f 4498 4502 4499
f 4500 4504 4498
f 4471 4445 4467
f 4505 4503 4495
f 4503 4497 4495
f 4494 4382 4495
f 4445 4472 4479
f 4380 4439 4381
f 4384 4419 4413
f 4507 4508 4509
f 4510 4509 4508
f 4509 4510 4511
f 4511 4512 4509
f 4513 4507 4509
f 4514 4515 4516
f 4517 4516 4518
f 4518 4507 4519
f 4509 4512 4520
f 4521 4522 4523
f 4521 4520 4522
f 4524 4525 4526
f 4527 4528 4529
f 4529 4528 4530
f 4531 4530 4525
f 4532 4533 4523
f 4534 4509 4520
f 4535 4526 4515
f 4507 4513 4519
f 4515 4514 4535
f 4514 4516 4517
f 4536 4537 4513
f 4519 4513 4537
f 4513 4538 4536
f 4539 4538 4513
f 4517 4518 4519
f 4525 4524 4531
f 4530 4540 4529
f 4540 4530 4531
f 4513 4541 4539
f 4542 4543 4544
f 4545 4544 4546
f 4547 4541 4513
f 4542 4529 4543
f 4524 4526 4535
f 4546 4541 4548
f 4532 4528 4549
f 4523 4533 4521
f 4534 4550 4551
f 4521 4550 4520
f 4527 4529 4552
f 4553 4554 4555
f 4556 4555 4527
f 4532 4549 4533
f 4534 4557 4558
f 4559 4534 4560
f 4558 4560 4534
f 4534 4551 4557
f 4561 4562 4563
f 4559 4564 4565
f 4566 4564 4567
f 4568 4567 4562
f 4547 4534 4559
f 4550 4534 4520
f 4553 4563 4554
f 4527 4552 4556
f 4563 4553 4561
f 4553 4555 4556
f 4544 4569 4542
f 4541 4547 4548
f 4544 4545 4569
f 4552 4529 4542
f 4567 4568 4570
f 4565 4564 4566
f 4566 4567 4570
f 4547 4571 4572
f 4547 4573 4574
f 4565 4573 4547
f 4571 4547 4574
f 4548 4547 4572
f 4565 4547 4559
f 4568 4562 4561
f 4545 4546 4548
f 4549 4528 4527
f 4575 4576 4577
f 4577 4578 4575
f 4579 4576 4575
f 4580 4578 4577
f 4581 4580 4582
f 4577 4582 4580
f 4583 4584 4585
f 4586 4580 4581
f 4587 4588 4586
f 4586 4589 4590
f 4587 4586 4590
f 4589 4581 4591
f 4592 4593 4594
f 4583 4594 4595
f 4585 4594 4583
f 4593 4595 4594
f 4591 4583 4595
f 4583 4591 4581
f 4586 4581 4589
f 4596 4597 4598
f 4599 4600 4601
f 4602 4601 4597
f 4596 4598 2866
f 4602 4599 4601
f 4597 4596 4602
f 4599 4603 4600
f 4603 4604 4600
f 4605 4606 4607
f 2862 2861 4608
f 4609 4608 4606
f 4610 4604 4603
f 4606 4605 4609
f 4608 4609 2862
f 4605 4607 4610
f 4607 4604 4610
f 4611 4612 4613
f 4614 4615 4616
f 4617 4616 4612
f 4611 4613 2848
f 4617 4614 4616
f 4612 4611 4617
f 4614 4618 4615
f 4618 4619 4615
f 4620 4621 4622
f 2844 2843 4623
f 4624 4623 4621
f 4625 4619 4618
f 4621 4620 4624
f 4623 4624 2844
f 4620 4622 4625
f 4622 4619 4625
f 4626 4627 4628
f 4629 4630 4631
f 4632 4631 4627
f 4626 4628 2830
f 4632 4629 4631
f 4627 4626 4632
f 4629 4633 4630
f 4633 4634 4630
f 4635 4636 4637
f 2826 2825 4638
f 4639 4638 4636
f 4640 4634 4633
f 4636 4635 4639
f 4638 4639 2826
f 4635 4637 4640
f 4637 4634 4640
f 4641 4642 4643
f 4644 4645 4646
f 4647 4646 4642
f 4641 4643 2812
f 4647 4644 4646
f 4642 4641 4647
f 4644 4648 4645
f 4648 4649 4645
f 4650 4651 4652
f 2808 2807 4653
f 4654 4653 4651
f 4655 4649 4648
f 4651 4650 4654
f 4653 4654 2808
f 4650 4652 4655
f 4652 4649 4655
f 4656 4657 4658
f 4659 4658 4657
f 4658 4659 4660
f 4658 4660 4661
f 4661 4662 4658
f 4663 4656 4664
f 4657 4656 4663
f 4663 4664 4665
f 4666 4667 4664
f 4667 4665 4664
f 4666 4664 4668
f 4669 4662 4670
f 4671 4670 4672
f 4672 4673 4671
f 4670 4671 4669
f 4674 4662 4669
f 4675 4673 4672
f 4676 4677 4678
f 4678 4679 4680
f 4677 4676 4681
f 4673 4675 4681
f 4675 4677 4681
f 4664 4679 4668
f 4682 4658 4662
f 4683 4680 4679
f 4684 4685 4683
f 4683 4685 4686
f 4687 4683 4688
f 4683 4679 4664
f 4684 4683 4687
f 4689 4690 4688
f 4687 4688 4690
f 4691 4690 4689
f 4689 4692 4693
f 4689 4693 4691
f 4694 4692 4689
f 4695 4683 4686
f 4696 4683 4695
f 4697 4698 4699
f 4696 4699 4698
f 4700 4697 4699
f 4696 4698 4701
f 4702 4703 4704
f 4705 4703 4689
f 4706 4700 4707
f 4697 4700 4706
f 4702 4706 4707
f 4694 4689 4703
f 4701 4683 4696
f 4702 4704 4706
f 4680 4676 4678
f 4682 4674 4708
f 4709 4710 4711
f 4709 4711 4712
f 4710 4682 4708
f 4713 4714 4715
f 4715 4680 4716
f 4713 4717 4718
f 4713 4718 4719
f 4713 4719 4714
f 4717 4709 4712
f 4680 4683 4716
f 4720 4682 4709
f 4721 4720 4709
f 4709 4717 4713
f 4722 4721 4709
f 4682 4710 4709
f 4723 4724 4725
f 4726 4715 4727
f 4728 4729 4730
f 4731 4728 4732
f 4723 4729 4724
f 4715 4726 4713
f 4682 4662 4674
f 4725 4726 4723
f 4716 4683 4701
f 4733 4726 4727
f 4723 4733 4734
f 4716 4727 4715
f 4705 4735 4736
f 4703 4736 4704
f 4705 4737 4738
f 4705 4738 4735
f 4739 4723 4734
f 4730 4729 4723
f 4732 4730 4740
f 4732 4741 4742
f 4728 4730 4732
f 4726 4733 4723
f 4743 4732 4740
f 4705 4744 4745
f 4705 4723 4744
f 4737 4705 4745
f 4732 4743 4746
f 4732 4746 4747
f 4739 4744 4723
f 4742 4731 4732
f 4703 4705 4736
f 4748 4749 4750
f 4750 4749 4751
f 4749 4748 4752
f 4753 4750 4751
f 4754 4753 4751
f 4755 4754 4756
f 4757 4749 4758
f 4759 4749 4752
f 4758 4749 4759
f 4760 4761 4757
f 4758 4760 4757
f 4757 4761 4762
f 4763 4764 4765
f 4766 4755 4767
f 4768 4766 4769
f 4769 4770 4768
f 4767 4769 4766
f 4767 4755 4756
f 4768 4770 4771
f 4772 4773 4774
f 4775 4762 4772
f 4776 4774 4773
f 4776 4771 4770
f 4776 4773 4771
f 4757 4762 4775
f 4754 4751 4777
f 4778 4757 4779
f 4780 4781 4782
f 4783 4781 4778
f 4781 4780 4784
f 4783 4782 4781
f 4785 4783 4778
f 4778 4786 4785
f 4781 4787 4788
f 4787 4781 4784
f 4788 4787 4789
f 4790 4791 4788
f 4789 4790 4788
f 4792 4788 4791
f 4793 4786 4794
f 4795 4793 4796
f 4796 4797 4795
f 4794 4796 4793
f 4794 4786 4798
f 4795 4797 4799
f 4800 4801 4802
f 4803 4800 4804
f 4802 4804 4800
f 4802 4799 4797
f 4802 4801 4799
f 4791 4803 4805
f 4798 4786 4778
f 4804 4805 4803
f 4772 4774 4775
f 4756 4754 4806
f 4806 4777 4764
f 4764 4763 4807
f 4807 4806 4764
f 4765 4764 4808
f 4754 4777 4806
f 4809 4810 4811
f 4809 4811 4757
f 4812 4808 4764
f 4812 4764 4813
f 4810 4813 4811
f 4814 4778 4815
f 4779 4757 4811
f 4816 4817 4818
f 4814 4816 4819
f 4811 4813 4764
f 4778 4814 4820
f 4814 4821 4820
f 4819 4821 4814
f 4822 4818 4817
f 4823 4822 4817
f 4819 4816 4818
f 4817 4824 4823
f 4778 4779 4815
f 4821 4825 4826
f 4798 4778 4820
f 4820 4821 4826
f 4827 4828 4829
f 4828 4827 4826
f 4830 4829 4831
f 4828 4826 4825
f 4792 4832 4833
f 4805 4792 4791
f 4834 4835 4830
f 4834 4836 4835
f 4837 4832 4836
f 4829 4828 4831
f 4838 4839 4824
f 4824 4839 4840
f 4841 4838 4842
f 4823 4824 4840
f 4842 4838 4824
f 4837 4833 4832
f 4834 4837 4836
f 4843 4842 4833
f 4843 4841 4842
f 4844 4845 4842
f 4845 4788 4842
f 4833 4842 4792
f 4831 4834 4830
f 4842 4788 4792
f 4809 4757 4775
f 4846 4847 4848
f 4848 4849 4846
f 4850 4851 4852
f 4852 4853 4850
f 4854 4855 4856
f 4856 4857 4854
f 4858 4859 4860
f 4858 4861 4862
f 4862 4859 4858
f 4863 4864 4865
f 4862 4861 4865
f 4863 4865 4861
f 4866 4867 4868
f 4867 4866 4869
f 4870 4871 4872
f 4873 4874 4875
f 4875 4874 4871
f 4876 2794 2793
f 4872 2794 4876
f 4870 4872 4876
f 4870 4875 4871
f 4873 4877 4874
f 4878 4879 4880
f 4881 4882 4878
f 4882 2787 2786
f 4883 4877 4873
f 4878 4880 4881
f 4882 4881 2787
f 4880 4879 4883
f 4879 4877 4883
f 4884 4885 4886
f 4887 4888 4889
f 4889 4888 4885
f 2775 4886 2776
f 4890 4886 2775
f 4884 4886 4890
f 4884 4889 4885
f 4887 4891 4888
f 4892 4893 4894
f 4895 4896 4892
f 4896 2769 2768
f 4887 4897 4891
f 4894 4895 4892
f 4893 4897 4894
f 2769 4896 4895
f 4893 4891 4897
f 4898 4899 4900
f 4901 4902 4903
f 4903 4902 4899
f 4904 2758 2757
f 4900 2758 4904
f 4898 4900 4904
f 4898 4903 4899
f 4901 4905 4902
f 4906 4907 4908
f 4909 4910 4906
f 4910 2751 2750
f 4911 4905 4901
f 4906 4908 4909
f 4910 4909 2751
f 4908 4907 4911
f 4907 4905 4911
f 4912 4913 4914
f 4915 4916 4917
f 4917 4916 4913
f 2739 4914 2740
f 4918 4914 2739
f 4912 4914 4918
f 4912 4917 4913
f 4915 4919 4916
f 4920 4921 4922
f 4923 4924 4920
f 4924 2733 2732
f 4915 4925 4919
f 4922 4923 4920
f 4921 4925 4922
f 2733 4924 4923
f 4921 4919 4925
f 4926 4927 4928
f 4928 4929 4930
f 4931 4927 4926
f 4927 4931 4932
f 4927 4932 4933
f 4934 4926 4928
f 4935 4936 4937
f 4938 4937 4936
f 4936 4928 4938
f 4928 4939 4938
f 4926 4934 4940
f 4935 4941 4942
f 4935 4937 4941
f 4928 4936 4934
f 4940 4943 4926
f 4939 4928 4944
f 4926 4943 4945
f 4946 4945 4947
f 4948 4949 4950
f 4951 4952 4953
f 4954 4952 4951
f 4955 4947 4949
f 4956 4957 4958
f 4942 4958 4957
f 4956 4959 4960
f 4960 4957 4956
f 4961 4962 4960
f 4962 4961 4953
f 4953 4952 4962
f 4959 4961 4960
f 4963 4961 4959
f 4941 4958 4942
f 4926 4945 4964
f 4930 4965 4966
f 4930 4966 4944
f 4967 4968 4969
f 4968 4970 4971
f 4972 4973 4971
f 4971 4970 4972
f 4974 4969 4965
f 4975 4930 4929
f 4976 4965 4930
f 4977 4976 4930
f 4965 4976 4974
f 4967 4969 4974
f 4977 4978 4976
f 4968 4967 4970
f 4979 4978 4977
f 4944 4928 4930
f 4980 4981 4982
f 4963 4981 4983
f 4973 4984 4982
f 4983 4981 4980
f 4985 4982 4984
f 4982 4985 4980
f 4986 4985 4987
f 4985 4984 4987
f 4988 4979 4977
f 4989 4990 4991
f 4992 4993 4994
f 4989 4986 4987
f 4995 4979 4988
f 4986 4989 4991
f 4973 4972 4984
f 4981 4963 4959
f 4994 4995 4996
f 4948 4950 4997
f 4950 4998 4997
f 4999 4964 5000
f 4964 4945 4946
f 4955 4946 4947
f 4998 5001 4997
f 4954 5002 5003
f 5003 5001 4998
f 5002 4954 4951
f 5004 5005 5006
f 5005 5004 5007
f 5008 5005 5007
f 5003 5004 5006
f 5003 5006 5001
f 4955 4949 4948
f 4999 5009 5010
f 5011 5012 5013
f 5005 5008 5013
f 5014 4999 5015
f 5010 5015 4999
f 5014 5016 5017
f 5018 4999 5014
f 4999 5000 5009
f 5019 5016 5012
f 5013 5008 5011
f 5016 5019 5020
f 5019 5012 5011
f 5014 5017 5018
f 4999 5021 5022
f 5021 4999 5018
f 5017 5016 5020
f 5022 5023 4999
f 4926 4964 4999
f 5024 4990 5025
f 5026 5025 4990
f 5027 5025 5028
f 5027 5029 5030
f 5031 5030 5029
f 5026 5032 5025
f 5029 5027 5028
f 5033 5034 5035
f 5034 5026 5035
f 5033 4993 4992
f 5035 4993 5033
f 5032 5026 5034
f 4977 5023 4988
f 5032 5028 5025
f 4994 4996 4992
f 4990 5024 4991
f 5036 5037 5038
f 5037 5031 5038
f 5039 5037 5036
f 5023 5040 5041
f 5042 5043 5044
f 5043 5045 5041
f 5044 5039 5042
f 5023 5046 5047
f 5046 5023 5048
f 5045 5043 5042
f 5048 5023 5049
f 5045 5049 5023
f 5045 5023 5041
f 5042 5039 5036
f 4988 5023 5047
f 5023 5022 5040
f 5031 5029 5038
f 4996 4995 4988
f 4954 5003 4998
f 5050 5051 5052
f 5051 5050 5053
f 5053 5054 5055
f 5055 5051 5053
f 5056 5055 5057
f 5054 5057 5055
f 5058 5056 5059
f 5055 5056 5058
f 5060 5061 5062
f 5062 5063 5060
f 5064 5065 5066
f 5066 5067 5064
f 5068 5069 5070
f 5071 5070 5072
f 5070 5071 5068
f 5073 5074 5075
f 5076 5073 5075
f 5077 5078 5079
f 5077 5080 5081
f 5076 5082 5078
f 5075 5083 5084
f 5075 5084 5082
f 5081 5085 5077
f 5079 5078 5082
f 5080 5077 5079
f 5082 5076 5075
f 5086 5087 5088
f 5088 5087 5089
f 5088 5090 5091
f 5088 5091 5086
f 5092 5093 5094
f 5092 5095 5093
f 5096 5097 5098
f 5092 5099 5095
f 5094 5097 5096
f 5100 5095 5099
f 5094 5093 5097
f 5095 5100 5101
f 5102 5101 5103
f 5104 5101 5100
f 5102 5105 5106
f 5103 5101 5104
f 5107 5102 5108
f 5107 5105 5102
f 5109 5110 5106
f 5108 5102 5103
f 5094 5096 5111
f 5111 5112 5113
f 5114 5112 5115
f 5112 5114 5113
f 5116 5115 5112
f 5112 5117 5116
f 5096 5112 5111
f 5117 5112 5118
f 5105 5119 5109
f 5120 5110 5109
f 5117 5109 5119
f 5109 5106 5105
f 5121 5122 5118
f 5118 5123 5121
f 5122 5109 5118
f 5117 5118 5109
f 5124 5125 5126
f 5126 5127 5124
f 5128 5129 5130
f 5131 5128 5130
f 5131 5130 5132
f 5130 5129 5133
f 5130 5134 5132
f 5132 5135 5131
f 5136 5133 5129
f 5137 5138 5139
f 5136 5139 5140
f 5136 5140 5141
f 5137 5142 5143
f 5137 5143 5138
f 5140 5139 5138
f 5141 5133 5136
f 5132 5134 5144
f 5145 5132 5144
f 5146 5147 5148
f 5145 5148 5147
f 5147 5146 5149
f 5149 5150 5147
f 5145 5147 5132
f 5151 5142 5152
f 5153 5151 5152
f 5152 5150 5153
f 5143 5142 5151
f 5150 5154 5155
f 5149 5154 5150
f 5150 5156 5147
f 5153 5150 5155
f 5157 5158 5159
f 5159 5160 5157
f 5161 5162 5163
f 5164 5161 5163
f 5163 5165 5166
f 5165 5163 5167
f 5167 5168 5165
f 5164 5163 5166
f 5169 5163 5162
f 5170 5171 5172
f 5169 5171 5173
f 5172 5174 5175
f 5173 5171 5170
f 5174 5176 5177
f 5174 5177 5175
f 5170 5172 5175
f 5169 5162 5171
f 5178 5165 5168
f 5179 5180 5178
f 5181 5180 5182
f 5179 5182 5180
f 5181 5183 5184
f 5185 5184 5183
f 5178 5180 5165
f 5181 5184 5180
f 5186 5176 5187
f 5188 5186 5187
f 5188 5187 5185
f 5177 5176 5186
f 5184 5185 5187
f 5180 5189 5190
f 5189 5180 5191
f 5184 5191 5180
f 5192 5193 5194
f 5195 5194 5193
f 5192 5194 5196
f 5197 5198 5199
f 5194 5195 5197
f 5199 5194 5197
f 5200 5192 5196
f 5201 5196 5194
f 5202 5200 5196
f 5203 5202 5196
f 5204 5205 5206
f 5203 5205 5204
f 5206 5207 5204
f 5196 5205 5203
f 5208 5199 5209
f 5198 5209 5199
f 5210 5199 5208
f 5208 5211 5210
f 5211 5208 5212
f 5210 5213 5199
f 5214 5212 5208
f 5215 5207 5206
f 5215 5216 5207
f 5217 5218 5216
f 5218 5217 5219
f 5214 5220 5219
f 5217 5216 5215
f 5219 5220 5218
f 5219 5212 5214
f 5221 5222 5223
f 5223 5224 5221
f 5225 5226 5227
f 5227 5228 5225
f 5229 2723 2722
f 5230 5231 5229
f 5231 5232 5233
f 5230 5229 2722
f 5234 5231 5230
f 5232 5231 5234
f 5232 5235 5233
f 5235 5236 5233
f 5237 5238 5239
f 2715 2714 5240
f 5240 5237 5241
f 5235 5239 5236
f 5239 5238 5236
f 5237 5239 5242
f 5242 5241 5237
f 5241 2715 5240
f 5243 2705 5244
f 5245 5243 5244
f 5246 5245 5247
f 5244 2705 2704
f 5248 5245 5244
f 5247 5245 5248
f 5249 5250 5247
f 5250 5246 5247
f 2699 2698 5251
f 5251 5252 5253
f 5254 5255 5256
f 5255 5249 5256
f 5252 5255 5254
f 5253 5252 5254
f 5253 2699 5251
f 5250 5249 5255
f 5257 5258 5259
f 5259 5260 5257
f 5261 5259 5258
f 5258 5262 5261
f 5263 5264 5261
f 5264 5265 5266
f 5265 5264 5263
f 5263 5261 5262
f 5267 5268 5269
f 5269 5270 5267
f 5271 5269 5268
f 5268 5272 5271
f 5273 5274 5271
f 5274 5275 5276
f 5275 5274 5273
f 5273 5271 5272
f 5277 5278 5279
f 5280 5281 5277
f 5277 5281 5278
f 5278 5282 5279
f 5283 5284 5285
f 5279 5282 5285
f 5286 5285 5284
f 5285 5282 5283
f 5287 5288 5289
f 5288 5290 5289
f 5158 5157 5291
f 5290 5292 5293
f 5293 5294 5291
f 5294 5293 5292
f 5291 5294 5158
f 5290 5293 5289
f 5295 5296 5297
f 5296 5298 5297
f 5298 5296 5299
f 5298 5299 5300
f 5301 5302 5303
f 5303 5300 5301
f 5304 5303 5302
f 5301 5300 5299
f 5305 5306 5307
f 5308 5305 5307
f 5309 5308 5310
f 5311 5310 5312
f 5305 5308 5313
f 5305 5314 5315
f 5305 5315 5316
f 5310 5311 5309
f 5308 5309 5313
f 5305 5313 5314
f 5317 5318 5319
f 5320 5317 5319
f 5321 5322 5323
f 5323 5319 5318
f 5319 5323 5322
f 5324 5325 5326
f 5327 5326 5325
f 5327 5325 5328
f 5329 5330 5331
f 5329 5331 5332
f 5333 5334 5335
f 5336 5335 5337
f 5334 5338 5332
f 5332 5339 5329
f 5330 5329 5340
f 5335 5336 5333
f 5334 5333 5338
f 5332 5338 5339
f 5341 5342 5343
f 5342 5341 5344
f 5341 5345 5344
f 5346 5344 5347
f 5342 5344 5346
f 5347 5344 5348
f 5349 5350 5351
f 5351 5352 5349
f 5353 5351 5350
f 5354 5355 5356
f 5356 5357 5354
f 5358 5359 2677
f 5360 5361 5362
f 5363 5362 5359
f 5364 5365 5366
f 5365 5367 5368
f 5366 5369 5370
f 5358 2677 2676
f 5360 5362 5363
f 5358 5363 5359
f 5371 5372 5369
f 5372 5370 5369
f 5373 5372 5371
f 5370 5364 5366
f 5361 5360 5373
f 5373 5371 5361
f 5365 5364 5367
f 5374 5375 5376
f 5377 5378 5374
f 5379 5380 5376
f 5381 5380 5382
f 5383 5384 5385
f 5384 5381 5386
f 5383 2674 2662
f 5387 5368 5367
f 5374 5378 5375
f 5378 5377 5387
f 5380 5379 5382
f 5384 5386 5385
f 5383 5385 2674
f 5386 5381 5382
f 5379 5376 5375
f 5377 5368 5387
f 5388 5389 5390
f 5391 5388 5392
f 5390 5392 5388
f 5392 5393 5391
f 5392 5394 5395
f 5392 5395 5393
f 5396 5397 5398
f 5398 5399 5396
f 5400 5401 5402
f 5401 5403 5404
f 5400 5403 5401
f 5402 5405 5400
f 5406 5407 5405
f 5406 5408 5409
f 5400 5405 5407
f 5405 5408 5406
f 5410 5404 5411
f 5404 5410 5401
f 5412 5413 5411
f 5411 5404 5414
f 5412 5415 5413
f 5415 5416 5417
f 5416 5415 5412
f 5412 5411 5414
f 5409 5418 5419
f 5418 5409 5408
f 5420 5421 5419
f 5419 5418 5422
f 5423 5421 5420
f 5424 5423 5425
f 5424 5421 5423
f 5420 5419 5422
f 5417 5426 5427
f 5428 5417 5416
f 5417 5428 5426
f 5426 5429 5427
f 5430 5431 5429
f 5430 5425 5423
f 5427 5429 5431
f 5429 5425 5430
f 5432 5433 5434
f 5435 5436 5437
f 5437 5436 5433
f 5438 2652 2651
f 5434 2652 5438
f 5432 5434 5438
f 5432 5437 5433
f 5435 5439 5436
f 5440 5441 5442
f 5443 5444 5440
f 5444 2645 2644
f 5435 5445 5439
f 5441 5445 5442
f 5444 5443 2645
f 5440 5442 5443
f 5441 5439 5445
f 5446 5447 5448
f 5449 5448 5450
f 5448 5449 5446
f 5447 5451 5448
f 5452 5453 5454
f 5454 5451 5452
f 5452 5451 5447
f 5450 5455 5456
f 5457 5456 5455
f 5455 5458 5457
f 5450 5456 5449
f 5458 5459 5460
f 5461 5460 5459
f 5461 5459 5462
f 5458 5460 5457
f 5454 5453 5463
f 5463 5464 5465
f 5464 5463 5453
f 5466 5467 5465
f 5465 5464 5466
f 5468 5469 5467
f 5469 5470 5471
f 5470 5469 5468
f 5468 5467 5466
f 5472 5473 5474
f 5462 5472 5461
f 5472 5462 5473
f 5473 5475 5474
f 5476 5471 5477
f 5474 5475 5477
f 5471 5470 5477
f 5477 5475 5476
f 5478 5479 5480
f 5481 5482 5483
f 5483 5482 5479
f 5484 2634 2633
f 5480 2634 5484
f 5478 5480 5484
f 5478 5483 5479
f 5481 5485 5482
f 5486 5487 5488
f 5489 5490 5486
f 5490 2627 2626
f 5491 5485 5481
f 5486 5488 5489
f 5490 5489 2627
f 5488 5487 5491
f 5487 5485 5491
f 5492 5493 5494
f 5495 5492 5496
f 5492 5495 5493
f 5493 5497 5494
f 5498 5499 5500
f 5500 5494 5498
f 5498 5494 5497
f 5496 5501 5502
f 5503 5502 5501
f 5501 5504 5503
f 5496 5502 5495
f 5504 5505 5506
f 5507 5506 5505
f 5507 5505 5508
f 5504 5506 5503
f 5500 5499 5509
f 5509 5510 5511
f 5510 5509 5499
f 5512 5513 5511
f 5511 5510 5512
f 5514 5515 5513
f 5515 5516 5517
f 5516 5515 5514
f 5514 5513 5512
f 5518 5519 5520
f 5508 5518 5507
f 5518 5508 5519
f 5519 5521 5520
f 5522 5517 5523
f 5523 5520 5522
f 5517 5516 5523
f 5522 5520 5521
f 5524 5525 5526
f 5527 5528 5529
f 5529 5528 5525
f 5530 2616 2615
f 2616 5530 5526
f 5530 5524 5526
f 5524 5529 5525
f 5527 5531 5528
f 5532 5533 5534
f 5535 5536 5532
f 5536 2609 2608
f 5527 5537 5531
f 5532 5534 5535
f 5536 5535 2609
f 5537 5534 5533
f 5533 5531 5537
f 5538 5539 5540
f 5541 5538 5542
f 5538 5541 5539
f 5539 5543 5540
f 5544 5545 5546
f 5545 5544 5547
f 5540 5543 5546
f 5546 5543 5544
f 5542 5548 5549
f 5550 5549 5548
f 5548 5551 5550
f 5542 5549 5541
f 5552 5553 5550
f 5553 5554 5555
f 5554 5553 5552
f 5552 5550 5551
f 5547 5556 5557
f 5558 5557 5556
f 5556 5559 5558
f 5560 5561 5558
f 5561 5562 5563
f 5562 5561 5560
f 5560 5558 5559
f 5564 5565 5566
f 5566 5555 5564
f 5565 5567 5566
f 5555 5554 5564
f 5568 5563 5569
f 5569 5567 5568
f 5563 5562 5569
f 5568 5567 5565
f 5557 5545 5547
f 5570 5571 5572
f 5573 5574 5575
f 5575 5574 5571
f 5576 2598 2597
f 5572 2598 5576
f 5570 5572 5576
f 5570 5575 5571
f 5573 5577 5574
f 5578 5579 5580
f 5581 5582 5578
f 5582 2591 2590
f 5583 5577 5573
f 5578 5580 5581
f 5582 5581 2591
f 5580 5579 5583
f 5579 5577 5583
f 5584 5585 5586
f 5587 5584 5588
f 5584 5587 5585
f 5585 5589 5586
f 5590 5591 5592
f 5591 5590 5593
f 5586 5589 5592
f 5592 5589 5590
f 5588 5594 5595
f 5596 5597 5595
f 5595 5594 5596
f 5588 5595 5587
f 5598 5599 5597
f 5599 5600 5601
f 5600 5599 5598
f 5598 5597 5596
f 5593 5602 5603
f 5604 5603 5602
f 5602 5605 5604
f 5605 5606 5607
f 5607 5608 5609
f 5608 5607 5606
f 5605 5607 5604
f 5610 5611 5612
f 5612 5601 5610
f 5611 5613 5612
f 5601 5600 5610
f 5614 5609 5615
f 5615 5613 5614
f 5609 5608 5615
f 5614 5613 5611
f 5603 5591 5593
f 5616 5617 5618
f 5619 5620 5621
f 5621 5620 5617
f 5622 2580 2579
f 5618 2580 5622
f 5616 5618 5622
f 5616 5621 5617
f 5619 5623 5620
f 5624 5625 5626
f 5627 5628 5624
f 5628 2573 2572
f 5629 5623 5619
f 5624 5626 5627
f 5628 5627 2573
f 5626 5625 5629
f 5625 5623 5629
f 5630 5631 5632
f 5630 5632 5633
f 5632 5631 5634
f 5631 5635 5634
f 5636 5637 5635
f 5637 5638 5635
f 5638 5637 5639
f 5636 5635 5631
f 5640 5641 5642
f 5643 5641 5644
f 5641 5643 5642
f 5645 5646 5647
f 5645 5647 5643
f 5647 5646 5648
f 5645 5643 5644
f 5649 5650 5651
f 5651 5652 5649
f 5650 5653 5651
f 5654 5655 5656
f 5656 5653 5654
f 5657 5656 5655
f 5654 5653 5650
f 5658 5659 5660
f 5658 5661 5659
f 5662 5659 5661
f 5663 5662 5661
f 5664 5665 5666
f 5666 5663 5667
f 5666 5667 5664
f 5662 5663 5666
f 5668 5669 5670
f 5670 5671 5668
f 5672 5673 5674
f 5673 5672 5675
f 5676 5677 5678
f 5678 5679 5676
f 5680 5681 5682
f 5682 5683 5680
f 5684 5685 5686
f 5686 5687 5684
f 3440 3443 5688
f 5689 5688 5690
f 5684 5687 5691
f 5690 5691 5689
f 5688 3443 5690
f 5691 5687 5689
f 5692 5693 5694
f 5694 5695 5692
f 3307 3306 5696
f 5697 5698 5693
f 5698 5699 5696
f 5699 5698 5697
f 5696 5699 3307
f 5697 5693 5692
f 5700 5701 5702
f 5703 5700 5702
f 5704 5705 5706
f 5704 5707 5708
f 5704 5709 5707
f 5704 5706 5710
f 5704 5710 5709
f 5705 5711 5706
f 5704 5708 5705
f 5712 5707 5709
f 5712 5709 5713
f 5714 5715 5716
f 5709 5717 5718
f 5718 5719 5713
f 5718 5720 5719
f 5720 5718 5717
f 5720 5717 5721
f 5722 5721 5710
f 5709 5718 5713
f 5710 5717 5709
f 5711 5722 5706
f 5715 5723 5701
f 5711 5724 5725
f 5724 5711 5705
f 5711 5726 5722
f 5726 5711 5725
f 5724 5727 5725
f 5722 5710 5706
f 5727 5728 5729
f 5728 5727 5724
f 5729 5730 5727
f 5731 5726 5725
f 5702 5729 5728
f 5723 5729 5702
f 5731 5725 5727
f 5722 5726 5732
f 5722 5732 5721
f 5726 5731 5733
f 5734 5732 5733
f 5732 5734 5721
f 5732 5726 5733
f 5734 5733 5735
f 5730 5736 5731
f 5721 5734 5720
f 5730 5723 5714
f 5723 5730 5729
f 5736 5714 5735
f 5714 5736 5730
f 5714 5716 5735
f 5736 5735 5733
f 5715 5714 5723
f 5736 5733 5731
f 5731 5727 5730
f 5723 5702 5701
f 5721 5717 5710
f 5703 5702 5728
f 5737 5738 5739
f 5737 5739 5740
f 5398 5397 5741
f 5742 5743 5741
f 5742 5744 5739
f 5744 5742 5741
f 5743 5398 5741
f 5742 5739 5738
f 5745 5746 5747
f 5748 5745 5747
f 5747 5749 5750
f 5749 5747 5746
f 5750 5749 5751
f 5748 5747 5752
f 5747 5750 5753
f 5754 5755 5756
f 5755 5754 5757
f 5757 5758 5759
f 5753 5758 5752
f 5757 5759 5755
f 5752 5757 5754
f 5754 5748 5752
f 5747 5753 5752
f 5750 5760 5761
f 5760 5750 5751
f 5760 5751 5762
f 5760 5763 5764
f 5763 5760 5762
f 5750 5761 5753
f 5761 5760 5764
f 5753 5765 5758
f 5765 5753 5761
f 5765 5761 5766
f 5765 5767 5759
f 5768 5765 5766
f 5767 5765 5768
f 5766 5761 5769
f 5761 5764 5769
f 5765 5759 5758
f 5758 5757 5752
f 5770 5771 5772
f 5770 5772 5773
f 5771 5774 5775
f 5771 5775 5772
f 5776 5777 5778
f 5775 5774 5778
f 5779 5778 5777
f 5778 5774 5776
f 5780 5781 5782
f 5780 5782 5783
f 4777 4751 5784
f 5785 5786 5787
f 5787 5780 5785
f 5784 5787 5786
f 5786 4777 5784
f 5785 5780 5783
f 5788 5789 5790
f 5789 5791 5792
f 5793 5794 5795
f 5793 5795 5790
f 5792 5790 5789
f 5795 5788 5790
f 5792 5796 5790
f 5791 5797 5792
f 5798 5799 5797
f 5797 5799 5800
f 5798 5797 5791
f 5800 5801 5797
f 5792 5797 5802
f 5801 5802 5797
f 5793 5796 5803
f 5796 5793 5790
f 5802 5796 5792
f 5802 5804 5796
f 5805 5806 5807
f 5807 5803 5805
f 5803 5807 5793
f 5806 5793 5807
f 5804 5803 5796
f 5793 5806 5794
f 5808 5804 5802
f 5804 5809 5803
f 5804 5808 5809
f 5802 5801 5808
f 5810 5811 5812
f 5813 5812 5811
f 5811 5810 5814
f 5814 5815 5811
f 5816 5817 5818
f 5819 5815 5814
f 5818 5819 5816
f 5818 5815 5819
f 5820 5821 5806
f 5820 5806 5822
f 5821 5823 5794
f 5821 5794 5806
f 5824 5825 5826
f 5794 5823 5795
f 5826 5795 5824
f 5795 5823 5824
f 5827 5828 5060
f 5828 5829 5060
f 5829 5828 5830
f 5829 5830 5831
f 5832 5833 5834
f 5832 5834 5831
f 5834 5833 5835
f 5832 5831 5830
f 5836 5837 5838
f 5837 5836 5839
f 5838 5840 5841
f 5840 5838 5837
f 5842 5843 5837
f 5842 5839 5844
f 5839 5842 5837
f 5843 5842 5845
f 5845 5842 5844
f 5846 5847 5844
f 5844 5847 5848
f 5844 5839 5846
f 5843 5840 5837
f 5840 5843 5849
f 5841 5850 5851
f 5841 5840 5850
f 5852 5851 5850
f 5850 5853 5852
f 5843 5854 5849
f 5849 5850 5840
f 5853 5854 5855
f 5854 5853 5849
f 5856 5855 5854
f 5856 5845 5848
f 5849 5853 5850
f 5854 5843 5845
f 5844 5848 5845
f 5846 5857 5858
f 5859 5848 5847
f 5847 5858 5859
f 5858 5857 5860
f 5858 5847 5846
f 5857 5861 5860
f 5861 5857 5862
f 5863 5861 5864
f 5864 5861 5862
f 5860 5861 5863
f 5865 5858 5860
f 5864 5866 5863
f 5859 5865 5867
f 5865 5859 5858
f 5868 5869 5855
f 5856 5848 5868
f 5867 5868 5859
f 5868 5867 5869
f 5863 5870 5865
f 5868 5848 5859
f 5863 5871 5870
f 5871 5863 5866
f 5869 5870 5872
f 5869 5867 5870
f 5872 5870 5871
f 5867 5865 5870
f 5865 5860 5863
f 5868 5855 5856
f 5856 5854 5845
f 5873 5874 5875
f 5873 5875 5876
f 5875 5874 5877
f 5874 5878 5877
f 5878 5879 5880
f 5879 5881 5880
f 5881 5879 5882
f 5878 5880 5877
f 5883 5884 5885
f 5886 5883 5887
f 5883 5886 5884
f 5884 5888 5885
f 5889 5890 5891
f 5885 5888 5892
f 5891 5892 5889
f 5892 5888 5889
f 5893 5894 5895
f 5894 5896 5895
f 5897 5896 5898
f 5896 5894 5898
f 5899 5900 5897
f 5900 5901 5902
f 5901 5900 5899
f 5899 5897 5898
f 5903 5904 5905
f 5906 5903 5905
f 5907 5904 5903
f 5908 5907 5903
f 5909 5910 5911
f 5911 5908 5912
f 5911 5912 5909
f 5907 5908 5911
f 5913 5914 5915
f 5914 5916 5915
f 5917 5916 5918
f 5916 5914 5918
f 5918 5919 5920
f 5919 5921 5920
f 5921 5919 5922
f 5918 5920 5917
f 5923 5924 5925
f 5926 5925 5924
f 5927 5928 5923
f 5924 5923 5928
f 5924 5929 5930
f 5931 5926 5930
f 5924 5930 5926
f 5932 5930 5929
f 5931 5930 5932
f 5931 5933 5934
f 5935 5933 5931
f 5934 5926 5931
f 5924 5928 5929
f 5936 5929 5928
f 5937 5938 5927
f 5938 5928 5927
f 5938 5937 5939
f 5939 5940 5938
f 5936 5941 5929
f 5936 5928 5938
f 5942 5941 5940
f 5936 5940 5941
f 5941 5942 5943
f 5935 5932 5943
f 5938 5940 5936
f 5929 5941 5932
f 5932 5935 5931
f 5944 5933 5945
f 5946 5934 5944
f 5947 5945 5935
f 5945 5933 5935
f 5944 5948 5949
f 5934 5933 5944
f 5950 5951 5946
f 5950 5949 5952
f 5946 5949 5950
f 5951 5950 5953
f 5944 5945 5948
f 5944 5949 5946
f 5953 5950 5952
f 5943 5947 5935
f 5954 5948 5945
f 5955 5954 5947
f 5954 5945 5947
f 5956 5954 5955
f 5947 5942 5955
f 5948 5956 5952
f 5943 5942 5947
f 5956 5957 5952
f 5953 5952 5957
f 5958 5959 5956
f 5957 5956 5959
f 5955 5958 5956
f 5948 5954 5956
f 5952 5949 5948
f 5932 5941 5943
f 5960 5961 5962
f 5963 5960 5962
f 5964 5965 5966
f 5967 5968 5969
f 5969 5960 5967
f 5968 5967 5964
f 5964 5966 5968
f 5961 5960 5969
f 5970 5971 5972
f 5972 5973 5970
f 5974 5975 5976
f 5977 5973 5978
f 5979 5978 5976
f 5980 5977 5978
f 5979 5980 5978
f 5976 5975 5979
f 5973 5977 5970
f 5981 5982 5983
f 5983 5984 5981
f 4151 4143 5985
f 5986 5987 5988
f 5988 5982 5986
f 5988 5987 5985
f 5986 5982 5981
f 5987 4151 5985
f 5989 5990 5991
f 5992 5993 5994
f 5990 5995 5991
f 5996 5997 5998
f 5998 5995 5996
f 5994 5998 5997
f 5997 5992 5994
f 5996 5995 5990
f 5999 6000 6001
f 5999 6001 6002
f 6001 6000 6003
f 6000 6004 6003
f 6004 6005 6006
f 6005 6007 6006
f 6007 6005 6008
f 6004 6006 6003
f 6009 6010 6011
f 6011 6012 6009
f 6013 6014 6015
f 6016 6017 6018
f 6018 6010 6016
f 6018 6017 6015
f 6017 6013 6015
f 6016 6010 6009
f 6019 6020 6021
f 6021 6022 6019
f 4146 4149 6023
f 6024 6023 6025
f 6024 6026 6022
f 6026 6024 6025
f 6022 6026 6019
f 6023 4149 6025
f 6027 6028 6029
f 6027 6029 6030
f 6031 6029 6028
f 6031 6028 6032
f 6033 6034 6035
f 6036 6031 6032
f 6036 6033 6035
f 6036 6032 6033
f 6037 6038 6039
f 6038 6040 6039
f 6040 6038 6041
f 6040 6041 6042
f 6043 6044 6045
f 6043 6045 6042
f 6045 6044 6046
f 6043 6042 6041
f 5112 6047 6048
f 6049 6050 6051
f 6047 6049 6052
f 5118 5112 6048
f 6049 6051 6052
f 6052 6048 6047
f 6050 6053 6051
f 6050 6054 6053
f 6055 6056 6057
f 6058 6059 6060
f 6056 6058 6061
f 6053 6054 6062
f 6061 6057 6056
f 6060 6061 6058
f 6062 6055 6057
f 6062 6054 6055
f 6063 6064 6065
f 6066 6067 6068
f 6064 6066 6069
f 6070 6063 6065
f 6066 6068 6069
f 6069 6065 6064
f 6068 6071 6072
f 6068 6067 6071
f 6073 6074 6075
f 6076 6077 6078
f 6074 6076 6079
f 6075 6072 6073
f 6078 6079 6076
f 6080 6078 6077
f 6075 6074 6079
f 6073 6072 6071
f 6081 6082 6083
f 6084 6083 6082
f 6082 6085 6084
f 6086 6087 6084
f 6087 3428 3433
f 3428 6087 6086
f 6086 6084 6085
f 6088 6089 6090
f 6089 6088 6091
f 6089 6092 6093
f 6092 6089 6094
f 6089 6095 6094
f 6095 6091 6096
f 6097 6096 6098
f 6095 6096 6097
f 6099 6097 6098
f 6100 6099 6098
f 6091 6095 6089
f 6101 6102 6103
f 6101 6104 6105
f 6104 6101 6103
f 6102 6106 6103
f 6107 6108 6109
f 6106 6102 6110
f 6109 6110 6107
f 6110 6102 6107
f 5118 6111 6110
f 6111 5118 6048
f 6106 6110 6112
f 6112 6110 6111
f 6106 6112 6113
f 6114 6115 6111
f 6048 6052 6114
f 6052 6051 6116
f 6111 6115 6112
f 6116 6114 6052
f 6117 6116 6051
f 6118 6114 6116
f 6051 6053 6117
f 6048 6114 6111
f 6119 6116 6117
f 6120 6113 6121
f 6113 6103 6106
f 6113 6122 6103
f 6122 6113 6120
f 6112 6121 6113
f 6112 6115 6121
f 6121 6115 6123
f 6123 6115 6118
f 6119 6118 6116
f 6118 6119 6124
f 6125 6123 6126
f 6123 6125 6121
f 6124 6126 6123
f 6118 6124 6123
f 6121 6125 6120
f 6115 6114 6118
f 6127 6128 6117
f 6053 6062 6127
f 6129 6130 6127
f 6129 6127 6062
f 6128 6127 6130
f 6119 6117 6128
f 6062 6057 6129
f 6128 6131 6119
f 6057 6061 6132
f 6061 6060 6133
f 6132 6133 6134
f 6133 6132 6061
f 6135 6129 6132
f 6057 6132 6129
f 6135 6132 6134
f 6131 6124 6119
f 6128 6130 6136
f 6128 6136 6131
f 6124 6131 6137
f 6131 6138 6137
f 6138 6131 6136
f 6138 6136 6139
f 6135 6140 6130
f 6124 6137 6126
f 6135 6141 6140
f 6141 6135 6134
f 6140 6141 6142
f 6140 6139 6136
f 6140 6143 6139
f 6143 6140 6142
f 6136 6130 6140
f 6130 6129 6135
f 6127 6117 6053
f 3382 6144 6145
f 3382 6145 3325
f 6145 6144 6146
f 6145 6146 6147
f 6148 6149 6150
f 6150 6147 6148
f 6151 6150 6149
f 6148 6147 6146
f 6152 6153 6154
f 6154 6155 6152
f 6156 6154 6153
f 6153 6157 6156
f 6157 6158 6159
f 6159 6160 6161
f 6160 6159 6158
f 6157 6159 6156
f 4845 6162 6163
f 6163 4788 4845
f 6164 6163 6162
f 6162 6165 6164
f 6166 6167 6168
f 6166 6169 6165
f 6169 6166 6168
f 6165 6169 6164
f 6170 6171 6172
f 6173 6172 6174
f 6172 6173 6170
f 6172 6175 6176
f 6173 6174 6177
f 6171 6076 6172
f 6076 6074 6175
f 6074 6073 6178
f 6172 6176 6174
f 6178 6175 6074
f 6179 6178 6073
f 6180 6175 6178
f 6073 6071 6179
f 6076 6175 6172
f 6181 6178 6179
f 6174 6182 6177
f 6174 6176 6183
f 6184 6182 6185
f 6182 6184 6177
f 6186 6185 6182
f 6174 6183 6182
f 6183 6176 6187
f 6187 6176 6180
f 6181 6180 6178
f 6180 6181 6188
f 6186 6187 6189
f 6187 6186 6183
f 6188 6189 6187
f 6180 6188 6187
f 6183 6186 6182
f 6176 6175 6180
f 6190 6191 6179
f 6071 6067 6190
f 6190 6192 6193
f 6066 6190 6067
f 6192 6190 6066
f 6181 6179 6191
f 6191 6194 6181
f 6195 6064 6196
f 6195 6196 6197
f 6198 6192 6195
f 6195 6192 6064
f 6199 6195 6197
f 6193 6191 6190
f 6064 6192 6066
f 6198 6195 6199
f 6194 6188 6181
f 6191 6193 6200
f 6191 6200 6194
f 6188 6194 6201
f 6188 6201 6202
f 6203 6201 6194
f 6203 6194 6200
f 6198 6204 6193
f 6188 6202 6189
f 6198 6205 6204
f 6205 6198 6199
f 6204 6205 6206
f 6207 6200 6204
f 6203 6200 6207
f 6206 6207 6204
f 6200 6193 6204
f 6193 6192 6198
f 6190 6179 6071
f 6208 6209 6210
f 6211 6209 6208
f 6212 6211 6213
f 6209 6214 6210
f 6215 6211 6208
f 6216 6217 6218
f 6217 6219 6218
f 6215 6220 6213
f 6215 6213 6211
f 6219 6221 6222
f 6223 6221 6219
f 6220 6222 6221
f 6219 6222 6218
f 6213 6220 6221
f 6224 6223 6219
f 6213 6221 6212
f 6225 6226 6208
f 6210 6227 6225
f 6228 6229 6225
f 6228 6225 6227
f 6225 6229 6226
f 6215 6208 6226
f 6227 6230 6228
f 6226 6231 6215
f 6230 6232 6233
f 6229 6228 6234
f 6228 6233 6234
f 6235 6233 6232
f 6234 6233 6235
f 6233 6228 6230
f 6226 6229 6236
f 6220 6231 6237
f 6215 6231 6220
f 6231 6238 6237
f 6238 6231 6236
f 6238 6236 6239
f 6226 6236 6231
f 6220 6237 6222
f 6234 6240 6239
f 6240 6234 6235
f 6239 6241 6242
f 6241 6239 6240
f 6239 6242 6238
f 6239 6236 6229
f 6239 6229 6234
f 6225 6208 6210
f 6218 6243 6216
f 6224 6219 6217
f 6221 6223 6212
f 3801 6244 6245
f 6245 3798 3801
f 6246 6245 6244
f 6244 6247 6246
f 6248 6249 6250
f 6248 6250 6247
f 6250 6249 6251
f 6247 6250 6246
f 6252 6253 6254
f 6254 6255 6252
f 6256 6257 6258
f 6258 6259 6256
f 6260 6261 6262
f 6263 6262 6261
f 6264 6265 6266
f 6266 6267 6264
f 5312 6268 5311
f 6269 6268 5312
f 6270 6271 6269
f 6268 6269 6271
f 6272 5322 5321
f 6273 6272 5321
f 6274 6275 6273
f 6272 6273 6275
f 6276 5336 5337
f 6277 5336 6276
f 6278 6279 6276
f 6277 6276 6279
f 5344 6280 5348
f 6281 5348 6280
f 6282 6283 6281
f 6280 6282 6281
f 6284 6285 6286
f 6284 6287 6285
f 6288 6285 6287
f 6289 6288 6287
f 6290 5190 6291
f 6291 6289 6290
f 5190 6290 5180
f 6288 6289 6291
f 6292 6293 6294
f 6294 6295 6292
f 6296 6297 6298
f 6298 6299 6296
f 6300 6301 6302
f 6301 6303 6304
f 6300 6303 6301
f 6302 6305 6300
f 6306 6307 6305
f 6306 6308 6309
f 6300 6305 6307
f 6305 6308 6306
f 6310 6304 6311
f 6304 6310 6301
f 6312 6313 6311
f 6311 6304 6314
f 6312 6315 6313
f 6315 6316 6317
f 6316 6315 6312
f 6312 6311 6314
f 6318 6309 6319
f 6309 6318 6306
f 6320 6321 6319
f 6319 6309 6322
f 6320 6323 6321
f 6323 6324 6325
f 6324 6323 6320
f 6320 6319 6322
f 6326 6317 6327
f 6317 6328 6315
f 6326 6328 6317
f 6327 6329 6326
f 6325 6330 6329
f 6325 6331 6323
f 6326 6329 6330
f 6329 6331 6325
f 6332 6333 6334
f 6335 6336 6337
f 6337 6336 6333
f 6338 2562 2561
f 6334 2562 6338
f 6332 6334 6338
f 6332 6337 6333
f 6335 6339 6336
f 6340 6341 6342
f 6343 6344 6340
f 6344 2555 2554
f 6345 6339 6335
f 6340 6342 6343
f 6344 6343 2555
f 6342 6341 6345
f 6341 6339 6345
f 6346 6347 6348
f 6347 6346 6349
f 6347 6350 6348
f 6349 6346 6351
f 6352 6353 6354
f 6353 6352 6355
f 6348 6350 6354
f 6354 6350 6352
f 6349 6356 6357
f 6356 6349 6351
f 6358 6359 6357
f 6357 6356 6358
f 6360 6361 6359
f 6361 6362 6363
f 6362 6361 6360
f 6360 6359 6358
f 6355 6364 6365
f 6366 6365 6364
f 6364 6367 6366
f 6367 6368 6369
f 6370 6369 6368
f 6368 6371 6370
f 6367 6369 6366
f 6372 6373 6374
f 6374 6363 6372
f 6373 6375 6374
f 6363 6362 6372
f 6370 6376 6377
f 6376 6370 6371
f 6376 6375 6377
f 6377 6375 6373
f 6353 6355 6365
f 6378 6379 2545
f 6380 6381 6379
f 6382 6381 6383
f 2545 2544 6378
f 6379 6378 6380
f 6383 6381 6380
f 6383 6384 6382
f 6384 6385 6382
f 6386 6385 6387
f 6388 2536 6389
f 6390 6386 6387
f 6391 6388 6389
f 2540 2536 6388
f 6390 6388 6391
f 6390 6391 6386
f 6384 6387 6385
f 6392 6393 2527
f 6394 6395 6396
f 6397 6396 6393
f 6392 2527 2526
f 6397 6394 6396
f 6393 6392 6397
f 6394 6398 6395
f 6398 6399 6395
f 6400 6401 6402
f 2522 2521 6403
f 6404 6403 6401
f 6405 6399 6398
f 6401 6400 6404
f 6403 6404 2522
f 6400 6402 6405
f 6402 6399 6405
f 6406 6407 2509
f 6408 6409 6410
f 6411 6410 6407
f 6406 2509 2508
f 6411 6408 6410
f 6407 6406 6411
f 6408 6412 6409
f 6412 6413 6409
f 6414 6415 6416
f 2504 2503 6417
f 6418 6417 6415
f 6419 6413 6412
f 6415 6414 6418
f 6417 6418 2504
f 6414 6416 6419
f 6416 6413 6419
f 6420 6421 2491
f 6422 6423 6424
f 6425 6424 6421
f 6420 2491 2490
f 6425 6422 6424
f 6421 6420 6425
f 6422 6426 6423
f 6426 6427 6423
f 6428 6429 6430
f 2486 2485 6431
f 6432 6431 6429
f 6433 6427 6426
f 6429 6428 6432
f 6431 6432 2486
f 6428 6430 6433
f 6430 6427 6433
f 6434 6435 2473
f 6436 6437 6438
f 6439 6438 6435
f 6434 2473 2472
f 6439 6436 6438
f 6435 6434 6439
f 6436 6440 6437
f 6440 6441 6437
f 6442 6443 6444
f 2468 2467 6445
f 6446 6445 6443
f 6447 6441 6440
f 6443 6442 6446
f 6445 6446 2468
f 6442 6444 6447
f 6444 6441 6447
f 6448 6449 6450
f 6451 6450 6452
f 6451 6448 6450
f 6452 6453 6451
f 6448 6454 6449
f 6454 6455 6449
f 6456 6457 6458
f 6459 6460 6461
f 6456 6462 6463
f 6464 6463 6460
f 6465 6455 6454
f 6460 6459 6464
f 6463 6464 6456
f 6459 6461 6465
f 6456 6458 6462
f 6461 6455 6465
f 6466 6467 6468
f 6469 6468 6470
f 6469 6466 6468
f 6470 6471 6469
f 6466 6472 6467
f 6472 6473 6467
f 6474 6475 6476
f 6477 6478 6479
f 6474 6480 6481
f 6482 6481 6478
f 6483 6473 6472
f 6478 6477 6482
f 6481 6482 6474
f 6477 6479 6483
f 6474 6476 6480
f 6479 6473 6483
f 6484 6485 6486
f 6487 6486 6488
f 6487 6484 6486
f 6488 6489 6487
f 6484 6490 6485
f 6490 6491 6485
f 6492 6493 6494
f 6495 6496 6497
f 6492 6498 6499
f 6500 6499 6496
f 6501 6491 6490
f 6496 6495 6500
f 6499 6500 6492
f 6495 6497 6501
f 6492 6494 6498
f 6497 6491 6501
f 6502 6503 6504
f 6505 6504 6506
f 6505 6502 6504
f 6506 6507 6505
f 6502 6508 6503
f 6508 6509 6503
f 6510 6511 6512
f 6513 6514 6515
f 6510 6516 6517
f 6518 6517 6514
f 6519 6509 6508
f 6514 6513 6518
f 6517 6518 6510
f 6513 6515 6519
f 6510 6512 6516
f 6515 6509 6519
f 6520 6521 6522
f 6523 6524 6522
f 6521 6525 6522
f 6526 6524 6523
f 6520 6522 6524
f 6523 6527 6526
f 6528 6529 6530
f 6531 6532 6533
f 6534 6535 6532
f 6536 6535 6537
f 6531 6533 6527
f 6534 6537 6535
f 6532 6531 6534
f 6528 6536 6537
f 6528 6530 6536
f 6526 6527 6533
f 6538 6539 6540
f 6541 6538 6542
f 6543 6541 6544
f 6545 6546 6547
f 6542 6538 6540
f 6542 6544 6541
f 6544 6548 6543
f 6549 6550 6551
f 6552 6553 6554
f 6555 6554 6550
f 6551 6548 6549
f 6554 6555 6552
f 6553 6552 6545
f 6555 6550 6549
f 6545 6547 6553
f 6543 6548 6551
f 6556 6557 6558
f 6559 6556 6560
f 6561 6559 6562
f 6563 6564 6565
f 6560 6556 6558
f 6560 6562 6559
f 6562 6566 6561
f 6567 6568 6569
f 6570 6571 6572
f 6573 6572 6568
f 6569 6566 6567
f 6568 6567 6573
f 6570 6572 6573
f 6570 6563 6571
f 6563 6565 6571
f 6561 6566 6569
f 6574 6575 6576
f 6577 6574 6578
f 6579 6577 6580
f 6581 6582 6583
f 6578 6574 6576
f 6578 6580 6577
f 6580 6584 6579
f 6585 6586 6587
f 6588 6589 6590
f 6591 6590 6586
f 6587 6584 6585
f 6586 6585 6591
f 6588 6590 6591
f 6588 6581 6589
f 6581 6583 6589
f 6579 6584 6587
f 6592 6593 6594
f 6595 6592 6596
f 6597 6595 6598
f 6599 6600 6601
f 6596 6592 6594
f 6596 6598 6595
f 6598 6602 6597
f 6603 6604 6605
f 6606 6607 6608
f 6609 6608 6604
f 6605 6602 6603
f 6609 6606 6608
f 6599 6607 6606
f 6609 6604 6603
f 6599 6601 6607
f 6597 6602 6605
f 6610 6611 6612
f 6613 6610 6614
f 6615 6613 6616
f 6617 6618 6619
f 6614 6610 6612
f 6614 6616 6613
f 6616 6620 6615
f 6621 6622 6623
f 6624 6625 6626
f 6627 6626 6622
f 6623 6620 6621
f 6622 6621 6627
f 6624 6626 6627
f 6624 6617 6625
f 6617 6619 6625
f 6615 6620 6623
f 6628 6629 6630
f 6631 6628 6632
f 6633 6631 6634
f 6635 6636 6637
f 6632 6628 6630
f 6632 6634 6631
f 6634 6638 6633
f 6639 6640 6641
f 6642 6643 6644
f 6645 6644 6640
f 6641 6638 6639
f 6644 6645 6642
f 6643 6642 6635
f 6645 6640 6639
f 6635 6637 6643
f 6633 6638 6641
f 6646 6647 6648
f 6649 6650 6651
f 6650 6646 6652
f 6653 6654 6649
f 6655 6656 6657
f 6657 6654 6653
f 6656 6655 6658
f 6647 6659 6648
f 6660 6661 6662
f 6652 6646 6648
f 6653 6649 6651
f 6663 6657 6653
f 6652 6651 6650
f 6663 6655 6657
f 6655 6664 6658
f 6665 6666 6667
f 6668 6669 6670
f 6669 6665 6667
f 6671 6672 6673
f 6660 6674 6675
f 6676 6675 6672
f 6673 6668 6677
f 6678 6658 6664
f 6669 6667 6670
f 6667 6666 6678
f 6668 6670 6677
f 6671 6673 6679
f 6676 6672 6671
f 6677 6679 6673
f 6676 6660 6675
f 6660 6662 6674
f 6666 6658 6678
f 6680 6681 6682
f 6682 6683 6684
f 6685 6680 6682
f 6682 6684 6685
f 6686 6687 6680
f 6687 6681 6680
f 6688 6689 6690
f 6691 6692 6693
f 6694 6688 6695
f 6695 6691 6696
f 6697 6687 6686
f 6693 6696 6691
f 6694 6695 6696
f 6693 6692 6697
f 6694 6689 6688
f 6692 6687 6697
f 6698 6699 6700
f 6701 6698 6702
f 6702 6703 6701
f 6698 6700 6702
f 6704 6705 6703
f 6705 6701 6703
f 6706 6707 6708
f 6709 6710 6711
f 6712 6713 6710
f 6706 6713 6712
f 6714 6711 6704
f 6709 6712 6710
f 6709 6711 6714
f 6706 6712 6715
f 6715 6707 6706
f 6705 6704 6711
f 6716 6717 6718
f 6719 6716 6720
f 6721 6719 6722
f 6723 6724 6725
f 6718 6720 6716
f 6720 6722 6719
f 6722 6726 6721
f 6727 6728 6729
f 6730 6723 6731
f 6732 6731 6728
f 6729 6726 6727
f 6731 6732 6730
f 6723 6730 6733
f 6732 6728 6727
f 6733 6724 6723
f 6721 6726 6729
f 6734 6735 6736
f 6737 6734 6738
f 6739 6737 6740
f 6741 6742 6743
f 6738 6734 6736
f 6738 6740 6737
f 6740 6744 6739
f 6745 6746 6747
f 6748 6749 6750
f 6751 6750 6746
f 6747 6744 6745
f 6750 6751 6748
f 6749 6748 6741
f 6751 6746 6745
f 6741 6743 6749
f 6739 6744 6747
f 6752 6753 6754
f 6755 6752 6756
f 6757 6755 6758
f 6759 6760 6761
f 6754 6756 6752
f 6756 6758 6755
f 6758 6762 6757
f 6763 6764 6765
f 6766 6759 6767
f 6768 6767 6764
f 6765 6762 6763
f 6767 6768 6766
f 6759 6766 6769
f 6768 6764 6763
f 6769 6760 6759
f 6757 6762 6765
f 6770 6771 6772
f 6773 6770 6774
f 6775 6773 6776
f 6777 6778 6779
f 6774 6770 6772
f 6774 6776 6773
f 6776 6780 6775
f 6781 6782 6783
f 6784 6785 6786
f 6787 6786 6782
f 6783 6780 6781
f 6786 6787 6784
f 6785 6784 6777
f 6787 6782 6781
f 6777 6779 6785
f 6775 6780 6783
f 6788 6789 6790
f 6791 6790 6792
f 6791 6788 6790
f 6792 6793 6791
f 6788 6794 6789
f 6794 6795 6789
f 6796 6797 6798
f 6799 6800 6801
f 6796 6802 6803
f 6804 6803 6800
f 6805 6795 6794
f 6800 6799 6804
f 6803 6804 6796
f 6799 6801 6805
f 6796 6798 6802
f 6801 6795 6805
f 6806 6807 6808
f 6809 6808 6810
f 6809 6806 6808
f 6810 6811 6809
f 6806 6812 6807
f 6812 6813 6807
f 6814 6815 6816
f 6817 6818 6819
f 6814 6820 6821
f 6822 6821 6818
f 6823 6813 6812
f 6818 6817 6822
f 6821 6822 6814
f 6817 6819 6823
f 6814 6816 6820
f 6819 6813 6823
f 6824 6825 6826
f 6827 6826 6828
f 6827 6824 6826
f 6828 6829 6827
f 6824 6830 6825
f 6830 6831 6825
f 6832 6833 6834
f 6835 6836 6837
f 6832 6838 6839
f 6840 6839 6836
f 6841 6831 6830
f 6836 6835 6840
f 6839 6840 6832
f 6835 6837 6841
f 6832 6834 6838
f 6837 6831 6841
f 6842 6843 6844
f 6845 6844 6846
f 6845 6842 6844
f 6846 6847 6845
f 6842 6848 6843
f 6848 6849 6843
f 6850 6851 6852
f 6853 6854 6855
f 6850 6856 6857
f 6858 6857 6854
f 6859 6849 6848
f 6854 6853 6858
f 6857 6858 6850
f 6853 6855 6859
f 6850 6852 6856
f 6855 6849 6859
f 6860 6861 6862
f 6863 6862 6864
f 6862 6863 6860
f 6865 6863 6864
f 6860 6866 6861
f 6867 6868 6869
f 6870 6871 6872
f 6867 6873 6874
f 6870 6874 6873
f 6874 6870 6872
f 6875 6871 6866
f 6871 6875 6872
f 6867 6869 6873
f 6861 6866 6871
f 6876 6877 6878
f 6878 6879 6880
f 6876 6881 6877
f 6878 6880 6876
f 6882 6883 6881
f 6883 6877 6881
f 6884 6885 6886
f 6887 6888 6889
f 6890 6891 6888
f 6884 6891 6892
f 6887 6883 6882
f 6893 6890 6888
f 6888 6887 6893
f 6891 6890 6892
f 6892 6885 6884
f 6889 6883 6887
f 6894 6895 6896
f 6894 6896 6897
f 6894 6898 6895
f 6897 6899 6894
f 6900 6901 6898
f 6901 6895 6898
f 6902 6903 6904
f 6905 6906 6907
f 6908 6909 6906
f 6910 6909 6902
f 6905 6901 6900
f 6905 6911 6906
f 6911 6908 6906
f 6908 6902 6909
f 6902 6904 6910
f 6907 6901 6905
f 6912 6913 6914
f 6915 6916 6917
f 6912 6916 6913
f 6918 6919 6920
f 6912 6914 6921
f 6912 6917 6916
f 6915 6922 6916
f 6923 6924 6925
f 6918 6926 6927
f 6927 6923 6925
f 6928 6922 6915
f 6925 6929 6927
f 6918 6927 6929
f 6925 6924 6928
f 6918 6920 6926
f 6924 6922 6928
f 6930 6931 6932
f 6933 6932 6934
f 6932 6933 6930
f 6933 6934 6935
f 6930 6936 6931
f 6937 6938 6939
f 6940 6936 6941
f 6931 6936 6940
f 6942 6940 6943
f 6944 6942 6945
f 6940 6941 6943
f 6944 6945 6937
f 6945 6942 6943
f 6937 6939 6944
f 6946 6947 6948
f 6949 6948 6950
f 6949 6946 6948
f 6950 6951 6949
f 6946 6952 6947
f 6952 6953 6947
f 6954 6955 6956
f 6957 6958 6959
f 6960 6954 6961
f 6962 6961 6958
f 6957 6953 6952
f 6961 6962 6963
f 6961 6963 6960
f 6962 6958 6957
f 6960 6955 6954
f 6959 6953 6957
f 6964 6965 6966
f 6967 6966 6968
f 6967 6964 6966
f 6968 6969 6967
f 6964 6970 6965
f 6970 6971 6965
f 6972 6973 6974
f 6975 6976 6977
f 6972 6978 6979
f 6980 6979 6976
f 6981 6971 6970
f 6976 6975 6980
f 6979 6980 6972
f 6975 6977 6981
f 6972 6974 6978
f 6977 6971 6981
f 6982 6983 6984
f 6985 6984 6986
f 6985 6982 6984
f 6986 6987 6985
f 6988 6989 6982
f 6989 6983 6982
f 6990 6991 6992
f 6993 6994 6995
f 6990 6996 6997
f 6998 6997 6994
f 6995 6988 6993
f 6997 6998 6999
f 6997 6999 6990
f 6998 6994 6993
f 6990 6992 6996
f 6989 6988 6995
f 7000 7001 7002
f 7003 7004 7005
f 7006 7003 7001
f 7007 7008 7009
f 7000 7002 7010
f 7000 7006 7001
f 7003 7006 7004
f 7011 7012 7013
f 7007 7014 7015
f 7016 7015 7012
f 7011 7005 7004
f 7012 7017 7016
f 7015 7016 7007
f 7017 7012 7011
f 7007 7009 7014
f 7013 7005 7011
f 7018 7019 7020
f 7021 7020 7022
f 7021 7018 7020
f 7022 7023 7021
f 7018 7024 7019
f 7024 7025 7019
f 7026 7027 7028
f 7029 7030 7031
f 7026 7032 7033
f 7034 7033 7030
f 7035 7031 7024
f 7029 7031 7035
f 7034 7030 7029
f 7034 7026 7033
f 7026 7028 7032
f 7025 7024 7031
f 7036 7037 7038
f 7039 7040 7041
f 7042 7039 7037
f 7043 7044 7045
f 7046 7037 7036
f 7046 7042 7037
f 7039 7042 7040
f 7047 7048 7049
f 7050 7051 7052
f 7050 7052 7048
f 7049 7040 7053
f 7048 7047 7050
f 7051 7050 7043
f 7047 7049 7053
f 7043 7045 7051
f 7041 7040 7049
f 7054 7055 7056
f 7057 7058 7059
f 7060 7057 7055
f 7061 7062 7063
f 7054 7056 7064
f 7054 7060 7055
f 7057 7060 7058
f 7065 7066 7067
f 7061 7068 7069
f 7070 7069 7066
f 7067 7058 7071
f 7066 7065 7070
f 7069 7070 7061
f 7065 7067 7071
f 7061 7063 7068
f 7059 7058 7067
f 7072 7073 7074
f 7075 7074 7076
f 7075 7072 7074
f 7076 7077 7075
f 7072 7078 7073
f 7078 7079 7073
f 7080 7081 7082
f 7083 7084 7085
f 7080 7086 7087
f 7088 7087 7084
f 7089 7085 7078
f 7083 7085 7089
f 7088 7084 7083
f 7088 7080 7087
f 7080 7082 7086
f 7079 7078 7085
f 7090 7091 7092
f 7093 7092 7094
f 7090 7095 7091
f 7092 7093 7090
f 7096 7097 7095
f 7097 7091 7095
f 7098 7099 7100
f 7101 7102 7103
f 7104 7098 7105
f 7106 7105 7102
f 7107 7097 7096
f 7102 7101 7106
f 7105 7106 7104
f 7101 7103 7107
f 7104 7099 7098
f 7103 7097 7107
f 7108 7109 7110
f 7111 7112 7110
f 7108 7110 7112
f 7113 7112 7111
f 7113 7111 7114
f 7108 7115 7109
f 7116 7117 7118
f 7119 7120 7121
f 7122 7123 7119
f 7123 7124 7125
f 7120 7115 7121
f 7119 7121 7122
f 7125 7124 7116
f 7122 7124 7123
f 7116 7118 7125
f 7109 7115 7120
f 7126 7118 7127
f 7128 7129 7126
f 7129 7130 7131
f 7127 7118 7117
f 7128 7130 7129
f 7132 7131 7130
f 7127 7128 7126
f 7132 7133 7131
f 7134 7133 7135
f 7136 7134 7137
f 7137 7134 7135
f 7113 7138 7139
f 7136 7137 7139
f 7114 7138 7113
f 7136 7139 7138
f 7132 7135 7133
f 7099 7140 7100
f 7141 7142 7143
f 7144 7143 7140
f 7144 7140 7099
f 7141 7145 7142
f 7143 7144 7141
f 7145 7146 7142
f 7146 7147 7142
f 7148 7149 7150
f 7093 7094 7151
f 7152 7151 7149
f 7153 7147 7146
f 7149 7148 7152
f 7151 7152 7093
f 7148 7150 7153
f 7150 7147 7153
f 7154 7155 7156
f 7157 7154 7156
f 7158 7159 7157
f 7160 7161 7158
f 7159 7158 7161
f 7156 7158 7157
f 7162 7163 7155
f 7164 7165 7163
f 7162 7164 7163
f 7158 7166 7167
f 7167 7166 7168
f 7160 7158 7167
f 7154 7162 7155
f 7169 7170 7171
f 7172 7169 7173
f 7170 7169 7174
f 7174 7169 7172
f 7173 7175 7172
f 7176 7177 7082
f 7178 7179 7180
f 7181 7180 7177
f 7176 7082 7081
f 7181 7178 7180
f 7177 7176 7181
f 7178 7182 7179
f 7182 7183 7179
f 7184 7185 7186
f 7187 7076 7188
f 7187 7188 7185
f 7189 7183 7182
f 7185 7184 7187
f 7076 7187 7077
f 7184 7186 7189
f 7186 7183 7189
f 7190 7191 7063
f 7192 7193 7194
f 7195 7194 7191
f 7190 7063 7062
f 7195 7192 7194
f 7191 7190 7195
f 7192 7196 7193
f 7196 7197 7193
f 7198 7199 7200
f 7064 7056 7201
f 7202 7201 7199
f 7203 7197 7196
f 7199 7198 7202
f 7201 7202 7064
f 7198 7200 7203
f 7200 7197 7203
f 7044 7204 7045
f 7205 7206 7207
f 7208 7207 7204
f 7209 7204 7044
f 7208 7205 7207
f 7204 7209 7208
f 7205 7210 7206
f 7210 7211 7206
f 7212 7213 7214
f 7036 7038 7215
f 7216 7215 7213
f 7212 7211 7210
f 7213 7217 7216
f 7215 7216 7036
f 7217 7213 7212
f 7214 7211 7212
f 7218 7219 7028
f 7220 7221 7222
f 7223 7222 7219
f 7218 7028 7027
f 7223 7220 7222
f 7219 7218 7223
f 7220 7224 7221
f 7224 7225 7221
f 7226 7227 7228
f 7229 7022 7230
f 7229 7230 7227
f 7231 7225 7224
f 7227 7226 7229
f 7022 7229 7023
f 7226 7228 7231
f 7228 7225 7231
f 7232 7233 7009
f 7234 7235 7233
f 7232 7009 7008
f 7234 7236 7235
f 7233 7232 7234
f 7237 7236 7238
f 7237 7235 7236
f 7238 7239 7237
f 7240 7241 7242
f 7010 7002 7243
f 7244 7243 7241
f 7245 7239 7238
f 7241 7240 7244
f 7243 7244 7010
f 7240 7242 7245
f 7242 7239 7245
f 7246 7247 7248
f 7248 7249 7246
f 7247 7250 7248
f 7248 7251 7252
f 7253 7251 7254
f 7255 7256 7257
f 7251 7248 7250
f 7255 7258 7259
f 7260 7258 7253
f 7251 7261 7262
f 7253 7261 7251
f 7263 7264 7257
f 7265 7266 7267
f 7266 7268 7267
f 7269 7251 7270
f 7271 7272 7261
f 7270 7273 7269
f 7254 7260 7253
f 7269 7254 7251
f 7274 7275 7276
f 7277 7278 7279
f 7278 7275 7280
f 7276 7273 7270
f 7263 7257 7256
f 7266 7264 7268
f 7281 7264 7263
f 7282 7283 7284
f 7285 7281 7286
f 7283 7287 7286
f 7264 7281 7285
f 7284 7288 7289
f 7256 7255 7259
f 7277 7290 7288
f 7260 7259 7258
f 7251 7291 7292
f 7265 7267 7293
f 7252 7251 7294
f 7295 7252 7294
f 7296 7297 7298
f 7299 7271 7297
f 7300 7301 7302
f 7302 7303 7304
f 7305 7296 7298
f 7298 7301 7305
f 7306 7307 7308
f 7295 7306 7252
f 7262 7261 7272
f 7296 7299 7297
f 7309 7310 7296
f 7271 7299 7272
f 7251 7262 7294
f 7311 7306 7312
f 7303 7313 7314
f 7314 7304 7303
f 7313 7315 7314
f 7300 7302 7304
f 7300 7305 7301
f 7315 7313 7316
f 7317 7318 7319
f 7315 7316 7318
f 7317 7320 7321
f 7305 7322 7296
f 7309 7323 7310
f 7322 7309 7296
f 7324 7325 7326
f 7327 7328 7329
f 7310 7328 7327
f 7324 7330 7331
f 7323 7328 7310
f 7325 7321 7332
f 7333 7313 7293
f 7334 7329 7331
f 7267 7333 7293
f 7278 7280 7279
f 7335 7288 7290
f 7270 7274 7276
f 7290 7277 7279
f 7270 7336 7274
f 7337 7336 7270
f 7280 7275 7274
f 7290 7338 7335
f 7284 7289 7282
f 7285 7286 7287
f 7283 7282 7287
f 7339 7340 7341
f 7342 7340 7339
f 7335 7338 7341
f 7289 7288 7335
f 7338 7339 7341
f 7285 7268 7264
f 7337 7270 7343
f 7270 7344 7343
f 7345 7346 7347
f 7348 7346 7344
f 7349 7350 7345
f 7347 7346 7348
f 7348 7344 7270
f 7351 7350 7352
f 7353 7354 7340
f 7354 7353 7351
f 7352 7354 7351
f 7353 7340 7342
f 7352 7350 7349
f 7355 7347 7348
f 7356 7355 7348
f 7345 7357 7349
f 7345 7347 7357
f 7348 7358 7356
f 7317 7319 7320
f 7333 7316 7313
f 7325 7332 7359
f 7359 7360 7361
f 7359 7326 7325
f 7332 7321 7320
f 7361 7326 7359
f 7334 7331 7330
f 7330 7324 7326
f 7362 7363 7364
f 7365 7366 7367
f 7365 7367 7310
f 7361 7360 7364
f 7365 7310 7327
f 7364 7360 7362
f 7319 7318 7316
f 7368 7369 7370
f 7371 7372 7373
f 7368 7374 7372
f 7375 7358 7367
f 7376 7377 7367
f 7375 7367 7377
f 7369 7376 7370
f 7362 7371 7378
f 7373 7378 7371
f 7378 7363 7362
f 7374 7368 7370
f 7379 7380 7367
f 7380 7370 7376
f 7379 7367 7381
f 7372 7374 7373
f 7380 7376 7367
f 7381 7367 7366
f 7358 7348 7367
f 7327 7329 7334
f 7251 7292 7270
f 7312 7306 7308
f 7311 7252 7306
f 7382 7383 7384
f 7384 7385 7382
f 7386 7387 7388
f 7388 7389 7386
f 7390 7391 7392
f 7392 7393 7390
f 7394 7395 7396
f 7396 7397 7394
f 7398 7399 7400
f 7401 7400 7399
f 7402 7398 7400
f 7401 7399 7403
f 7401 7403 7404
f 7404 7405 7401
f 7406 7407 7408
f 7407 7406 7409
f 7408 7410 7406
f 7410 7408 7411
f 7406 7412 7409
f 7402 7409 7412
f 7402 7400 7409
f 7413 7405 7414
f 7413 7414 7415
f 7416 7413 7417
f 7415 7417 7413
f 7418 7413 7416
f 7413 7401 7405
f 7419 7420 7421
f 7410 7419 7421
f 7418 7422 7423
f 7423 7419 7418
f 7418 7416 7422
f 7420 7419 7423
f 7406 7410 7421
f 7424 7425 7426
f 7427 7428 7424
f 7425 7424 7428
f 7429 7430 7431
f 7430 7429 7432
f 7433 7434 7435
f 7435 7436 7433
f 7437 7438 7439
f 7440 7438 7441
f 7442 7443 7444
f 7440 7443 7442
f 7441 7438 7437
f 7439 7445 7446
f 7445 7439 7438
f 7447 7446 7448
f 7439 7446 7449
f 7450 7447 7448
f 7451 7441 7437
f 7452 7453 7437
f 7454 7452 7437
f 7451 7437 7453
f 7449 7446 7447
f 7444 7443 7455
f 7447 7450 7456
f 7443 7440 7441
f 7457 7458 7459
f 7459 7460 7457
f 7461 7462 7463
f 7463 7464 7461
f 7465 7466 7467
f 7466 7468 7467
f 7469 7465 7467
f 7470 7471 7472
f 7471 7467 7472
f 7471 7469 7467
f 7470 7472 7473
f 7468 7474 7475
f 7476 7477 7478
f 7468 7479 7477
f 7474 7468 7477
f 7480 7481 7467
f 7478 7482 7476
f 7483 7467 7481
f 7475 7480 7467
f 7467 7468 7475
f 7484 7485 7478
f 7472 7486 7473
f 7484 7478 7487
f 7472 7488 7489
f 7490 7489 7488
f 7467 7483 7491
f 7489 7486 7472
f 7489 7492 7493
f 7467 7494 7495
f 7489 7490 7492
f 7496 7478 7495
f 7497 7482 7478
f 7478 7498 7497
f 7495 7494 7499
f 7500 7495 7501
f 7496 7495 7500
f 7501 7495 7499
f 7491 7494 7467
f 7502 7503 7485
f 7477 7479 7487
f 7504 7505 7506
f 7504 7506 7479
f 7507 7503 7508
f 7502 7508 7503
f 7477 7487 7478
f 7509 7505 7504
f 7504 7510 7511
f 7504 7479 7510
f 7509 7512 7513
f 7509 7513 7514
f 7509 7515 7512
f 7509 7514 7516
f 7505 7509 7516
f 7512 7515 7517
f 7515 7518 7517
f 7468 7510 7479
f 7518 7515 7503
f 7503 7519 7520
f 7515 7519 7503
f 7521 7522 7523
f 7524 7523 7522
f 7525 7526 7520
f 7524 7522 7527
f 7527 7520 7526
f 7527 7503 7520
f 7528 7503 7507
f 7529 7530 7531
f 7532 7529 7533
f 7529 7534 7530
f 7530 7534 7535
f 7529 7532 7534
f 7535 7534 7536
f 7535 7525 7530
f 7535 7526 7525
f 7518 7503 7528
f 7527 7522 7503
f 7537 7538 7539
f 7540 7541 7542
f 7539 7543 7544
f 7545 7544 7546
f 7544 7543 7546
f 7544 7547 7548
f 7549 7550 7539
f 7544 7545 7547
f 7548 7551 7544
f 7552 7553 7554
f 7554 7555 7556
f 7556 7557 7554
f 7555 7554 7558
f 7554 7557 7559
f 7560 7537 7539
f 7558 7554 7561
f 7562 7554 7559
f 7549 7539 7538
f 7563 7558 7561
f 7564 7552 7522
f 7565 7551 7566
f 7567 7565 7566
f 7568 7565 7569
f 7567 7569 7565
f 7565 7568 7570
f 7565 7570 7560
f 7565 7571 7572
f 7565 7544 7551
f 7560 7571 7565
f 7571 7560 7539
f 7562 7573 7554
f 7573 7574 7572
f 7571 7554 7573
f 7572 7575 7576
f 7577 7578 7579
f 7576 7577 7572
f 7572 7577 7580
f 7572 7574 7575
f 7571 7573 7572
f 7581 7582 7521
f 7521 7582 7522
f 7521 7583 7581
f 7584 7583 7521
f 7552 7564 7585
f 7586 7552 7587
f 7588 7589 7590
f 7585 7587 7552
f 7522 7582 7564
f 7591 7584 7592
f 7521 7592 7584
f 7592 7593 7591
f 7594 7589 7595
f 7596 7597 7594
f 7594 7597 7590
f 7598 7597 7596
f 7589 7594 7590
f 7543 7539 7550
f 7599 7586 7588
f 7600 7601 7602
f 7603 7601 7604
f 7604 7605 7603
f 7604 7601 7606
f 7607 7578 7608
f 7603 7605 7608
f 7603 7608 7578
f 7478 7485 7503
f 7498 7478 7496
f 7579 7578 7607
f 7579 7580 7577
f 7588 7590 7599
f 7590 7597 7609
f 7563 7561 7600
f 7606 7601 7600
f 7586 7553 7552
f 7561 7554 7610
f 7553 7586 7599
f 7542 7541 7611
f 7553 7610 7554
f 7602 7563 7600
f 7552 7541 7522
f 7522 7541 7540
f 7612 7613 7614
f 7615 7614 7613
f 7614 7615 7616
f 7614 7616 7617
f 7617 7618 7614
f 7619 7612 7620
f 7614 7620 7612
f 7620 7621 7622
f 7620 7622 7619
f 7623 7621 7620
f 7624 7618 7625
f 7626 7624 7627
f 7625 7627 7624
f 7628 7624 7626
f 7624 7614 7618
f 7620 7628 7629
f 7628 7630 7631
f 7626 7630 7628
f 7629 7628 7631
f 7623 7620 7629
f 7632 7633 7634
f 7635 7634 7633
f 7634 7635 7636
f 7636 7637 7638
f 7638 7634 7636
f 7639 7632 7640
f 7634 7640 7632
f 7640 7641 7642
f 7640 7642 7639
f 7643 7641 7640
f 7638 7644 7645
f 7646 7638 7647
f 7645 7647 7638
f 7643 7638 7646
f 7638 7637 7644
f 7643 7648 7649
f 7643 7650 7651
f 7646 7650 7643
f 7648 7643 7651
f 7641 7643 7649
f 7652 7653 7654
f 7655 7656 7657
f 7658 7659 7656
f 7656 7659 7660
f 7661 7658 7656
f 7652 7654 7655
f 7660 7657 7656
f 7652 7655 7657
f 7662 7663 7657
f 7662 7657 7660
f 7662 7664 7663
f 7665 7666 7667
f 7664 7667 7668
f 7656 7669 7670
f 7669 7671 7670
f 7672 7673 7669
f 7671 7669 7673
f 7674 7672 7669
f 7661 7656 7670
f 7665 7675 7676
f 7677 7675 7678
f 7678 7679 7680
f 7680 7674 7669
f 7680 7679 7674
f 7681 7666 7665
f 7681 7665 7676
f 7682 7683 7663
f 7684 7683 7682
f 7685 7682 7663
f 7668 7667 7666
f 7663 7668 7685
f 7663 7664 7668
f 7686 7684 7687
f 7682 7687 7684
f 7688 7686 7687
f 7689 7690 7688
f 7686 7688 7690
f 7691 7690 7689
f 7680 7692 7677
f 7678 7680 7677
f 7693 7694 7680
f 7695 7694 7693
f 7692 7680 7694
f 7676 7675 7677
f 7691 7696 7697
f 7689 7696 7691
f 7698 7691 7697
f 7699 7695 7700
f 7693 7700 7695
f 7699 7700 7698
f 7698 7697 7699
f 7701 7702 7703
f 7704 7703 7705
f 7706 7707 7708
f 7704 7709 7706
f 7706 7708 7710
f 7705 7703 7702
f 7706 7709 7711
f 7706 7711 7707
f 7709 7712 7713
f 7711 7709 7713
f 7712 7714 7713
f 7715 7714 7716
f 7709 7704 7705
f 7717 7718 7706
f 7717 7719 7718
f 7718 7720 7721
f 7720 7718 7719
f 7718 7721 7722
f 7717 7706 7710
f 7723 7724 7725
f 7715 7724 7723
f 7726 7723 7727
f 7718 7722 7728
f 7729 7730 7726
f 7728 7731 7730
f 7722 7731 7728
f 7727 7723 7725
f 7712 7732 7733
f 7733 7732 7734
f 7712 7733 7735
f 7724 7715 7716
f 7735 7716 7712
f 7716 7714 7712
f 7736 7734 7737
f 7734 7736 7733
f 7736 7737 7738
f 7738 7739 7740
f 7739 7738 7737
f 7740 7739 7741
f 7729 7742 7728
f 7729 7728 7730
f 7728 7743 7744
f 7744 7743 7745
f 7743 7728 7742
f 7729 7726 7727
f 7746 7747 7741
f 7741 7747 7740
f 7746 7741 7748
f 7749 7745 7750
f 7745 7749 7744
f 7748 7749 7750
f 7750 7746 7748
f 7751 7752 7753
f 7754 7755 7751
f 7753 7754 7751
f 7756 7757 7758
f 7758 7759 7756
f 7760 7761 7762
f 7763 7764 7760
f 7762 7763 7760
f 7765 7766 7767
f 7767 7766 7768
f 7769 7770 7771
f 7772 7771 7773
f 7769 7771 7774
f 7767 7775 7765
f 7776 7777 7778
f 7779 7780 7781
f 7780 7779 7777
f 7772 7774 7771
f 7782 7778 7772
f 7777 7776 7780
f 7772 7773 7782
f 7781 7775 7767
f 7775 7781 7780
f 7782 7776 7778
f 7783 7784 7785
f 7785 7786 7783
f 7787 7788 7789
f 7787 7790 7788
f 7791 7653 7652
f 7792 7793 7790
f 7792 7794 7793
f 7791 7793 7794
f 7653 7791 7794
f 7787 7792 7790
f 7795 7796 7797
f 7798 7795 7797
f 7799 7705 7702
f 7799 7800 7801
f 7802 7796 7795
f 7801 7802 7799
f 7799 7702 7800
f 7801 7796 7802
f 7803 7804 6992
f 7805 7806 7807
f 7808 7807 7804
f 7803 6992 6991
f 7808 7805 7807
f 7804 7803 7808
f 7805 7809 7806
f 7809 7810 7806
f 7811 7812 7813
f 6987 6986 7814
f 7815 7814 7812
f 7816 7810 7809
f 7812 7811 7815
f 7814 7815 6987
f 7811 7813 7816
f 7813 7810 7816
f 7817 7818 7819
f 7820 7818 7817
f 7821 7819 7818
f 7822 7823 7824
f 7824 7820 7817
f 7823 7820 7824
f 7825 7821 7826
f 7827 7826 7828
f 7821 7825 7829
f 7826 7827 7830
f 7826 7830 7825
f 7829 7819 7821
f 7831 7827 7828
f 7832 7823 7822
f 7833 7822 7834
f 7835 7834 7836
f 7835 7836 7837
f 7838 7837 7839
f 7837 7836 7839
f 7833 7834 7835
f 7833 7832 7822
f 7840 7841 7842
f 7840 7842 7831
f 7843 7838 7844
f 7839 7844 7838
f 7843 7841 7838
f 7840 7838 7841
f 7828 7840 7831
f 7845 7846 7847
f 7848 7846 7845
f 7849 7847 7846
f 7850 7851 7852
f 7853 7852 7851
f 7850 7848 7845
f 7852 7848 7850
f 7854 7849 7855
f 7847 7849 7856
f 7856 7849 7857
f 7849 7854 7857
f 7855 7858 7859
f 7855 7859 7854
f 7860 7858 7855
f 7861 7862 7863
f 7864 7851 7863
f 7862 7861 7865
f 7866 7865 7867
f 7865 7861 7867
f 7864 7863 7862
f 7868 7869 7870
f 7868 7870 7871
f 7869 7868 7866
f 7867 7872 7866
f 7868 7871 7860
f 7866 7872 7869
f 7858 7860 7871
f 7864 7853 7851
f 6973 7873 6974
f 7874 7875 7876
f 7877 7876 7873
f 7877 7873 6973
f 7878 7874 7876
f 7876 7877 7878
f 7874 7879 7875
f 7879 7880 7875
f 7881 7882 7883
f 6969 6968 7884
f 7885 7884 7882
f 7886 7880 7879
f 7882 7881 7885
f 7884 7885 6969
f 7881 7883 7886
f 7883 7880 7886
f 7887 7888 6956
f 7889 7890 7891
f 7892 7891 7888
f 7887 6956 6955
f 7892 7889 7891
f 7888 7887 7892
f 7893 7890 7894
f 7890 7889 7894
f 7895 7896 7897
f 6951 6950 7898
f 7899 7898 7896
f 7895 7893 7894
f 7898 7899 7900
f 7898 7900 6951
f 7899 7896 7895
f 7897 7893 7895
f 7901 7902 7903
f 7902 7901 7904
f 7905 7906 7907
f 7908 7909 7910
f 7906 7908 7910
f 7907 7906 7911
f 7909 7912 7910
f 7910 7911 7906
f 7909 7913 7912
f 7909 7914 7913
f 7915 7916 7917
f 7918 7919 7920
f 7916 7918 7921
f 7913 7914 7922
f 7921 7917 7916
f 7920 7921 7918
f 7922 7915 7917
f 7922 7914 7915
f 7923 7924 7925
f 7926 7927 7928
f 7924 7926 7929
f 7925 7924 7930
f 7926 7928 7929
f 7929 7930 7924
f 7931 7927 7932
f 7931 7928 7927
f 7933 7934 7935
f 7936 7937 7938
f 7934 7936 7939
f 7932 7940 7931
f 7934 7939 7935
f 7935 7940 7933
f 7939 7936 7938
f 7940 7932 7933
f 7941 7942 7943
f 7942 7941 7944
f 7945 7946 7947
f 7948 7947 7946
f 7949 7950 7945
f 7946 7945 7950
f 7946 7951 7948
f 7950 7949 7952
f 7953 6939 7954
f 7955 7953 7956
f 7957 7955 7958
f 6939 6938 7954
f 7955 7956 7958
f 7956 7953 7954
f 7958 7959 7957
f 7960 7957 7959
f 7961 7957 7960
f 7962 7961 7963
f 6934 7962 7964
f 7961 7960 7963
f 6934 7964 6935
f 7964 7962 7963
f 7965 7966 7967
f 7968 7967 7966
f 7967 7968 7969
f 7967 7969 7970
f 7970 7971 7967
f 7972 7965 7973
f 7967 7973 7965
f 7973 7974 7975
f 7973 7975 7972
f 7976 7974 7973
f 7977 7971 7978
f 7979 7977 7980
f 7978 7980 7977
f 7981 7977 7979
f 7977 7967 7971
f 7973 7981 7982
f 7981 7983 7984
f 7979 7983 7981
f 7982 7981 7984
f 7976 7973 7982
f 7985 7986 7987
f 7988 7987 7986
f 7987 7988 7989
f 7989 7990 7991
f 7991 7987 7989
f 7992 7985 7993
f 7987 7993 7985
f 7993 7994 7995
f 7993 7995 7992
f 7996 7994 7993
f 7991 7997 7998
f 7999 7991 8000
f 7998 8000 7991
f 7996 7991 7999
f 7991 7990 7997
f 7996 8001 8002
f 7996 8003 8004
f 7999 8003 7996
f 8001 7996 8004
f 7994 7996 8002
f 8005 8006 8007
f 8007 8006 8008
f 8006 8005 8009
f 8010 8009 8011
f 8009 8010 8006
f 8010 8011 8012
f 8008 8013 8007
f 8013 8008 8014
f 8013 8014 8015
f 8016 8015 8014
f 8017 8018 8019
f 8018 8016 8020
f 8016 8014 8021
f 8022 8012 8023
f 8012 8011 8024
f 8025 8022 8026
f 8027 8028 8025
f 8027 8029 8028
f 8023 8012 8024
f 8030 8031 8032
f 8033 8026 8022
f 8031 8026 8033
f 8030 8026 8031
f 8022 8034 8033
f 8035 8032 8036
f 8034 8022 8023
f 8026 8027 8025
f 8036 8017 8037
f 8038 8021 8039
f 8021 8038 8020
f 8039 8021 8040
f 8037 8017 8041
f 8019 8018 8020
f 8020 8016 8021
f 8042 8040 8043
f 8040 8042 8039
f 8042 8043 8044
f 8045 8044 8046
f 8046 8047 8045
f 8044 8043 8046
f 8048 8045 8047
f 8035 8049 8030
f 8035 8030 8032
f 8050 8051 8030
f 8051 8050 8052
f 8030 8049 8050
f 8037 8035 8036
f 8048 8047 8053
f 8054 8053 8055
f 8056 8052 8050
f 8052 8056 8057
f 8057 8056 8054
f 8054 8055 8057
f 8047 8055 8053
f 8041 8017 8019
f 8058 8059 8060
f 8061 8059 8058
f 8062 8060 8059
f 8063 8062 8064
f 8059 8064 8062
f 8065 8063 8064
f 8058 8066 8061
f 8067 8061 8066
f 8068 8067 8066
f 8067 8068 8069
f 8070 8071 8072
f 8073 8069 8071
f 8074 8067 8069
f 8075 8065 8076
f 8077 8063 8065
f 8078 8076 8079
f 8079 8080 8081
f 8080 8082 8081
f 8077 8065 8075
f 8083 8084 8085
f 8076 8078 8086
f 8086 8078 8084
f 8084 8078 8085
f 8086 8087 8076
f 8088 8083 8089
f 8075 8076 8087
f 8079 8081 8078
f 8090 8072 8088
f 8091 8074 8092
f 8073 8092 8074
f 8093 8074 8091
f 8094 8072 8090
f 8073 8071 8070
f 8074 8069 8073
f 8095 8093 8096
f 8091 8096 8093
f 8097 8095 8096
f 8098 8097 8099
f 8098 8099 8100
f 8101 8100 8099
f 8098 8095 8097
f 8085 8102 8089
f 8083 8085 8089
f 8085 8103 8104
f 8105 8104 8103
f 8104 8102 8085
f 8088 8089 8090
f 8106 8107 8108
f 8100 8106 8108
f 8104 8105 8109
f 8110 8109 8105
f 8107 8109 8110
f 8110 8108 8107
f 8106 8100 8101
f 8070 8072 8094
f 8111 8112 8113
f 8114 8115 8111
f 8112 8111 8115
f 8116 8117 8118
f 8118 8119 8116
f 8120 8121 8122
f 8123 8124 8120
f 8121 8120 8124
f 8125 8126 8127
f 8128 8129 8130
f 8131 8132 8133
f 8134 8133 8135
f 8133 8134 8131
f 8132 8127 8133
f 8128 8136 8129
f 8137 8138 8139
f 8129 8138 8130
f 8138 8137 8130
f 8140 8129 8136
f 8141 8125 8137
f 8125 8141 8142
f 8141 8137 8139
f 8125 8142 8126
f 8125 8127 8132
f 8082 8143 8081
f 8082 8144 8143
f 8145 8144 8146
f 8145 8143 8144
f 8146 8147 8148
f 7395 7394 8147
f 8148 8147 7394
f 8145 8146 8148
f 8149 8150 8029
f 8029 8027 8149
f 8150 8149 8151
f 8151 8152 8150
f 7389 7388 8153
f 8152 8154 8153
f 7389 8153 8154
f 8151 8154 8152
f 6919 8155 6920
f 8156 8157 8155
f 8156 8155 6919
f 8158 8159 8160
f 8157 8156 8160
f 8159 8158 8161
f 8157 8160 8159
f 8161 8162 8159
f 8163 8164 8165
f 6921 8166 8167
f 8167 8163 8165
f 8168 8164 8161
f 8165 8164 8168
f 8167 8169 6921
f 8165 8169 8167
f 8162 8161 8164
f 8170 8171 8172
f 8173 8172 8174
f 8171 8170 8175
f 8172 8173 8176
f 8172 8176 8170
f 8175 8177 8171
f 8178 8173 8174
f 8179 8180 8181
f 8178 8174 8182
f 8182 8174 8180
f 8179 8181 8183
f 8184 8183 8185
f 8183 8181 8185
f 8182 8180 8179
f 8177 8186 8187
f 8188 8187 8189
f 8190 8188 8189
f 8177 8187 8188
f 8191 8188 8192
f 8190 8192 8188
f 8177 8175 8186
f 8193 8184 8194
f 8195 8184 8193
f 8185 8194 8184
f 8196 8191 8197
f 8192 8197 8191
f 8196 8195 8193
f 8197 8195 8196
f 8198 8199 8200
f 8201 8200 8202
f 8203 8198 8200
f 8201 8204 8205
f 8200 8199 8202
f 8201 8202 8204
f 8205 8206 8201
f 8207 8208 8209
f 8200 8208 8203
f 8203 8208 8207
f 8209 8210 8211
f 8210 8212 8213
f 8211 8210 8213
f 8207 8209 8211
f 8214 8215 8216
f 8214 8216 8217
f 8214 8217 8218
f 8219 8218 8220
f 8218 8217 8220
f 8206 8215 8214
f 8206 8205 8215
f 8221 8222 8223
f 8224 8223 8213
f 8222 8221 8225
f 8218 8219 8225
f 8221 8223 8224
f 8225 8219 8222
f 8212 8224 8213
f 8226 6904 8227
f 8228 8229 8226
f 8229 8228 8230
f 8227 6904 6903
f 8228 8231 8230
f 8226 8227 8228
f 8232 8233 8231
f 8233 8230 8231
f 8234 8235 8236
f 6899 6897 8237
f 8237 8234 8236
f 8238 8233 8232
f 8237 8236 8239
f 8237 8239 6899
f 8236 8235 8238
f 8235 8233 8238
f 8240 8241 8242
f 8243 8241 8240
f 8244 8245 6885
f 6886 6885 8245
f 8244 8246 8245
f 8246 8242 8245
f 8246 8240 8242
f 8240 8247 8243
f 8248 8249 8250
f 6880 6879 8251
f 8251 8248 8252
f 8250 8243 8247
f 8250 8252 8248
f 8252 8253 8251
f 8253 6880 8251
f 8249 8243 8250
f 8254 8255 8256
f 8256 8257 8254
f 8258 8259 8260
f 8259 8261 8262
f 8262 8261 8263
f 8260 8264 8258
f 8263 8265 8262
f 8265 8263 8266
f 8260 8259 8262
f 8263 8267 8266
f 8268 8269 8270
f 8271 8272 8268
f 8273 8274 8267
f 8274 8273 8271
f 8271 8273 8272
f 8271 8268 8275
f 8268 8270 8275
f 8267 8274 8266
f 8276 8277 8278
f 8278 8279 8280
f 8281 8282 8279
f 8276 8278 8283
f 8279 8282 8280
f 8280 8283 8278
f 8282 8284 8285
f 8282 8281 8284
f 8286 8287 8288
f 8289 8288 8290
f 8291 8290 8292
f 8285 8287 8293
f 8288 8289 8286
f 8286 8293 8287
f 8289 8290 8291
f 8287 8285 8284
f 8294 8295 8296
f 8296 8297 8294
f 8298 8299 8300
f 8301 8300 8299
f 8302 8298 8303
f 8300 8303 8298
f 8299 8304 8301
f 8298 8302 8305
f 8306 6869 8307
f 8308 8306 8309
f 8310 8308 8311
f 8307 6869 6868
f 8308 8309 8311
f 8307 8309 8306
f 8311 8312 8310
f 8313 8314 8315
f 6865 6864 8316
f 8313 8316 6864
f 8316 8313 8315
f 8317 8310 8312
f 8314 8317 8315
f 8314 8310 8317
f 8318 8319 8320
f 8319 8318 8321
f 8322 8323 8324
f 8320 8323 8318
f 8324 8325 8322
f 8326 8324 8323
f 8327 8324 8326
f 8323 8322 8318
f 8318 8328 8321
f 8322 8325 8329
f 8330 8331 8332
f 8332 8333 8334
f 8332 8334 8330
f 8331 8335 8332
f 8332 8336 8337
f 8338 8322 8339
f 8340 8337 8336
f 8337 8340 8341
f 8332 8335 8336
f 8322 8342 8339
f 8343 8341 8344
f 8329 8345 8322
f 8346 8328 8318
f 8347 8348 8349
f 8346 8318 8350
f 8347 8327 8326
f 8351 8352 8353
f 8354 8355 8356
f 8357 8354 8358
f 8355 8359 8356
f 8352 8350 8353
f 8348 8357 8360
f 8360 8349 8348
f 8345 8361 8322
f 8349 8327 8347
f 8362 8358 8354
f 8356 8362 8354
f 8342 8363 8364
f 8342 8361 8363
f 8365 8366 8342
f 8360 8357 8358
f 8322 8361 8342
f 8350 8318 8367
f 8342 8364 8365
f 8368 8369 8370
f 8368 8371 8372
f 8373 8374 8375
f 8368 8372 8369
f 8376 8377 8332
f 8378 8379 8375
f 8375 8379 8373
f 8380 8378 8375
f 8372 8381 8332
f 8372 8371 8381
f 8382 8383 8381
f 8383 8384 8381
f 8384 8383 8385
f 8384 8385 8386
f 8339 8344 8338
f 8382 8381 8371
f 8387 8380 8375
f 8388 8389 8390
f 8391 8389 8384
f 8386 8391 8384
f 8389 8388 8384
f 8388 8390 8387
f 8392 8369 8372
f 8372 8332 8377
f 8337 8393 8332
f 8341 8343 8337
f 8393 8394 8332
f 8344 8395 8396
f 8396 8343 8344
f 8344 8397 8395
f 8397 8344 8398
f 8344 8369 8398
f 8339 8342 8399
f 8369 8400 8401
f 8388 8375 8402
f 8387 8375 8388
f 8369 8403 8400
f 8404 8369 8401
f 8369 8374 8370
f 8405 8402 8406
f 8406 8402 8375
f 8374 8369 8375
f 8407 8406 8399
f 8406 8408 8405
f 8408 8406 8407
f 8399 8409 8407
f 8399 8406 8339
f 8392 8403 8369
f 8376 8332 8394
f 8341 8338 8344
f 8410 8351 8411
f 8410 8359 8355
f 8412 8351 8410
f 8359 8413 8356
f 8351 8353 8411
f 8367 8414 8415
f 8416 8417 8418
f 8413 8359 8417
f 8419 8420 8421
f 8350 8415 8353
f 8416 8418 8419
f 8356 8422 8423
f 8413 8422 8356
f 8424 8422 8425
f 8422 8424 8423
f 8424 8425 8366
f 8413 8417 8426
f 8426 8417 8416
f 8366 8427 8428
f 8429 8428 8427
f 8428 8342 8366
f 8419 8421 8416
f 8430 8428 8431
f 8412 8410 8355
f 8432 8433 8367
f 8420 8434 8435
f 8435 8434 8436
f 8435 8421 8420
f 8437 8367 8438
f 8367 8437 8432
f 8439 8438 8367
f 8436 8434 8439
f 8436 8439 8440
f 8439 8367 8440
f 8433 8414 8367
f 8428 8441 8442
f 8428 8443 8441
f 8428 8442 8444
f 8445 8428 8446
f 8447 8446 8428
f 8448 8428 8445
f 8428 8444 8447
f 8449 8442 8450
f 8449 8444 8442
f 8440 8367 8450
f 8428 8429 8443
f 8450 8367 8449
f 8350 8367 8415
f 8451 8428 8448
f 8431 8452 8430
f 8453 8454 8455
f 8430 8456 8457
f 8454 8453 8458
f 8459 8399 8454
f 8460 8461 8454
f 8455 8454 8462
f 8462 8454 8461
f 8463 8430 8464
f 8465 8459 8454
f 8409 8466 8467
f 8399 8466 8409
f 8399 8459 8466
f 8468 8469 8470
f 8471 8468 8470
f 8471 8470 8458
f 8470 8469 8472
f 8472 8469 8473
f 8458 8465 8454
f 8458 8453 8471
f 8430 8463 8474
f 8431 8428 8451
f 8474 8475 8476
f 8460 8454 8474
f 8476 8460 8474
f 8474 8463 8477
f 8474 8477 8478
f 8479 8449 8367
f 8478 8480 8474
f 8480 8475 8474
f 8480 8481 8475
f 8480 8482 8481
f 8478 8479 8480
f 8483 8484 8485
f 8473 8484 8486
f 8487 8486 8484
f 8473 8486 8472
f 8485 8488 8489
f 8488 8490 8491
f 8491 8489 8488
f 8483 8487 8484
f 8485 8489 8483
f 8456 8430 8452
f 8490 8488 8480
f 8488 8482 8480
f 8479 8367 8480
f 8430 8457 8464
f 8365 8424 8366
f 8369 8404 8398
f 8492 8493 8494
f 8495 8494 8493
f 8494 8495 8496
f 8496 8497 8494
f 8498 8492 8494
f 8499 8500 8501
f 8502 8501 8503
f 8503 8492 8504
f 8494 8497 8505
f 8506 8507 8508
f 8506 8505 8507
f 8509 8510 8511
f 8512 8513 8514
f 8514 8513 8515
f 8516 8515 8510
f 8517 8518 8508
f 8519 8494 8505
f 8520 8511 8500
f 8492 8498 8504
f 8500 8499 8520
f 8499 8501 8502
f 8521 8522 8498
f 8504 8498 8522
f 8498 8523 8521
f 8524 8523 8498
f 8502 8503 8504
f 8510 8509 8516
f 8515 8525 8514
f 8525 8515 8516
f 8498 8526 8524
f 8527 8528 8529
f 8530 8529 8531
f 8532 8526 8498
f 8527 8514 8528
f 8509 8511 8520
f 8531 8526 8533
f 8517 8513 8534
f 8508 8518 8506
f 8519 8535 8536
f 8506 8535 8505
f 8512 8514 8537
f 8538 8539 8540
f 8541 8540 8512
f 8517 8534 8518
f 8519 8542 8543
f 8544 8519 8545
f 8543 8545 8519
f 8519 8536 8542
f 8546 8547 8548
f 8544 8549 8550
f 8551 8549 8552
f 8553 8552 8547
f 8532 8519 8544
f 8535 8519 8505
f 8538 8548 8539
f 8512 8537 8541
f 8548 8538 8546
f 8538 8540 8541
f 8529 8554 8527
f 8526 8532 8533
f 8529 8530 8554
f 8537 8514 8527
f 8552 8553 8555
f 8550 8549 8551
f 8551 8552 8555
f 8532 8556 8557
f 8532 8558 8559
f 8550 8558 8532
f 8556 8532 8559
f 8533 8532 8557
f 8550 8532 8544
f 8553 8547 8546
f 8530 8531 8533
f 8534 8513 8512
f 8560 8561 8562
f 8562 8563 8560
f 8564 8561 8560
f 8565 8563 8562
f 8566 8565 8567
f 8562 8567 8565
f 8568 8569 8570
f 8571 8565 8566
f 8572 8573 8571
f 8571 8574 8575
f 8572 8571 8575
f 8574 8566 8576
f 8577 8578 8579
f 8568 8579 8580
f 8570 8579 8568
f 8578 8580 8579
f 8576 8568 8580
f 8568 8576 8566
f 8571 8566 8574
f 8581 8582 8583
f 8584 8585 8586
f 8587 8586 8582
f 8581 8583 6851
f 8587 8584 8586
f 8582 8581 8587
f 8584 8588 8585
f 8588 8589 8585
f 8590 8591 8592
f 6847 6846 8593
f 8594 8593 8591
f 8595 8589 8588
f 8591 8590 8594
f 8593 8594 6847
f 8590 8592 8595
f 8592 8589 8595
f 8596 8597 8598
f 8599 8600 8601
f 8602 8601 8597
f 8596 8598 6833
f 8602 8599 8601
f 8597 8596 8602
f 8599 8603 8600
f 8603 8604 8600
f 8605 8606 8607
f 6829 6828 8608
f 8609 8608 8606
f 8610 8604 8603
f 8606 8605 8609
f 8608 8609 6829
f 8605 8607 8610
f 8607 8604 8610
f 8611 8612 8613
f 8614 8615 8616
f 8617 8616 8612
f 8611 8613 6815
f 8617 8614 8616
f 8612 8611 8617
f 8614 8618 8615
f 8618 8619 8615
f 8620 8621 8622
f 6811 6810 8623
f 8624 8623 8621
f 8625 8619 8618
f 8621 8620 8624
f 8623 8624 6811
f 8620 8622 8625
f 8622 8619 8625
f 8626 8627 8628
f 8629 8630 8631
f 8632 8631 8627
f 8626 8628 6797
f 8632 8629 8631
f 8627 8626 8632
f 8629 8633 8630
f 8633 8634 8630
f 8635 8636 8637
f 6793 6792 8638
f 8639 8638 8636
f 8640 8634 8633
f 8636 8635 8639
f 8638 8639 6793
f 8635 8637 8640
f 8637 8634 8640
f 8641 8642 8643
f 8644 8643 8642
f 8643 8644 8645
f 8643 8645 8646
f 8646 8647 8643
f 8648 8641 8649
f 8642 8641 8648
f 8648 8649 8650
f 8651 8652 8649
f 8652 8650 8649
f 8651 8649 8653
f 8654 8647 8655
f 8656 8655 8657
f 8657 8658 8656
f 8655 8656 8654
f 8659 8647 8654
f 8660 8658 8657
f 8661 8662 8663
f 8663 8664 8665
f 8662 8661 8666
f 8658 8660 8666
f 8660 8662 8666
f 8649 8664 8653
f 8667 8643 8647
f 8668 8665 8664
f 8669 8670 8668
f 8668 8670 8671
f 8672 8668 8673
f 8668 8664 8649
f 8669 8668 8672
f 8674 8675 8673
f 8672 8673 8675
f 8676 8675 8674
f 8674 8677 8678
f 8674 8678 8676
f 8679 8677 8674
f 8680 8668 8671
f 8681 8668 8680
f 8682 8683 8684
f 8681 8684 8683
f 8685 8682 8684
f 8681 8683 8686
f 8687 8688 8689
f 8690 8688 8674
f 8691 8685 8692
f 8682 8685 8691
f 8687 8691 8692
f 8679 8674 8688
f 8686 8668 8681
f 8687 8689 8691
f 8665 8661 8663
f 8667 8659 8693
f 8694 8695 8696
f 8694 8696 8697
f 8695 8667 8693
f 8698 8699 8700
f 8700 8665 8701
f 8698 8702 8703
f 8698 8703 8704
f 8698 8704 8699
f 8702 8694 8697
f 8665 8668 8701
f 8705 8667 8694
f 8706 8705 8694
f 8694 8702 8698
f 8707 8706 8694
f 8667 8695 8694
f 8708 8709 8710
f 8711 8700 8712
f 8713 8714 8715
f 8716 8713 8717
f 8708 8714 8709
f 8700 8711 8698
f 8667 8647 8659
f 8710 8711 8708
f 8701 8668 8686
f 8718 8711 8712
f 8708 8718 8719
f 8701 8712 8700
f 8690 8720 8721
f 8688 8721 8689
f 8690 8722 8723
f 8690 8723 8720
f 8724 8708 8719
f 8715 8714 8708
f 8717 8715 8725
f 8717 8726 8727
f 8713 8715 8717
f 8711 8718 8708
f 8728 8717 8725
f 8690 8729 8730
f 8690 8708 8729
f 8722 8690 8730
f 8717 8728 8731
f 8717 8731 8732
f 8724 8729 8708
f 8727 8716 8717
f 8688 8690 8721
f 8733 8734 8735
f 8735 8734 8736
f 8734 8733 8737
f 8738 8735 8736
f 8739 8738 8736
f 8740 8739 8741
f 8742 8734 8743
f 8744 8734 8737
f 8743 8734 8744
f 8745 8746 8742
f 8743 8745 8742
f 8742 8746 8747
f 8748 8749 8750
f 8751 8740 8752
f 8753 8751 8754
f 8754 8755 8753
f 8752 8754 8751
f 8752 8740 8741
f 8753 8755 8756
f 8757 8758 8759
f 8760 8747 8757
f 8761 8759 8758
f 8761 8756 8755
f 8761 8758 8756
f 8742 8747 8760
f 8739 8736 8762
f 8763 8742 8764
f 8765 8766 8767
f 8768 8766 8763
f 8766 8765 8769
f 8768 8767 8766
f 8770 8768 8763
f 8763 8771 8770
f 8766 8772 8773
f 8772 8766 8769
f 8773 8772 8774
f 8775 8776 8773
f 8774 8775 8773
f 8777 8773 8776
f 8778 8771 8779
f 8780 8778 8781
f 8781 8782 8780
f 8779 8781 8778
f 8779 8771 8783
f 8780 8782 8784
f 8785 8786 8787
f 8788 8785 8789
f 8787 8789 8785
f 8787 8784 8782
f 8787 8786 8784
f 8776 8788 8790
f 8783 8771 8763
f 8789 8790 8788
f 8757 8759 8760
f 8741 8739 8791
f 8791 8762 8749
f 8749 8748 8792
f 8792 8791 8749
f 8750 8749 8793
f 8739 8762 8791
f 8794 8795 8796
f 8794 8796 8742
f 8797 8793 8749
f 8797 8749 8798
f 8795 8798 8796
f 8799 8763 8800
f 8764 8742 8796
f 8801 8802 8803
f 8799 8801 8804
f 8796 8798 8749
f 8763 8799 8805
f 8799 8806 8805
f 8804 8806 8799
f 8807 8803 8802
f 8808 8807 8802
f 8804 8801 8803
f 8802 8809 8808
f 8763 8764 8800
f 8806 8810 8811
f 8783 8763 8805
f 8805 8806 8811
f 8812 8813 8814
f 8813 8812 8811
f 8815 8814 8816
f 8813 8811 8810
f 8777 8817 8818
f 8790 8777 8776
f 8819 8820 8815
f 8819 8821 8820
f 8822 8817 8821
f 8814 8813 8816
f 8823 8824 8809
f 8809 8824 8825
f 8826 8823 8827
f 8808 8809 8825
f 8827 8823 8809
f 8822 8818 8817
f 8819 8822 8821
f 8828 8827 8818
f 8828 8826 8827
f 8829 8830 8827
f 8830 8773 8827
f 8818 8827 8777
f 8816 8819 8815
f 8827 8773 8777
f 8794 8742 8760
f 8831 8832 8833
f 8833 8834 8831
f 8835 8836 8837
f 8837 8838 8835
f 8839 8840 8841
f 8841 8842 8839
f 8843 8844 8845
f 8843 8846 8847
f 8847 8844 8843
f 8848 8849 8850
f 8847 8846 8850
f 8848 8850 8846
f 8851 8852 8853
f 8852 8851 8854
f 8855 8856 8857
f 8858 8859 8860
f 8860 8859 8856
f 8861 6779 6778
f 8857 6779 8861
f 8855 8857 8861
f 8855 8860 8856
f 8858 8862 8859
f 8863 8864 8865
f 8866 8867 8863
f 8867 6772 6771
f 8868 8862 8858
f 8863 8865 8866
f 8867 8866 6772
f 8865 8864 8868
f 8864 8862 8868
f 8869 8870 8871
f 8872 8873 8874
f 8874 8873 8870
f 6760 8871 6761
f 8875 8871 6760
f 8869 8871 8875
f 8869 8874 8870
f 8872 8876 8873
f 8877 8878 8879
f 8880 8881 8877
f 8881 6754 6753
f 8872 8882 8876
f 8879 8880 8877
f 8878 8882 8879
f 6754 8881 8880
f 8878 8876 8882
f 8883 8884 8885
f 8886 8887 8888
f 8888 8887 8884
f 8889 6743 6742
f 8885 6743 8889
f 8883 8885 8889
f 8883 8888 8884
f 8886 8890 8887
f 8891 8892 8893
f 8894 8895 8891
f 8895 6736 6735
f 8896 8890 8886
f 8891 8893 8894
f 8895 8894 6736
f 8893 8892 8896
f 8892 8890 8896
f 8897 8898 8899
f 8900 8901 8902
f 8902 8901 8898
f 6724 8899 6725
f 8903 8899 6724
f 8897 8899 8903
f 8897 8902 8898
f 8900 8904 8901
f 8905 8906 8907
f 8908 8909 8905
f 8909 6718 6717
f 8900 8910 8904
f 8907 8908 8905
f 8906 8910 8907
f 6718 8909 8908
f 8906 8904 8910
f 8911 8912 8913
f 8913 8914 8915
f 8916 8912 8911
f 8912 8916 8917
f 8912 8917 8918
f 8919 8911 8913
f 8920 8921 8922
f 8923 8922 8921
f 8921 8913 8923
f 8913 8924 8923
f 8911 8919 8925
f 8920 8926 8927
f 8920 8922 8926
f 8913 8921 8919
f 8925 8928 8911
f 8924 8913 8929
f 8911 8928 8930
f 8931 8930 8932
f 8933 8934 8935
f 8936 8937 8938
f 8939 8937 8936
f 8940 8932 8934
f 8941 8942 8943
f 8927 8943 8942
f 8941 8944 8945
f 8945 8942 8941
f 8946 8947 8945
f 8947 8946 8938
f 8938 8937 8947
f 8944 8946 8945
f 8948 8946 8944
f 8926 8943 8927
f 8911 8930 8949
f 8915 8950 8951
f 8915 8951 8929
f 8952 8953 8954
f 8953 8955 8956
f 8957 8958 8956
f 8956 8955 8957
f 8959 8954 8950
f 8960 8915 8914
f 8961 8950 8915
f 8962 8961 8915
f 8950 8961 8959
f 8952 8954 8959
f 8962 8963 8961
f 8953 8952 8955
f 8964 8963 8962
f 8929 8913 8915
f 8965 8966 8967
f 8948 8966 8968
f 8958 8969 8967
f 8968 8966 8965
f 8970 8967 8969
f 8967 8970 8965
f 8971 8970 8972
f 8970 8969 8972
f 8973 8964 8962
f 8974 8975 8976
f 8977 8978 8979
f 8974 8971 8972
f 8980 8964 8973
f 8971 8974 8976
f 8958 8957 8969
f 8966 8948 8944
f 8979 8980 8981
f 8933 8935 8982
f 8935 8983 8982
f 8984 8949 8985
f 8949 8930 8931
f 8940 8931 8932
f 8983 8986 8982
f 8939 8987 8988
f 8988 8986 8983
f 8987 8939 8936
f 8989 8990 8991
f 8990 8989 8992
f 8993 8990 8992
f 8988 8989 8991
f 8988 8991 8986
f 8940 8934 8933
f 8984 8994 8995
f 8996 8997 8998
f 8990 8993 8998
f 8999 8984 9000
f 8995 9000 8984
f 8999 9001 9002
f 9003 8984 8999
f 8984 8985 8994
f 9004 9001 8997
f 8998 8993 8996
f 9001 9004 9005
f 9004 8997 8996
f 8999 9002 9003
f 8984 9006 9007
f 9006 8984 9003
f 9002 9001 9005
f 9007 9008 8984
f 8911 8949 8984
f 9009 8975 9010
f 9011 9010 8975
f 9012 9010 9013
f 9012 9014 9015
f 9016 9015 9014
f 9011 9017 9010
f 9014 9012 9013
f 9018 9019 9020
f 9019 9011 9020
f 9018 8978 8977
f 9020 8978 9018
f 9017 9011 9019
f 8962 9008 8973
f 9017 9013 9010
f 8979 8981 8977
f 8975 9009 8976
f 9021 9022 9023
f 9022 9016 9023
f 9024 9022 9021
f 9008 9025 9026
f 9027 9028 9029
f 9028 9030 9026
f 9029 9024 9027
f 9008 9031 9032
f 9031 9008 9033
f 9030 9028 9027
f 9033 9008 9034
f 9030 9034 9008
f 9030 9008 9026
f 9027 9024 9021
f 8973 9008 9032
f 9008 9007 9025
f 9016 9014 9023
f 8981 8980 8973
f 8939 8988 8983
f 9035 9036 9037
f 9036 9035 9038
f 9038 9039 9040
f 9040 9036 9038
f 9041 9040 9042
f 9039 9042 9040
f 9043 9041 9044
f 9040 9041 9043
f 9045 9046 9047
f 9047 9048 9045
f 9049 9050 9051
f 9051 9052 9049
f 9053 9054 9055
f 9056 9055 9057
f 9055 9056 9053
f 9058 9059 9060
f 9061 9058 9060
f 9062 9063 9064
f 9062 9065 9066
f 9061 9067 9063
f 9060 9068 9069
f 9060 9069 9067
f 9066 9070 9062
f 9064 9063 9067
f 9065 9062 9064
f 9067 9061 9060
f 9071 9072 9073
f 9073 9072 9074
f 9073 9075 9076
f 9073 9076 9071
f 9077 9078 9079
f 9077 9080 9078
f 9081 9082 9083
f 9077 9084 9080
f 9079 9082 9081
f 9085 9080 9084
f 9079 9078 9082
f 9080 9085 9086
f 9087 9086 9088
f 9089 9086 9085
f 9087 9090 9091
f 9088 9086 9089
f 9092 9087 9093
f 9092 9090 9087
f 9094 9095 9091
f 9093 9087 9088
f 9079 9081 9096
f 9096 9097 9098
f 9099 9097 9100
f 9097 9099 9098
f 9101 9100 9097
f 9097 9102 9101
f 9081 9097 9096
f 9102 9097 9103
f 9090 9104 9094
f 9105 9095 9094
f 9102 9094 9104
f 9094 9091 9090
f 9106 9107 9103
f 9103 9108 9106
f 9107 9094 9103
f 9102 9103 9094
f 9109 9110 9111
f 9111 9112 9109
f 9113 9114 9115
f 9116 9113 9115
f 9116 9115 9117
f 9115 9114 9118
f 9115 9119 9117
f 9117 9120 9116
f 9121 9118 9114
f 9122 9123 9124
f 9121 9124 9125
f 9121 9125 9126
f 9122 9127 9128
f 9122 9128 9123
f 9125 9124 9123
f 9126 9118 9121
f 9117 9119 9129
f 9130 9117 9129
f 9131 9132 9133
f 9130 9133 9132
f 9132 9131 9134
f 9134 9135 9132
f 9130 9132 9117
f 9136 9127 9137
f 9138 9136 9137
f 9137 9135 9138
f 9128 9127 9136
f 9135 9139 9140
f 9134 9139 9135
f 9135 9141 9132
f 9138 9135 9140
f 9142 9143 9144
f 9144 9145 9142
f 9146 9147 9148
f 9149 9146 9148
f 9148 9150 9151
f 9150 9148 9152
f 9152 9153 9150
f 9149 9148 9151
f 9154 9148 9147
f 9155 9156 9157
f 9154 9156 9158
f 9157 9159 9160
f 9158 9156 9155
f 9159 9161 9162
f 9159 9162 9160
f 9155 9157 9160
f 9154 9147 9156
f 9163 9150 9153
f 9164 9165 9163
f 9166 9165 9167
f 9164 9167 9165
f 9166 9168 9169
f 9170 9169 9168
f 9163 9165 9150
f 9166 9169 9165
f 9171 9161 9172
f 9173 9171 9172
f 9173 9172 9170
f 9162 9161 9171
f 9169 9170 9172
f 9165 9174 9175
f 9174 9165 9176
f 9169 9176 9165
f 9177 9178 9179
f 9180 9179 9178
f 9177 9179 9181
f 9182 9183 9184
f 9179 9180 9182
f 9184 9179 9182
f 9185 9177 9181
f 9186 9181 9179
f 9187 9185 9181
f 9188 9187 9181
f 9189 9190 9191
f 9188 9190 9189
f 9191 9192 9189
f 9181 9190 9188
f 9193 9184 9194
f 9183 9194 9184
f 9195 9184 9193
f 9193 9196 9195
f 9196 9193 9197
f 9195 9198 9184
f 9199 9197 9193
f 9200 9192 9191
f 9200 9201 9192
f 9202 9203 9201
f 9203 9202 9204
f 9199 9205 9204
f 9202 9201 9200
f 9204 9205 9203
f 9204 9197 9199
f 9206 9207 9208
f 9208 9209 9206
f 9210 9211 9212
f 9212 9213 9210
f 9214 6708 6707
f 9215 9216 9214
f 9216 9217 9218
f 9215 9214 6707
f 9219 9216 9215
f 9217 9216 9219
f 9217 9220 9218
f 9220 9221 9218
f 9222 9223 9224
f 6700 6699 9225
f 9225 9222 9226
f 9220 9224 9221
f 9224 9223 9221
f 9222 9224 9227
f 9227 9226 9222
f 9226 6700 9225
f 9228 6690 9229
f 9230 9228 9229
f 9231 9230 9232
f 9229 6690 6689
f 9233 9230 9229
f 9232 9230 9233
f 9234 9235 9232
f 9235 9231 9232
f 6684 6683 9236
f 9236 9237 9238
f 9239 9240 9241
f 9240 9234 9241
f 9237 9240 9239
f 9238 9237 9239
f 9238 6684 9236
f 9235 9234 9240
f 9242 9243 9244
f 9244 9245 9242
f 9246 9244 9243
f 9243 9247 9246
f 9248 9249 9246
f 9249 9250 9251
f 9250 9249 9248
f 9248 9246 9247
f 9252 9253 9254
f 9254 9255 9252
f 9256 9254 9253
f 9253 9257 9256
f 9258 9259 9256
f 9259 9260 9261
f 9260 9259 9258
f 9258 9256 9257
f 9262 9263 9264
f 9265 9266 9262
f 9262 9266 9263
f 9263 9267 9264
f 9268 9269 9270
f 9264 9267 9270
f 9271 9270 9269
f 9270 9267 9268
f 9272 9273 9274
f 9273 9275 9274
f 9143 9142 9276
f 9275 9277 9278
f 9278 9279 9276
f 9279 9278 9277
f 9276 9279 9143
f 9275 9278 9274
f 9280 9281 9282
f 9281 9283 9282
f 9283 9281 9284
f 9283 9284 9285
f 9286 9287 9288
f 9288 9285 9286
f 9289 9288 9287
f 9286 9285 9284
f 9290 9291 9292
f 9293 9290 9292
f 9294 9293 9295
f 9296 9295 9297
f 9290 9293 9298
f 9290 9299 9300
f 9290 9300 9301
f 9295 9296 9294
f 9293 9294 9298
f 9290 9298 9299
f 9302 9303 9304
f 9305 9302 9304
f 9306 9307 9308
f 9308 9304 9303
f 9304 9308 9307
f 9309 9310 9311
f 9312 9311 9310
f 9312 9310 9313
f 9314 9315 9316
f 9314 9316 9317
f 9318 9319 9320
f 9321 9320 9322
f 9319 9323 9317
f 9317 9324 9314
f 9315 9314 9325
f 9320 9321 9318
f 9319 9318 9323
f 9317 9323 9324
f 9326 9327 9328
f 9327 9326 9329
f 9326 9330 9329
f 9331 9329 9332
f 9327 9329 9331
f 9332 9329 9333
f 9334 9335 9336
f 9336 9337 9334
f 9338 9336 9335
f 9339 9340 9341
f 9341 9342 9339
f 9343 9344 6662
f 9345 9346 9347
f 9348 9347 9344
f 9349 9350 9351
f 9350 9352 9353
f 9351 9354 9355
f 9343 6662 6661
f 9345 9347 9348
f 9343 9348 9344
f 9356 9357 9354
f 9357 9355 9354
f 9358 9357 9356
f 9355 9349 9351
f 9346 9345 9358
f 9358 9356 9346
f 9350 9349 9352
f 9359 9360 9361
f 9362 9363 9359
f 9364 9365 9361
f 9366 9365 9367
f 9368 9369 9370
f 9369 9366 9371
f 9368 6659 6647
f 9372 9353 9352
f 9359 9363 9360
f 9363 9362 9372
f 9365 9364 9367
f 9369 9371 9370
f 9368 9370 6659
f 9371 9366 9367
f 9364 9361 9360
f 9362 9353 9372
f 9373 9374 9375
f 9376 9373 9377
f 9375 9377 9373
f 9377 9378 9376
f 9377 9379 9380
f 9377 9380 9378
f 9381 9382 9383
f 9383 9384 9381
f 9385 9386 9387
f 9386 9388 9389
f 9385 9388 9386
f 9387 9390 9385
f 9391 9392 9390
f 9391 9393 9394
f 9385 9390 9392
f 9390 9393 9391
f 9395 9389 9396
f 9389 9395 9386
f 9397 9398 9396
f 9396 9389 9399
f 9397 9400 9398
f 9400 9401 9402
f 9401 9400 9397
f 9397 9396 9399
f 9394 9403 9404
f 9403 9394 9393
f 9405 9406 9404
f 9404 9403 9407
f 9408 9406 9405
f 9409 9408 9410
f 9409 9406 9408
f 9405 9404 9407
f 9402 9411 9412
f 9413 9402 9401
f 9402 9413 9411
f 9411 9414 9412
f 9415 9416 9414
f 9415 9410 9408
f 9412 9414 9416
f 9414 9410 9415
f 9417 9418 9419
f 9420 9421 9422
f 9422 9421 9418
f 9423 6637 6636
f 9419 6637 9423
f 9417 9419 9423
f 9417 9422 9418
f 9420 9424 9421
f 9425 9426 9427
f 9428 9429 9425
f 9429 6630 6629
f 9420 9430 9424
f 9426 9430 9427
f 9429 9428 6630
f 9425 9427 9428
f 9426 9424 9430
f 9431 9432 9433
f 9434 9433 9435
f 9433 9434 9431
f 9432 9436 9433
f 9437 9438 9439
f 9439 9436 9437
f 9437 9436 9432
f 9435 9440 9441
f 9442 9441 9440
f 9440 9443 9442
f 9435 9441 9434
f 9443 9444 9445
f 9446 9445 9444
f 9446 9444 9447
f 9443 9445 9442
f 9439 9438 9448
f 9448 9449 9450
f 9449 9448 9438
f 9451 9452 9450
f 9450 9449 9451
f 9453 9454 9452
f 9454 9455 9456
f 9455 9454 9453
f 9453 9452 9451
f 9457 9458 9459
f 9447 9457 9446
f 9457 9447 9458
f 9458 9460 9459
f 9461 9456 9462
f 9459 9460 9462
f 9456 9455 9462
f 9462 9460 9461
f 9463 9464 9465
f 9466 9467 9468
f 9468 9467 9464
f 9469 6619 6618
f 9465 6619 9469
f 9463 9465 9469
f 9463 9468 9464
f 9466 9470 9467
f 9471 9472 9473
f 9474 9475 9471
f 9475 6612 6611
f 9476 9470 9466
f 9471 9473 9474
f 9475 9474 6612
f 9473 9472 9476
f 9472 9470 9476
f 9477 9478 9479
f 9480 9477 9481
f 9477 9480 9478
f 9478 9482 9479
f 9483 9484 9485
f 9485 9479 9483
f 9483 9479 9482
f 9481 9486 9487
f 9488 9487 9486
f 9486 9489 9488
f 9481 9487 9480
f 9489 9490 9491
f 9492 9491 9490
f 9492 9490 9493
f 9489 9491 9488
f 9485 9484 9494
f 9494 9495 9496
f 9495 9494 9484
f 9497 9498 9496
f 9496 9495 9497
f 9499 9500 9498
f 9500 9501 9502
f 9501 9500 9499
f 9499 9498 9497
f 9503 9504 9505
f 9493 9503 9492
f 9503 9493 9504
f 9504 9506 9505
f 9507 9502 9508
f 9508 9505 9507
f 9502 9501 9508
f 9507 9505 9506
f 9509 9510 9511
f 9512 9513 9514
f 9514 9513 9510
f 9515 6601 6600
f 6601 9515 9511
f 9515 9509 9511
f 9509 9514 9510
f 9512 9516 9513
f 9517 9518 9519
f 9520 9521 9517
f 9521 6594 6593
f 9512 9522 9516
f 9517 9519 9520
f 9521 9520 6594
f 9522 9519 9518
f 9518 9516 9522
f 9523 9524 9525
f 9526 9523 9527
f 9523 9526 9524
f 9524 9528 9525
f 9529 9530 9531
f 9530 9529 9532
f 9525 9528 9531
f 9531 9528 9529
f 9527 9533 9534
f 9535 9534 9533
f 9533 9536 9535
f 9527 9534 9526
f 9537 9538 9535
f 9538 9539 9540
f 9539 9538 9537
f 9537 9535 9536
f 9532 9541 9542
f 9543 9542 9541
f 9541 9544 9543
f 9545 9546 9543
f 9546 9547 9548
f 9547 9546 9545
f 9545 9543 9544
f 9549 9550 9551
f 9551 9540 9549
f 9550 9552 9551
f 9540 9539 9549
f 9553 9548 9554
f 9554 9552 9553
f 9548 9547 9554
f 9553 9552 9550
f 9542 9530 9532
f 9555 9556 9557
f 9558 9559 9560
f 9560 9559 9556
f 9561 6583 6582
f 9557 6583 9561
f 9555 9557 9561
f 9555 9560 9556
f 9558 9562 9559
f 9563 9564 9565
f 9566 9567 9563
f 9567 6576 6575
f 9568 9562 9558
f 9563 9565 9566
f 9567 9566 6576
f 9565 9564 9568
f 9564 9562 9568
f 9569 9570 9571
f 9572 9569 9573
f 9569 9572 9570
f 9570 9574 9571
f 9575 9576 9577
f 9576 9575 9578
f 9571 9574 9577
f 9577 9574 9575
f 9573 9579 9580
f 9581 9582 9580
f 9580 9579 9581
f 9573 9580 9572
f 9583 9584 9582
f 9584 9585 9586
f 9585 9584 9583
f 9583 9582 9581
f 9578 9587 9588
f 9589 9588 9587
f 9587 9590 9589
f 9590 9591 9592
f 9592 9593 9594
f 9593 9592 9591
f 9590 9592 9589
f 9595 9596 9597
f 9597 9586 9595
f 9596 9598 9597
f 9586 9585 9595
f 9599 9594 9600
f 9600 9598 9599
f 9594 9593 9600
f 9599 9598 9596
f 9588 9576 9578
f 9601 9602 9603
f 9604 9605 9606
f 9606 9605 9602
f 9607 6565 6564
f 9603 6565 9607
f 9601 9603 9607
f 9601 9606 9602
f 9604 9608 9605
f 9609 9610 9611
f 9612 9613 9609
f 9613 6558 6557
f 9614 9608 9604
f 9609 9611 9612
f 9613 9612 6558
f 9611 9610 9614
f 9610 9608 9614
f 9615 9616 9617
f 9615 9617 9618
f 9617 9616 9619
f 9616 9620 9619
f 9621 9622 9620
f 9622 9623 9620
f 9623 9622 9624
f 9621 9620 9616
f 9625 9626 9627
f 9628 9626 9629
f 9626 9628 9627
f 9630 9631 9632
f 9630 9632 9628
f 9632 9631 9633
f 9630 9628 9629
f 9634 9635 9636
f 9636 9637 9634
f 9635 9638 9636
f 9639 9640 9641
f 9641 9638 9639
f 9642 9641 9640
f 9639 9638 9635
f 9643 9644 9645
f 9643 9646 9644
f 9647 9644 9646
f 9648 9647 9646
f 9649 9650 9651
f 9651 9648 9652
f 9651 9652 9649
f 9647 9648 9651
f 9653 9654 9655
f 9655 9656 9653
f 9657 9658 9659
f 9658 9657 9660
f 9661 9662 9663
f 9663 9664 9661
f 9665 9666 9667
f 9667 9668 9665
f 9669 9670 9671
f 9671 9672 9669
f 7425 7428 9673
f 9674 9673 9675
f 9669 9672 9676
f 9675 9676 9674
f 9673 7428 9675
f 9676 9672 9674
f 9677 9678 9679
f 9679 9680 9677
f 7292 7291 9681
f 9682 9683 9678
f 9683 9684 9681
f 9684 9683 9682
f 9681 9684 7292
f 9682 9678 9677
f 9685 9686 9687
f 9688 9685 9687
f 9689 9690 9691
f 9689 9692 9693
f 9689 9694 9692
f 9689 9691 9695
f 9689 9695 9694
f 9690 9696 9691
f 9689 9693 9690
f 9697 9692 9694
f 9697 9694 9698
f 9699 9700 9701
f 9694 9702 9703
f 9703 9704 9698
f 9703 9705 9704
f 9705 9703 9702
f 9705 9702 9706
f 9707 9706 9695
f 9694 9703 9698
f 9695 9702 9694
f 9696 9707 9691
f 9700 9708 9686
f 9696 9709 9710
f 9709 9696 9690
f 9696 9711 9707
f 9711 9696 9710
f 9709 9712 9710
f 9707 9695 9691
f 9712 9713 9714
f 9713 9712 9709
f 9714 9715 9712
f 9716 9711 9710
f 9687 9714 9713
f 9708 9714 9687
f 9716 9710 9712
f 9707 9711 9717
f 9707 9717 9706
f 9711 9716 9718
f 9719 9717 9718
f 9717 9719 9706
f 9717 9711 9718
f 9719 9718 9720
f 9715 9721 9716
f 9706 9719 9705
f 9715 9708 9699
f 9708 9715 9714
f 9721 9699 9720
f 9699 9721 9715
f 9699 9701 9720
f 9721 9720 9718
f 9700 9699 9708
f 9721 9718 9716
f 9716 9712 9715
f 9708 9687 9686
f 9706 9702 9695
f 9688 9687 9713
f 9722 9723 9724
f 9722 9724 9725
f 9383 9382 9726
f 9727 9728 9726
f 9727 9729 9724
f 9729 9727 9726
f 9728 9383 9726
f 9727 9724 9723
f 9730 9731 9732
f 9733 9730 9732
f 9732 9734 9735
f 9734 9732 9731
f 9735 9734 9736
f 9733 9732 9737
f 9732 9735 9738
f 9739 9740 9741
f 9740 9739 9742
f 9742 9743 9744
f 9738 9743 9737
f 9742 9744 9740
f 9737 9742 9739
f 9739 9733 9737
f 9732 9738 9737
f 9735 9745 9746
f 9745 9735 9736
f 9745 9736 9747
f 9745 9748 9749
f 9748 9745 9747
f 9735 9746 9738
f 9746 9745 9749
f 9738 9750 9743
f 9750 9738 9746
f 9750 9746 9751
f 9750 9752 9744
f 9753 9750 9751
f 9752 9750 9753
f 9751 9746 9754
f 9746 9749 9754
f 9750 9744 9743
f 9743 9742 9737
f 9755 9756 9757
f 9755 9757 9758
f 9756 9759 9760
f 9756 9760 9757
f 9761 9762 9763
f 9760 9759 9763
f 9764 9763 9762
f 9763 9759 9761
f 9765 9766 9767
f 9765 9767 9768
f 8762 8736 9769
f 9770 9771 9772
f 9772 9765 9770
f 9769 9772 9771
f 9771 8762 9769
f 9770 9765 9768
f 9773 9774 9775
f 9774 9776 9777
f 9778 9779 9780
f 9778 9780 9775
f 9777 9775 9774
f 9780 9773 9775
f 9777 9781 9775
f 9776 9782 9777
f 9783 9784 9782
f 9782 9784 9785
f 9783 9782 9776
f 9785 9786 9782
f 9777 9782 9787
f 9786 9787 9782
f 9778 9781 9788
f 9781 9778 9775
f 9787 9781 9777
f 9787 9789 9781
f 9790 9791 9792
f 9792 9788 9790
f 9788 9792 9778
f 9791 9778 9792
f 9789 9788 9781
f 9778 9791 9779
f 9793 9789 9787
f 9789 9794 9788
f 9789 9793 9794
f 9787 9786 9793
f 9795 9796 9797
f 9798 9797 9796
f 9796 9795 9799
f 9799 9800 9796
f 9801 9802 9803
f 9804 9800 9799
f 9803 9804 9801
f 9803 9800 9804
f 9805 9806 9791
f 9805 9791 9807
f 9806 9808 9779
f 9806 9779 9791
f 9809 9810 9811
f 9779 9808 9780
f 9811 9780 9809
f 9780 9808 9809
f 9812 9813 9045
f 9813 9814 9045
f 9814 9813 9815
f 9814 9815 9816
f 9817 9818 9819
f 9817 9819 9816
f 9819 9818 9820
f 9817 9816 9815
f 9821 9822 9823
f 9822 9821 9824
f 9823 9825 9826
f 9825 9823 9822
f 9827 9828 9822
f 9827 9824 9829
f 9824 9827 9822
f 9828 9827 9830
f 9830 9827 9829
f 9831 9832 9829
f 9829 9832 9833
f 9829 9824 9831
f 9828 9825 9822
f 9825 9828 9834
f 9826 9835 9836
f 9826 9825 9835
f 9837 9836 9835
f 9835 9838 9837
f 9828 9839 9834
f 9834 9835 9825
f 9838 9839 9840
f 9839 9838 9834
f 9841 9840 9839
f 9841 9830 9833
f 9834 9838 9835
f 9839 9828 9830
f 9829 9833 9830
f 9831 9842 9843
f 9844 9833 9832
f 9832 9843 9844
f 9843 9842 9845
f 9843 9832 9831
f 9842 9846 9845
f 9846 9842 9847
f 9848 9846 9849
f 9849 9846 9847
f 9845 9846 9848
f 9850 9843 9845
f 9849 9851 9848
f 9844 9850 9852
f 9850 9844 9843
f 9853 9854 9840
f 9841 9833 9853
f 9852 9853 9844
f 9853 9852 9854
f 9848 9855 9850
f 9853 9833 9844
f 9848 9856 9855
f 9856 9848 9851
f 9854 9855 9857
f 9854 9852 9855
f 9857 9855 9856
f 9852 9850 9855
f 9850 9845 9848
f 9853 9840 9841
f 9841 9839 9830
f 9858 9859 9860
f 9858 9860 9861
f 9860 9859 9862
f 9859 9863 9862
f 9863 9864 9865
f 9864 9866 9865
f 9866 9864 9867
f 9863 9865 9862
f 9868 9869 9870
f 9871 9868 9872
f 9868 9871 9869
f 9869 9873 9870
f 9874 9875 9876
f 9870 9873 9877
f 9876 9877 9874
f 9877 9873 9874
f 9878 9879 9880
f 9879 9881 9880
f 9882 9881 9883
f 9881 9879 9883
f 9884 9885 9882
f 9885 9886 9887
f 9886 9885 9884
f 9884 9882 9883
f 9888 9889 9890
f 9891 9888 9890
f 9892 9889 9888
f 9893 9892 9888
f 9894 9895 9896
f 9896 9893 9897
f 9896 9897 9894
f 9892 9893 9896
f 9898 9899 9900
f 9899 9901 9900
f 9902 9901 9903
f 9901 9899 9903
f 9903 9904 9905
f 9904 9906 9905
f 9906 9904 9907
f 9903 9905 9902
f 9908 9909 9910
f 9911 9910 9909
f 9912 9913 9908
f 9909 9908 9913
f 9909 9914 9915
f 9916 9911 9915
f 9909 9915 9911
f 9917 9915 9914
f 9916 9915 9917
f 9916 9918 9919
f 9920 9918 9916
f 9919 9911 9916
f 9909 9913 9914
f 9921 9914 9913
f 9922 9923 9912
f 9923 9913 9912
f 9923 9922 9924
f 9924 9925 9923
f 9921 9926 9914
f 9921 9913 9923
f 9927 9926 9925
f 9921 9925 9926
f 9926 9927 9928
f 9920 9917 9928
f 9923 9925 9921
f 9914 9926 9917
f 9917 9920 9916
f 9929 9918 9930
f 9931 9919 9929
f 9932 9930 9920
f 9930 9918 9920
f 9929 9933 9934
f 9919 9918 9929
f 9935 9936 9931
f 9935 9934 9937
f 9931 9934 9935
f 9936 9935 9938
f 9929 9930 9933
f 9929 9934 9931
f 9938 9935 9937
f 9928 9932 9920
f 9939 9933 9930
f 9940 9939 9932
f 9939 9930 9932
f 9941 9939 9940
f 9932 9927 9940
f 9933 9941 9937
f 9928 9927 9932
f 9941 9942 9937
f 9938 9937 9942
f 9943 9944 9941
f 9942 9941 9944
f 9940 9943 9941
f 9933 9939 9941
f 9937 9934 9933
f 9917 9926 9928
f 9945 9946 9947
f 9948 9945 9947
f 9949 9950 9951
f 9952 9953 9954
f 9954 9945 9952
f 9953 9952 9949
f 9949 9951 9953
f 9946 9945 9954
f 9955 9956 9957
f 9957 9958 9955
f 9959 9960 9961
f 9962 9958 9963
f 9964 9963 9961
f 9965 9962 9963
f 9964 9965 9963
f 9961 9960 9964
f 9958 9962 9955
f 9966 9967 9968
f 9968 9969 9966
f 8136 8128 9970
f 9971 9972 9973
f 9973 9967 9971
f 9973 9972 9970
f 9971 9967 9966
f 9972 8136 9970
f 9974 9975 9976
f 9977 9978 9979
f 9975 9980 9976
f 9981 9982 9983
f 9983 9980 9981
f 9979 9983 9982
f 9982 9977 9979
f 9981 9980 9975
f 9984 9985 9986
f 9984 9986 9987
f 9986 9985 9988
f 9985 9989 9988
f 9989 9990 9991
f 9990 9992 9991
f 9992 9990 9993
f 9989 9991 9988
f 9994 9995 9996
f 9996 9997 9994
f 9998 9999 10000
f 10001 10002 10003
f 10003 9995 10001
f 10003 10002 10000
f 10002 9998 10000
f 10001 9995 9994
f 10004 10005 10006
f 10006 10007 10004
f 8131 8134 10008
f 10009 10008 10010
f 10009 10011 10007
f 10011 10009 10010
f 10007 10011 10004
f 10008 8134 10010
f 10012 10013 10014
f 10012 10014 10015
f 10016 10014 10013
f 10016 10013 10017
f 10018 10019 10020
f 10021 10016 10017
f 10021 10018 10020
f 10021 10017 10018
f 10022 10023 10024
f 10023 10025 10024
f 10025 10023 10026
f 10025 10026 10027
f 10028 10029 10030
f 10028 10030 10027
f 10030 10029 10031
f 10028 10027 10026
f 9097 10032 10033
f 10034 10035 10036
f 10032 10034 10037
f 9103 9097 10033
f 10034 10036 10037
f 10037 10033 10032
f 10035 10038 10036
f 10035 10039 10038
f 10040 10041 10042
f 10043 10044 10045
f 10041 10043 10046
f 10038 10039 10047
f 10046 10042 10041
f 10045 10046 10043
f 10047 10040 10042
f 10047 10039 10040
f 10048 10049 10050
f 10051 10052 10053
f 10049 10051 10054
f 10055 10048 10050
f 10051 10053 10054
f 10054 10050 10049
f 10053 10056 10057
f 10053 10052 10056
f 10058 10059 10060
f 10061 10062 10063
f 10059 10061 10064
f 10060 10057 10058
f 10063 10064 10061
f 10065 10063 10062
f 10060 10059 10064
f 10058 10057 10056
f 10066 10067 10068
f 10069 10068 10067
f 10067 10070 10069
f 10071 10072 10069
f 10072 7413 7418
f 7413 10072 10071
f 10071 10069 10070
f 10073 10074 10075
f 10074 10073 10076
f 10074 10077 10078
f 10077 10074 10079
f 10074 10080 10079
f 10080 10076 10081
f 10082 10081 10083
f 10080 10081 10082
f 10084 10082 10083
f 10085 10084 10083
f 10076 10080 10074
f 10086 10087 10088
f 10086 10089 10090
f 10089 10086 10088
f 10087 10091 10088
f 10092 10093 10094
f 10091 10087 10095
f 10094 10095 10092
f 10095 10087 10092
f 9103 10096 10095
f 10096 9103 10033
f 10091 10095 10097
f 10097 10095 10096
f 10091 10097 10098
f 10099 10100 10096
f 10033 10037 10099
f 10037 10036 10101
f 10096 10100 10097
f 10101 10099 10037
f 10102 10101 10036
f 10103 10099 10101
f 10036 10038 10102
f 10033 10099 10096
f 10104 10101 10102
f 10105 10098 10106
f 10098 10088 10091
f 10098 10107 10088
f 10107 10098 10105
f 10097 10106 10098
f 10097 10100 10106
f 10106 10100 10108
f 10108 10100 10103
f 10104 10103 10101
f 10103 10104 10109
f 10110 10108 10111
f 10108 10110 10106
f 10109 10111 10108
f 10103 10109 10108
f 10106 10110 10105
f 10100 10099 10103
f 10112 10113 10102
f 10038 10047 10112
f 10114 10115 10112
f 10114 10112 10047
f 10113 10112 10115
f 10104 10102 10113
f 10047 10042 10114
f 10113 10116 10104
f 10042 10046 10117
f 10046 10045 10118
f 10117 10118 10119
f 10118 10117 10046
f 10120 10114 10117
f 10042 10117 10114
f 10120 10117 10119
f 10116 10109 10104
f 10113 10115 10121
f 10113 10121 10116
f 10109 10116 10122
f 10116 10123 10122
f 10123 10116 10121
f 10123 10121 10124
f 10120 10125 10115
f 10109 10122 10111
f 10120 10126 10125
f 10126 10120 10119
f 10125 10126 10127
f 10125 10124 10121
f 10125 10128 10124
f 10128 10125 10127
f 10121 10115 10125
f 10115 10114 10120
f 10112 10102 10038
f 7367 10129 10130
f 7367 10130 7310
f 10130 10129 10131
f 10130 10131 10132
f 10133 10134 10135
f 10135 10132 10133
f 10136 10135 10134
f 10133 10132 10131
f 10137 10138 10139
f 10139 10140 10137
f 10141 10139 10138
f 10138 10142 10141
f 10142 10143 10144
f 10144 10145 10146
f 10145 10144 10143
f 10142 10144 10141
f 8830 10147 10148
f 10148 8773 8830
f 10149 10148 10147
f 10147 10150 10149
f 10151 10152 10153
f 10151 10154 10150
f 10154 10151 10153
f 10150 10154 10149
f 10155 10156 10157
f 10158 10157 10159
f 10157 10158 10155
f 10157 10160 10161
f 10158 10159 10162
f 10156 10061 10157
f 10061 10059 10160
f 10059 10058 10163
f 10157 10161 10159
f 10163 10160 10059
f 10164 10163 10058
f 10165 10160 10163
f 10058 10056 10164
f 10061 10160 10157
f 10166 10163 10164
f 10159 10167 10162
f 10159 10161 10168
f 10169 10167 10170
f 10167 10169 10162
f 10171 10170 10167
f 10159 10168 10167
f 10168 10161 10172
f 10172 10161 10165
f 10166 10165 10163
f 10165 10166 10173
f 10171 10172 10174
f 10172 10171 10168
f 10173 10174 10172
f 10165 10173 10172
f 10168 10171 10167
f 10161 10160 10165
f 10175 10176 10164
f 10056 10052 10175
f 10175 10177 10178
f 10051 10175 10052
f 10177 10175 10051
f 10166 10164 10176
f 10176 10179 10166
f 10180 10049 10181
f 10180 10181 10182
f 10183 10177 10180
f 10180 10177 10049
f 10184 10180 10182
f 10178 10176 10175
f 10049 10177 10051
f 10183 10180 10184
f 10179 10173 10166
f 10176 10178 10185
f 10176 10185 10179
f 10173 10179 10186
f 10173 10186 10187
f 10188 10186 10179
f 10188 10179 10185
f 10183 10189 10178
f 10173 10187 10174
f 10183 10190 10189
f 10190 10183 10184
f 10189 10190 10191
f 10192 10185 10189
f 10188 10185 10192
f 10191 10192 10189
f 10185 10178 10189
f 10178 10177 10183
f 10175 10164 10056
f 10193 10194 10195
f 10196 10194 10193
f 10197 10196 10198
f 10194 10199 10195
f 10200 10196 10193
f 10201 10202 10203
f 10202 10204 10203
f 10200 10205 10198
f 10200 10198 10196
f 10204 10206 10207
f 10208 10206 10204
f 10205 10207 10206
f 10204 10207 10203
f 10198 10205 10206
f 10209 10208 10204
f 10198 10206 10197
f 10210 10211 10193
f 10195 10212 10210
f 10213 10214 10210
f 10213 10210 10212
f 10210 10214 10211
f 10200 10193 10211
f 10212 10215 10213
f 10211 10216 10200
f 10215 10217 10218
f 10214 10213 10219
f 10213 10218 10219
f 10220 10218 10217
f 10219 10218 10220
f 10218 10213 10215
f 10211 10214 10221
f 10205 10216 10222
f 10200 10216 10205
f 10216 10223 10222
f 10223 10216 10221
f 10223 10221 10224
f 10211 10221 10216
f 10205 10222 10207
f 10219 10225 10224
f 10225 10219 10220
f 10224 10226 10227
f 10226 10224 10225
f 10224 10227 10223
f 10224 10221 10214
f 10224 10214 10219
f 10210 10193 10195
f 10203 10228 10201
f 10209 10204 10202
f 10206 10208 10197
f 7786 10229 10230
f 10230 7783 7786
f 10231 10230 10229
f 10229 10232 10231
f 10233 10234 10235
f 10233 10235 10232
f 10235 10234 10236
f 10232 10235 10231
f 10237 10238 10239
f 10239 10240 10237
f 10241 10242 10243
f 10243 10244 10241
f 10245 10246 10247
f 10248 10247 10246
f 10249 10250 10251
f 10251 10252 10249
f 9297 10253 9296
f 10254 10253 9297
f 10255 10256 10254
f 10253 10254 10256
f 10257 9307 9306
f 10258 10257 9306
f 10259 10260 10258
f 10257 10258 10260
f 10261 9321 9322
f 10262 9321 10261
f 10263 10264 10261
f 10262 10261 10264
f 9329 10265 9333
f 10266 9333 10265
f 10267 10268 10266
f 10265 10267 10266
f 10269 10270 10271
f 10269 10272 10270
f 10273 10270 10272
f 10274 10273 10272
f 10275 9175 10276
f 10276 10274 10275
f 9175 10275 9165
f 10273 10274 10276
f 10277 10278 10279
f 10279 10280 10277
f 10281 10282 10283
f 10283 10284 10281
f 10285 10286 10287
f 10286 10288 10289
f 10285 10288 10286
f 10287 10290 10285
f 10291 10292 10290
f 10291 10293 10294
f 10285 10290 10292
f 10290 10293 10291
f 10295 10289 10296
f 10289 10295 10286
f 10297 10298 10296
f 10296 10289 10299
f 10297 10300 10298
f 10300 10301 10302
f 10301 10300 10297
f 10297 10296 10299
f 10303 10294 10304
f 10294 10303 10291
f 10305 10306 10304
f 10304 10294 10307
f 10305 10308 10306
f 10308 10309 10310
f 10309 10308 10305
f 10305 10304 10307
f 10311 10302 10312
f 10302 10313 10300
f 10311 10313 10302
f 10312 10314 10311
f 10310 10315 10314
f 10310 10316 10308
f 10311 10314 10315
f 10314 10316 10310
f 10317 10318 10319
f 10320 10321 10322
f 10322 10321 10318
f 10323 6547 6546
f 10319 6547 10323
f 10317 10319 10323
f 10317 10322 10318
f 10320 10324 10321
f 10325 10326 10327
f 10328 10329 10325
f 10329 6540 6539
f 10330 10324 10320
f 10325 10327 10328
f 10329 10328 6540
f 10327 10326 10330
f 10326 10324 10330
f 10331 10332 10333
f 10332 10331 10334
f 10332 10335 10333
f 10334 10331 10336
f 10337 10338 10339
f 10338 10337 10340
f 10333 10335 10339
f 10339 10335 10337
f 10334 10341 10342
f 10341 10334 10336
f 10343 10344 10342
f 10342 10341 10343
f 10345 10346 10344
f 10346 10347 10348
f 10347 10346 10345
f 10345 10344 10343
f 10340 10349 10350
f 10351 10350 10349
f 10349 10352 10351
f 10352 10353 10354
f 10355 10354 10353
f 10353 10356 10355
f 10352 10354 10351
f 10357 10358 10359
f 10359 10348 10357
f 10358 10360 10359
f 10348 10347 10357
f 10355 10361 10362
f 10361 10355 10356
f 10361 10360 10362
f 10362 10360 10358
f 10338 10340 10350
f 10363 10364 6530
f 10365 10366 10364
f 10367 10366 10368
f 6530 6529 10363
f 10364 10363 10365
f 10368 10366 10365
f 10368 10369 10367
f 10369 10370 10367
f 10371 10370 10372
f 10373 6521 10374
f 10375 10371 10372
f 10376 10373 10374
f 6525 6521 10373
f 10375 10373 10376
f 10375 10376 10371
f 10369 10372 10370
f 10377 10378 6512
f 10379 10380 10381
f 10382 10381 10378
f 10377 6512 6511
f 10382 10379 10381
f 10378 10377 10382
f 10379 10383 10380
f 10383 10384 10380
f 10385 10386 10387
f 6507 6506 10388
f 10389 10388 10386
f 10390 10384 10383
f 10386 10385 10389
f 10388 10389 6507
f 10385 10387 10390
f 10387 10384 10390
f 10391 10392 6494
f 10393 10394 10395
f 10396 10395 10392
f 10391 6494 6493
f 10396 10393 10395
f 10392 10391 10396
f 10393 10397 10394
f 10397 10398 10394
f 10399 10400 10401
f 6489 6488 10402
f 10403 10402 10400
f 10404 10398 10397
f 10400 10399 10403
f 10402 10403 6489
f 10399 10401 10404
f 10401 10398 10404
f 10405 10406 6476
f 10407 10408 10409
f 10410 10409 10406
f 10405 6476 6475
f 10410 10407 10409
f 10406 10405 10410
f 10407 10411 10408
f 10411 10412 10408
f 10413 10414 10415
f 6471 6470 10416
f 10417 10416 10414
f 10418 10412 10411
f 10414 10413 10417
f 10416 10417 6471
f 10413 10415 10418
f 10415 10412 10418
f 10419 10420 6458
f 10421 10422 10423
f 10424 10423 10420
f 10419 6458 6457
f 10424 10421 10423
f 10420 10419 10424
f 10421 10425 10422
f 10425 10426 10422
f 10427 10428 10429
f 6453 6452 10430
f 10431 10430 10428
f 10432 10426 10425
f 10428 10427 10431
f 10430 10431 6453
f 10427 10429 10432
f 10429 10426 10432
