v 0.006401538679023093 0.07371257795014985 0.0024015970356564427
v 0.004001538628709099 0.07371257795014985 0.0024015970356564427
v 0.004001538628709099 0.07391892922488708 0.002464193319711257
v 0.006401538679023093 0.07391892922488708 0.002464193319711257
v 0.004001538628709099 0.07413352829212626 0.002485329219320063
v 0.006401538679023093 0.07335571005018728 0.002163147030744849
v 0.004001538628709099 0.07335571005018728 0.002163147030744849
v 0.004001538628709099 0.07352239443487897 0.002299945973302024
v 0.006401538679023093 0.07311726167509014 0.0018062812262580074
v 0.004001538628709099 0.07311726167509014 0.0018062812262580074
v 0.004001538628709099 0.0732189099434769 0.0019964565924565796
v 0.006401538679023093 0.0732189099434769 0.0019964565924565796
v 0.006401538679023093 0.07352239443487897 0.002299945973302024
v 0.006401538679023093 0.07413352829212626 0.002485329219320063
v 0.006401538679023093 0.07305466189857576 0.0015999287873675952
v 0.004001538628709099 0.07305466189857576 0.0015999287873675952
v 0.006401538679023093 0.07391892922488708 0.0003064656839881311
v 0.006401538679023093 0.07413352829212626 0.00028532949334102815
v 0.004001538628709099 0.07413352829212626 0.00028532949334102815
v 0.006401538679023093 0.07305466189857576 0.0011707300708126444
v 0.004001538628709099 0.07305466189857576 0.0011707300708126444
v 0.004001538628709099 0.07303353205256354 0.0013853294872977792
v 0.006401538679023093 0.0732189099434769 0.0007742022075160006
v 0.004001538628709099 0.0732189099434769 0.0007742022075160006
v 0.004001538628709099 0.07311726167509014 0.0009643776901298916
v 0.006401538679023093 0.07311726167509014 0.0009643776901298916
v 0.006401538679023093 0.07352239443487897 0.0004707129139820453
v 0.004001538628709099 0.07352239443487897 0.0004707129139820453
v 0.004001538628709099 0.07335571005018728 0.0006075120602660277
v 0.004001538628709099 0.07391892922488708 0.0003064656839881311
v 0.004001538628709099 0.07371257795014985 0.00036906199714677483
v 0.006401538679023093 0.07371257795014985 0.00036906199714677483
v 0.006401538679023093 0.07335571005018728 0.0006075120602660277
v 0.006401538679023093 0.07303353205256354 0.0013853294872977792
v -0.00399846107334294 0.07371257795014985 0.0024015970356564427
v -0.006398461123656934 0.07371257795014985 0.0024015970356564427
v -0.006398461123656934 0.07391892922488708 0.002464193319711257
v -0.00399846107334294 0.07391892922488708 0.002464193319711257
v -0.006398461123656934 0.07413352829212626 0.002485329219320063
v -0.00399846107334294 0.07335571005018728 0.002163147030744849
v -0.006398461123656934 0.07335571005018728 0.002163147030744849
v -0.006398461123656934 0.07352239443487897 0.002299945973302024
v -0.00399846107334294 0.07311726167509014 0.0018062812262580074
v -0.006398461123656934 0.07311726167509014 0.0018062812262580074
v -0.006398461123656934 0.0732189099434769 0.0019964565924565796
v -0.00399846107334294 0.0732189099434769 0.0019964565924565796
v -0.00399846107334294 0.07352239443487897 0.002299945973302024
v -0.00399846107334294 0.07413352829212626 0.002485329219320063
v -0.00399846107334294 0.07305466189857576 0.0015999287873675952
v -0.006398461123656934 0.07305466189857576 0.0015999287873675952
v -0.00399846107334294 0.07391892922488708 0.0003064656839881311
v -0.00399846107334294 0.07413352829212626 0.00028532949334102815
v -0.006398461123656934 0.07413352829212626 0.00028532949334102815
v -0.00399846107334294 0.07305466189857576 0.0011707300708126444
v -0.006398461123656934 0.07305466189857576 0.0011707300708126444
v -0.006398461123656934 0.07303353205256354 0.0013853294872977792
v -0.00399846107334294 0.0732189099434769 0.0007742022075160006
v -0.006398461123656934 0.0732189099434769 0.0007742022075160006
v -0.006398461123656934 0.07311726167509014 0.0009643776901298916
v -0.00399846107334294 0.07311726167509014 0.0009643776901298916
v -0.00399846107334294 0.07352239443487897 0.0004707129139820453
v -0.006398461123656934 0.07352239443487897 0.0004707129139820453
v -0.006398461123656934 0.07335571005018728 0.0006075120602660277
v -0.006398461123656934 0.07391892922488708 0.0003064656839881311
v -0.006398461123656934 0.07371257795014985 0.00036906199714677483
v -0.00399846107334294 0.07371257795014985 0.00036906199714677483
v -0.00399846107334294 0.07335571005018728 0.0006075120602660277
v -0.00399846107334294 0.07303353205256354 0.0013853294872977792
v 0.008511225467097054 0.07610973513838026 0.002747257865714747
v 0.008542975184145846 0.0762789080169253 0.0024611329938122707
v 0.008348733896525028 0.07633038407690362 0.003712339693900026
v 0.008477755597298589 0.07590305603810547 0.0030066721740553267
v 0.008414239399395106 0.07539534368737998 0.003426852777944234
v 0.008444629385521037 0.07566375084626244 0.0032343712242814612
v 0.007802901116848115 0.05806382591441968 0.007348466003912447
v 0.008361225725886896 0.07446481089899785 0.003762225520624382
v 0.008080773772466526 0.058284687194484416 0.00645380356920118
v 0.008416624516445412 0.07317071958945466 0.003583740580733485
v 0.00837989594904483 0.0736399422418377 0.0037340260051358255
v 0.008370616251157582 0.07479022244851487 0.003693739552763972
v 0.008388821744363114 0.0751017982702305 0.003581333111941982
v 0.008361428754202775 0.07413352829212626 0.0037853295376117733
v 0.008133315265441934 0.07635946369220184 0.00441958696962
v 0.007432932768237305 0.0578501954226324 0.00821384206971942
v 0.007951424246155398 0.07637528127438942 0.004804133775765739
v 0.007714177277147644 0.07639115846122019 0.00519003193093139
v 0.0066020086518576715 0.05756843309838431 0.009355203000336147
v 0.007420554560226525 0.07640646195336022 0.005562251751806593
v 0.006254724992256159 0.05748789977484898 0.00968144249560002
v 0.005581668895649551 0.07645679807453745 0.006786217732970919
v 0.00486644810191857 0.07646890526768621 0.007080677708864403
v 0.003682619561518113 0.057188025089650346 0.010896173948020768
v 0.0070746078141454 0.07642063295727956 0.005906652502454877
v 0.005879205029925369 0.057416385378886915 0.009971138756650741
v 0.004595832311609015 0.057259424001616224 0.010606947073535197
v 0.006256427915538659 0.07644353604142681 0.00646364671723112
v 0.005476419668623576 0.05735426989009849 0.010222748582023123
v 0.006682932665202692 0.07643311267944829 0.006210247355579098
v 0.0041152307603112325 0.0764796266528807 0.0073413460430184286
v 0.003332482562454331 0.07648873126212857 0.00756254073655603
v 0.002752971529558411 0.05713258904618984 0.011120735372576273
v 0.0025232405663590226 0.07649598812743742 0.007738961167184426
v 0.0016939518523770218 0.07650127058894049 0.007867653645436595
v 0.0018069241880633977 0.05709308234362289 0.011280771976906752
v 0.005045493465153872 0.05730186995815067 0.01043500723569439
v 0.006915459225866257 0.05765632759535409 0.008999152801572385
v 0.0008457572324243015 0.05706991476387147 0.011374623212905721
v 0.000851192314410225 0.07650451159141415 0.007946455640351659
v 0.008553140569778052 0.0717525090610406 0.001686552145472075
v 0.008560498017922297 0.07186467009837068 0.0021678071359539338
v 0.008440036102704909 0.05942656314647124 0.0018282533371013088
v 0.008526389260854597 0.07174140769624573 0.001191040469396279
v 0.00829530578448211 0.0596540368166403 0.0009068020495262936
v 0.008511589614214067 0.0723702664842628 0.0030134908521044523
v 0.00846439856928786 0.0727405379783636 0.003339706132982027
v 0.008437047488642265 0.058737529745859746 0.004619414329895145
v 0.008546367992195148 0.07207432943080516 0.0026180946039136015
v 0.00850989553849579 0.058966139629539685 0.0036933500271074744
v 0.008510726278210305 0.0591960198371777 0.002762140865723495
v 0.008293773758887518 0.058510156658526075 0.005540448093929506
v 0.007191978204158381 0.05775024216128646 0.008618732685645272
v -0.00011514094934765802 0.05706359667169292 0.011400215956577094
v -0.0008481148754593846 0.07650451159141415 0.007946455640351659
v 1.5387269787513168e-06 0.07650561427731324 0.007973205086630014
v -0.0016908742970108625 0.07650127058894049 0.007867653645436595
v -0.0010718863638695937 0.05707388592322426 0.011358534615856121
v -0.0033294050070881713 0.07648873126212857 0.00756254073655603
v -0.0020251194409137132 0.0571008160460773 0.011249444148973066
v -0.002520163243823501 0.07649598812743742 0.007738961167184426
v -0.004112153204945073 0.0764796266528807 0.0073413460430184286
v -0.0029726004370589855 0.057144323710318634 0.0110732053262419
v -0.005578591340283392 0.07645679807453745 0.006786217732970919
v -0.0039054100762449763 0.0572040922662813 0.010831091265588346
v -0.004863370546552411 0.07646890526768621 0.007080677708864403
v -0.005675588118194663 0.057383751836738266 0.010103309258965529
v -0.006679855109836533 0.07643311267944829 0.006210247355579098
v -0.007071530258779241 0.07642063295727956 0.005906652502454877
v -0.005258980067607189 0.05732665058855852 0.010334632085233341
v -0.0062533503601725 0.07644353604142681 0.00646364671723112
v -0.007417477470521641 0.07640646195336022 0.005562251751806593
v -0.006064962434777832 0.05745055374059781 0.009832719080026095
v -0.007711099721781485 0.07639115846122019 0.00519003193093139
v -0.006427298595092175 0.057526680045827 0.00952434980184979
v -0.004817857744861131 0.05727968958030214 0.01052485751001897
v -0.0081302372444145 0.07635946369220184 0.00441958696962
v -0.007051305192624241 0.057701258320451684 0.00881716119945046
v -0.007948347156450514 0.07637528127438942 0.004804133775765739
v -0.008345655875497593 0.07633038407690362 0.003712339693900026
v -0.007533820146100802 0.057900799764704004 0.008008840281357007
v -0.008508261067420708 0.0761104131411966 0.002746386846299949
v -0.008474992363293021 0.07590514220061725 0.003004397185896548
v -0.008539898094440961 0.0762789080169253 0.0024611329938122707
v -0.008441768362647732 0.07566524841292267 0.003232888325951376
v -0.008367563375838995 0.07479073653856241 0.0036935905411559873
v -0.00835816074337516 0.07446563791342217 0.0037621049143541693
v -0.00787042898663531 0.05811504492937422 0.007140981775293264
v -0.008411300145427607 0.07539671459417344 0.0034260055072544587
v -0.008385864795267168 0.07510307231947877 0.0035806024894015818
v -0.00835835166449789 0.07413352829212626 0.0037853295376117733
v -0.006757147896559477 0.05761067788924798 0.009184087382952007
v -0.00837016176575323 0.07376425517579895 0.0037567502753534936
v -0.007311063158985736 0.057798391537116516 0.008423684872696237
v -0.008424776382724725 0.07305940791829008 0.0035315522918351275
v -0.008461252561714282 0.07274109677189354 0.0033400986854368116
v -0.008328169363300589 0.058560112800102954 0.0053380805513994975
v -0.00839324645779771 0.07340156837254457 0.003670988972684269
v -0.008131814904814037 0.058335354866489414 0.0062485456671375434
v -0.008497304988943633 0.07245730416448666 0.003103086875372908
v -0.008528048877638528 0.07221273886288176 0.0028242787062531184
v -0.00845620199952615 0.0587877019542682 0.004416169481523126
v -0.008548848104145542 0.07201389032260656 0.002511370860460491
v -0.008557404164411515 0.07186565357498338 0.0021706560516340915
v -0.008498459828905514 0.05924529052535784 0.0025625617029079
v -0.00851340569318638 0.05901706434656846 0.0034870543988926063
v -0.008424776382724725 0.07305940791829008 0.0035315522918351275
v -0.00839324645779771 0.07340156837254457 0.003670988972684269
v -0.006398461123656934 0.0732150877957321 0.0036026403748999703
v -0.006398461123656934 0.07413352829212626 0.0037853295376117733
v -0.00837016176575323 0.07376425517579895 0.0037567502753534936
v -0.00835835166449789 0.07413352829212626 0.0037853295376117733
v -0.006398461123656934 0.0736653114680971 0.0037392141702307057
v -0.006398461123656934 0.07243646489111 0.00308238567056427
v -0.008528048877638528 0.07221273886288176 0.0028242787062531184
v -0.008497304988943633 0.07245730416448666 0.003103086875372908
v -0.008461252561714282 0.07274109677189354 0.0033400986854368116
v -0.006398461123656934 0.07280016497329868 0.0033808563870189167
v -0.008548848104145542 0.07201389032260656 0.002511370860460491
v -0.006398461123656934 0.07213800209089703 0.0027186979283993777
v -0.006398461123656934 0.0736653114680971 -0.0009685551374274879
v -0.006398461123656934 0.07413352829212626 -0.0010146704466008963
v -0.008247642559023102 0.07413352829212626 -0.0010146704466008963
v -0.006398461123656934 0.07191622066415299 0.002303769750861294
v -0.008557404164411515 0.07186565357498338 0.0021706560516340915
v -0.008546462055772688 0.07174428362027983 0.001612314911620049
v -0.006398461123656934 0.0717796440748546 0.0018535461949116135
v -0.008513963555393772 0.07175841737129718 0.0010405397930695916
v -0.006398461123656934 0.07173352498218334 0.0013853294872977792
v -0.006398461123656934 0.0717796440748546 0.0009171126632686262
v -0.008464253282970074 0.07190677332820676 0.0004900307264542895
v -0.008396435306208583 0.07217875676568085 -7.10501744171839e-06
v -0.006398461123656934 0.07213800209089703 5.19609370568191e-05
v -0.006398461123656934 0.0732150877957321 -0.0008319813420967527
v -0.008239331436587755 0.0735660473854381 -0.0009466155646657737
v -0.008268155869507297 0.07303241446550365 -0.0007471677183297153
v -0.008325465733938216 0.07256071076984766 -0.00042747201544359814
v -0.006398461123656934 0.07243646489111 -0.0003117267832802006
v -0.006398461123656934 0.07280016497329868 -0.0006101975870463365
v -0.006398461123656934 0.07191622066415299 0.0004668892528380939
v 0.008254629340792484 0.07325678124364622 -0.0008487951483744304
v 0.006401538679023093 0.0732150877957321 -0.0008319813420967527
v 0.008288711089506238 0.07285874888697787 -0.0006481226710929073
v 0.006401538679023093 0.07213800209089703 5.19609370568191e-05
v 0.008453423864359785 0.07197625744101002 0.00033358594216049655
v 0.008393784762231555 0.07220758306124549 -4.671885347946972e-05
v 0.00833761204263407 0.07250390754488388 -0.00037657788653982236
v 0.006401538679023093 0.07243646489111 -0.0003117267832802006
v 0.008496611153643953 0.07181916195329215 0.0007499619188100662
v 0.006401538679023093 0.07191622066415299 0.0004668892528380939
v 0.006401538679023093 0.07280016497329868 -0.0006101975870463365
v 0.008240896058471593 0.07368793143018919 -0.0009729418994681752
v 0.008250719648727986 0.07413352829212626 -0.0010146704466008963
v 0.006401538679023093 0.07413352829212626 -0.0010146704466008963
v 0.006401538679023093 0.0736653114680971 -0.0009685551374274879
v 0.006401538679023093 0.0717796440748546 0.0009171126632686262
v 0.006401538679023093 0.0736653114680971 0.0037392141702307057
v 0.006401538679023093 0.07413352829212626 0.0037853295376117733
v 0.008361428754202775 0.07413352829212626 0.0037853295376117733
v 0.008560498017922297 0.07186467009837068 0.0021678071359539338
v 0.008553140569778052 0.0717525090610406 0.001686552145472075
v 0.006401538679023093 0.0717796440748546 0.0018535461949116135
v 0.006401538679023093 0.07191622066415299 0.002303769750861294
v 0.008546367992195148 0.07207432943080516 0.0026180946039136015
v 0.006401538679023093 0.07173352498218334 0.0013853294872977792
v 0.008526389260854597 0.07174140769624573 0.001191040469396279
v 0.00846439856928786 0.0727405379783636 0.003339706132982027
v 0.008511589614214067 0.0723702664842628 0.0030134908521044523
v 0.006401538679023093 0.07243646489111 0.00308238567056427
v 0.008416624516445412 0.07317071958945466 0.003583740580733485
v 0.006401538679023093 0.07280016497329868 0.0033808563870189167
v 0.006401538679023093 0.07213800209089703 0.0027186979283993777
v 0.00837989594904483 0.0736399422418377 0.0037340260051358255
v 0.006401538679023093 0.0732150877957321 0.0036026403748999703
v -0.007293728918025639 0.07689307426039509 -0.0015103400982642197
v -0.00399846107334294 0.07696195487618601 -0.0014430975624232512
v -0.007200869540542319 0.07650360262060545 -0.0018370963611279703
v -0.00399846107334294 0.07566425748572958 -0.0023101884258752356
v -0.006984726806176673 0.07561956890449496 -0.002328355269194946
v -0.007117286135656046 0.07607175207950496 -0.0021136891467321748
v -0.00399846107334294 0.07635581290780621 -0.0019405488341245416
v -0.007389738494034012 0.07724045012092903 -0.001133999524351645
v -0.007625595929797309 0.07795887978650572 0.00021630037525913125
v -0.007670358551174641 0.07807741107007715 0.0007169291303258027
v -0.00399846107334294 0.07805666865424568 0.0006049681527209637
v -0.00399846107334294 0.07782904597246863 -0.00014540423195105796
v -0.007560834553644605 0.07777615430221446 -0.0002673354976658137
v -0.007480628124324286 0.07753554525880155 -0.0007185408422060717
v -0.00399846107334294 0.07745940032712137 -0.0008369514030919771
v -0.007694293540707184 0.07813063056586889 0.0012330166901196153
v -0.0067824211965962335 0.07464400480817987 -0.0025817264583398334
v -0.006870629549265332 0.0751426647037203 -0.002485282653192568
v -0.00399846107334294 0.07491388718198137 -0.002537811340482915
v -0.00399846107334294 0.07413352829212626 -0.0026146703637282406
v -0.0067266168150672346 0.07413352829212626 -0.0026146703637282406
v -0.00399846107334294 0.07813352884164419 0.0013853294872977792
v -0.007677195855674764 0.07803609760176339 0.0022627710695694012
v -0.00399846107334294 0.07805666865424568 0.0021656909382899133
v -0.007696890067976319 0.07811680228864791 0.0017522681272384313
v -0.007571186669448068 0.07768209072467412 0.0032313339486155853
v -0.00399846107334294 0.07782904597246863 0.0029160633375138498
v -0.007634542214211691 0.07788938822312204 0.002761376948401936
v -0.007487515254580829 0.07741635087357458 0.0036702415863379707
v -0.00399846107334294 0.07745940032712137 0.0036076103776875356
v -0.00399846107334294 0.07696195487618601 0.004213756304188172
v -0.00737762897257888 0.07710078154076497 0.004067752868039654
v -0.007235504029189439 0.07674454694013633 0.004415634902379481
v -0.006909335780100635 0.07585070826022045 0.004998352245984084
v -0.006797885807537396 0.07530419328677573 0.005210189010540246
v -0.00399846107334294 0.07566425748572958 0.005080847400470794
v -0.0070681621307775114 0.0763510892398331 0.004714324479633355
v -0.00399846107334294 0.07635581290780621 0.0047112078087201
v -0.00399846107334294 0.07413352829212626 0.005385329803985073
v -0.0067574687371779185 0.0747256110152927 0.0053414910545772475
v -0.006793177972047629 0.07413352829212626 0.005385329803985073
v -0.00399846107334294 0.07491388718198137 0.0053084705479091105
v -0.00399846107334294 0.07024123333285967 0.0004633526718701506
v -0.007606944798751648 0.07024279050416311 0.0004568223254617098
v -0.0074636440606429535 0.0704904775989553 -0.000266390729146595
v -0.00399846107334294 0.07013695500959197 0.0012197264845018416
v -0.007695945241249441 0.07013695500959197 0.001219722759211642
v -0.007286269024400905 0.07086525669419763 -0.0009208307357184821
v -0.00399846107334294 0.07048732600344641 -0.0002594281617635095
v -0.00399846107334294 0.07086627742371233 -0.0009222806885133645
v -0.007095848953202345 0.071356711878492 -0.0014937847922017998
v -0.00670912192096728 0.07374707413739831 -0.002595969174095522
v -0.0069197353933541424 0.07194608259039313 -0.001963561115840768
v -0.00399846107334294 0.07136427421759722 -0.0015010532990425288
v -0.006738807361584209 0.07298458918992096 -0.0024461636136370196
v -0.006713341743440897 0.0733613128866475 -0.0025394229941555243
v -0.00399846107334294 0.07337348713501984 -0.002541798565149693
v -0.006783251936310748 0.07262327329346004 -0.002318606417573184
v -0.00399846107334294 0.072641132334677 -0.002325838137173192
v -0.00399846107334294 0.07196316677124857 -0.001974657824022879
v 0.004001538628709099 0.07635581290780621 0.0047112078087201
v 0.007071241083127495 0.0763510892398331 0.00471432215132698
v 0.007237900787771618 0.0767428407572249 0.0044173038323889096
v 0.00691215815308812 0.07584851778958307 0.004998937582206699
v 0.0068009377515334335 0.07530400702226575 0.005210244424231966
v 0.004001538628709099 0.07566425748572958 0.005080847400470794
v 0.004001538628709099 0.07696195487618601 0.004213756304188172
v 0.007379805473378007 0.07709837500329601 0.004070419244500031
v 0.00763723420204219 0.07788807692097177 0.002764263815476002
v 0.007679955364390131 0.07803495021238191 0.002267904752295112
v 0.004001538628709099 0.07805666865424568 0.0021656909382899133
v 0.007573586221997896 0.07767989280345634 0.003235546320508803
v 0.004001538628709099 0.07782904597246863 0.0029160633375138498
v 0.004001538628709099 0.07745940032712137 0.0036076103776875356
v 0.0074901974635245535 0.07741548660624828 0.003671977338740355
v 0.007699858658604139 0.07811610938467077 0.0017581831895835118
v 0.006796255527413789 0.07413352829212626 0.005385329803985073
v 0.006760051760270079 0.07472422520733844 0.005341472893787524
v 0.004001538628709099 0.07413352829212626 0.005385329803985073
v 0.004001538628709099 0.07491388718198137 0.0053084705479091105
v 0.004001538628709099 0.07813352884164419 0.0013853294872977792
v 0.007697483320440608 0.07813078702805727 0.0012374288306997874
v 0.0076738528733818825 0.07807846160191344 0.0007230264408523677
v 0.004001538628709099 0.07805666865424568 0.0006049681527209637
v 0.004001538628709099 0.07782904597246863 -0.00014540423195105796
v 0.00762909397729475 0.0779600346264676 0.00022007207151518093
v 0.007564614791874667 0.07777837457517343 -0.000262577370758352
v 0.007484538282050059 0.07753813061020008 -0.0007143548383825482
v 0.004001538628709099 0.07696195487618601 -0.0014430975624232512
v 0.007393089858229843 0.07724138144347893 -0.001132847944018688
v 0.007297719169490705 0.07689659838492392 -0.001506976510459921
v 0.004001538628709099 0.07635581290780621 -0.0019405488341245416
v 0.007204456063682 0.07650566643137603 -0.0018353060099410977
v 0.007120363691022205 0.07607175207950496 -0.0021136891467321748
v 0.004001538628709099 0.07745940032712137 -0.0008369514030919771
v 0.006988014374777836 0.07562063433749205 -0.0023281240683719322
v 0.004001538628709099 0.07566425748572958 -0.0023101884258752356
v 0.006785117841039481 0.0746427680118336 -0.0025821227360848177
v 0.006729694370433394 0.07413352829212626 -0.0026146703637282406
v 0.004001538628709099 0.07413352829212626 -0.0026146703637282406
v 0.0068739925549930365 0.07514402815993336 -0.0024849275864704166
v 0.004001538628709099 0.07491388718198137 -0.002537811340482915
v 0.007752239498439688 0.0702126007523854 0.002176742244497717
v 0.007734163924729869 0.07040919176679963 0.0028445573234547375
v 0.004001538628709099 0.07040511629932125 0.00283410602179971
v 0.007660534029595699 0.07071758619068479 0.003466527118570163
v 0.004001538628709099 0.07070696911361588 0.003448986124003988
v 0.007545852367784292 0.0711238514386943 0.004020071016129647
v 0.004001538628709099 0.07110930045517459 0.0040033505167299385
v 0.004001538628709099 0.0702126007523854 0.002176741778836442
v 0.004001538628709099 0.07345107002871709 0.005326680697727392
v 0.0074156194820345816 0.07161910641899227 0.004496230624525661
v 0.004001538628709099 0.071600308604645 0.004480942964868979
v 0.00726322065393587 0.07218006061725071 0.004875881002365277
v 0.007085508013269482 0.07279579893318473 0.005155009546442234
v 0.004001538628709099 0.0721656064912762 0.0048677584727462855
v 0.004001538628709099 0.07278861657367987 0.005152453531704021
v 0.006917882061479833 0.07344747884896466 0.005326057642941506
v -0.008474222159544251 0.07579888947354377 -0.0003427417450447773
v -0.008557534549568502 0.07618244535249641 0.00013556157868622266
v -0.008469020723103035 0.07615802234994772 -0.0004596094537114472
v -0.00838049758341207 0.07531057843417788 -0.0007062141479738335
v -0.008330237830683925 0.07613249666149993 -0.0010814483689047813
v -0.00842735987147816 0.07555473395386082 -0.0005244779610612203
v -0.008247642559023102 0.07413352829212626 -0.0010146704466008963
v -0.008135573722625453 0.07610620356327102 -0.0017220922288836591
v -0.007624052728332118 0.06018356074148456 -0.001238208580504695
v -0.008325465733938216 0.07256071076984766 -0.00042747201544359814
v -0.008268155869507297 0.07303241446550365 -0.0007471677183297153
v -0.008298273909448655 0.07474358926579605 -0.0009358392896484888
v -0.007266240467303935 0.060356444009068415 -0.001938525652300193
v -0.008239331436587755 0.0735660473854381 -0.0009466155646657737
v -0.005576491207933357 0.07595284081633316 -0.005458764587045038
v -0.004914258010679189 0.0759319419383133 -0.005968060651766651
v -0.003935440804697282 0.06118366332434453 -0.0052894510787949624
v -0.004193230886510828 0.07591350175182521 -0.006417709698118359
v -0.0032189191861947217 0.06127256364966821 -0.0056495581185861095
v -0.0034206427191814715 0.075897877884728 -0.006798943324292813
v -0.0024720592699677495 0.06134357885674352 -0.005937243654251588
v -0.0026046521270589183 0.07588539071197889 -0.007103895114372245
v -0.0058331637026870185 0.06082453044794058 -0.0038346637885559483
v -0.007557056643720917 0.07605262643962013 -0.003027507256480514
v -0.007166188020106427 0.07602610982397924 -0.00367336710481545
v -0.0068471271590572185 0.06052174258580585 -0.002608116181283288
v -0.007879418111886988 0.07607945597963778 -0.002373677382594133
v -0.005250873370471546 0.06095748605516494 -0.004373242962552931
v -0.006705284406400399 0.07600035316753909 -0.004300951843584249
v -0.00617480075366846 0.07597578115338241 -0.0048996213454848905
v -0.006366211752060118 0.06067895728281012 -0.0032449701405606484
v -0.004618322354205381 0.061077563334169215 -0.0048596503786268175
v -0.001694137069149134 0.06139629543835831 -0.006150781013783875
v -0.0017551679164128774 0.07587628610273102 -0.007326525441620524
v -0.008513963555393772 0.07175841737129718 0.0010405397930695916
v -0.008464253282970074 0.07190677332820676 0.0004900307264542895
v -0.008150190830046202 0.05981623222664145 0.00024977867061629034
v -0.008546462055772688 0.07174428362027983 0.001612314911620049
v -0.008313946205318447 0.05962730785945804 0.0010150766196479733
v -0.008430501222438987 0.059437005134900765 0.0017859492908404062
v -0.008557404164411515 0.07186565357498338 0.0021706560516340915
v -0.00791994368132353 0.06000301455196008 -0.0005068537877498069
v -0.008396435306208583 0.07217875676568085 -7.10501744171839e-06
v 0.008496611153643953 0.07181916195329215 0.0007499619188100662
v -0.0008921086318641107 0.061429424444103514 -0.0062849738830157795
v 1.5387269787513168e-06 0.07586894728103777 -0.007507444625826234
v -8.740118705662803e-05 0.06144193396859383 -0.006335656921842854
v -0.0008826225296167404 0.07587077267323558 -0.007461858715314787
v 0.0017587951849141177 0.07587628610273102 -0.007326410888946886
v 0.0007188435220347907 0.06143391714408425 -0.006303181704527687
v 0.0008859804712780802 0.07587077267323558 -0.007461829378654464
v 0.0026085271273584335 0.07588539816255929 -0.007103641794638671
v 0.0015244270503234367 0.06140521378309619 -0.006186913534752518
v 0.004918658975388762 0.0759319791912153 -0.00596714097074862
v 0.0030650758768211088 0.0612892119715703 -0.005717015673520787
v 0.00419750006907959 0.0759135315541468 -0.0064170451994790025
v 0.0034247344848044765 0.07589789278588881 -0.006798504205710533
v 0.0023080275247288197 0.06135667697708538 -0.00599028945838777
v 0.006179317202374222 0.0759758333074452 -0.004898141473953093
v 0.0044844801279135165 0.06110069366101865 -0.0049533498090501525
v 0.005580975991672422 0.07595288551981556 -0.005457568768890961
v 0.003795405283448552 0.06120315404266893 -0.005368394634737612
v 0.006709782694316437 0.07600042022276268 -0.00429918791867473
v 0.005127271501277154 0.06098340289908368 -0.004478234213232582
v 0.005725312826117886 0.06085170271465659 -0.003944734472422778
v 0.007170621115443972 0.07602619178036364 -0.003671332630705184
v 0.0075613817056426735 0.07605270839600452 -0.0030252241192494232
v 0.008139921136288406 0.07610632277255741 -0.0017190903434746796
v 0.008334665338086172 0.07613263077194711 -0.0010780392627108561
v 0.008250719648727986 0.07413352829212626 -0.0010146704466008963
v 0.006274139342131467 0.060706896959307255 -0.0033581432926718473
v 0.007883597887490958 0.07607955283718296 -0.0023711753845638145
v 0.006768166373647396 0.06055068064007649 -0.002725339189502746
v 0.008301231789867152 0.07474256853628136 -0.000936106986673927
v 0.008383528106989457 0.0753103102132835 -0.0007063647311886213
v 0.008472943453683232 0.0761581415592341 -0.00045638800901132777
v 0.008560728054592124 0.07618235594553162 0.00013507296904156422
v 0.008477626143464152 0.07580022312743523 -0.0003415572482804473
v 0.00843057759088808 0.07555526294506916 -0.0005239610188383639
v 0.007200438338201712 0.060385911054547395 -0.0020578922157835754
v 0.008254629340792484 0.07325678124364622 -0.0008487951483744304
v 0.008288711089506238 0.07285874888697787 -0.0006481226710929073
v 0.0075719484912938895 0.06021275956606916 -0.0013564900368021199
v 0.008240896058471593 0.07368793143018919 -0.0009729418994681752
v 0.008393784762231555 0.07220758306124549 -4.671885347946972e-05
v 0.008453423864359785 0.07197625744101002 0.00033358594216049655
v 0.007882643281877306 0.06003124852638299 -0.0006212110000678907
v 0.00833761204263407 0.07250390754488388 -0.00037657788653982236
v 0.008135814003843327 0.05984492813704911 0.00013353142649466458
v 0.008348733896525028 0.07633038407690362 0.003712339693900026
v 0.008356234768341958 0.07660951262098058 0.0036582587247496255
v 0.008241023649660931 0.07634492015926253 0.004065963797421288
v 0.008231646162905943 0.07763310315854914 0.003931513417504335
v 0.00013178927124974963 0.08745460725242929 -0.004748483062457475
v 1.4558879297750763e-06 0.08773886179582092 -0.004424212383064101
v 0.0005709748214417927 0.08785383170196152 -0.004257127529675947
v 1.5387269787513168e-06 0.0881024799216252 -0.003937953512936924
v 1.4707340661455498e-06 0.08732810384783067 -0.0048816598587874335
v 1.709447656257144e-06 0.08662374832862815 -0.005496615863779529
v 1.6912093321127386e-06 0.08687285848427659 -0.005304520343313691
v 8.700358508739305e-05 0.08677457042764987 -0.005385850878951745
v 1.7276860940883838e-06 0.08637463817297972 -0.005688710918584091
v 0.0005218573358211079 0.08649223068342085 -0.005587965567409455
v 1.5097122795452121e-06 0.08610506127297457 -0.005859222107633344
v 0.0006017731925058572 0.08723458416265947 -0.004952032918964587
v 0.0010473052693180536 0.08764772629637747 -0.004448900812539517
v 0.001044523408861489 0.08696602054158863 -0.005146946155805161
v 0.0009445627551428062 0.08819491182205812 -0.0037165495046562313
v 0.0014238938078595406 0.08799780671759636 -0.0038911503638527517
v 0.0014958614086574493 0.08739071107492545 -0.004631547600075299
v 1.263730007969911e-06 0.08464709444755018 -0.006562669121688434
v 0.0003316292916908067 0.0843058578652652 -0.006662219120370268
v 1.5387269787513168e-06 0.084001829481494 -0.006746218826436348
v 7.374653055061936e-06 0.08473410232545246 -0.006532775996142876
v 0.0006228452965199949 0.08385114149291947 -0.00676398799502725
v 1.5387269787513168e-06 0.08299712616523751 -0.006943774691012276
v 1.5387269787513168e-06 0.08349948154865595 -0.0068449967587243124
v 0.0010218199769858752 0.08484666569412411 -0.006425630130744021
v 0.0013223109648819022 0.08439922853882842 -0.006532583678036321
v 0.0011404730309807118 0.08290185559367248 -0.006923322382155099
v 0.0006889996983767188 0.08526620787640506 -0.006290175319456996
v 0.008133315265441934 0.07635946369220184 0.00441958696962
v 0.008187169923212707 0.07635219192573219 0.004242775383520644
v 0.008034662130375658 0.07732014897945966 0.004535712181383759
v 9.754823818562831e-07 0.08525864553729984 -0.006322644017514314
v 0.0003242485604828141 0.08564856421191343 -0.006126271863899316
v 1.2917384650020404e-06 0.08583548437296944 -0.006029733296682597
v 0.0009264322916102011 0.08616348127388498 -0.005773888747675801
v 0.0019137581768233535 0.08708349384274337 -0.004800772167021859
v 0.0012989038024045167 0.085791116166692 -0.005937002441711163
v 0.0014561360781219133 0.08664835014510643 -0.00532626765617651
v 0.0023004186194961005 0.08673077591606317 -0.004953073671914106
v 0.0018355181186518383 0.08628583470520122 -0.005485121946529883
v 0.001638964473554927 0.08538101386977688 -0.0060739054595632894
v 0.001947648305922463 0.08494101984430003 -0.006184435751108497
v 0.002183070814054955 0.0858846805553456 -0.005621033105866362
v 0.002500098365147085 0.0854519284940168 -0.005733490303767321
v 0.0029822717560784684 0.085913782522385 -0.005198885548752056
v 0.0026561947765995544 0.0863387040237142 -0.005086081433201256
v 0.003052250866817012 0.08451786413052545 -0.0058938449547485915
v 0.002483063078725508 0.08400054798166534 -0.006338203623355567
v 1.1916680161763779e-06 0.0847999803573425 -0.006502663078475541
v 0.0018440477526404568 0.08345467375813495 -0.006683215321596589
v 0.0018773530111782268 0.08774993335829419 -0.004058821019124796
v 0.0004445231925561828 0.0883442214532588 -0.003539832680626328
v 1.2706732040258573e-06 0.08845322344449962 -0.0033636513670626195
v 0.0007558923479772202 0.08861452851014306 -0.0029858017013732435
v 1.0896299893024737e-06 0.08873530986899507 -0.0027820257663171417
v 1.263495926777253e-06 0.0889533436537983 -0.002200394810467002
v 0.000490154941599383 0.08891185882213536 -0.002290660687479477
v 0.00023598831568538828 0.08870909872715056 -0.0028370799675321925
v 0.0006951392676639857 0.0890594548198442 -0.001737832976960869
v 0.001012536437393109 0.08882328632234925 -0.0024113754567691645
v 0.001258189523736301 0.088472900427334 -0.0031399244075118278
v 0.0017398168104074839 0.08828155462152083 -0.003294278780134701
v 0.001518431195747152 0.08868615839010131 -0.0025405745744884814
v 0.0020041632865570387 0.08849923077846489 -0.0026738160977356584
v 0.0012201558241973476 0.08897161992751762 -0.0018303528873747498
v 0.001730490546392741 0.08883622798050271 -0.0019337781191867366
v 0.002467096717760584 0.08826388184481385 -0.0028071933612444843
v 0.0022212811156324336 0.08865240726089278 -0.002044620403786162
v 0.002197930530999955 0.08804074441243714 -0.0034453663060831467
v 1.5387256145093003e-06 0.08911335231845227 -0.0016199498938841656
v 1.5280117672066888e-06 0.08922698857070141 -0.0009887185616712156
v 0.0008557868195872005 0.08915349604564336 -0.001186658829629616
v 0.0013844080600499676 0.08906288208682786 -0.0012537277902303463
v 0.0004373343720011299 0.08925419809031943 -0.0006013780789140603
v 1.5387174290572016e-06 0.08928009630778716 -0.00036102084183558126
v 0.0005187215727955797 0.08926668526306854 -6.849247256634416e-05
v 0.0010622866402711351 0.08920711042219626 -7.843020076680134e-05
v 0.000977180639431087 0.08920050920796253 -0.0006347990542786557
v 1.5205136657105465e-06 0.08927562595954762 0.00026793675368326606
v 0.0015091008571962532 0.08910511942711112 -0.000678529421024737
v 0.0018988458401542837 0.08892668547712983 -0.0013317140630070123
v 0.002026450068006889 0.08896617355324578 -0.000732209048363788
v 0.0015958279413497284 0.0891063040693946 -9.956161838583602e-05
v 0.0021143811193867538 0.08896337213501566 -0.00013036293621265614
v 0.0016391803075558673 0.08906942369641839 0.0004833119327486415
v 0.002157739073528192 0.0889221331725059 0.00047528137123145305
v 0.002525003094284717 0.08878345551953493 -0.0007945048062732797
v 0.0011053658961395145 0.0891753709496955 0.00048180610060076474
v 0.0023941490163942197 0.08874431017011734 -0.001418345803014441
v 0.0005593602979219345 0.0892398780747921 0.00046923403198045644
v 0.00261457909411835 0.08877859774111463 -0.0001697662619765627
v 0.00230202841052361 0.08745261794746269 -0.004216141886899752
v 0.0026968581817734816 0.08711012221709025 -0.004360138322953225
v 0.0026293754811299564 0.08775219833473555 -0.003589498016736994
v 0.002904591772005402 0.08798248087371512 -0.0029368588387306657
v 0.00303241625764106 0.08741955972223128 -0.003723694611259098
v 0.0026891873435911937 0.08842143181793607 -0.0021583970529096995
v 0.003132224698330493 0.08814610306986273 -0.00227145658366981
v 0.0033149443618558055 0.08765853708853677 -0.0030597636129964536
v 0.0030618178777109054 0.08672800430015465 -0.004488523930425201
v 0.0033977317187925474 0.08631219485865373 -0.004600044683502232
v 0.0034066174672411857 0.08704766400160345 -0.003845760263907422
v 0.003697481141108213 0.08729634947416913 -0.003173683220131401
v 0.0037523895903442037 0.0866417712826139 -0.003954215335980805
v 0.00398851827380016 0.08540181589025155 -0.004771943543150843
v 0.0035490516097171944 0.08782993024004078 -0.0023808248175033746
v 0.002866930019409817 0.08851691100575228 -0.001510086196454052
v 0.0033152484386683493 0.08824705843427237 -0.0016037876059378053
v 0.003001777142733029 0.08855816486942285 -0.0008633450259486092
v 0.003093783428760638 0.08855334434390454 -0.00021642330983571864
v 0.0035497552239036473 0.0882897055564776 -0.00026832694872784633
v 0.0026583519524557703 0.08873434874412357 0.0004584376753206893
v 0.0031386831873834427 0.08850767973663763 0.0004337431922486984
v 0.003454589891786763 0.08829246227122531 -0.0009361937742940462
v 0.003938936058227073 0.08747682488317982 -0.0024842405032592246
v 0.0037379047307255398 0.08793802326047288 -0.0016967833057593687
v 0.004052307349210764 0.08690052993987935 -0.0032770670080899175
v 0.004134223221071433 0.08759334451004346 -0.0017869191468608129
v 0.003882137722706689 0.08798928325361963 -0.0010107862494912012
v 0.00465941370209099 0.08728372819097283 -0.001158451281484067
v 0.003980965247920435 0.0879904976982247 -0.0003235554527788774
v 0.004301796553137013 0.08709087736791901 -0.002580132499795672
v 0.004767079711133966 0.08729772038096259 -0.00043982336061957917
v 0.004504033710510035 0.0872167400226033 -0.0018726036154196703
v 1.1196061380696798e-06 0.08495286626713482 -0.006442656569601374
v 0.003553068403874932 0.08498956782618144 -0.005365979249704434
v 8.786752499562041e-05 0.08081645304108728 -0.007308043811278945
v 1.5387269787513168e-06 0.08097671502547484 -0.007270952028083902
v 0.0008527238743435429 0.08136276684886122 -0.00720655573037076
v 1.5387269787513168e-06 0.081992422848981 -0.007141330089926928
v 0.0003919973865449744 0.08235706915488038 -0.007074529117389933
v 1.5387269787513168e-06 0.08046886111372174 -0.007335762764331751
v 0.0004823183280032122 0.07715527508580497 -0.0075212431007256175
v 0.00044375959537675024 0.07586985625184647 -0.007484637002240349
v 1.5387269787513168e-06 0.07586894728103777 -0.007507444625826234
v 0.0005038936372325951 0.07978949484117825 -0.00740573675279627
v 1.5387269787513168e-06 0.07996101465254905 -0.0074005735005796
v 1.5387269787513168e-06 0.07842784166857479 -0.007492241250860319
v 0.0008828986667527871 0.07875136822125078 -0.007452963653640649
v 0.00012082638975248514 0.07819843829808233 -0.007513522902448185
v 0.001629546707099656 0.07930816499564645 -0.007318888596711308
v 0.0012608522913217964 0.0803426780840803 -0.007288688600385557
v 1.5387269787513168e-06 0.07893889187931914 -0.007461685023659229
v 1.5387269787513168e-06 0.0794499495406439 -0.007431129262119415
v 0.0012320092319512562 0.07771229537761261 -0.007447162445477294
v 0.0015922226753437296 0.081914452525103 -0.007033550925194138
v 0.0022910334493300762 0.08246698756751031 -0.006775312411572813
v 0.002683369371621941 0.08144841127055043 -0.0068185988867085455
v 0.0029346672039401033 0.0830088682799467 -0.006424354218850652
v 0.0019914518979040306 0.08089794003891372 -0.007094851972412672
v 0.0035152499562603255 0.08352397160642824 -0.005983528056675463
v 0.003911376826991576 0.0824932508634176 -0.0060177988638668465
v 0.004031596132684715 0.08399755284834484 -0.005464333895893466
v 0.003325786818981793 0.08198423466112224 -0.006458343766631965
v 0.002349769168584899 0.07986328538945228 -0.007106534948139949
v 0.0026774231099714386 0.0788204649038733 -0.00706973420324175
v 0.003033542925095807 0.08040956939490462 -0.0068150538074223345
v 0.0036716404328079274 0.08093818807423038 -0.0064463548514470444
v 0.004257256052187833 0.08143939606826735 -0.006005367570470722
v 0.0039837415204417 0.07987963196284821 -0.006391943728452703
v 0.003352363737757778 0.07935995398000154 -0.006766704197244046
v 0.004437373367678075 0.08296361345460174 -0.005505939333826622
v 0.001967541122757784 0.07826902509678468 -0.007297102168301393
v 0.0008859804712780802 0.07587077267323558 -0.007461829378654464
v 0.000835995691532797 0.07613156533895002 -0.007476729142469111
v 1.5387269787513168e-06 0.0768928656441439 -0.007515120586282546
v 1.5387269787513168e-06 0.07791677655666963 -0.007522797012400133
v 0.0015644005783185223 0.07668379490756096 -0.007388209728068344
v 0.002286524684035351 0.07723483983388842 -0.007225246442624792
v 0.0017587951849141177 0.07587628610273102 -0.007326410888946886
v 0.002183661272551594 0.07588083840735495 -0.007215026574623416
v 0.003290968626961703 0.07674351876004122 -0.006866348725164696
v 0.0026103501912498714 0.07621405071454997 -0.007111858853496477
v 0.004547971645769425 0.07775284143614525 -0.006173804704201338
v 0.0045651517528475126 0.08037140007151934 -0.00595140487928416
v 0.00478697229513865 0.0819037683928105 -0.00549996815929791
v 0.005093138064161882 0.08082767361516853 -0.0054527123874544845
v 0.003939989384031015 0.07725868914174636 -0.006551862520480617
v 0.005108212450954636 0.07821990342021252 -0.005739877779475841
v 0.0026085271273584335 0.07588539816255929 -0.007103641794638671
v 0.0034247344848044765 0.07589789278588881 -0.006798504205710533
v 0.00419750006907959 0.0759135315541468 -0.0064170451994790025
v 0.004918658975388762 0.0759319791912153 -0.00596714097074862
v 0.005580975991672422 0.07595288551981556 -0.005457568768890961
v 0.005593537204564258 0.07606447286245491 -0.005442848284667171
v 0.004484535075943961 0.0844169385684374 -0.004880214911851257
v 0.004902754780204044 0.08338463085180174 -0.004933183416215797
v 0.004363223328899784 0.08574843924216517 -0.004127929808940454
v 0.004877304994544081 0.08477540089260542 -0.004245253167164665
v 0.004681960555362901 0.08602628628641346 -0.003448835715412178
v 0.00494849761856515 0.08623663852282508 -0.0027455272355863874
v 0.005213616277523894 0.08506879729814691 -0.0035728599393829515
v 0.005258855736046777 0.08232263257227512 -0.004938899408365835
v 0.005565576107648477 0.08124148630112246 -0.004903889596731103
v 0.005309393954217341 0.08374971674194467 -0.004311184750101324
v 0.005673831643865543 0.08269002069176142 -0.004331826583097406
v 0.005659896264551324 0.08405420706170062 -0.003651330383470249
v 0.006033670928423593 0.08300140279838666 -0.0036882382304616866
v 0.005983015829273016 0.08160774193238808 -0.0043131535659718225
v 0.005496666155197224 0.08529713523564228 -0.0028731289023019805
v 0.005165746764120082 0.08638230482021053 -0.0020268118868175273
v 0.005956893628732022 0.0842970959827157 -0.0029627062991194387
v 0.0057290795601709745 0.08546192717291257 -0.0021544868951839254
v 0.005334196005043846 0.08646797159364093 -0.0012972936621310507
v 0.005911701667659184 0.08556660037694143 -0.001422014631784471
v 0.005453327525998696 0.08649860838024259 -0.0005601746812841665
v 0.0062027623162455164 0.08447873368226866 -0.0022531586567012003
v 0.00634066557451624 0.08325511741272183 -0.0030159842354011836
v 0.006659277538096395 0.08218337377403301 -0.0030362558676836787
v 0.006597024213570583 0.08345063554355857 -0.0023219882825825247
v 0.006398833187015621 0.0846012361251929 -0.0015278745735725454
v 0.006804098194606534 0.08358908967911756 -0.0016111078011800542
v 0.006962690783323385 0.08367211894708663 -0.0008872286181179303
v 0.006545653393040405 0.08466724826753012 -0.0007909792265529571
v 0.007137529828262043 0.08254172433949504 -0.001671011049666501
v 0.00604451711083978 0.08561502169895606 -0.0006796348426838141
v 0.006922395716217945 0.08238971014760943 -0.0023624202541028005
v 0.006346863991747129 0.08192235014032619 -0.0036884268232780424
v 0.006073902665595639 0.07905170111714396 -0.004736982160288705
v 0.0056174377351624555 0.07865448087373914 -0.005258295079871735
v 0.006066941495196379 0.07647333836302375 -0.004982732569838362
v 0.006610696494264455 0.08082671994087742 -0.003657137645230178
v 0.006248346829773138 0.08051194782017053 -0.004261175057477831
v 0.006923614817435769 0.08109182649264302 -0.0030275321693587235
v 0.006834431370056921 0.07972030875159096 -0.003600730930842029
v 0.006488838060883485 0.07684853469076845 -0.004492992416019643
v 0.006179317202374222 0.0759758333074452 -0.004898141473953093
v 0.006862519126839489 0.07718787137505163 -0.003978839504200278
v 0.006478861733728909 0.07940798787183541 -0.004182529524751151
v 0.006709782694316437 0.07600042022276268 -0.00429918791867473
v 0.007170621115443972 0.07602619178036364 -0.003671332630705184
v 0.00719238332946759 0.07748963478238147 -0.003443993769475225
v 0.007143175971220839 0.07998667445144403 -0.002995532159374645
v 0.007189312293359279 0.08130590401925425 -0.0023769088390116636
v 0.007481612066598259 0.07775173129966577 -0.0028898575507740015
v 0.007407566335945558 0.08020550544834996 -0.0023701951675800404
v 0.007409378223966397 0.08146866194807555 -0.00170835510485725
v 0.0073056591598899155 0.08264024336411413 -0.0009653242048788913
v 0.007585079673586267 0.08158015988375011 -0.0010244087044286533
v 0.007629259287047358 0.08037598962904527 -0.0017270984368353516
v 0.0075613817056426735 0.07605270839600452 -0.0030252241192494232
v 0.007883597887490958 0.07607955283718296 -0.0023711753845638145
v 0.007732808850419757 0.07797210456671436 -0.002317492788634136
v 0.007947467987963405 0.07814945073195735 -0.0017289272050774076
v 0.008139921136288406 0.07610632277255741 -0.0017190903434746796
v 0.008126510091569781 0.0782826000542721 -0.0011262533654581336
v 0.007809532599064709 0.0804975905517412 -0.0010682329019216373
v 1.5387269787513168e-06 0.08921070905252909 0.000907005601711107
v 0.0010996426862397142 0.08910508217420912 0.001045348793471342
v 0.0005538992553199324 0.08917367221736448 0.0010122267726452659
v 0.0004993645574647504 0.0890634110780362 0.0015630611036611221
v 0.0010428940600604314 0.08899141611963839 0.0016164220440651276
v 0.0015741316183965173 0.08887790652725604 0.0016635410279090361
v 0.0009335778056666834 0.08882845702514632 0.002197214111128441
v 1.2573035185776992e-06 0.08898044886529072 0.0019181575117184645
v 0.0016328744389857831 0.08899491044184563 0.0010698727281013816
v 0.0021507439098558596 0.08884366365974115 0.0010856059091828734
v 0.002650924422289645 0.08865272763584994 0.0010921797658166926
v 0.003131439360590286 0.0884240469716562 0.0010898842885618157
v 0.002090068245729586 0.08872343364383868 0.0017026337576025495
v 0.003068247495764808 0.08829886977036866 0.0017520776717769757
v 0.0025886624830302467 0.08852965894881537 0.0017323167534977848
v 0.0035966093628974267 0.08824441347823064 0.0004027712459443954
v 0.0014607540409856143 0.08871209386047105 0.002266034889445541
v 1.5261311595869965e-06 0.08880451831032357 0.0024174637451085273
v 0.001973007287633811 0.08855505052681596 0.002326865153115099
v 0.0007690819707596041 0.0886102444264135 0.0027781402886389406
v 0.001290153444971571 0.0884904539947546 0.002868937252335498
v 1.5387269787513168e-06 0.08858529988323686 0.002912039092775713
v 0.0005491390329367333 0.08833082530970097 0.0033496854869348902
v 1.7950348570887116e-06 0.08806693320254046 0.003793073018952954
v 0.0010623275020480122 0.08820595358220978 0.0034616688744885864
v 0.0024685984753723047 0.08835892144838649 0.0023780662401105576
v 0.002946019327331526 0.08812618766845558 0.0024184893640666096
v 0.0022889074727792816 0.0881317830543354 0.003022610362513116
v 0.001797408516325068 0.08833046768184181 0.0029511213450905396
v 0.0015628810091630344 0.08804194395588141 0.003564213075168364
v 0.0027632752165892786 0.0878969184084103 0.00308177495580217
v 0.0020487137992236297 0.08783975010500697 0.0036546775567146057
v 0.003841790268707817 0.08756313240652455 0.0024650831984076907
v 0.0025186696352840917 0.08760200953504776 0.003730834362757303
v 0.003964213549215305 0.08773746853728627 0.001763795222853917
v 0.004030453399915982 0.08794739609061512 0.0003671334900803899
v 0.004823954647934081 0.08726399160349525 0.00028319749229748913
v 0.004026092482076055 0.08786386018317889 0.0010633744250094234
v 0.004826462699560973 0.08718632675341362 0.0010104052221529716
v 0.005534597525671006 0.08641146639189314 0.0009295558892349211
v 0.004771259952399212 0.08706318356057506 0.0017390354307881143
v 0.005521019308554674 0.08647867062709423 0.00018274673008691894
v 0.006125845318171459 0.08561090152799529 7.001594891096712e-05
v 0.0066416820611610505 0.08467979504492243 -4.501402389612513e-05
v 0.006153425038503054 0.08555719774447759 0.0008244224954510909
v 0.006684825578285374 0.08464146925934876 0.0007077415169556768
v 0.005490787181600952 0.08629622826485817 0.0016764670864097971
v 0.00612433052204404 0.085453910348403 0.0015802699653229375
v 0.00707226926322259 0.08370183186171878 -0.00015241837132034443
v 0.004655229269874269 0.08689071752549356 0.0024649826155723007
v 0.005386306761339924 0.08613036344401039 0.0024188302281198744
v 0.004475947816372567 0.08666112043991071 0.0031807445077047768
v 0.0036573111040550978 0.0873316875770027 0.003159263087429956
v 0.003408796762007962 0.08703400708773165 0.0038352547127138625
v 0.004231131523340464 0.0863660327526186 0.0038751451201713694
v 0.005218468468008897 0.08590772520052042 0.003149530533952817
v 0.006035585727586197 0.08529945236614644 0.0023331415686095426
v 0.006603586777918485 0.0844131462230142 0.002221062022002569
v 0.006672870656373525 0.08455287440782146 0.001464469086637183
v 0.007139432985892773 0.08360741065631928 0.0013420895782895413
v 0.00588460250976334 0.08508873505129527 0.0030744813032525936
v 0.006474435157649213 0.08421752378405187 0.002968268623048743
v 0.006281347778667727 0.08396050856259984 0.0036933332633015763
v 0.005668416003237849 0.08481529875064332 0.003792244374714176
v 0.0069891980857387645 0.08330377715330924 0.002842329134254091
v 0.004984710233273084 0.08562099706443625 0.0038570369501723023
v 0.007093021457940835 0.08348316477758162 0.00209538702881209
v 0.007131780774161483 0.08368010596927462 0.0005915281205879742
v 0.00027139586025658923 0.08798786764334376 0.0038985320263832945
v 1.703134967386472e-06 0.0877457759344314 0.004219136088897695
v 0.001267643728186337 0.08768387651247457 0.004152654094334042
v 1.5387269787513168e-06 0.08737975872173857 0.004631916403805061
v 0.0009076078763625984 0.08725308395379076 0.004701585849795763
v 1.6209309730688945e-06 0.08756277477866539 0.004425526479182016
v 1.7169346164434849e-06 0.08662694462761943 0.005306699638080468
v 0.0004821558995297429 0.0867519132126558 0.005194719277325058
v 0.0022099241027976244 0.0872342637877023 0.0043519389592238675
v 0.003093717072028957 0.08666282662282214 0.0044789485376283585
v 0.001834201927058186 0.08678969510586032 0.004928741473314027
v 0.0013904611909630713 0.08626986811140566 0.005442609866094396
v 0.0022551707790702687 0.08568850677343372 0.005599069726171965
v 1.677051796900074e-06 0.08618807563978285 0.005618166495057756
v 0.0027095590930478032 0.08621405581363499 0.005073274816817521
v 1.5387269787513168e-06 0.08570828806439369 0.005903716973777578
v 0.0008813087827447815 0.08568297844277749 0.0058755221149017715
v 0.00031352033588833843 0.08504336846724432 0.006213790106558935
v 0.001146697525242998 0.08443829938244202 0.00637277245376292
v 1.5387269787513168e-06 0.08522712213163067 0.006117828028000607
v 1.5387269787513168e-06 0.08474597110002845 0.00633193954788491
v 0.0017323715851129105 0.08509286267283644 0.006037367813285438
v 0.003918200161653451 0.0859985775779087 0.004533599010518026
v 0.004682137972308658 0.0852638311412577 0.004526569853572622
v 0.003534605865645627 0.08555469434946346 0.005138799411799871
v 0.0030787660854740663 0.08503418190161206 0.005671856308737196
v 0.0025512174957581517 0.08444098904196613 0.006114635919960809
v 0.004307746772908352 0.08483199550131801 0.005141249721428671
v 0.005383319544261105 0.08447336181380082 0.00447182485144414
v 0.005025403906429883 0.08405863270645778 0.005097339725845776
v 0.0038591734041017833 0.08432413413898453 0.005683618912542489
v 0.004591174767536943 0.08356868998998446 0.005653231254722933
v 0.004078404404042911 0.08300328779522767 0.006126947538409271
v 0.003335598302045036 0.0837417297197567 0.0061384037370956455
v 0.005684131605606211 0.08324236201907834 0.005019212474118118
v 0.006019583743533738 0.08363688515237866 0.0043819689891842605
v 0.0005069554183230652 0.08373352663073713 0.006597873114074821
v 1.5387269787513168e-06 0.08372921274468598 0.006606960028194239
v 0.0019557238037526846 0.08378202245855576 0.006454147227222095
v 1.5387269787513168e-06 0.0819233112651977 0.006948521642049139
v 0.0020754557949215855 0.08237511446060733 0.0067674050174628495
v 1.5387269787513168e-06 0.08282626200494184 0.006777740835121689
v 0.002738735100229934 0.08308920043781126 0.006497411816277905
v 0.0034874022478649956 0.08236481775849559 0.006512699475934586
v 0.0013600117166092647 0.08161420158559421 0.0069748552528089616
v 0.0028235157202541094 0.08166035048058708 0.00681626545805976
v 0.0028178588670859897 0.08017729755095847 0.007109485377978046
v 0.004195786435587766 0.08161081157151256 0.006499321493166484
v 0.004774330988507523 0.08222971638411625 0.00608598285039045
v 0.00527022811570366 0.08277383972125281 0.005590915531586277
v 0.0035392641082096113 0.08092275792222357 0.006835427419524044
v 0.007427263807876037 0.08268642206142858 -0.00024716762053614424
v 0.0077170215362150525 0.08164077780587829 -0.0003268692439305858
v 0.0075023651926390544 0.08268127371037272 0.00048188220711538977
v 0.00752964782107723 0.08262470890398171 0.0012196860883862395
v 0.007506972445293432 0.08251605709001966 0.001962813031002557
v 0.007805446421377003 0.08165078393535447 0.0003825631182182722
v 0.007948956241398152 0.08056997294031977 -0.0003949208080291244
v 0.008130575314500114 0.07947838840602778 -0.00045579923853681005
v 0.008047823580650907 0.08059281641982383 0.00029124589446227414
v 0.007849802986122577 0.08160964928097028 0.0011018518997434063
v 0.008106017270181684 0.08056530142640946 0.000986929607468168
v 0.007848808333639278 0.08151639781669345 0.0018278238809904842
v 0.008235810106026566 0.07951167759925157 0.00020137353033096377
v 0.0068232303537492205 0.08306447196146619 0.0035703893734886924
v 0.007430172793860663 0.0823529713356608 0.0027027525221918268
v 0.007293944984857218 0.08213165184490151 0.003427804822420874
v 0.0065893682765490935 0.08276060003988338 0.004265548548172182
v 0.006281335205813303 0.08238798161295681 0.004913519471897114
v 0.007091456836056996 0.08184806040316542 0.004125118611823568
v 0.005893084064225319 0.08194310745731846 0.005500681552371137
v 0.006814968591409018 0.08149820349935852 0.004781095649848754
v 0.007693215069194396 0.08116547547988946 0.0032673898683044976
v 0.008122975722492895 0.08048639232940115 0.0016880931350462104
v 0.007798668255858799 0.08136916689742416 0.002552873387251882
v 0.007282878078996703 0.08057531500646602 0.0046205710325021255
v 0.008019814986285081 0.08016808863358502 0.0030864474010350407
v 0.007524423567233541 0.08090208256161568 0.003960862185019474
v 0.007885279856016086 0.07992482718354997 0.003769093558768652
v 0.006456999402531177 0.0810783632938616 0.005381841069713132
v 0.006959303097548108 0.08018128361147206 0.005231922353564816
v 0.008096178778764495 0.08035456175981708 0.002389786003078555
v 0.007681501359822972 0.0796215289566579 0.004426696220304695
v 0.008376502209672978 0.07841180056897523 0.00011561522535619685
v 0.008269672062618541 0.07837042749601827 -0.0005108687192624449
v 0.008334665338086172 0.07613263077194711 -0.0010780392627108561
v 0.008332696522215674 0.07942969886311878 0.0015394256507436912
v 0.008447002395378194 0.07840565384014586 0.0007500347365919369
v 0.008303162421513105 0.0794958302147424 0.000867476489195304
v 0.008323169092530152 0.07931211380325805 0.0022137055051808735
v 0.008481516277755102 0.07835100383291747 0.0013889026226758063
v 0.008472943453683232 0.0761581415592341 -0.00045638800901132777
v 0.008543437120130597 0.07730067316229605 0.000638139242603888
v 0.008560728054592124 0.07618235594553162 0.00013507296904156422
v 0.008573703240357392 0.07725676689200336 0.0012435215428212624
v 0.008596490840508455 0.07642963325840184 0.0006868302989120351
v 0.008480434080952113 0.07824711293983054 0.0020292750021313867
v 0.008270384524369219 0.07914228527363787 0.0028848128093518065
v 0.008571996126123417 0.0771667638807806 0.0018486993595312733
v 0.008440971150545012 0.07809336276271191 0.0026690733376502703
v 0.008002647917722693 0.07863953500945826 0.004195097256900837
v 0.008167297362642847 0.07891896902733159 0.0035481179588609155
v 0.008360076473860315 0.07788926156325525 0.0033050402121988466
v 0.008606518390403274 0.07653146034071819 0.0012858016075265048
v 0.008589878450404133 0.0764796564552023 0.001890968248365917
v 0.008533847291834233 0.07703015003858021 0.0024529678561866215
v 0.008461048602075853 0.07684498821449842 0.0030574329783153178
v 0.008542975184145846 0.0762789080169253 0.0024611329938122707
v 0.0073966139827586815 0.0792540514302068 0.005044666450729557
v 0.005419917260843425 0.08142353378259738 0.006015999548700432
v 0.006011854697692082 0.08058559680741696 0.0059149687471642485
v 0.004219376835776845 0.08016324575632551 0.006817360227717173
v 0.004860229195591583 0.0808289178620952 0.006453836165490427
v 0.004859947470520237 0.07938094971556658 0.006756746496540468
v 0.005477538652667286 0.08001878645296473 0.00637282600480954
v 0.006547056430461835 0.07971664306603453 0.005779959108056078
v 0.007022497989171872 0.07881864696225588 0.005605391543640716
v 0.006044474735663759 0.0791800373645208 0.0062531724775654685
v 0.007760511970989215 0.07829943091539396 0.004812228831369509
v 0.006557626941403251 0.07831375838150169 0.0060920685775928
v 0.0054566872720974765 0.07857449889315334 0.006649893532083558
v 0.007010620367031666 0.07742217722744679 0.005879652064749323
v 0.006006664902782739 0.07774221690849595 0.00649629516054057
v 0.0074293457794363475 0.07789425345212274 0.005380617311882557
v 0.0012505212466910253 0.07857209980626478 0.007545703356176308
v 0.0019641511086761322 0.07786576988325647 0.007608827001625005
v 1.5387269787513168e-06 0.0801174172362898 0.007290082790242763
v 0.004174546693514645 0.07868244290197746 0.007079148942898734
v 0.0035114839206991494 0.07943743256557319 0.007119405360118353
v 0.000851192314410225 0.07650451159141415 0.007946455640351659
v 1.5387269787513168e-06 0.07650561427731324 0.007973205086630014
v 0.0016939518523770218 0.07650127058894049 0.007867653645436595
v 0.0026774750312035956 0.07716609332854467 0.007615590265982411
v 1.5387269787513168e-06 0.07831151575680152 0.007631643472775114
v 0.004800265061893436 0.07790977301109435 0.0069840944381652885
v 0.005386038540445551 0.07711367849543604 0.006833125655841955
v 0.003332482562454331 0.07648873126212857 0.00756254073655603
v 0.0025232405663590226 0.07649598812743742 0.007738961167184426
v 0.0041152307603112325 0.0764796266528807 0.0073413460430184286
v 0.00486644810191857 0.07646890526768621 0.007080677708864403
v 0.007750035989286615 0.07694473658488338 0.005098570468595475
v 0.0073814110734540415 0.0765061134662 0.005601459034173745
v 0.007714177277147644 0.07639115846122019 0.00519003193093139
v 0.0070746078141454 0.07642063295727956 0.005906652502454877
v 0.007951424246155398 0.07637528127438942 0.004804133775765739
v 0.007420554560226525 0.07640646195336022 0.005562251751806593
v 0.005581668895649551 0.07645679807453745 0.006786217732970919
v 0.006510234730806265 0.07688525860155629 0.006296154410227382
v 0.006256427915538659 0.07644353604142681 0.00646364671723112
v 0.006682932665202692 0.07643311267944829 0.006210247355579098
v 1.2276991257599792e-06 0.08472353740244634 -0.006532666100081987
v 1.5387269787513168e-06 0.0832777373748139 0.006692350198827326
v -0.008237947491278597 0.07634492015926253 0.004065963797421288
v -0.008353151159379225 0.07660957967620417 0.0036582768855393487
v -0.008345655875497593 0.07633038407690362 0.003712339693900026
v -0.00822855696600791 0.07763317021377274 0.003931530181310233
v -0.0005678870797352439 0.08785383170196152 -0.004257125667030847
v 1.4558879297750763e-06 0.08773886179582092 -0.004424212383064101
v -0.00012870139857596726 0.08745460725242929 -0.0047484807341511
v 1.5387269787513168e-06 0.0881024799216252 -0.003937953512936924
v 1.4707340661455498e-06 0.08732810384783067 -0.0048816598587874335
v -8.391392980404252e-05 0.08677457042764987 -0.005385847153661545
v 1.6912093321127386e-06 0.08687285848427659 -0.005304520343313691
v 1.709447656257144e-06 0.08662374832862815 -0.005496615863779529
v 1.5097122795452121e-06 0.08610506127297457 -0.005859222107633344
v -0.0005187663344856345 0.08649223813400124 -0.005587960910796705
v 1.7276860940883838e-06 0.08637463817297972 -0.005688710918584091
v -0.0005986835881542086 0.08723459161323986 -0.004952029659335663
v -0.0010442157231740645 0.08764773374695788 -0.004448897552910593
v -0.0010414325821489938 0.08696602799216903 -0.005146942430514961
v -0.0014208044945461888 0.08799781416817674 -0.003891148035546377
v -0.0009414751880592355 0.08819491182205812 -0.003716547874841769
v -0.0014927705819449538 0.08739071107492545 -0.004631544340446375
v 1.5387269787513168e-06 0.084001829481494 -0.006746218826436348
v -0.0003285365150217225 0.08430587276642601 -0.0066622153950800685
v 1.263730007969911e-06 0.08464709444755018 -0.006562669121688434
v -4.282055101681902e-06 0.08473410977603286 -0.006532771339530127
v 1.5387269787513168e-06 0.08349948154865595 -0.0068449967587243124
v 1.5387269787513168e-06 0.08299712616523751 -0.006943774691012276
v -0.0006197522579164435 0.08385115639408026 -0.006763983804075775
v -0.0013192180426936696 0.08439924343998922 -0.006532580418407396
v -0.0010187270547976426 0.08484668059528491 -0.0064256254741312715
v -0.0011373796431312043 0.08290187794541368 -0.006923319122526175
v -0.0006859071254344424 0.08526622277756586 -0.006290171128505522
v -0.008031571070832525 0.07732020858410285 0.0045357308078347565
v -0.008184091902185274 0.07635219192573219 0.004242775383520644
v -0.0081302372444145 0.07635946369220184 0.00441958696962
v -0.00032115659872096106 0.08564857166249382 -0.006126267207286566
v 9.754823818562831e-07 0.08525864553729984 -0.006322644017514314
v 1.2917384650020404e-06 0.08583548437296944 -0.006029733296682597
v -0.0009233403589521777 0.08616348872446539 -0.005773884556724326
v -0.0019106664187883082 0.08708350129332378 -0.004800768907392935
v -0.0012958112294622402 0.08579113106785279 -0.005936998250759688
v -0.0014530442036715492 0.08664835759568683 -0.005326263465225035
v -0.0022973259301385055 0.08673078336664357 -0.004953070412285181
v -0.001832425545709562 0.08628584960636203 -0.005485117755578408
v -0.0016358715513666944 0.08538103622151808 -0.006073901268611815
v -0.0019445553837342305 0.08494104219604122 -0.0061844324914795724
v -0.0021799781246973596 0.08588469545650639 -0.005621029380576162
v -0.0024970054429588524 0.0854519433951776 -0.005733487044138397
v -0.002653101854411322 0.086338718924875 -0.005086078173572332
v -0.0029791786010595982 0.0859138048741262 -0.005198882289123131
v -0.003049157478967505 0.08451788648226664 -0.005893843092103492
v -0.0024799701565372755 0.08400057778398694 -0.006338201760710468
v 1.1916680161763779e-06 0.0847999803573425 -0.006502663078475541
v -0.0018409545976215869 0.08345470356045655 -0.006683212993290214
v -0.0018742623008810501 0.08774994080887459 -0.004058818225157146
v -0.00044143769184451975 0.0883442214532588 -0.003539831749303778
v 1.2706732040258573e-06 0.08845322344449962 -0.0033636513670626195
v -0.0007528069927847054 0.08861452851014306 -0.002985801002881331
v -0.0004870720020247322 0.08891185882213536 -0.0022906613859713892
v 1.263495926777253e-06 0.0889533436537983 -0.002200394810467002
v 1.0896299893024737e-06 0.08873530986899507 -0.0027820257663171417
v -0.00023290517238392966 0.08870909872715056 -0.0028370799675321925
v -0.0006920564154008239 0.0890594548198442 -0.0017378335590374624
v -0.0010094510822005944 0.08882328632234925 -0.002411375223938527
v -0.001255102073068049 0.088472900427334 -0.003139923010528003
v -0.001736727613509451 0.08828156207210124 -0.0032942769174896013
v -0.0015153438614942188 0.08868616584068172 -0.0025405736431659315
v -0.0020010740896590057 0.08849923822904529 -0.0026738147007518338
v -0.0017274033285551266 0.08883623543108311 -0.0019337776535254616
v -0.0012170707018354704 0.08897161992751762 -0.0018303528873747498
v -0.0024640058910480886 0.08826388184481385 -0.0028071914985993845
v -0.002218192151565038 0.08865240726089278 -0.0020446192396329746
v -0.002194839937118097 0.08804075186301755 -0.003445363977776772
v -0.0008527040837393575 0.08915349604564336 -0.0011866596445368474
v 1.5280117672066888e-06 0.08922698857070141 -0.0009887185616712156
v 1.5387256145093003e-06 0.08911335231845227 -0.0016199498938841656
v -0.001381323054103409 0.08906288208682786 -0.0012537280230609836
v -0.0004342541681864694 0.08925419809031943 -0.0006013791266519289
v -0.0005156413980847489 0.08926668526306854 -6.84935857878296e-05
v 1.5387174290572016e-06 0.08928009630778716 -0.00036102084183558126
v -0.0009740980199985629 0.08920050920796253 -0.0006347999273935462
v -0.0010592039626309514 0.08920711042219626 -7.843123395275514e-05
v 1.5205136657105465e-06 0.08927562595954762 0.00026793675368326606
v -0.001506015734834376 0.08910511942711112 -0.0006785300031013307
v -0.001895758738731988 0.08892669292771023 -0.0013317139465916935
v -0.0020233629665845935 0.08896617355324578 -0.0007322092811944254
v -0.0015927430518184887 0.089106311519975 -9.956248422476913e-05
v -0.0021112940179644577 0.08896337958559607 -0.00013036356194499435
v -0.0021546519721058963 0.0889221331725059 0.00047528041080507346
v -0.0016360954180246275 0.08906943114699878 0.0004833108268031135
v -0.0025219141302173214 0.08878346297011533 -0.0007945046898579609
v -0.0011022833349146495 0.0891753709496955 0.00048180493644757737
v -0.0023910600523268243 0.08874432507127815 -0.0014183452209378473
v -0.0005562802396264225 0.0892398780747921 0.00046923286782726907
v -0.002611489897220317 0.08877860519169503 -0.00016976656756677438
v -0.002298936652488565 0.08745262539804309 -0.004216138627270828
v -0.0026937654924158866 0.08711013711825104 -0.004360135063324301
v -0.0026262834902642737 0.08775220578531595 -0.003589494989938707
v -0.002901500013970357 0.08798248832429552 -0.002936856510424291
v -0.003029323568283465 0.08741956717281169 -0.003723691584460811
v -0.0031291329402954476 0.08814611052044313 -0.00227145472102471
v -0.0026860967497093356 0.08842143926851648 -0.002158395423095237
v -0.003311851439667573 0.08765855198969756 -0.0030597610518594415
v -0.003058724722692035 0.08672801920131545 -0.0044885211364575515
v -0.003394637865281765 0.08631220975981452 -0.004600041889534582
v -0.0034035243122223155 0.08704767890276424 -0.003845757237109135
v -0.0036943872875974306 0.08729636437532994 -0.0031736804261637513
v -0.0037492957368334212 0.0866418010849355 -0.003954212542013155
v -0.0039854244202893775 0.08540183824199274 -0.004771941214844468
v -0.003545958687528962 0.08782994514120157 -0.002380822256366362
v -0.0028638394255279588 0.08851691845633268 -0.0015100850323008647
v -0.0033121564478026666 0.08824707333543318 -0.0016037860925386617
v -0.0029986865488511715 0.08855816486942285 -0.0008633444438720156
v -0.0030906926020481426 0.08855335179448494 -0.0002164232952838038
v -0.0035466632330379646 0.088289713007058 -0.0002683265994818901
v -0.003135592593501585 0.08850768718721802 0.00043374269748359376
v -0.0026552632212190124 0.08873435619470396 0.00045843688951728784
v -0.0034514979009210803 0.08829246972180571 -0.0009361929011791557
v -0.003935842204716291 0.08747683978434061 -0.00248423817495285
v -0.00373481157570667 0.08793803071105329 -0.0016967814431142689
v -0.0040492139613612565 0.08690055974220094 -0.003277064446952905
v -0.004131129833221926 0.08759335941120425 -0.0017869171678003945
v -0.003879044567687819 0.08798929815478042 -0.0010107850853380137
v -0.004656318917257657 0.08728374309213363 -0.001158449535254286
v -0.003977872325732203 0.08799051259938549 -0.00032355481249462435
v -0.004298702233964955 0.08709089226907982 -0.0025801297058280223
v -0.004763984926300634 0.08729773528212338 -0.0004398221091549027
v -0.0045009393913379775 0.0872167549237641 -0.0018726014035286142
v 1.1196061380696798e-06 0.08495286626713482 -0.006442656569601374
v -0.003549975016025425 0.08498959017792264 -0.00536597692139806
v -0.0013569136721470075 0.08161422393733542 0.0069748524588413114
v 1.5387269787513168e-06 0.0801174172362898 0.007290082790242763
v 1.5387269787513168e-06 0.0819233112651977 0.006948521642049139
v -0.0008496296715868041 0.08136279665118282 -0.00720655293640311
v 1.5387269787513168e-06 0.08097671502547484 -0.007270952028083902
v -8.477292933718093e-05 0.08081649029398927 -0.007308040085988746
v 1.5387269787513168e-06 0.081992422848981 -0.007141330089926928
v -0.0003889035039303622 0.08235709150662159 -0.007074525392099734
v 1.5387269787513168e-06 0.08046886111372174 -0.007335762764331751
v 1.5387269787513168e-06 0.07996101465254905 -0.0074005735005796
v -0.0005007986195686251 0.07978953209408025 -0.007405734424489896
v -0.00011773041893809308 0.07819847555098433 -0.007513521971125635
v -0.0008798032416352016 0.07875141292473319 -0.007452963187979374
v 1.5387269787513168e-06 0.07842784166857479 -0.007492241250860319
v -0.0012577577393191014 0.08034271533698228 -0.0072886872034017315
v -0.0016264519222663233 0.07930820224854845 -0.007318889062372582
v 1.5387269787513168e-06 0.0794499495406439 -0.007431129262119415
v 1.5387269787513168e-06 0.07893889187931914 -0.007461685023659229
v -0.0012289133993800552 0.07771234008109501 -0.007447164308122394
v -0.0015891288218329472 0.0819144823274246 -0.007033548596887764
v -0.0020723575176286907 0.08237512936176813 0.00676740315481775
v -0.002287940294311206 0.0824670173698319 -0.006775311480250263
v -0.0026802757509417955 0.08144844852345243 -0.006818599352369821
v -0.0029315742817518707 0.0830088980822683 -0.006424353753189377
v -0.001988358044393248 0.0808979772918157 -0.007094851506751398
v -0.0035121568012414553 0.08352400140874984 -0.005983527591014189
v -0.003908283904803344 0.0824932881163196 -0.006017799795189397
v -0.004028502744835207 0.08399759010124684 -0.005464333430232192
v -0.003322693431132285 0.08198427191402424 -0.006458344697954514
v -0.0023466748494128413 0.07986333009293468 -0.007106535879462498
v -0.002674328790799381 0.07882050960735569 -0.007069738394193225
v -0.0030304495372462993 0.08040961409838703 -0.006815055670067434
v -0.003668547510619695 0.08093822532713238 -0.006446357179753419
v -0.0042541631299996005 0.08143944077174975 -0.006005370364438372
v -0.003980648132592193 0.07987967666633061 -0.006391948385065452
v -0.0033492698842469957 0.07935999868348394 -0.006766708853856796
v -0.004434280911151118 0.08296365070750374 -0.005505940265149172
v -0.0019644461050938146 0.07826906980026709 -0.007297104962269043
v 1.5387269787513168e-06 0.0832777373748139 0.006692350198827326
v 1.5387269787513168e-06 0.08372921274468598 0.006606960028194239
v -0.0005038634856650419 0.08373354153189794 0.0065978707857684464
v -0.0008328968321633087 0.07613161749301282 -0.00747673286775931
v -0.0004405418759668304 0.07586985625184647 -0.007484651437739872
v -0.0008826225296167404 0.07587077267323558 -0.007461858715314787
v -0.0004792216514209503 0.07715531978928737 -0.007521244032048168
v 1.5387269787513168e-06 0.0768928656441439 -0.007515120586282546
v 1.5387269787513168e-06 0.07586894728103777 -0.007507444625826234
v -0.0015613032323481776 0.07668385451220415 -0.007388214384681094
v 1.5387269787513168e-06 0.07791677655666963 -0.007522797012400133
v -0.0022834282693875566 0.0772348845373708 -0.0072252520305600915
v -0.0021799101381512168 0.07588083840735495 -0.007215210045165747
v -0.0017551679164128774 0.07587628610273102 -0.007326525441620524
v -0.0026072519139569766 0.07621410286861276 -0.007111866304076877
v -0.0032878717466526333 0.07674357836468443 -0.006866357107067645
v -0.004544877326597368 0.07775290104078846 -0.006173813551765561
v -0.00456205883065928 0.08037144477500174 -0.005951409535896909
v -0.0050900451419736495 0.08082771831865092 -0.005452716578405958
v -0.004783880304272968 0.0819038130962929 -0.005499970953265559
v -0.003936893667875133 0.07725874129580916 -0.006551871833706116
v -0.005105119063105128 0.07821996302485572 -0.00573988616137879
v -0.0034206427191814715 0.075897877884728 -0.006798943324292813
v -0.0026046521270589183 0.07588539071197889 -0.007103895114372245
v -0.004193230886510828 0.07591350175182521 -0.006417709698118359
v -0.004914258010679189 0.0759319419383133 -0.005968060651766651
v -0.005590443351053476 0.0760645399176785 -0.00544285946053777
v -0.005576491207933357 0.07595284081633316 -0.005458764587045038
v 1.5387269787513168e-06 0.08282626200494184 0.006777740835121689
v -0.004481441688094453 0.084416968370759 -0.004880213980528707
v -0.0048996613923545365 0.08338467555528413 -0.004933184347538346
v -0.004874211141033298 0.08477543814550742 -0.00424525177018084
v -0.004360129009727726 0.08574846159390637 -0.004127927480634079
v -0.004678865770529569 0.08602631608873505 -0.0034488333871058037
v -0.004945402833731818 0.08623666087456627 -0.00274552514011065
v -0.0052105224240131115 0.08506882710046851 -0.003572858309568489
v -0.00525576327951982 0.08232267727575751 -0.00493890173667221
v -0.005562484116782795 0.08124153100460485 -0.004903893322021302
v -0.005670739187338586 0.08269005794466341 -0.004331828445742506
v -0.005306300566367834 0.08374975399484667 -0.004311185215762599
v -0.005656802876701816 0.08405424431460262 -0.0036513301506396114
v -0.0060305784718966355 0.08300144750186907 -0.0036882391617842365
v -0.005979923838407333 0.08160778663587047 -0.004313156825600747
v -0.005493572301686441 0.08529716503796388 -0.0028731270396568807
v -0.0051626515136254745 0.08638233462253213 -0.0020268095585111523
v -0.005953800240882514 0.0842971332356177 -0.0029627053677968884
v -0.005725984775337641 0.08546195697523418 -0.0021544850325388256
v -0.005331100288887963 0.08646799394538214 -0.0012972915666553133
v -0.005908606417164577 0.08556663017926303 -0.0014220125363087336
v -0.005450231809842813 0.08649863073198379 -0.0005601728768467261
v -0.0061996684627347335 0.08447877093517066 -0.002253157259717375
v -0.006337572652328007 0.08325515466562383 -0.0030159842354011836
v -0.0066561860128919875 0.0821834259280958 -0.003036257031836866
v -0.0065939312913823505 0.08345068024704096 -0.002321987584090612
v -0.006395738867843563 0.0846012733780949 -0.0015278725945121268
v -0.006801005272418301 0.08358913438259995 -0.0016111065206115482
v -0.006542558608207072 0.08466728552043212 -0.0007909769564542417
v -0.006959597395473877 0.08367216365056904 -0.0008872265226421929
v -0.00713443783739636 0.08254177649355783 -0.0016710103511745884
v -0.0060414213946838975 0.08561505150127766 -0.0006796325725850988
v -0.006919304191013537 0.08238975485109183 -0.002362420486933438
v -0.006343772466542721 0.0819224097449694 -0.003688429151584417
v -0.006070811140391231 0.07905176072178717 -0.004736990076530379
v -0.0060638490386694215 0.07647341286882775 -0.004982743745708961
v -0.005614345278635498 0.07865454047838233 -0.005258303461774683
v -0.006607605900382597 0.08082677209494021 -0.0036571413705203774
v -0.0062452557702300055 0.08051200742481372 -0.004261180179751856
v -0.0069205242235539114 0.08109187864670582 -0.0030275349633263737
v -0.006831341707497613 0.07972037580681456 -0.0036007362859466906
v -0.006485746535679077 0.07684860174599205 -0.004493002194906417
v -0.00617480075366846 0.07597578115338241 -0.0048996213454848905
v -0.006859429464280181 0.07718793843027523 -0.003978847420441953
v -0.0064757711398470506 0.0794080474764786 -0.004182536044009001
v -0.007166188020106427 0.07602610982397924 -0.00367336710481545
v -0.006705284406400399 0.07600035316753909 -0.004300951843584249
v -0.007189294598230831 0.07748971673876585 -0.003444000521563712
v -0.007140086308661531 0.07998674150666762 -0.002995536117495482
v -0.007186221699477422 0.08130595617331704 -0.0023769104688261262
v -0.007478524266684051 0.07775179835488936 -0.002889862673048026
v -0.0074044776047088 0.08020556505299316 -0.002370197495886415
v -0.007406288095745814 0.08146871410213834 -0.0017083552212725688
v -0.007581989079704409 0.0815802120378129 -0.001024407423860147
v -0.007302566703362957 0.08264028806759652 -0.0009653225168567696
v -0.007626171021471876 0.08037604923368846 -0.0017270992517425827
v -0.007557056643720917 0.07605262643962013 -0.003027507256480514
v -0.007879418111886988 0.07607945597963778 -0.002373677382594133
v -0.007729722447489374 0.07797217907251834 -0.0023174965139243354
v -0.00794438158503302 0.07814951778718095 -0.0017289289513071889
v -0.008135573722625453 0.07610620356327102 -0.0017220922288836591
v -0.008123425551284499 0.07828267456007608 -0.0011262532490428148
v -0.007806443402166676 0.08049764270580399 -0.001068232203429725
v 1.5387269787513168e-06 0.07831151575680152 0.007631643472775114
v -0.0012474176142934688 0.07857213705916678 0.007545700096547383
v 1.5387269787513168e-06 0.07650561427731324 0.007973205086630014
v -0.0028147557003497083 0.08017731990269966 0.007109483980994221
v 1.5387269787513168e-06 0.08921070905252909 0.000907005601711107
v -0.0005508192552320797 0.08917367221736448 0.0010122256084920784
v -0.0010965603578454869 0.08910508217420912 0.0010453472800721984
v -0.0010398118480815226 0.08899142357021879 0.001616420530665984
v -0.0004962846737922165 0.0890634110780362 0.001563059823092616
v -0.0015710469616959152 0.08887790652725604 0.001663539398094574
v -0.0009304955936877748 0.08882845702514632 0.0021972124813139787
v 1.2573035185776992e-06 0.08898044886529072 0.0019181575117184645
v -0.001629789665869862 0.08899491044184563 0.0010698713311175568
v -0.0021476570412642016 0.08884366365974115 0.0010856046286143674
v -0.0031283489995390656 0.08842405442223661 0.001089883240823947
v -0.0026478354582222495 0.08865272763584994 0.0010921786016635051
v -0.002086981609968565 0.08872344109441908 0.0017026321277880873
v -0.002585573751793489 0.08852966639939577 0.0017323150072680038
v -0.0030651571347135877 0.08829887722094905 0.0017520761583778323
v -0.0035935171392011064 0.08824442092881105 0.0004027709840099282
v -0.0014576695007003308 0.08871209386047105 0.0022660330268004414
v 1.5261311595869965e-06 0.08880451831032357 0.0024174637451085273
v -0.00196992065187279 0.08855505052681596 0.002326863057639362
v -0.0012870691375169248 0.0884904539947546 0.0028689349240291237
v -0.0007659998751960141 0.0886102444264135 0.0027781386588244784
v 1.5387269787513168e-06 0.08858529988323686 0.002912039092775713
v -0.0005460571119961215 0.08833082530970097 0.0033496836242897904
v 1.7950348570887116e-06 0.08806693320254046 0.003793073018952954
v -0.0010592433110086848 0.08820595358220978 0.003461666546182212
v -0.0024655099769661844 0.08835892144838649 0.002378064377465458
v -0.0029429289662803054 0.08812619511903598 0.0024184875014215098
v -0.0017943221133946846 0.08833047513242222 0.002951119016784165
v -0.0022858192072037985 0.0881317830543354 0.0030226080342067416
v -0.001559794606232651 0.08804194395588141 0.0035642105140313513
v -0.0027601850883686957 0.0878969258589907 0.0030817723946651577
v -0.0020456255336481466 0.08783975010500697 0.0036546747627469556
v -0.0038386973465195846 0.08756313985710495 0.002465081568593228
v -0.0025155797398941464 0.08760201698562817 0.003730831801620291
v -0.003961120627027072 0.08773748343844706 0.0017637941751160486
v -0.004027360943389025 0.08794740354119553 0.0003671335191842196
v -0.004820859397439473 0.08726401395523645 0.00028319819078940155
v -0.00482336791472764 0.08718634910515481 0.0010104053385682902
v -0.004022999559887822 0.0878638750843397 0.0010633737265175111
v -0.005531502275176399 0.08641148874363433 0.0009295571115957679
v -0.00476816516756588 0.08706319846173585 0.0017390351979574767
v -0.0055179235923987924 0.08647869297883544 0.0001827482580379774
v -0.0061227496020155765 0.08561093133031689 7.00182117337251e-05
v -0.006638586810666443 0.08467983229782443 -4.501133542985802e-05
v -0.006150328856685897 0.08555722754679919 0.0008244247655498063
v -0.006681729862129491 0.08464150651225076 0.000707744543753964
v -0.006121233874565608 0.08545394015072459 0.0015802721772139934
v -0.00548769146544507 0.08629625806717976 0.0016764681341476658
v -0.007069174944050532 0.08370187656520119 -0.00015241557735269472
v -0.004652134485040937 0.08689073242665435 0.0024649819170803884
v -0.005383210113861491 0.08613038579575158 0.0024188311594424243
v -0.003654218181866865 0.0873316950275831 0.003159261224784856
v -0.004472852100216684 0.08666113534107152 0.003180743576382227
v -0.0034057038398197293 0.08703402198889244 0.0038352526172381256
v -0.004228035807184582 0.0863660476537794 0.0038751441888488195
v -0.0052153713548691895 0.08590774755226162 0.0031495309996140922
v -0.0066004901304400525 0.0844131760253358 0.002221065514462131
v -0.006032488614446489 0.08529948216846804 0.00233314366408528
v -0.006669774474556368 0.08455291166072346 0.001464472229850789
v -0.007136338201059441 0.08360744790922127 0.0013420934199950597
v -0.005881504930962358 0.08508875740303647 0.0030744833987283306
v -0.00647133757884823 0.08421756103695387 0.0029682718826776673
v -0.005665317493114317 0.08481532855296492 0.0037922460045286387
v -0.006278249268544195 0.08396053836492144 0.0036933365229305007
v -0.006986100506937782 0.08330381440621124 0.0028423337908668406
v -0.0049816131201333765 0.08562101941617745 0.00385703718300294
v -0.007089925741784953 0.08348320203048362 0.002095391219763565
v -0.007128686454989426 0.08368015067275701 0.0005915314384245582
v -0.0002683140266274664 0.08798786764334376 0.0038985301637381948
v 1.703134967386472e-06 0.0877457759344314 0.004219136088897695
v -0.00126455767450191 0.08768387651247457 0.004152651300366393
v 1.6209309730688945e-06 0.08756277477866539 0.004425526479182016
v -0.0009045220555088088 0.08725309885495157 0.004701582590166837
v 1.5387269787513168e-06 0.08737975872173857 0.004631916403805061
v -0.0004790702241951018 0.0867519206632362 0.005194716483357409
v 1.7169346164434849e-06 0.08662694462761943 0.005306699638080468
v -0.0022068344402383163 0.0872342712382827 0.004351936165256217
v -0.0030906241498407246 0.08666283407340254 0.004478946209321984
v -0.0018311123809141969 0.08678970255644072 0.004928738679346378
v -0.0013873718776497195 0.08626987556198606 0.0054426061408041964
v -0.0022520780897126737 0.08568852167459452 0.00559906739786559
v 1.677051796900074e-06 0.08618807563978285 0.005618166495057756
v -0.0027064664036902083 0.0862140707147958 0.0050732720228498715
v -0.0008782196440544079 0.08568298589335789 0.005875519320934122
v 1.5387269787513168e-06 0.08570828806439369 0.005903716973777578
v -0.0011436053015466778 0.08443831428360281 0.006372770125456545
v -0.00031043151734009135 0.08504337591782472 0.006213787312591285
v 1.5387269787513168e-06 0.08522712213163067 0.006117828028000607
v 1.5387269787513168e-06 0.08474597110002845 0.00633193954788491
v -0.0017292791285859529 0.08509287012341685 0.006037365484979064
v -0.003915104911158844 0.0859985924790695 0.004533597613534201
v -0.004679040393507676 0.08526385349299889 0.004526570319233897
v -0.0035315101494897447 0.08555470925062425 0.005138798480477322
v -0.003075670369318184 0.08503419680277287 0.005671854911753371
v -0.0025481217796022694 0.08444101139370734 0.0061146345229769845
v -0.00430464919410737 0.08483201785305922 0.005141249721428671
v -0.005380220568476298 0.08447339161612241 0.004471826248427965
v -0.0050223044649838015 0.08405865505819897 0.0050973411228296015
v -0.003856075359639526 0.08432414904014533 0.005683618446881214
v -0.004588074860429585 0.08356871234172565 0.005653232651706757
v -0.0033325000247521413 0.0837417520714979 0.00613840327143437
v -0.004075304031274279 0.08300331759754927 0.006126948004070546
v -0.0056810312328375795 0.08324239927198034 0.0050192152680857685
v -0.006016484302087657 0.08363692240528064 0.004381972248813185
v -0.0019526283204274397 0.08378204481029695 0.006454145364576995
v -0.0027356368229370398 0.08308922278955246 0.006497410419294081
v -0.0034843016422657263 0.08236484011023679 0.006512699010273311
v -0.00282041511465484 0.08166037283232827 0.006816264061075936
v -0.004192684200174034 0.08161084882441456 0.006499322424489034
v -0.004771228753093791 0.08222973873585745 0.006085984247374275
v -0.005267126811612478 0.0827738695235744 0.005590917859892652
v -0.0035361611743039674 0.08092278027396477 0.006835427419524044
v -0.007424171817010354 0.08268647421549138 -0.00024716500119147263
v -0.007713930942333195 0.08164082995994108 -0.00032686691562421104
v -0.007499272736112097 0.0826813184138551 0.0004818856995749519
v -0.007526553501905173 0.08262476105804452 0.0012196903957530328
v -0.0075038776604601 0.08251610179350206 0.0019628179204459442
v -0.007802354896172595 0.08165083608941726 0.000382566552470175
v -0.00794586704450012 0.08057003254496296 -0.0003949185961380684
v -0.008127487980247181 0.07947846291183178 -0.00045579702664575404
v -0.008044733452430324 0.08059286857388662 0.0002912496488563035
v -0.007846710063934344 0.08160970143503307 0.001101856439940837
v -0.008102926210638552 0.08056536103105265 0.00098693496257283
v -0.007845715411451046 0.08151645742133665 0.0018278295853411024
v -0.008232722771773632 0.07951174465447516 0.00020137763397094928
v -0.0068201318436256885 0.08306450921436818 0.003570394030101442
v -0.007427076612043506 0.0823530160391432 0.0027027583429577637
v -0.00729084787171751 0.08213169654838391 0.0034278111088480857
v -0.006586268835103012 0.08276063729278538 0.004265552739123657
v -0.006278234367383397 0.08238801886585881 0.004913523662848589
v -0.007088357860272189 0.0818481051066478 0.004125124665420142
v -0.005889982294472863 0.08194314471022046 0.005500685743322611
v -0.006811868218640387 0.0814982482028409 0.004781102169106603
v -0.007690119353038513 0.08116552018337185 0.0032673975517155344
v -0.008119885594272312 0.08048645938462475 0.0016881001199653346
v -0.007795573936686741 0.08136921905148696 0.0025528801393403687
v -0.007279778637550621 0.08057536716052882 0.004620579414405075
v -0.008016721132774298 0.0801681407876478 0.0030864571799218143
v -0.0075213259884325595 0.08090212726509809 0.003960870101261147
v -0.007882185071182754 0.07992487933761276 0.003769104268977976
v -0.0069562017934569256 0.08018132831495445 0.005231930735467765
v -0.00645389763277872 0.08107841544792439 0.005381846657648431
v -0.008093086787898812 0.08035462136446027 0.002389794384981504
v -0.0076784037810219904 0.0796215811107207 0.00442670693051402
v -0.008373416738065145 0.07841186762419883 0.0001156194454115011
v -0.008330237830683925 0.07613249666149993 -0.0010814483689047813
v -0.008266585659688158 0.07837049455124187 -0.0005108665655790482
v -0.00832960825664019 0.07942976591834237 0.0015394334505700468
v -0.008300074155937621 0.07949589726996599 0.000867482484584219
v -0.00844391692377036 0.07840572834594986 0.0007500411976421267
v -0.008320080826954668 0.07931218085848164 0.0022137155168982852
v -0.008478430806147269 0.07835107833872147 0.0013889114702400303
v -0.008469020723103035 0.07615802234994772 -0.0004596094537114472
v -0.008557534549568502 0.07618244535249641 0.00013556157868622266
v -0.008540353511167864 0.07730074766810005 0.0006381455872387591
v -0.00857062149403976 0.07725684139780735 0.0012435302739701676
v -0.00859342678931927 0.07642973011594703 0.0006871623154010761
v -0.00847734860934428 0.07824717999505412 0.002029286178001986
v -0.008267293464826086 0.07914235232886146 0.0028848244508836805
v -0.008568915311128333 0.07716683838658459 0.0018487108846478285
v -0.00843788567893718 0.0780934372685159 0.0026690866089966064
v -0.007999554064211909 0.07863959461410146 0.004195111692400361
v -0.008164205371777164 0.07891903608255518 0.0035481312302072516
v -0.00835699007092993 0.07788933606905925 0.0033050558118515577
v -0.008603441300698391 0.07653146779129859 0.0012860332740107937
v -0.0085867948414414 0.0764796341034611 0.0018910818697170054
v -0.008530766476839148 0.07703021709380381 0.0024529815931942324
v -0.008457967787080769 0.07684507017088281 0.003057449276459941
v -0.008539898094440961 0.0762789080169253 0.0024611329938122707
v -0.0073935145413126 0.0792541035842696 0.005044678092261431
v -0.005416814559768418 0.08142357103549938 0.006016002342668081
v -0.0060087515309558 0.08058564151089936 0.0059149738694382736
v -0.004216272272056739 0.08016328300922751 0.006817361624700998
v -0.0048571255631940265 0.0808289476644168 0.006453838493796801
v -0.00485684197547758 0.07938098696846858 0.006756750221830667
v -0.005474433623285905 0.08001882370586673 0.0063728301957610145
v -0.0065439537293868295 0.07971668776951693 0.005779966092975202
v -0.007019396219419416 0.07881869911631868 0.005605401788188765
v -0.006041370171943653 0.0791800820680032 0.006253179928145868
v -0.007757415789172058 0.07829949052003717 0.004812243732530307
v -0.00655452284334442 0.0783138105355645 0.006092077890818299
v -0.00545358084573227 0.07857453614605533 0.006649900051341407
v -0.007007518131617934 0.07742222938150958 0.005879666034587571
v -0.006003558476417533 0.07774226161197834 0.006496305405088619
v -0.007426246337990266 0.07789430560618554 0.005380632213043355
v -0.0019610442166496512 0.07786579968557807 0.007608825138979905
v -0.003508378425656493 0.07943746236789478 0.007119405825779628
v -0.00417143933582689 0.07868248015487946 0.007079152202527659
v -0.0008481148754593846 0.07650451159141415 0.007946455640351659
v -0.0016908742970108625 0.07650127058894049 0.007867653645436595
v -0.0026743648795481897 0.07716612313086627 0.007615591662966236
v -0.004797157238544405 0.07790981026399635 0.006984100491761863
v -0.005382930251435245 0.07711372319891843 0.0068331359003900045
v -0.0033294050070881713 0.07648873126212857 0.00756254073655603
v -0.002520163243823501 0.07649598812743742 0.007738961167184426
v -0.004112153204945073 0.0764796266528807 0.0073413460430184286
v -0.004863370546552411 0.07646890526768621 0.007080677708864403
v -0.007746941204453282 0.07694480364010697 0.005098590026369023
v -0.0073783125633305096 0.07650617307084319 0.005601478591947293
v -0.007711099721781485 0.07639115846122019 0.00519003193093139
v -0.007071530258779241 0.07642063295727956 0.005906652502454877
v -0.007948347156450514 0.07637528127438942 0.004804133775765739
v -0.007417477470521641 0.07640646195336022 0.005562251751806593
v -0.006507129235763608 0.07688531075561908 0.006296167914404356
v -0.005578591340283392 0.07645679807453745 0.006786217732970919
v -0.0062533503601725 0.07644353604142681 0.00646364671723112
v -0.006679855109836533 0.07643311267944829 0.006210247355579098
v 1.2276991257599792e-06 0.08472353740244634 -0.006532666100081987
v -0.008298273909448655 0.07474358926579605 -0.0009358392896484888
v -0.006398461123656934 0.07460174511615542 -0.0009685551374274879
v -0.00838049758341207 0.07531057843417788 -0.0007062141479738335
v -0.006398461123656934 0.07505196878852041 -0.0008319813420967527
v -0.006398461123656934 0.07635083592009953 0.0004668892528380939
v -0.00859342678931927 0.07642973011594703 0.0006871623154010761
v -0.008557534549568502 0.07618244535249641 0.00013556157868622266
v -0.008474222159544251 0.07579888947354377 -0.0003427417450447773
v -0.006398461123656934 0.07612905449335548 5.19609370568191e-05
v -0.006398461123656934 0.07546689161095384 -0.0006101975870463365
v -0.008603441300698391 0.07653146779129859 0.0012860332740107937
v -0.006398461123656934 0.0764874125093979 0.0009171126632686262
v -0.006398461123656934 0.07583057679198171 -0.0003117267832802006
v -0.006398461123656934 0.07653353160206917 0.0013853294872977792
v -0.006398461123656934 0.0764874125093979 0.0018535461949116135
v -0.0085867948414414 0.0764796341034611 0.0018910818697170054
v -0.008539898094440961 0.0762789080169253 0.0024611329938122707
v -0.006398461123656934 0.07635083592009953 0.002303769750861294
v -0.008508261067420708 0.0761104131411966 0.002746386846299949
v -0.006398461123656934 0.07612905449335548 0.0027186979283993777
v -0.008474992363293021 0.07590514220061725 0.003004397185896548
v -0.008441768362647732 0.07566524841292267 0.003232888325951376
v -0.006398461123656934 0.07583057679198171 0.00308238567056427
v -0.006398461123656934 0.07505196878852041 0.0036026403748999703
v -0.008367563375838995 0.07479073653856241 0.0036935905411559873
v -0.008385864795267168 0.07510307231947877 0.0035806024894015818
v -0.008411300145427607 0.07539671459417344 0.0034260055072544587
v -0.006398461123656934 0.07546689161095384 0.0033808563870189167
v -0.006398461123656934 0.07413352829212626 0.0037853295376117733
v -0.00835835166449789 0.07413352829212626 0.0037853295376117733
v -0.00835816074337516 0.07446563791342217 0.0037621049143541693
v -0.006398461123656934 0.07460174511615542 0.0037392141702307057
v 0.008444629385521037 0.07566375084626244 0.0032343712242814612
v 0.008414239399395106 0.07539534368737998 0.003426852777944234
v 0.006401538679023093 0.07546689161095384 0.0033808563870189167
v 0.006401538679023093 0.07505196878852041 0.0036026403748999703
v 0.008388821744363114 0.0751017982702305 0.003581333111941982
v 0.008370616251157582 0.07479022244851487 0.003693739552763972
v 0.006401538679023093 0.07612905449335548 0.0027186979283993777
v 0.008542975184145846 0.0762789080169253 0.0024611329938122707
v 0.008511225467097054 0.07610973513838026 0.002747257865714747
v 0.008477755597298589 0.07590305603810547 0.0030066721740553267
v 0.006401538679023093 0.07583057679198171 0.00308238567056427
v 0.008589878450404133 0.0764796564552023 0.001890968248365917
v 0.006401538679023093 0.07635083592009953 0.002303769750861294
v 0.008361225725886896 0.07446481089899785 0.003762225520624382
v 0.006401538679023093 0.07460174511615542 0.0037392141702307057
v 0.006401538679023093 0.0764874125093979 0.0018535461949116135
v 0.006401538679023093 0.07653353160206917 0.0013853294872977792
v 0.008596490840508455 0.07642963325840184 0.0006868302989120351
v 0.006401538679023093 0.07635083592009953 0.0004668892528380939
v 0.008560728054592124 0.07618235594553162 0.00013507296904156422
v 0.006401538679023093 0.0764874125093979 0.0009171126632686262
v 0.008606518390403274 0.07653146034071819 0.0012858016075265048
v 0.008477626143464152 0.07580022312743523 -0.0003415572482804473
v 0.006401538679023093 0.07612905449335548 5.19609370568191e-05
v 0.008301231789867152 0.07474256853628136 -0.000936106986673927
v 0.008383528106989457 0.0753103102132835 -0.0007063647311886213
v 0.006401538679023093 0.07505196878852041 -0.0008319813420967527
v 0.006401538679023093 0.07546689161095384 -0.0006101975870463365
v 0.008250719648727986 0.07413352829212626 -0.0010146704466008963
v 0.006401538679023093 0.07460174511615542 -0.0009685551374274879
v 0.006401538679023093 0.07583057679198171 -0.0003117267832802006
v 0.006401538679023093 0.07413352829212626 -0.0010146704466008963
v -0.006398461123656934 0.07280016497329868 -0.0006101975870463365
v -0.006398461123656934 0.07352239443487897 0.0004707129139820453
v -0.006398461123656934 0.0732150877957321 -0.0008319813420967527
v -0.006398461123656934 0.07243646489111 -0.0003117267832802006
v -0.006398461123656934 0.07213800209089703 5.19609370568191e-05
v -0.006398461123656934 0.0732189099434769 0.0007742022075160006
v -0.006398461123656934 0.0736653114680971 -0.0009685551374274879
v -0.006398461123656934 0.07371257795014985 0.00036906199714677483
v -0.006398461123656934 0.07391892922488708 0.0003064656839881311
v -0.006398461123656934 0.07413352829212626 0.00028532949334102815
v -0.006398461123656934 0.07191622066415299 0.0004668892528380939
v -0.006398461123656934 0.07311726167509014 0.0009643776901298916
v -0.006398461123656934 0.07305466189857576 0.0011707300708126444
v -0.006398461123656934 0.0717796440748546 0.0009171126632686262
v -0.006398461123656934 0.07173352498218334 0.0013853294872977792
v -0.006398461123656934 0.07303353205256354 0.0013853294872977792
v -0.006398461123656934 0.07305466189857576 0.0015999287873675952
v -0.006398461123656934 0.07335571005018728 0.0006075120602660277
v -0.006398461123656934 0.07460174511615542 -0.0009685551374274879
v -0.006398461123656934 0.07413352829212626 -0.0010146704466008963
v -0.006398461123656934 0.07434812735936544 0.0003064656839881311
v -0.006398461123656934 0.07505196878852041 -0.0008319813420967527
v -0.006398461123656934 0.07455447863410267 0.00036906199714677483
v -0.006398461123656934 0.07546689161095384 -0.0006101975870463365
v -0.006398461123656934 0.07474465469879314 0.0004707129139820453
v -0.006398461123656934 0.07583057679198171 -0.0003117267832802006
v -0.006398461123656934 0.0750481466407756 0.0007742022075160006
v -0.006398461123656934 0.07612905449335548 5.19609370568191e-05
v -0.006398461123656934 0.07491134653406524 0.0006075120602660277
v -0.006398461123656934 0.07514979490916238 0.0009643776901298916
v -0.006398461123656934 0.0764874125093979 0.0009171126632686262
v -0.006398461123656934 0.07635083592009953 0.0004668892528380939
v -0.006398461123656934 0.07521239468567675 0.0011707300708126444
v -0.006398461123656934 0.07653353160206917 0.0013853294872977792
v -0.006398461123656934 0.07311726167509014 0.0018062812262580074
v -0.006398461123656934 0.07191622066415299 0.002303769750861294
v -0.006398461123656934 0.0717796440748546 0.0018535461949116135
v -0.006398461123656934 0.0732189099434769 0.0019964565924565796
v -0.006398461123656934 0.07213800209089703 0.0027186979283993777
v -0.006398461123656934 0.07243646489111 0.00308238567056427
v -0.006398461123656934 0.07335571005018728 0.002163147030744849
v -0.006398461123656934 0.0732150877957321 0.0036026403748999703
v -0.006398461123656934 0.07371257795014985 0.0024015970356564427
v -0.006398461123656934 0.07352239443487897 0.002299945973302024
v -0.006398461123656934 0.07280016497329868 0.0033808563870189167
v -0.006398461123656934 0.0736653114680971 0.0037392141702307057
v -0.006398461123656934 0.07413352829212626 0.002485329219320063
v -0.006398461123656934 0.07391892922488708 0.002464193319711257
v -0.006398461123656934 0.07413352829212626 0.0037853295376117733
v -0.006398461123656934 0.07460174511615542 0.0037392141702307057
v -0.006398461123656934 0.07635083592009953 0.002303769750861294
v -0.006398461123656934 0.07521239468567675 0.0015999287873675952
v -0.006398461123656934 0.07514979490916238 0.0018062812262580074
v -0.006398461123656934 0.07583057679198171 0.00308238567056427
v -0.006398461123656934 0.0750481466407756 0.0019964565924565796
v -0.006398461123656934 0.07491134653406524 0.002163147030744849
v -0.006398461123656934 0.07612905449335548 0.0027186979283993777
v -0.006398461123656934 0.07523352453168898 0.0013853294872977792
v -0.006398461123656934 0.0764874125093979 0.0018535461949116135
v -0.006398461123656934 0.07474465469879314 0.002299945973302024
v -0.006398461123656934 0.07455447863410267 0.0024015970356564427
v -0.006398461123656934 0.07434812735936544 0.002464193319711257
v -0.006398461123656934 0.07505196878852041 0.0036026403748999703
v -0.006398461123656934 0.07546689161095384 0.0033808563870189167
v 0.006401538679023093 0.07280016497329868 0.0033808563870189167
v 0.006401538679023093 0.07352239443487897 0.002299945973302024
v 0.006401538679023093 0.0732150877957321 0.0036026403748999703
v 0.006401538679023093 0.07243646489111 0.00308238567056427
v 0.006401538679023093 0.07213800209089703 0.0027186979283993777
v 0.006401538679023093 0.0732189099434769 0.0019964565924565796
v 0.006401538679023093 0.0736653114680971 0.0037392141702307057
v 0.006401538679023093 0.07371257795014985 0.0024015970356564427
v 0.006401538679023093 0.07391892922488708 0.002464193319711257
v 0.006401538679023093 0.07413352829212626 0.002485329219320063
v 0.006401538679023093 0.07191622066415299 0.002303769750861294
v 0.006401538679023093 0.07311726167509014 0.0018062812262580074
v 0.006401538679023093 0.07305466189857576 0.0015999287873675952
v 0.006401538679023093 0.0717796440748546 0.0018535461949116135
v 0.006401538679023093 0.07173352498218334 0.0013853294872977792
v 0.006401538679023093 0.07303353205256354 0.0013853294872977792
v 0.006401538679023093 0.07305466189857576 0.0011707300708126444
v 0.006401538679023093 0.07335571005018728 0.002163147030744849
v 0.006401538679023093 0.07460174511615542 0.0037392141702307057
v 0.006401538679023093 0.07413352829212626 0.0037853295376117733
v 0.006401538679023093 0.07434812735936544 0.002464193319711257
v 0.006401538679023093 0.07505196878852041 0.0036026403748999703
v 0.006401538679023093 0.07455447863410267 0.0024015970356564427
v 0.006401538679023093 0.07546689161095384 0.0033808563870189167
v 0.006401538679023093 0.07474465469879314 0.002299945973302024
v 0.006401538679023093 0.07583057679198171 0.00308238567056427
v 0.006401538679023093 0.0750481466407756 0.0019964565924565796
v 0.006401538679023093 0.07612905449335548 0.0027186979283993777
v 0.006401538679023093 0.07491134653406524 0.002163147030744849
v 0.006401538679023093 0.07514979490916238 0.0018062812262580074
v 0.006401538679023093 0.0764874125093979 0.0018535461949116135
v 0.006401538679023093 0.07635083592009953 0.002303769750861294
v 0.006401538679023093 0.07521239468567675 0.0015999287873675952
v 0.006401538679023093 0.07653353160206917 0.0013853294872977792
v 0.006401538679023093 0.07311726167509014 0.0009643776901298916
v 0.006401538679023093 0.07191622066415299 0.0004668892528380939
v 0.006401538679023093 0.0717796440748546 0.0009171126632686262
v 0.006401538679023093 0.0732189099434769 0.0007742022075160006
v 0.006401538679023093 0.07213800209089703 5.19609370568191e-05
v 0.006401538679023093 0.07243646489111 -0.0003117267832802006
v 0.006401538679023093 0.07335571005018728 0.0006075120602660277
v 0.006401538679023093 0.0732150877957321 -0.0008319813420967527
v 0.006401538679023093 0.07371257795014985 0.00036906199714677483
v 0.006401538679023093 0.07352239443487897 0.0004707129139820453
v 0.006401538679023093 0.07280016497329868 -0.0006101975870463365
v 0.006401538679023093 0.0736653114680971 -0.0009685551374274879
v 0.006401538679023093 0.07413352829212626 0.00028532949334102815
v 0.006401538679023093 0.07391892922488708 0.0003064656839881311
v 0.006401538679023093 0.07413352829212626 -0.0010146704466008963
v 0.006401538679023093 0.07460174511615542 -0.0009685551374274879
v 0.006401538679023093 0.07635083592009953 0.0004668892528380939
v 0.006401538679023093 0.07521239468567675 0.0011707300708126444
v 0.006401538679023093 0.07514979490916238 0.0009643776901298916
v 0.006401538679023093 0.07583057679198171 -0.0003117267832802006
v 0.006401538679023093 0.0750481466407756 0.0007742022075160006
v 0.006401538679023093 0.07491134653406524 0.0006075120602660277
v 0.006401538679023093 0.07612905449335548 5.19609370568191e-05
v 0.006401538679023093 0.07523352453168898 0.0013853294872977792
v 0.006401538679023093 0.0764874125093979 0.0009171126632686262
v 0.006401538679023093 0.07474465469879314 0.0004707129139820453
v 0.006401538679023093 0.07455447863410267 0.00036906199714677483
v 0.006401538679023093 0.07434812735936544 0.0003064656839881311
v 0.006401538679023093 0.07505196878852041 -0.0008319813420967527
v 0.006401538679023093 0.07546689161095384 -0.0006101975870463365
v -0.00399846107334294 0.07196316677124857 -0.001974657824022879
v -0.00399846107334294 0.07352239443487897 0.0004707129139820453
v -0.00399846107334294 0.07136427421759722 -0.0015010532990425288
v -0.00399846107334294 0.07335571005018728 0.0006075120602660277
v -0.00399846107334294 0.07086627742371233 -0.0009222806885133645
v -0.00399846107334294 0.0732189099434769 0.0007742022075160006
v -0.00399846107334294 0.07048732600344641 -0.0002594281617635095
v -0.00399846107334294 0.072641132334677 -0.002325838137173192
v -0.00399846107334294 0.07337348713501984 -0.002541798565149693
v -0.00399846107334294 0.07391892922488708 0.0003064656839881311
v -0.00399846107334294 0.07371257795014985 0.00036906199714677483
v -0.00399846107334294 0.07311726167509014 0.0009643776901298916
v -0.00399846107334294 0.07024123333285967 0.0004633526718701506
v -0.00399846107334294 0.07303353205256354 0.0013853294872977792
v -0.00399846107334294 0.07013695500959197 0.0012197264845018416
v -0.00399846107334294 0.07305466189857576 0.0011707300708126444
v -0.00399846107334294 0.0702126007523854 0.002176741778836442
v -0.00399846107334294 0.06975722127838414 0.0012497412640554803
v -0.00399846107334294 0.07413352829212626 0.00028532949334102815
v -0.00399846107334294 0.07413352829212626 -0.0026146703637282406
v -0.00399846107334294 0.07491388718198137 -0.002537811340482915
v -0.00399846107334294 0.07455447863410267 0.00036906199714677483
v -0.00399846107334294 0.07566425748572958 -0.0023101884258752356
v -0.00399846107334294 0.07635581290780621 -0.0019405488341245416
v -0.00399846107334294 0.07434812735936544 0.0003064656839881311
v -0.00399846107334294 0.07474465469879314 0.0004707129139820453
v -0.00399846107334294 0.07696195487618601 -0.0014430975624232512
v -0.00399846107334294 0.07491134653406524 0.0006075120602660277
v -0.00399846107334294 0.07745940032712137 -0.0008369514030919771
v -0.00399846107334294 0.07782904597246863 -0.00014540423195105796
v -0.00399846107334294 0.0750481466407756 0.0007742022075160006
v -0.00399846107334294 0.07514979490916238 0.0009643776901298916
v -0.00399846107334294 0.07805666865424568 0.0006049681527209637
v -0.00399846107334294 0.07521239468567675 0.0011707300708126444
v -0.00399846107334294 0.07813352884164419 0.0013853294872977792
v -0.00399846107334294 0.07305466189857576 0.0015999287873675952
v -0.00399846107334294 0.07311726167509014 0.0018062812262580074
v -0.00399846107334294 0.07040511629932125 0.00283410602179971
v -0.00399846107334294 0.06951476449103222 0.002231899589685169
v -0.00399846107334294 0.0732189099434769 0.0019964565924565796
v -0.00399846107334294 0.07335571005018728 0.002163147030744849
v -0.00399846107334294 0.07070696911361588 0.003448986124003988
v -0.00399846107334294 0.07352239443487897 0.002299945973302024
v -0.00399846107334294 0.07371257795014985 0.0024015970356564427
v -0.00399846107334294 0.0721656064912762 0.0048677584727462855
v -0.00399846107334294 0.071600308604645 0.004480942964868979
v -0.00399846107334294 0.07110930045517459 0.0040033505167299385
v -0.00399846107334294 0.07345107002871709 0.005326680697727392
v -0.00399846107334294 0.07391892922488708 0.002464193319711257
v -0.00399846107334294 0.07413352829212626 0.002485329219320063
v -0.00399846107334294 0.07278861657367987 0.005152453531704021
v -0.00399846107334294 0.07413352829212626 0.005385329803985073
v -0.00399846107334294 0.07782904597246863 0.0029160633375138498
v -0.00399846107334294 0.07514979490916238 0.0018062812262580074
v -0.00399846107334294 0.07805666865424568 0.0021656909382899133
v -0.00399846107334294 0.07491134653406524 0.002163147030744849
v -0.00399846107334294 0.0750481466407756 0.0019964565924565796
v -0.00399846107334294 0.07745940032712137 0.0036076103776875356
v -0.00399846107334294 0.07523352453168898 0.0013853294872977792
v -0.00399846107334294 0.07521239468567675 0.0015999287873675952
v -0.00399846107334294 0.07696195487618601 0.004213756304188172
v -0.00399846107334294 0.07474465469879314 0.002299945973302024
v -0.00399846107334294 0.07434812735936544 0.002464193319711257
v -0.00399846107334294 0.07455447863410267 0.0024015970356564427
v -0.00399846107334294 0.07566425748572958 0.005080847400470794
v -0.00399846107334294 0.07491388718198137 0.0053084705479091105
v -0.00399846107334294 0.07635581290780621 0.0047112078087201
v 0.004001538628709099 0.0721656064912762 0.0048677584727462855
v 0.004001538628709099 0.07352239443487897 0.002299945973302024
v 0.004001538628709099 0.071600308604645 0.004480942964868979
v 0.004001538628709099 0.07335571005018728 0.002163147030744849
v 0.004001538628709099 0.07110930045517459 0.0040033505167299385
v 0.004001538628709099 0.07070696911361588 0.003448986124003988
v 0.004001538628709099 0.07278861657367987 0.005152453531704021
v 0.004001538628709099 0.07345107002871709 0.005326680697727392
v 0.004001538628709099 0.07391892922488708 0.002464193319711257
v 0.004001538628709099 0.07371257795014985 0.0024015970356564427
v 0.004001538628709099 0.0732189099434769 0.0019964565924565796
v 0.004001538628709099 0.07040511629932125 0.00283410602179971
v 0.004001538628709099 0.07311726167509014 0.0018062812262580074
v 0.004001538628709099 0.0702126007523854 0.002176741778836442
v 0.004001538628709099 0.07013695500959197 0.0012197264845018416
v 0.004001538628709099 0.07303353205256354 0.0013853294872977792
v 0.004001538628709099 0.07305466189857576 0.0015999287873675952
v 0.004001538628709099 0.06975722127838414 0.0012497412640554803
v 0.004001538628709099 0.06951476449103222 0.002231899589685169
v 0.004001538628709099 0.07413352829212626 0.002485329219320063
v 0.004001538628709099 0.07413352829212626 0.005385329803985073
v 0.004001538628709099 0.07491388718198137 0.0053084705479091105
v 0.004001538628709099 0.07455447863410267 0.0024015970356564427
v 0.004001538628709099 0.07566425748572958 0.005080847400470794
v 0.004001538628709099 0.07635581290780621 0.0047112078087201
v 0.004001538628709099 0.07434812735936544 0.002464193319711257
v 0.004001538628709099 0.07474465469879314 0.002299945973302024
v 0.004001538628709099 0.07696195487618601 0.004213756304188172
v 0.004001538628709099 0.07491134653406524 0.002163147030744849
v 0.004001538628709099 0.07745940032712137 0.0036076103776875356
v 0.004001538628709099 0.07782904597246863 0.0029160633375138498
v 0.004001538628709099 0.0750481466407756 0.0019964565924565796
v 0.004001538628709099 0.07514979490916238 0.0018062812262580074
v 0.004001538628709099 0.07805666865424568 0.0021656909382899133
v 0.004001538628709099 0.07521239468567675 0.0015999287873675952
v 0.004001538628709099 0.07813352884164419 0.0013853294872977792
v 0.004001538628709099 0.07305466189857576 0.0011707300708126444
v 0.004001538628709099 0.07311726167509014 0.0009643776901298916
v 0.004001538628709099 0.07024123333285967 0.0004633526718701506
v 0.004001538628709099 0.0732189099434769 0.0007742022075160006
v 0.004001538628709099 0.07048732600344641 -0.0002594281617635095
v 0.004001538628709099 0.07335571005018728 0.0006075120602660277
v 0.004001538628709099 0.07352239443487897 0.0004707129139820453
v 0.004001538628709099 0.07136427421759722 -0.0015010532990425288
v 0.004001538628709099 0.07086627742371233 -0.0009222806885133645
v 0.004001538628709099 0.07196316677124857 -0.001974657824022879
v 0.004001538628709099 0.07371257795014985 0.00036906199714677483
v 0.004001538628709099 0.072641132334677 -0.002325838137173192
v 0.004001538628709099 0.07391892922488708 0.0003064656839881311
v 0.004001538628709099 0.07413352829212626 0.00028532949334102815
v 0.004001538628709099 0.07337348713501984 -0.002541798565149693
v 0.004001538628709099 0.07413352829212626 -0.0026146703637282406
v 0.004001538628709099 0.07782904597246863 -0.00014540423195105796
v 0.004001538628709099 0.07514979490916238 0.0009643776901298916
v 0.004001538628709099 0.07805666865424568 0.0006049681527209637
v 0.004001538628709099 0.07491134653406524 0.0006075120602660277
v 0.004001538628709099 0.0750481466407756 0.0007742022075160006
v 0.004001538628709099 0.07745940032712137 -0.0008369514030919771
v 0.004001538628709099 0.07523352453168898 0.0013853294872977792
v 0.004001538628709099 0.07521239468567675 0.0011707300708126444
v 0.004001538628709099 0.07696195487618601 -0.0014430975624232512
v 0.004001538628709099 0.07474465469879314 0.0004707129139820453
v 0.004001538628709099 0.07434812735936544 0.0003064656839881311
v 0.004001538628709099 0.07455447863410267 0.00036906199714677483
v 0.004001538628709099 0.07566425748572958 -0.0023101884258752356
v 0.004001538628709099 0.07491388718198137 -0.002537811340482915
v 0.004001538628709099 0.07635581290780621 -0.0019405488341245416
v -0.00399846107334294 0.07278861657367987 0.005152453531704021
v -0.006914524643687427 0.07344872309589133 0.005326272778450534
v -0.007083419988112596 0.07279228225923629 0.005153757383273887
v -0.00726044764104353 0.07217900263483402 0.004875289612546087
v -0.00399846107334294 0.0721656064912762 0.0048677584727462855
v -0.00399846107334294 0.071600308604645 0.004480942964868979
v -0.00399846107334294 0.07345107002871709 0.005326680697727392
v -0.007413412713252583 0.07161561209678503 0.004493401266619051
v -0.00399846107334294 0.07070696911361588 0.003448986124003988
v -0.007542545241409582 0.07112467100253822 0.004021004201324651
v -0.007657467184438864 0.07071754893778279 0.0034664623916529445
v -0.00773073293245602 0.07041112146712304 0.0028494670231071963
v -0.00399846107334294 0.07040511629932125 0.00283410602179971
v -0.007749125155832808 0.0702126007523854 0.002176741778836442
v -0.00399846107334294 0.07110930045517459 0.0040033505167299385
v -0.00399846107334294 0.0702126007523854 0.002176741778836442
v 0.006786321109773958 0.07262332544752283 -0.002318628769314382
v 0.006922913997216966 0.07194568025905157 -0.0019632998798655194
v 0.004001538628709099 0.07196316677124857 -0.001974657824022879
v 0.006741728454761984 0.07298628792225198 -0.00244666815762843
v 0.004001538628709099 0.072641132334677 -0.002325838137173192
v 0.006716421161452156 0.0733612607325847 -0.0025394132152687507
v 0.004001538628709099 0.07337348713501984 -0.002541798565149693
v 0.006712260943621733 0.07374649299212717 -0.0025957875661982905
v 0.004001538628709099 0.07136427421759722 -0.0015010532990425288
v 0.004001538628709099 0.07086627742371233 -0.0009222806885133645
v 0.007099830357103187 0.07135410417535228 -0.00149126079167624
v 0.007289089534743291 0.07086584529004918 -0.0009216724184729582
v 0.004001538628709099 0.07024123333285967 0.0004633526718701506
v 0.007467023364515281 0.07048989645368416 -0.00026511732018257884
v 0.00760921676011214 0.07024400494876819 0.0004517265068184186
v 0.004001538628709099 0.07048732600344641 -0.0002594281617635095
v 0.0076990227966156 0.07013695500959197 0.001219722759211642
v 0.004001538628709099 0.07013695500959197 0.0012197264845018416
v -0.00399846107334294 0.0702126007523854 0.002176741778836442
v -0.007749125155832808 0.0702126007523854 0.002176741778836442
v -0.00399846107334294 0.06951476449103222 0.002231899589685169
v -0.007598460915983294 0.05912417016509767 0.003053185681826479
v -0.007715429905977266 0.05912417016509767 0.0030531803267218167
v 0.0074156194820345816 0.07161910641899227 0.004496230624525661
v 0.007545852367784292 0.0711238514386943 0.004020071016129647
v 0.007328876565397758 0.06678701014932693 0.005260133510585246
v 0.006917882061479833 0.07344747884896466 0.005326057642941506
v 0.007085508013269482 0.07279579893318473 0.005155009546442234
v 0.0059750409142781844 0.05770078520859633 0.008819080655225813
v 0.00726322065393587 0.07218006061725071 0.004875881002365277
v 0.007734163924729869 0.07040919176679963 0.0028445573234547375
v 0.007735373247060919 0.06466838545874154 0.0026149614020250854
v 0.007703871727471677 0.05893569283273821 0.003816674595012632
v 0.007743806838411579 0.06744048565498308 0.0023958517068460826
v 0.007660534029595699 0.07071758619068479 0.003466527118570163
v 0.007637642121319048 0.05874829210924644 0.004575811205092444
v 0.007350265319078863 0.05837671303828557 0.00608101238194161
v 0.006479735779941994 0.057848600998426966 0.008220305448215757
v 0.006549732585808986 0.0763618776802512 0.005304739669774194
v 0.006833285843320539 0.07635716146285848 0.005020554044251255
v 0.006760051760270079 0.07472422520733844 0.005341472893787524
v 0.00536182741377696 0.057578469030182086 0.00931455263367792
v 0.006240180993655577 0.07636452263629293 0.005546268394205134
v 0.005891579046984674 0.0763676667812214 0.005754208505212495
v 0.004664366009750107 0.05748853307418291 0.009678873908007384
v 0.0068009377515334335 0.07530400702226575 0.005210244424231966
v 0.00691215815308812 0.07584851778958307 0.004998937582206699
v 0.006796255527413789 0.07413352829212626 0.005385329803985073
v 0.003914667189560388 0.057423411276203394 0.009942669157622713
v 0.004585604061704689 0.07638054883473168 0.006336014084040742
v 0.007071241083127495 0.0763510892398331 0.00471432215132698
v 0.003201531394188006 0.06023837093619153 0.009629635816116486
v 0.00320153837910713 0.07637907361981262 0.006777738972476589
v 0.007718507461343425 0.05912417016509767 0.0030531803267218167
v 0.007519785115273742 0.05856196426933216 0.005330589924130616
v 0.007752239498439688 0.0702126007523854 0.002176742244497717
v 0.007132825252401201 0.05819349209039777 0.006823202414072724
v 0.006862992704356115 0.05801501343693408 0.007546192766176282
v 0.0016780863070781247 0.059637991991750544 0.01002611565809415
v 0.0024599266982795074 0.05989774902678949 0.009854586533497852
v 0.0015884046021350778 0.05729745548926412 0.010452877452781957
v 0.0023787915075462957 0.05732775327445761 0.0103301580117036
v 0.0008519490721896818 0.059471676410788606 0.01013593721317888
v 0.0031511009766025935 0.057369781998489695 0.010159902936355571
v 0.0007992551915620453 0.05727933940302338 0.010526270326327176
v 9.639485796270444e-06 0.05941451183267547 0.010173686510094157
v -0.004581604497014125 0.07637890225646345 0.006336463912832346
v -0.003198454071652484 0.06023837093619153 0.009629635816116486
v -0.003886986420732129 0.057421489026460396 0.009950463396042863
v -0.006234130656710122 0.0763646269444185 0.00554830193699285
v -0.005341168351313705 0.057575634084340174 0.00932604422262119
v -0.00654691486943425 0.07636185532850999 0.005304511961410742
v -0.0058884814681836916 0.0763676667812214 0.005754217352776719
v -0.00683263903980963 0.07635724341924287 0.005017760076601542
v -0.0067574687371779185 0.0747256110152927 0.0053414910545772475
v -0.0031984664116762704 0.07637902146574983 0.006777746423056988
v -0.004633762285098973 0.05748585086523919 0.009689746167454967
v -0.006797885807537396 0.07530419328677573 0.005210189010540246
v -0.006793177972047629 0.07413352829212626 0.005385329803985073
v -0.006909335780100635 0.07585070826022045 0.004998352245984084
v -0.0070681621307775114 0.0763510892398331 0.004714324479633355
v -0.00726044764104353 0.07217900263483402 0.004875289612546087
v -0.007083419988112596 0.07279228225923629 0.005153757383273887
v -0.006463733795889536 0.05784421260657181 0.008238068563210084
v -0.006914524643687427 0.07344872309589133 0.005326272778450534
v -0.005955179529578922 0.057696735818149346 0.00883547379474923
v -0.007325799941354148 0.06678701014932693 0.005260132113601421
v -0.007542545241409582 0.07112467100253822 0.004021004201324651
v -0.007413412713252583 0.07161561209678503 0.004493401266619051
v -0.007343733022713833 0.058373431057619704 0.00609431306493807
v -0.00773073293245602 0.07041112146712304 0.0028494670231071963
v -0.007657467184438864 0.07071754893778279 0.0034664623916529445
v -0.007631276066029176 0.05874441780743884 0.004591512371961283
v -0.006853559803909408 0.05801157499407984 0.007560108587716954
v -0.007715429905977266 0.05912417016509767 0.0030531803267218167
v -0.007749125155832808 0.0702126007523854 0.002176741778836442
v -0.0008371841173141345 0.05947011178890477 0.010136970981209274
v -0.0007779202217581972 0.057279011577485814 0.01052759280434804
v -0.0024501126540792516 0.05989539464338333 0.009856139979511092
v -0.0016612296017554922 0.05963431140503332 0.0100285464099494
v -0.002354152903827299 0.05732677724842531 0.010334120789153444
v -0.0031248123021558037 0.05736834776176285 0.010165719045679724
v -0.0015631682057543612 0.057296781211737986 0.010455626716949275
v 9.51579542960594e-06 0.05727319639948421 0.010551158058828272
v -0.007126762342601323 0.0581912420151172 0.006832320527497563
v -0.007512642802638525 0.0585577211637948 0.0053477663059185035
v -0.007699811626815369 0.05893499247818068 0.0038195256061685267
v -6.571000092935626e-05 0.08406751379829366 -0.005904127687022086
v 1.5047580346624319e-06 0.08382022903484304 -0.005967016639188208
v 1.266013976479137e-06 0.08409423903018572 -0.005889805343188381
v 1.4191087608191153e-06 0.08539698046357244 -0.005358591999238592
v 1.4449752441985654e-06 0.08587424974278667 -0.00506221768984378
v -0.0005766073438082959 0.08562081079992627 -0.00520449956108288
v -0.0006870056203820546 0.08630271772038589 -0.0047047309260467894
v -0.0002196316141567355 0.08589964877136766 -0.005041626613926669
v 1.5180670113408575e-06 0.08632085988365804 -0.004723380194447351
v -0.00029764585571372837 0.08653118976832845 -0.00453379971052753
v 1.4815211277697116e-06 0.08609755108793214 -0.004892798942145566
v -0.0007041970779537186 0.08689182021139265 -0.004142908269510567
v -0.0010881626224129985 0.0866750008711945 -0.004305449665839013
v -0.001039876574998741 0.08603436271556623 -0.004863807802489591
v 1.911315343240805e-06 0.08673733987739489 -0.004341367516959902
v 1.7146912341342486e-06 0.08652909615523627 -0.004532373855703626
v -4.507828151408983e-05 0.08519109857540036 -0.00546819609050792
v 1.4789972800392577e-06 0.08514334780562166 -0.005484887718908582
v -0.00033860929226787323 0.08366118894564097 -0.005998605703097141
v 1.5210543602964041e-06 0.08284546960121107 -0.006158816930405726
v -0.0003709466447418252 0.084867229296026 -0.005612279139558534
v 1.5388855718857303e-06 0.0848897151476709 -0.0056111839042398476
v -0.0006647696542188334 0.08451086803553057 -0.005733374819771133
v 1.0272700319826767e-06 0.084368241574948 -0.005812593581527279
v -0.0008993013523323414 0.08530552458917182 -0.005349386807155337
v -0.0013617624865877663 0.08572792779432607 -0.005006745790465098
v -0.0011927908901288244 0.08495624883063606 -0.005473073892363045
v -0.0014393747169453269 0.08641651043482342 -0.004457906701597093
v -0.0017632506319928604 0.08611898640774075 -0.004596885637412957
v -0.0016569445867033819 0.0853866316073979 -0.005131077350877339
v -0.0009342651217085129 0.08412130698877614 -0.005831522712354087
v -0.0008143110683191191 0.08276980895725683 -0.006161785055372271
v -0.000159512022352329 0.08227617820348589 -0.006281053015080682
v -0.0014619695333285584 0.08457605316344348 -0.005575196203927715
v -0.001929072728418663 0.08501407278511453 -0.005235905154449482
v -0.001939051383879614 0.08373785541794909 -0.0057252276101045696
v -0.0020628149539517328 0.08578587095809093 -0.004719958515399002
v -0.002340777016534934 0.08542094898071678 -0.004825775849180419
v -0.001408235598243316 0.08326094376659403 -0.005981496376532847
v -0.0024140332184959543 0.08419126793872496 -0.0053911449819866765
v -0.0004828169348133673 0.0877576596101682 -0.0029441524912802424
v 1.4590725253888363e-06 0.08759640669858754 -0.0032333048599618203
v 1.434781855225234e-06 0.0877518183551352 -0.002978885700117653
v -1.7569247108841236e-05 0.08784367656087737 -0.002803536756082922
v 1.5069416176966135e-06 0.0878141499107552 -0.0028502602770890772
v 1.5791013801679929e-06 0.087876496367536 -0.0027216348540605017
v 1.7234209051107515e-06 0.088001159478776 -0.002464383542342075
v -0.0007266776909092681 0.08796284859436314 -0.0024806269717655956
v -0.001157140212164439 0.08784705912437862 -0.0026078186237285935
v 1.9215776264359677e-06 0.0881931609356643 -0.001951380697456524
v -0.00026868210276148645 0.08804062520315076 -0.0023603995170001454
v -0.0006314448961151749 0.08737595892573496 -0.0035478017748552227
v 1.379035970574912e-06 0.08711134411227571 -0.003927644703632032
v -0.0002842364408095669 0.08706883855109808 -0.003973448077958882
v 1.483363081865604e-06 0.08744100249262028 -0.0034877242526366254
v -0.0010444567028838523 0.0872080228435362 -0.003706979001302776
v -0.0009186615108767766 0.08763604378631147 -0.0030896618608160357
v -0.0013266842227456159 0.0874739862120477 -0.0032358683252804326
v -0.001708891430230676 0.08727238840760519 -0.0033770663699020805
v -0.0015647867279307763 0.0876902765610375 -0.002737396556895084
v -0.0014256191992985572 0.08700006224343274 -0.0038594816718658014
v 1.6827102180370177e-06 0.0883335149692251 -0.0014416109388029662
v -0.00047140348965279944 0.08819483731625413 -0.0019086135510576812
v -0.0009245236624594907 0.0881210765703017 -0.0020075363040021553
v -0.0006308952411877532 0.08830601487697153 -0.001457085445046222
v -0.0007546214419425568 0.08837775651563576 -0.0010043800309163648
v 1.8932048030986083e-06 0.08843447778421513 -0.0008786745369123768
v -0.0010831152034384728 0.08823247019785067 -0.0015353958180702547
v -0.0008494700079771549 0.08841460708629038 -0.0005467394803869046
v 2.131336202929677e-06 0.08848085019661998 -0.00033009287141793156
v -0.001747850165892322 0.08821988616755636 -0.000631131971738407
v -0.0013543759346138367 0.08800844614640646 -0.002114508477745453
v -0.001765081030049379 0.08785606687608129 -0.0022249672902849554
v -0.0015162751840441231 0.08812090520695252 -0.001620828829540638
v -0.0016466450906239887 0.08818939839256269 -0.0011272219409100342
v -0.0019313700683186398 0.08797114854092788 -0.0017113432532586184
v -0.002577382071475167 0.08788449084030438 -0.0007385486773763061
v -0.0009158057849004727 0.08841962877747947 -8.469675733893914e-05
v -0.0018181794539096302 0.08821708474932624 -0.0001313413778628198
v -0.001950669167028397 0.08749408787796484 -0.0028650876305754682
v -0.0017789965023440946 0.08675103404416869 -0.004003072516948792
v -0.0021080211176934564 0.08646294990245185 -0.004135648144572787
v -0.0020673016003358974 0.08703173466070989 -0.0035104552749427803
v -0.002315081361721796 0.08725981927847168 -0.002987621039974482
v -0.0026588830391398536 0.08698837973336673 -0.0031029199358058378
v -0.002155992843747121 0.08766455715749935 -0.0023366675557834806
v -0.0025267106741799663 0.08743532515035607 -0.0024463515079614626
v -0.0024035549084869792 0.0867527923811429 -0.003634789396492034
v -0.0027007625187333182 0.08578241388878569 -0.004359383020365253
v -0.0032872757002206945 0.08634285399699658 -0.003305302612327282
v -0.0032163566521986597 0.08498732520148128 -0.0045220892607850316
v -0.0030143823606153483 0.08609050283887447 -0.003849121639820665
v -0.002839122357884133 0.08461151792614384 -0.004986056460018971
v -0.002877856528395933 0.0871700695869825 -0.0025508919985269603
v -0.002327530583077006 0.08778332685964356 -0.0018047465231110836
v -0.0035224332470877385 0.08653970578172478 -0.002738010298455471
v -0.003062615089813624 0.08729890502324607 -0.0019891915780754126
v -0.002467539328802426 0.08785472577160944 -0.0012721948686570824
v -0.0032144930757763007 0.0873785666288747 -0.001423147003589836
v -0.003334035775636934 0.08741370356603749 -0.0008557107421764052
v -0.00372182730954654 0.08668243655043292 -0.0021565602520106503
v -0.004091019633642642 0.0857939473872437 -0.00288940655782921
v -0.0038862974748758374 0.08677446611952429 -0.001566756125877868
v -0.0038393220311199326 0.08558041375300161 -0.0034635692381516665
v -0.004015991357699791 0.08681989975879882 -0.0009726130261927402
v -0.004482435874916476 0.08606000016272 -0.0016939520852076592
v -0.0034190205881301752 0.08740956104333551 -0.00028577658637264164
v -0.0041093052205874656 0.08682337917984527 -0.00037451494888412465
v -0.004305167475106391 0.085952823563677 -0.0022975783185495294
v -0.0026545102469374146 0.08787815784696502 -0.0002020661723736255
v -0.003548505621872313 0.08531139564652641 -0.004011074905958845
v -0.004622982226583828 0.08611912051818793 -0.0010828957605626514
v 1.5373506859303764e-06 0.08187071761815949 -0.006350618152945794
v -0.0005865523552421317 0.08133771054697858 -0.006417599336396195
v 1.539224699713656e-06 0.08088525170049382 -0.006476733196041102
v 1.54109882718377e-06 0.07989977833224775 -0.006602847773475136
v -0.00030169739984410945 0.07987082537681632 -0.006601665925159307
v 1.5283558972553413e-06 0.07890833704910188 -0.006662672674452071
v 1.5271662782169868e-06 0.0769172811961122 -0.006715600200624415
v 1.5156129673269124e-06 0.07791688831537562 -0.006722497575429007
v -0.00031399647454197704 0.07739507946653476 -0.006726607967503011
v -0.0009562098167442516 0.08037530417564855 -0.006510354871415202
v -0.001284091932155518 0.07939854053588918 -0.00655724882444799
v -0.0009568458518381769 0.07790528031111361 -0.006671809414327909
v -0.0006462887805768267 0.07888870476974989 -0.006660093376650111
v -0.0015776964882869141 0.0808834859129392 -0.006360659207017588
v -0.001894089459476603 0.07990885313917401 -0.006393901834113877
v -0.0015816724206677748 0.07841662109449354 -0.0065575175110036375
v -0.0012221890177391075 0.08184005102923624 -0.006282867697069171
v -0.0018100939443619973 0.0823411919680496 -0.006086178893787204
v -0.0021597474706070608 0.08138757728159067 -0.006148965866134112
v -0.0023455602891512433 0.08282924223710153 -0.005821320073819884
v -0.002830451512113885 0.08329231816065522 -0.005486652109479376
v -0.0031917695040505453 0.08234347184565177 -0.00553427063145599
v -0.0032694806874290334 0.08372152374571397 -0.005085405293030026
v -0.0036423608159921192 0.08277628351162376 -0.0051343779579942
v -0.0026981478306744616 0.08187775841663678 -0.005873421516890462
v -0.002471208041157137 0.08041211004282077 -0.006169272423012228
v -0.002183178614640106 0.07892448990740743 -0.00638237392359116
v -0.003010916210915241 0.08089975052995073 -0.00588391798768916
v -0.003510255739086463 0.08136311702613998 -0.0055397393574690285
v -0.003295316971947207 0.07990438279093447 -0.005853932661211162
v -0.003968540939443435 0.08179495266607967 -0.005140245755719874
v -0.00425777945546088 0.08078948939062244 -0.005107450163447539
v -0.0027561929742585304 0.07942280707624949 -0.006147143733565223
v -0.0037964588420831315 0.08036201979079671 -0.005505976586728618
v -0.0006220644989772188 0.0764183903325794 -0.006700515103622338
v 1.538719589107061e-06 0.07591765917568798 -0.006708702825819823
v -0.0005588995260903693 0.07591753996640159 -0.006668234532720101
v -0.0012460319227545298 0.07692811434001269 -0.006635261523502009
v -0.0018613694207461294 0.07743588629538138 -0.006510753011805286
v -0.0021490803349510927 0.07645796036507974 -0.006421048023798491
v -0.0011193377134484995 0.0759174133065348 -0.0066277662396203784
v -0.0013930295457250702 0.07591920144583061 -0.0065677983806320325
v -0.0015510348191588874 0.07596191562325944 -0.006554321212012365
v -0.0016667212615863224 0.07592100448628723 -0.0065078300559824115
v -0.002214104809724145 0.07592459566603967 -0.0063878934066831684
v -0.0032920557132080793 0.0774259025176464 -0.005982059361014264
v -0.0027330412269904562 0.07694802229083944 -0.006229655651857831
v -0.0027795342456655102 0.07593133844130097 -0.006196817218748201
v -0.0043107232797778465 0.07832436800799021 -0.005333011828421642
v -0.003819530961273189 0.07788636328747996 -0.0056815648806586745
v -0.004237277786508558 0.07595485247304096 -0.0054585033510697895
v -0.003305669786242582 0.0759389007804062 -0.0059740136655056396
v -0.004783842585709697 0.07625902241783974 -0.0050627145504241544
v -0.004728713413029379 0.07596529073618029 -0.0051133868790419045
v -0.005171356585499431 0.07597658581606553 -0.004750270736092016
v -0.00520864068680103 0.07664848660704898 -0.0046854045861524475
v -0.004763065245282604 0.07873538672629443 -0.004941798615463688
v -0.0036628412973564303 0.08410750851387676 -0.0046266292856892545
v -0.004048793469229975 0.08316794562205078 -0.004680697681985231
v -0.0040117086709540555 0.08444386496600025 -0.00412023103108167
v -0.004318889115895409 0.08472719563742237 -0.003575632486614017
v -0.004732004241259466 0.08380712346392079 -0.003643835099588618
v -0.00458593235290353 0.08495646489746764 -0.0030021201022620314
v -0.00441135733790777 0.0835126839771234 -0.004181190282924389
v -0.004383850726396342 0.08218811979374732 -0.004691433968340529
v -0.004677079959540127 0.0811807566202883 -0.004664098254517009
v -0.004755907100164038 0.08253749986040868 -0.004199979715368711
v -0.005085990163591366 0.08283972520372325 -0.0036726376464282376
v -0.005388850203223713 0.08183796486672446 -0.0036666450514808773
v -0.005011825689313552 0.08404983357100627 -0.003076896455455133
v -0.00537508851556505 0.08309300768439526 -0.003116412471247578
v -0.005053802259282844 0.08153129152691152 -0.004181888774836817
v -0.004813941533538783 0.08513175470252045 -0.002408370078900623
v -0.005251687812041437 0.08424025550484994 -0.0024882577630782375
v -0.005003711075936234 0.0852551512150926 -0.0018002538231303446
v -0.005155709435338486 0.08532944095225337 -0.001182374163823462
v -0.005615594647836194 0.0844696290730208 -0.0012673391857125182
v -0.004725747150707933 0.08613420794349638 -0.0004660035650931348
v -0.005269221821688488 0.08535811823621002 -0.0005572493389472574
v -0.005452656042440215 0.08437956645715484 -0.0018835282617606867
v -0.0056241143865227205 0.0832963116717492 -0.002538071645135613
v -0.005938192671929941 0.08231252213467335 -0.0025600536512810075
v -0.005834082918043774 0.0834502555639582 -0.001942852111205774
v -0.006005882591840819 0.08355606125620775 -0.001335215370133378
v -0.006333055737960971 0.08259925027075753 -0.0013848181912178817
v -0.005740023065793626 0.08451315536371314 -0.0006428901517615879
v -0.006139598158265898 0.08361542003024845 -0.0007180528291899219
v -0.006154496525096719 0.08247915436530226 -0.001978946098703914
v -0.005683288293037273 0.08209881713708209 -0.00312416689562872
v -0.00517439269701212 0.07911506085285906 -0.004514066848340155
v -0.005593019854887786 0.07701034639587905 -0.004279560761596769
v -0.005314232640525369 0.08050308162949543 -0.004131755216314187
v -0.005649376976350153 0.0808113270417726 -0.0036304501319013916
v -0.005544538462568686 0.07945991841721808 -0.004055164181132596
v -0.0059447910921960135 0.08107702218938974 -0.003104076638412819
v -0.005874885555938912 0.07976728466100814 -0.0035695639888788395
v -0.0059377768364114085 0.07734191212480582 -0.0038499984800013996
v -0.005913101911112965 0.07600062883901386 -0.003999548858081228
v -0.006246260667261352 0.07764152976498068 -0.003399631383963715
v -0.006284470037516281 0.0760167891478998 -0.003534552547429645
v -0.006604778870782362 0.0760343948693832 -0.0030659853132910904
v -0.006166959017798265 0.08003520008158424 -0.0030611566387004734
v -0.006520697208331891 0.07790749313349218 -0.00293087695399263
v -0.006201714578376874 0.081298676956267 -0.0025572038042783
v -0.006422287614112414 0.08026206280416057 -0.0025334914008351833
v -0.006604741617880367 0.08160808465908644 -0.0014157100437828928
v -0.006421328351886013 0.08147574745003522 -0.0019934065111056427
v -0.00682811327787837 0.08058934444935778 -0.0014307353033111384
v -0.006642256687174342 0.08044696385792839 -0.0019892632899117554
v -0.006762924890336534 0.07813805879452693 -0.0024458190242935547
v -0.007117286135656046 0.07607175207950496 -0.0021136891467321748
v -0.006974587031914589 0.07833175153316585 -0.0019455661015315145
v -0.007200869540542319 0.07650360262060545 -0.0018370963611279703
v -0.007293728918025639 0.07689307426039509 -0.0015103400982642197
v -0.007157033119440867 0.07848727494841949 -0.0014310980534443262
v -0.0064745427254037265 0.08267372627242829 -0.0007797457303713286
v 1.6770474768003551e-06 0.08847711745583996 0.00021843035358650722
v -0.0018546139562150789 0.08818460766936598 0.0003725773032152188
v -0.0009514789892290339 0.088394930103456 0.00037996909387849154
v 1.729116047095305e-06 0.08841940526006749 0.0007892529619990498
v -0.0009520061759999393 0.08834000442475283 0.000846118352743027
v -0.0018540612162817106 0.08812238787245197 0.0008791355997822389
v -0.0009137146747376405 0.08825219933474784 0.0013158396701438912
v 1.927409078935333e-06 0.08822782848626194 0.0016449669638043797
v 1.87282780221973e-06 0.08357935177053576 0.005821124496084404
v 1.8004964863147807e-06 0.08284108865993632 0.00596075815165285
v -0.0002887765509288619 0.08352468686214656 0.005829084044257162
v -0.0018137427496972042 0.08802808587633884 0.0013883988935916266
v -0.0026952400088430225 0.08784049516304689 0.0003389669492308662
v -0.003466302204174361 0.08737103409209107 0.0002886086218315823
v -0.00269645794590766 0.08777240430877828 0.0008839785352494013
v -0.0034724996900827 0.08730005241262755 0.0008670635640597402
v -0.00265548301334079 0.08767234301401655 0.001432237642999453
v -0.00417698629293412 0.08671992787100188 0.0008332798967696163
v -0.0034345322308601085 0.087196280728827 0.0014482772291998635
v -0.004163952433848208 0.08678929277451876 0.0002279473349971728
v -0.001731551904853676 0.08789709722233989 0.0019032515778919254
v -0.0008357722323284793 0.08812673901140512 0.0017945839314465264
v -0.0007156889579352862 0.0879602483418038 0.0022742321576991625
v -0.0025703086767086426 0.08753614640431852 0.0019832087620148264
v -0.0016055536263230616 0.08772462373667798 0.0024181824932864157
v 1.8260635185716176e-06 0.0879028416198277 0.002485683354719664
v -0.000551448014368584 0.08774797385564918 0.002748985003383545
v -0.001434775846193899 0.08750507748405371 0.002926279713055664
v -0.0003409413821404933 0.08748729294864073 0.0032104148143302694
v 1.6989002464805406e-06 0.08743273234837713 0.0033035920056337454
v -0.0012173319378107185 0.0872343010406043 0.003418817094153021
v -0.0024399034962871995 0.08735844261121636 0.0025309665854023923
v -0.003350385608661781 0.08705629177370576 0.0020297164490200416
v -0.002263159198242074 0.08713315196110427 0.003068437019903714
v -0.0020382387488435795 0.08685507394886362 0.0035871068460901143
v -0.0030413299457661956 0.08664519109901715 0.003164620986059556
v -0.0009490863051830107 0.08690940358113483 0.003885865574043319
v -0.0017620690165076694 0.08652025231630237 0.004077168073357913
v -0.0032196041739301763 0.0868747062282156 0.00260419903863839
v -7.667665137256488e-05 0.08717741585925613 0.0036490421239651336
v -0.0028137782773335835 0.08636253097983096 0.003702400619647446
v -0.004789152986889251 0.08610905478406856 0.0001556998863249327
v -0.005343030530752239 0.08534458798220501 7.312148033341056e-05
v -0.004810945003234465 0.08604579935647906 0.0007795454378154398
v -0.004145556485181221 0.08661567189947537 0.0014391423519691257
v -0.004788712005661872 0.08594511221296379 0.0014022721071256406
v -0.004067628070817967 0.08647410342130951 0.0020421551929965653
v -0.005375267329494632 0.08529094380333052 0.0007059846933806009
v -0.005824944781184112 0.08451296164862275 -1.2776123755678552e-05
v -0.006234966053037387 0.08363007532189375 -9.361013259790533e-05
v -0.0058688808537984034 0.08447088077052788 0.0006212018614653698
v -0.005363981562834889 0.08519787860356366 0.001338429829914373
v -0.005870320678460555 0.0843877695461744 0.0012572869557701248
v -0.004720355258805261 0.08580542128105853 0.0020201662019320465
v -0.005307589982438176 0.08506394697030702 0.0019670756943134696
v -0.006291224919970738 0.08360113726762312 0.0005366430126233907
v -0.003942219901538036 0.08629053602143315 0.0026356998597357197
v -0.004604763694862598 0.08562289696243805 0.0026272932767390077
v -0.0037685408188352838 0.08605919550003688 0.0032122951545585266
v -0.004441146620989013 0.08539291244667445 0.0032153990197867203
v -0.003545178937724054 0.0857754252443712 0.0037626832656576597
v -0.0052050690648221465 0.08488627297952644 0.0025847336988534747
v -0.00574154298419507 0.08409330025705541 0.0025174018724630344
v -0.0058281047585959376 0.08426277115881643 0.0018922928218625186
v -0.006281938702825641 0.08341467904255186 0.001806831637885001
v -0.0056094479190068255 0.08387663737904565 0.0031215582611664374
v -0.005055574566095312 0.08466130270437153 0.0031819582538179397
v -0.00485781893283243 0.08438607826442378 0.003748266159754502
v -0.0042282588589352835 0.08511164558602292 0.003774506172598059
v -0.006101240242064259 0.08304957080066772 0.003042686417060131
v -0.005430108257845754 0.08361045794370256 0.0036941954351521504
v -0.006213746334399089 0.08325557934870659 0.0024345339561257255
v -0.0063073209676007365 0.08352933602431568 0.0011711824607412605
v 1.5369532367562474e-06 0.08713898576555688 0.0036974115247476076
v 1.5319182742208265e-06 0.08680303909535535 0.004077313359675698
v -0.000624962250883587 0.08652855226286713 0.004317772460158073
v 1.80373349155934e-06 0.0861389241608891 0.00467276048555367
v -0.00024189602931347346 0.08609545002425956 0.004702644297873729
v -0.001430851136553283 0.08612707028747392 0.004527349370546892
v -0.002199476759263434 0.0856253333022286 0.004667929249826041
v -0.00253425368834228 0.0860230154816182 0.0042073995621237995
v -0.003269809677119787 0.08543611836240962 0.004276360271654023
v -0.00180667028625323 0.08517133963618159 0.0050712999473504486
v -0.001042020013847346 0.08567800890565119 0.004924885797957423
v -0.002551068018488892 0.08458769097002708 0.005147500758383629
v -0.0005956034716510372 0.08517966938506794 0.005257688323230472
v -0.0013550379885315 0.08466662986935698 0.00540490201303259
v -0.0029394157847914284 0.08504003060722547 0.004741883245207577
v 1.674328656148382e-06 0.08573326240989193 0.00493641463980269
v 1.5449239344242587e-06 0.08532758575773396 0.005200068794051709
v 1.5493685212270559e-06 0.08490284307033434 0.005389092347086687
v -0.0008465811618426701 0.08411951884948032 0.005658487173533318
v -9.460044133462285e-05 0.08464357032302135 0.005516107979087754
v 1.5538132217166875e-06 0.08447810038293473 0.00557811543446039
v -0.003964050102107796 0.08477643652328092 0.004294125714954725
v -0.004609655466555971 0.08405822292453581 0.004273719506563769
v -0.003645575042942477 0.08438550456973304 0.004763949536043738
v -0.003269299079531802 0.08393694237679707 0.005174684200970239
v -0.0039472248289212225 0.08323424833702357 0.005169777528116068
v -0.002103406647289317 0.08408010527916837 0.005482356849879217
v -0.0028316165966238154 0.08342709170949698 0.005519348050238871
v -0.004307750032537277 0.08367545680710549 0.004749712408223349
v -0.005201209198514067 0.08329271304141637 0.004225869550933504
v -0.005735036299200163 0.08248903383491164 0.004157618509186308
v -0.004918902050574287 0.08292101848645932 0.00470940616524731
v -0.004576986999811699 0.0824913658665766 0.005140524221162295
v -0.005154327818335703 0.08171606592081256 0.00508980718906215
v -0.003521920554024016 0.0827291436894378 0.005530013090419101
v -0.004167190642354226 0.08199780961860965 0.0055173498977080515
v -0.005474610108909112 0.08213075032467321 0.00464854377094978
v -0.001597824464066086 0.0835135929479321 0.005740478016859255
v -0.0023288316406792223 0.08284955251926984 0.005796426287722213
v -0.0017576554789436722 0.08220035364676287 0.00601474785119336
v 1.7281651704098313e-06 0.08210281809875647 0.006100391341560021
v 1.583502311226263e-06 0.0806262844269772 0.006379658187035639
v -0.0011221829038384574 0.08149297319191826 0.006193934309794972
v -0.0024545925483749295 0.08150860450959585 0.006076835865966563
v -0.003681763676094751 0.08143442653114107 0.005840242219727567
v -0.0030254106165900413 0.0821542271035112 0.005830290106959288
v -0.0016004006186544405 0.08059420222777808 0.0063377551915477885
v -0.003117508405058178 0.08080025547929934 0.006113735796716327
v -0.002315703950846407 0.08054873878618195 0.00628350611867713
v -0.005942527047077196 0.08279460448882549 0.0036201706592568217
v -0.006579445034779862 0.08270353604460563 -0.00016522801450236744
v -0.0068660711910448246 0.08174017599898449 -0.000225358578450565
v -0.0066475796612083205 0.0826891936773371 0.0004570952902803208
v -0.006752779993800425 0.08169606111244061 -0.0008258920642271807
v -0.006678307717419867 0.08263090033629349 0.001085362135505436
v -0.006988292374558982 0.08169707439137491 0.0010015323958047133
v -0.006670364001730458 0.08252849955928639 0.0017163794963625453
v -0.00694466270706361 0.08174059323148684 0.0003843507918528138
v -0.006980627124311994 0.08068911517148394 -0.0008592976727697027
v -0.007310414958491002 0.07860396593863231 -0.0009042615762331323
v -0.007100347706779659 0.08074628347488727 -0.00027610063984423927
v -0.00718745896148497 0.08076049918228902 0.00031750552328703885
v -0.007380649717269495 0.07975183960784052 0.00024976446794740427
v -0.007241905940397482 0.08073118114841803 0.000919566639979965
v -0.0072878536697195675 0.07972521868407406 -0.0003224119051029135
v -0.006621676787127828 0.0823812388376955 0.002341428476658592
v -0.0069665911621623845 0.08147466711587734 0.0022408444771157263
v -0.006530181331518842 0.0821873002299034 0.0029494943245958567
v -0.006996249128764091 0.08160877011248317 0.0016232364147474596
v -0.0063936233686714555 0.08194506695996347 0.0035291657778009976
v -0.006783172773894006 0.08106557064731611 0.003421639001479232
v -0.006209090187310842 0.08165318302224302 0.004070906326193631
v -0.006622792977203889 0.08078854316691174 0.003965204476408402
v -0.006896605532165991 0.08129395328829388 0.002843672799862966
v -0.007263278861595239 0.08065750235884998 0.001526268158589279
v -0.007474199204762295 0.07967778083867212 0.001415209923573594
v -0.0072503129890554695 0.0805384644358114 0.002129769594709462
v -0.007200345205946722 0.0803728231323756 0.0027223433576903412
v -0.007109661397939978 0.08015981848934185 0.0032948610895590287
v -0.007474223884809867 0.07957451579433872 0.0020016333488502235
v -0.006974013802885122 0.07989895876840383 0.0038373872085225064
v -0.007442782901186369 0.07973636475235131 0.0008301670675618795
v -0.00743453650566824 0.07868137001839998 -0.00036700601530637175
v -0.007480628124324286 0.07753554525880155 -0.0007185408422060717
v -0.007529374012247558 0.0787190028999965 0.00017962829839196785
v -0.007389738494034012 0.07724045012092903 -0.001133999524351645
v -0.007594970784727527 0.07871626853698999 0.0007347806627547116
v -0.00763143159689501 0.07867238461843849 0.0012964569852352802
v -0.007560834553644605 0.07777615430221446 -0.0002673354976658137
v -0.007625595929797309 0.07795887978650572 0.00021630037525913125
v -0.007670358551174641 0.07807741107007715 0.0007169291303258027
v -0.007694293540707184 0.07813063056586889 0.0012330166901196153
v -0.00763879696128093 0.07858610689741535 0.001858443088879011
v -0.007440694876029484 0.07942583201189157 0.002580701770704301
v -0.007615552081757865 0.07845657855717464 0.0024170232295424223
v -0.007370193759001718 0.07923061190427082 0.0031443991795334814
v -0.007696890067976319 0.07811680228864791 0.0017522681272384313
v -0.007559321620162285 0.07828220517351094 0.002968324036740462
v -0.007467879249938644 0.07805982770033495 0.0035022172613276004
v -0.007258557056267224 0.07898785709370292 0.00368308848242199
v -0.007634542214211691 0.07788938822312204 0.002761376948401936
v -0.007571186669448068 0.07768209072467412 0.0032313339486155853
v -0.007677195855674764 0.07803609760176339 0.0022627710695694012
v -0.0059722823368853675 0.08130999438789344 0.004568060273170864
v -0.006410929669955055 0.08046171600711888 0.004466791518723181
v -0.005676262395720794 0.08091255807765702 0.00501743644201545
v -0.00476446036646236 0.08123929583048509 0.005480749852819357
v -0.005310783953123073 0.08045604611543505 0.005418666494658902
v -0.004295301975335254 0.08069430822602221 0.005822372933962551
v -0.006141103641167819 0.08008292104904136 0.004921960979489448
v -0.006788261985967959 0.07958962557138836 0.004341319553848582
v -0.007099901603278254 0.07869785815282349 0.0041862282722580964
v -0.0065461595668462776 0.07923023192467045 0.004800606857269251
v -0.005803773025657134 0.07964844790364034 0.005329409007137337
v -0.006240320692038062 0.07881802111350235 0.005211416027999745
v -0.004864442964468626 0.079934363926461 0.0057732847850021874
v -0.005387305139113421 0.07915359525468392 0.005690311862047377
v -0.006886269248845877 0.07836024255261252 0.004647456917534042
v -0.003744251926733776 0.08007912125303773 0.006118064118267008
v -0.004333688296874665 0.07934446422335152 0.006084409846603661
v -0.0031984589610958712 0.08045431013020204 0.006167252384401485
v -0.00372881711811421 0.07869197219430808 0.0063581255440205734
v -0.003198445689749535 0.07943872896656265 0.006341553590567574
v -0.003198439170491686 0.07893093465945276 0.006428703495158706
v -0.004883294329862516 0.07859477937300005 0.006009009041640849
v -0.005860436086577145 0.0783506834579603 0.0055727738339754135
v -0.00430182076752331 0.0779735574298922 0.0062931150390857695
v -0.0048389941101312115 0.07723872903685682 0.0061780343055617285
v -0.0031984326512338366 0.07842314035234287 0.006515854331072388
v -0.0031984664116762704 0.07637902146574983 0.006777746423056988
v -0.005392423222186421 0.07782582732173617 0.005890407443216894
v -0.004581604497014125 0.07637890225646345 0.006336463912832346
v -0.006611440155320554 0.07797138931099602 0.005061867978226291
v -0.0073366717351404575 0.07779029550381221 0.003999932097310514
v -0.007487515254580829 0.07741635087357458 0.0036702415863379707
v -0.007153415396995763 0.07747723701659713 0.004455034968514462
v -0.006908047295352842 0.0771151388091943 0.004869647194877491
v -0.007235504029189439 0.07674454694013633 0.004415634902379481
v -0.00683263903980963 0.07635724341924287 0.005017760076601542
v -0.0070681621307775114 0.0763510892398331 0.004714324479633355
v -0.00737762897257888 0.07710078154076497 0.004067752868039654
v -0.006273235493596784 0.07752743902732719 0.005423094933383698
v -0.006603345099716784 0.07669756358013874 0.0052357226152297005
v -0.00586398908210503 0.07703171466046406 0.005729199235118637
v -0.006234130656710122 0.0763646269444185 0.00554830193699285
v -0.005344319481161307 0.07647862827510721 0.0060128153569023075
v -0.0052350427497682706 0.07637329196942282 0.006045340399973896
v -0.005561762341806619 0.07637047565003191 0.005899779342036582
v -0.0058884814681836916 0.0763676667812214 0.005754217352776719
v -0.00654691486943425 0.07636185532850999 0.005304511961410742
v 1.521984432291127e-06 0.07841261268223874 -0.006692585357771177
v 1.5292025231133902e-06 0.08235808988439508 -0.00625471754167576
v -0.006604778870782362 0.0760343948693832 -0.0030659853132910904
v -0.007117286135656046 0.07607175207950496 -0.0021136891467321748
v -0.006984726806176673 0.07561956890449496 -0.002328355269194946
v -0.006870629549265332 0.0751426647037203 -0.002485282653192568
v -0.0067824211965962335 0.07464400480817987 -0.0025817264583398334
v -0.0069197353933541424 0.07194608259039313 -0.001963561115840768
v -0.007095848953202345 0.071356711878492 -0.0014937847922017998
v -0.006258783695928642 0.06038302395464269 -0.0020462015566452625
v -0.006713341743440897 0.0733613128866475 -0.0025394229941555243
v -0.006738807361584209 0.07298458918992096 -0.0024461636136370196
v -0.0053283710481554685 0.060666619121668985 -0.003194989086105565
v -0.006783251936310748 0.07262327329346004 -0.002318606417573184
v -0.005819793170499315 0.060530005279468606 -0.0026415944329847025
v -0.00670912192096728 0.07374707413739831 -0.002595969174095522
v -0.004237277786508558 0.07595485247304096 -0.0054585033510697895
v -0.004728713413029379 0.07596529073618029 -0.0051133868790419045
v -0.0035643429946640754 0.061004670580833295 -0.004564384808727667
v -0.0027795342456655102 0.07593133844130097 -0.006196817218748201
v -0.003305669786242582 0.0759389007804062 -0.0059740136655056396
v -0.002200004586318592 0.061153130845868466 -0.005165770512845104
v -0.0029017684676953667 0.06108701439540565 -0.004897947293201438
v -0.002214104809724145 0.07592459566603967 -0.0063878934066831684
v -0.0014744847621694927 0.06120103807783555 -0.005359815291407892
v -0.0067266168150672346 0.07413352829212626 -0.0026146703637282406
v -0.006284470037516281 0.0760167891478998 -0.003534552547429645
v -0.005171356585499431 0.07597658581606553 -0.004750270736092016
v -0.005913101911112965 0.07600062883901386 -0.003999548858081228
v -0.0041989799406113885 0.06090517180489171 -0.004161335883144251
v -0.004783689848811512 0.06079288783298503 -0.0037064760871258276
v -0.0011193377134484995 0.0759174133065348 -0.0066277662396203784
v -0.007656827831508354 0.06777868985104557 0.0012186730422825808
v -0.007695945241249441 0.07013695500959197 0.001219722759211642
v -0.00768630232756773 0.06744437485795148 0.0014325480062392087
v -0.0074636440606429535 0.0704904775989553 -0.000266390729146595
v -0.007606944798751648 0.07024279050416311 0.0004568223254617098
v -0.007203765022349972 0.05990582173065206 -0.00011313372369793391
v -0.007286269024400905 0.07086525669419763 -0.0009208307357184821
v -0.006960295421725031 0.06006460477483037 -0.0007563325142973687
v -0.007552301776442381 0.05955683281946167 0.001300544909152767
v -0.007401099697820297 0.059736566895722626 0.0005724921787062245
v -0.007676659413886019 0.06475179470631098 0.0016453733696820943
v -0.006640734440466523 0.06022726957139667 -0.0014152614955597951
v -0.0007274601764741659 0.061230382188737935 -0.005478698149241917
v 1.538719589107061e-06 0.07591765917568798 -0.006708702825819823
v 0.000767138533428591 0.06122943969031743 -0.005474877398480934
v 0.0011230709198897914 0.0759174133065348 -0.006627669847736464
v 0.0015127447730880728 0.061199190333896536 -0.005352349344186583
v 0.0027840264799849743 0.07593127138607737 -0.006196274723362882
v 0.0022184315014603636 0.07592460311662007 -0.006387523671630857
v 0.0033106374607237725 0.0759389231321474 -0.00597312984040578
v 0.002236468658115 0.06115044863692474 -0.0051549094292681185
v 0.004242664090475931 0.07595488972594296 -0.005457010441022293
v 0.0035953744291962533 0.0610007217732217 -0.004548387481287958
v 0.0047342440719919865 0.07596539504430587 -0.005111553104941143
v 0.0029355291429600397 0.061083643007774996 -0.00488428013478159
v 0.006608877155663217 0.07603445447402639 -0.003064367838852544
v 0.006289368794128779 0.07601701266531177 -0.0035322766279483157
v 0.004807796667354513 0.06078841375945529 -0.003688346962369388
v 0.005918875645261098 0.07600073314713945 -0.003996422873942474
v 0.005177087013148993 0.07597666032186952 -0.004747925665911357
v 0.004226503315928714 0.06090088027058175 -0.004143950885105185
v 0.006729694370433394 0.07413352829212626 -0.0026146703637282406
v 0.006785117841039481 0.0746427680118336 -0.0025821227360848177
v 0.0068739925549930365 0.07514402815993336 -0.0024849275864704166
v 0.006988014374777836 0.07562063433749205 -0.0023281240683719322
v 0.007120363691022205 0.07607175207950496 -0.0021136891467321748
v 0.006712260943621733 0.07374649299212717 -0.0025957875661982905
v 0.005348455018944157 0.06066227170800603 -0.0031773852272672714
v 0.006716421161452156 0.0733612607325847 -0.0025394132152687507
v 0.006786321109773958 0.07262332544752283 -0.002318628769314382
v 0.005836181187748708 0.060525914910829426 -0.0026250217810397905
v 0.006922913997216966 0.07194568025905157 -0.0019632998798655194
v 0.006741728454761984 0.07298628792225198 -0.00244666815762843
v 0.007099830357103187 0.07135410417535228 -0.00149126079167624
v 0.0062709756394294415 0.060379637665851235 -0.0020324817785013455
v 2.0005337697849555e-05 0.061239844425844965 -0.005517023003493035
v 0.007467023364515281 0.07048989645368416 -0.00026511732018257884
v 0.007289089534743291 0.07086584529004918 -0.0009216724184729582
v 0.006966231671658121 0.06006298054830333 -0.0007497475982082694
v 0.007659905386874513 0.06777868985104557 0.0012186728094519435
v 0.0076990227966156 0.07013695500959197 0.001219722759211642
v 0.00760921676011214 0.07024400494876819 0.0004517265068184186
v 0.007660451607550032 0.059366634403029986 0.002071024096567865
v 0.007208580891255527 0.059904596110176386 -0.00010816583093802105
v 0.00740506247527014 0.05973574360658851 0.0005758238687131888
v 0.0066492187888961525 0.06022475500051193 -0.001405086913117408
v 0.007555680614653434 0.05955642303753971 0.0013022211733272763
v -0.007657374052183873 0.059366634403029986 0.002071024096567865
v -0.00399846107334294 0.06975722127838414 0.0012497412640554803
v -0.007695945241249441 0.07013695500959197 0.001219722759211642
v -0.00399846107334294 0.07013695500959197 0.0012197264845018416
v -0.007598460915983294 0.059366634403029986 0.0020710271233661524
v -0.007657374052183873 0.059366634403029986 0.002071024096567865
v 0.001760840718479664 0.08220030894328047 0.0060147473855320845
v 0.0011253730328178364 0.08149292103785546 0.0061939412947140966
v 1.7281651704098313e-06 0.08210281809875647 0.006100391341560021
v 0.0005797496842993329 0.08562072884354188 -0.005204542867581451
v 1.4449752441985654e-06 0.08587424974278667 -0.00506221768984378
v 1.4191087608191153e-06 0.08539698046357244 -0.005358591999238592
v 1.5180670113408575e-06 0.08632085988365804 -0.004723380194447351
v 0.0002228548778462102 0.08589953701266166 -0.0050417067076659605
v 0.0006900856786775667 0.0863026059616799 -0.004704818936027756
v 0.00030115435148602614 0.08653107800962247 -0.004533877941621722
v 1.4815211277697116e-06 0.08609755108793214 -0.004892798942145566
v 0.0010911081628077089 0.0866749487171317 -0.004305464101338536
v 0.0007079870368628954 0.08689160414456107 -0.004143110832165171
v 0.001043022582572318 0.08603428075918183 -0.004863853437294536
v 1.7146912341342486e-06 0.08652909615523627 -0.004532373855703626
v 1.911315343240805e-06 0.08673733987739489 -0.004341367516959902
v 1.4789972800392577e-06 0.08514334780562166 -0.005484887718908582
v 4.82224337185246e-05 0.08519100916843557 -0.00546824219097414
v 9.766498728891306e-05 0.08464336170677017 0.005516184347536846
v 1.5493685212270559e-06 0.08490284307033434 0.005389092347086687
v 0.0005987611789641476 0.08517962468158555 0.005257693911165771
v 1.5210543602964041e-06 0.08284546960121107 -0.006158816930405726
v 0.00034199814219633797 0.08366130815492735 -0.005998469730004855
v 1.5047580346624319e-06 0.08382022903484304 -0.005967016639188208
v 1.5388855718857303e-06 0.0848897151476709 -0.0056111839042398476
v 0.0003740925650039133 0.08486711753732001 -0.005612326171347305
v 1.0272700319826767e-06 0.084368241574948 -0.005812593581527279
v 0.0006678458126011677 0.08451079352972657 -0.005733398568496156
v 0.0009024339721442636 0.08530544263278743 -0.005349425922702433
v 0.0013649027898107254 0.08572783093678088 -0.005006790493947493
v 0.0011959244412632966 0.08495615197309088 -0.005473111145265041
v 0.001766394776921338 0.08611889700077596 -0.004596932203540452
v 0.0014425285243452595 0.08641642847843903 -0.0044579569930147875
v 0.0016600713857493673 0.08538653474985271 -0.005131116466424435
v 0.0009373694525979818 0.08412119523007015 -0.005831540407482535
v 6.871277400514108e-05 0.08406795338253722 -0.005903948407431229
v 0.0001625613761075239 0.0822760664447799 -0.006281073038515505
v 0.0008173651077908932 0.08276979405609602 -0.006161783658388446
v 0.0014650998248341058 0.08457594885531788 -0.005575231594184611
v 0.001932192658960843 0.08501396847698894 -0.005235939147722554
v 0.0019421596728899202 0.0837377362086627 -0.005725242045604093
v 0.002343908821439625 0.08542085212317159 -0.00482580984245349
v 0.002065950716977261 0.08578578155112614 -0.004719998562268648
v 0.0014113077985048134 0.08326085435962924 -0.005981505224097071
v 1.266013976479137e-06 0.08409423903018572 -0.005889805343188381
v 0.002417148725256022 0.08419114127885818 -0.00539116407409895
v 0.00029227654838289184 0.08352471666446816 0.005829078921983137
v 1.8004964863147807e-06 0.08284108865993632 0.00596075815165285
v 1.87282780221973e-06 0.08357935177053576 0.005821124496084404
v 1.434781855225234e-06 0.0877518183551352 -0.002978885700117653
v 1.4590725253888363e-06 0.08759640669858754 -0.0032333048599618203
v 0.0004861665527794173 0.08775818860137653 -0.0029440106974220194
v 1.5069416176966135e-06 0.0878141499107552 -0.0028502602770890772
v 2.097094819710105e-05 0.08784354245043018 -0.0028037209251171656
v 1.5791013801679929e-06 0.087876496367536 -0.0027216348540605017
v 0.0007295576312718693 0.08796315406815951 -0.0024807699297770057
v 1.7234209051107515e-06 0.088001159478776 -0.002464383542342075
v 0.0011604176526328715 0.08784700697031582 -0.0026079052367257347
v 0.0002720810517188517 0.08804052834560556 -0.0023605196576090832
v 1.9215776264359677e-06 0.0881931609356643 -0.001951380697456524
v 0.0006348268775398341 0.08737584716702897 -0.0035479673174384683
v 0.0002876082941014959 0.0870686895394901 -0.003973664144790459
v 1.379035970574912e-06 0.08711134411227571 -0.003927644703632032
v 1.483363081865604e-06 0.08744100249262028 -0.0034877242526366254
v 0.0010480332143061226 0.08720775462264183 -0.0037072299927299753
v 0.0013298500209233785 0.08747377014521612 -0.003236023157654354
v 0.0009220289985942529 0.08763597673108788 -0.0030897801387798737
v 0.0017120587418075824 0.08727238840760519 -0.003377064274426343
v 0.0015678844231470771 0.08769016480233152 -0.002737398885201459
v 0.0014286238786751864 0.08700006969401314 -0.0038594479114233676
v 0.00047474920770567173 0.08819480751393254 -0.0019086421892260909
v 1.6827102180370177e-06 0.0883335149692251 -0.0014416109388029662
v 0.0009269561605445223 0.0881210095150781 -0.0020079153522799664
v 0.0006341839157344439 0.08830600742639112 -0.0014571165279363251
v 0.000757895389951427 0.08837774161447497 -0.0010044523248293011
v 1.8932048030986083e-06 0.08843447778421513 -0.0008786745369123768
v 0.001085727796021592 0.08823233608740348 -0.0015354066446948975
v 0.0008527989622241289 0.08841457728396879 -0.0005468024028666825
v 2.131336202929677e-06 0.08848085019661998 -0.00033009287141793156
v 0.0017510613660443927 0.08821984891465437 -0.0006311585726387387
v 0.0013575501146945485 0.08800838654176327 -0.002114568082388647
v 0.0017683086447613915 0.0878560594255009 -0.0022248960441098877
v 0.0015194121112228388 0.08812086050347012 -0.001620856769217135
v 0.0016498055336970894 0.08818935368908029 -0.0011272327675346768
v 0.0019346364493317923 0.08797114109034748 -0.0017113724735036216
v 0.0025805704542247645 0.08788443868624159 -0.0007385625890068953
v 0.001821425578657322 0.08821704004584385 -0.00013138541195713247
v 0.0009191925975608596 0.08841959152457747 -8.47172318831222e-05
v 0.0019538728001847494 0.08749403572390205 -0.0028651532888152365
v 0.0017821551991874143 0.0867509520877843 -0.0040031260679954115
v 0.002111167590928308 0.08646286049548706 -0.0041356956420228325
v 0.0020704604135945355 0.08703166015490589 -0.003510507661836212
v 0.002318242968948084 0.08725974477266768 -0.0029876697015777144
v 0.002662038127108292 0.08698829777698235 -0.0031029658034414207
v 0.002529876938019004 0.08743525809513247 -0.0024463959786132205
v 0.002159154450973409 0.08766447520111495 -0.002336768371449508
v 0.002406706038334581 0.08675270297417811 -0.003634836428280804
v 0.0027038836134286857 0.0857823021300797 -0.004359427723847648
v 0.003290417516842797 0.08634277204061218 -0.003305341029382466
v 0.0032194805408616765 0.08498721344277528 -0.0045221199944291786
v 0.003017516959487689 0.08609040598132928 -0.003849162385182223
v 0.002842242986918225 0.08461139871685745 -0.004986081140066543
v 0.002881014177501384 0.0871699950811785 -0.0025509362363480806
v 0.0023306807816020577 0.08778325235383956 -0.0018048017039721655
v 0.0035255757622017535 0.08653962382534039 -0.0027380487155106545
v 0.003065776231378637 0.08729882306686168 -0.0019892332547595207
v 0.0024707086194397506 0.08785467361754663 -0.0012721937045038951
v 0.0032176574769702385 0.0873784921230707 -0.0014231854206450195
v 0.0033372025051372463 0.0874136365108139 -0.0008557453757337297
v 0.0037249716873056548 0.08668235459404854 -0.002156598203404559
v 0.0040941493430715955 0.08579385052969851 -0.0028894410167635567
v 0.0038894448794332395 0.08677438416313989 -0.0015667926802879516
v 0.003842448480919962 0.08558030944487602 -0.0034636029985941003
v 0.004019142021886118 0.08681982525299484 -0.0009726472522964492
v 0.004485569775296904 0.08605991075575521 -0.0016939860784807308
v 0.004112458213080167 0.08682329722346087 -0.000374546468331673
v 0.003422189180275588 0.08740948653753151 -0.00028580743643210726
v 0.00430829951284172 0.0859527341567122 -0.002297612311822601
v 0.0026577070115899617 0.08787810569290223 -0.00020211781711940068
v 0.0035516297433659675 0.08531129133840083 -0.004011107502248092
v 0.004626117989609357 0.08611903856180354 -0.0010829291717591293
v 1.674328656148382e-06 0.08573326240989193 0.00493641463980269
v 0.00024499333162807357 0.08609541277135757 0.004702593075133484
v 0.001045235404950891 0.08567797165274921 0.004924875087748099
v 1.539224699713656e-06 0.08088525170049382 -0.006476733196041102
v 0.00058965028328907 0.0813375987882726 -0.0064176142375569935
v 1.5373506859303764e-06 0.08187071761815949 -0.006350618152945794
v 1.5283558972553413e-06 0.07890833704910188 -0.006662672674452071
v 0.00030479413463403075 0.07987072851927113 -0.006601672910078431
v 1.54109882718377e-06 0.07989977833224775 -0.006602847773475136
v 0.0003170391926240039 0.07739497515840918 -0.006726607967503011
v 1.5156129673269124e-06 0.07791688831537562 -0.006722497575429007
v 1.5271662782169868e-06 0.0769172811961122 -0.006715600200624415
v 0.0012871727471506016 0.07939845857950478 -0.006557257206350939
v 0.0009593064642226839 0.08037521476868376 -0.006510361390673051
v 0.0006493736119004069 0.0788886228133655 -0.006660099895907961
v 0.000959901928578029 0.07790519090414882 -0.006671806154698984
v 0.0018971705073023244 0.07990876373220922 -0.006393909750355551
v 0.001580786616507497 0.08088338905539401 -0.006360667588920538
v 0.0015847425254535347 0.07841653913810914 -0.006557514717035987
v 0.0012252946291970827 0.08183993181994985 -0.006282883529552519
v 1.80373349155934e-06 0.0861389241608891 0.00467276048555367
v 0.0018131954812838165 0.08234109511050443 -0.006086196588915653
v 0.0021628413241178432 0.08138747297346507 -0.006148973316714511
v 0.002348645062267164 0.08282916028071714 -0.005821343822544906
v 0.0028335327927702437 0.08329224365485122 -0.005486680514817148
v 0.0031948726707868268 0.08234336753752619 -0.005534280876004038
v 0.0036454602574382015 0.08277618665407857 -0.005134394256138824
v 0.0032725689530045165 0.08372144178932958 -0.0050854327670452485
v 0.002701250997410743 0.08187765410851118 -0.005873428036148312
v 0.0024742881576603087 0.08041202063585598 -0.006169281736237727
v 0.002186255937175628 0.07892441540160343 -0.00638237299226861
v 0.0030139972587409627 0.08089965367240554 -0.005883928697898484
v 0.003513341443524934 0.08136302761917519 -0.005539749602017078
v 0.0032983994167567533 0.07990430828513048 -0.005853935920840087
v 0.004260862598762338 0.08078941488481844 -0.005107459942334313
v 0.003971630602002743 0.08179484835795407 -0.005140256000267922
v 0.0027592737892536143 0.0794227176692847 -0.0061471446648877735
v 0.0037995415197233148 0.08036194528499271 -0.005505982640325193
v 1.538719589107061e-06 0.07591765917568798 -0.006708702825819823
v 0.0006251601569254416 0.076418382881999 -0.006700513706638513
v 0.0005623048487864355 0.07591753996640159 -0.0066681861039475055
v 0.0012491291523095557 0.07692806218594989 -0.006635262454824559
v 0.0018644546595233253 0.07743582669073819 -0.006510755340111661
v 0.002152154863518965 0.07645790821101693 -0.006421047558137216
v 0.0011230709198897914 0.0759174133065348 -0.006627669847736464
v 0.0015541177296297087 0.07596186346919664 -0.006554318418044716
v 0.0013969110652824344 0.07591920889641102 -0.0065676330708794245
v 0.0022184315014603636 0.07592460311662007 -0.006387523671630857
v 0.0016707512106750775 0.07592100448628723 -0.00650759675968366
v 0.0032951288447921265 0.07742584291300321 -0.005982062154981913
v 0.0027840264799849743 0.07593127138607737 -0.006196274723362882
v 0.002736114125743866 0.07694796268619625 -0.006229657048841656
v 0.004313797575515081 0.07832430840334702 -0.005333017882018217
v 0.004242664090475931 0.07595488972594296 -0.005457010441022293
v 0.003822604092857236 0.07788631113341715 -0.005681569071610149
v 0.0033106374607237725 0.0759389231321474 -0.00597312984040578
v 0.0047342440719919865 0.07596539504430587 -0.005111553104941143
v 0.004786912224834182 0.07625898516493775 -0.005062721069682004
v 0.005211710325925515 0.07664845680472739 -0.0046854138993779465
v 0.005177087013148993 0.07597666032186952 -0.004747925665911357
v 0.004766139541019838 0.07873532712165124 -0.004941806531705362
v 0.003665937712004225 0.08410741910691197 -0.004626655362720652
v 0.004051890582369682 0.08316784876450559 -0.0046807186367426035
v 0.004014811837690337 0.08444378300961586 -0.004120256176790516
v 0.00432199693924444 0.08472710623045758 -0.0035756587964760516
v 0.0047351036827055475 0.08380704895811679 -0.003643860012466828
v 0.004589043435881486 0.08495638294108325 -0.0030021475762772535
v 0.004414454451047477 0.08351260202073901 -0.004181213565988136
v 0.004386943648584575 0.08218802293620213 -0.004691444678549853
v 0.004680163102841586 0.0811806821144843 -0.004664110361710158
v 0.004759000953674821 0.08253739555228308 -0.0041999932195456845
v 0.005089085414085973 0.08283962834617807 -0.0036726539445728606
v 0.005391935674831546 0.08183789781150086 -0.0036666613496255007
v 0.005378185163043482 0.08309291827743047 -0.003116432029021126
v 0.005014927924727283 0.08404975906520229 -0.0030769213683333432
v 0.005056886333906853 0.08153122447168792 -0.004181903675997615
v 0.0048170554104843884 0.08513167274613606 -0.0024083989498996697
v 0.005254791444438994 0.08424018099904594 -0.0024882829087870847
v 0.005006828212510765 0.0852550618081278 -0.0018002835090366227
v 0.005158828900219391 0.08532936644644938 -0.0011824037333144216
v 0.005618702471185226 0.0844695545672168 -0.0012673666597277403
v 0.005272343614875768 0.08535804373040604 -0.0005572792576841731
v 0.004728884310717286 0.086134125987112 -0.00046603429873728165
v 0.005455762468805421 0.08437949195135085 -0.0018835541059614466
v 0.005627212430984977 0.0832962222647844 -0.0025380937640461735
v 0.005941280006182874 0.08231246253003016 -0.0025600732090545553
v 0.005837181893828581 0.08345017360757381 -0.0019428765584227092
v 0.0060089824989481766 0.08355597929982335 -0.0013352417964107314
v 0.006336147728826654 0.08259919066611433 -0.0013848380982373859
v 0.006142698996695804 0.08361534552444447 -0.0007180811181123752
v 0.005743132286126482 0.08451308085790914 -0.0006429179750227663
v 0.006157585256333477 0.08247908731007866 -0.0019789668206306493
v 0.005686375627290206 0.08209874263127809 -0.0031241848235878055
v 0.005177467458410629 0.07911500124821587 -0.004514076161565654
v 0.0055960894940122715 0.07701031659355745 -0.004279571471806094
v 0.005317311592875354 0.08050301457427184 -0.004131766857846061
v 0.005652457791345236 0.080811259986549 -0.0036304636360783653
v 0.005547614620951021 0.07945985881257489 -0.0040551753570031955
v 0.005947872372852372 0.08107695513416614 -0.0031040924708961672
v 0.0058779621799825215 0.07976723250694534 -0.003569576794563901
v 0.005940847872519718 0.07734186742132343 -0.003850009888702636
v 0.005918875645261098 0.07600073314713945 -0.003996422873942474
v 0.0062493321690309375 0.07764149996265908 -0.0033996439568181385
v 0.006608877155663217 0.07603445447402639 -0.003064367838852544
v 0.006289368794128779 0.07601701266531177 -0.0035322766279483157
v 0.0065237696414240254 0.07790746333117059 -0.002930891156661516
v 0.006170036107503149 0.08003514792752145 -0.0030611715398612717
v 0.006204797256017057 0.0812986099010434 -0.0025572212665761107
v 0.006425366100801124 0.08026200319951737 -0.0025335072333185315
v 0.006607826623826925 0.08160802505444324 -0.001415733094016003
v 0.006424412892171296 0.08147568039481162 -0.001993425836048553
v 0.006831193627212178 0.08058929974587539 -0.0014307554431612802
v 0.006645336105185601 0.0804469117038656 -0.0019892809850402034
v 0.006765998254751219 0.07813802899220533 -0.002445834391115628
v 0.007120363691022205 0.07607175207950496 -0.0021136891467321748
v 0.0069776608619905485 0.07833172173084425 -0.001945582283260819
v 0.007204456063682 0.07650566643137603 -0.0018353060099410977
v 0.007160107880839376 0.0784872451460979 -0.0014311157485727745
v 0.007297719169490705 0.07689659838492392 -0.001506976510459921
v 0.00647763751023706 0.0826736666677851 -0.0007797649971065798
v 1.6770474768003551e-06 0.08847711745583996 0.00021843035358650722
v 0.000954851017143941 0.088394892850554 0.00037997820337718277
v 0.0018578482066002595 0.08818456296588359 0.0003725479665548968
v 0.0009553280289124703 0.08833997462243123 0.0008461228347327984
v 1.729116047095305e-06 0.08841940526006749 0.0007892529619990498
v 0.0018572885981630856 0.08812235061954997 0.0008791205239984623
v 0.0009170166788383266 0.08825217698300665 0.0013158284942732924
v 1.927409078935333e-06 0.08822782848626194 0.0016449669638043797
v 0.001816990271428721 0.08802804117285645 0.0013883750284512855
v 0.002698433746697282 0.08784043555840369 0.0003389248650931424
v 0.003469473124626148 0.08737095958628707 0.0002885814970623163
v 0.0026996558747133946 0.08777235215471549 0.0008839602580443594
v 0.0034756731716714994 0.08729998535740396 0.0008670399317500364
v 0.0026586932821703103 0.08767229085995375 0.0014322193657944112
v 0.004180143942039571 0.08671985336519789 0.0008332534704922628
v 0.003437708739247195 0.0871962136736034 0.0014482568565190842
v 0.004167107288986009 0.08678921826871477 0.0002279184785500406
v 0.0008391069491337309 0.08812670920908353 0.0017946097756472864
v 0.001734778006166545 0.08789705996943789 0.0019032328350256085
v 0.0007190170972750291 0.0879602259900626 0.00227425823473056
v 0.0025735028802241775 0.08753610170083613 0.0019831878072574536
v 0.0016087601698623827 0.08772457903319558 0.0024181841231008783
v 0.0005547502512999075 0.08774794405332759 0.002749017366842154
v 1.8260635185716176e-06 0.0879028416198277 0.002485683354719664
v 0.0014379977565552933 0.08750504023115172 0.002926275522104189
v 0.0003442562792377297 0.08748726314631913 0.0032104448494825037
v 1.6989002464805406e-06 0.08743273234837713 0.0033035920056337454
v 0.0012205278875560344 0.0872342563371219 0.0034188175598142963
v 0.0024430872224240475 0.08735839045715356 0.0025309607646364553
v 0.003353564445355242 0.08705623216906257 0.0020296992195528683
v 0.0022663615508299205 0.08713309980704148 0.0030684335274441515
v 0.002041431322544652 0.08685502179480081 0.0035871091743964892
v 0.0030445129734111313 0.08664513894495436 0.0031646098101889572
v 0.0017652629871925665 0.08652021506340038 0.0040771727299706625
v 0.000952310893096736 0.08690935887765244 0.0038858741887769057
v 0.0032227848732687375 0.0868746466235724 0.002604184835969504
v 8.002711334967575e-05 0.08717735625461294 0.003649099865963228
v 0.002816963167623619 0.08636247882576815 0.0037023920049138593
v 0.00479229247520498 0.08610897282768418 0.0001556755409714016
v 0.005346155583568444 0.08534452092698142 7.30897062273525e-05
v 0.004814086354195293 0.08604571740009466 0.0007795271606103979
v 0.0041487164625930465 0.08661560484425179 0.0014391180211675094
v 0.0047918552192677995 0.0859450451577402 0.0014022542955818736
v 0.0040707913078587175 0.08647403636608592 0.0020421323755940926
v 0.005378396107601035 0.08529086929752652 0.0007059515150147605
v 0.005828055864162068 0.08451289459339915 -1.2800991159154613e-05
v 0.0062380687541123934 0.08363000826667016 -9.364069889503149e-05
v 0.005871993333760183 0.08447082116588468 0.0006211806738773594
v 0.005367114066231493 0.08519780409775968 0.0013383968843791703
v 0.005873433624083611 0.08438771739211161 0.0012572673979965767
v 0.0053107262111249795 0.08506387246450302 0.001967043563685498
v 0.004723501732040113 0.08580534677525453 0.002020141987545749
v 0.0062943313463359445 0.08360107021239953 0.000536610416334144
v 0.003945385466885162 0.08629046151562915 0.0026356796034702596
v 0.0046079143590489246 0.08562282990721447 0.00262726999367526
v 0.003771709410980696 0.0860591284448133 0.003212276760938166
v 0.0044443014761268145 0.08539284539145087 0.0032153755038923353
v 0.003548350556667754 0.08577535818914761 0.0037626669675130363
v 0.005208206690492775 0.08488620592430285 0.002584705060685065
v 0.0057446619834147 0.08409325555357303 0.0025173795207218365
v 0.006285055373738897 0.08341460453674786 0.001806796946120017
v 0.0058312195668640925 0.08426272645533403 0.0018922732640889706
v 0.005058713588749765 0.08466123564914793 0.0031819317111252674
v 0.00561257110917793 0.08387659267556326 0.00312153684074779
v 0.004231417439363285 0.08511158598137972 0.0037744840536874987
v 0.004860959818131983 0.08438601120920018 0.0037482421781988417
v 0.006104363897896639 0.08304950374544413 0.0030426524237870596
v 0.005433236104629608 0.08361041324022017 0.0036941754117173274
v 0.006216865799279994 0.08325551229348299 0.0024344997300220165
v 0.006310432516239968 0.0835292540679313 0.001171148467468189
v 1.5369532367562474e-06 0.08713898576555688 0.0036974115247476076
v 1.5319182742208265e-06 0.08680303909535535 0.004077313359675698
v 0.0006281988295751424 0.08652852991112592 0.004317721703079104
v 0.001434097144885656 0.08612702558399152 0.004527357286788566
v 0.002202665840504944 0.08562528114816581 0.004667925524535842
v 0.003272984322861774 0.08543605875776643 0.004276346301815774
v 0.002537440674108053 0.08602296332755541 0.0042073939741885
v 0.0018098622778777087 0.0851712874821188 0.005071299481689173
v 0.002554250114811278 0.08458763136538389 0.005147491910819405
v 0.0013582099567211558 0.0846665851658746 0.00540490108171004
v 0.0029425941558236146 0.08503997100258227 0.004741871603675703
v 1.5449239344242587e-06 0.08532758575773396 0.005200068794051709
v 0.0008498384624609609 0.08411948904715873 0.005658501609032841
v 1.5538132217166875e-06 0.08447810038293473 0.00557811543446039
v 0.003967212407825996 0.08477636946805732 0.004294104294536077
v 0.004612798214500623 0.08405817077047302 0.004273699017467671
v 0.003648741073950877 0.08438544496508983 0.004763929512608915
v 0.0032724693014916767 0.08393689022273426 0.005174666971503066
v 0.00395037363046245 0.08323420363354117 0.005169764023939094
v 0.002834792173688352 0.08342704700601458 0.005519333149078072
v 0.002106597591175927 0.08408005312510558 0.0054823503306213675
v 0.004310894643127029 0.0836754046530427 0.004749695178756176
v 0.005204341701910671 0.08329266833793397 0.004225850458821231
v 0.005738166474290392 0.08248897423026845 0.004157588241203436
v 0.00492204014190619 0.08292097378297691 0.004709388004457587
v 0.004580131144740176 0.08249132116309421 0.005140506526033847
v 0.0051574649783450565 0.08171601376674976 0.005089784371659677
v 0.0041703408408792775 0.08199777236570766 0.0055173331339021525
v 0.0035250768061456422 0.0827290989859554 0.005530001914548503
v 0.005477744474950815 0.08213069072003001 0.004648516762595833
v 0.001601004348497416 0.08351352589270851 0.005740481276488179
v 0.0023320069849131213 0.08284950036520705 0.0057964211654481885
v 1.583502311226263e-06 0.0806262844269772 0.006379658187035639
v 0.002457742979730619 0.08150857470727425 0.006076835865966563
v 0.0030285694298486797 0.08215418240002881 0.005830284053362713
v 0.003684923187845302 0.08143438182765866 0.005840226852905493
v 0.001603683414227535 0.08059476102130803 0.006340723316514334
v 0.0031206853791065398 0.08080021822639734 0.006113721361216803
v 0.00243536655848534 0.08053951496764769 0.0062724918325406855
v 0.0059456539625385 0.0827945448841823 0.0036201382957982125
v 0.00658254121659702 0.08270347643996244 -0.0001652492457461223
v 0.006869158059636483 0.08174012384492169 -0.00022538484465685528
v 0.0066506758430254775 0.0826891415232743 0.0004570703482982812
v 0.006755865465408259 0.08169600150779742 -0.000825918141258578
v 0.006681404830559574 0.08263085563281108 0.0010853341958289389
v 0.006991386228069765 0.08169702223731211 0.0010015081814184158
v 0.006673462977515265 0.082528454855804 0.0017163521387626418
v 0.006947752835284192 0.08174054107742405 0.0003843259371822632
v 0.006983708870629628 0.08068907046800154 -0.0008593197916802629
v 0.0073134906512120615 0.07860394358689111 -0.0009042807847607242
v 0.007103430384419842 0.08074623877140488 -0.00027612287517011824
v 0.007190543501770253 0.08076044702822623 0.00031748387003775356
v 0.007383730066603303 0.07975180235493853 0.00024974188337556914
v 0.007244992343327866 0.08073113644493563 0.0009195433569162174
v 0.007290932622069551 0.07972518143117206 -0.00032243335462539096
v 0.006624778556880285 0.0823811941342131 0.002341404960764207
v 0.006969688740963366 0.08147462241239493 0.0022408144419634917
v 0.006533286826561499 0.08218726297700141 0.0029494717400240216
v 0.006999344844919974 0.08160872540900077 0.0016232099884701061
v 0.006396732123343037 0.08194502970706147 0.003529142960398525
v 0.0067862754749690125 0.08106552594383372 0.0034216087334963596
v 0.00662589986923037 0.08078850591400974 0.003965175605409356
v 0.006212202201611347 0.08165314576934102 0.004070884440113708
v 0.006899705439273348 0.08129390858481148 0.0028436413677269067
v 0.0072663661958481725 0.0806574576553676 0.0015262399860821443
v 0.007477281882402479 0.07967775103635052 0.0014151829152196469
v 0.0072534021859535025 0.08053843463348981 0.0021297444490006147
v 0.00720343766247368 0.08037278587947361 0.0027223156508444815
v 0.00711275618277331 0.08015978868702026 0.003294833848374444
v 0.007477308425095151 0.07957449344259752 0.002001607737480101
v 0.006977111381686105 0.07989893641666262 0.003837360665829834
v 0.0074458641818427275 0.07973633495002971 0.0008301427949679226
v 0.007484538282050059 0.07753813061020008 -0.0007143548383825482
v 0.007437612664050575 0.07868134766665877 -0.00036702650440246967
v 0.007532451567613717 0.07871897309767491 0.00017960801302267776
v 0.007393089858229843 0.07724138144347893 -0.001132847944018688
v 0.007598049271416236 0.07871624618524879 0.0007347591259207449
v 0.007634511480567544 0.0786723697172777 0.0012964270664983645
v 0.007564614791874667 0.07777837457517343 -0.000262577370758352
v 0.00762909397729475 0.0779600346264676 0.00022007207151518093
v 0.0076738528733818825 0.07807846160191344 0.0007230264408523677
v 0.007697483320440608 0.07813078702805727 0.0012374288306997874
v 0.007641877776276013 0.07858607709509376 0.001858415032787195
v 0.007443781744621142 0.07942580966015038 0.0025806749951809912
v 0.0076186338280754985 0.07845656365601385 0.00241699854949485
v 0.007373281558915926 0.07923058955252961 0.0031443728696714463
v 0.007699858658604139 0.07811610938467077 0.0017581831895835118
v 0.007562404763463744 0.07828218282176974 0.0029682993566928894
v 0.007261648115810357 0.07898783474196172 0.00368306263822123
v 0.007470964255885202 0.07805982024975455 0.003502193046941303
v 0.00763723420204219 0.07788807692097177 0.002764263815476002
v 0.007573586221997896 0.07767989280345634 0.003235546320508803
v 0.007679955364390131 0.07803495021238191 0.002267904752295112
v 0.005975398542137348 0.08130995713499144 0.004568039318413491
v 0.006414040287271735 0.08046167875421688 0.004466764976030509
v 0.005679383257585524 0.08091252827533542 0.005017415952919353
v 0.0047675998547780886 0.08123925857758309 0.005480731226368359
v 0.0053139099372618275 0.08045601631311346 0.005418646936885355
v 0.0042984419293122566 0.08069427097312021 0.005822358964124302
v 0.006144219846419798 0.08008289124671976 0.004921936765103151
v 0.006791363755720416 0.07958960321964717 0.004341293942478459
v 0.007102994991127762 0.07869783580108228 0.004186204057871799
v 0.006549264596227659 0.07923020957292926 0.004800583574205503
v 0.005806896215828239 0.07964841810131873 0.0053293866553961395
v 0.0062434322406772925 0.07881799876176115 0.005211393210597272
v 0.005390423207010501 0.07915358035352311 0.005690294632580204
v 0.004867579658816704 0.0799343341241394 0.005773264761567365
v 0.006889366361985584 0.07836023510203212 0.0046474341001315695
v 0.0037473893195737666 0.08007909890129654 0.006118055270702784
v 0.004336831510480592 0.07934444187161033 0.006084390288830113
v 0.0032015353523088433 0.08045431013020204 0.006167247727788735
v 0.00320153744778458 0.07897334336308522 0.00642237283012573
v 0.003201536749292668 0.07946700391917776 0.006337330974126307
v 0.003731964988332887 0.07869194984256689 0.00635810738323085
v 0.004886419382678721 0.07859476447183926 0.0060089941404800505
v 0.005863552291829125 0.0783506611062191 0.005572753344879316
v 0.004304954667903738 0.07797354252873141 0.006293101534908796
v 0.004842112643689567 0.07723872903685682 0.00617801940440093
v 0.003201538146276493 0.07847969025757306 0.006507414686125154
v 0.00320153837910713 0.07637907361981262 0.006777738972476589
v 0.005395537564793301 0.07782581987115576 0.005890391610733545
v 0.004585604061704689 0.07638054883473168 0.006336014084040742
v 0.0066145451847019355 0.07797137440983523 0.005061844695162544
v 0.007339759069393391 0.07779028805323181 0.003999909745569317
v 0.0074901974635245535 0.07741548660624828 0.003671977338740355
v 0.00715650692220017 0.07747722956601674 0.00445501308243454
v 0.006911138354895974 0.07711513135861389 0.004869629499749044
v 0.007237900787771618 0.0767428407572249 0.0044173038323889096
v 0.007071241083127495 0.0763510892398331 0.00471432215132698
v 0.006833285843320539 0.07635716146285848 0.005020554044251255
v 0.007379805473378007 0.07709837500329601 0.004070419244500031
v 0.006606451991743266 0.07669757103071914 0.005235697935182128
v 0.006276324224833542 0.07752743157674678 0.0054230837575130995
v 0.005867103890373185 0.07703167740756206 0.0057291927158607875
v 0.006240180993655577 0.07636452263629293 0.005546268394205134
v 0.005347448724928986 0.07647860592336601 0.006012797196112585
v 0.005238591554344681 0.07637411153326673 0.006045111294626619
v 0.005565085300664678 0.07637088543195386 0.005899660132750195
v 0.005891579046984674 0.0763676667812214 0.005754208505212495
v 0.006549732585808986 0.0763618776802512 0.005304739669774194
v 1.5292025231133902e-06 0.08235808988439508 -0.00625471754167576
v 1.521984432291127e-06 0.07841261268223874 -0.006692585357771177
v 0.007752239498439688 0.0702126007523854 0.002176742244497717
v 0.007601538471349453 0.05912417016509767 0.003053185681826479
v 0.007718507461343425 0.05912417016509767 0.0030531803267218167
v 0.004001538628709099 0.0702126007523854 0.002176741778836442
v 0.004001538628709099 0.06951476449103222 0.002231899589685169
v 0.007660451607550032 0.059366634403029986 0.002071024096567865
v 0.007601538471349453 0.059366634403029986 0.0020710271233661524
v 0.0076990227966156 0.07013695500959197 0.001219722759211642
v 0.004001538628709099 0.06975722127838414 0.0012497412640554803
v 0.004001538628709099 0.07013695500959197 0.0012197264845018416
v -0.007598460915983294 0.05912417016509767 0.003053185681826479
v -0.007598460915983294 0.059366634403029986 0.0020710271233661524
v -0.00399846107334294 0.06951476449103222 0.002231899589685169
v -0.00399846107334294 0.06975722127838414 0.0012497412640554803
v -0.003198461289402246 0.06631151410824773 0.00561938559627558
v 0.0032015386119377677 0.06631151410824773 0.00561938559627558
v 9.639485796270444e-06 0.05941451183267547 0.010173686510094157
v 0.003201531394188006 0.06023837093619153 0.009629635816116486
v 0.0024599266982795074 0.05989774902678949 0.009854586533497852
v 0.0016780863070781247 0.059637991991750544 0.01002611565809415
v -0.0024501126540792516 0.05989539464338333 0.009856139979511092
v -0.003198454071652484 0.06023837093619153 0.009629635816116486
v -0.0016612296017554922 0.05963431140503332 0.0100285464099494
v -0.0008371841173141345 0.05947011178890477 0.010136970981209274
v 0.0008519490721896818 0.059471676410788606 0.01013593721317888
v 0.00320153837910713 0.07637907361981262 0.006777738972476589
v 0.003201531394188006 0.06023837093619153 0.009629635816116486
v 0.0032015386119377677 0.06631151410824773 0.00561938559627558
v 0.003201538146276493 0.07847969025757306 0.006507414686125154
v 0.0032015386119377677 0.07875451981675967 0.004067982439048206
v 0.0032015353523088433 0.08045431013020204 0.006167247727788735
v -0.004817857744861131 0.05727968958030214 0.01052485751001897
v -0.005258980067607189 0.05732665058855852 0.010334632085233341
v -0.004633762285098973 0.05748585086523919 0.009689746167454967
v -0.003886986420732129 0.057421489026460396 0.009950463396042863
v -0.0039054100762449763 0.0572040922662813 0.010831091265588346
v -0.005341168351313705 0.057575634084340174 0.00932604422262119
v -0.005675588118194663 0.057383751836738266 0.010103309258965529
v -0.006064962434777832 0.05745055374059781 0.009832719080026095
v -0.005955179529578922 0.057696735818149346 0.00883547379474923
v -0.006427298595092175 0.057526680045827 0.00952434980184979
v -0.0015631682057543612 0.057296781211737986 0.010455626716949275
v -0.0010718863638695937 0.05707388592322426 0.011358534615856121
v -0.0020251194409137132 0.0571008160460773 0.011249444148973066
v -0.0007779202217581972 0.057279011577485814 0.01052759280434804
v -0.00011514094934765802 0.05706359667169292 0.011400215956577094
v -0.0029726004370589855 0.057144323710318634 0.0110732053262419
v -0.002354152903827299 0.05732677724842531 0.010334120789153444
v -0.0031248123021558037 0.05736834776176285 0.010165719045679724
v 9.51579542960594e-06 0.05727319639948421 0.010551158058828272
v -0.008131814904814037 0.058335354866489414 0.0062485456671375434
v -0.007343733022713833 0.058373431057619704 0.00609431306493807
v -0.00787042898663531 0.05811504492937422 0.007140981775293264
v -0.006853559803909408 0.05801157499407984 0.007560108587716954
v -0.007533820146100802 0.057900799764704004 0.008008840281357007
v -0.007512642802638525 0.0585577211637948 0.0053477663059185035
v -0.008328169363300589 0.058560112800102954 0.0053380805513994975
v -0.00845620199952615 0.0587877019542682 0.004416169481523126
v -0.00851340569318638 0.05901706434656846 0.0034870543988926063
v -0.007699811626815369 0.05893499247818068 0.0038195256061685267
v -0.007631276066029176 0.05874441780743884 0.004591512371961283
v -0.007715429905977266 0.05912417016509767 0.0030531803267218167
v -0.006463733795889536 0.05784421260657181 0.008238068563210084
v -0.006757147896559477 0.05761067788924798 0.009184087382952007
v -0.007051305192624241 0.057701258320451684 0.00881716119945046
v -0.007311063158985736 0.057798391537116516 0.008423684872696237
v -0.007126762342601323 0.0581912420151172 0.006832320527497563
v 0.002752971529558411 0.05713258904618984 0.011120735372576273
v 0.0018069241880633977 0.05709308234362289 0.011280771976906752
v 0.0023787915075462957 0.05732775327445761 0.0103301580117036
v 0.0031511009766025935 0.057369781998489695 0.010159902936355571
v 0.003682619561518113 0.057188025089650346 0.010896173948020768
v 0.0015884046021350778 0.05729745548926412 0.010452877452781957
v 0.0008457572324243015 0.05706991476387147 0.011374623212905721
v 0.0007992551915620453 0.05727933940302338 0.010526270326327176
v 0.003914667189560388 0.057423411276203394 0.009942669157622713
v 0.004664366009750107 0.05748853307418291 0.009678873908007384
v 0.005476419668623576 0.05735426989009849 0.010222748582023123
v 0.005045493465153872 0.05730186995815067 0.01043500723569439
v 0.00536182741377696 0.057578469030182086 0.00931455263367792
v 0.005879205029925369 0.057416385378886915 0.009971138756650741
v 0.004595832311609015 0.057259424001616224 0.010606947073535197
v 0.0066020086518576715 0.05756843309838431 0.009355203000336147
v 0.006254724992256159 0.05748789977484898 0.00968144249560002
v 0.0059750409142781844 0.05770078520859633 0.008819080655225813
v 0.006479735779941994 0.057848600998426966 0.008220305448215757
v 0.006915459225866257 0.05765632759535409 0.008999152801572385
v 0.007191978204158381 0.05775024216128646 0.008618732685645272
v 0.007432932768237305 0.0578501954226324 0.00821384206971942
v 0.006862992704356115 0.05801501343693408 0.007546192766176282
v 0.007802901116848115 0.05806382591441968 0.007348466003912447
v 0.007350265319078863 0.05837671303828557 0.00608101238194161
v 0.008080773772466526 0.058284687194484416 0.00645380356920118
v 0.007132825252401201 0.05819349209039777 0.006823202414072724
v 0.008293773758887518 0.058510156658526075 0.005540448093929506
v 0.007519785115273742 0.05856196426933216 0.005330589924130616
v 0.007637642121319048 0.05874829210924644 0.004575811205092444
v 0.008437047488642265 0.058737529745859746 0.004619414329895145
v 0.007703871727471677 0.05893569283273821 0.003816674595012632
v 0.007718507461343425 0.05912417016509767 0.0030531803267218167
v 0.00850989553849579 0.058966139629539685 0.0036933500271074744
v 0.008510726278210305 0.0591960198371777 0.002762140865723495
v 0.007601538471349453 0.05912417016509767 0.003053185681826479
v 0.007660451607550032 0.059366634403029986 0.002071024096567865
v -0.008498459828905514 0.05924529052535784 0.0025625617029079
v -0.008430501222438987 0.059437005134900765 0.0017859492908404062
v -0.007657374052183873 0.059366634403029986 0.002071024096567865
v -0.007598460915983294 0.059366634403029986 0.0020710271233661524
v -0.007598460915983294 0.05912417016509767 0.003053185681826479
v -0.007552301776442381 0.05955683281946167 0.001300544909152767
v -0.008313946205318447 0.05962730785945804 0.0010150766196479733
v -0.008150190830046202 0.05981623222664145 0.00024977867061629034
v -0.007401099697820297 0.059736566895722626 0.0005724921787062245
v -0.00791994368132353 0.06000301455196008 -0.0005068537877498069
v -0.007203765022349972 0.05990582173065206 -0.00011313372369793391
v -0.006960295421725031 0.06006460477483037 -0.0007563325142973687
v -0.007624052728332118 0.06018356074148456 -0.001238208580504695
v -0.006640734440466523 0.06022726957139667 -0.0014152614955597951
v -0.007266240467303935 0.060356444009068415 -0.001938525652300193
v -0.006258783695928642 0.06038302395464269 -0.0020462015566452625
v -0.0068471271590572185 0.06052174258580585 -0.002608116181283288
v -0.005819793170499315 0.060530005279468606 -0.0026415944329847025
v -0.006366211752060118 0.06067895728281012 -0.0032449701405606484
v -0.0053283710481554685 0.060666619121668985 -0.003194989086105565
v -0.0058331637026870185 0.06082453044794058 -0.0038346637885559483
v -0.004783689848811512 0.06079288783298503 -0.0037064760871258276
v -0.005250873370471546 0.06095748605516494 -0.004373242962552931
v -0.0041989799406113885 0.06090517180489171 -0.004161335883144251
v -0.0035643429946640754 0.061004670580833295 -0.004564384808727667
v -0.004618322354205381 0.061077563334169215 -0.0048596503786268175
v -0.003935440804697282 0.06118366332434453 -0.0052894510787949624
v -0.0029017684676953667 0.06108701439540565 -0.004897947293201438
v -0.0032189191861947217 0.06127256364966821 -0.0056495581185861095
v -0.0014744847621694927 0.06120103807783555 -0.005359815291407892
v -0.002200004586318592 0.061153130845868466 -0.005165770512845104
v -0.001694137069149134 0.06139629543835831 -0.006150781013783875
v -0.0024720592699677495 0.06134357885674352 -0.005937243654251588
v -0.0008921086318641107 0.061429424444103514 -0.0062849738830157795
v -0.0007274601764741659 0.061230382188737935 -0.005478698149241917
v -8.740118705662803e-05 0.06144193396859383 -0.006335656921842854
v 0.0075719484912938895 0.06021275956606916 -0.0013564900368021199
v 0.006966231671658121 0.06006298054830333 -0.0007497475982082694
v 0.0066492187888961525 0.06022475500051193 -0.001405086913117408
v 0.008135814003843327 0.05984492813704911 0.00013353142649466458
v 0.00740506247527014 0.05973574360658851 0.0005758238687131888
v 0.007208580891255527 0.059904596110176386 -0.00010816583093802105
v 0.007882643281877306 0.06003124852638299 -0.0006212110000678907
v 0.006768166373647396 0.06055068064007649 -0.002725339189502746
v 0.005836181187748708 0.060525914910829426 -0.0026250217810397905
v 0.006274139342131467 0.060706896959307255 -0.0033581432926718473
v 0.0062709756394294415 0.060379637665851235 -0.0020324817785013455
v 0.007200438338201712 0.060385911054547395 -0.0020578922157835754
v 0.005348455018944157 0.06066227170800603 -0.0031773852272672714
v 0.008440036102704909 0.05942656314647124 0.0018282533371013088
v 0.007555680614653434 0.05955642303753971 0.0013022211733272763
v 0.007601538471349453 0.059366634403029986 0.0020710271233661524
v 0.00829530578448211 0.0596540368166403 0.0009068020495262936
v 0.0015127447730880728 0.061199190333896536 -0.005352349344186583
v 0.000767138533428591 0.06122943969031743 -0.005474877398480934
v 0.0015244270503234367 0.06140521378309619 -0.006186913534752518
v 0.0030650758768211088 0.0612892119715703 -0.005717015673520787
v 0.0029355291429600397 0.061083643007774996 -0.00488428013478159
v 0.002236468658115 0.06115044863692474 -0.0051549094292681185
v 0.0023080275247288197 0.06135667697708538 -0.00599028945838777
v 2.0005337697849555e-05 0.061239844425844965 -0.005517023003493035
v 0.0007188435220347907 0.06143391714408425 -0.006303181704527687
v 0.005725312826117886 0.06085170271465659 -0.003944734472422778
v 0.004807796667354513 0.06078841375945529 -0.003688346962369388
v 0.005127271501277154 0.06098340289908368 -0.004478234213232582
v 0.004226503315928714 0.06090088027058175 -0.004143950885105185
v 0.003795405283448552 0.06120315404266893 -0.005368394634737612
v 0.0035953744291962533 0.0610007217732217 -0.004548387481287958
v 0.0044844801279135165 0.06110069366101865 -0.0049533498090501525
v -0.003198461289402246 0.06631151410824773 0.00561938559627558
v -0.003198454071652484 0.06023837093619153 0.009629635816116486
v -0.0031984664116762704 0.07637902146574983 0.006777746423056988
v -0.003198461289402246 0.07875451981675967 0.004067982439048206
v -0.0031984326512338366 0.07842314035234287 0.006515854331072388
v -0.0031984589610958712 0.08045431013020204 0.006167252384401485
v -0.003198461289402246 0.07875451981675967 0.004067982439048206
v -0.0016004006186544405 0.08059420222777808 0.0063377551915477885
v 1.583502311226263e-06 0.0806262844269772 0.006379658187035639
v 0.001603683414227535 0.08059476102130803 0.006340723316514334
v 0.0032015386119377677 0.07875451981675967 0.004067982439048206
v -0.002315703950846407 0.08054873878618195 0.00628350611867713
v 0.0032015353523088433 0.08045431013020204 0.006167247727788735
v 0.00243536655848534 0.08053951496764769 0.0062724918325406855
v -0.0031984589610958712 0.08045431013020204 0.006167252384401485
v 0.004001538628709099 0.06951476449103222 0.002231899589685169
v 0.004001538628709099 0.06975722127838414 0.0012497412640554803
v 0.007601538471349453 0.059366634403029986 0.0020710271233661524
v 0.007601538471349453 0.05912417016509767 0.003053185681826479
v 0.0032015386119377677 0.06631151410824773 0.00561938559627558
v -0.003198461289402246 0.06631151410824773 0.00561938559627558
v -0.003198461289402246 0.07875451981675967 0.004067982439048206
v 0.0032015386119377677 0.07875451981675967 0.004067982439048206
v -0.00399846107334294 0.07434812735936544 0.0003064656839881311
v -0.006398461123656934 0.07434812735936544 0.0003064656839881311
v -0.00399846107334294 0.07474465469879314 0.0004707129139820453
v -0.006398461123656934 0.07474465469879314 0.0004707129139820453
v -0.006398461123656934 0.07455447863410267 0.00036906199714677483
v -0.00399846107334294 0.07455447863410267 0.00036906199714677483
v -0.00399846107334294 0.0750481466407756 0.0007742022075160006
v -0.006398461123656934 0.0750481466407756 0.0007742022075160006
v -0.006398461123656934 0.07491134653406524 0.0006075120602660277
v -0.00399846107334294 0.07521239468567675 0.0011707300708126444
v -0.006398461123656934 0.07521239468567675 0.0011707300708126444
v -0.006398461123656934 0.07514979490916238 0.0009643776901298916
v -0.00399846107334294 0.07514979490916238 0.0009643776901298916
v -0.00399846107334294 0.07491134653406524 0.0006075120602660277
v -0.00399846107334294 0.07523352453168898 0.0013853294872977792
v -0.006398461123656934 0.07523352453168898 0.0013853294872977792
v -0.00399846107334294 0.07514979490916238 0.0018062812262580074
v -0.006398461123656934 0.07514979490916238 0.0018062812262580074
v -0.006398461123656934 0.07521239468567675 0.0015999287873675952
v -0.00399846107334294 0.07491134653406524 0.002163147030744849
v -0.006398461123656934 0.07491134653406524 0.002163147030744849
v -0.006398461123656934 0.0750481466407756 0.0019964565924565796
v -0.00399846107334294 0.0750481466407756 0.0019964565924565796
v -0.00399846107334294 0.07455447863410267 0.0024015970356564427
v -0.006398461123656934 0.07455447863410267 0.0024015970356564427
v -0.006398461123656934 0.07474465469879314 0.002299945973302024
v -0.006398461123656934 0.07434812735936544 0.002464193319711257
v -0.00399846107334294 0.07434812735936544 0.002464193319711257
v -0.00399846107334294 0.07474465469879314 0.002299945973302024
v -0.00399846107334294 0.07521239468567675 0.0015999287873675952
v 0.006401538679023093 0.07434812735936544 0.0003064656839881311
v 0.004001538628709099 0.07434812735936544 0.0003064656839881311
v 0.006401538679023093 0.07474465469879314 0.0004707129139820453
v 0.004001538628709099 0.07474465469879314 0.0004707129139820453
v 0.004001538628709099 0.07455447863410267 0.00036906199714677483
v 0.006401538679023093 0.07455447863410267 0.00036906199714677483
v 0.006401538679023093 0.0750481466407756 0.0007742022075160006
v 0.004001538628709099 0.0750481466407756 0.0007742022075160006
v 0.004001538628709099 0.07491134653406524 0.0006075120602660277
v 0.006401538679023093 0.07521239468567675 0.0011707300708126444
v 0.004001538628709099 0.07521239468567675 0.0011707300708126444
v 0.004001538628709099 0.07514979490916238 0.0009643776901298916
v 0.006401538679023093 0.07514979490916238 0.0009643776901298916
v 0.006401538679023093 0.07491134653406524 0.0006075120602660277
v 0.006401538679023093 0.07523352453168898 0.0013853294872977792
v 0.004001538628709099 0.07523352453168898 0.0013853294872977792
v 0.006401538679023093 0.07514979490916238 0.0018062812262580074
v 0.004001538628709099 0.07514979490916238 0.0018062812262580074
v 0.004001538628709099 0.07521239468567675 0.0015999287873675952
v 0.006401538679023093 0.07491134653406524 0.002163147030744849
v 0.004001538628709099 0.07491134653406524 0.002163147030744849
v 0.004001538628709099 0.0750481466407756 0.0019964565924565796
v 0.006401538679023093 0.0750481466407756 0.0019964565924565796
v 0.006401538679023093 0.07455447863410267 0.0024015970356564427
v 0.004001538628709099 0.07455447863410267 0.0024015970356564427
v 0.004001538628709099 0.07474465469879314 0.002299945973302024
v 0.004001538628709099 0.07434812735936544 0.002464193319711257
v 0.006401538679023093 0.07434812735936544 0.002464193319711257
v 0.006401538679023093 0.07474465469879314 0.002299945973302024
v 0.006401538679023093 0.07521239468567675 0.0015999287873675952
v 0.006401538679023093 0.07371257795014985 0.0024015970356564427
v 0.004001538628709099 0.07371257795014985 0.0024015970356564427
v 0.004001538628709099 0.07391892922488708 0.002464193319711257
v 0.006401538679023093 0.07391892922488708 0.002464193319711257
v 0.004001538628709099 0.07413352829212626 0.002485329219320063
v 0.006401538679023093 0.07335571005018728 0.002163147030744849
v 0.004001538628709099 0.07335571005018728 0.002163147030744849
v 0.004001538628709099 0.07352239443487897 0.002299945973302024
v 0.006401538679023093 0.07311726167509014 0.0018062812262580074
v 0.004001538628709099 0.07311726167509014 0.0018062812262580074
v 0.004001538628709099 0.0732189099434769 0.0019964565924565796
v 0.006401538679023093 0.0732189099434769 0.0019964565924565796
v 0.006401538679023093 0.07352239443487897 0.002299945973302024
v 0.006401538679023093 0.07413352829212626 0.002485329219320063
v 0.006401538679023093 0.07305466189857576 0.0015999287873675952
v 0.004001538628709099 0.07305466189857576 0.0015999287873675952
v 0.006401538679023093 0.07391892922488708 0.0003064656839881311
v 0.006401538679023093 0.07413352829212626 0.00028532949334102815
v 0.004001538628709099 0.07413352829212626 0.00028532949334102815
v 0.006401538679023093 0.07305466189857576 0.0011707300708126444
v 0.004001538628709099 0.07305466189857576 0.0011707300708126444
v 0.004001538628709099 0.07303353205256354 0.0013853294872977792
v 0.006401538679023093 0.0732189099434769 0.0007742022075160006
v 0.004001538628709099 0.0732189099434769 0.0007742022075160006
v 0.004001538628709099 0.07311726167509014 0.0009643776901298916
v 0.006401538679023093 0.07311726167509014 0.0009643776901298916
v 0.006401538679023093 0.07352239443487897 0.0004707129139820453
v 0.004001538628709099 0.07352239443487897 0.0004707129139820453
v 0.004001538628709099 0.07335571005018728 0.0006075120602660277
v 0.004001538628709099 0.07391892922488708 0.0003064656839881311
v 0.004001538628709099 0.07371257795014985 0.00036906199714677483
v 0.006401538679023093 0.07371257795014985 0.00036906199714677483
v 0.006401538679023093 0.07335571005018728 0.0006075120602660277
v 0.006401538679023093 0.07303353205256354 0.0013853294872977792
v -0.00399846107334294 0.07371257795014985 0.0024015970356564427
v -0.006398461123656934 0.07371257795014985 0.0024015970356564427
v -0.006398461123656934 0.07391892922488708 0.002464193319711257
v -0.00399846107334294 0.07391892922488708 0.002464193319711257
v -0.006398461123656934 0.07413352829212626 0.002485329219320063
v -0.00399846107334294 0.07335571005018728 0.002163147030744849
v -0.006398461123656934 0.07335571005018728 0.002163147030744849
v -0.006398461123656934 0.07352239443487897 0.002299945973302024
v -0.00399846107334294 0.07311726167509014 0.0018062812262580074
v -0.006398461123656934 0.07311726167509014 0.0018062812262580074
v -0.006398461123656934 0.0732189099434769 0.0019964565924565796
v -0.00399846107334294 0.0732189099434769 0.0019964565924565796
v -0.00399846107334294 0.07352239443487897 0.002299945973302024
v -0.00399846107334294 0.07413352829212626 0.002485329219320063
v -0.00399846107334294 0.07305466189857576 0.0015999287873675952
v -0.006398461123656934 0.07305466189857576 0.0015999287873675952
v -0.00399846107334294 0.07391892922488708 0.0003064656839881311
v -0.00399846107334294 0.07413352829212626 0.00028532949334102815
v -0.006398461123656934 0.07413352829212626 0.00028532949334102815
v -0.00399846107334294 0.07305466189857576 0.0011707300708126444
v -0.006398461123656934 0.07305466189857576 0.0011707300708126444
v -0.006398461123656934 0.07303353205256354 0.0013853294872977792
v -0.00399846107334294 0.0732189099434769 0.0007742022075160006
v -0.006398461123656934 0.0732189099434769 0.0007742022075160006
v -0.006398461123656934 0.07311726167509014 0.0009643776901298916
v -0.00399846107334294 0.07311726167509014 0.0009643776901298916
v -0.00399846107334294 0.07352239443487897 0.0004707129139820453
v -0.006398461123656934 0.07352239443487897 0.0004707129139820453
v -0.006398461123656934 0.07335571005018728 0.0006075120602660277
v -0.006398461123656934 0.07391892922488708 0.0003064656839881311
v -0.006398461123656934 0.07371257795014985 0.00036906199714677483
v -0.00399846107334294 0.07371257795014985 0.00036906199714677483
v -0.00399846107334294 0.07335571005018728 0.0006075120602660277
v -0.00399846107334294 0.07303353205256354 0.0013853294872977792
v 0.008511225467097054 0.07610973513838026 0.002747257865714747
v 0.008542975184145846 0.0762789080169253 0.0024611329938122707
v 0.008348733896525028 0.07633038407690362 0.003712339693900026
v 0.008477755597298589 0.07590305603810547 0.0030066721740553267
v 0.008414239399395106 0.07539534368737998 0.003426852777944234
v 0.008444629385521037 0.07566375084626244 0.0032343712242814612
v 0.007802901116848115 0.05806382591441968 0.007348466003912447
v 0.008361225725886896 0.07446481089899785 0.003762225520624382
v 0.008080773772466526 0.058284687194484416 0.00645380356920118
v 0.008416624516445412 0.07317071958945466 0.003583740580733485
v 0.00837989594904483 0.0736399422418377 0.0037340260051358255
v 0.008370616251157582 0.07479022244851487 0.003693739552763972
v 0.008388821744363114 0.0751017982702305 0.003581333111941982
v 0.008361428754202775 0.07413352829212626 0.0037853295376117733
v 0.008133315265441934 0.07635946369220184 0.00441958696962
v 0.007432932768237305 0.0578501954226324 0.00821384206971942
v 0.007951424246155398 0.07637528127438942 0.004804133775765739
v 0.007714177277147644 0.07639115846122019 0.00519003193093139
v 0.0066020086518576715 0.05756843309838431 0.009355203000336147
v 0.007420554560226525 0.07640646195336022 0.005562251751806593
v 0.006254724992256159 0.05748789977484898 0.00968144249560002
v 0.005581668895649551 0.07645679807453745 0.006786217732970919
v 0.00486644810191857 0.07646890526768621 0.007080677708864403
v 0.003682619561518113 0.057188025089650346 0.010896173948020768
v 0.0070746078141454 0.07642063295727956 0.005906652502454877
v 0.005879205029925369 0.057416385378886915 0.009971138756650741
v 0.004595832311609015 0.057259424001616224 0.010606947073535197
v 0.006256427915538659 0.07644353604142681 0.00646364671723112
v 0.005476419668623576 0.05735426989009849 0.010222748582023123
v 0.006682932665202692 0.07643311267944829 0.006210247355579098
v 0.0041152307603112325 0.0764796266528807 0.0073413460430184286
v 0.003332482562454331 0.07648873126212857 0.00756254073655603
v 0.002752971529558411 0.05713258904618984 0.011120735372576273
v 0.0025232405663590226 0.07649598812743742 0.007738961167184426
v 0.0016939518523770218 0.07650127058894049 0.007867653645436595
v 0.0018069241880633977 0.05709308234362289 0.011280771976906752
v 0.005045493465153872 0.05730186995815067 0.01043500723569439
v 0.006915459225866257 0.05765632759535409 0.008999152801572385
v 0.0008457572324243015 0.05706991476387147 0.011374623212905721
v 0.000851192314410225 0.07650451159141415 0.007946455640351659
v 0.008553140569778052 0.0717525090610406 0.001686552145472075
v 0.008560498017922297 0.07186467009837068 0.0021678071359539338
v 0.008440036102704909 0.05942656314647124 0.0018282533371013088
v 0.008526389260854597 0.07174140769624573 0.001191040469396279
v 0.00829530578448211 0.0596540368166403 0.0009068020495262936
v 0.008511589614214067 0.0723702664842628 0.0030134908521044523
v 0.00846439856928786 0.0727405379783636 0.003339706132982027
v 0.008437047488642265 0.058737529745859746 0.004619414329895145
v 0.008546367992195148 0.07207432943080516 0.0026180946039136015
v 0.00850989553849579 0.058966139629539685 0.0036933500271074744
v 0.008510726278210305 0.0591960198371777 0.002762140865723495
v 0.008293773758887518 0.058510156658526075 0.005540448093929506
v 0.007191978204158381 0.05775024216128646 0.008618732685645272
v -0.00011514094934765802 0.05706359667169292 0.011400215956577094
v -0.0008481148754593846 0.07650451159141415 0.007946455640351659
v 1.5387269787513168e-06 0.07650561427731324 0.007973205086630014
v -0.0016908742970108625 0.07650127058894049 0.007867653645436595
v -0.0010718863638695937 0.05707388592322426 0.011358534615856121
v -0.0033294050070881713 0.07648873126212857 0.00756254073655603
v -0.0020251194409137132 0.0571008160460773 0.011249444148973066
v -0.002520163243823501 0.07649598812743742 0.007738961167184426
v -0.004112153204945073 0.0764796266528807 0.0073413460430184286
v -0.0029726004370589855 0.057144323710318634 0.0110732053262419
v -0.005578591340283392 0.07645679807453745 0.006786217732970919
v -0.0039054100762449763 0.0572040922662813 0.010831091265588346
v -0.004863370546552411 0.07646890526768621 0.007080677708864403
v -0.005675588118194663 0.057383751836738266 0.010103309258965529
v -0.006679855109836533 0.07643311267944829 0.006210247355579098
v -0.007071530258779241 0.07642063295727956 0.005906652502454877
v -0.005258980067607189 0.05732665058855852 0.010334632085233341
v -0.0062533503601725 0.07644353604142681 0.00646364671723112
v -0.007417477470521641 0.07640646195336022 0.005562251751806593
v -0.006064962434777832 0.05745055374059781 0.009832719080026095
v -0.007711099721781485 0.07639115846122019 0.00519003193093139
v -0.006427298595092175 0.057526680045827 0.00952434980184979
v -0.004817857744861131 0.05727968958030214 0.01052485751001897
v -0.0081302372444145 0.07635946369220184 0.00441958696962
v -0.007051305192624241 0.057701258320451684 0.00881716119945046
v -0.007948347156450514 0.07637528127438942 0.004804133775765739
v -0.008345655875497593 0.07633038407690362 0.003712339693900026
v -0.007533820146100802 0.057900799764704004 0.008008840281357007
v -0.008508261067420708 0.0761104131411966 0.002746386846299949
v -0.008474992363293021 0.07590514220061725 0.003004397185896548
v -0.008539898094440961 0.0762789080169253 0.0024611329938122707
v -0.008441768362647732 0.07566524841292267 0.003232888325951376
v -0.008367563375838995 0.07479073653856241 0.0036935905411559873
v -0.00835816074337516 0.07446563791342217 0.0037621049143541693
v -0.00787042898663531 0.05811504492937422 0.007140981775293264
v -0.008411300145427607 0.07539671459417344 0.0034260055072544587
v -0.008385864795267168 0.07510307231947877 0.0035806024894015818
v -0.00835835166449789 0.07413352829212626 0.0037853295376117733
v -0.006757147896559477 0.05761067788924798 0.009184087382952007
v -0.00837016176575323 0.07376425517579895 0.0037567502753534936
v -0.007311063158985736 0.057798391537116516 0.008423684872696237
v -0.008424776382724725 0.07305940791829008 0.0035315522918351275
v -0.008461252561714282 0.07274109677189354 0.0033400986854368116
v -0.008328169363300589 0.058560112800102954 0.0053380805513994975
v -0.00839324645779771 0.07340156837254457 0.003670988972684269
v -0.008131814904814037 0.058335354866489414 0.0062485456671375434
v -0.008497304988943633 0.07245730416448666 0.003103086875372908
v -0.008528048877638528 0.07221273886288176 0.0028242787062531184
v -0.00845620199952615 0.0587877019542682 0.004416169481523126
v -0.008548848104145542 0.07201389032260656 0.002511370860460491
v -0.008557404164411515 0.07186565357498338 0.0021706560516340915
v -0.008498459828905514 0.05924529052535784 0.0025625617029079
v -0.00851340569318638 0.05901706434656846 0.0034870543988926063
v -0.008424776382724725 0.07305940791829008 0.0035315522918351275
v -0.00839324645779771 0.07340156837254457 0.003670988972684269
v -0.006398461123656934 0.0732150877957321 0.0036026403748999703
v -0.006398461123656934 0.07413352829212626 0.0037853295376117733
v -0.00837016176575323 0.07376425517579895 0.0037567502753534936
v -0.00835835166449789 0.07413352829212626 0.0037853295376117733
v -0.006398461123656934 0.0736653114680971 0.0037392141702307057
v -0.006398461123656934 0.07243646489111 0.00308238567056427
v -0.008528048877638528 0.07221273886288176 0.0028242787062531184
v -0.008497304988943633 0.07245730416448666 0.003103086875372908
v -0.008461252561714282 0.07274109677189354 0.0033400986854368116
v -0.006398461123656934 0.07280016497329868 0.0033808563870189167
v -0.008548848104145542 0.07201389032260656 0.002511370860460491
v -0.006398461123656934 0.07213800209089703 0.0027186979283993777
v -0.006398461123656934 0.0736653114680971 -0.0009685551374274879
v -0.006398461123656934 0.07413352829212626 -0.0010146704466008963
v -0.008247642559023102 0.07413352829212626 -0.0010146704466008963
v -0.006398461123656934 0.07191622066415299 0.002303769750861294
v -0.008557404164411515 0.07186565357498338 0.0021706560516340915
v -0.008546462055772688 0.07174428362027983 0.001612314911620049
v -0.006398461123656934 0.0717796440748546 0.0018535461949116135
v -0.008513963555393772 0.07175841737129718 0.0010405397930695916
v -0.006398461123656934 0.07173352498218334 0.0013853294872977792
v -0.006398461123656934 0.0717796440748546 0.0009171126632686262
v -0.008464253282970074 0.07190677332820676 0.0004900307264542895
v -0.008396435306208583 0.07217875676568085 -7.10501744171839e-06
v -0.006398461123656934 0.07213800209089703 5.19609370568191e-05
v -0.006398461123656934 0.0732150877957321 -0.0008319813420967527
v -0.008239331436587755 0.0735660473854381 -0.0009466155646657737
v -0.008268155869507297 0.07303241446550365 -0.0007471677183297153
v -0.008325465733938216 0.07256071076984766 -0.00042747201544359814
v -0.006398461123656934 0.07243646489111 -0.0003117267832802006
v -0.006398461123656934 0.07280016497329868 -0.0006101975870463365
v -0.006398461123656934 0.07191622066415299 0.0004668892528380939
v 0.008254629340792484 0.07325678124364622 -0.0008487951483744304
v 0.006401538679023093 0.0732150877957321 -0.0008319813420967527
v 0.008288711089506238 0.07285874888697787 -0.0006481226710929073
v 0.006401538679023093 0.07213800209089703 5.19609370568191e-05
v 0.008453423864359785 0.07197625744101002 0.00033358594216049655
v 0.008393784762231555 0.07220758306124549 -4.671885347946972e-05
v 0.00833761204263407 0.07250390754488388 -0.00037657788653982236
v 0.006401538679023093 0.07243646489111 -0.0003117267832802006
v 0.008496611153643953 0.07181916195329215 0.0007499619188100662
v 0.006401538679023093 0.07191622066415299 0.0004668892528380939
v 0.006401538679023093 0.07280016497329868 -0.0006101975870463365
v 0.008240896058471593 0.07368793143018919 -0.0009729418994681752
v 0.008250719648727986 0.07413352829212626 -0.0010146704466008963
v 0.006401538679023093 0.07413352829212626 -0.0010146704466008963
v 0.006401538679023093 0.0736653114680971 -0.0009685551374274879
v 0.006401538679023093 0.0717796440748546 0.0009171126632686262
v 0.006401538679023093 0.0736653114680971 0.0037392141702307057
v 0.006401538679023093 0.07413352829212626 0.0037853295376117733
v 0.008361428754202775 0.07413352829212626 0.0037853295376117733
v 0.008560498017922297 0.07186467009837068 0.0021678071359539338
v 0.008553140569778052 0.0717525090610406 0.001686552145472075
v 0.006401538679023093 0.0717796440748546 0.0018535461949116135
v 0.006401538679023093 0.07191622066415299 0.002303769750861294
v 0.008546367992195148 0.07207432943080516 0.0026180946039136015
v 0.006401538679023093 0.07173352498218334 0.0013853294872977792
v 0.008526389260854597 0.07174140769624573 0.001191040469396279
v 0.00846439856928786 0.0727405379783636 0.003339706132982027
v 0.008511589614214067 0.0723702664842628 0.0030134908521044523
v 0.006401538679023093 0.07243646489111 0.00308238567056427
v 0.008416624516445412 0.07317071958945466 0.003583740580733485
v 0.006401538679023093 0.07280016497329868 0.0033808563870189167
v 0.006401538679023093 0.07213800209089703 0.0027186979283993777
v 0.00837989594904483 0.0736399422418377 0.0037340260051358255
v 0.006401538679023093 0.0732150877957321 0.0036026403748999703
v -0.007293728918025639 0.07689307426039509 -0.0015103400982642197
v -0.00399846107334294 0.07696195487618601 -0.0014430975624232512
v -0.007200869540542319 0.07650360262060545 -0.0018370963611279703
v -0.00399846107334294 0.07566425748572958 -0.0023101884258752356
v -0.006984726806176673 0.07561956890449496 -0.002328355269194946
v -0.007117286135656046 0.07607175207950496 -0.0021136891467321748
v -0.00399846107334294 0.07635581290780621 -0.0019405488341245416
v -0.007389738494034012 0.07724045012092903 -0.001133999524351645
v -0.007625595929797309 0.07795887978650572 0.00021630037525913125
v -0.007670358551174641 0.07807741107007715 0.0007169291303258027
v -0.00399846107334294 0.07805666865424568 0.0006049681527209637
v -0.00399846107334294 0.07782904597246863 -0.00014540423195105796
v -0.007560834553644605 0.07777615430221446 -0.0002673354976658137
v -0.007480628124324286 0.07753554525880155 -0.0007185408422060717
v -0.00399846107334294 0.07745940032712137 -0.0008369514030919771
v -0.007694293540707184 0.07813063056586889 0.0012330166901196153
v -0.0067824211965962335 0.07464400480817987 -0.0025817264583398334
v -0.006870629549265332 0.0751426647037203 -0.002485282653192568
v -0.00399846107334294 0.07491388718198137 -0.002537811340482915
v -0.00399846107334294 0.07413352829212626 -0.0026146703637282406
v -0.0067266168150672346 0.07413352829212626 -0.0026146703637282406
v -0.00399846107334294 0.07813352884164419 0.0013853294872977792
v -0.007677195855674764 0.07803609760176339 0.0022627710695694012
v -0.00399846107334294 0.07805666865424568 0.0021656909382899133
v -0.007696890067976319 0.07811680228864791 0.0017522681272384313
v -0.007571186669448068 0.07768209072467412 0.0032313339486155853
v -0.00399846107334294 0.07782904597246863 0.0029160633375138498
v -0.007634542214211691 0.07788938822312204 0.002761376948401936
v -0.007487515254580829 0.07741635087357458 0.0036702415863379707
v -0.00399846107334294 0.07745940032712137 0.0036076103776875356
v -0.00399846107334294 0.07696195487618601 0.004213756304188172
v -0.00737762897257888 0.07710078154076497 0.004067752868039654
v -0.007235504029189439 0.07674454694013633 0.004415634902379481
v -0.006909335780100635 0.07585070826022045 0.004998352245984084
v -0.006797885807537396 0.07530419328677573 0.005210189010540246
v -0.00399846107334294 0.07566425748572958 0.005080847400470794
v -0.0070681621307775114 0.0763510892398331 0.004714324479633355
v -0.00399846107334294 0.07635581290780621 0.0047112078087201
v -0.00399846107334294 0.07413352829212626 0.005385329803985073
v -0.0067574687371779185 0.0747256110152927 0.0053414910545772475
v -0.006793177972047629 0.07413352829212626 0.005385329803985073
v -0.00399846107334294 0.07491388718198137 0.0053084705479091105
v -0.00399846107334294 0.07024123333285967 0.0004633526718701506
v -0.007606944798751648 0.07024279050416311 0.0004568223254617098
v -0.0074636440606429535 0.0704904775989553 -0.000266390729146595
v -0.00399846107334294 0.07013695500959197 0.0012197264845018416
v -0.007695945241249441 0.07013695500959197 0.001219722759211642
v -0.007286269024400905 0.07086525669419763 -0.0009208307357184821
v -0.00399846107334294 0.07048732600344641 -0.0002594281617635095
v -0.00399846107334294 0.07086627742371233 -0.0009222806885133645
v -0.007095848953202345 0.071356711878492 -0.0014937847922017998
v -0.00670912192096728 0.07374707413739831 -0.002595969174095522
v -0.0069197353933541424 0.07194608259039313 -0.001963561115840768
v -0.00399846107334294 0.07136427421759722 -0.0015010532990425288
v -0.006738807361584209 0.07298458918992096 -0.0024461636136370196
v -0.006713341743440897 0.0733613128866475 -0.0025394229941555243
v -0.00399846107334294 0.07337348713501984 -0.002541798565149693
v -0.006783251936310748 0.07262327329346004 -0.002318606417573184
v -0.00399846107334294 0.072641132334677 -0.002325838137173192
v -0.00399846107334294 0.07196316677124857 -0.001974657824022879
v 0.004001538628709099 0.07635581290780621 0.0047112078087201
v 0.007071241083127495 0.0763510892398331 0.00471432215132698
v 0.007237900787771618 0.0767428407572249 0.0044173038323889096
v 0.00691215815308812 0.07584851778958307 0.004998937582206699
v 0.0068009377515334335 0.07530400702226575 0.005210244424231966
v 0.004001538628709099 0.07566425748572958 0.005080847400470794
v 0.004001538628709099 0.07696195487618601 0.004213756304188172
v 0.007379805473378007 0.07709837500329601 0.004070419244500031
v 0.00763723420204219 0.07788807692097177 0.002764263815476002
v 0.007679955364390131 0.07803495021238191 0.002267904752295112
v 0.004001538628709099 0.07805666865424568 0.0021656909382899133
v 0.007573586221997896 0.07767989280345634 0.003235546320508803
v 0.004001538628709099 0.07782904597246863 0.0029160633375138498
v 0.004001538628709099 0.07745940032712137 0.0036076103776875356
v 0.0074901974635245535 0.07741548660624828 0.003671977338740355
v 0.007699858658604139 0.07811610938467077 0.0017581831895835118
v 0.006796255527413789 0.07413352829212626 0.005385329803985073
v 0.006760051760270079 0.07472422520733844 0.005341472893787524
v 0.004001538628709099 0.07413352829212626 0.005385329803985073
v 0.004001538628709099 0.07491388718198137 0.0053084705479091105
v 0.004001538628709099 0.07813352884164419 0.0013853294872977792
v 0.007697483320440608 0.07813078702805727 0.0012374288306997874
v 0.0076738528733818825 0.07807846160191344 0.0007230264408523677
v 0.004001538628709099 0.07805666865424568 0.0006049681527209637
v 0.004001538628709099 0.07782904597246863 -0.00014540423195105796
v 0.00762909397729475 0.0779600346264676 0.00022007207151518093
v 0.007564614791874667 0.07777837457517343 -0.000262577370758352
v 0.007484538282050059 0.07753813061020008 -0.0007143548383825482
v 0.004001538628709099 0.07696195487618601 -0.0014430975624232512
v 0.007393089858229843 0.07724138144347893 -0.001132847944018688
v 0.007297719169490705 0.07689659838492392 -0.001506976510459921
v 0.004001538628709099 0.07635581290780621 -0.0019405488341245416
v 0.007204456063682 0.07650566643137603 -0.0018353060099410977
v 0.007120363691022205 0.07607175207950496 -0.0021136891467321748
v 0.004001538628709099 0.07745940032712137 -0.0008369514030919771
v 0.006988014374777836 0.07562063433749205 -0.0023281240683719322
v 0.004001538628709099 0.07566425748572958 -0.0023101884258752356
v 0.006785117841039481 0.0746427680118336 -0.0025821227360848177
v 0.006729694370433394 0.07413352829212626 -0.0026146703637282406
v 0.004001538628709099 0.07413352829212626 -0.0026146703637282406
v 0.0068739925549930365 0.07514402815993336 -0.0024849275864704166
v 0.004001538628709099 0.07491388718198137 -0.002537811340482915
v 0.007752239498439688 0.0702126007523854 0.002176742244497717
v 0.007734163924729869 0.07040919176679963 0.0028445573234547375
v 0.004001538628709099 0.07040511629932125 0.00283410602179971
v 0.007660534029595699 0.07071758619068479 0.003466527118570163
v 0.004001538628709099 0.07070696911361588 0.003448986124003988
v 0.007545852367784292 0.0711238514386943 0.004020071016129647
v 0.004001538628709099 0.07110930045517459 0.0040033505167299385
v 0.004001538628709099 0.0702126007523854 0.002176741778836442
v 0.004001538628709099 0.07345107002871709 0.005326680697727392
v 0.0074156194820345816 0.07161910641899227 0.004496230624525661
v 0.004001538628709099 0.071600308604645 0.004480942964868979
v 0.00726322065393587 0.07218006061725071 0.004875881002365277
v 0.007085508013269482 0.07279579893318473 0.005155009546442234
v 0.004001538628709099 0.0721656064912762 0.0048677584727462855
v 0.004001538628709099 0.07278861657367987 0.005152453531704021
v 0.006917882061479833 0.07344747884896466 0.005326057642941506
v -0.008474222159544251 0.07579888947354377 -0.0003427417450447773
v -0.008557534549568502 0.07618244535249641 0.00013556157868622266
v -0.008469020723103035 0.07615802234994772 -0.0004596094537114472
v -0.00838049758341207 0.07531057843417788 -0.0007062141479738335
v -0.008330237830683925 0.07613249666149993 -0.0010814483689047813
v -0.00842735987147816 0.07555473395386082 -0.0005244779610612203
v -0.008247642559023102 0.07413352829212626 -0.0010146704466008963
v -0.008135573722625453 0.07610620356327102 -0.0017220922288836591
v -0.007624052728332118 0.06018356074148456 -0.001238208580504695
v -0.008325465733938216 0.07256071076984766 -0.00042747201544359814
v -0.008268155869507297 0.07303241446550365 -0.0007471677183297153
v -0.008298273909448655 0.07474358926579605 -0.0009358392896484888
v -0.007266240467303935 0.060356444009068415 -0.001938525652300193
v -0.008239331436587755 0.0735660473854381 -0.0009466155646657737
v -0.005576491207933357 0.07595284081633316 -0.005458764587045038
v -0.004914258010679189 0.0759319419383133 -0.005968060651766651
v -0.003935440804697282 0.06118366332434453 -0.0052894510787949624
v -0.004193230886510828 0.07591350175182521 -0.006417709698118359
v -0.0032189191861947217 0.06127256364966821 -0.0056495581185861095
v -0.0034206427191814715 0.075897877884728 -0.006798943324292813
v -0.0024720592699677495 0.06134357885674352 -0.005937243654251588
v -0.0026046521270589183 0.07588539071197889 -0.007103895114372245
v -0.0058331637026870185 0.06082453044794058 -0.0038346637885559483
v -0.007557056643720917 0.07605262643962013 -0.003027507256480514
v -0.007166188020106427 0.07602610982397924 -0.00367336710481545
v -0.0068471271590572185 0.06052174258580585 -0.002608116181283288
v -0.007879418111886988 0.07607945597963778 -0.002373677382594133
v -0.005250873370471546 0.06095748605516494 -0.004373242962552931
v -0.006705284406400399 0.07600035316753909 -0.004300951843584249
v -0.00617480075366846 0.07597578115338241 -0.0048996213454848905
v -0.006366211752060118 0.06067895728281012 -0.0032449701405606484
v -0.004618322354205381 0.061077563334169215 -0.0048596503786268175
v -0.001694137069149134 0.06139629543835831 -0.006150781013783875
v -0.0017551679164128774 0.07587628610273102 -0.007326525441620524
v -0.008513963555393772 0.07175841737129718 0.0010405397930695916
v -0.008464253282970074 0.07190677332820676 0.0004900307264542895
v -0.008150190830046202 0.05981623222664145 0.00024977867061629034
v -0.008546462055772688 0.07174428362027983 0.001612314911620049
v -0.008313946205318447 0.05962730785945804 0.0010150766196479733
v -0.008430501222438987 0.059437005134900765 0.0017859492908404062
v -0.008557404164411515 0.07186565357498338 0.0021706560516340915
v -0.00791994368132353 0.06000301455196008 -0.0005068537877498069
v -0.008396435306208583 0.07217875676568085 -7.10501744171839e-06
v 0.008496611153643953 0.07181916195329215 0.0007499619188100662
v -0.0008921086318641107 0.061429424444103514 -0.0062849738830157795
v 1.5387269787513168e-06 0.07586894728103777 -0.007507444625826234
v -8.740118705662803e-05 0.06144193396859383 -0.006335656921842854
v -0.0008826225296167404 0.07587077267323558 -0.007461858715314787
v 0.0017587951849141177 0.07587628610273102 -0.007326410888946886
v 0.0007188435220347907 0.06143391714408425 -0.006303181704527687
v 0.0008859804712780802 0.07587077267323558 -0.007461829378654464
v 0.0026085271273584335 0.07588539816255929 -0.007103641794638671
v 0.0015244270503234367 0.06140521378309619 -0.006186913534752518
v 0.004918658975388762 0.0759319791912153 -0.00596714097074862
v 0.0030650758768211088 0.0612892119715703 -0.005717015673520787
v 0.00419750006907959 0.0759135315541468 -0.0064170451994790025
v 0.0034247344848044765 0.07589789278588881 -0.006798504205710533
v 0.0023080275247288197 0.06135667697708538 -0.00599028945838777
v 0.006179317202374222 0.0759758333074452 -0.004898141473953093
v 0.0044844801279135165 0.06110069366101865 -0.0049533498090501525
v 0.005580975991672422 0.07595288551981556 -0.005457568768890961
v 0.003795405283448552 0.06120315404266893 -0.005368394634737612
v 0.006709782694316437 0.07600042022276268 -0.00429918791867473
v 0.005127271501277154 0.06098340289908368 -0.004478234213232582
v 0.005725312826117886 0.06085170271465659 -0.003944734472422778
v 0.007170621115443972 0.07602619178036364 -0.003671332630705184
v 0.0075613817056426735 0.07605270839600452 -0.0030252241192494232
v 0.008139921136288406 0.07610632277255741 -0.0017190903434746796
v 0.008334665338086172 0.07613263077194711 -0.0010780392627108561
v 0.008250719648727986 0.07413352829212626 -0.0010146704466008963
v 0.006274139342131467 0.060706896959307255 -0.0033581432926718473
v 0.007883597887490958 0.07607955283718296 -0.0023711753845638145
v 0.006768166373647396 0.06055068064007649 -0.002725339189502746
v 0.008301231789867152 0.07474256853628136 -0.000936106986673927
v 0.008383528106989457 0.0753103102132835 -0.0007063647311886213
v 0.008472943453683232 0.0761581415592341 -0.00045638800901132777
v 0.008560728054592124 0.07618235594553162 0.00013507296904156422
v 0.008477626143464152 0.07580022312743523 -0.0003415572482804473
v 0.00843057759088808 0.07555526294506916 -0.0005239610188383639
v 0.007200438338201712 0.060385911054547395 -0.0020578922157835754
v 0.008254629340792484 0.07325678124364622 -0.0008487951483744304
v 0.008288711089506238 0.07285874888697787 -0.0006481226710929073
v 0.0075719484912938895 0.06021275956606916 -0.0013564900368021199
v 0.008240896058471593 0.07368793143018919 -0.0009729418994681752
v 0.008393784762231555 0.07220758306124549 -4.671885347946972e-05
v 0.008453423864359785 0.07197625744101002 0.00033358594216049655
v 0.007882643281877306 0.06003124852638299 -0.0006212110000678907
v 0.00833761204263407 0.07250390754488388 -0.00037657788653982236
v 0.008135814003843327 0.05984492813704911 0.00013353142649466458
v 0.008348733896525028 0.07633038407690362 0.003712339693900026
v 0.008356234768341958 0.07660951262098058 0.0036582587247496255
v 0.008241023649660931 0.07634492015926253 0.004065963797421288
v 0.008231646162905943 0.07763310315854914 0.003931513417504335
v 0.00013178927124974963 0.08745460725242929 -0.004748483062457475
v 1.4558879297750763e-06 0.08773886179582092 -0.004424212383064101
v 0.0005709748214417927 0.08785383170196152 -0.004257127529675947
v 1.5387269787513168e-06 0.0881024799216252 -0.003937953512936924
v 1.4707340661455498e-06 0.08732810384783067 -0.0048816598587874335
v 1.709447656257144e-06 0.08662374832862815 -0.005496615863779529
v 1.6912093321127386e-06 0.08687285848427659 -0.005304520343313691
v 8.700358508739305e-05 0.08677457042764987 -0.005385850878951745
v 1.7276860940883838e-06 0.08637463817297972 -0.005688710918584091
v 0.0005218573358211079 0.08649223068342085 -0.005587965567409455
v 1.5097122795452121e-06 0.08610506127297457 -0.005859222107633344
v 0.0006017731925058572 0.08723458416265947 -0.004952032918964587
v 0.0010473052693180536 0.08764772629637747 -0.004448900812539517
v 0.001044523408861489 0.08696602054158863 -0.005146946155805161
v 0.0009445627551428062 0.08819491182205812 -0.0037165495046562313
v 0.0014238938078595406 0.08799780671759636 -0.0038911503638527517
v 0.0014958614086574493 0.08739071107492545 -0.004631547600075299
v 1.263730007969911e-06 0.08464709444755018 -0.006562669121688434
v 0.0003316292916908067 0.0843058578652652 -0.006662219120370268
v 1.5387269787513168e-06 0.084001829481494 -0.006746218826436348
v 7.374653055061936e-06 0.08473410232545246 -0.006532775996142876
v 0.0006228452965199949 0.08385114149291947 -0.00676398799502725
v 1.5387269787513168e-06 0.08299712616523751 -0.006943774691012276
v 1.5387269787513168e-06 0.08349948154865595 -0.0068449967587243124
v 0.0010218199769858752 0.08484666569412411 -0.006425630130744021
v 0.0013223109648819022 0.08439922853882842 -0.006532583678036321
v 0.0011404730309807118 0.08290185559367248 -0.006923322382155099
v 0.0006889996983767188 0.08526620787640506 -0.006290175319456996
v 0.008133315265441934 0.07635946369220184 0.00441958696962
v 0.008187169923212707 0.07635219192573219 0.004242775383520644
v 0.008034662130375658 0.07732014897945966 0.004535712181383759
v 9.754823818562831e-07 0.08525864553729984 -0.006322644017514314
v 0.0003242485604828141 0.08564856421191343 -0.006126271863899316
v 1.2917384650020404e-06 0.08583548437296944 -0.006029733296682597
v 0.0009264322916102011 0.08616348127388498 -0.005773888747675801
v 0.0019137581768233535 0.08708349384274337 -0.004800772167021859
v 0.0012989038024045167 0.085791116166692 -0.005937002441711163
v 0.0014561360781219133 0.08664835014510643 -0.00532626765617651
v 0.0023004186194961005 0.08673077591606317 -0.004953073671914106
v 0.0018355181186518383 0.08628583470520122 -0.005485121946529883
v 0.001638964473554927 0.08538101386977688 -0.0060739054595632894
v 0.001947648305922463 0.08494101984430003 -0.006184435751108497
v 0.002183070814054955 0.0858846805553456 -0.005621033105866362
v 0.002500098365147085 0.0854519284940168 -0.005733490303767321
v 0.0029822717560784684 0.085913782522385 -0.005198885548752056
v 0.0026561947765995544 0.0863387040237142 -0.005086081433201256
v 0.003052250866817012 0.08451786413052545 -0.0058938449547485915
v 0.002483063078725508 0.08400054798166534 -0.006338203623355567
v 1.1916680161763779e-06 0.0847999803573425 -0.006502663078475541
v 0.0018440477526404568 0.08345467375813495 -0.006683215321596589
v 0.0018773530111782268 0.08774993335829419 -0.004058821019124796
v 0.0004445231925561828 0.0883442214532588 -0.003539832680626328
v 1.2706732040258573e-06 0.08845322344449962 -0.0033636513670626195
v 0.0007558923479772202 0.08861452851014306 -0.0029858017013732435
v 1.0896299893024737e-06 0.08873530986899507 -0.0027820257663171417
v 1.263495926777253e-06 0.0889533436537983 -0.002200394810467002
v 0.000490154941599383 0.08891185882213536 -0.002290660687479477
v 0.00023598831568538828 0.08870909872715056 -0.0028370799675321925
v 0.0006951392676639857 0.0890594548198442 -0.001737832976960869
v 0.001012536437393109 0.08882328632234925 -0.0024113754567691645
v 0.001258189523736301 0.088472900427334 -0.0031399244075118278
v 0.0017398168104074839 0.08828155462152083 -0.003294278780134701
v 0.001518431195747152 0.08868615839010131 -0.0025405745744884814
v 0.0020041632865570387 0.08849923077846489 -0.0026738160977356584
v 0.0012201558241973476 0.08897161992751762 -0.0018303528873747498
v 0.001730490546392741 0.08883622798050271 -0.0019337781191867366
v 0.002467096717760584 0.08826388184481385 -0.0028071933612444843
v 0.0022212811156324336 0.08865240726089278 -0.002044620403786162
v 0.002197930530999955 0.08804074441243714 -0.0034453663060831467
v 1.5387256145093003e-06 0.08911335231845227 -0.0016199498938841656
v 1.5280117672066888e-06 0.08922698857070141 -0.0009887185616712156
v 0.0008557868195872005 0.08915349604564336 -0.001186658829629616
v 0.0013844080600499676 0.08906288208682786 -0.0012537277902303463
v 0.0004373343720011299 0.08925419809031943 -0.0006013780789140603
v 1.5387174290572016e-06 0.08928009630778716 -0.00036102084183558126
v 0.0005187215727955797 0.08926668526306854 -6.849247256634416e-05
v 0.0010622866402711351 0.08920711042219626 -7.843020076680134e-05
v 0.000977180639431087 0.08920050920796253 -0.0006347990542786557
v 1.5205136657105465e-06 0.08927562595954762 0.00026793675368326606
v 0.0015091008571962532 0.08910511942711112 -0.000678529421024737
v 0.0018988458401542837 0.08892668547712983 -0.0013317140630070123
v 0.002026450068006889 0.08896617355324578 -0.000732209048363788
v 0.0015958279413497284 0.0891063040693946 -9.956161838583602e-05
v 0.0021143811193867538 0.08896337213501566 -0.00013036293621265614
v 0.0016391803075558673 0.08906942369641839 0.0004833119327486415
v 0.002157739073528192 0.0889221331725059 0.00047528137123145305
v 0.002525003094284717 0.08878345551953493 -0.0007945048062732797
v 0.0011053658961395145 0.0891753709496955 0.00048180610060076474
v 0.0023941490163942197 0.08874431017011734 -0.001418345803014441
v 0.0005593602979219345 0.0892398780747921 0.00046923403198045644
v 0.00261457909411835 0.08877859774111463 -0.0001697662619765627
v 0.00230202841052361 0.08745261794746269 -0.004216141886899752
v 0.0026968581817734816 0.08711012221709025 -0.004360138322953225
v 0.0026293754811299564 0.08775219833473555 -0.003589498016736994
v 0.002904591772005402 0.08798248087371512 -0.0029368588387306657
v 0.00303241625764106 0.08741955972223128 -0.003723694611259098
v 0.0026891873435911937 0.08842143181793607 -0.0021583970529096995
v 0.003132224698330493 0.08814610306986273 -0.00227145658366981
v 0.0033149443618558055 0.08765853708853677 -0.0030597636129964536
v 0.0030618178777109054 0.08672800430015465 -0.004488523930425201
v 0.0033977317187925474 0.08631219485865373 -0.004600044683502232
v 0.0034066174672411857 0.08704766400160345 -0.003845760263907422
v 0.003697481141108213 0.08729634947416913 -0.003173683220131401
v 0.0037523895903442037 0.0866417712826139 -0.003954215335980805
v 0.00398851827380016 0.08540181589025155 -0.004771943543150843
v 0.0035490516097171944 0.08782993024004078 -0.0023808248175033746
v 0.002866930019409817 0.08851691100575228 -0.001510086196454052
v 0.0033152484386683493 0.08824705843427237 -0.0016037876059378053
v 0.003001777142733029 0.08855816486942285 -0.0008633450259486092
v 0.003093783428760638 0.08855334434390454 -0.00021642330983571864
v 0.0035497552239036473 0.0882897055564776 -0.00026832694872784633
v 0.0026583519524557703 0.08873434874412357 0.0004584376753206893
v 0.0031386831873834427 0.08850767973663763 0.0004337431922486984
v 0.003454589891786763 0.08829246227122531 -0.0009361937742940462
v 0.003938936058227073 0.08747682488317982 -0.0024842405032592246
v 0.0037379047307255398 0.08793802326047288 -0.0016967833057593687
v 0.004052307349210764 0.08690052993987935 -0.0032770670080899175
v 0.004134223221071433 0.08759334451004346 -0.0017869191468608129
v 0.003882137722706689 0.08798928325361963 -0.0010107862494912012
v 0.00465941370209099 0.08728372819097283 -0.001158451281484067
v 0.003980965247920435 0.0879904976982247 -0.0003235554527788774
v 0.004301796553137013 0.08709087736791901 -0.002580132499795672
v 0.004767079711133966 0.08729772038096259 -0.00043982336061957917
v 0.004504033710510035 0.0872167400226033 -0.0018726036154196703
v 1.1196061380696798e-06 0.08495286626713482 -0.006442656569601374
v 0.003553068403874932 0.08498956782618144 -0.005365979249704434
v 8.786752499562041e-05 0.08081645304108728 -0.007308043811278945
v 1.5387269787513168e-06 0.08097671502547484 -0.007270952028083902
v 0.0008527238743435429 0.08136276684886122 -0.00720655573037076
v 1.5387269787513168e-06 0.081992422848981 -0.007141330089926928
v 0.0003919973865449744 0.08235706915488038 -0.007074529117389933
v 1.5387269787513168e-06 0.08046886111372174 -0.007335762764331751
v 0.0004823183280032122 0.07715527508580497 -0.0075212431007256175
v 0.00044375959537675024 0.07586985625184647 -0.007484637002240349
v 1.5387269787513168e-06 0.07586894728103777 -0.007507444625826234
v 0.0005038936372325951 0.07978949484117825 -0.00740573675279627
v 1.5387269787513168e-06 0.07996101465254905 -0.0074005735005796
v 1.5387269787513168e-06 0.07842784166857479 -0.007492241250860319
v 0.0008828986667527871 0.07875136822125078 -0.007452963653640649
v 0.00012082638975248514 0.07819843829808233 -0.007513522902448185
v 0.001629546707099656 0.07930816499564645 -0.007318888596711308
v 0.0012608522913217964 0.0803426780840803 -0.007288688600385557
v 1.5387269787513168e-06 0.07893889187931914 -0.007461685023659229
v 1.5387269787513168e-06 0.0794499495406439 -0.007431129262119415
v 0.0012320092319512562 0.07771229537761261 -0.007447162445477294
v 0.0015922226753437296 0.081914452525103 -0.007033550925194138
v 0.0022910334493300762 0.08246698756751031 -0.006775312411572813
v 0.002683369371621941 0.08144841127055043 -0.0068185988867085455
v 0.0029346672039401033 0.0830088682799467 -0.006424354218850652
v 0.0019914518979040306 0.08089794003891372 -0.007094851972412672
v 0.0035152499562603255 0.08352397160642824 -0.005983528056675463
v 0.003911376826991576 0.0824932508634176 -0.0060177988638668465
v 0.004031596132684715 0.08399755284834484 -0.005464333895893466
v 0.003325786818981793 0.08198423466112224 -0.006458343766631965
v 0.002349769168584899 0.07986328538945228 -0.007106534948139949
v 0.0026774231099714386 0.0788204649038733 -0.00706973420324175
v 0.003033542925095807 0.08040956939490462 -0.0068150538074223345
v 0.0036716404328079274 0.08093818807423038 -0.0064463548514470444
v 0.004257256052187833 0.08143939606826735 -0.006005367570470722
v 0.0039837415204417 0.07987963196284821 -0.006391943728452703
v 0.003352363737757778 0.07935995398000154 -0.006766704197244046
v 0.004437373367678075 0.08296361345460174 -0.005505939333826622
v 0.001967541122757784 0.07826902509678468 -0.007297102168301393
v 0.0008859804712780802 0.07587077267323558 -0.007461829378654464
v 0.000835995691532797 0.07613156533895002 -0.007476729142469111
v 1.5387269787513168e-06 0.0768928656441439 -0.007515120586282546
v 1.5387269787513168e-06 0.07791677655666963 -0.007522797012400133
v 0.0015644005783185223 0.07668379490756096 -0.007388209728068344
v 0.002286524684035351 0.07723483983388842 -0.007225246442624792
v 0.0017587951849141177 0.07587628610273102 -0.007326410888946886
v 0.002183661272551594 0.07588083840735495 -0.007215026574623416
v 0.003290968626961703 0.07674351876004122 -0.006866348725164696
v 0.0026103501912498714 0.07621405071454997 -0.007111858853496477
v 0.004547971645769425 0.07775284143614525 -0.006173804704201338
v 0.0045651517528475126 0.08037140007151934 -0.00595140487928416
v 0.00478697229513865 0.0819037683928105 -0.00549996815929791
v 0.005093138064161882 0.08082767361516853 -0.0054527123874544845
v 0.003939989384031015 0.07725868914174636 -0.006551862520480617
v 0.005108212450954636 0.07821990342021252 -0.005739877779475841
v 0.0026085271273584335 0.07588539816255929 -0.007103641794638671
v 0.0034247344848044765 0.07589789278588881 -0.006798504205710533
v 0.00419750006907959 0.0759135315541468 -0.0064170451994790025
v 0.004918658975388762 0.0759319791912153 -0.00596714097074862
v 0.005580975991672422 0.07595288551981556 -0.005457568768890961
v 0.005593537204564258 0.07606447286245491 -0.005442848284667171
v 0.004484535075943961 0.0844169385684374 -0.004880214911851257
v 0.004902754780204044 0.08338463085180174 -0.004933183416215797
v 0.004363223328899784 0.08574843924216517 -0.004127929808940454
v 0.004877304994544081 0.08477540089260542 -0.004245253167164665
v 0.004681960555362901 0.08602628628641346 -0.003448835715412178
v 0.00494849761856515 0.08623663852282508 -0.0027455272355863874
v 0.005213616277523894 0.08506879729814691 -0.0035728599393829515
v 0.005258855736046777 0.08232263257227512 -0.004938899408365835
v 0.005565576107648477 0.08124148630112246 -0.004903889596731103
v 0.005309393954217341 0.08374971674194467 -0.004311184750101324
v 0.005673831643865543 0.08269002069176142 -0.004331826583097406
v 0.005659896264551324 0.08405420706170062 -0.003651330383470249
v 0.006033670928423593 0.08300140279838666 -0.0036882382304616866
v 0.005983015829273016 0.08160774193238808 -0.0043131535659718225
v 0.005496666155197224 0.08529713523564228 -0.0028731289023019805
v 0.005165746764120082 0.08638230482021053 -0.0020268118868175273
v 0.005956893628732022 0.0842970959827157 -0.0029627062991194387
v 0.0057290795601709745 0.08546192717291257 -0.0021544868951839254
v 0.005334196005043846 0.08646797159364093 -0.0012972936621310507
v 0.005911701667659184 0.08556660037694143 -0.001422014631784471
v 0.005453327525998696 0.08649860838024259 -0.0005601746812841665
v 0.0062027623162455164 0.08447873368226866 -0.0022531586567012003
v 0.00634066557451624 0.08325511741272183 -0.0030159842354011836
v 0.006659277538096395 0.08218337377403301 -0.0030362558676836787
v 0.006597024213570583 0.08345063554355857 -0.0023219882825825247
v 0.006398833187015621 0.0846012361251929 -0.0015278745735725454
v 0.006804098194606534 0.08358908967911756 -0.0016111078011800542
v 0.006962690783323385 0.08367211894708663 -0.0008872286181179303
v 0.006545653393040405 0.08466724826753012 -0.0007909792265529571
v 0.007137529828262043 0.08254172433949504 -0.001671011049666501
v 0.00604451711083978 0.08561502169895606 -0.0006796348426838141
v 0.006922395716217945 0.08238971014760943 -0.0023624202541028005
v 0.006346863991747129 0.08192235014032619 -0.0036884268232780424
v 0.006073902665595639 0.07905170111714396 -0.004736982160288705
v 0.0056174377351624555 0.07865448087373914 -0.005258295079871735
v 0.006066941495196379 0.07647333836302375 -0.004982732569838362
v 0.006610696494264455 0.08082671994087742 -0.003657137645230178
v 0.006248346829773138 0.08051194782017053 -0.004261175057477831
v 0.006923614817435769 0.08109182649264302 -0.0030275321693587235
v 0.006834431370056921 0.07972030875159096 -0.003600730930842029
v 0.006488838060883485 0.07684853469076845 -0.004492992416019643
v 0.006179317202374222 0.0759758333074452 -0.004898141473953093
v 0.006862519126839489 0.07718787137505163 -0.003978839504200278
v 0.006478861733728909 0.07940798787183541 -0.004182529524751151
v 0.006709782694316437 0.07600042022276268 -0.00429918791867473
v 0.007170621115443972 0.07602619178036364 -0.003671332630705184
v 0.00719238332946759 0.07748963478238147 -0.003443993769475225
v 0.007143175971220839 0.07998667445144403 -0.002995532159374645
v 0.007189312293359279 0.08130590401925425 -0.0023769088390116636
v 0.007481612066598259 0.07775173129966577 -0.0028898575507740015
v 0.007407566335945558 0.08020550544834996 -0.0023701951675800404
v 0.007409378223966397 0.08146866194807555 -0.00170835510485725
v 0.0073056591598899155 0.08264024336411413 -0.0009653242048788913
v 0.007585079673586267 0.08158015988375011 -0.0010244087044286533
v 0.007629259287047358 0.08037598962904527 -0.0017270984368353516
v 0.0075613817056426735 0.07605270839600452 -0.0030252241192494232
v 0.007883597887490958 0.07607955283718296 -0.0023711753845638145
v 0.007732808850419757 0.07797210456671436 -0.002317492788634136
v 0.007947467987963405 0.07814945073195735 -0.0017289272050774076
v 0.008139921136288406 0.07610632277255741 -0.0017190903434746796
v 0.008126510091569781 0.0782826000542721 -0.0011262533654581336
v 0.007809532599064709 0.0804975905517412 -0.0010682329019216373
v 1.5387269787513168e-06 0.08921070905252909 0.000907005601711107
v 0.0010996426862397142 0.08910508217420912 0.001045348793471342
v 0.0005538992553199324 0.08917367221736448 0.0010122267726452659
v 0.0004993645574647504 0.0890634110780362 0.0015630611036611221
v 0.0010428940600604314 0.08899141611963839 0.0016164220440651276
v 0.0015741316183965173 0.08887790652725604 0.0016635410279090361
v 0.0009335778056666834 0.08882845702514632 0.002197214111128441
v 1.2573035185776992e-06 0.08898044886529072 0.0019181575117184645
v 0.0016328744389857831 0.08899491044184563 0.0010698727281013816
v 0.0021507439098558596 0.08884366365974115 0.0010856059091828734
v 0.002650924422289645 0.08865272763584994 0.0010921797658166926
v 0.003131439360590286 0.0884240469716562 0.0010898842885618157
v 0.002090068245729586 0.08872343364383868 0.0017026337576025495
v 0.003068247495764808 0.08829886977036866 0.0017520776717769757
v 0.0025886624830302467 0.08852965894881537 0.0017323167534977848
v 0.0035966093628974267 0.08824441347823064 0.0004027712459443954
v 0.0014607540409856143 0.08871209386047105 0.002266034889445541
v 1.5261311595869965e-06 0.08880451831032357 0.0024174637451085273
v 0.001973007287633811 0.08855505052681596 0.002326865153115099
v 0.0007690819707596041 0.0886102444264135 0.0027781402886389406
v 0.001290153444971571 0.0884904539947546 0.002868937252335498
v 1.5387269787513168e-06 0.08858529988323686 0.002912039092775713
v 0.0005491390329367333 0.08833082530970097 0.0033496854869348902
v 1.7950348570887116e-06 0.08806693320254046 0.003793073018952954
v 0.0010623275020480122 0.08820595358220978 0.0034616688744885864
v 0.0024685984753723047 0.08835892144838649 0.0023780662401105576
v 0.002946019327331526 0.08812618766845558 0.0024184893640666096
v 0.0022889074727792816 0.0881317830543354 0.003022610362513116
v 0.001797408516325068 0.08833046768184181 0.0029511213450905396
v 0.0015628810091630344 0.08804194395588141 0.003564213075168364
v 0.0027632752165892786 0.0878969184084103 0.00308177495580217
v 0.0020487137992236297 0.08783975010500697 0.0036546775567146057
v 0.003841790268707817 0.08756313240652455 0.0024650831984076907
v 0.0025186696352840917 0.08760200953504776 0.003730834362757303
v 0.003964213549215305 0.08773746853728627 0.001763795222853917
v 0.004030453399915982 0.08794739609061512 0.0003671334900803899
v 0.004823954647934081 0.08726399160349525 0.00028319749229748913
v 0.004026092482076055 0.08786386018317889 0.0010633744250094234
v 0.004826462699560973 0.08718632675341362 0.0010104052221529716
v 0.005534597525671006 0.08641146639189314 0.0009295558892349211
v 0.004771259952399212 0.08706318356057506 0.0017390354307881143
v 0.005521019308554674 0.08647867062709423 0.00018274673008691894
v 0.006125845318171459 0.08561090152799529 7.001594891096712e-05
v 0.0066416820611610505 0.08467979504492243 -4.501402389612513e-05
v 0.006153425038503054 0.08555719774447759 0.0008244224954510909
v 0.006684825578285374 0.08464146925934876 0.0007077415169556768
v 0.005490787181600952 0.08629622826485817 0.0016764670864097971
v 0.00612433052204404 0.085453910348403 0.0015802699653229375
v 0.00707226926322259 0.08370183186171878 -0.00015241837132034443
v 0.004655229269874269 0.08689071752549356 0.0024649826155723007
v 0.005386306761339924 0.08613036344401039 0.0024188302281198744
v 0.004475947816372567 0.08666112043991071 0.0031807445077047768
v 0.0036573111040550978 0.0873316875770027 0.003159263087429956
v 0.003408796762007962 0.08703400708773165 0.0038352547127138625
v 0.004231131523340464 0.0863660327526186 0.0038751451201713694
v 0.005218468468008897 0.08590772520052042 0.003149530533952817
v 0.006035585727586197 0.08529945236614644 0.0023331415686095426
v 0.006603586777918485 0.0844131462230142 0.002221062022002569
v 0.006672870656373525 0.08455287440782146 0.001464469086637183
v 0.007139432985892773 0.08360741065631928 0.0013420895782895413
v 0.00588460250976334 0.08508873505129527 0.0030744813032525936
v 0.006474435157649213 0.08421752378405187 0.002968268623048743
v 0.006281347778667727 0.08396050856259984 0.0036933332633015763
v 0.005668416003237849 0.08481529875064332 0.003792244374714176
v 0.0069891980857387645 0.08330377715330924 0.002842329134254091
v 0.004984710233273084 0.08562099706443625 0.0038570369501723023
v 0.007093021457940835 0.08348316477758162 0.00209538702881209
v 0.007131780774161483 0.08368010596927462 0.0005915281205879742
v 0.00027139586025658923 0.08798786764334376 0.0038985320263832945
v 1.703134967386472e-06 0.0877457759344314 0.004219136088897695
v 0.001267643728186337 0.08768387651247457 0.004152654094334042
v 1.5387269787513168e-06 0.08737975872173857 0.004631916403805061
v 0.0009076078763625984 0.08725308395379076 0.004701585849795763
v 1.6209309730688945e-06 0.08756277477866539 0.004425526479182016
v 1.7169346164434849e-06 0.08662694462761943 0.005306699638080468
v 0.0004821558995297429 0.0867519132126558 0.005194719277325058
v 0.0022099241027976244 0.0872342637877023 0.0043519389592238675
v 0.003093717072028957 0.08666282662282214 0.0044789485376283585
v 0.001834201927058186 0.08678969510586032 0.004928741473314027
v 0.0013904611909630713 0.08626986811140566 0.005442609866094396
v 0.0022551707790702687 0.08568850677343372 0.005599069726171965
v 1.677051796900074e-06 0.08618807563978285 0.005618166495057756
v 0.0027095590930478032 0.08621405581363499 0.005073274816817521
v 1.5387269787513168e-06 0.08570828806439369 0.005903716973777578
v 0.0008813087827447815 0.08568297844277749 0.0058755221149017715
v 0.00031352033588833843 0.08504336846724432 0.006213790106558935
v 0.001146697525242998 0.08443829938244202 0.00637277245376292
v 1.5387269787513168e-06 0.08522712213163067 0.006117828028000607
v 1.5387269787513168e-06 0.08474597110002845 0.00633193954788491
v 0.0017323715851129105 0.08509286267283644 0.006037367813285438
v 0.003918200161653451 0.0859985775779087 0.004533599010518026
v 0.004682137972308658 0.0852638311412577 0.004526569853572622
v 0.003534605865645627 0.08555469434946346 0.005138799411799871
v 0.0030787660854740663 0.08503418190161206 0.005671856308737196
v 0.0025512174957581517 0.08444098904196613 0.006114635919960809
v 0.004307746772908352 0.08483199550131801 0.005141249721428671
v 0.005383319544261105 0.08447336181380082 0.00447182485144414
v 0.005025403906429883 0.08405863270645778 0.005097339725845776
v 0.0038591734041017833 0.08432413413898453 0.005683618912542489
v 0.004591174767536943 0.08356868998998446 0.005653231254722933
v 0.004078404404042911 0.08300328779522767 0.006126947538409271
v 0.003335598302045036 0.0837417297197567 0.0061384037370956455
v 0.005684131605606211 0.08324236201907834 0.005019212474118118
v 0.006019583743533738 0.08363688515237866 0.0043819689891842605
v 0.0005069554183230652 0.08373352663073713 0.006597873114074821
v 1.5387269787513168e-06 0.08372921274468598 0.006606960028194239
v 0.0019557238037526846 0.08378202245855576 0.006454147227222095
v 1.5387269787513168e-06 0.0819233112651977 0.006948521642049139
v 0.0020754557949215855 0.08237511446060733 0.0067674050174628495
v 1.5387269787513168e-06 0.08282626200494184 0.006777740835121689
v 0.002738735100229934 0.08308920043781126 0.006497411816277905
v 0.0034874022478649956 0.08236481775849559 0.006512699475934586
v 0.0013600117166092647 0.08161420158559421 0.0069748552528089616
v 0.0028235157202541094 0.08166035048058708 0.00681626545805976
v 0.0028178588670859897 0.08017729755095847 0.007109485377978046
v 0.004195786435587766 0.08161081157151256 0.006499321493166484
v 0.004774330988507523 0.08222971638411625 0.00608598285039045
v 0.00527022811570366 0.08277383972125281 0.005590915531586277
v 0.0035392641082096113 0.08092275792222357 0.006835427419524044
v 0.007427263807876037 0.08268642206142858 -0.00024716762053614424
v 0.0077170215362150525 0.08164077780587829 -0.0003268692439305858
v 0.0075023651926390544 0.08268127371037272 0.00048188220711538977
v 0.00752964782107723 0.08262470890398171 0.0012196860883862395
v 0.007506972445293432 0.08251605709001966 0.001962813031002557
v 0.007805446421377003 0.08165078393535447 0.0003825631182182722
v 0.007948956241398152 0.08056997294031977 -0.0003949208080291244
v 0.008130575314500114 0.07947838840602778 -0.00045579923853681005
v 0.008047823580650907 0.08059281641982383 0.00029124589446227414
v 0.007849802986122577 0.08160964928097028 0.0011018518997434063
v 0.008106017270181684 0.08056530142640946 0.000986929607468168
v 0.007848808333639278 0.08151639781669345 0.0018278238809904842
v 0.008235810106026566 0.07951167759925157 0.00020137353033096377
v 0.0068232303537492205 0.08306447196146619 0.0035703893734886924
v 0.007430172793860663 0.0823529713356608 0.0027027525221918268
v 0.007293944984857218 0.08213165184490151 0.003427804822420874
v 0.0065893682765490935 0.08276060003988338 0.004265548548172182
v 0.006281335205813303 0.08238798161295681 0.004913519471897114
v 0.007091456836056996 0.08184806040316542 0.004125118611823568
v 0.005893084064225319 0.08194310745731846 0.005500681552371137
v 0.006814968591409018 0.08149820349935852 0.004781095649848754
v 0.007693215069194396 0.08116547547988946 0.0032673898683044976
v 0.008122975722492895 0.08048639232940115 0.0016880931350462104
v 0.007798668255858799 0.08136916689742416 0.002552873387251882
v 0.007282878078996703 0.08057531500646602 0.0046205710325021255
v 0.008019814986285081 0.08016808863358502 0.0030864474010350407
v 0.007524423567233541 0.08090208256161568 0.003960862185019474
v 0.007885279856016086 0.07992482718354997 0.003769093558768652
v 0.006456999402531177 0.0810783632938616 0.005381841069713132
v 0.006959303097548108 0.08018128361147206 0.005231922353564816
v 0.008096178778764495 0.08035456175981708 0.002389786003078555
v 0.007681501359822972 0.0796215289566579 0.004426696220304695
v 0.008376502209672978 0.07841180056897523 0.00011561522535619685
v 0.008269672062618541 0.07837042749601827 -0.0005108687192624449
v 0.008334665338086172 0.07613263077194711 -0.0010780392627108561
v 0.008332696522215674 0.07942969886311878 0.0015394256507436912
v 0.008447002395378194 0.07840565384014586 0.0007500347365919369
v 0.008303162421513105 0.0794958302147424 0.000867476489195304
v 0.008323169092530152 0.07931211380325805 0.0022137055051808735
v 0.008481516277755102 0.07835100383291747 0.0013889026226758063
v 0.008472943453683232 0.0761581415592341 -0.00045638800901132777
v 0.008543437120130597 0.07730067316229605 0.000638139242603888
v 0.008560728054592124 0.07618235594553162 0.00013507296904156422
v 0.008573703240357392 0.07725676689200336 0.0012435215428212624
v 0.008596490840508455 0.07642963325840184 0.0006868302989120351
v 0.008480434080952113 0.07824711293983054 0.0020292750021313867
v 0.008270384524369219 0.07914228527363787 0.0028848128093518065
v 0.008571996126123417 0.0771667638807806 0.0018486993595312733
v 0.008440971150545012 0.07809336276271191 0.0026690733376502703
v 0.008002647917722693 0.07863953500945826 0.004195097256900837
v 0.008167297362642847 0.07891896902733159 0.0035481179588609155
v 0.008360076473860315 0.07788926156325525 0.0033050402121988466
v 0.008606518390403274 0.07653146034071819 0.0012858016075265048
v 0.008589878450404133 0.0764796564552023 0.001890968248365917
v 0.008533847291834233 0.07703015003858021 0.0024529678561866215
v 0.008461048602075853 0.07684498821449842 0.0030574329783153178
v 0.008542975184145846 0.0762789080169253 0.0024611329938122707
v 0.0073966139827586815 0.0792540514302068 0.005044666450729557
v 0.005419917260843425 0.08142353378259738 0.006015999548700432
v 0.006011854697692082 0.08058559680741696 0.0059149687471642485
v 0.004219376835776845 0.08016324575632551 0.006817360227717173
v 0.004860229195591583 0.0808289178620952 0.006453836165490427
v 0.004859947470520237 0.07938094971556658 0.006756746496540468
v 0.005477538652667286 0.08001878645296473 0.00637282600480954
v 0.006547056430461835 0.07971664306603453 0.005779959108056078
v 0.007022497989171872 0.07881864696225588 0.005605391543640716
v 0.006044474735663759 0.0791800373645208 0.0062531724775654685
v 0.007760511970989215 0.07829943091539396 0.004812228831369509
v 0.006557626941403251 0.07831375838150169 0.0060920685775928
v 0.0054566872720974765 0.07857449889315334 0.006649893532083558
v 0.007010620367031666 0.07742217722744679 0.005879652064749323
v 0.006006664902782739 0.07774221690849595 0.00649629516054057
v 0.0074293457794363475 0.07789425345212274 0.005380617311882557
v 0.0012505212466910253 0.07857209980626478 0.007545703356176308
v 0.0019641511086761322 0.07786576988325647 0.007608827001625005
v 1.5387269787513168e-06 0.0801174172362898 0.007290082790242763
v 0.004174546693514645 0.07868244290197746 0.007079148942898734
v 0.0035114839206991494 0.07943743256557319 0.007119405360118353
v 0.000851192314410225 0.07650451159141415 0.007946455640351659
v 1.5387269787513168e-06 0.07650561427731324 0.007973205086630014
v 0.0016939518523770218 0.07650127058894049 0.007867653645436595
v 0.0026774750312035956 0.07716609332854467 0.007615590265982411
v 1.5387269787513168e-06 0.07831151575680152 0.007631643472775114
v 0.004800265061893436 0.07790977301109435 0.0069840944381652885
v 0.005386038540445551 0.07711367849543604 0.006833125655841955
v 0.003332482562454331 0.07648873126212857 0.00756254073655603
v 0.0025232405663590226 0.07649598812743742 0.007738961167184426
v 0.0041152307603112325 0.0764796266528807 0.0073413460430184286
v 0.00486644810191857 0.07646890526768621 0.007080677708864403
v 0.007750035989286615 0.07694473658488338 0.005098570468595475
v 0.0073814110734540415 0.0765061134662 0.005601459034173745
v 0.007714177277147644 0.07639115846122019 0.00519003193093139
v 0.0070746078141454 0.07642063295727956 0.005906652502454877
v 0.007951424246155398 0.07637528127438942 0.004804133775765739
v 0.007420554560226525 0.07640646195336022 0.005562251751806593
v 0.005581668895649551 0.07645679807453745 0.006786217732970919
v 0.006510234730806265 0.07688525860155629 0.006296154410227382
v 0.006256427915538659 0.07644353604142681 0.00646364671723112
v 0.006682932665202692 0.07643311267944829 0.006210247355579098
v 1.2276991257599792e-06 0.08472353740244634 -0.006532666100081987
v 1.5387269787513168e-06 0.0832777373748139 0.006692350198827326
v -0.008237947491278597 0.07634492015926253 0.004065963797421288
v -0.008353151159379225 0.07660957967620417 0.0036582768855393487
v -0.008345655875497593 0.07633038407690362 0.003712339693900026
v -0.00822855696600791 0.07763317021377274 0.003931530181310233
v -0.0005678870797352439 0.08785383170196152 -0.004257125667030847
v 1.4558879297750763e-06 0.08773886179582092 -0.004424212383064101
v -0.00012870139857596726 0.08745460725242929 -0.0047484807341511
v 1.5387269787513168e-06 0.0881024799216252 -0.003937953512936924
v 1.4707340661455498e-06 0.08732810384783067 -0.0048816598587874335
v -8.391392980404252e-05 0.08677457042764987 -0.005385847153661545
v 1.6912093321127386e-06 0.08687285848427659 -0.005304520343313691
v 1.709447656257144e-06 0.08662374832862815 -0.005496615863779529
v 1.5097122795452121e-06 0.08610506127297457 -0.005859222107633344
v -0.0005187663344856345 0.08649223813400124 -0.005587960910796705
v 1.7276860940883838e-06 0.08637463817297972 -0.005688710918584091
v -0.0005986835881542086 0.08723459161323986 -0.004952029659335663
v -0.0010442157231740645 0.08764773374695788 -0.004448897552910593
v -0.0010414325821489938 0.08696602799216903 -0.005146942430514961
v -0.0014208044945461888 0.08799781416817674 -0.003891148035546377
v -0.0009414751880592355 0.08819491182205812 -0.003716547874841769
v -0.0014927705819449538 0.08739071107492545 -0.004631544340446375
v 1.5387269787513168e-06 0.084001829481494 -0.006746218826436348
v -0.0003285365150217225 0.08430587276642601 -0.0066622153950800685
v 1.263730007969911e-06 0.08464709444755018 -0.006562669121688434
v -4.282055101681902e-06 0.08473410977603286 -0.006532771339530127
v 1.5387269787513168e-06 0.08349948154865595 -0.0068449967587243124
v 1.5387269787513168e-06 0.08299712616523751 -0.006943774691012276
v -0.0006197522579164435 0.08385115639408026 -0.006763983804075775
v -0.0013192180426936696 0.08439924343998922 -0.006532580418407396
v -0.0010187270547976426 0.08484668059528491 -0.0064256254741312715
v -0.0011373796431312043 0.08290187794541368 -0.006923319122526175
v -0.0006859071254344424 0.08526622277756586 -0.006290171128505522
v -0.008031571070832525 0.07732020858410285 0.0045357308078347565
v -0.008184091902185274 0.07635219192573219 0.004242775383520644
v -0.0081302372444145 0.07635946369220184 0.00441958696962
v -0.00032115659872096106 0.08564857166249382 -0.006126267207286566
v 9.754823818562831e-07 0.08525864553729984 -0.006322644017514314
v 1.2917384650020404e-06 0.08583548437296944 -0.006029733296682597
v -0.0009233403589521777 0.08616348872446539 -0.005773884556724326
v -0.0019106664187883082 0.08708350129332378 -0.004800768907392935
v -0.0012958112294622402 0.08579113106785279 -0.005936998250759688
v -0.0014530442036715492 0.08664835759568683 -0.005326263465225035
v -0.0022973259301385055 0.08673078336664357 -0.004953070412285181
v -0.001832425545709562 0.08628584960636203 -0.005485117755578408
v -0.0016358715513666944 0.08538103622151808 -0.006073901268611815
v -0.0019445553837342305 0.08494104219604122 -0.0061844324914795724
v -0.0021799781246973596 0.08588469545650639 -0.005621029380576162
v -0.0024970054429588524 0.0854519433951776 -0.005733487044138397
v -0.002653101854411322 0.086338718924875 -0.005086078173572332
v -0.0029791786010595982 0.0859138048741262 -0.005198882289123131
v -0.003049157478967505 0.08451788648226664 -0.005893843092103492
v -0.0024799701565372755 0.08400057778398694 -0.006338201760710468
v 1.1916680161763779e-06 0.0847999803573425 -0.006502663078475541
v -0.0018409545976215869 0.08345470356045655 -0.006683212993290214
v -0.0018742623008810501 0.08774994080887459 -0.004058818225157146
v -0.00044143769184451975 0.0883442214532588 -0.003539831749303778
v 1.2706732040258573e-06 0.08845322344449962 -0.0033636513670626195
v -0.0007528069927847054 0.08861452851014306 -0.002985801002881331
v -0.0004870720020247322 0.08891185882213536 -0.0022906613859713892
v 1.263495926777253e-06 0.0889533436537983 -0.002200394810467002
v 1.0896299893024737e-06 0.08873530986899507 -0.0027820257663171417
v -0.00023290517238392966 0.08870909872715056 -0.0028370799675321925
v -0.0006920564154008239 0.0890594548198442 -0.0017378335590374624
v -0.0010094510822005944 0.08882328632234925 -0.002411375223938527
v -0.001255102073068049 0.088472900427334 -0.003139923010528003
v -0.001736727613509451 0.08828156207210124 -0.0032942769174896013
v -0.0015153438614942188 0.08868616584068172 -0.0025405736431659315
v -0.0020010740896590057 0.08849923822904529 -0.0026738147007518338
v -0.0017274033285551266 0.08883623543108311 -0.0019337776535254616
v -0.0012170707018354704 0.08897161992751762 -0.0018303528873747498
v -0.0024640058910480886 0.08826388184481385 -0.0028071914985993845
v -0.002218192151565038 0.08865240726089278 -0.0020446192396329746
v -0.002194839937118097 0.08804075186301755 -0.003445363977776772
v -0.0008527040837393575 0.08915349604564336 -0.0011866596445368474
v 1.5280117672066888e-06 0.08922698857070141 -0.0009887185616712156
v 1.5387256145093003e-06 0.08911335231845227 -0.0016199498938841656
v -0.001381323054103409 0.08906288208682786 -0.0012537280230609836
v -0.0004342541681864694 0.08925419809031943 -0.0006013791266519289
v -0.0005156413980847489 0.08926668526306854 -6.84935857878296e-05
v 1.5387174290572016e-06 0.08928009630778716 -0.00036102084183558126
v -0.0009740980199985629 0.08920050920796253 -0.0006347999273935462
v -0.0010592039626309514 0.08920711042219626 -7.843123395275514e-05
v 1.5205136657105465e-06 0.08927562595954762 0.00026793675368326606
v -0.001506015734834376 0.08910511942711112 -0.0006785300031013307
v -0.001895758738731988 0.08892669292771023 -0.0013317139465916935
v -0.0020233629665845935 0.08896617355324578 -0.0007322092811944254
v -0.0015927430518184887 0.089106311519975 -9.956248422476913e-05
v -0.0021112940179644577 0.08896337958559607 -0.00013036356194499435
v -0.0021546519721058963 0.0889221331725059 0.00047528041080507346
v -0.0016360954180246275 0.08906943114699878 0.0004833108268031135
v -0.0025219141302173214 0.08878346297011533 -0.0007945046898579609
v -0.0011022833349146495 0.0891753709496955 0.00048180493644757737
v -0.0023910600523268243 0.08874432507127815 -0.0014183452209378473
v -0.0005562802396264225 0.0892398780747921 0.00046923286782726907
v -0.002611489897220317 0.08877860519169503 -0.00016976656756677438
v -0.002298936652488565 0.08745262539804309 -0.004216138627270828
v -0.0026937654924158866 0.08711013711825104 -0.004360135063324301
v -0.0026262834902642737 0.08775220578531595 -0.003589494989938707
v -0.002901500013970357 0.08798248832429552 -0.002936856510424291
v -0.003029323568283465 0.08741956717281169 -0.003723691584460811
v -0.0031291329402954476 0.08814611052044313 -0.00227145472102471
v -0.0026860967497093356 0.08842143926851648 -0.002158395423095237
v -0.003311851439667573 0.08765855198969756 -0.0030597610518594415
v -0.003058724722692035 0.08672801920131545 -0.0044885211364575515
v -0.003394637865281765 0.08631220975981452 -0.004600041889534582
v -0.0034035243122223155 0.08704767890276424 -0.003845757237109135
v -0.0036943872875974306 0.08729636437532994 -0.0031736804261637513
v -0.0037492957368334212 0.0866418010849355 -0.003954212542013155
v -0.0039854244202893775 0.08540183824199274 -0.004771941214844468
v -0.003545958687528962 0.08782994514120157 -0.002380822256366362
v -0.0028638394255279588 0.08851691845633268 -0.0015100850323008647
v -0.0033121564478026666 0.08824707333543318 -0.0016037860925386617
v -0.0029986865488511715 0.08855816486942285 -0.0008633444438720156
v -0.0030906926020481426 0.08855335179448494 -0.0002164232952838038
v -0.0035466632330379646 0.088289713007058 -0.0002683265994818901
v -0.003135592593501585 0.08850768718721802 0.00043374269748359376
v -0.0026552632212190124 0.08873435619470396 0.00045843688951728784
v -0.0034514979009210803 0.08829246972180571 -0.0009361929011791557
v -0.003935842204716291 0.08747683978434061 -0.00248423817495285
v -0.00373481157570667 0.08793803071105329 -0.0016967814431142689
v -0.0040492139613612565 0.08690055974220094 -0.003277064446952905
v -0.004131129833221926 0.08759335941120425 -0.0017869171678003945
v -0.003879044567687819 0.08798929815478042 -0.0010107850853380137
v -0.004656318917257657 0.08728374309213363 -0.001158449535254286
v -0.003977872325732203 0.08799051259938549 -0.00032355481249462435
v -0.004298702233964955 0.08709089226907982 -0.0025801297058280223
v -0.004763984926300634 0.08729773528212338 -0.0004398221091549027
v -0.0045009393913379775 0.0872167549237641 -0.0018726014035286142
v 1.1196061380696798e-06 0.08495286626713482 -0.006442656569601374
v -0.003549975016025425 0.08498959017792264 -0.00536597692139806
v -0.0013569136721470075 0.08161422393733542 0.0069748524588413114
v 1.5387269787513168e-06 0.0801174172362898 0.007290082790242763
v 1.5387269787513168e-06 0.0819233112651977 0.006948521642049139
v -0.0008496296715868041 0.08136279665118282 -0.00720655293640311
v 1.5387269787513168e-06 0.08097671502547484 -0.007270952028083902
v -8.477292933718093e-05 0.08081649029398927 -0.007308040085988746
v 1.5387269787513168e-06 0.081992422848981 -0.007141330089926928
v -0.0003889035039303622 0.08235709150662159 -0.007074525392099734
v 1.5387269787513168e-06 0.08046886111372174 -0.007335762764331751
v 1.5387269787513168e-06 0.07996101465254905 -0.0074005735005796
v -0.0005007986195686251 0.07978953209408025 -0.007405734424489896
v -0.00011773041893809308 0.07819847555098433 -0.007513521971125635
v -0.0008798032416352016 0.07875141292473319 -0.007452963187979374
v 1.5387269787513168e-06 0.07842784166857479 -0.007492241250860319
v -0.0012577577393191014 0.08034271533698228 -0.0072886872034017315
v -0.0016264519222663233 0.07930820224854845 -0.007318889062372582
v 1.5387269787513168e-06 0.0794499495406439 -0.007431129262119415
v 1.5387269787513168e-06 0.07893889187931914 -0.007461685023659229
v -0.0012289133993800552 0.07771234008109501 -0.007447164308122394
v -0.0015891288218329472 0.0819144823274246 -0.007033548596887764
v -0.0020723575176286907 0.08237512936176813 0.00676740315481775
v -0.002287940294311206 0.0824670173698319 -0.006775311480250263
v -0.0026802757509417955 0.08144844852345243 -0.006818599352369821
v -0.0029315742817518707 0.0830088980822683 -0.006424353753189377
v -0.001988358044393248 0.0808979772918157 -0.007094851506751398
v -0.0035121568012414553 0.08352400140874984 -0.005983527591014189
v -0.003908283904803344 0.0824932881163196 -0.006017799795189397
v -0.004028502744835207 0.08399759010124684 -0.005464333430232192
v -0.003322693431132285 0.08198427191402424 -0.006458344697954514
v -0.0023466748494128413 0.07986333009293468 -0.007106535879462498
v -0.002674328790799381 0.07882050960735569 -0.007069738394193225
v -0.0030304495372462993 0.08040961409838703 -0.006815055670067434
v -0.003668547510619695 0.08093822532713238 -0.006446357179753419
v -0.0042541631299996005 0.08143944077174975 -0.006005370364438372
v -0.003980648132592193 0.07987967666633061 -0.006391948385065452
v -0.0033492698842469957 0.07935999868348394 -0.006766708853856796
v -0.004434280911151118 0.08296365070750374 -0.005505940265149172
v -0.0019644461050938146 0.07826906980026709 -0.007297104962269043
v 1.5387269787513168e-06 0.0832777373748139 0.006692350198827326
v 1.5387269787513168e-06 0.08372921274468598 0.006606960028194239
v -0.0005038634856650419 0.08373354153189794 0.0065978707857684464
v -0.0008328968321633087 0.07613161749301282 -0.00747673286775931
v -0.0004405418759668304 0.07586985625184647 -0.007484651437739872
v -0.0008826225296167404 0.07587077267323558 -0.007461858715314787
v -0.0004792216514209503 0.07715531978928737 -0.007521244032048168
v 1.5387269787513168e-06 0.0768928656441439 -0.007515120586282546
v 1.5387269787513168e-06 0.07586894728103777 -0.007507444625826234
v -0.0015613032323481776 0.07668385451220415 -0.007388214384681094
v 1.5387269787513168e-06 0.07791677655666963 -0.007522797012400133
v -0.0022834282693875566 0.0772348845373708 -0.0072252520305600915
v -0.0021799101381512168 0.07588083840735495 -0.007215210045165747
v -0.0017551679164128774 0.07587628610273102 -0.007326525441620524
v -0.0026072519139569766 0.07621410286861276 -0.007111866304076877
v -0.0032878717466526333 0.07674357836468443 -0.006866357107067645
v -0.004544877326597368 0.07775290104078846 -0.006173813551765561
v -0.00456205883065928 0.08037144477500174 -0.005951409535896909
v -0.0050900451419736495 0.08082771831865092 -0.005452716578405958
v -0.004783880304272968 0.0819038130962929 -0.005499970953265559
v -0.003936893667875133 0.07725874129580916 -0.006551871833706116
v -0.005105119063105128 0.07821996302485572 -0.00573988616137879
v -0.0034206427191814715 0.075897877884728 -0.006798943324292813
v -0.0026046521270589183 0.07588539071197889 -0.007103895114372245
v -0.004193230886510828 0.07591350175182521 -0.006417709698118359
v -0.004914258010679189 0.0759319419383133 -0.005968060651766651
v -0.005590443351053476 0.0760645399176785 -0.00544285946053777
v -0.005576491207933357 0.07595284081633316 -0.005458764587045038
v 1.5387269787513168e-06 0.08282626200494184 0.006777740835121689
v -0.004481441688094453 0.084416968370759 -0.004880213980528707
v -0.0048996613923545365 0.08338467555528413 -0.004933184347538346
v -0.004874211141033298 0.08477543814550742 -0.00424525177018084
v -0.004360129009727726 0.08574846159390637 -0.004127927480634079
v -0.004678865770529569 0.08602631608873505 -0.0034488333871058037
v -0.004945402833731818 0.08623666087456627 -0.00274552514011065
v -0.0052105224240131115 0.08506882710046851 -0.003572858309568489
v -0.00525576327951982 0.08232267727575751 -0.00493890173667221
v -0.005562484116782795 0.08124153100460485 -0.004903893322021302
v -0.005670739187338586 0.08269005794466341 -0.004331828445742506
v -0.005306300566367834 0.08374975399484667 -0.004311185215762599
v -0.005656802876701816 0.08405424431460262 -0.0036513301506396114
v -0.0060305784718966355 0.08300144750186907 -0.0036882391617842365
v -0.005979923838407333 0.08160778663587047 -0.004313156825600747
v -0.005493572301686441 0.08529716503796388 -0.0028731270396568807
v -0.0051626515136254745 0.08638233462253213 -0.0020268095585111523
v -0.005953800240882514 0.0842971332356177 -0.0029627053677968884
v -0.005725984775337641 0.08546195697523418 -0.0021544850325388256
v -0.005331100288887963 0.08646799394538214 -0.0012972915666553133
v -0.005908606417164577 0.08556663017926303 -0.0014220125363087336
v -0.005450231809842813 0.08649863073198379 -0.0005601728768467261
v -0.0061996684627347335 0.08447877093517066 -0.002253157259717375
v -0.006337572652328007 0.08325515466562383 -0.0030159842354011836
v -0.0066561860128919875 0.0821834259280958 -0.003036257031836866
v -0.0065939312913823505 0.08345068024704096 -0.002321987584090612
v -0.006395738867843563 0.0846012733780949 -0.0015278725945121268
v -0.006801005272418301 0.08358913438259995 -0.0016111065206115482
v -0.006542558608207072 0.08466728552043212 -0.0007909769564542417
v -0.006959597395473877 0.08367216365056904 -0.0008872265226421929
v -0.00713443783739636 0.08254177649355783 -0.0016710103511745884
v -0.0060414213946838975 0.08561505150127766 -0.0006796325725850988
v -0.006919304191013537 0.08238975485109183 -0.002362420486933438
v -0.006343772466542721 0.0819224097449694 -0.003688429151584417
v -0.006070811140391231 0.07905176072178717 -0.004736990076530379
v -0.0060638490386694215 0.07647341286882775 -0.004982743745708961
v -0.005614345278635498 0.07865454047838233 -0.005258303461774683
v -0.006607605900382597 0.08082677209494021 -0.0036571413705203774
v -0.0062452557702300055 0.08051200742481372 -0.004261180179751856
v -0.0069205242235539114 0.08109187864670582 -0.0030275349633263737
v -0.006831341707497613 0.07972037580681456 -0.0036007362859466906
v -0.006485746535679077 0.07684860174599205 -0.004493002194906417
v -0.00617480075366846 0.07597578115338241 -0.0048996213454848905
v -0.006859429464280181 0.07718793843027523 -0.003978847420441953
v -0.0064757711398470506 0.0794080474764786 -0.004182536044009001
v -0.007166188020106427 0.07602610982397924 -0.00367336710481545
v -0.006705284406400399 0.07600035316753909 -0.004300951843584249
v -0.007189294598230831 0.07748971673876585 -0.003444000521563712
v -0.007140086308661531 0.07998674150666762 -0.002995536117495482
v -0.007186221699477422 0.08130595617331704 -0.0023769104688261262
v -0.007478524266684051 0.07775179835488936 -0.002889862673048026
v -0.0074044776047088 0.08020556505299316 -0.002370197495886415
v -0.007406288095745814 0.08146871410213834 -0.0017083552212725688
v -0.007581989079704409 0.0815802120378129 -0.001024407423860147
v -0.007302566703362957 0.08264028806759652 -0.0009653225168567696
v -0.007626171021471876 0.08037604923368846 -0.0017270992517425827
v -0.007557056643720917 0.07605262643962013 -0.003027507256480514
v -0.007879418111886988 0.07607945597963778 -0.002373677382594133
v -0.007729722447489374 0.07797217907251834 -0.0023174965139243354
v -0.00794438158503302 0.07814951778718095 -0.0017289289513071889
v -0.008135573722625453 0.07610620356327102 -0.0017220922288836591
v -0.008123425551284499 0.07828267456007608 -0.0011262532490428148
v -0.007806443402166676 0.08049764270580399 -0.001068232203429725
v 1.5387269787513168e-06 0.07831151575680152 0.007631643472775114
v -0.0012474176142934688 0.07857213705916678 0.007545700096547383
v 1.5387269787513168e-06 0.07650561427731324 0.007973205086630014
v -0.0028147557003497083 0.08017731990269966 0.007109483980994221
v 1.5387269787513168e-06 0.08921070905252909 0.000907005601711107
v -0.0005508192552320797 0.08917367221736448 0.0010122256084920784
v -0.0010965603578454869 0.08910508217420912 0.0010453472800721984
v -0.0010398118480815226 0.08899142357021879 0.001616420530665984
v -0.0004962846737922165 0.0890634110780362 0.001563059823092616
v -0.0015710469616959152 0.08887790652725604 0.001663539398094574
v -0.0009304955936877748 0.08882845702514632 0.0021972124813139787
v 1.2573035185776992e-06 0.08898044886529072 0.0019181575117184645
v -0.001629789665869862 0.08899491044184563 0.0010698713311175568
v -0.0021476570412642016 0.08884366365974115 0.0010856046286143674
v -0.0031283489995390656 0.08842405442223661 0.001089883240823947
v -0.0026478354582222495 0.08865272763584994 0.0010921786016635051
v -0.002086981609968565 0.08872344109441908 0.0017026321277880873
v -0.002585573751793489 0.08852966639939577 0.0017323150072680038
v -0.0030651571347135877 0.08829887722094905 0.0017520761583778323
v -0.0035935171392011064 0.08824442092881105 0.0004027709840099282
v -0.0014576695007003308 0.08871209386047105 0.0022660330268004414
v 1.5261311595869965e-06 0.08880451831032357 0.0024174637451085273
v -0.00196992065187279 0.08855505052681596 0.002326863057639362
v -0.0012870691375169248 0.0884904539947546 0.0028689349240291237
v -0.0007659998751960141 0.0886102444264135 0.0027781386588244784
v 1.5387269787513168e-06 0.08858529988323686 0.002912039092775713
v -0.0005460571119961215 0.08833082530970097 0.0033496836242897904
v 1.7950348570887116e-06 0.08806693320254046 0.003793073018952954
v -0.0010592433110086848 0.08820595358220978 0.003461666546182212
v -0.0024655099769661844 0.08835892144838649 0.002378064377465458
v -0.0029429289662803054 0.08812619511903598 0.0024184875014215098
v -0.0017943221133946846 0.08833047513242222 0.002951119016784165
v -0.0022858192072037985 0.0881317830543354 0.0030226080342067416
v -0.001559794606232651 0.08804194395588141 0.0035642105140313513
v -0.0027601850883686957 0.0878969258589907 0.0030817723946651577
v -0.0020456255336481466 0.08783975010500697 0.0036546747627469556
v -0.0038386973465195846 0.08756313985710495 0.002465081568593228
v -0.0025155797398941464 0.08760201698562817 0.003730831801620291
v -0.003961120627027072 0.08773748343844706 0.0017637941751160486
v -0.004027360943389025 0.08794740354119553 0.0003671335191842196
v -0.004820859397439473 0.08726401395523645 0.00028319819078940155
v -0.00482336791472764 0.08718634910515481 0.0010104053385682902
v -0.004022999559887822 0.0878638750843397 0.0010633737265175111
v -0.005531502275176399 0.08641148874363433 0.0009295571115957679
v -0.00476816516756588 0.08706319846173585 0.0017390351979574767
v -0.0055179235923987924 0.08647869297883544 0.0001827482580379774
v -0.0061227496020155765 0.08561093133031689 7.00182117337251e-05
v -0.006638586810666443 0.08467983229782443 -4.501133542985802e-05
v -0.006150328856685897 0.08555722754679919 0.0008244247655498063
v -0.006681729862129491 0.08464150651225076 0.000707744543753964
v -0.006121233874565608 0.08545394015072459 0.0015802721772139934
v -0.00548769146544507 0.08629625806717976 0.0016764681341476658
v -0.007069174944050532 0.08370187656520119 -0.00015241557735269472
v -0.004652134485040937 0.08689073242665435 0.0024649819170803884
v -0.005383210113861491 0.08613038579575158 0.0024188311594424243
v -0.003654218181866865 0.0873316950275831 0.003159261224784856
v -0.004472852100216684 0.08666113534107152 0.003180743576382227
v -0.0034057038398197293 0.08703402198889244 0.0038352526172381256
v -0.004228035807184582 0.0863660476537794 0.0038751441888488195
v -0.0052153713548691895 0.08590774755226162 0.0031495309996140922
v -0.0066004901304400525 0.0844131760253358 0.002221065514462131
v -0.006032488614446489 0.08529948216846804 0.00233314366408528
v -0.006669774474556368 0.08455291166072346 0.001464472229850789
v -0.007136338201059441 0.08360744790922127 0.0013420934199950597
v -0.005881504930962358 0.08508875740303647 0.0030744833987283306
v -0.00647133757884823 0.08421756103695387 0.0029682718826776673
v -0.005665317493114317 0.08481532855296492 0.0037922460045286387
v -0.006278249268544195 0.08396053836492144 0.0036933365229305007
v -0.006986100506937782 0.08330381440621124 0.0028423337908668406
v -0.0049816131201333765 0.08562101941617745 0.00385703718300294
v -0.007089925741784953 0.08348320203048362 0.002095391219763565
v -0.007128686454989426 0.08368015067275701 0.0005915314384245582
v -0.0002683140266274664 0.08798786764334376 0.0038985301637381948
v 1.703134967386472e-06 0.0877457759344314 0.004219136088897695
v -0.00126455767450191 0.08768387651247457 0.004152651300366393
v 1.6209309730688945e-06 0.08756277477866539 0.004425526479182016
v -0.0009045220555088088 0.08725309885495157 0.004701582590166837
v 1.5387269787513168e-06 0.08737975872173857 0.004631916403805061
v -0.0004790702241951018 0.0867519206632362 0.005194716483357409
v 1.7169346164434849e-06 0.08662694462761943 0.005306699638080468
v -0.0022068344402383163 0.0872342712382827 0.004351936165256217
v -0.0030906241498407246 0.08666283407340254 0.004478946209321984
v -0.0018311123809141969 0.08678970255644072 0.004928738679346378
v -0.0013873718776497195 0.08626987556198606 0.0054426061408041964
v -0.0022520780897126737 0.08568852167459452 0.00559906739786559
v 1.677051796900074e-06 0.08618807563978285 0.005618166495057756
v -0.0027064664036902083 0.0862140707147958 0.0050732720228498715
v -0.0008782196440544079 0.08568298589335789 0.005875519320934122
v 1.5387269787513168e-06 0.08570828806439369 0.005903716973777578
v -0.0011436053015466778 0.08443831428360281 0.006372770125456545
v -0.00031043151734009135 0.08504337591782472 0.006213787312591285
v 1.5387269787513168e-06 0.08522712213163067 0.006117828028000607
v 1.5387269787513168e-06 0.08474597110002845 0.00633193954788491
v -0.0017292791285859529 0.08509287012341685 0.006037365484979064
v -0.003915104911158844 0.0859985924790695 0.004533597613534201
v -0.004679040393507676 0.08526385349299889 0.004526570319233897
v -0.0035315101494897447 0.08555470925062425 0.005138798480477322
v -0.003075670369318184 0.08503419680277287 0.005671854911753371
v -0.0025481217796022694 0.08444101139370734 0.0061146345229769845
v -0.00430464919410737 0.08483201785305922 0.005141249721428671
v -0.005380220568476298 0.08447339161612241 0.004471826248427965
v -0.0050223044649838015 0.08405865505819897 0.0050973411228296015
v -0.003856075359639526 0.08432414904014533 0.005683618446881214
v -0.004588074860429585 0.08356871234172565 0.005653232651706757
v -0.0033325000247521413 0.0837417520714979 0.00613840327143437
v -0.004075304031274279 0.08300331759754927 0.006126948004070546
v -0.0056810312328375795 0.08324239927198034 0.0050192152680857685
v -0.006016484302087657 0.08363692240528064 0.004381972248813185
v -0.0019526283204274397 0.08378204481029695 0.006454145364576995
v -0.0027356368229370398 0.08308922278955246 0.006497410419294081
v -0.0034843016422657263 0.08236484011023679 0.006512699010273311
v -0.00282041511465484 0.08166037283232827 0.006816264061075936
v -0.004192684200174034 0.08161084882441456 0.006499322424489034
v -0.004771228753093791 0.08222973873585745 0.006085984247374275
v -0.005267126811612478 0.0827738695235744 0.005590917859892652
v -0.0035361611743039674 0.08092278027396477 0.006835427419524044
v -0.007424171817010354 0.08268647421549138 -0.00024716500119147263
v -0.007713930942333195 0.08164082995994108 -0.00032686691562421104
v -0.007499272736112097 0.0826813184138551 0.0004818856995749519
v -0.007526553501905173 0.08262476105804452 0.0012196903957530328
v -0.0075038776604601 0.08251610179350206 0.0019628179204459442
v -0.007802354896172595 0.08165083608941726 0.000382566552470175
v -0.00794586704450012 0.08057003254496296 -0.0003949185961380684
v -0.008127487980247181 0.07947846291183178 -0.00045579702664575404
v -0.008044733452430324 0.08059286857388662 0.0002912496488563035
v -0.007846710063934344 0.08160970143503307 0.001101856439940837
v -0.008102926210638552 0.08056536103105265 0.00098693496257283
v -0.007845715411451046 0.08151645742133665 0.0018278295853411024
v -0.008232722771773632 0.07951174465447516 0.00020137763397094928
v -0.0068201318436256885 0.08306450921436818 0.003570394030101442
v -0.007427076612043506 0.0823530160391432 0.0027027583429577637
v -0.00729084787171751 0.08213169654838391 0.0034278111088480857
v -0.006586268835103012 0.08276063729278538 0.004265552739123657
v -0.006278234367383397 0.08238801886585881 0.004913523662848589
v -0.007088357860272189 0.0818481051066478 0.004125124665420142
v -0.005889982294472863 0.08194314471022046 0.005500685743322611
v -0.006811868218640387 0.0814982482028409 0.004781102169106603
v -0.007690119353038513 0.08116552018337185 0.0032673975517155344
v -0.008119885594272312 0.08048645938462475 0.0016881001199653346
v -0.007795573936686741 0.08136921905148696 0.0025528801393403687
v -0.007279778637550621 0.08057536716052882 0.004620579414405075
v -0.008016721132774298 0.0801681407876478 0.0030864571799218143
v -0.0075213259884325595 0.08090212726509809 0.003960870101261147
v -0.007882185071182754 0.07992487933761276 0.003769104268977976
v -0.0069562017934569256 0.08018132831495445 0.005231930735467765
v -0.00645389763277872 0.08107841544792439 0.005381846657648431
v -0.008093086787898812 0.08035462136446027 0.002389794384981504
v -0.0076784037810219904 0.0796215811107207 0.00442670693051402
v -0.008373416738065145 0.07841186762419883 0.0001156194454115011
v -0.008330237830683925 0.07613249666149993 -0.0010814483689047813
v -0.008266585659688158 0.07837049455124187 -0.0005108665655790482
v -0.00832960825664019 0.07942976591834237 0.0015394334505700468
v -0.008300074155937621 0.07949589726996599 0.000867482484584219
v -0.00844391692377036 0.07840572834594986 0.0007500411976421267
v -0.008320080826954668 0.07931218085848164 0.0022137155168982852
v -0.008478430806147269 0.07835107833872147 0.0013889114702400303
v -0.008469020723103035 0.07615802234994772 -0.0004596094537114472
v -0.008557534549568502 0.07618244535249641 0.00013556157868622266
v -0.008540353511167864 0.07730074766810005 0.0006381455872387591
v -0.00857062149403976 0.07725684139780735 0.0012435302739701676
v -0.00859342678931927 0.07642973011594703 0.0006871623154010761
v -0.00847734860934428 0.07824717999505412 0.002029286178001986
v -0.008267293464826086 0.07914235232886146 0.0028848244508836805
v -0.008568915311128333 0.07716683838658459 0.0018487108846478285
v -0.00843788567893718 0.0780934372685159 0.0026690866089966064
v -0.007999554064211909 0.07863959461410146 0.004195111692400361
v -0.008164205371777164 0.07891903608255518 0.0035481312302072516
v -0.00835699007092993 0.07788933606905925 0.0033050558118515577
v -0.008603441300698391 0.07653146779129859 0.0012860332740107937
v -0.0085867948414414 0.0764796341034611 0.0018910818697170054
v -0.008530766476839148 0.07703021709380381 0.0024529815931942324
v -0.008457967787080769 0.07684507017088281 0.003057449276459941
v -0.008539898094440961 0.0762789080169253 0.0024611329938122707
v -0.0073935145413126 0.0792541035842696 0.005044678092261431
v -0.005416814559768418 0.08142357103549938 0.006016002342668081
v -0.0060087515309558 0.08058564151089936 0.0059149738694382736
v -0.004216272272056739 0.08016328300922751 0.006817361624700998
v -0.0048571255631940265 0.0808289476644168 0.006453838493796801
v -0.00485684197547758 0.07938098696846858 0.006756750221830667
v -0.005474433623285905 0.08001882370586673 0.0063728301957610145
v -0.0065439537293868295 0.07971668776951693 0.005779966092975202
v -0.007019396219419416 0.07881869911631868 0.005605401788188765
v -0.006041370171943653 0.0791800820680032 0.006253179928145868
v -0.007757415789172058 0.07829949052003717 0.004812243732530307
v -0.00655452284334442 0.0783138105355645 0.006092077890818299
v -0.00545358084573227 0.07857453614605533 0.006649900051341407
v -0.007007518131617934 0.07742222938150958 0.005879666034587571
v -0.006003558476417533 0.07774226161197834 0.006496305405088619
v -0.007426246337990266 0.07789430560618554 0.005380632213043355
v -0.0019610442166496512 0.07786579968557807 0.007608825138979905
v -0.003508378425656493 0.07943746236789478 0.007119405825779628
v -0.00417143933582689 0.07868248015487946 0.007079152202527659
v -0.0008481148754593846 0.07650451159141415 0.007946455640351659
v -0.0016908742970108625 0.07650127058894049 0.007867653645436595
v -0.0026743648795481897 0.07716612313086627 0.007615591662966236
v -0.004797157238544405 0.07790981026399635 0.006984100491761863
v -0.005382930251435245 0.07711372319891843 0.0068331359003900045
v -0.0033294050070881713 0.07648873126212857 0.00756254073655603
v -0.002520163243823501 0.07649598812743742 0.007738961167184426
v -0.004112153204945073 0.0764796266528807 0.0073413460430184286
v -0.004863370546552411 0.07646890526768621 0.007080677708864403
v -0.007746941204453282 0.07694480364010697 0.005098590026369023
v -0.0073783125633305096 0.07650617307084319 0.005601478591947293
v -0.007711099721781485 0.07639115846122019 0.00519003193093139
v -0.007071530258779241 0.07642063295727956 0.005906652502454877
v -0.007948347156450514 0.07637528127438942 0.004804133775765739
v -0.007417477470521641 0.07640646195336022 0.005562251751806593
v -0.006507129235763608 0.07688531075561908 0.006296167914404356
v -0.005578591340283392 0.07645679807453745 0.006786217732970919
v -0.0062533503601725 0.07644353604142681 0.00646364671723112
v -0.006679855109836533 0.07643311267944829 0.006210247355579098
v 1.2276991257599792e-06 0.08472353740244634 -0.006532666100081987
v -0.008298273909448655 0.07474358926579605 -0.0009358392896484888
v -0.006398461123656934 0.07460174511615542 -0.0009685551374274879
v -0.00838049758341207 0.07531057843417788 -0.0007062141479738335
v -0.006398461123656934 0.07505196878852041 -0.0008319813420967527
v -0.006398461123656934 0.07635083592009953 0.0004668892528380939
v -0.00859342678931927 0.07642973011594703 0.0006871623154010761
v -0.008557534549568502 0.07618244535249641 0.00013556157868622266
v -0.008474222159544251 0.07579888947354377 -0.0003427417450447773
v -0.006398461123656934 0.07612905449335548 5.19609370568191e-05
v -0.006398461123656934 0.07546689161095384 -0.0006101975870463365
v -0.008603441300698391 0.07653146779129859 0.0012860332740107937
v -0.006398461123656934 0.0764874125093979 0.0009171126632686262
v -0.006398461123656934 0.07583057679198171 -0.0003117267832802006
v -0.006398461123656934 0.07653353160206917 0.0013853294872977792
v -0.006398461123656934 0.0764874125093979 0.0018535461949116135
v -0.0085867948414414 0.0764796341034611 0.0018910818697170054
v -0.008539898094440961 0.0762789080169253 0.0024611329938122707
v -0.006398461123656934 0.07635083592009953 0.002303769750861294
v -0.008508261067420708 0.0761104131411966 0.002746386846299949
v -0.006398461123656934 0.07612905449335548 0.0027186979283993777
v -0.008474992363293021 0.07590514220061725 0.003004397185896548
v -0.008441768362647732 0.07566524841292267 0.003232888325951376
v -0.006398461123656934 0.07583057679198171 0.00308238567056427
v -0.006398461123656934 0.07505196878852041 0.0036026403748999703
v -0.008367563375838995 0.07479073653856241 0.0036935905411559873
v -0.008385864795267168 0.07510307231947877 0.0035806024894015818
v -0.008411300145427607 0.07539671459417344 0.0034260055072544587
v -0.006398461123656934 0.07546689161095384 0.0033808563870189167
v -0.006398461123656934 0.07413352829212626 0.0037853295376117733
v -0.00835835166449789 0.07413352829212626 0.0037853295376117733
v -0.00835816074337516 0.07446563791342217 0.0037621049143541693
v -0.006398461123656934 0.07460174511615542 0.0037392141702307057
v 0.008444629385521037 0.07566375084626244 0.0032343712242814612
v 0.008414239399395106 0.07539534368737998 0.003426852777944234
v 0.006401538679023093 0.07546689161095384 0.0033808563870189167
v 0.006401538679023093 0.07505196878852041 0.0036026403748999703
v 0.008388821744363114 0.0751017982702305 0.003581333111941982
v 0.008370616251157582 0.07479022244851487 0.003693739552763972
v 0.006401538679023093 0.07612905449335548 0.0027186979283993777
v 0.008542975184145846 0.0762789080169253 0.0024611329938122707
v 0.008511225467097054 0.07610973513838026 0.002747257865714747
v 0.008477755597298589 0.07590305603810547 0.0030066721740553267
v 0.006401538679023093 0.07583057679198171 0.00308238567056427
v 0.008589878450404133 0.0764796564552023 0.001890968248365917
v 0.006401538679023093 0.07635083592009953 0.002303769750861294
v 0.008361225725886896 0.07446481089899785 0.003762225520624382
v 0.006401538679023093 0.07460174511615542 0.0037392141702307057
v 0.006401538679023093 0.0764874125093979 0.0018535461949116135
v 0.006401538679023093 0.07653353160206917 0.0013853294872977792
v 0.008596490840508455 0.07642963325840184 0.0006868302989120351
v 0.006401538679023093 0.07635083592009953 0.0004668892528380939
v 0.008560728054592124 0.07618235594553162 0.00013507296904156422
v 0.006401538679023093 0.0764874125093979 0.0009171126632686262
v 0.008606518390403274 0.07653146034071819 0.0012858016075265048
v 0.008477626143464152 0.07580022312743523 -0.0003415572482804473
v 0.006401538679023093 0.07612905449335548 5.19609370568191e-05
v 0.008301231789867152 0.07474256853628136 -0.000936106986673927
v 0.008383528106989457 0.0753103102132835 -0.0007063647311886213
v 0.006401538679023093 0.07505196878852041 -0.0008319813420967527
v 0.006401538679023093 0.07546689161095384 -0.0006101975870463365
v 0.008250719648727986 0.07413352829212626 -0.0010146704466008963
v 0.006401538679023093 0.07460174511615542 -0.0009685551374274879
v 0.006401538679023093 0.07583057679198171 -0.0003117267832802006
v 0.006401538679023093 0.07413352829212626 -0.0010146704466008963
v -0.006398461123656934 0.07280016497329868 -0.0006101975870463365
v -0.006398461123656934 0.07352239443487897 0.0004707129139820453
v -0.006398461123656934 0.0732150877957321 -0.0008319813420967527
v -0.006398461123656934 0.07243646489111 -0.0003117267832802006
v -0.006398461123656934 0.07213800209089703 5.19609370568191e-05
v -0.006398461123656934 0.0732189099434769 0.0007742022075160006
v -0.006398461123656934 0.0736653114680971 -0.0009685551374274879
v -0.006398461123656934 0.07371257795014985 0.00036906199714677483
v -0.006398461123656934 0.07391892922488708 0.0003064656839881311
v -0.006398461123656934 0.07413352829212626 0.00028532949334102815
v -0.006398461123656934 0.07191622066415299 0.0004668892528380939
v -0.006398461123656934 0.07311726167509014 0.0009643776901298916
v -0.006398461123656934 0.07305466189857576 0.0011707300708126444
v -0.006398461123656934 0.0717796440748546 0.0009171126632686262
v -0.006398461123656934 0.07173352498218334 0.0013853294872977792
v -0.006398461123656934 0.07303353205256354 0.0013853294872977792
v -0.006398461123656934 0.07305466189857576 0.0015999287873675952
v -0.006398461123656934 0.07335571005018728 0.0006075120602660277
v -0.006398461123656934 0.07460174511615542 -0.0009685551374274879
v -0.006398461123656934 0.07413352829212626 -0.0010146704466008963
v -0.006398461123656934 0.07434812735936544 0.0003064656839881311
v -0.006398461123656934 0.07505196878852041 -0.0008319813420967527
v -0.006398461123656934 0.07455447863410267 0.00036906199714677483
v -0.006398461123656934 0.07546689161095384 -0.0006101975870463365
v -0.006398461123656934 0.07474465469879314 0.0004707129139820453
v -0.006398461123656934 0.07583057679198171 -0.0003117267832802006
v -0.006398461123656934 0.0750481466407756 0.0007742022075160006
v -0.006398461123656934 0.07612905449335548 5.19609370568191e-05
v -0.006398461123656934 0.07491134653406524 0.0006075120602660277
v -0.006398461123656934 0.07514979490916238 0.0009643776901298916
v -0.006398461123656934 0.0764874125093979 0.0009171126632686262
v -0.006398461123656934 0.07635083592009953 0.0004668892528380939
v -0.006398461123656934 0.07521239468567675 0.0011707300708126444
v -0.006398461123656934 0.07653353160206917 0.0013853294872977792
v -0.006398461123656934 0.07311726167509014 0.0018062812262580074
v -0.006398461123656934 0.07191622066415299 0.002303769750861294
v -0.006398461123656934 0.0717796440748546 0.0018535461949116135
v -0.006398461123656934 0.0732189099434769 0.0019964565924565796
v -0.006398461123656934 0.07213800209089703 0.0027186979283993777
v -0.006398461123656934 0.07243646489111 0.00308238567056427
v -0.006398461123656934 0.07335571005018728 0.002163147030744849
v -0.006398461123656934 0.0732150877957321 0.0036026403748999703
v -0.006398461123656934 0.07371257795014985 0.0024015970356564427
v -0.006398461123656934 0.07352239443487897 0.002299945973302024
v -0.006398461123656934 0.07280016497329868 0.0033808563870189167
v -0.006398461123656934 0.0736653114680971 0.0037392141702307057
v -0.006398461123656934 0.07413352829212626 0.002485329219320063
v -0.006398461123656934 0.07391892922488708 0.002464193319711257
v -0.006398461123656934 0.07413352829212626 0.0037853295376117733
v -0.006398461123656934 0.07460174511615542 0.0037392141702307057
v -0.006398461123656934 0.07635083592009953 0.002303769750861294
v -0.006398461123656934 0.07521239468567675 0.0015999287873675952
v -0.006398461123656934 0.07514979490916238 0.0018062812262580074
v -0.006398461123656934 0.07583057679198171 0.00308238567056427
v -0.006398461123656934 0.0750481466407756 0.0019964565924565796
v -0.006398461123656934 0.07491134653406524 0.002163147030744849
v -0.006398461123656934 0.07612905449335548 0.0027186979283993777
v -0.006398461123656934 0.07523352453168898 0.0013853294872977792
v -0.006398461123656934 0.0764874125093979 0.0018535461949116135
v -0.006398461123656934 0.07474465469879314 0.002299945973302024
v -0.006398461123656934 0.07455447863410267 0.0024015970356564427
v -0.006398461123656934 0.07434812735936544 0.002464193319711257
v -0.006398461123656934 0.07505196878852041 0.0036026403748999703
v -0.006398461123656934 0.07546689161095384 0.0033808563870189167
v 0.006401538679023093 0.07280016497329868 0.0033808563870189167
v 0.006401538679023093 0.07352239443487897 0.002299945973302024
v 0.006401538679023093 0.0732150877957321 0.0036026403748999703
v 0.006401538679023093 0.07243646489111 0.00308238567056427
v 0.006401538679023093 0.07213800209089703 0.0027186979283993777
v 0.006401538679023093 0.0732189099434769 0.0019964565924565796
v 0.006401538679023093 0.0736653114680971 0.0037392141702307057
v 0.006401538679023093 0.07371257795014985 0.0024015970356564427
v 0.006401538679023093 0.07391892922488708 0.002464193319711257
v 0.006401538679023093 0.07413352829212626 0.002485329219320063
v 0.006401538679023093 0.07191622066415299 0.002303769750861294
v 0.006401538679023093 0.07311726167509014 0.0018062812262580074
v 0.006401538679023093 0.07305466189857576 0.0015999287873675952
v 0.006401538679023093 0.0717796440748546 0.0018535461949116135
v 0.006401538679023093 0.07173352498218334 0.0013853294872977792
v 0.006401538679023093 0.07303353205256354 0.0013853294872977792
v 0.006401538679023093 0.07305466189857576 0.0011707300708126444
v 0.006401538679023093 0.07335571005018728 0.002163147030744849
v 0.006401538679023093 0.07460174511615542 0.0037392141702307057
v 0.006401538679023093 0.07413352829212626 0.0037853295376117733
v 0.006401538679023093 0.07434812735936544 0.002464193319711257
v 0.006401538679023093 0.07505196878852041 0.0036026403748999703
v 0.006401538679023093 0.07455447863410267 0.0024015970356564427
v 0.006401538679023093 0.07546689161095384 0.0033808563870189167
v 0.006401538679023093 0.07474465469879314 0.002299945973302024
v 0.006401538679023093 0.07583057679198171 0.00308238567056427
v 0.006401538679023093 0.0750481466407756 0.0019964565924565796
v 0.006401538679023093 0.07612905449335548 0.0027186979283993777
v 0.006401538679023093 0.07491134653406524 0.002163147030744849
v 0.006401538679023093 0.07514979490916238 0.0018062812262580074
v 0.006401538679023093 0.0764874125093979 0.0018535461949116135
v 0.006401538679023093 0.07635083592009953 0.002303769750861294
v 0.006401538679023093 0.07521239468567675 0.0015999287873675952
v 0.006401538679023093 0.07653353160206917 0.0013853294872977792
v 0.006401538679023093 0.07311726167509014 0.0009643776901298916
v 0.006401538679023093 0.07191622066415299 0.0004668892528380939
v 0.006401538679023093 0.0717796440748546 0.0009171126632686262
v 0.006401538679023093 0.0732189099434769 0.0007742022075160006
v 0.006401538679023093 0.07213800209089703 5.19609370568191e-05
v 0.006401538679023093 0.07243646489111 -0.0003117267832802006
v 0.006401538679023093 0.07335571005018728 0.0006075120602660277
v 0.006401538679023093 0.0732150877957321 -0.0008319813420967527
v 0.006401538679023093 0.07371257795014985 0.00036906199714677483
v 0.006401538679023093 0.07352239443487897 0.0004707129139820453
v 0.006401538679023093 0.07280016497329868 -0.0006101975870463365
v 0.006401538679023093 0.0736653114680971 -0.0009685551374274879
v 0.006401538679023093 0.07413352829212626 0.00028532949334102815
v 0.006401538679023093 0.07391892922488708 0.0003064656839881311
v 0.006401538679023093 0.07413352829212626 -0.0010146704466008963
v 0.006401538679023093 0.07460174511615542 -0.0009685551374274879
v 0.006401538679023093 0.07635083592009953 0.0004668892528380939
v 0.006401538679023093 0.07521239468567675 0.0011707300708126444
v 0.006401538679023093 0.07514979490916238 0.0009643776901298916
v 0.006401538679023093 0.07583057679198171 -0.0003117267832802006
v 0.006401538679023093 0.0750481466407756 0.0007742022075160006
v 0.006401538679023093 0.07491134653406524 0.0006075120602660277
v 0.006401538679023093 0.07612905449335548 5.19609370568191e-05
v 0.006401538679023093 0.07523352453168898 0.0013853294872977792
v 0.006401538679023093 0.0764874125093979 0.0009171126632686262
v 0.006401538679023093 0.07474465469879314 0.0004707129139820453
v 0.006401538679023093 0.07455447863410267 0.00036906199714677483
v 0.006401538679023093 0.07434812735936544 0.0003064656839881311
v 0.006401538679023093 0.07505196878852041 -0.0008319813420967527
v 0.006401538679023093 0.07546689161095384 -0.0006101975870463365
v -0.00399846107334294 0.07196316677124857 -0.001974657824022879
v -0.00399846107334294 0.07352239443487897 0.0004707129139820453
v -0.00399846107334294 0.07136427421759722 -0.0015010532990425288
v -0.00399846107334294 0.07335571005018728 0.0006075120602660277
v -0.00399846107334294 0.07086627742371233 -0.0009222806885133645
v -0.00399846107334294 0.0732189099434769 0.0007742022075160006
v -0.00399846107334294 0.07048732600344641 -0.0002594281617635095
v -0.00399846107334294 0.072641132334677 -0.002325838137173192
v -0.00399846107334294 0.07337348713501984 -0.002541798565149693
v -0.00399846107334294 0.07391892922488708 0.0003064656839881311
v -0.00399846107334294 0.07371257795014985 0.00036906199714677483
v -0.00399846107334294 0.07311726167509014 0.0009643776901298916
v -0.00399846107334294 0.07024123333285967 0.0004633526718701506
v -0.00399846107334294 0.07303353205256354 0.0013853294872977792
v -0.00399846107334294 0.07013695500959197 0.0012197264845018416
v -0.00399846107334294 0.07305466189857576 0.0011707300708126444
v -0.00399846107334294 0.0702126007523854 0.002176741778836442
v -0.00399846107334294 0.06975722127838414 0.0012497412640554803
v -0.00399846107334294 0.07413352829212626 0.00028532949334102815
v -0.00399846107334294 0.07413352829212626 -0.0026146703637282406
v -0.00399846107334294 0.07491388718198137 -0.002537811340482915
v -0.00399846107334294 0.07455447863410267 0.00036906199714677483
v -0.00399846107334294 0.07566425748572958 -0.0023101884258752356
v -0.00399846107334294 0.07635581290780621 -0.0019405488341245416
v -0.00399846107334294 0.07434812735936544 0.0003064656839881311
v -0.00399846107334294 0.07474465469879314 0.0004707129139820453
v -0.00399846107334294 0.07696195487618601 -0.0014430975624232512
v -0.00399846107334294 0.07491134653406524 0.0006075120602660277
v -0.00399846107334294 0.07745940032712137 -0.0008369514030919771
v -0.00399846107334294 0.07782904597246863 -0.00014540423195105796
v -0.00399846107334294 0.0750481466407756 0.0007742022075160006
v -0.00399846107334294 0.07514979490916238 0.0009643776901298916
v -0.00399846107334294 0.07805666865424568 0.0006049681527209637
v -0.00399846107334294 0.07521239468567675 0.0011707300708126444
v -0.00399846107334294 0.07813352884164419 0.0013853294872977792
v -0.00399846107334294 0.07305466189857576 0.0015999287873675952
v -0.00399846107334294 0.07311726167509014 0.0018062812262580074
v -0.00399846107334294 0.07040511629932125 0.00283410602179971
v -0.00399846107334294 0.06951476449103222 0.002231899589685169
v -0.00399846107334294 0.0732189099434769 0.0019964565924565796
v -0.00399846107334294 0.07335571005018728 0.002163147030744849
v -0.00399846107334294 0.07070696911361588 0.003448986124003988
v -0.00399846107334294 0.07352239443487897 0.002299945973302024
v -0.00399846107334294 0.07371257795014985 0.0024015970356564427
v -0.00399846107334294 0.0721656064912762 0.0048677584727462855
v -0.00399846107334294 0.071600308604645 0.004480942964868979
v -0.00399846107334294 0.07110930045517459 0.0040033505167299385
v -0.00399846107334294 0.07345107002871709 0.005326680697727392
v -0.00399846107334294 0.07391892922488708 0.002464193319711257
v -0.00399846107334294 0.07413352829212626 0.002485329219320063
v -0.00399846107334294 0.07278861657367987 0.005152453531704021
v -0.00399846107334294 0.07413352829212626 0.005385329803985073
v -0.00399846107334294 0.07782904597246863 0.0029160633375138498
v -0.00399846107334294 0.07514979490916238 0.0018062812262580074
v -0.00399846107334294 0.07805666865424568 0.0021656909382899133
v -0.00399846107334294 0.07491134653406524 0.002163147030744849
v -0.00399846107334294 0.0750481466407756 0.0019964565924565796
v -0.00399846107334294 0.07745940032712137 0.0036076103776875356
v -0.00399846107334294 0.07523352453168898 0.0013853294872977792
v -0.00399846107334294 0.07521239468567675 0.0015999287873675952
v -0.00399846107334294 0.07696195487618601 0.004213756304188172
v -0.00399846107334294 0.07474465469879314 0.002299945973302024
v -0.00399846107334294 0.07434812735936544 0.002464193319711257
v -0.00399846107334294 0.07455447863410267 0.0024015970356564427
v -0.00399846107334294 0.07566425748572958 0.005080847400470794
v -0.00399846107334294 0.07491388718198137 0.0053084705479091105
v -0.00399846107334294 0.07635581290780621 0.0047112078087201
v 0.004001538628709099 0.0721656064912762 0.0048677584727462855
v 0.004001538628709099 0.07352239443487897 0.002299945973302024
v 0.004001538628709099 0.071600308604645 0.004480942964868979
v 0.004001538628709099 0.07335571005018728 0.002163147030744849
v 0.004001538628709099 0.07110930045517459 0.0040033505167299385
v 0.004001538628709099 0.07070696911361588 0.003448986124003988
v 0.004001538628709099 0.07278861657367987 0.005152453531704021
v 0.004001538628709099 0.07345107002871709 0.005326680697727392
v 0.004001538628709099 0.07391892922488708 0.002464193319711257
v 0.004001538628709099 0.07371257795014985 0.0024015970356564427
v 0.004001538628709099 0.0732189099434769 0.0019964565924565796
v 0.004001538628709099 0.07040511629932125 0.00283410602179971
v 0.004001538628709099 0.07311726167509014 0.0018062812262580074
v 0.004001538628709099 0.0702126007523854 0.002176741778836442
v 0.004001538628709099 0.07013695500959197 0.0012197264845018416
v 0.004001538628709099 0.07303353205256354 0.0013853294872977792
v 0.004001538628709099 0.07305466189857576 0.0015999287873675952
v 0.004001538628709099 0.06975722127838414 0.0012497412640554803
v 0.004001538628709099 0.06951476449103222 0.002231899589685169
v 0.004001538628709099 0.07413352829212626 0.002485329219320063
v 0.004001538628709099 0.07413352829212626 0.005385329803985073
v 0.004001538628709099 0.07491388718198137 0.0053084705479091105
v 0.004001538628709099 0.07455447863410267 0.0024015970356564427
v 0.004001538628709099 0.07566425748572958 0.005080847400470794
v 0.004001538628709099 0.07635581290780621 0.0047112078087201
v 0.004001538628709099 0.07434812735936544 0.002464193319711257
v 0.004001538628709099 0.07474465469879314 0.002299945973302024
v 0.004001538628709099 0.07696195487618601 0.004213756304188172
v 0.004001538628709099 0.07491134653406524 0.002163147030744849
v 0.004001538628709099 0.07745940032712137 0.0036076103776875356
v 0.004001538628709099 0.07782904597246863 0.0029160633375138498
v 0.004001538628709099 0.0750481466407756 0.0019964565924565796
v 0.004001538628709099 0.07514979490916238 0.0018062812262580074
v 0.004001538628709099 0.07805666865424568 0.0021656909382899133
v 0.004001538628709099 0.07521239468567675 0.0015999287873675952
v 0.004001538628709099 0.07813352884164419 0.0013853294872977792
v 0.004001538628709099 0.07305466189857576 0.0011707300708126444
v 0.004001538628709099 0.07311726167509014 0.0009643776901298916
v 0.004001538628709099 0.07024123333285967 0.0004633526718701506
v 0.004001538628709099 0.0732189099434769 0.0007742022075160006
v 0.004001538628709099 0.07048732600344641 -0.0002594281617635095
v 0.004001538628709099 0.07335571005018728 0.0006075120602660277
v 0.004001538628709099 0.07352239443487897 0.0004707129139820453
v 0.004001538628709099 0.07136427421759722 -0.0015010532990425288
v 0.004001538628709099 0.07086627742371233 -0.0009222806885133645
v 0.004001538628709099 0.07196316677124857 -0.001974657824022879
v 0.004001538628709099 0.07371257795014985 0.00036906199714677483
v 0.004001538628709099 0.072641132334677 -0.002325838137173192
v 0.004001538628709099 0.07391892922488708 0.0003064656839881311
v 0.004001538628709099 0.07413352829212626 0.00028532949334102815
v 0.004001538628709099 0.07337348713501984 -0.002541798565149693
v 0.004001538628709099 0.07413352829212626 -0.0026146703637282406
v 0.004001538628709099 0.07782904597246863 -0.00014540423195105796
v 0.004001538628709099 0.07514979490916238 0.0009643776901298916
v 0.004001538628709099 0.07805666865424568 0.0006049681527209637
v 0.004001538628709099 0.07491134653406524 0.0006075120602660277
v 0.004001538628709099 0.0750481466407756 0.0007742022075160006
v 0.004001538628709099 0.07745940032712137 -0.0008369514030919771
v 0.004001538628709099 0.07523352453168898 0.0013853294872977792
v 0.004001538628709099 0.07521239468567675 0.0011707300708126444
v 0.004001538628709099 0.07696195487618601 -0.0014430975624232512
v 0.004001538628709099 0.07474465469879314 0.0004707129139820453
v 0.004001538628709099 0.07434812735936544 0.0003064656839881311
v 0.004001538628709099 0.07455447863410267 0.00036906199714677483
v 0.004001538628709099 0.07566425748572958 -0.0023101884258752356
v 0.004001538628709099 0.07491388718198137 -0.002537811340482915
v 0.004001538628709099 0.07635581290780621 -0.0019405488341245416
v -0.00399846107334294 0.07278861657367987 0.005152453531704021
v -0.006914524643687427 0.07344872309589133 0.005326272778450534
v -0.007083419988112596 0.07279228225923629 0.005153757383273887
v -0.00726044764104353 0.07217900263483402 0.004875289612546087
v -0.00399846107334294 0.0721656064912762 0.0048677584727462855
v -0.00399846107334294 0.071600308604645 0.004480942964868979
v -0.00399846107334294 0.07345107002871709 0.005326680697727392
v -0.007413412713252583 0.07161561209678503 0.004493401266619051
v -0.00399846107334294 0.07070696911361588 0.003448986124003988
v -0.007542545241409582 0.07112467100253822 0.004021004201324651
v -0.007657467184438864 0.07071754893778279 0.0034664623916529445
v -0.00773073293245602 0.07041112146712304 0.0028494670231071963
v -0.00399846107334294 0.07040511629932125 0.00283410602179971
v -0.007749125155832808 0.0702126007523854 0.002176741778836442
v -0.00399846107334294 0.07110930045517459 0.0040033505167299385
v -0.00399846107334294 0.0702126007523854 0.002176741778836442
v 0.006786321109773958 0.07262332544752283 -0.002318628769314382
v 0.006922913997216966 0.07194568025905157 -0.0019632998798655194
v 0.004001538628709099 0.07196316677124857 -0.001974657824022879
v 0.006741728454761984 0.07298628792225198 -0.00244666815762843
v 0.004001538628709099 0.072641132334677 -0.002325838137173192
v 0.006716421161452156 0.0733612607325847 -0.0025394132152687507
v 0.004001538628709099 0.07337348713501984 -0.002541798565149693
v 0.006712260943621733 0.07374649299212717 -0.0025957875661982905
v 0.004001538628709099 0.07136427421759722 -0.0015010532990425288
v 0.004001538628709099 0.07086627742371233 -0.0009222806885133645
v 0.007099830357103187 0.07135410417535228 -0.00149126079167624
v 0.007289089534743291 0.07086584529004918 -0.0009216724184729582
v 0.004001538628709099 0.07024123333285967 0.0004633526718701506
v 0.007467023364515281 0.07048989645368416 -0.00026511732018257884
v 0.00760921676011214 0.07024400494876819 0.0004517265068184186
v 0.004001538628709099 0.07048732600344641 -0.0002594281617635095
v 0.0076990227966156 0.07013695500959197 0.001219722759211642
v 0.004001538628709099 0.07013695500959197 0.0012197264845018416
v -0.00399846107334294 0.0702126007523854 0.002176741778836442
v -0.007749125155832808 0.0702126007523854 0.002176741778836442
v -0.00399846107334294 0.06951476449103222 0.002231899589685169
v -0.007598460915983294 0.05912417016509767 0.003053185681826479
v -0.007715429905977266 0.05912417016509767 0.0030531803267218167
v 0.0074156194820345816 0.07161910641899227 0.004496230624525661
v 0.007545852367784292 0.0711238514386943 0.004020071016129647
v 0.007328876565397758 0.06678701014932693 0.005260133510585246
v 0.006917882061479833 0.07344747884896466 0.005326057642941506
v 0.007085508013269482 0.07279579893318473 0.005155009546442234
v 0.0059750409142781844 0.05770078520859633 0.008819080655225813
v 0.00726322065393587 0.07218006061725071 0.004875881002365277
v 0.007734163924729869 0.07040919176679963 0.0028445573234547375
v 0.007735373247060919 0.06466838545874154 0.0026149614020250854
v 0.007703871727471677 0.05893569283273821 0.003816674595012632
v 0.007743806838411579 0.06744048565498308 0.0023958517068460826
v 0.007660534029595699 0.07071758619068479 0.003466527118570163
v 0.007637642121319048 0.05874829210924644 0.004575811205092444
v 0.007350265319078863 0.05837671303828557 0.00608101238194161
v 0.006479735779941994 0.057848600998426966 0.008220305448215757
v 0.006549732585808986 0.0763618776802512 0.005304739669774194
v 0.006833285843320539 0.07635716146285848 0.005020554044251255
v 0.006760051760270079 0.07472422520733844 0.005341472893787524
v 0.00536182741377696 0.057578469030182086 0.00931455263367792
v 0.006240180993655577 0.07636452263629293 0.005546268394205134
v 0.005891579046984674 0.0763676667812214 0.005754208505212495
v 0.004664366009750107 0.05748853307418291 0.009678873908007384
v 0.0068009377515334335 0.07530400702226575 0.005210244424231966
v 0.00691215815308812 0.07584851778958307 0.004998937582206699
v 0.006796255527413789 0.07413352829212626 0.005385329803985073
v 0.003914667189560388 0.057423411276203394 0.009942669157622713
v 0.004585604061704689 0.07638054883473168 0.006336014084040742
v 0.007071241083127495 0.0763510892398331 0.00471432215132698
v 0.003201531394188006 0.06023837093619153 0.009629635816116486
v 0.00320153837910713 0.07637907361981262 0.006777738972476589
v 0.007718507461343425 0.05912417016509767 0.0030531803267218167
v 0.007519785115273742 0.05856196426933216 0.005330589924130616
v 0.007752239498439688 0.0702126007523854 0.002176742244497717
v 0.007132825252401201 0.05819349209039777 0.006823202414072724
v 0.006862992704356115 0.05801501343693408 0.007546192766176282
v 0.0016780863070781247 0.059637991991750544 0.01002611565809415
v 0.0024599266982795074 0.05989774902678949 0.009854586533497852
v 0.0015884046021350778 0.05729745548926412 0.010452877452781957
v 0.0023787915075462957 0.05732775327445761 0.0103301580117036
v 0.0008519490721896818 0.059471676410788606 0.01013593721317888
v 0.0031511009766025935 0.057369781998489695 0.010159902936355571
v 0.0007992551915620453 0.05727933940302338 0.010526270326327176
v 9.639485796270444e-06 0.05941451183267547 0.010173686510094157
v -0.004581604497014125 0.07637890225646345 0.006336463912832346
v -0.003198454071652484 0.06023837093619153 0.009629635816116486
v -0.003886986420732129 0.057421489026460396 0.009950463396042863
v -0.006234130656710122 0.0763646269444185 0.00554830193699285
v -0.005341168351313705 0.057575634084340174 0.00932604422262119
v -0.00654691486943425 0.07636185532850999 0.005304511961410742
v -0.0058884814681836916 0.0763676667812214 0.005754217352776719
v -0.00683263903980963 0.07635724341924287 0.005017760076601542
v -0.0067574687371779185 0.0747256110152927 0.0053414910545772475
v -0.0031984664116762704 0.07637902146574983 0.006777746423056988
v -0.004633762285098973 0.05748585086523919 0.009689746167454967
v -0.006797885807537396 0.07530419328677573 0.005210189010540246
v -0.006793177972047629 0.07413352829212626 0.005385329803985073
v -0.006909335780100635 0.07585070826022045 0.004998352245984084
v -0.0070681621307775114 0.0763510892398331 0.004714324479633355
v -0.00726044764104353 0.07217900263483402 0.004875289612546087
v -0.007083419988112596 0.07279228225923629 0.005153757383273887
v -0.006463733795889536 0.05784421260657181 0.008238068563210084
v -0.006914524643687427 0.07344872309589133 0.005326272778450534
v -0.005955179529578922 0.057696735818149346 0.00883547379474923
v -0.007325799941354148 0.06678701014932693 0.005260132113601421
v -0.007542545241409582 0.07112467100253822 0.004021004201324651
v -0.007413412713252583 0.07161561209678503 0.004493401266619051
v -0.007343733022713833 0.058373431057619704 0.00609431306493807
v -0.00773073293245602 0.07041112146712304 0.0028494670231071963
v -0.007657467184438864 0.07071754893778279 0.0034664623916529445
v -0.007631276066029176 0.05874441780743884 0.004591512371961283
v -0.006853559803909408 0.05801157499407984 0.007560108587716954
v -0.007715429905977266 0.05912417016509767 0.0030531803267218167
v -0.007749125155832808 0.0702126007523854 0.002176741778836442
v -0.0008371841173141345 0.05947011178890477 0.010136970981209274
v -0.0007779202217581972 0.057279011577485814 0.01052759280434804
v -0.0024501126540792516 0.05989539464338333 0.009856139979511092
v -0.0016612296017554922 0.05963431140503332 0.0100285464099494
v -0.002354152903827299 0.05732677724842531 0.010334120789153444
v -0.0031248123021558037 0.05736834776176285 0.010165719045679724
v -0.0015631682057543612 0.057296781211737986 0.010455626716949275
v 9.51579542960594e-06 0.05727319639948421 0.010551158058828272
v -0.007126762342601323 0.0581912420151172 0.006832320527497563
v -0.007512642802638525 0.0585577211637948 0.0053477663059185035
v -0.007699811626815369 0.05893499247818068 0.0038195256061685267
v -6.571000092935626e-05 0.08406751379829366 -0.005904127687022086
v 1.5047580346624319e-06 0.08382022903484304 -0.005967016639188208
v 1.266013976479137e-06 0.08409423903018572 -0.005889805343188381
v 1.4191087608191153e-06 0.08539698046357244 -0.005358591999238592
v 1.4449752441985654e-06 0.08587424974278667 -0.00506221768984378
v -0.0005766073438082959 0.08562081079992627 -0.00520449956108288
v -0.0006870056203820546 0.08630271772038589 -0.0047047309260467894
v -0.0002196316141567355 0.08589964877136766 -0.005041626613926669
v 1.5180670113408575e-06 0.08632085988365804 -0.004723380194447351
v -0.00029764585571372837 0.08653118976832845 -0.00453379971052753
v 1.4815211277697116e-06 0.08609755108793214 -0.004892798942145566
v -0.0007041970779537186 0.08689182021139265 -0.004142908269510567
v -0.0010881626224129985 0.0866750008711945 -0.004305449665839013
v -0.001039876574998741 0.08603436271556623 -0.004863807802489591
v 1.911315343240805e-06 0.08673733987739489 -0.004341367516959902
v 1.7146912341342486e-06 0.08652909615523627 -0.004532373855703626
v -4.507828151408983e-05 0.08519109857540036 -0.00546819609050792
v 1.4789972800392577e-06 0.08514334780562166 -0.005484887718908582
v -0.00033860929226787323 0.08366118894564097 -0.005998605703097141
v 1.5210543602964041e-06 0.08284546960121107 -0.006158816930405726
v -0.0003709466447418252 0.084867229296026 -0.005612279139558534
v 1.5388855718857303e-06 0.0848897151476709 -0.0056111839042398476
v -0.0006647696542188334 0.08451086803553057 -0.005733374819771133
v 1.0272700319826767e-06 0.084368241574948 -0.005812593581527279
v -0.0008993013523323414 0.08530552458917182 -0.005349386807155337
v -0.0013617624865877663 0.08572792779432607 -0.005006745790465098
v -0.0011927908901288244 0.08495624883063606 -0.005473073892363045
v -0.0014393747169453269 0.08641651043482342 -0.004457906701597093
v -0.0017632506319928604 0.08611898640774075 -0.004596885637412957
v -0.0016569445867033819 0.0853866316073979 -0.005131077350877339
v -0.0009342651217085129 0.08412130698877614 -0.005831522712354087
v -0.0008143110683191191 0.08276980895725683 -0.006161785055372271
v -0.000159512022352329 0.08227617820348589 -0.006281053015080682
v -0.0014619695333285584 0.08457605316344348 -0.005575196203927715
v -0.001929072728418663 0.08501407278511453 -0.005235905154449482
v -0.001939051383879614 0.08373785541794909 -0.0057252276101045696
v -0.0020628149539517328 0.08578587095809093 -0.004719958515399002
v -0.002340777016534934 0.08542094898071678 -0.004825775849180419
v -0.001408235598243316 0.08326094376659403 -0.005981496376532847
v -0.0024140332184959543 0.08419126793872496 -0.0053911449819866765
v -0.0004828169348133673 0.0877576596101682 -0.0029441524912802424
v 1.4590725253888363e-06 0.08759640669858754 -0.0032333048599618203
v 1.434781855225234e-06 0.0877518183551352 -0.002978885700117653
v -1.7569247108841236e-05 0.08784367656087737 -0.002803536756082922
v 1.5069416176966135e-06 0.0878141499107552 -0.0028502602770890772
v 1.5791013801679929e-06 0.087876496367536 -0.0027216348540605017
v 1.7234209051107515e-06 0.088001159478776 -0.002464383542342075
v -0.0007266776909092681 0.08796284859436314 -0.0024806269717655956
v -0.001157140212164439 0.08784705912437862 -0.0026078186237285935
v 1.9215776264359677e-06 0.0881931609356643 -0.001951380697456524
v -0.00026868210276148645 0.08804062520315076 -0.0023603995170001454
v -0.0006314448961151749 0.08737595892573496 -0.0035478017748552227
v 1.379035970574912e-06 0.08711134411227571 -0.003927644703632032
v -0.0002842364408095669 0.08706883855109808 -0.003973448077958882
v 1.483363081865604e-06 0.08744100249262028 -0.0034877242526366254
v -0.0010444567028838523 0.0872080228435362 -0.003706979001302776
v -0.0009186615108767766 0.08763604378631147 -0.0030896618608160357
v -0.0013266842227456159 0.0874739862120477 -0.0032358683252804326
v -0.001708891430230676 0.08727238840760519 -0.0033770663699020805
v -0.0015647867279307763 0.0876902765610375 -0.002737396556895084
v -0.0014256191992985572 0.08700006224343274 -0.0038594816718658014
v 1.6827102180370177e-06 0.0883335149692251 -0.0014416109388029662
v -0.00047140348965279944 0.08819483731625413 -0.0019086135510576812
v -0.0009245236624594907 0.0881210765703017 -0.0020075363040021553
v -0.0006308952411877532 0.08830601487697153 -0.001457085445046222
v -0.0007546214419425568 0.08837775651563576 -0.0010043800309163648
v 1.8932048030986083e-06 0.08843447778421513 -0.0008786745369123768
v -0.0010831152034384728 0.08823247019785067 -0.0015353958180702547
v -0.0008494700079771549 0.08841460708629038 -0.0005467394803869046
v 2.131336202929677e-06 0.08848085019661998 -0.00033009287141793156
v -0.001747850165892322 0.08821988616755636 -0.000631131971738407
v -0.0013543759346138367 0.08800844614640646 -0.002114508477745453
v -0.001765081030049379 0.08785606687608129 -0.0022249672902849554
v -0.0015162751840441231 0.08812090520695252 -0.001620828829540638
v -0.0016466450906239887 0.08818939839256269 -0.0011272219409100342
v -0.0019313700683186398 0.08797114854092788 -0.0017113432532586184
v -0.002577382071475167 0.08788449084030438 -0.0007385486773763061
v -0.0009158057849004727 0.08841962877747947 -8.469675733893914e-05
v -0.0018181794539096302 0.08821708474932624 -0.0001313413778628198
v -0.001950669167028397 0.08749408787796484 -0.0028650876305754682
v -0.0017789965023440946 0.08675103404416869 -0.004003072516948792
v -0.0021080211176934564 0.08646294990245185 -0.004135648144572787
v -0.0020673016003358974 0.08703173466070989 -0.0035104552749427803
v -0.002315081361721796 0.08725981927847168 -0.002987621039974482
v -0.0026588830391398536 0.08698837973336673 -0.0031029199358058378
v -0.002155992843747121 0.08766455715749935 -0.0023366675557834806
v -0.0025267106741799663 0.08743532515035607 -0.0024463515079614626
v -0.0024035549084869792 0.0867527923811429 -0.003634789396492034
v -0.0027007625187333182 0.08578241388878569 -0.004359383020365253
v -0.0032872757002206945 0.08634285399699658 -0.003305302612327282
v -0.0032163566521986597 0.08498732520148128 -0.0045220892607850316
v -0.0030143823606153483 0.08609050283887447 -0.003849121639820665
v -0.002839122357884133 0.08461151792614384 -0.004986056460018971
v -0.002877856528395933 0.0871700695869825 -0.0025508919985269603
v -0.002327530583077006 0.08778332685964356 -0.0018047465231110836
v -0.0035224332470877385 0.08653970578172478 -0.002738010298455471
v -0.003062615089813624 0.08729890502324607 -0.0019891915780754126
v -0.002467539328802426 0.08785472577160944 -0.0012721948686570824
v -0.0032144930757763007 0.0873785666288747 -0.001423147003589836
v -0.003334035775636934 0.08741370356603749 -0.0008557107421764052
v -0.00372182730954654 0.08668243655043292 -0.0021565602520106503
v -0.004091019633642642 0.0857939473872437 -0.00288940655782921
v -0.0038862974748758374 0.08677446611952429 -0.001566756125877868
v -0.0038393220311199326 0.08558041375300161 -0.0034635692381516665
v -0.004015991357699791 0.08681989975879882 -0.0009726130261927402
v -0.004482435874916476 0.08606000016272 -0.0016939520852076592
v -0.0034190205881301752 0.08740956104333551 -0.00028577658637264164
v -0.0041093052205874656 0.08682337917984527 -0.00037451494888412465
v -0.004305167475106391 0.085952823563677 -0.0022975783185495294
v -0.0026545102469374146 0.08787815784696502 -0.0002020661723736255
v -0.003548505621872313 0.08531139564652641 -0.004011074905958845
v -0.004622982226583828 0.08611912051818793 -0.0010828957605626514
v 1.5373506859303764e-06 0.08187071761815949 -0.006350618152945794
v -0.0005865523552421317 0.08133771054697858 -0.006417599336396195
v 1.539224699713656e-06 0.08088525170049382 -0.006476733196041102
v 1.54109882718377e-06 0.07989977833224775 -0.006602847773475136
v -0.00030169739984410945 0.07987082537681632 -0.006601665925159307
v 1.5283558972553413e-06 0.07890833704910188 -0.006662672674452071
v 1.5271662782169868e-06 0.0769172811961122 -0.006715600200624415
v 1.5156129673269124e-06 0.07791688831537562 -0.006722497575429007
v -0.00031399647454197704 0.07739507946653476 -0.006726607967503011
v -0.0009562098167442516 0.08037530417564855 -0.006510354871415202
v -0.001284091932155518 0.07939854053588918 -0.00655724882444799
v -0.0009568458518381769 0.07790528031111361 -0.006671809414327909
v -0.0006462887805768267 0.07888870476974989 -0.006660093376650111
v -0.0015776964882869141 0.0808834859129392 -0.006360659207017588
v -0.001894089459476603 0.07990885313917401 -0.006393901834113877
v -0.0015816724206677748 0.07841662109449354 -0.0065575175110036375
v -0.0012221890177391075 0.08184005102923624 -0.006282867697069171
v -0.0018100939443619973 0.0823411919680496 -0.006086178893787204
v -0.0021597474706070608 0.08138757728159067 -0.006148965866134112
v -0.0023455602891512433 0.08282924223710153 -0.005821320073819884
v -0.002830451512113885 0.08329231816065522 -0.005486652109479376
v -0.0031917695040505453 0.08234347184565177 -0.00553427063145599
v -0.0032694806874290334 0.08372152374571397 -0.005085405293030026
v -0.0036423608159921192 0.08277628351162376 -0.0051343779579942
v -0.0026981478306744616 0.08187775841663678 -0.005873421516890462
v -0.002471208041157137 0.08041211004282077 -0.006169272423012228
v -0.002183178614640106 0.07892448990740743 -0.00638237392359116
v -0.003010916210915241 0.08089975052995073 -0.00588391798768916
v -0.003510255739086463 0.08136311702613998 -0.0055397393574690285
v -0.003295316971947207 0.07990438279093447 -0.005853932661211162
v -0.003968540939443435 0.08179495266607967 -0.005140245755719874
v -0.00425777945546088 0.08078948939062244 -0.005107450163447539
v -0.0027561929742585304 0.07942280707624949 -0.006147143733565223
v -0.0037964588420831315 0.08036201979079671 -0.005505976586728618
v -0.0006220644989772188 0.0764183903325794 -0.006700515103622338
v 1.538719589107061e-06 0.07591765917568798 -0.006708702825819823
v -0.0005588995260903693 0.07591753996640159 -0.006668234532720101
v -0.0012460319227545298 0.07692811434001269 -0.006635261523502009
v -0.0018613694207461294 0.07743588629538138 -0.006510753011805286
v -0.0021490803349510927 0.07645796036507974 -0.006421048023798491
v -0.0011193377134484995 0.0759174133065348 -0.0066277662396203784
v -0.0013930295457250702 0.07591920144583061 -0.0065677983806320325
v -0.0015510348191588874 0.07596191562325944 -0.006554321212012365
v -0.0016667212615863224 0.07592100448628723 -0.0065078300559824115
v -0.002214104809724145 0.07592459566603967 -0.0063878934066831684
v -0.0032920557132080793 0.0774259025176464 -0.005982059361014264
v -0.0027330412269904562 0.07694802229083944 -0.006229655651857831
v -0.0027795342456655102 0.07593133844130097 -0.006196817218748201
v -0.0043107232797778465 0.07832436800799021 -0.005333011828421642
v -0.003819530961273189 0.07788636328747996 -0.0056815648806586745
v -0.004237277786508558 0.07595485247304096 -0.0054585033510697895
v -0.003305669786242582 0.0759389007804062 -0.0059740136655056396
v -0.004783842585709697 0.07625902241783974 -0.0050627145504241544
v -0.004728713413029379 0.07596529073618029 -0.0051133868790419045
v -0.005171356585499431 0.07597658581606553 -0.004750270736092016
v -0.00520864068680103 0.07664848660704898 -0.0046854045861524475
v -0.004763065245282604 0.07873538672629443 -0.004941798615463688
v -0.0036628412973564303 0.08410750851387676 -0.0046266292856892545
v -0.004048793469229975 0.08316794562205078 -0.004680697681985231
v -0.0040117086709540555 0.08444386496600025 -0.00412023103108167
v -0.004318889115895409 0.08472719563742237 -0.003575632486614017
v -0.004732004241259466 0.08380712346392079 -0.003643835099588618
v -0.00458593235290353 0.08495646489746764 -0.0030021201022620314
v -0.00441135733790777 0.0835126839771234 -0.004181190282924389
v -0.004383850726396342 0.08218811979374732 -0.004691433968340529
v -0.004677079959540127 0.0811807566202883 -0.004664098254517009
v -0.004755907100164038 0.08253749986040868 -0.004199979715368711
v -0.005085990163591366 0.08283972520372325 -0.0036726376464282376
v -0.005388850203223713 0.08183796486672446 -0.0036666450514808773
v -0.005011825689313552 0.08404983357100627 -0.003076896455455133
v -0.00537508851556505 0.08309300768439526 -0.003116412471247578
v -0.005053802259282844 0.08153129152691152 -0.004181888774836817
v -0.004813941533538783 0.08513175470252045 -0.002408370078900623
v -0.005251687812041437 0.08424025550484994 -0.0024882577630782375
v -0.005003711075936234 0.0852551512150926 -0.0018002538231303446
v -0.005155709435338486 0.08532944095225337 -0.001182374163823462
v -0.005615594647836194 0.0844696290730208 -0.0012673391857125182
v -0.004725747150707933 0.08613420794349638 -0.0004660035650931348
v -0.005269221821688488 0.08535811823621002 -0.0005572493389472574
v -0.005452656042440215 0.08437956645715484 -0.0018835282617606867
v -0.0056241143865227205 0.0832963116717492 -0.002538071645135613
v -0.005938192671929941 0.08231252213467335 -0.0025600536512810075
v -0.005834082918043774 0.0834502555639582 -0.001942852111205774
v -0.006005882591840819 0.08355606125620775 -0.001335215370133378
v -0.006333055737960971 0.08259925027075753 -0.0013848181912178817
v -0.005740023065793626 0.08451315536371314 -0.0006428901517615879
v -0.006139598158265898 0.08361542003024845 -0.0007180528291899219
v -0.006154496525096719 0.08247915436530226 -0.001978946098703914
v -0.005683288293037273 0.08209881713708209 -0.00312416689562872
v -0.00517439269701212 0.07911506085285906 -0.004514066848340155
v -0.005593019854887786 0.07701034639587905 -0.004279560761596769
v -0.005314232640525369 0.08050308162949543 -0.004131755216314187
v -0.005649376976350153 0.0808113270417726 -0.0036304501319013916
v -0.005544538462568686 0.07945991841721808 -0.004055164181132596
v -0.0059447910921960135 0.08107702218938974 -0.003104076638412819
v -0.005874885555938912 0.07976728466100814 -0.0035695639888788395
v -0.0059377768364114085 0.07734191212480582 -0.0038499984800013996
v -0.005913101911112965 0.07600062883901386 -0.003999548858081228
v -0.006246260667261352 0.07764152976498068 -0.003399631383963715
v -0.006284470037516281 0.0760167891478998 -0.003534552547429645
v -0.006604778870782362 0.0760343948693832 -0.0030659853132910904
v -0.006166959017798265 0.08003520008158424 -0.0030611566387004734
v -0.006520697208331891 0.07790749313349218 -0.00293087695399263
v -0.006201714578376874 0.081298676956267 -0.0025572038042783
v -0.006422287614112414 0.08026206280416057 -0.0025334914008351833
v -0.006604741617880367 0.08160808465908644 -0.0014157100437828928
v -0.006421328351886013 0.08147574745003522 -0.0019934065111056427
v -0.00682811327787837 0.08058934444935778 -0.0014307353033111384
v -0.006642256687174342 0.08044696385792839 -0.0019892632899117554
v -0.006762924890336534 0.07813805879452693 -0.0024458190242935547
v -0.007117286135656046 0.07607175207950496 -0.0021136891467321748
v -0.006974587031914589 0.07833175153316585 -0.0019455661015315145
v -0.007200869540542319 0.07650360262060545 -0.0018370963611279703
v -0.007293728918025639 0.07689307426039509 -0.0015103400982642197
v -0.007157033119440867 0.07848727494841949 -0.0014310980534443262
v -0.0064745427254037265 0.08267372627242829 -0.0007797457303713286
v 1.6770474768003551e-06 0.08847711745583996 0.00021843035358650722
v -0.0018546139562150789 0.08818460766936598 0.0003725773032152188
v -0.0009514789892290339 0.088394930103456 0.00037996909387849154
v 1.729116047095305e-06 0.08841940526006749 0.0007892529619990498
v -0.0009520061759999393 0.08834000442475283 0.000846118352743027
v -0.0018540612162817106 0.08812238787245197 0.0008791355997822389
v -0.0009137146747376405 0.08825219933474784 0.0013158396701438912
v 1.927409078935333e-06 0.08822782848626194 0.0016449669638043797
v 1.87282780221973e-06 0.08357935177053576 0.005821124496084404
v 1.8004964863147807e-06 0.08284108865993632 0.00596075815165285
v -0.0002887765509288619 0.08352468686214656 0.005829084044257162
v -0.0018137427496972042 0.08802808587633884 0.0013883988935916266
v -0.0026952400088430225 0.08784049516304689 0.0003389669492308662
v -0.003466302204174361 0.08737103409209107 0.0002886086218315823
v -0.00269645794590766 0.08777240430877828 0.0008839785352494013
v -0.0034724996900827 0.08730005241262755 0.0008670635640597402
v -0.00265548301334079 0.08767234301401655 0.001432237642999453
v -0.00417698629293412 0.08671992787100188 0.0008332798967696163
v -0.0034345322308601085 0.087196280728827 0.0014482772291998635
v -0.004163952433848208 0.08678929277451876 0.0002279473349971728
v -0.001731551904853676 0.08789709722233989 0.0019032515778919254
v -0.0008357722323284793 0.08812673901140512 0.0017945839314465264
v -0.0007156889579352862 0.0879602483418038 0.0022742321576991625
v -0.0025703086767086426 0.08753614640431852 0.0019832087620148264
v -0.0016055536263230616 0.08772462373667798 0.0024181824932864157
v 1.8260635185716176e-06 0.0879028416198277 0.002485683354719664
v -0.000551448014368584 0.08774797385564918 0.002748985003383545
v -0.001434775846193899 0.08750507748405371 0.002926279713055664
v -0.0003409413821404933 0.08748729294864073 0.0032104148143302694
v 1.6989002464805406e-06 0.08743273234837713 0.0033035920056337454
v -0.0012173319378107185 0.0872343010406043 0.003418817094153021
v -0.0024399034962871995 0.08735844261121636 0.0025309665854023923
v -0.003350385608661781 0.08705629177370576 0.0020297164490200416
v -0.002263159198242074 0.08713315196110427 0.003068437019903714
v -0.0020382387488435795 0.08685507394886362 0.0035871068460901143
v -0.0030413299457661956 0.08664519109901715 0.003164620986059556
v -0.0009490863051830107 0.08690940358113483 0.003885865574043319
v -0.0017620690165076694 0.08652025231630237 0.004077168073357913
v -0.0032196041739301763 0.0868747062282156 0.00260419903863839
v -7.667665137256488e-05 0.08717741585925613 0.0036490421239651336
v -0.0028137782773335835 0.08636253097983096 0.003702400619647446
v -0.004789152986889251 0.08610905478406856 0.0001556998863249327
v -0.005343030530752239 0.08534458798220501 7.312148033341056e-05
v -0.004810945003234465 0.08604579935647906 0.0007795454378154398
v -0.004145556485181221 0.08661567189947537 0.0014391423519691257
v -0.004788712005661872 0.08594511221296379 0.0014022721071256406
v -0.004067628070817967 0.08647410342130951 0.0020421551929965653
v -0.005375267329494632 0.08529094380333052 0.0007059846933806009
v -0.005824944781184112 0.08451296164862275 -1.2776123755678552e-05
v -0.006234966053037387 0.08363007532189375 -9.361013259790533e-05
v -0.0058688808537984034 0.08447088077052788 0.0006212018614653698
v -0.005363981562834889 0.08519787860356366 0.001338429829914373
v -0.005870320678460555 0.0843877695461744 0.0012572869557701248
v -0.004720355258805261 0.08580542128105853 0.0020201662019320465
v -0.005307589982438176 0.08506394697030702 0.0019670756943134696
v -0.006291224919970738 0.08360113726762312 0.0005366430126233907
v -0.003942219901538036 0.08629053602143315 0.0026356998597357197
v -0.004604763694862598 0.08562289696243805 0.0026272932767390077
v -0.0037685408188352838 0.08605919550003688 0.0032122951545585266
v -0.004441146620989013 0.08539291244667445 0.0032153990197867203
v -0.003545178937724054 0.0857754252443712 0.0037626832656576597
v -0.0052050690648221465 0.08488627297952644 0.0025847336988534747
v -0.00574154298419507 0.08409330025705541 0.0025174018724630344
v -0.0058281047585959376 0.08426277115881643 0.0018922928218625186
v -0.006281938702825641 0.08341467904255186 0.001806831637885001
v -0.0056094479190068255 0.08387663737904565 0.0031215582611664374
v -0.005055574566095312 0.08466130270437153 0.0031819582538179397
v -0.00485781893283243 0.08438607826442378 0.003748266159754502
v -0.0042282588589352835 0.08511164558602292 0.003774506172598059
v -0.006101240242064259 0.08304957080066772 0.003042686417060131
v -0.005430108257845754 0.08361045794370256 0.0036941954351521504
v -0.006213746334399089 0.08325557934870659 0.0024345339561257255
v -0.0063073209676007365 0.08352933602431568 0.0011711824607412605
v 1.5369532367562474e-06 0.08713898576555688 0.0036974115247476076
v 1.5319182742208265e-06 0.08680303909535535 0.004077313359675698
v -0.000624962250883587 0.08652855226286713 0.004317772460158073
v 1.80373349155934e-06 0.0861389241608891 0.00467276048555367
v -0.00024189602931347346 0.08609545002425956 0.004702644297873729
v -0.001430851136553283 0.08612707028747392 0.004527349370546892
v -0.002199476759263434 0.0856253333022286 0.004667929249826041
v -0.00253425368834228 0.0860230154816182 0.0042073995621237995
v -0.003269809677119787 0.08543611836240962 0.004276360271654023
v -0.00180667028625323 0.08517133963618159 0.0050712999473504486
v -0.001042020013847346 0.08567800890565119 0.004924885797957423
v -0.002551068018488892 0.08458769097002708 0.005147500758383629
v -0.0005956034716510372 0.08517966938506794 0.005257688323230472
v -0.0013550379885315 0.08466662986935698 0.00540490201303259
v -0.0029394157847914284 0.08504003060722547 0.004741883245207577
v 1.674328656148382e-06 0.08573326240989193 0.00493641463980269
v 1.5449239344242587e-06 0.08532758575773396 0.005200068794051709
v 1.5493685212270559e-06 0.08490284307033434 0.005389092347086687
v -0.0008465811618426701 0.08411951884948032 0.005658487173533318
v -9.460044133462285e-05 0.08464357032302135 0.005516107979087754
v 1.5538132217166875e-06 0.08447810038293473 0.00557811543446039
v -0.003964050102107796 0.08477643652328092 0.004294125714954725
v -0.004609655466555971 0.08405822292453581 0.004273719506563769
v -0.003645575042942477 0.08438550456973304 0.004763949536043738
v -0.003269299079531802 0.08393694237679707 0.005174684200970239
v -0.0039472248289212225 0.08323424833702357 0.005169777528116068
v -0.002103406647289317 0.08408010527916837 0.005482356849879217
v -0.0028316165966238154 0.08342709170949698 0.005519348050238871
v -0.004307750032537277 0.08367545680710549 0.004749712408223349
v -0.005201209198514067 0.08329271304141637 0.004225869550933504
v -0.005735036299200163 0.08248903383491164 0.004157618509186308
v -0.004918902050574287 0.08292101848645932 0.00470940616524731
v -0.004576986999811699 0.0824913658665766 0.005140524221162295
v -0.005154327818335703 0.08171606592081256 0.00508980718906215
v -0.003521920554024016 0.0827291436894378 0.005530013090419101
v -0.004167190642354226 0.08199780961860965 0.0055173498977080515
v -0.005474610108909112 0.08213075032467321 0.00464854377094978
v -0.001597824464066086 0.0835135929479321 0.005740478016859255
v -0.0023288316406792223 0.08284955251926984 0.005796426287722213
v -0.0017576554789436722 0.08220035364676287 0.00601474785119336
v 1.7281651704098313e-06 0.08210281809875647 0.006100391341560021
v 1.583502311226263e-06 0.0806262844269772 0.006379658187035639
v -0.0011221829038384574 0.08149297319191826 0.006193934309794972
v -0.0024545925483749295 0.08150860450959585 0.006076835865966563
v -0.003681763676094751 0.08143442653114107 0.005840242219727567
v -0.0030254106165900413 0.0821542271035112 0.005830290106959288
v -0.0016004006186544405 0.08059420222777808 0.0063377551915477885
v -0.003117508405058178 0.08080025547929934 0.006113735796716327
v -0.002315703950846407 0.08054873878618195 0.00628350611867713
v -0.005942527047077196 0.08279460448882549 0.0036201706592568217
v -0.006579445034779862 0.08270353604460563 -0.00016522801450236744
v -0.0068660711910448246 0.08174017599898449 -0.000225358578450565
v -0.0066475796612083205 0.0826891936773371 0.0004570952902803208
v -0.006752779993800425 0.08169606111244061 -0.0008258920642271807
v -0.006678307717419867 0.08263090033629349 0.001085362135505436
v -0.006988292374558982 0.08169707439137491 0.0010015323958047133
v -0.006670364001730458 0.08252849955928639 0.0017163794963625453
v -0.00694466270706361 0.08174059323148684 0.0003843507918528138
v -0.006980627124311994 0.08068911517148394 -0.0008592976727697027
v -0.007310414958491002 0.07860396593863231 -0.0009042615762331323
v -0.007100347706779659 0.08074628347488727 -0.00027610063984423927
v -0.00718745896148497 0.08076049918228902 0.00031750552328703885
v -0.007380649717269495 0.07975183960784052 0.00024976446794740427
v -0.007241905940397482 0.08073118114841803 0.000919566639979965
v -0.0072878536697195675 0.07972521868407406 -0.0003224119051029135
v -0.006621676787127828 0.0823812388376955 0.002341428476658592
v -0.0069665911621623845 0.08147466711587734 0.0022408444771157263
v -0.006530181331518842 0.0821873002299034 0.0029494943245958567
v -0.006996249128764091 0.08160877011248317 0.0016232364147474596
v -0.0063936233686714555 0.08194506695996347 0.0035291657778009976
v -0.006783172773894006 0.08106557064731611 0.003421639001479232
v -0.006209090187310842 0.08165318302224302 0.004070906326193631
v -0.006622792977203889 0.08078854316691174 0.003965204476408402
v -0.006896605532165991 0.08129395328829388 0.002843672799862966
v -0.007263278861595239 0.08065750235884998 0.001526268158589279
v -0.007474199204762295 0.07967778083867212 0.001415209923573594
v -0.0072503129890554695 0.0805384644358114 0.002129769594709462
v -0.007200345205946722 0.0803728231323756 0.0027223433576903412
v -0.007109661397939978 0.08015981848934185 0.0032948610895590287
v -0.007474223884809867 0.07957451579433872 0.0020016333488502235
v -0.006974013802885122 0.07989895876840383 0.0038373872085225064
v -0.007442782901186369 0.07973636475235131 0.0008301670675618795
v -0.00743453650566824 0.07868137001839998 -0.00036700601530637175
v -0.007480628124324286 0.07753554525880155 -0.0007185408422060717
v -0.007529374012247558 0.0787190028999965 0.00017962829839196785
v -0.007389738494034012 0.07724045012092903 -0.001133999524351645
v -0.007594970784727527 0.07871626853698999 0.0007347806627547116
v -0.00763143159689501 0.07867238461843849 0.0012964569852352802
v -0.007560834553644605 0.07777615430221446 -0.0002673354976658137
v -0.007625595929797309 0.07795887978650572 0.00021630037525913125
v -0.007670358551174641 0.07807741107007715 0.0007169291303258027
v -0.007694293540707184 0.07813063056586889 0.0012330166901196153
v -0.00763879696128093 0.07858610689741535 0.001858443088879011
v -0.007440694876029484 0.07942583201189157 0.002580701770704301
v -0.007615552081757865 0.07845657855717464 0.0024170232295424223
v -0.007370193759001718 0.07923061190427082 0.0031443991795334814
v -0.007696890067976319 0.07811680228864791 0.0017522681272384313
v -0.007559321620162285 0.07828220517351094 0.002968324036740462
v -0.007467879249938644 0.07805982770033495 0.0035022172613276004
v -0.007258557056267224 0.07898785709370292 0.00368308848242199
v -0.007634542214211691 0.07788938822312204 0.002761376948401936
v -0.007571186669448068 0.07768209072467412 0.0032313339486155853
v -0.007677195855674764 0.07803609760176339 0.0022627710695694012
v -0.0059722823368853675 0.08130999438789344 0.004568060273170864
v -0.006410929669955055 0.08046171600711888 0.004466791518723181
v -0.005676262395720794 0.08091255807765702 0.00501743644201545
v -0.00476446036646236 0.08123929583048509 0.005480749852819357
v -0.005310783953123073 0.08045604611543505 0.005418666494658902
v -0.004295301975335254 0.08069430822602221 0.005822372933962551
v -0.006141103641167819 0.08008292104904136 0.004921960979489448
v -0.006788261985967959 0.07958962557138836 0.004341319553848582
v -0.007099901603278254 0.07869785815282349 0.0041862282722580964
v -0.0065461595668462776 0.07923023192467045 0.004800606857269251
v -0.005803773025657134 0.07964844790364034 0.005329409007137337
v -0.006240320692038062 0.07881802111350235 0.005211416027999745
v -0.004864442964468626 0.079934363926461 0.0057732847850021874
v -0.005387305139113421 0.07915359525468392 0.005690311862047377
v -0.006886269248845877 0.07836024255261252 0.004647456917534042
v -0.003744251926733776 0.08007912125303773 0.006118064118267008
v -0.004333688296874665 0.07934446422335152 0.006084409846603661
v -0.0031984589610958712 0.08045431013020204 0.006167252384401485
v -0.00372881711811421 0.07869197219430808 0.0063581255440205734
v -0.003198445689749535 0.07943872896656265 0.006341553590567574
v -0.003198439170491686 0.07893093465945276 0.006428703495158706
v -0.004883294329862516 0.07859477937300005 0.006009009041640849
v -0.005860436086577145 0.0783506834579603 0.0055727738339754135
v -0.00430182076752331 0.0779735574298922 0.0062931150390857695
v -0.0048389941101312115 0.07723872903685682 0.0061780343055617285
v -0.0031984326512338366 0.07842314035234287 0.006515854331072388
v -0.0031984664116762704 0.07637902146574983 0.006777746423056988
v -0.005392423222186421 0.07782582732173617 0.005890407443216894
v -0.004581604497014125 0.07637890225646345 0.006336463912832346
v -0.006611440155320554 0.07797138931099602 0.005061867978226291
v -0.0073366717351404575 0.07779029550381221 0.003999932097310514
v -0.007487515254580829 0.07741635087357458 0.0036702415863379707
v -0.007153415396995763 0.07747723701659713 0.004455034968514462
v -0.006908047295352842 0.0771151388091943 0.004869647194877491
v -0.007235504029189439 0.07674454694013633 0.004415634902379481
v -0.00683263903980963 0.07635724341924287 0.005017760076601542
v -0.0070681621307775114 0.0763510892398331 0.004714324479633355
v -0.00737762897257888 0.07710078154076497 0.004067752868039654
v -0.006273235493596784 0.07752743902732719 0.005423094933383698
v -0.006603345099716784 0.07669756358013874 0.0052357226152297005
v -0.00586398908210503 0.07703171466046406 0.005729199235118637
v -0.006234130656710122 0.0763646269444185 0.00554830193699285
v -0.005344319481161307 0.07647862827510721 0.0060128153569023075
v -0.0052350427497682706 0.07637329196942282 0.006045340399973896
v -0.005561762341806619 0.07637047565003191 0.005899779342036582
v -0.0058884814681836916 0.0763676667812214 0.005754217352776719
v -0.00654691486943425 0.07636185532850999 0.005304511961410742
v 1.521984432291127e-06 0.07841261268223874 -0.006692585357771177
v 1.5292025231133902e-06 0.08235808988439508 -0.00625471754167576
v -0.006604778870782362 0.0760343948693832 -0.0030659853132910904
v -0.007117286135656046 0.07607175207950496 -0.0021136891467321748
v -0.006984726806176673 0.07561956890449496 -0.002328355269194946
v -0.006870629549265332 0.0751426647037203 -0.002485282653192568
v -0.0067824211965962335 0.07464400480817987 -0.0025817264583398334
v -0.0069197353933541424 0.07194608259039313 -0.001963561115840768
v -0.007095848953202345 0.071356711878492 -0.0014937847922017998
v -0.006258783695928642 0.06038302395464269 -0.0020462015566452625
v -0.006713341743440897 0.0733613128866475 -0.0025394229941555243
v -0.006738807361584209 0.07298458918992096 -0.0024461636136370196
v -0.0053283710481554685 0.060666619121668985 -0.003194989086105565
v -0.006783251936310748 0.07262327329346004 -0.002318606417573184
v -0.005819793170499315 0.060530005279468606 -0.0026415944329847025
v -0.00670912192096728 0.07374707413739831 -0.002595969174095522
v -0.004237277786508558 0.07595485247304096 -0.0054585033510697895
v -0.004728713413029379 0.07596529073618029 -0.0051133868790419045
v -0.0035643429946640754 0.061004670580833295 -0.004564384808727667
v -0.0027795342456655102 0.07593133844130097 -0.006196817218748201
v -0.003305669786242582 0.0759389007804062 -0.0059740136655056396
v -0.002200004586318592 0.061153130845868466 -0.005165770512845104
v -0.0029017684676953667 0.06108701439540565 -0.004897947293201438
v -0.002214104809724145 0.07592459566603967 -0.0063878934066831684
v -0.0014744847621694927 0.06120103807783555 -0.005359815291407892
v -0.0067266168150672346 0.07413352829212626 -0.0026146703637282406
v -0.006284470037516281 0.0760167891478998 -0.003534552547429645
v -0.005171356585499431 0.07597658581606553 -0.004750270736092016
v -0.005913101911112965 0.07600062883901386 -0.003999548858081228
v -0.0041989799406113885 0.06090517180489171 -0.004161335883144251
v -0.004783689848811512 0.06079288783298503 -0.0037064760871258276
v -0.0011193377134484995 0.0759174133065348 -0.0066277662396203784
v -0.007656827831508354 0.06777868985104557 0.0012186730422825808
v -0.007695945241249441 0.07013695500959197 0.001219722759211642
v -0.00768630232756773 0.06744437485795148 0.0014325480062392087
v -0.0074636440606429535 0.0704904775989553 -0.000266390729146595
v -0.007606944798751648 0.07024279050416311 0.0004568223254617098
v -0.007203765022349972 0.05990582173065206 -0.00011313372369793391
v -0.007286269024400905 0.07086525669419763 -0.0009208307357184821
v -0.006960295421725031 0.06006460477483037 -0.0007563325142973687
v -0.007552301776442381 0.05955683281946167 0.001300544909152767
v -0.007401099697820297 0.059736566895722626 0.0005724921787062245
v -0.007676659413886019 0.06475179470631098 0.0016453733696820943
v -0.006640734440466523 0.06022726957139667 -0.0014152614955597951
v -0.0007274601764741659 0.061230382188737935 -0.005478698149241917
v 1.538719589107061e-06 0.07591765917568798 -0.006708702825819823
v 0.000767138533428591 0.06122943969031743 -0.005474877398480934
v 0.0011230709198897914 0.0759174133065348 -0.006627669847736464
v 0.0015127447730880728 0.061199190333896536 -0.005352349344186583
v 0.0027840264799849743 0.07593127138607737 -0.006196274723362882
v 0.0022184315014603636 0.07592460311662007 -0.006387523671630857
v 0.0033106374607237725 0.0759389231321474 -0.00597312984040578
v 0.002236468658115 0.06115044863692474 -0.0051549094292681185
v 0.004242664090475931 0.07595488972594296 -0.005457010441022293
v 0.0035953744291962533 0.0610007217732217 -0.004548387481287958
v 0.0047342440719919865 0.07596539504430587 -0.005111553104941143
v 0.0029355291429600397 0.061083643007774996 -0.00488428013478159
v 0.006608877155663217 0.07603445447402639 -0.003064367838852544
v 0.006289368794128779 0.07601701266531177 -0.0035322766279483157
v 0.004807796667354513 0.06078841375945529 -0.003688346962369388
v 0.005918875645261098 0.07600073314713945 -0.003996422873942474
v 0.005177087013148993 0.07597666032186952 -0.004747925665911357
v 0.004226503315928714 0.06090088027058175 -0.004143950885105185
v 0.006729694370433394 0.07413352829212626 -0.0026146703637282406
v 0.006785117841039481 0.0746427680118336 -0.0025821227360848177
v 0.0068739925549930365 0.07514402815993336 -0.0024849275864704166
v 0.006988014374777836 0.07562063433749205 -0.0023281240683719322
v 0.007120363691022205 0.07607175207950496 -0.0021136891467321748
v 0.006712260943621733 0.07374649299212717 -0.0025957875661982905
v 0.005348455018944157 0.06066227170800603 -0.0031773852272672714
v 0.006716421161452156 0.0733612607325847 -0.0025394132152687507
v 0.006786321109773958 0.07262332544752283 -0.002318628769314382
v 0.005836181187748708 0.060525914910829426 -0.0026250217810397905
v 0.006922913997216966 0.07194568025905157 -0.0019632998798655194
v 0.006741728454761984 0.07298628792225198 -0.00244666815762843
v 0.007099830357103187 0.07135410417535228 -0.00149126079167624
v 0.0062709756394294415 0.060379637665851235 -0.0020324817785013455
v 2.0005337697849555e-05 0.061239844425844965 -0.005517023003493035
v 0.007467023364515281 0.07048989645368416 -0.00026511732018257884
v 0.007289089534743291 0.07086584529004918 -0.0009216724184729582
v 0.006966231671658121 0.06006298054830333 -0.0007497475982082694
v 0.007659905386874513 0.06777868985104557 0.0012186728094519435
v 0.0076990227966156 0.07013695500959197 0.001219722759211642
v 0.00760921676011214 0.07024400494876819 0.0004517265068184186
v 0.007660451607550032 0.059366634403029986 0.002071024096567865
v 0.007208580891255527 0.059904596110176386 -0.00010816583093802105
v 0.00740506247527014 0.05973574360658851 0.0005758238687131888
v 0.0066492187888961525 0.06022475500051193 -0.001405086913117408
v 0.007555680614653434 0.05955642303753971 0.0013022211733272763
v -0.007657374052183873 0.059366634403029986 0.002071024096567865
v -0.00399846107334294 0.06975722127838414 0.0012497412640554803
v -0.007695945241249441 0.07013695500959197 0.001219722759211642
v -0.00399846107334294 0.07013695500959197 0.0012197264845018416
v -0.007598460915983294 0.059366634403029986 0.0020710271233661524
v -0.007657374052183873 0.059366634403029986 0.002071024096567865
v 0.001760840718479664 0.08220030894328047 0.0060147473855320845
v 0.0011253730328178364 0.08149292103785546 0.0061939412947140966
v 1.7281651704098313e-06 0.08210281809875647 0.006100391341560021
v 0.0005797496842993329 0.08562072884354188 -0.005204542867581451
v 1.4449752441985654e-06 0.08587424974278667 -0.00506221768984378
v 1.4191087608191153e-06 0.08539698046357244 -0.005358591999238592
v 1.5180670113408575e-06 0.08632085988365804 -0.004723380194447351
v 0.0002228548778462102 0.08589953701266166 -0.0050417067076659605
v 0.0006900856786775667 0.0863026059616799 -0.004704818936027756
v 0.00030115435148602614 0.08653107800962247 -0.004533877941621722
v 1.4815211277697116e-06 0.08609755108793214 -0.004892798942145566
v 0.0010911081628077089 0.0866749487171317 -0.004305464101338536
v 0.0007079870368628954 0.08689160414456107 -0.004143110832165171
v 0.001043022582572318 0.08603428075918183 -0.004863853437294536
v 1.7146912341342486e-06 0.08652909615523627 -0.004532373855703626
v 1.911315343240805e-06 0.08673733987739489 -0.004341367516959902
v 1.4789972800392577e-06 0.08514334780562166 -0.005484887718908582
v 4.82224337185246e-05 0.08519100916843557 -0.00546824219097414
v 9.766498728891306e-05 0.08464336170677017 0.005516184347536846
v 1.5493685212270559e-06 0.08490284307033434 0.005389092347086687
v 0.0005987611789641476 0.08517962468158555 0.005257693911165771
v 1.5210543602964041e-06 0.08284546960121107 -0.006158816930405726
v 0.00034199814219633797 0.08366130815492735 -0.005998469730004855
v 1.5047580346624319e-06 0.08382022903484304 -0.005967016639188208
v 1.5388855718857303e-06 0.0848897151476709 -0.0056111839042398476
v 0.0003740925650039133 0.08486711753732001 -0.005612326171347305
v 1.0272700319826767e-06 0.084368241574948 -0.005812593581527279
v 0.0006678458126011677 0.08451079352972657 -0.005733398568496156
v 0.0009024339721442636 0.08530544263278743 -0.005349425922702433
v 0.0013649027898107254 0.08572783093678088 -0.005006790493947493
v 0.0011959244412632966 0.08495615197309088 -0.005473111145265041
v 0.001766394776921338 0.08611889700077596 -0.004596932203540452
v 0.0014425285243452595 0.08641642847843903 -0.0044579569930147875
v 0.0016600713857493673 0.08538653474985271 -0.005131116466424435
v 0.0009373694525979818 0.08412119523007015 -0.005831540407482535
v 6.871277400514108e-05 0.08406795338253722 -0.005903948407431229
v 0.0001625613761075239 0.0822760664447799 -0.006281073038515505
v 0.0008173651077908932 0.08276979405609602 -0.006161783658388446
v 0.0014650998248341058 0.08457594885531788 -0.005575231594184611
v 0.001932192658960843 0.08501396847698894 -0.005235939147722554
v 0.0019421596728899202 0.0837377362086627 -0.005725242045604093
v 0.002343908821439625 0.08542085212317159 -0.00482580984245349
v 0.002065950716977261 0.08578578155112614 -0.004719998562268648
v 0.0014113077985048134 0.08326085435962924 -0.005981505224097071
v 1.266013976479137e-06 0.08409423903018572 -0.005889805343188381
v 0.002417148725256022 0.08419114127885818 -0.00539116407409895
v 0.00029227654838289184 0.08352471666446816 0.005829078921983137
v 1.8004964863147807e-06 0.08284108865993632 0.00596075815165285
v 1.87282780221973e-06 0.08357935177053576 0.005821124496084404
v 1.434781855225234e-06 0.0877518183551352 -0.002978885700117653
v 1.4590725253888363e-06 0.08759640669858754 -0.0032333048599618203
v 0.0004861665527794173 0.08775818860137653 -0.0029440106974220194
v 1.5069416176966135e-06 0.0878141499107552 -0.0028502602770890772
v 2.097094819710105e-05 0.08784354245043018 -0.0028037209251171656
v 1.5791013801679929e-06 0.087876496367536 -0.0027216348540605017
v 0.0007295576312718693 0.08796315406815951 -0.0024807699297770057
v 1.7234209051107515e-06 0.088001159478776 -0.002464383542342075
v 0.0011604176526328715 0.08784700697031582 -0.0026079052367257347
v 0.0002720810517188517 0.08804052834560556 -0.0023605196576090832
v 1.9215776264359677e-06 0.0881931609356643 -0.001951380697456524
v 0.0006348268775398341 0.08737584716702897 -0.0035479673174384683
v 0.0002876082941014959 0.0870686895394901 -0.003973664144790459
v 1.379035970574912e-06 0.08711134411227571 -0.003927644703632032
v 1.483363081865604e-06 0.08744100249262028 -0.0034877242526366254
v 0.0010480332143061226 0.08720775462264183 -0.0037072299927299753
v 0.0013298500209233785 0.08747377014521612 -0.003236023157654354
v 0.0009220289985942529 0.08763597673108788 -0.0030897801387798737
v 0.0017120587418075824 0.08727238840760519 -0.003377064274426343
v 0.0015678844231470771 0.08769016480233152 -0.002737398885201459
v 0.0014286238786751864 0.08700006969401314 -0.0038594479114233676
v 0.00047474920770567173 0.08819480751393254 -0.0019086421892260909
v 1.6827102180370177e-06 0.0883335149692251 -0.0014416109388029662
v 0.0009269561605445223 0.0881210095150781 -0.0020079153522799664
v 0.0006341839157344439 0.08830600742639112 -0.0014571165279363251
v 0.000757895389951427 0.08837774161447497 -0.0010044523248293011
v 1.8932048030986083e-06 0.08843447778421513 -0.0008786745369123768
v 0.001085727796021592 0.08823233608740348 -0.0015354066446948975
v 0.0008527989622241289 0.08841457728396879 -0.0005468024028666825
v 2.131336202929677e-06 0.08848085019661998 -0.00033009287141793156
v 0.0017510613660443927 0.08821984891465437 -0.0006311585726387387
v 0.0013575501146945485 0.08800838654176327 -0.002114568082388647
v 0.0017683086447613915 0.0878560594255009 -0.0022248960441098877
v 0.0015194121112228388 0.08812086050347012 -0.001620856769217135
v 0.0016498055336970894 0.08818935368908029 -0.0011272327675346768
v 0.0019346364493317923 0.08797114109034748 -0.0017113724735036216
v 0.0025805704542247645 0.08788443868624159 -0.0007385625890068953
v 0.001821425578657322 0.08821704004584385 -0.00013138541195713247
v 0.0009191925975608596 0.08841959152457747 -8.47172318831222e-05
v 0.0019538728001847494 0.08749403572390205 -0.0028651532888152365
v 0.0017821551991874143 0.0867509520877843 -0.0040031260679954115
v 0.002111167590928308 0.08646286049548706 -0.0041356956420228325
v 0.0020704604135945355 0.08703166015490589 -0.003510507661836212
v 0.002318242968948084 0.08725974477266768 -0.0029876697015777144
v 0.002662038127108292 0.08698829777698235 -0.0031029658034414207
v 0.002529876938019004 0.08743525809513247 -0.0024463959786132205
v 0.002159154450973409 0.08766447520111495 -0.002336768371449508
v 0.002406706038334581 0.08675270297417811 -0.003634836428280804
v 0.0027038836134286857 0.0857823021300797 -0.004359427723847648
v 0.003290417516842797 0.08634277204061218 -0.003305341029382466
v 0.0032194805408616765 0.08498721344277528 -0.0045221199944291786
v 0.003017516959487689 0.08609040598132928 -0.003849162385182223
v 0.002842242986918225 0.08461139871685745 -0.004986081140066543
v 0.002881014177501384 0.0871699950811785 -0.0025509362363480806
v 0.0023306807816020577 0.08778325235383956 -0.0018048017039721655
v 0.0035255757622017535 0.08653962382534039 -0.0027380487155106545
v 0.003065776231378637 0.08729882306686168 -0.0019892332547595207
v 0.0024707086194397506 0.08785467361754663 -0.0012721937045038951
v 0.0032176574769702385 0.0873784921230707 -0.0014231854206450195
v 0.0033372025051372463 0.0874136365108139 -0.0008557453757337297
v 0.0037249716873056548 0.08668235459404854 -0.002156598203404559
v 0.0040941493430715955 0.08579385052969851 -0.0028894410167635567
v 0.0038894448794332395 0.08677438416313989 -0.0015667926802879516
v 0.003842448480919962 0.08558030944487602 -0.0034636029985941003
v 0.004019142021886118 0.08681982525299484 -0.0009726472522964492
v 0.004485569775296904 0.08605991075575521 -0.0016939860784807308
v 0.004112458213080167 0.08682329722346087 -0.000374546468331673
v 0.003422189180275588 0.08740948653753151 -0.00028580743643210726
v 0.00430829951284172 0.0859527341567122 -0.002297612311822601
v 0.0026577070115899617 0.08787810569290223 -0.00020211781711940068
v 0.0035516297433659675 0.08531129133840083 -0.004011107502248092
v 0.004626117989609357 0.08611903856180354 -0.0010829291717591293
v 1.674328656148382e-06 0.08573326240989193 0.00493641463980269
v 0.00024499333162807357 0.08609541277135757 0.004702593075133484
v 0.001045235404950891 0.08567797165274921 0.004924875087748099
v 1.539224699713656e-06 0.08088525170049382 -0.006476733196041102
v 0.00058965028328907 0.0813375987882726 -0.0064176142375569935
v 1.5373506859303764e-06 0.08187071761815949 -0.006350618152945794
v 1.5283558972553413e-06 0.07890833704910188 -0.006662672674452071
v 0.00030479413463403075 0.07987072851927113 -0.006601672910078431
v 1.54109882718377e-06 0.07989977833224775 -0.006602847773475136
v 0.0003170391926240039 0.07739497515840918 -0.006726607967503011
v 1.5156129673269124e-06 0.07791688831537562 -0.006722497575429007
v 1.5271662782169868e-06 0.0769172811961122 -0.006715600200624415
v 0.0012871727471506016 0.07939845857950478 -0.006557257206350939
v 0.0009593064642226839 0.08037521476868376 -0.006510361390673051
v 0.0006493736119004069 0.0788886228133655 -0.006660099895907961
v 0.000959901928578029 0.07790519090414882 -0.006671806154698984
v 0.0018971705073023244 0.07990876373220922 -0.006393909750355551
v 0.001580786616507497 0.08088338905539401 -0.006360667588920538
v 0.0015847425254535347 0.07841653913810914 -0.006557514717035987
v 0.0012252946291970827 0.08183993181994985 -0.006282883529552519
v 1.80373349155934e-06 0.0861389241608891 0.00467276048555367
v 0.0018131954812838165 0.08234109511050443 -0.006086196588915653
v 0.0021628413241178432 0.08138747297346507 -0.006148973316714511
v 0.002348645062267164 0.08282916028071714 -0.005821343822544906
v 0.0028335327927702437 0.08329224365485122 -0.005486680514817148
v 0.0031948726707868268 0.08234336753752619 -0.005534280876004038
v 0.0036454602574382015 0.08277618665407857 -0.005134394256138824
v 0.0032725689530045165 0.08372144178932958 -0.0050854327670452485
v 0.002701250997410743 0.08187765410851118 -0.005873428036148312
v 0.0024742881576603087 0.08041202063585598 -0.006169281736237727
v 0.002186255937175628 0.07892441540160343 -0.00638237299226861
v 0.0030139972587409627 0.08089965367240554 -0.005883928697898484
v 0.003513341443524934 0.08136302761917519 -0.005539749602017078
v 0.0032983994167567533 0.07990430828513048 -0.005853935920840087
v 0.004260862598762338 0.08078941488481844 -0.005107459942334313
v 0.003971630602002743 0.08179484835795407 -0.005140256000267922
v 0.0027592737892536143 0.0794227176692847 -0.0061471446648877735
v 0.0037995415197233148 0.08036194528499271 -0.005505982640325193
v 1.538719589107061e-06 0.07591765917568798 -0.006708702825819823
v 0.0006251601569254416 0.076418382881999 -0.006700513706638513
v 0.0005623048487864355 0.07591753996640159 -0.0066681861039475055
v 0.0012491291523095557 0.07692806218594989 -0.006635262454824559
v 0.0018644546595233253 0.07743582669073819 -0.006510755340111661
v 0.002152154863518965 0.07645790821101693 -0.006421047558137216
v 0.0011230709198897914 0.0759174133065348 -0.006627669847736464
v 0.0015541177296297087 0.07596186346919664 -0.006554318418044716
v 0.0013969110652824344 0.07591920889641102 -0.0065676330708794245
v 0.0022184315014603636 0.07592460311662007 -0.006387523671630857
v 0.0016707512106750775 0.07592100448628723 -0.00650759675968366
v 0.0032951288447921265 0.07742584291300321 -0.005982062154981913
v 0.0027840264799849743 0.07593127138607737 -0.006196274723362882
v 0.002736114125743866 0.07694796268619625 -0.006229657048841656
v 0.004313797575515081 0.07832430840334702 -0.005333017882018217
v 0.004242664090475931 0.07595488972594296 -0.005457010441022293
v 0.003822604092857236 0.07788631113341715 -0.005681569071610149
v 0.0033106374607237725 0.0759389231321474 -0.00597312984040578
v 0.0047342440719919865 0.07596539504430587 -0.005111553104941143
v 0.004786912224834182 0.07625898516493775 -0.005062721069682004
v 0.005211710325925515 0.07664845680472739 -0.0046854138993779465
v 0.005177087013148993 0.07597666032186952 -0.004747925665911357
v 0.004766139541019838 0.07873532712165124 -0.004941806531705362
v 0.003665937712004225 0.08410741910691197 -0.004626655362720652
v 0.004051890582369682 0.08316784876450559 -0.0046807186367426035
v 0.004014811837690337 0.08444378300961586 -0.004120256176790516
v 0.00432199693924444 0.08472710623045758 -0.0035756587964760516
v 0.0047351036827055475 0.08380704895811679 -0.003643860012466828
v 0.004589043435881486 0.08495638294108325 -0.0030021475762772535
v 0.004414454451047477 0.08351260202073901 -0.004181213565988136
v 0.004386943648584575 0.08218802293620213 -0.004691444678549853
v 0.004680163102841586 0.0811806821144843 -0.004664110361710158
v 0.004759000953674821 0.08253739555228308 -0.0041999932195456845
v 0.005089085414085973 0.08283962834617807 -0.0036726539445728606
v 0.005391935674831546 0.08183789781150086 -0.0036666613496255007
v 0.005378185163043482 0.08309291827743047 -0.003116432029021126
v 0.005014927924727283 0.08404975906520229 -0.0030769213683333432
v 0.005056886333906853 0.08153122447168792 -0.004181903675997615
v 0.0048170554104843884 0.08513167274613606 -0.0024083989498996697
v 0.005254791444438994 0.08424018099904594 -0.0024882829087870847
v 0.005006828212510765 0.0852550618081278 -0.0018002835090366227
v 0.005158828900219391 0.08532936644644938 -0.0011824037333144216
v 0.005618702471185226 0.0844695545672168 -0.0012673666597277403
v 0.005272343614875768 0.08535804373040604 -0.0005572792576841731
v 0.004728884310717286 0.086134125987112 -0.00046603429873728165
v 0.005455762468805421 0.08437949195135085 -0.0018835541059614466
v 0.005627212430984977 0.0832962222647844 -0.0025380937640461735
v 0.005941280006182874 0.08231246253003016 -0.0025600732090545553
v 0.005837181893828581 0.08345017360757381 -0.0019428765584227092
v 0.0060089824989481766 0.08355597929982335 -0.0013352417964107314
v 0.006336147728826654 0.08259919066611433 -0.0013848380982373859
v 0.006142698996695804 0.08361534552444447 -0.0007180811181123752
v 0.005743132286126482 0.08451308085790914 -0.0006429179750227663
v 0.006157585256333477 0.08247908731007866 -0.0019789668206306493
v 0.005686375627290206 0.08209874263127809 -0.0031241848235878055
v 0.005177467458410629 0.07911500124821587 -0.004514076161565654
v 0.0055960894940122715 0.07701031659355745 -0.004279571471806094
v 0.005317311592875354 0.08050301457427184 -0.004131766857846061
v 0.005652457791345236 0.080811259986549 -0.0036304636360783653
v 0.005547614620951021 0.07945985881257489 -0.0040551753570031955
v 0.005947872372852372 0.08107695513416614 -0.0031040924708961672
v 0.0058779621799825215 0.07976723250694534 -0.003569576794563901
v 0.005940847872519718 0.07734186742132343 -0.003850009888702636
v 0.005918875645261098 0.07600073314713945 -0.003996422873942474
v 0.0062493321690309375 0.07764149996265908 -0.0033996439568181385
v 0.006608877155663217 0.07603445447402639 -0.003064367838852544
v 0.006289368794128779 0.07601701266531177 -0.0035322766279483157
v 0.0065237696414240254 0.07790746333117059 -0.002930891156661516
v 0.006170036107503149 0.08003514792752145 -0.0030611715398612717
v 0.006204797256017057 0.0812986099010434 -0.0025572212665761107
v 0.006425366100801124 0.08026200319951737 -0.0025335072333185315
v 0.006607826623826925 0.08160802505444324 -0.001415733094016003
v 0.006424412892171296 0.08147568039481162 -0.001993425836048553
v 0.006831193627212178 0.08058929974587539 -0.0014307554431612802
v 0.006645336105185601 0.0804469117038656 -0.0019892809850402034
v 0.006765998254751219 0.07813802899220533 -0.002445834391115628
v 0.007120363691022205 0.07607175207950496 -0.0021136891467321748
v 0.0069776608619905485 0.07833172173084425 -0.001945582283260819
v 0.007204456063682 0.07650566643137603 -0.0018353060099410977
v 0.007160107880839376 0.0784872451460979 -0.0014311157485727745
v 0.007297719169490705 0.07689659838492392 -0.001506976510459921
v 0.00647763751023706 0.0826736666677851 -0.0007797649971065798
v 1.6770474768003551e-06 0.08847711745583996 0.00021843035358650722
v 0.000954851017143941 0.088394892850554 0.00037997820337718277
v 0.0018578482066002595 0.08818456296588359 0.0003725479665548968
v 0.0009553280289124703 0.08833997462243123 0.0008461228347327984
v 1.729116047095305e-06 0.08841940526006749 0.0007892529619990498
v 0.0018572885981630856 0.08812235061954997 0.0008791205239984623
v 0.0009170166788383266 0.08825217698300665 0.0013158284942732924
v 1.927409078935333e-06 0.08822782848626194 0.0016449669638043797
v 0.001816990271428721 0.08802804117285645 0.0013883750284512855
v 0.002698433746697282 0.08784043555840369 0.0003389248650931424
v 0.003469473124626148 0.08737095958628707 0.0002885814970623163
v 0.0026996558747133946 0.08777235215471549 0.0008839602580443594
v 0.0034756731716714994 0.08729998535740396 0.0008670399317500364
v 0.0026586932821703103 0.08767229085995375 0.0014322193657944112
v 0.004180143942039571 0.08671985336519789 0.0008332534704922628
v 0.003437708739247195 0.0871962136736034 0.0014482568565190842
v 0.004167107288986009 0.08678921826871477 0.0002279184785500406
v 0.0008391069491337309 0.08812670920908353 0.0017946097756472864
v 0.001734778006166545 0.08789705996943789 0.0019032328350256085
v 0.0007190170972750291 0.0879602259900626 0.00227425823473056
v 0.0025735028802241775 0.08753610170083613 0.0019831878072574536
v 0.0016087601698623827 0.08772457903319558 0.0024181841231008783
v 0.0005547502512999075 0.08774794405332759 0.002749017366842154
v 1.8260635185716176e-06 0.0879028416198277 0.002485683354719664
v 0.0014379977565552933 0.08750504023115172 0.002926275522104189
v 0.0003442562792377297 0.08748726314631913 0.0032104448494825037
v 1.6989002464805406e-06 0.08743273234837713 0.0033035920056337454
v 0.0012205278875560344 0.0872342563371219 0.0034188175598142963
v 0.0024430872224240475 0.08735839045715356 0.0025309607646364553
v 0.003353564445355242 0.08705623216906257 0.0020296992195528683
v 0.0022663615508299205 0.08713309980704148 0.0030684335274441515
v 0.002041431322544652 0.08685502179480081 0.0035871091743964892
v 0.0030445129734111313 0.08664513894495436 0.0031646098101889572
v 0.0017652629871925665 0.08652021506340038 0.0040771727299706625
v 0.000952310893096736 0.08690935887765244 0.0038858741887769057
v 0.0032227848732687375 0.0868746466235724 0.002604184835969504
v 8.002711334967575e-05 0.08717735625461294 0.003649099865963228
v 0.002816963167623619 0.08636247882576815 0.0037023920049138593
v 0.00479229247520498 0.08610897282768418 0.0001556755409714016
v 0.005346155583568444 0.08534452092698142 7.30897062273525e-05
v 0.004814086354195293 0.08604571740009466 0.0007795271606103979
v 0.0041487164625930465 0.08661560484425179 0.0014391180211675094
v 0.0047918552192677995 0.0859450451577402 0.0014022542955818736
v 0.0040707913078587175 0.08647403636608592 0.0020421323755940926
v 0.005378396107601035 0.08529086929752652 0.0007059515150147605
v 0.005828055864162068 0.08451289459339915 -1.2800991159154613e-05
v 0.0062380687541123934 0.08363000826667016 -9.364069889503149e-05
v 0.005871993333760183 0.08447082116588468 0.0006211806738773594
v 0.005367114066231493 0.08519780409775968 0.0013383968843791703
v 0.005873433624083611 0.08438771739211161 0.0012572673979965767
v 0.0053107262111249795 0.08506387246450302 0.001967043563685498
v 0.004723501732040113 0.08580534677525453 0.002020141987545749
v 0.0062943313463359445 0.08360107021239953 0.000536610416334144
v 0.003945385466885162 0.08629046151562915 0.0026356796034702596
v 0.0046079143590489246 0.08562282990721447 0.00262726999367526
v 0.003771709410980696 0.0860591284448133 0.003212276760938166
v 0.0044443014761268145 0.08539284539145087 0.0032153755038923353
v 0.003548350556667754 0.08577535818914761 0.0037626669675130363
v 0.005208206690492775 0.08488620592430285 0.002584705060685065
v 0.0057446619834147 0.08409325555357303 0.0025173795207218365
v 0.006285055373738897 0.08341460453674786 0.001806796946120017
v 0.0058312195668640925 0.08426272645533403 0.0018922732640889706
v 0.005058713588749765 0.08466123564914793 0.0031819317111252674
v 0.00561257110917793 0.08387659267556326 0.00312153684074779
v 0.004231417439363285 0.08511158598137972 0.0037744840536874987
v 0.004860959818131983 0.08438601120920018 0.0037482421781988417
v 0.006104363897896639 0.08304950374544413 0.0030426524237870596
v 0.005433236104629608 0.08361041324022017 0.0036941754117173274
v 0.006216865799279994 0.08325551229348299 0.0024344997300220165
v 0.006310432516239968 0.0835292540679313 0.001171148467468189
v 1.5369532367562474e-06 0.08713898576555688 0.0036974115247476076
v 1.5319182742208265e-06 0.08680303909535535 0.004077313359675698
v 0.0006281988295751424 0.08652852991112592 0.004317721703079104
v 0.001434097144885656 0.08612702558399152 0.004527357286788566
v 0.002202665840504944 0.08562528114816581 0.004667925524535842
v 0.003272984322861774 0.08543605875776643 0.004276346301815774
v 0.002537440674108053 0.08602296332755541 0.0042073939741885
v 0.0018098622778777087 0.0851712874821188 0.005071299481689173
v 0.002554250114811278 0.08458763136538389 0.005147491910819405
v 0.0013582099567211558 0.0846665851658746 0.00540490108171004
v 0.0029425941558236146 0.08503997100258227 0.004741871603675703
v 1.5449239344242587e-06 0.08532758575773396 0.005200068794051709
v 0.0008498384624609609 0.08411948904715873 0.005658501609032841
v 1.5538132217166875e-06 0.08447810038293473 0.00557811543446039
v 0.003967212407825996 0.08477636946805732 0.004294104294536077
v 0.004612798214500623 0.08405817077047302 0.004273699017467671
v 0.003648741073950877 0.08438544496508983 0.004763929512608915
v 0.0032724693014916767 0.08393689022273426 0.005174666971503066
v 0.00395037363046245 0.08323420363354117 0.005169764023939094
v 0.002834792173688352 0.08342704700601458 0.005519333149078072
v 0.002106597591175927 0.08408005312510558 0.0054823503306213675
v 0.004310894643127029 0.0836754046530427 0.004749695178756176
v 0.005204341701910671 0.08329266833793397 0.004225850458821231
v 0.005738166474290392 0.08248897423026845 0.004157588241203436
v 0.00492204014190619 0.08292097378297691 0.004709388004457587
v 0.004580131144740176 0.08249132116309421 0.005140506526033847
v 0.0051574649783450565 0.08171601376674976 0.005089784371659677
v 0.0041703408408792775 0.08199777236570766 0.0055173331339021525
v 0.0035250768061456422 0.0827290989859554 0.005530001914548503
v 0.005477744474950815 0.08213069072003001 0.004648516762595833
v 0.001601004348497416 0.08351352589270851 0.005740481276488179
v 0.0023320069849131213 0.08284950036520705 0.0057964211654481885
v 1.583502311226263e-06 0.0806262844269772 0.006379658187035639
v 0.002457742979730619 0.08150857470727425 0.006076835865966563
v 0.0030285694298486797 0.08215418240002881 0.005830284053362713
v 0.003684923187845302 0.08143438182765866 0.005840226852905493
v 0.001603683414227535 0.08059476102130803 0.006340723316514334
v 0.0031206853791065398 0.08080021822639734 0.006113721361216803
v 0.00243536655848534 0.08053951496764769 0.0062724918325406855
v 0.0059456539625385 0.0827945448841823 0.0036201382957982125
v 0.00658254121659702 0.08270347643996244 -0.0001652492457461223
v 0.006869158059636483 0.08174012384492169 -0.00022538484465685528
v 0.0066506758430254775 0.0826891415232743 0.0004570703482982812
v 0.006755865465408259 0.08169600150779742 -0.000825918141258578
v 0.006681404830559574 0.08263085563281108 0.0010853341958289389
v 0.006991386228069765 0.08169702223731211 0.0010015081814184158
v 0.006673462977515265 0.082528454855804 0.0017163521387626418
v 0.006947752835284192 0.08174054107742405 0.0003843259371822632
v 0.006983708870629628 0.08068907046800154 -0.0008593197916802629
v 0.0073134906512120615 0.07860394358689111 -0.0009042807847607242
v 0.007103430384419842 0.08074623877140488 -0.00027612287517011824
v 0.007190543501770253 0.08076044702822623 0.00031748387003775356
v 0.007383730066603303 0.07975180235493853 0.00024974188337556914
v 0.007244992343327866 0.08073113644493563 0.0009195433569162174
v 0.007290932622069551 0.07972518143117206 -0.00032243335462539096
v 0.006624778556880285 0.0823811941342131 0.002341404960764207
v 0.006969688740963366 0.08147462241239493 0.0022408144419634917
v 0.006533286826561499 0.08218726297700141 0.0029494717400240216
v 0.006999344844919974 0.08160872540900077 0.0016232099884701061
v 0.006396732123343037 0.08194502970706147 0.003529142960398525
v 0.0067862754749690125 0.08106552594383372 0.0034216087334963596
v 0.00662589986923037 0.08078850591400974 0.003965175605409356
v 0.006212202201611347 0.08165314576934102 0.004070884440113708
v 0.006899705439273348 0.08129390858481148 0.0028436413677269067
v 0.0072663661958481725 0.0806574576553676 0.0015262399860821443
v 0.007477281882402479 0.07967775103635052 0.0014151829152196469
v 0.0072534021859535025 0.08053843463348981 0.0021297444490006147
v 0.00720343766247368 0.08037278587947361 0.0027223156508444815
v 0.00711275618277331 0.08015978868702026 0.003294833848374444
v 0.007477308425095151 0.07957449344259752 0.002001607737480101
v 0.006977111381686105 0.07989893641666262 0.003837360665829834
v 0.0074458641818427275 0.07973633495002971 0.0008301427949679226
v 0.007484538282050059 0.07753813061020008 -0.0007143548383825482
v 0.007437612664050575 0.07868134766665877 -0.00036702650440246967
v 0.007532451567613717 0.07871897309767491 0.00017960801302267776
v 0.007393089858229843 0.07724138144347893 -0.001132847944018688
v 0.007598049271416236 0.07871624618524879 0.0007347591259207449
v 0.007634511480567544 0.0786723697172777 0.0012964270664983645
v 0.007564614791874667 0.07777837457517343 -0.000262577370758352
v 0.00762909397729475 0.0779600346264676 0.00022007207151518093
v 0.0076738528733818825 0.07807846160191344 0.0007230264408523677
v 0.007697483320440608 0.07813078702805727 0.0012374288306997874
v 0.007641877776276013 0.07858607709509376 0.001858415032787195
v 0.007443781744621142 0.07942580966015038 0.0025806749951809912
v 0.0076186338280754985 0.07845656365601385 0.00241699854949485
v 0.007373281558915926 0.07923058955252961 0.0031443728696714463
v 0.007699858658604139 0.07811610938467077 0.0017581831895835118
v 0.007562404763463744 0.07828218282176974 0.0029682993566928894
v 0.007261648115810357 0.07898783474196172 0.00368306263822123
v 0.007470964255885202 0.07805982024975455 0.003502193046941303
v 0.00763723420204219 0.07788807692097177 0.002764263815476002
v 0.007573586221997896 0.07767989280345634 0.003235546320508803
v 0.007679955364390131 0.07803495021238191 0.002267904752295112
v 0.005975398542137348 0.08130995713499144 0.004568039318413491
v 0.006414040287271735 0.08046167875421688 0.004466764976030509
v 0.005679383257585524 0.08091252827533542 0.005017415952919353
v 0.0047675998547780886 0.08123925857758309 0.005480731226368359
v 0.0053139099372618275 0.08045601631311346 0.005418646936885355
v 0.0042984419293122566 0.08069427097312021 0.005822358964124302
v 0.006144219846419798 0.08008289124671976 0.004921936765103151
v 0.006791363755720416 0.07958960321964717 0.004341293942478459
v 0.007102994991127762 0.07869783580108228 0.004186204057871799
v 0.006549264596227659 0.07923020957292926 0.004800583574205503
v 0.005806896215828239 0.07964841810131873 0.0053293866553961395
v 0.0062434322406772925 0.07881799876176115 0.005211393210597272
v 0.005390423207010501 0.07915358035352311 0.005690294632580204
v 0.004867579658816704 0.0799343341241394 0.005773264761567365
v 0.006889366361985584 0.07836023510203212 0.0046474341001315695
v 0.0037473893195737666 0.08007909890129654 0.006118055270702784
v 0.004336831510480592 0.07934444187161033 0.006084390288830113
v 0.0032015353523088433 0.08045431013020204 0.006167247727788735
v 0.00320153744778458 0.07897334336308522 0.00642237283012573
v 0.003201536749292668 0.07946700391917776 0.006337330974126307
v 0.003731964988332887 0.07869194984256689 0.00635810738323085
v 0.004886419382678721 0.07859476447183926 0.0060089941404800505
v 0.005863552291829125 0.0783506611062191 0.005572753344879316
v 0.004304954667903738 0.07797354252873141 0.006293101534908796
v 0.004842112643689567 0.07723872903685682 0.00617801940440093
v 0.003201538146276493 0.07847969025757306 0.006507414686125154
v 0.00320153837910713 0.07637907361981262 0.006777738972476589
v 0.005395537564793301 0.07782581987115576 0.005890391610733545
v 0.004585604061704689 0.07638054883473168 0.006336014084040742
v 0.0066145451847019355 0.07797137440983523 0.005061844695162544
v 0.007339759069393391 0.07779028805323181 0.003999909745569317
v 0.0074901974635245535 0.07741548660624828 0.003671977338740355
v 0.00715650692220017 0.07747722956601674 0.00445501308243454
v 0.006911138354895974 0.07711513135861389 0.004869629499749044
v 0.007237900787771618 0.0767428407572249 0.0044173038323889096
v 0.007071241083127495 0.0763510892398331 0.00471432215132698
v 0.006833285843320539 0.07635716146285848 0.005020554044251255
v 0.007379805473378007 0.07709837500329601 0.004070419244500031
v 0.006606451991743266 0.07669757103071914 0.005235697935182128
v 0.006276324224833542 0.07752743157674678 0.0054230837575130995
v 0.005867103890373185 0.07703167740756206 0.0057291927158607875
v 0.006240180993655577 0.07636452263629293 0.005546268394205134
v 0.005347448724928986 0.07647860592336601 0.006012797196112585
v 0.005238591554344681 0.07637411153326673 0.006045111294626619
v 0.005565085300664678 0.07637088543195386 0.005899660132750195
v 0.005891579046984674 0.0763676667812214 0.005754208505212495
v 0.006549732585808986 0.0763618776802512 0.005304739669774194
v 1.5292025231133902e-06 0.08235808988439508 -0.00625471754167576
v 1.521984432291127e-06 0.07841261268223874 -0.006692585357771177
v 0.007752239498439688 0.0702126007523854 0.002176742244497717
v 0.007601538471349453 0.05912417016509767 0.003053185681826479
v 0.007718507461343425 0.05912417016509767 0.0030531803267218167
v 0.004001538628709099 0.0702126007523854 0.002176741778836442
v 0.004001538628709099 0.06951476449103222 0.002231899589685169
v 0.007660451607550032 0.059366634403029986 0.002071024096567865
v 0.007601538471349453 0.059366634403029986 0.0020710271233661524
v 0.0076990227966156 0.07013695500959197 0.001219722759211642
v 0.004001538628709099 0.06975722127838414 0.0012497412640554803
v 0.004001538628709099 0.07013695500959197 0.0012197264845018416
v -0.007598460915983294 0.05912417016509767 0.003053185681826479
v -0.007598460915983294 0.059366634403029986 0.0020710271233661524
v -0.00399846107334294 0.06951476449103222 0.002231899589685169
v -0.00399846107334294 0.06975722127838414 0.0012497412640554803
v -0.003198461289402246 0.06631151410824773 0.00561938559627558
v 0.0032015386119377677 0.06631151410824773 0.00561938559627558
v 9.639485796270444e-06 0.05941451183267547 0.010173686510094157
v 0.003201531394188006 0.06023837093619153 0.009629635816116486
v 0.0024599266982795074 0.05989774902678949 0.009854586533497852
v 0.0016780863070781247 0.059637991991750544 0.01002611565809415
v -0.0024501126540792516 0.05989539464338333 0.009856139979511092
v -0.003198454071652484 0.06023837093619153 0.009629635816116486
v -0.0016612296017554922 0.05963431140503332 0.0100285464099494
v -0.0008371841173141345 0.05947011178890477 0.010136970981209274
v 0.0008519490721896818 0.059471676410788606 0.01013593721317888
v 0.00320153837910713 0.07637907361981262 0.006777738972476589
v 0.003201531394188006 0.06023837093619153 0.009629635816116486
v 0.0032015386119377677 0.06631151410824773 0.00561938559627558
v 0.003201538146276493 0.07847969025757306 0.006507414686125154
v 0.0032015386119377677 0.07875451981675967 0.004067982439048206
v 0.0032015353523088433 0.08045431013020204 0.006167247727788735
v -0.004817857744861131 0.05727968958030214 0.01052485751001897
v -0.005258980067607189 0.05732665058855852 0.010334632085233341
v -0.004633762285098973 0.05748585086523919 0.009689746167454967
v -0.003886986420732129 0.057421489026460396 0.009950463396042863
v -0.0039054100762449763 0.0572040922662813 0.010831091265588346
v -0.005341168351313705 0.057575634084340174 0.00932604422262119
v -0.005675588118194663 0.057383751836738266 0.010103309258965529
v -0.006064962434777832 0.05745055374059781 0.009832719080026095
v -0.005955179529578922 0.057696735818149346 0.00883547379474923
v -0.006427298595092175 0.057526680045827 0.00952434980184979
v -0.0015631682057543612 0.057296781211737986 0.010455626716949275
v -0.0010718863638695937 0.05707388592322426 0.011358534615856121
v -0.0020251194409137132 0.0571008160460773 0.011249444148973066
v -0.0007779202217581972 0.057279011577485814 0.01052759280434804
v -0.00011514094934765802 0.05706359667169292 0.011400215956577094
v -0.0029726004370589855 0.057144323710318634 0.0110732053262419
v -0.002354152903827299 0.05732677724842531 0.010334120789153444
v -0.0031248123021558037 0.05736834776176285 0.010165719045679724
v 9.51579542960594e-06 0.05727319639948421 0.010551158058828272
v -0.008131814904814037 0.058335354866489414 0.0062485456671375434
v -0.007343733022713833 0.058373431057619704 0.00609431306493807
v -0.00787042898663531 0.05811504492937422 0.007140981775293264
v -0.006853559803909408 0.05801157499407984 0.007560108587716954
v -0.007533820146100802 0.057900799764704004 0.008008840281357007
v -0.007512642802638525 0.0585577211637948 0.0053477663059185035
v -0.008328169363300589 0.058560112800102954 0.0053380805513994975
v -0.00845620199952615 0.0587877019542682 0.004416169481523126
v -0.00851340569318638 0.05901706434656846 0.0034870543988926063
v -0.007699811626815369 0.05893499247818068 0.0038195256061685267
v -0.007631276066029176 0.05874441780743884 0.004591512371961283
v -0.007715429905977266 0.05912417016509767 0.0030531803267218167
v -0.006463733795889536 0.05784421260657181 0.008238068563210084
v -0.006757147896559477 0.05761067788924798 0.009184087382952007
v -0.007051305192624241 0.057701258320451684 0.00881716119945046
v -0.007311063158985736 0.057798391537116516 0.008423684872696237
v -0.007126762342601323 0.0581912420151172 0.006832320527497563
v 0.002752971529558411 0.05713258904618984 0.011120735372576273
v 0.0018069241880633977 0.05709308234362289 0.011280771976906752
v 0.0023787915075462957 0.05732775327445761 0.0103301580117036
v 0.0031511009766025935 0.057369781998489695 0.010159902936355571
v 0.003682619561518113 0.057188025089650346 0.010896173948020768
v 0.0015884046021350778 0.05729745548926412 0.010452877452781957
v 0.0008457572324243015 0.05706991476387147 0.011374623212905721
v 0.0007992551915620453 0.05727933940302338 0.010526270326327176
v 0.003914667189560388 0.057423411276203394 0.009942669157622713
v 0.004664366009750107 0.05748853307418291 0.009678873908007384
v 0.005476419668623576 0.05735426989009849 0.010222748582023123
v 0.005045493465153872 0.05730186995815067 0.01043500723569439
v 0.00536182741377696 0.057578469030182086 0.00931455263367792
v 0.005879205029925369 0.057416385378886915 0.009971138756650741
v 0.004595832311609015 0.057259424001616224 0.010606947073535197
v 0.0066020086518576715 0.05756843309838431 0.009355203000336147
v 0.006254724992256159 0.05748789977484898 0.00968144249560002
v 0.0059750409142781844 0.05770078520859633 0.008819080655225813
v 0.006479735779941994 0.057848600998426966 0.008220305448215757
v 0.006915459225866257 0.05765632759535409 0.008999152801572385
v 0.007191978204158381 0.05775024216128646 0.008618732685645272
v 0.007432932768237305 0.0578501954226324 0.00821384206971942
v 0.006862992704356115 0.05801501343693408 0.007546192766176282
v 0.007802901116848115 0.05806382591441968 0.007348466003912447
v 0.007350265319078863 0.05837671303828557 0.00608101238194161
v 0.008080773772466526 0.058284687194484416 0.00645380356920118
v 0.007132825252401201 0.05819349209039777 0.006823202414072724
v 0.008293773758887518 0.058510156658526075 0.005540448093929506
v 0.007519785115273742 0.05856196426933216 0.005330589924130616
v 0.007637642121319048 0.05874829210924644 0.004575811205092444
v 0.008437047488642265 0.058737529745859746 0.004619414329895145
v 0.007703871727471677 0.05893569283273821 0.003816674595012632
v 0.007718507461343425 0.05912417016509767 0.0030531803267218167
v 0.00850989553849579 0.058966139629539685 0.0036933500271074744
v 0.008510726278210305 0.0591960198371777 0.002762140865723495
v 0.007601538471349453 0.05912417016509767 0.003053185681826479
v 0.007660451607550032 0.059366634403029986 0.002071024096567865
v -0.008498459828905514 0.05924529052535784 0.0025625617029079
v -0.008430501222438987 0.059437005134900765 0.0017859492908404062
v -0.007657374052183873 0.059366634403029986 0.002071024096567865
v -0.007598460915983294 0.059366634403029986 0.0020710271233661524
v -0.007598460915983294 0.05912417016509767 0.003053185681826479
v -0.007552301776442381 0.05955683281946167 0.001300544909152767
v -0.008313946205318447 0.05962730785945804 0.0010150766196479733
v -0.008150190830046202 0.05981623222664145 0.00024977867061629034
v -0.007401099697820297 0.059736566895722626 0.0005724921787062245
v -0.00791994368132353 0.06000301455196008 -0.0005068537877498069
v -0.007203765022349972 0.05990582173065206 -0.00011313372369793391
v -0.006960295421725031 0.06006460477483037 -0.0007563325142973687
v -0.007624052728332118 0.06018356074148456 -0.001238208580504695
v -0.006640734440466523 0.06022726957139667 -0.0014152614955597951
v -0.007266240467303935 0.060356444009068415 -0.001938525652300193
v -0.006258783695928642 0.06038302395464269 -0.0020462015566452625
v -0.0068471271590572185 0.06052174258580585 -0.002608116181283288
v -0.005819793170499315 0.060530005279468606 -0.0026415944329847025
v -0.006366211752060118 0.06067895728281012 -0.0032449701405606484
v -0.0053283710481554685 0.060666619121668985 -0.003194989086105565
v -0.0058331637026870185 0.06082453044794058 -0.0038346637885559483
v -0.004783689848811512 0.06079288783298503 -0.0037064760871258276
v -0.005250873370471546 0.06095748605516494 -0.004373242962552931
v -0.0041989799406113885 0.06090517180489171 -0.004161335883144251
v -0.0035643429946640754 0.061004670580833295 -0.004564384808727667
v -0.004618322354205381 0.061077563334169215 -0.0048596503786268175
v -0.003935440804697282 0.06118366332434453 -0.0052894510787949624
v -0.0029017684676953667 0.06108701439540565 -0.004897947293201438
v -0.0032189191861947217 0.06127256364966821 -0.0056495581185861095
v -0.0014744847621694927 0.06120103807783555 -0.005359815291407892
v -0.002200004586318592 0.061153130845868466 -0.005165770512845104
v -0.001694137069149134 0.06139629543835831 -0.006150781013783875
v -0.0024720592699677495 0.06134357885674352 -0.005937243654251588
v -0.0008921086318641107 0.061429424444103514 -0.0062849738830157795
v -0.0007274601764741659 0.061230382188737935 -0.005478698149241917
v -8.740118705662803e-05 0.06144193396859383 -0.006335656921842854
v 0.0075719484912938895 0.06021275956606916 -0.0013564900368021199
v 0.006966231671658121 0.06006298054830333 -0.0007497475982082694
v 0.0066492187888961525 0.06022475500051193 -0.001405086913117408
v 0.008135814003843327 0.05984492813704911 0.00013353142649466458
v 0.00740506247527014 0.05973574360658851 0.0005758238687131888
v 0.007208580891255527 0.059904596110176386 -0.00010816583093802105
v 0.007882643281877306 0.06003124852638299 -0.0006212110000678907
v 0.006768166373647396 0.06055068064007649 -0.002725339189502746
v 0.005836181187748708 0.060525914910829426 -0.0026250217810397905
v 0.006274139342131467 0.060706896959307255 -0.0033581432926718473
v 0.0062709756394294415 0.060379637665851235 -0.0020324817785013455
v 0.007200438338201712 0.060385911054547395 -0.0020578922157835754
v 0.005348455018944157 0.06066227170800603 -0.0031773852272672714
v 0.008440036102704909 0.05942656314647124 0.0018282533371013088
v 0.007555680614653434 0.05955642303753971 0.0013022211733272763
v 0.007601538471349453 0.059366634403029986 0.0020710271233661524
v 0.00829530578448211 0.0596540368166403 0.0009068020495262936
v 0.0015127447730880728 0.061199190333896536 -0.005352349344186583
v 0.000767138533428591 0.06122943969031743 -0.005474877398480934
v 0.0015244270503234367 0.06140521378309619 -0.006186913534752518
v 0.0030650758768211088 0.0612892119715703 -0.005717015673520787
v 0.0029355291429600397 0.061083643007774996 -0.00488428013478159
v 0.002236468658115 0.06115044863692474 -0.0051549094292681185
v 0.0023080275247288197 0.06135667697708538 -0.00599028945838777
v 2.0005337697849555e-05 0.061239844425844965 -0.005517023003493035
v 0.0007188435220347907 0.06143391714408425 -0.006303181704527687
v 0.005725312826117886 0.06085170271465659 -0.003944734472422778
v 0.004807796667354513 0.06078841375945529 -0.003688346962369388
v 0.005127271501277154 0.06098340289908368 -0.004478234213232582
v 0.004226503315928714 0.06090088027058175 -0.004143950885105185
v 0.003795405283448552 0.06120315404266893 -0.005368394634737612
v 0.0035953744291962533 0.0610007217732217 -0.004548387481287958
v 0.0044844801279135165 0.06110069366101865 -0.0049533498090501525
v -0.003198461289402246 0.06631151410824773 0.00561938559627558
v -0.003198454071652484 0.06023837093619153 0.009629635816116486
v -0.0031984664116762704 0.07637902146574983 0.006777746423056988
v -0.003198461289402246 0.07875451981675967 0.004067982439048206
v -0.0031984326512338366 0.07842314035234287 0.006515854331072388
v -0.0031984589610958712 0.08045431013020204 0.006167252384401485
v -0.003198461289402246 0.07875451981675967 0.004067982439048206
v -0.0016004006186544405 0.08059420222777808 0.0063377551915477885
v 1.583502311226263e-06 0.0806262844269772 0.006379658187035639
v 0.001603683414227535 0.08059476102130803 0.006340723316514334
v 0.0032015386119377677 0.07875451981675967 0.004067982439048206
v -0.002315703950846407 0.08054873878618195 0.00628350611867713
v 0.0032015353523088433 0.08045431013020204 0.006167247727788735
v 0.00243536655848534 0.08053951496764769 0.0062724918325406855
v -0.0031984589610958712 0.08045431013020204 0.006167252384401485
v 0.004001538628709099 0.06951476449103222 0.002231899589685169
v 0.004001538628709099 0.06975722127838414 0.0012497412640554803
v 0.007601538471349453 0.059366634403029986 0.0020710271233661524
v 0.007601538471349453 0.05912417016509767 0.003053185681826479
v 0.0032015386119377677 0.06631151410824773 0.00561938559627558
v -0.003198461289402246 0.06631151410824773 0.00561938559627558
v -0.003198461289402246 0.07875451981675967 0.004067982439048206
v 0.0032015386119377677 0.07875451981675967 0.004067982439048206
v -0.00399846107334294 0.07434812735936544 0.0003064656839881311
v -0.006398461123656934 0.07434812735936544 0.0003064656839881311
v -0.00399846107334294 0.07474465469879314 0.0004707129139820453
v -0.006398461123656934 0.07474465469879314 0.0004707129139820453
v -0.006398461123656934 0.07455447863410267 0.00036906199714677483
v -0.00399846107334294 0.07455447863410267 0.00036906199714677483
v -0.00399846107334294 0.0750481466407756 0.0007742022075160006
v -0.006398461123656934 0.0750481466407756 0.0007742022075160006
v -0.006398461123656934 0.07491134653406524 0.0006075120602660277
v -0.00399846107334294 0.07521239468567675 0.0011707300708126444
v -0.006398461123656934 0.07521239468567675 0.0011707300708126444
v -0.006398461123656934 0.07514979490916238 0.0009643776901298916
v -0.00399846107334294 0.07514979490916238 0.0009643776901298916
v -0.00399846107334294 0.07491134653406524 0.0006075120602660277
v -0.00399846107334294 0.07523352453168898 0.0013853294872977792
v -0.006398461123656934 0.07523352453168898 0.0013853294872977792
v -0.00399846107334294 0.07514979490916238 0.0018062812262580074
v -0.006398461123656934 0.07514979490916238 0.0018062812262580074
v -0.006398461123656934 0.07521239468567675 0.0015999287873675952
v -0.00399846107334294 0.07491134653406524 0.002163147030744849
v -0.006398461123656934 0.07491134653406524 0.002163147030744849
v -0.006398461123656934 0.0750481466407756 0.0019964565924565796
v -0.00399846107334294 0.0750481466407756 0.0019964565924565796
v -0.00399846107334294 0.07455447863410267 0.0024015970356564427
v -0.006398461123656934 0.07455447863410267 0.0024015970356564427
v -0.006398461123656934 0.07474465469879314 0.002299945973302024
v -0.006398461123656934 0.07434812735936544 0.002464193319711257
v -0.00399846107334294 0.07434812735936544 0.002464193319711257
v -0.00399846107334294 0.07474465469879314 0.002299945973302024
v -0.00399846107334294 0.07521239468567675 0.0015999287873675952
v 0.006401538679023093 0.07434812735936544 0.0003064656839881311
v 0.004001538628709099 0.07434812735936544 0.0003064656839881311
v 0.006401538679023093 0.07474465469879314 0.0004707129139820453
v 0.004001538628709099 0.07474465469879314 0.0004707129139820453
v 0.004001538628709099 0.07455447863410267 0.00036906199714677483
v 0.006401538679023093 0.07455447863410267 0.00036906199714677483
v 0.006401538679023093 0.0750481466407756 0.0007742022075160006
v 0.004001538628709099 0.0750481466407756 0.0007742022075160006
v 0.004001538628709099 0.07491134653406524 0.0006075120602660277
v 0.006401538679023093 0.07521239468567675 0.0011707300708126444
v 0.004001538628709099 0.07521239468567675 0.0011707300708126444
v 0.004001538628709099 0.07514979490916238 0.0009643776901298916
v 0.006401538679023093 0.07514979490916238 0.0009643776901298916
v 0.006401538679023093 0.07491134653406524 0.0006075120602660277
v 0.006401538679023093 0.07523352453168898 0.0013853294872977792
v 0.004001538628709099 0.07523352453168898 0.0013853294872977792
v 0.006401538679023093 0.07514979490916238 0.0018062812262580074
v 0.004001538628709099 0.07514979490916238 0.0018062812262580074
v 0.004001538628709099 0.07521239468567675 0.0015999287873675952
v 0.006401538679023093 0.07491134653406524 0.002163147030744849
v 0.004001538628709099 0.07491134653406524 0.002163147030744849
v 0.004001538628709099 0.0750481466407756 0.0019964565924565796
v 0.006401538679023093 0.0750481466407756 0.0019964565924565796
v 0.006401538679023093 0.07455447863410267 0.0024015970356564427
v 0.004001538628709099 0.07455447863410267 0.0024015970356564427
v 0.004001538628709099 0.07474465469879314 0.002299945973302024
v 0.004001538628709099 0.07434812735936544 0.002464193319711257
v 0.006401538679023093 0.07434812735936544 0.002464193319711257
v 0.006401538679023093 0.07474465469879314 0.002299945973302024
v 0.006401538679023093 0.07521239468567675 0.0015999287873675952
v 0.003981538476949901 0.07371167642992155 0.002401224972297756
v -0.003978461387245017 0.07371167642992155 0.002401224972297756
v -0.003978461387245017 0.07391798300117637 0.0024640033299110765
v 0.003981538476949901 0.07391798300117637 0.0024640033299110765
v -0.003978461387245017 0.07413255971667436 0.002485329219320063
v 0.003981538476949901 0.07335502459679054 0.002162460180364295
v -0.003978461387245017 0.07335502459679054 0.002162460180364295
v -0.003978461387245017 0.07352158977219585 0.0022994062718843544
v 0.003981538476949901 0.07311689659665058 0.0018053843626424494
v -0.003978461387245017 0.07311689659665058 0.0018053843626424494
v -0.003978461387245017 0.07321837350168817 0.00199564936863645
v 0.003981538476949901 0.07321837350168817 0.00199564936863645
v 0.003981538476949901 0.07352158977219585 0.0022994062718843544
v 0.003981538476949901 0.07413255971667436 0.002485329219320063
v 0.003981538476949901 0.07305447563406578 0.0015989767428909553
v -0.003978461387245017 0.07305447563406578 0.0015989767428909553
v 0.003981538476949901 0.07391988289917818 0.00030627674192581925
v 0.003981538476949901 0.07413450431815856 0.0002853299298984734
v -0.003978461387245017 0.07413450431815856 0.0002853299298984734
v 0.003981538476949901 0.07305485561366615 0.0011697781427513234
v -0.003978461387245017 0.07305485561366615 0.0011697781427513234
v -0.003978461387245017 0.07303352460198313 0.0013843588163701412
v 0.003981538476949901 0.07321945383584606 0.0007733953911494865
v -0.003978461387245017 0.07321945383584606 0.0007733953911494865
v -0.003978461387245017 0.0731176342041101 0.0009634811175526305
v 0.003981538476949901 0.0731176342041101 0.0009634811175526305
v 0.003981538476949901 0.07352320654814248 0.0004701739983677772
v -0.003978461387245017 0.07352320654814248 0.0004701739983677772
v -0.003978461387245017 0.0733564029541644 0.0006068259665850449
v -0.003978461387245017 0.07391988289917818 0.00030627674192581925
v -0.003978461387245017 0.07371347201979776 0.000368690952422127
v 0.003981538476949901 0.07371347201979776 0.000368690952422127
v 0.003981538476949901 0.0733564029541644 0.0006068259665850449
v 0.003981538476949901 0.07303352460198313 0.0013843588163701412
v 0.003981538476949901 0.06775777607186492 0.0031435621533917545
v -0.003978461387245017 0.06775777607186492 0.0031435621533917545
v -0.003978461387245017 0.06796406774195894 0.003206340511005075
v 0.003981538476949901 0.06796406774195894 0.003206340511005075
v -0.003978461387245017 0.06817865190803733 0.0032276659347527867
v 0.003981538476949901 0.06740112423873391 0.002904797128627656
v -0.003978461387245017 0.06740112423873391 0.002904797128627656
v -0.003978461387245017 0.06756769686471963 0.0030417432201477156
v 0.003981538476949901 0.06726447314363154 0.0027379865497304486
v -0.003978461387245017 0.06716298133743315 0.0025477213109058104
v -0.003978461387245017 0.06726447314363154 0.0027379865497304486
v 0.003981538476949901 0.06756769686471963 0.0030417432201477156
v 0.003981538476949901 0.06817865190803733 0.0032276659347527867
v 0.003981538476949901 0.06716298133743315 0.0025477213109058104
v 0.003981538476949901 0.06710057527600916 0.0023413136911543163
v -0.003978461387245017 0.06710057527600916 0.0023413136911543163
v 0.003981538476949901 0.06796597509054116 0.0010486137775006694
v 0.003981538476949901 0.06818058905894113 0.0010276669363694939
v -0.003978461387245017 0.06818058905894113 0.0010276669363694939
v 0.003981538476949901 0.06710095525560952 0.0019121152074300033
v -0.003978461387245017 0.06710095525560952 0.0019121152074300033
v -0.003978461387245017 0.06707962424392651 0.0021266957646335024
v 0.003981538476949901 0.06726555347778942 0.0015157323394128475
v -0.003978461387245017 0.06726555347778942 0.0015157323394128475
v -0.003978461387245017 0.06716372639547308 0.0017058181822313103
v 0.003981538476949901 0.06716372639547308 0.0017058181822313103
v 0.003981538476949901 0.06756930619008586 0.001212511063046457
v -0.003978461387245017 0.06756930619008586 0.001212511063046457
v -0.003978461387245017 0.06740249514552737 0.0013491629730560655
v -0.003978461387245017 0.06796597509054116 0.0010486137775006694
v -0.003978461387245017 0.06775957166174112 0.001111027987996977
v 0.003981538476949901 0.06775957166174112 0.001111027987996977
v 0.003981538476949901 0.06740249514552737 0.0013491629730560655
v 0.003981538476949901 0.06707962424392651 0.0021266957646335024
v 0.003981538476949901 0.07966557678797817 0.001658888024034395
v -0.003978461387245017 0.07966557678797817 0.001658888024034395
v -0.003978461387245017 0.0798718759086526 0.001721666498063034
v 0.003981538476949901 0.0798718759086526 0.001721666498063034
v -0.003978461387245017 0.08008645262415058 0.0017429920382260643
v 0.003981538476949901 0.07930892495484718 0.0014201232321009337
v -0.003978461387245017 0.07930892495484718 0.0014201232321009337
v -0.003978461387245017 0.07947549758083289 0.001557069440036312
v 0.003981538476949901 0.07907078950412681 0.0010630472979637695
v -0.003978461387245017 0.07907078950412681 0.0010630472979637695
v -0.003978461387245017 0.07917227385974479 0.001253312420373089
v 0.003981538476949901 0.07917227385974479 0.001253312420373089
v 0.003981538476949901 0.07947549758083289 0.001557069440036312
v 0.003981538476949901 0.08008645262415058 0.0017429920382260643
v 0.003981538476949901 0.07900837599212242 0.0008566397364199349
v -0.003978461387245017 0.07900837599212242 0.0008566397364199349
v 0.003981538476949901 0.07987377580665442 -0.0004360602645452012
v 0.003981538476949901 0.08008839722563478 -0.0004570071347802064
v -0.003978461387245017 0.08008839722563478 -0.0004570071347802064
v 0.003981538476949901 0.07900875597172277 0.0004274411944879623
v -0.003978461387245017 0.07900875597172277 0.0004274411944879623
v -0.003978461387245017 0.07898743241062016 0.0006420218098991207
v 0.003981538476949901 0.07917335419390269 3.105838467846601e-05
v -0.003978461387245017 0.07917335419390269 3.105838467846601e-05
v -0.003978461387245017 0.07907152711158634 0.0002211440819777803
v 0.003981538476949901 0.07907152711158634 0.0002211440819777803
v 0.003981538476949901 0.07947711435677951 -0.00027216297899941366
v -0.003978461387245017 0.07947711435677951 -0.00027216297899941366
v -0.003978461387245017 0.07931029586164064 -0.00013551105443789036
v -0.003978461387245017 0.07987377580665442 -0.0004360602645452012
v -0.003978461387245017 0.07966737237785439 -0.0003736460831527232
v 0.003981538476949901 0.07966737237785439 -0.0003736460831527232
v 0.003981538476949901 0.07931029586164064 -0.00013551105443789036
v 0.003981538476949901 0.07898743241062016 0.0006420218098991207
v -0.0017984611436370973 0.053528340975738095 0.005723893956213106
v -0.0039984615390042146 0.053528340975738095 0.005723893956213106
v -0.0039984615390042146 0.05373463637112232 0.005786672080995789
v -0.0017984611436370973 0.05373463637112232 0.005786672080995789
v -0.0039984615390042146 0.053949216811910505 0.005807997970404776
v -0.0017984611436370973 0.05317168169202669 0.005485128931449008
v -0.0039984615390042146 0.05317168169202669 0.005485128931449008
v -0.0039984615390042146 0.0533382505927222 0.005622075255799704
v -0.0017984611436370973 0.05293354624130633 0.005128052880896524
v -0.0039984615390042146 0.05293354624130633 0.005128052880896524
v -0.0039984615390042146 0.05303503059692432 0.005318317886890525
v -0.0017984611436370973 0.05303503059692432 0.005318317886890525
v -0.0017984611436370973 0.0533382505927222 0.005622075255799704
v -0.0017984611436370973 0.053949216811910505 0.005807997970404776
v -0.0017984611436370973 0.052871136454592134 0.004921645261145031
v -0.0039984615390042146 0.052871136454592134 0.004921645261145031
v -0.0017984611436370973 0.05373653999441433 0.0036289453474913835
v -0.0017984611436370973 0.053951157688104504 0.0036079987391908455
v -0.0039984615390042146 0.053951157688104504 0.0036079987391908455
v -0.0017984611436370973 0.052871516434192495 0.004492447126666674
v -0.0039984615390042146 0.052871516434192495 0.004492447126666674
v -0.0039984615390042146 0.05285018914779968 0.004707027567454854
v -0.0017984611436370973 0.05303610720579201 0.004096064142234199
v -0.0039984615390042146 0.05303610720579201 0.004096064142234199
v -0.0039984615390042146 0.052934287574056056 0.004286149868637343
v -0.0017984611436370973 0.052934287574056056 0.004286149868637343
v -0.0017984611436370973 0.053339863643378636 0.00379284274945249
v -0.0039984615390042146 0.053339863643378636 0.00379284274945249
v -0.0039984615390042146 0.05317305632411035 0.003929494775877417
v -0.0039984615390042146 0.05373653999441433 0.0036289453474913835
v -0.0039984615390042146 0.05353013284032411 0.0036913597908183288
v -0.0017984611436370973 0.05353013284032411 0.0036913597908183288
v -0.0017984611436370973 0.05317305632411035 0.003929494775877417
v -0.0017984611436370973 0.05285018914779968 0.004707027567454854
v -0.0017984611436370973 0.055710243445654194 0.00166966796613422
v -0.0039984615390042146 0.055682545913020035 0.0016585379631709495
v -0.0039984615390042146 0.05592635498071442 0.00173273049354058
v -0.0017984611436370973 0.055941006547069516 0.0017355711437331072
v -0.0039984615390042146 0.05617995038576319 0.0017579335951401374
v -0.0017984611436370973 0.05617995038576319 0.0017579335951401374
v -0.0017984611436370973 0.055495528894418826 0.001562469597426614
v -0.0039984615390042146 0.05545789973811249 0.0015382068987718227
v -0.0017984611436370973 0.05530417936331546 0.0014176296159735646
v -0.0039984615390042146 0.05526104795338429 0.0013763613168034745
v -0.0017984611436370973 0.05501662793809717 0.0010358831803200695
v -0.0039984615390042146 0.05497961345467377 0.0009543625384665162
v -0.0039984615390042146 0.05509954917265046 0.0011792212877460794
v -0.0017984611436370973 0.05514271038490323 0.0012400840312895651
v -0.0017984611436370973 0.05493024218365824 0.0008119863708192389
v -0.0039984615390042146 0.05490585270872134 0.0007104262870364138
v 0.004001538628709099 0.05617995038576319 0.0017579335951401374
v 0.0018015386990032564 0.055941006547069516 0.0017355711437331072
v 0.0018015386990032564 0.05617995038576319 0.0017579335951401374
v 0.004001538628709099 0.055682545913020035 0.0016585379631709495
v 0.0018015386990032564 0.055495528894418826 0.001562469597426614
v 0.0018015386990032564 0.055710243445654194 0.00166966796613422
v 0.004001538628709099 0.05592635498071442 0.00173273049354058
v 0.004001538628709099 0.05545789973811249 0.0015382068987718227
v 0.004001538628709099 0.05526104795338429 0.0013763613168034745
v 0.0018015386990032564 0.05514271038490323 0.0012400840312895651
v 0.0018015386990032564 0.05530417936331546 0.0014176296159735646
v 0.004001538628709099 0.05497961345467377 0.0009543625384665162
v 0.0018015386990032564 0.05493024218365824 0.0008119863708192389
v 0.0018015386990032564 0.05501662793809717 0.0010358831803200695
v 0.004001538628709099 0.05509954917265046 0.0011792212877460794
v 0.004001538628709099 0.05490585270872134 0.0007104262870364138
v 0.0018015386990032564 0.05488647002381273 0.0005760236374001434
v -0.0017984611436370973 0.05488647002381273 0.0005760236374001434
v 0.0018015386990032564 0.05594476163959073 -0.0008204038386482532
v 0.004001538628709099 0.05618224143923596 -0.0008420653534211616
v -0.0039984615390042146 0.05618224143923596 -0.0008420653534211616
v -0.0017984611436370973 0.05488682392638169 0.0003360365719314216
v -0.0039984615390042146 0.05490629974354529 0.00020319167567518502
v -0.0039984615390042146 0.05488109443005468 0.00045678693520481337
v -0.0017984611436370973 0.055018337846298795 -0.00012343804373709722
v -0.0039984615390042146 0.05510082322189873 -0.00026526071475143443
v -0.0039984615390042146 0.05498048889787068 -4.0614005061016494e-05
v -0.0017984611436370973 0.05493128153962393 0.00010020364886867639
v -0.0017984611436370973 0.0551450163395368 -0.0003272670350747137
v -0.0017984611436370973 0.05530700313328677 -0.0005043370049740089
v -0.0039984615390042146 0.05545980708669469 -0.0006236133465853692
v -0.0039984615390042146 0.055262668454621126 -0.0004621155262779213
v -0.0017984611436370973 0.055713812273665425 -0.0007551796533959058
v -0.0039984615390042146 0.055928605055994986 -0.0008173100433451301
v -0.0039984615390042146 0.05568466560314362 -0.0007435477839935556
v -0.0017984611436370973 0.05549878107276309 -0.0006486134780767068
v -0.0017984611436370973 0.05594476163959073 -0.0008204038386482532
v 0.004001538628709099 0.05488109443005468 0.00045678693520481337
v 0.0018015386990032564 0.05488682392638169 0.0003360365719314216
v 0.004001538628709099 0.05498048889787068 -4.0614005061016494e-05
v 0.0018015386990032564 0.055018337846298795 -0.00012343804373709722
v 0.0018015386990032564 0.05493128153962393 0.00010020364886867639
v 0.004001538628709099 0.05490629974354529 0.00020319167567518502
v 0.004001538628709099 0.05510082322189873 -0.00026526071475143443
v 0.0018015386990032564 0.0551450163395368 -0.0003272670350747137
v 0.004001538628709099 0.055262668454621126 -0.0004621155262779213
v 0.0018015386990032564 0.05530700313328677 -0.0005043370049740089
v 0.004001538628709099 0.05568466560314362 -0.0007435477839935556
v 0.0018015386990032564 0.055713812273665425 -0.0007551796533959058
v 0.0018015386990032564 0.05549878107276309 -0.0006486134780767068
v 0.004001538628709099 0.05545980708669469 -0.0006236133465853692
v 0.004001538628709099 0.055928605055994986 -0.0008173100433451301
v 0.004001538628709099 0.053528340975738095 0.005723893956213106
v 0.0018015386990032564 0.053528340975738095 0.005723893956213106
v 0.0018015386990032564 0.05373463637112232 0.005786672080995789
v 0.004001538628709099 0.05373463637112232 0.005786672080995789
v 0.0018015386990032564 0.053949216811910505 0.005807997970404776
v 0.004001538628709099 0.05317168169202669 0.005485128931449008
v 0.0018015386990032564 0.05317168169202669 0.005485128931449008
v 0.0018015386990032564 0.0533382505927222 0.005622075255799704
v 0.004001538628709099 0.05293354624130633 0.005128052880896524
v 0.0018015386990032564 0.05293354624130633 0.005128052880896524
v 0.0018015386990032564 0.05303503059692432 0.005318317886890525
v 0.004001538628709099 0.05303503059692432 0.005318317886890525
v 0.004001538628709099 0.0533382505927222 0.005622075255799704
v 0.004001538628709099 0.053949216811910505 0.005807997970404776
v 0.004001538628709099 0.052871136454592134 0.004921645261145031
v 0.0018015386990032564 0.052871136454592134 0.004921645261145031
v 0.004001538628709099 0.05373653999441433 0.0036289453474913835
v 0.004001538628709099 0.053951157688104504 0.0036079987391908455
v 0.0018015386990032564 0.053951157688104504 0.0036079987391908455
v 0.004001538628709099 0.052871516434192495 0.004492447126666674
v 0.0018015386990032564 0.052871516434192495 0.004492447126666674
v 0.0018015386990032564 0.05285018914779968 0.004707027567454854
v 0.004001538628709099 0.05303610720579201 0.004096064142234199
v 0.0018015386990032564 0.05303610720579201 0.004096064142234199
v 0.0018015386990032564 0.052934287574056056 0.004286149868637343
v 0.004001538628709099 0.052934287574056056 0.004286149868637343
v 0.004001538628709099 0.053339863643378636 0.00379284274945249
v 0.0018015386990032564 0.053339863643378636 0.00379284274945249
v 0.0018015386990032564 0.05317305632411035 0.003929494775877417
v 0.0018015386990032564 0.05373653999441433 0.0036289453474913835
v 0.0018015386990032564 0.05353013284032411 0.0036913597908183288
v 0.004001538628709099 0.05353013284032411 0.0036913597908183288
v 0.004001538628709099 0.05317305632411035 0.003929494775877417
v 0.004001538628709099 0.05285018914779968 0.004707027567454854
v -0.0017984611436370973 0.051699875413510725 0.0038736757260182577
v -0.0017984611436370973 0.05161160093694058 0.004168528487197163
v -0.003198461289402246 0.05161160093694058 0.004168528487197163
v -0.0017984611436370973 0.051825156922923866 0.003592544139967094
v -0.003198461289402246 0.051825156922923866 0.003592544139967094
v -0.0017984611436370973 0.0515617900816815 0.004472253725478371
v -0.0017984611436370973 0.05155126241157738 0.004779855593873556
v -0.003198461289402246 0.05155126241157738 0.004779855593873556
v -0.0017984611436370973 0.05158018928997741 0.005086276545275462
v -0.0017984611436370973 0.05164808642915564 0.005386475330721456
v -0.003198461289402246 0.05164808642915564 0.005386475330721456
v -0.003198461289402246 0.05158018928997741 0.005086276545275462
v -0.003198461289402246 0.0515617900816815 0.004472253725478371
v -0.003198461289402246 0.051699875413510725 0.0038736757260182577
v -0.003198461289402246 0.05175384369263259 0.0056755164063583205
v -0.0017984611436370973 0.05175384369263259 0.0056755164063583205
v -0.0017984611436370973 0.05394806942252902 0.007107997124543299
v -0.003198461289402246 0.05394806942252902 0.007107997124543299
v -0.0017984611436370973 0.05364093787202154 0.007087990919187527
v -0.0017984611436370973 0.05189572882046543 0.0059486453705687925
v -0.003198461289402246 0.05189572882046543 0.0059486453705687925
v -0.0017984611436370973 0.0520714023304088 0.006201369989033409
v -0.0017984611436370973 0.052277969671977606 0.006429534700534496
v -0.003198461289402246 0.052277969671977606 0.006429534700534496
v -0.003198461289402246 0.0520714023304088 0.006201369989033409
v -0.0017984611436370973 0.052512040831090186 0.006629387206518487
v -0.0017984611436370973 0.05276976013238994 0.006797639938384221
v -0.003198461289402246 0.05276976013238994 0.006797639938384221
v -0.0017984611436370973 0.0530469030967905 0.0069315254711746575
v -0.0017984611436370973 0.05333889134263654 0.007028842158381821
v -0.003198461289402246 0.05333889134263654 0.007028842158381821
v -0.003198461289402246 0.0530469030967905 0.0069315254711746575
v -0.003198461289402246 0.052512040831090186 0.006629387206518487
v -0.003198461289402246 0.05364093787202154 0.007087990919187527
v 0.0032015388447684053 0.051699875413510725 0.0038736757260182577
v 0.0032015388447684053 0.05161160093694058 0.004168528487197163
v 0.0018015386990032564 0.051699875413510725 0.0038736757260182577
v 0.0018015386990032564 0.051825156922923866 0.003592544139967094
v 0.0032015388447684053 0.051825156922923866 0.003592544139967094
v 0.0032015388447684053 0.0515617900816815 0.004472253725478371
v 0.0032015388447684053 0.05155126241157738 0.004779855593873556
v 0.0018015386990032564 0.0515617900816815 0.004472253725478371
v 0.0032015388447684053 0.05158018928997741 0.005086276545275462
v 0.0032015388447684053 0.05164808642915564 0.005386475330721456
v 0.0018015386990032564 0.05158018928997741 0.005086276545275462
v 0.0018015386990032564 0.05155126241157738 0.004779855593873556
v 0.0018015386990032564 0.05161160093694058 0.004168528487197163
v 0.0018015386990032564 0.05164808642915564 0.005386475330721456
v 0.0032015388447684053 0.05175384369263259 0.0056755164063583205
v 0.0018015386990032564 0.05175384369263259 0.0056755164063583205
v 0.0032015388447684053 0.05394806942252902 0.007107997124543299
v 0.0018015386990032564 0.05394806942252902 0.007107997124543299
v 0.0018015386990032564 0.05364093787202154 0.007087990919187527
v 0.0032015388447684053 0.05189572882046543 0.0059486453705687925
v 0.0032015388447684053 0.0520714023304088 0.006201369989033409
v 0.0018015386990032564 0.05189572882046543 0.0059486453705687925
v 0.0032015388447684053 0.052277969671977606 0.006429534700534496
v 0.0032015388447684053 0.052512040831090186 0.006629387206518487
v 0.0018015386990032564 0.052277969671977606 0.006429534700534496
v 0.0018015386990032564 0.0520714023304088 0.006201369989033409
v 0.0032015388447684053 0.05276976013238994 0.006797639938384221
v 0.0032015388447684053 0.0530469030967905 0.0069315254711746575
v 0.0018015386990032564 0.05276976013238994 0.006797639938384221
v 0.0032015388447684053 0.05333889134263654 0.007028842158381821
v 0.0032015388447684053 0.05364093787202154 0.007087990919187527
v 0.0018015386990032564 0.05333889134263654 0.007028842158381821
v 0.0018015386990032564 0.0530469030967905 0.0069315254711746575
v 0.0018015386990032564 0.052512040831090186 0.006629387206518487
v -0.0039984615390042146 0.08419273570306361 -0.0022685955607965034
v -0.003198461289402246 0.08419343605762114 -0.00306859511190656
v -0.0039984615390042146 0.08409411237031893 -0.0022666556159250525
v -0.003198461289402246 0.08406194076415503 -0.0030660083635242006
v 0.0032015388447684053 0.051699875413510725 0.0038736757260182577
v 0.0032015388447684053 0.051825156922923866 0.003592544139967094
v 0.004001538628709099 0.05253349850263998 0.0039643620951620145
v 0.0032015388447684053 0.0515617900816815 0.004472253725478371
v 0.004001538628709099 0.052391136537661594 0.004348351504761636
v 0.004001538628709099 0.05235090340350572 0.004755902909212564
v 0.0032015388447684053 0.05158018928997741 0.005086276545275462
v 0.004001538628709099 0.0524154515067945 0.005160316222331589
v 0.0032015388447684053 0.05161160093694058 0.004168528487197163
v 0.0032015388447684053 0.05155126241157738 0.004779855593873556
v 0.0032015388447684053 0.05164808642915564 0.005386475330721456
v 0.0032015388447684053 0.05175384369263259 0.0056755164063583205
v 0.004001538628709099 0.05394877722766695 0.006307997573433242
v 0.0032015388447684053 0.05394806942252902 0.007107997124543299
v 0.0032015388447684053 0.05364093787202154 0.007087990919187527
v 0.0032015388447684053 0.05189572882046543 0.0059486453705687925
v 0.004001538628709099 0.052580552643151354 0.0055350962488964804
v 0.0032015388447684053 0.0520714023304088 0.006201369989033409
v 0.004001538628709099 0.052835377393966 0.005855689601201557
v 0.0032015388447684053 0.052512040831090186 0.006629387206518487
v 0.004001538628709099 0.05316324018443436 0.006101092627440099
v 0.0032015388447684053 0.052277969671977606 0.006429534700534496
v 0.0032015388447684053 0.0530469030967905 0.0069315254711746575
v 0.004001538628709099 0.05354265726597523 0.006255227906433108
v 0.0032015388447684053 0.05333889134263654 0.007028842158381821
v 0.0032015388447684053 0.05276976013238994 0.006797639938384221
v -0.003978461387245017 0.07987377580665442 -0.0004360602645452012
v -0.003978461387245017 0.08008839722563478 -0.0004570071347802064
v -0.0039984615390042146 0.08008841212679559 -0.00047700711191642594
v -0.0039984615390042146 0.07986990150484681 -0.00045567938896616924
v -0.003978461387245017 0.07966737237785439 -0.0003736460831527232
v -0.003978461387245017 0.07931029586164064 -0.00013551105443789036
v -0.0039984615390042146 0.07929616956120368 -0.0001496656729011238
v -0.003978461387245017 0.07917335419390269 3.105838467846601e-05
v -0.003978461387245017 0.07947711435677951 -0.00027216297899941366
v -0.0039984615390042146 0.07946601299198465 -0.000288802191402814
v -0.0039984615390042146 0.07915673194903199 1.993230891321369e-05
v -0.003978461387245017 0.07907152711158634 0.0002211440819777803
v -0.0039984615390042146 0.07965973553294517 -0.000392130449254292
v -0.0039984615390042146 0.07905305712277663 0.00021347410235846815
v -0.0039984615390042146 0.07898913859353159 0.000423522043678816
v -0.003978461387245017 0.07900875597172277 0.0004274411944879623
v -0.003978461387245017 0.0798718759086526 0.001721666498063034
v -0.0039984615390042146 0.08008643772298979 0.0017629920735699432
v -0.003978461387245017 0.08008645262415058 0.0017429920382260643
v -0.0039984615390042146 0.07896743505282862 0.0006420041729783319
v -0.003978461387245017 0.07898743241062016 0.0006420218098991207
v -0.003978461387245017 0.07907078950412681 0.0010630472979637695
v -0.0039984615390042146 0.0791556367137133 0.0012644091285552
v -0.003978461387245017 0.07917227385974479 0.001253312420373089
v -0.003978461387245017 0.07966557678797817 0.001658888024034395
v -0.0039984615390042146 0.07986796435394301 0.0017412786375648778
v -0.003978461387245017 0.07947549758083289 0.001557069440036312
v -0.0039984615390042146 0.07965791014074736 0.0016773589441666495
v -0.0039984615390042146 0.07929477630266903 0.0014342529085821275
v -0.003978461387245017 0.07930892495484718 0.0014201232321009337
v -0.0039984615390042146 0.07946436641371642 0.0015736888909393565
v -0.0039984615390042146 0.07898875116335083 0.0008605241663602675
v -0.003978461387245017 0.07900837599212242 0.0008566397364199349
v -0.0039984615390042146 0.07905230461415631 0.0010706846085342609
v -0.003978461387245017 0.06818058905894113 0.0010276669363694939
v -0.0039984615390042146 0.06818061141068232 0.001007666901025615
v -0.003978461387245017 0.06796597509054116 0.0010486137775006694
v -0.0039984615390042146 0.06796209333815315 0.0010289946530797015
v -0.003978461387245017 0.06775957166174112 0.001111027987996977
v -0.003978461387245017 0.06740249514552737 0.0013491629730560655
v -0.0039984615390042146 0.06738836884509042 0.0013350083836966616
v -0.003978461387245017 0.06726555347778942 0.0015157323394128475
v -0.003978461387245017 0.06756930619008586 0.001212511063046457
v -0.0039984615390042146 0.067558204825291 0.0011958718215392269
v -0.0039984615390042146 0.06724893123291874 0.0015046062945704144
v -0.003978461387245017 0.06716372639547308 0.0017058181822313103
v -0.0039984615390042146 0.06775193481683192 0.001092543563687749
v -0.0039984615390042146 0.06714525640666337 0.0016981481589562536
v -0.0039984615390042146 0.06708133787741832 0.0019081960857246867
v -0.003978461387245017 0.06710095525560952 0.0019121152074300033
v -0.003978461387245017 0.06796406774195894 0.003206340511005075
v -0.0039984615390042146 0.06817862955629612 0.0032476660865119844
v -0.003978461387245017 0.06817865190803733 0.0032276659347527867
v -0.0039984615390042146 0.06705962688613495 0.0021266783023356915
v -0.003978461387245017 0.06707962424392651 0.0021266957646335024
v -0.003978461387245017 0.06716298133743315 0.0025477213109058104
v -0.0039984615390042146 0.06724782854701965 0.0027490830250819225
v -0.003978461387245017 0.06726447314363154 0.0027379865497304486
v -0.003978461387245017 0.06775777607186492 0.0031435621533917545
v -0.0039984615390042146 0.06796015618724935 0.0032259525340915998
v -0.003978461387245017 0.06756769686471963 0.0030417432201477156
v -0.0039984615390042146 0.06775010942463411 0.0031620330735240092
v -0.0039984615390042146 0.06738696813597536 0.0029189269215241687
v -0.003978461387245017 0.06740112423873391 0.002904797128627656
v -0.0039984615390042146 0.06755656569760317 0.0030583629038813975
v -0.0039984615390042146 0.06708095044723757 0.002345198237509968
v -0.003978461387245017 0.06710057527600916 0.0023413136911543163
v -0.0039984615390042146 0.06714449644746265 0.002555358854306939
v -0.003978461387245017 0.07391988289917818 0.00030627674192581925
v -0.003978461387245017 0.07413450431815856 0.0002853299298984734
v -0.0039984615390042146 0.07391598624562938 0.00028665758840102154
v -0.003978461387245017 0.07371347201979776 0.000368690952422127
v -0.003978461387245017 0.0733564029541644 0.0006068259665850449
v -0.0039984615390042146 0.07334226175256665 0.0005926713190179819
v -0.003978461387245017 0.07321945383584606 0.0007733953911494865
v -0.003978461387245017 0.07352320654814248 0.0004701739983677772
v -0.0039984615390042146 0.07351211263392803 0.0004535348150682065
v -0.0039984615390042146 0.07320283159097536 0.0007622692880993938
v -0.003978461387245017 0.0731176342041101 0.0009634811175526305
v -0.0039984615390042146 0.07370583517488855 0.00035020661542438787
v -0.0039984615390042146 0.07413451921931935 0.0002653299236584242
v -0.0039984615390042146 0.0730991642153004 0.0009558111524852332
v -0.0039984615390042146 0.07303523823547496 0.0011658590210460067
v -0.003978461387245017 0.07305485561366615 0.0011697781427513234
v -0.0039984615390042146 0.07391404909472558 0.002483615585828239
v -0.0039984615390042146 0.07413254481551355 0.002505329138248623
v -0.003978461387245017 0.07413255971667436 0.002485329219320063
v -0.003978461387245017 0.07311689659665058 0.0018053843626424494
v -0.0039984615390042146 0.07320173635565667 0.0020067460768185613
v -0.003978461387245017 0.07321837350168817 0.00199564936863645
v -0.003978461387245017 0.07305447563406578 0.0015989767428909553
v -0.0039984615390042146 0.07309841170668008 0.0018130215567976218
v -0.0039984615390042146 0.07301351979361119 0.0013843412376570118
v -0.003978461387245017 0.07303352460198313 0.0013843588163701412
v -0.003978461387245017 0.07391798300117637 0.0024640033299110765
v -0.003978461387245017 0.07371167642992155 0.002401224972297756
v -0.0039984615390042146 0.07370400978269073 0.0024196958924300105
v -0.003978461387245017 0.07352158977219585 0.0022994062718843544
v -0.0039984615390042146 0.073340868494032 0.0021765899732608075
v -0.003978461387245017 0.07335502459679054 0.002162460180364295
v -0.0039984615390042146 0.07351046605565979 0.0023160259556180363
v -0.0039984615390042146 0.0730348582558746 0.0016028612892466066
v 0.003981538476949901 0.0798718759086526 0.001721666498063034
v 0.003981538476949901 0.08008645262415058 0.0017429920382260643
v 0.004001538628709099 0.08008643772298979 0.0017629920735699432
v 0.004001538628709099 0.07986796435394301 0.0017412786375648778
v 0.003981538476949901 0.07966557678797817 0.001658888024034395
v 0.003981538476949901 0.07930892495484718 0.0014201232321009337
v 0.004001538628709099 0.07929477630266903 0.0014342529085821275
v 0.003981538476949901 0.07917227385974479 0.001253312420373089
v 0.003981538476949901 0.07947549758083289 0.001557069440036312
v 0.004001538628709099 0.07946436641371642 0.0015736888909393565
v 0.004001538628709099 0.0791556367137133 0.0012644091285552
v 0.003981538476949901 0.07907078950412681 0.0010630472979637695
v 0.004001538628709099 0.07965791014074736 0.0016773589441666495
v 0.004001538628709099 0.07898875116335083 0.0008605241663602675
v 0.003981538476949901 0.07900837599212242 0.0008566397364199349
v 0.004001538628709099 0.07905230461415631 0.0010706846085342609
v 0.004001538628709099 0.07986990150484681 -0.00045567938896616924
v 0.004001538628709099 0.08008841212679559 -0.00047700711191642594
v 0.003981538476949901 0.08008839722563478 -0.0004570071347802064
v 0.003981538476949901 0.07907152711158634 0.0002211440819777803
v 0.004001538628709099 0.07915673194903199 1.993230891321369e-05
v 0.003981538476949901 0.07917335419390269 3.105838467846601e-05
v 0.003981538476949901 0.07900875597172277 0.0004274411944879623
v 0.004001538628709099 0.07905305712277663 0.00021347410235846815
v 0.004001538628709099 0.07896743505282862 0.0006420041729783319
v 0.003981538476949901 0.07898743241062016 0.0006420218098991207
v 0.003981538476949901 0.07987377580665442 -0.0004360602645452012
v 0.003981538476949901 0.07966737237785439 -0.0003736460831527232
v 0.003981538476949901 0.07947711435677951 -0.00027216297899941366
v 0.004001538628709099 0.07965973553294517 -0.000392130449254292
v 0.004001538628709099 0.07929616956120368 -0.0001496656729011238
v 0.003981538476949901 0.07931029586164064 -0.00013551105443789036
v 0.004001538628709099 0.07946601299198465 -0.000288802191402814
v 0.004001538628709099 0.07898913859353159 0.000423522043678816
v 0.003981538476949901 0.06796406774195894 0.003206340511005075
v 0.003981538476949901 0.06817865190803733 0.0032276659347527867
v 0.004001538628709099 0.06796015618724935 0.0032259525340915998
v 0.004001538628709099 0.06775010942463411 0.0031620330735240092
v 0.003981538476949901 0.06775777607186492 0.0031435621533917545
v 0.003981538476949901 0.06740112423873391 0.002904797128627656
v 0.004001538628709099 0.06738696813597536 0.0029189269215241687
v 0.003981538476949901 0.06726447314363154 0.0027379865497304486
v 0.003981538476949901 0.06756769686471963 0.0030417432201477156
v 0.004001538628709099 0.06714449644746265 0.002555358854306939
v 0.003981538476949901 0.06716298133743315 0.0025477213109058104
v 0.004001538628709099 0.06755656569760317 0.0030583629038813975
v 0.004001538628709099 0.06817862955629612 0.0032476660865119844
v 0.004001538628709099 0.06724782854701965 0.0027490830250819225
v 0.004001538628709099 0.06708095044723757 0.002345198237509968
v 0.003981538476949901 0.06710057527600916 0.0023413136911543163
v 0.004001538628709099 0.06796209333815315 0.0010289946530797015
v 0.004001538628709099 0.06818061141068232 0.001007666901025615
v 0.003981538476949901 0.06818058905894113 0.0010276669363694939
v 0.004001538628709099 0.06705962688613495 0.0021266783023356915
v 0.003981538476949901 0.06707962424392651 0.0021266957646335024
v 0.003981538476949901 0.06716372639547308 0.0017058181822313103
v 0.004001538628709099 0.06714525640666337 0.0016981481589562536
v 0.003981538476949901 0.06726555347778942 0.0015157323394128475
v 0.003981538476949901 0.06796597509054116 0.0010486137775006694
v 0.003981538476949901 0.06775957166174112 0.001111027987996977
v 0.003981538476949901 0.06756930619008586 0.001212511063046457
v 0.004001538628709099 0.067558204825291 0.0011958718215392269
v 0.004001538628709099 0.06738836884509042 0.0013350083836966616
v 0.003981538476949901 0.06740249514552737 0.0013491629730560655
v 0.004001538628709099 0.06708133787741832 0.0019081960857246867
v 0.003981538476949901 0.06710095525560952 0.0019121152074300033
v 0.004001538628709099 0.06724893123291874 0.0015046062945704144
v 0.004001538628709099 0.06775193481683192 0.001092543563687749
v 0.004001538628709099 0.07370400978269073 0.0024196958924300105
v 0.003981538476949901 0.07371167642992155 0.002401224972297756
v 0.003981538476949901 0.07391798300117637 0.0024640033299110765
v 0.003981538476949901 0.07413255971667436 0.002485329219320063
v 0.004001538628709099 0.07391404909472558 0.002483615585828239
v 0.004001538628709099 0.073340868494032 0.0021765899732608075
v 0.003981538476949901 0.07335502459679054 0.002162460180364295
v 0.003981538476949901 0.07352158977219585 0.0022994062718843544
v 0.003981538476949901 0.07311689659665058 0.0018053843626424494
v 0.003981538476949901 0.07321837350168817 0.00199564936863645
v 0.004001538628709099 0.07320173635565667 0.0020067460768185613
v 0.004001538628709099 0.07351046605565979 0.0023160259556180363
v 0.004001538628709099 0.07413254481551355 0.002505329138248623
v 0.004001538628709099 0.07309841170668008 0.0018130215567976218
v 0.004001538628709099 0.0730348582558746 0.0016028612892466066
v 0.003981538476949901 0.07305447563406578 0.0015989767428909553
v 0.004001538628709099 0.07391598624562938 0.00028665758840102154
v 0.004001538628709099 0.07413451921931935 0.0002653299236584242
v 0.003981538476949901 0.07413450431815856 0.0002853299298984734
v 0.004001538628709099 0.07301351979361119 0.0013843412376570118
v 0.003981538476949901 0.07303352460198313 0.0013843588163701412
v 0.003981538476949901 0.0731176342041101 0.0009634811175526305
v 0.004001538628709099 0.07320283159097536 0.0007622692880993938
v 0.003981538476949901 0.07321945383584606 0.0007733953911494865
v 0.003981538476949901 0.07391988289917818 0.00030627674192581925
v 0.003981538476949901 0.07371347201979776 0.000368690952422127
v 0.004001538628709099 0.07370583517488855 0.00035020661542438787
v 0.003981538476949901 0.07352320654814248 0.0004701739983677772
v 0.004001538628709099 0.07351211263392803 0.0004535348150682065
v 0.004001538628709099 0.07334226175256665 0.0005926713190179819
v 0.003981538476949901 0.0733564029541644 0.0006068259665850449
v 0.004001538628709099 0.07303523823547496 0.0011658590210460067
v 0.003981538476949901 0.07305485561366615 0.0011697781427513234
v 0.004001538628709099 0.0730991642153004 0.0009558111524852332
v -0.003198461289402246 0.08458652867948481 0.003306817408454702
v -0.0017984611436370973 0.056072181465578456 0.006862009227743417
v 0.0032015388447684053 0.08458652867948481 0.003306817408454702
v -0.003198461289402246 0.054247120818593536 0.007089558335039016
v 0.0018015386990032564 0.056072181465578456 0.006862009227743417
v 0.0032015388447684053 0.054247120818593536 0.007089558335039016
v -0.0017984611436370973 0.054247120818593536 0.007089558335039016
v 0.0018015386990032564 0.054247120818593536 0.007089558335039016
v 0.0018015386990032564 0.052277969671977606 0.006429534700534496
v 0.0018015386990032564 0.05293354624130633 0.005128052880896524
v 0.0018015386990032564 0.0520714023304088 0.006201369989033409
v 0.0018015386990032564 0.05189572882046543 0.0059486453705687925
v 0.0018015386990032564 0.052871136454592134 0.004921645261145031
v 0.0018015386990032564 0.05175384369263259 0.0056755164063583205
v 0.0018015386990032564 0.05317168169202669 0.005485128931449008
v 0.0018015386990032564 0.05276976013238994 0.006797639938384221
v 0.0018015386990032564 0.0530469030967905 0.0069315254711746575
v 0.0018015386990032564 0.052512040831090186 0.006629387206518487
v 0.0018015386990032564 0.05303503059692432 0.005318317886890525
v 0.0018015386990032564 0.0533382505927222 0.005622075255799704
v 0.0018015386990032564 0.05164808642915564 0.005386475330721456
v 0.0018015386990032564 0.05285018914779968 0.004707027567454854
v 0.0018015386990032564 0.05155126241157738 0.004779855593873556
v 0.0018015386990032564 0.05158018928997741 0.005086276545275462
v 0.0018015386990032564 0.051699875413510725 0.0038736757260182577
v 0.0018015386990032564 0.052871516434192495 0.004492447126666674
v 0.0018015386990032564 0.0515617900816815 0.004472253725478371
v 0.0018015386990032564 0.052934287574056056 0.004286149868637343
v 0.0018015386990032564 0.051825156922923866 0.003592544139967094
v 0.0018015386990032564 0.05161160093694058 0.004168528487197163
v 0.0018015386990032564 0.053528340975738095 0.005723893956213106
v 0.0018015386990032564 0.05333889134263654 0.007028842158381821
v 0.0018015386990032564 0.05364093787202154 0.007087990919187527
v 0.0018015386990032564 0.05373463637112232 0.005786672080995789
v 0.0018015386990032564 0.05394806942252902 0.007107997124543299
v 0.0018015386990032564 0.05416383450560068 0.0057870511292736
v 0.0018015386990032564 0.054247120818593536 0.007089558335039016
v 0.0018015386990032564 0.054727318175904656 0.005486501700887566
v 0.0018015386990032564 0.056072181465578456 0.006862009227743417
v 0.0018015386990032564 0.053949216811910505 0.005807997970404776
v 0.0018015386990032564 0.0543702453849811 0.00572463715160793
v 0.0018015386990032564 0.05486426729422301 0.005319931868869509
v 0.0018015386990032564 0.05496608320066876 0.0051298461424663655
v 0.0018015386990032564 0.05456050713134618 0.005623153727312494
v 0.0018015386990032564 0.055028861791112715 0.00492354935009831
v 0.0018015386990032564 0.05702829582176134 0.005040526256333957
v 0.0018015386990032564 0.055029238045422875 0.004494350749958678
v 0.0018015386990032564 0.05505018535221533 0.00470896890931013
v 0.0018015386990032564 0.05617995038576319 0.0017579335951401374
v 0.0018015386990032564 0.05317305632411035 0.003929494775877417
v 0.0018015386990032564 0.053339863643378636 0.00379284274945249
v 0.0018015386990032564 0.05303610720579201 0.004096064142234199
v 0.0018015386990032564 0.05472869280798832 0.003930867545315977
v 0.0018015386990032564 0.054865343903090696 0.004097678124213184
v 0.0018015386990032564 0.055495528894418826 0.001562469597426614
v 0.0018015386990032564 0.05353013284032411 0.0036913597908183288
v 0.0018015386990032564 0.05405606558541594 -0.0006575201812827179
v 0.0018015386990032564 0.05456212018200261 0.003793921220965279
v 0.0018015386990032564 0.05530417936331546 0.0014176296159735646
v 0.0018015386990032564 0.05373653999441433 0.0036289453474913835
v 0.0018015386990032564 0.053951157688104504 0.0036079987391908455
v 0.0018015386990032564 0.05493024218365824 0.0008119863708192389
v 0.0018015386990032564 0.054165738128892686 0.0036293241629385574
v 0.0018015386990032564 0.05501662793809717 0.0010358831803200695
v 0.0018015386990032564 0.05514271038490323 0.0012400840312895651
v 0.0018015386990032564 0.054372037249567115 0.003692102753382515
v 0.0018015386990032564 0.05493128153962393 0.00010020364886867639
v 0.0018015386990032564 0.054360291409567725 -0.0011056115324620517
v 0.0018015386990032564 0.05488647002381273 0.0005760236374001434
v 0.0018015386990032564 0.05488682392638169 0.0003360365719314216
v 0.0018015386990032564 0.054757250882658585 -0.0014740756787394473
v 0.0018015386990032564 0.055018337846298795 -0.00012343804373709722
v 0.0018015386990032564 0.055710243445654194 0.00166966796613422
v 0.0018015386990032564 0.05641742646011823 0.0017362719639519102
v 0.0018015386990032564 0.05496682453341848 0.004287943595868459
v 0.0018015386990032564 0.055941006547069516 0.0017355711437331072
v 0.0018015386990032564 0.0551450163395368 -0.0003272670350747137
v 0.0018015386990032564 0.05530700313328677 -0.0005043370049740089
v 0.0018015386990032564 0.05522671940419481 -0.0017441478095104959
v 0.0018015386990032564 0.05549878107276309 -0.0006486134780767068
v 0.0018015386990032564 0.05594476163959073 -0.0008204038386482532
v 0.0018015386990032564 0.05574478806167525 -0.0019020740369428898
v 0.0018015386990032564 0.055713812273665425 -0.0007551796533959058
v 0.0018015386990032564 0.056072181465578456 0.006862009227743417
v -0.0017984611436370973 0.056072181465578456 0.006862009227743417
v -0.0017984611436370973 0.05702829582176134 0.005040526256333957
v 0.0018015386990032564 0.05702829582176134 0.005040526256333957
v -0.0017984611436370973 0.0520714023304088 0.006201369989033409
v -0.0017984611436370973 0.05293354624130633 0.005128052880896524
v -0.0017984611436370973 0.052277969671977606 0.006429534700534496
v -0.0017984611436370973 0.052871136454592134 0.004921645261145031
v -0.0017984611436370973 0.05189572882046543 0.0059486453705687925
v -0.0017984611436370973 0.05175384369263259 0.0056755164063583205
v -0.0017984611436370973 0.0530469030967905 0.0069315254711746575
v -0.0017984611436370973 0.05276976013238994 0.006797639938384221
v -0.0017984611436370973 0.05317168169202669 0.005485128931449008
v -0.0017984611436370973 0.05303503059692432 0.005318317886890525
v -0.0017984611436370973 0.052512040831090186 0.006629387206518487
v -0.0017984611436370973 0.0533382505927222 0.005622075255799704
v -0.0017984611436370973 0.05164808642915564 0.005386475330721456
v -0.0017984611436370973 0.05158018928997741 0.005086276545275462
v -0.0017984611436370973 0.05155126241157738 0.004779855593873556
v -0.0017984611436370973 0.05285018914779968 0.004707027567454854
v -0.0017984611436370973 0.052871516434192495 0.004492447126666674
v -0.0017984611436370973 0.051699875413510725 0.0038736757260182577
v -0.0017984611436370973 0.0515617900816815 0.004472253725478371
v -0.0017984611436370973 0.051825156922923866 0.003592544139967094
v -0.0017984611436370973 0.052934287574056056 0.004286149868637343
v -0.0017984611436370973 0.05161160093694058 0.004168528487197163
v -0.0017984611436370973 0.05364093787202154 0.007087990919187527
v -0.0017984611436370973 0.05333889134263654 0.007028842158381821
v -0.0017984611436370973 0.053528340975738095 0.005723893956213106
v -0.0017984611436370973 0.05373463637112232 0.005786672080995789
v -0.0017984611436370973 0.05394806942252902 0.007107997124543299
v -0.0017984611436370973 0.054247120818593536 0.007089558335039016
v -0.0017984611436370973 0.05416383450560068 0.0057870511292736
v -0.0017984611436370973 0.056072181465578456 0.006862009227743417
v -0.0017984611436370973 0.054727318175904656 0.005486501700887566
v -0.0017984611436370973 0.053949216811910505 0.005807997970404776
v -0.0017984611436370973 0.0543702453849811 0.00572463715160793
v -0.0017984611436370973 0.05496608320066876 0.0051298461424663655
v -0.0017984611436370973 0.05486426729422301 0.005319931868869509
v -0.0017984611436370973 0.05456050713134618 0.005623153727312494
v -0.0017984611436370973 0.055028861791112715 0.00492354935009831
v -0.0017984611436370973 0.05702829582176134 0.005040526256333957
v -0.0017984611436370973 0.05505018535221533 0.00470896890931013
v -0.0017984611436370973 0.055029238045422875 0.004494350749958678
v -0.0017984611436370973 0.05617995038576319 0.0017579335951401374
v -0.0017984611436370973 0.053339863643378636 0.00379284274945249
v -0.0017984611436370973 0.05317305632411035 0.003929494775877417
v -0.0017984611436370973 0.05303610720579201 0.004096064142234199
v -0.0017984611436370973 0.055495528894418826 0.001562469597426614
v -0.0017984611436370973 0.054865343903090696 0.004097678124213184
v -0.0017984611436370973 0.05472869280798832 0.003930867545315977
v -0.0017984611436370973 0.05405606558541594 -0.0006575201812827179
v -0.0017984611436370973 0.05353013284032411 0.0036913597908183288
v -0.0017984611436370973 0.05530417936331546 0.0014176296159735646
v -0.0017984611436370973 0.05456212018200261 0.003793921220965279
v -0.0017984611436370973 0.05493024218365824 0.0008119863708192389
v -0.0017984611436370973 0.053951157688104504 0.0036079987391908455
v -0.0017984611436370973 0.05373653999441433 0.0036289453474913835
v -0.0017984611436370973 0.05501662793809717 0.0010358831803200695
v -0.0017984611436370973 0.054165738128892686 0.0036293241629385574
v -0.0017984611436370973 0.054372037249567115 0.003692102753382515
v -0.0017984611436370973 0.05514271038490323 0.0012400840312895651
v -0.0017984611436370973 0.054360291409567725 -0.0011056115324620517
v -0.0017984611436370973 0.05493128153962393 0.00010020364886867639
v -0.0017984611436370973 0.05488682392638169 0.0003360365719314216
v -0.0017984611436370973 0.05488647002381273 0.0005760236374001434
v -0.0017984611436370973 0.055018337846298795 -0.00012343804373709722
v -0.0017984611436370973 0.054757250882658585 -0.0014740756787394473
v -0.0017984611436370973 0.055710243445654194 0.00166966796613422
v -0.0017984611436370973 0.05641742646011823 0.0017362719639519102
v -0.0017984611436370973 0.055941006547069516 0.0017355711437331072
v -0.0017984611436370973 0.05496682453341848 0.004287943595868459
v -0.0017984611436370973 0.0551450163395368 -0.0003272670350747137
v -0.0017984611436370973 0.05530700313328677 -0.0005043370049740089
v -0.0017984611436370973 0.05522671940419481 -0.0017441478095104959
v -0.0017984611436370973 0.05549878107276309 -0.0006486134780767068
v -0.0017984611436370973 0.055713812273665425 -0.0007551796533959058
v -0.0017984611436370973 0.05574478806167525 -0.0019020740369428898
v -0.0017984611436370973 0.05594476163959073 -0.0008204038386482532
v -0.003198461289402246 0.08458652867948481 0.003306817408454702
v -0.0039984615390042146 0.08448755516946135 0.00251296412051274
v -0.0039984615390042146 0.05414814358327989 0.006295705047097054
v -0.003198461289402246 0.054247120818593536 0.007089558335039016
v 0.0032015388447684053 0.08518249315503924 0.003173801498095239
v -0.003198461289402246 0.08517467004562006 0.0031763398177050033
v 0.0032015388447684053 0.0857423372168182 0.0029300054689165565
v 0.0032015388447684053 0.08624568352742974 0.0025843055233111564
v -0.003198461289402246 0.0862267143497333 0.0026000702529440263
v -0.003198461289402246 0.08572793524490648 0.0029379408027030173
v 0.0032015388447684053 0.08667418875793098 0.002149289649694184
v 0.0032015388447684053 0.08701226629412669 0.0016407978984097325
v -0.003198461289402246 0.0869926489159355 0.0016769158674635324
v 0.0032015388447684053 0.08724760777719734 0.0010773456602418147
v 0.0032015388447684053 0.08737163758910341 0.0004794495926150394
v -0.003198461289402246 0.0873648575609401 0.000536593536112927
v -0.003198461289402246 0.08723266191291647 0.0011243512555652725
v -0.003198461289402246 0.08665332713281311 0.0021747033466053387
v -0.003198461289402246 0.08738455689551568 -6.552517705894476e-05
v 0.0032015388447684053 0.08737983322754256 -0.0001311197376478574
v -0.003198461289402246 0.08729103721034448 -0.0006606642097958765
v 0.0032015388447684053 0.08727190411987924 -0.0007321300023623648
v -0.003198461289402246 0.08678156652264475 -0.0017466243125860105
v 0.0032015388447684053 0.08705176927140343 -0.0013016969551469988
v 0.0032015388447684053 0.08672747530894631 -0.0018190814397992126
v -0.003198461289402246 0.08708765126660614 -0.0012277301540804014
v -0.003198461289402246 0.08590802322373639 -0.0025686932977458336
v 0.0032015388447684053 0.08631078669895827 -0.0022654444309489017
v 0.0032015388447684053 0.08581690262545374 -0.002624532371039816
v -0.003198461289402246 0.0847931630762772 -0.0030113574249732585
v 0.0032015388447684053 0.0852638087895165 -0.0028832703063785274
v 0.0032015388447684053 0.08467162920880487 -0.0030322369780502035
v -0.003198461289402246 0.08537152183034825 -0.0028427312327650124
v -0.003198461289402246 0.08638366082584319 -0.002198956149958037
v -0.003198461289402246 0.08419343605762114 -0.00306859511190656
v 0.0032015388447684053 0.08406194076415503 -0.0030660083635242006
v -0.003198461289402246 0.08406194076415503 -0.0030660083635242006
v 0.004001538628709099 0.05414814358327989 0.006295705047097054
v 0.004001538628709099 0.08448755516946135 0.00251296412051274
v 0.0032015388447684053 0.08458652867948481 0.003306817408454702
v 0.0032015388447684053 0.054247120818593536 0.007089558335039016
v 0.0018015386990032564 0.05702829582176134 0.005040526256333957
v -0.0017984611436370973 0.05702829582176134 0.005040526256333957
v 0.0018015386990032564 0.05641742646011823 0.0017362719639519102
v -0.0017984611436370973 0.05641742646011823 0.0017362719639519102
v 0.0018015386990032564 0.05594476163959073 -0.0008204038386482532
v -0.0017984611436370973 0.05594476163959073 -0.0008204038386482532
v 0.0018015386990032564 0.05574478806167525 -0.0019020740369428898
v -0.0017984611436370973 0.05574478806167525 -0.0019020740369428898
v 0.0032015388447684053 0.05608459413252358 -0.0019401249659490164
v 0.0032015388447684053 0.05577240736321522 -0.0019070127240097144
v 0.0018015386990032564 0.05574478806167525 -0.0019020740369428898
v 0.0032015388447684053 0.05546721296361153 -0.0018334357978455709
v -0.0017984611436370973 0.05574478806167525 -0.0019020740369428898
v 0.0032015388447684053 0.0551742412411528 -0.0017206528698827817
v 0.0018015386990032564 0.05522671940419481 -0.0017441478095104959
v 0.0018015386990032564 0.0549919851434267 -0.0016091117441249716
v 0.0032015388447684053 0.05489849153528689 -0.0015705937568600678
v 0.0018015386990032564 0.05548575745822523 -0.0018231110396420116
v -0.003198461289402246 0.05608459413252358 -0.0019401249659490164
v -0.003198461289402246 0.05577240736321522 -0.0019070127240097144
v -0.003198461289402246 0.05546721296361153 -0.0018334357978455709
v -0.0017984611436370973 0.05522671940419481 -0.0017441478095104959
v -0.003198461289402246 0.0551742412411528 -0.0017206528698827817
v -0.0017984611436370973 0.0549919851434267 -0.0016091117441249716
v -0.0017984611436370973 0.05548575745822523 -0.0018231110396420116
v 0.0018015386990032564 0.054558771146113155 -0.0012898435473930902
v 0.0018015386990032564 0.054757250882658585 -0.0014740756787394473
v 0.0032015388447684053 0.05464468751398694 -0.0013858258822168781
v 0.0032015388447684053 0.05441717659091588 -0.001169510853179501
v 0.0018015386990032564 0.054360291409567725 -0.0011056115324620517
v 0.0032015388447684053 0.05405606558541594 -0.0006575201812827179
v 0.0018015386990032564 0.05405606558541594 -0.0006575201812827179
v 0.0018015386990032564 0.054208176634846734 -0.0008815659441838738
v 0.0032015388447684053 0.054219836793171536 -0.0009253497455612559
v -0.0017984611436370973 0.054360291409567725 -0.0011056115324620517
v -0.003198461289402246 0.05441717659091588 -0.001169510853179501
v -0.0017984611436370973 0.054558771146113155 -0.0012898435473930902
v -0.0017984611436370973 0.054757250882658585 -0.0014740756787394473
v -0.003198461289402246 0.05464468751398694 -0.0013858258822168781
v -0.003198461289402246 0.05489849153528689 -0.0015705937568600678
v -0.003198461289402246 0.054219836793171536 -0.0009253497455612559
v -0.0017984611436370973 0.054208176634846734 -0.0008815659441838738
v -0.003198461289402246 0.05405606558541594 -0.0006575201812827179
v -0.0017984611436370973 0.05405606558541594 -0.0006575201812827179
v -0.003198461289402246 0.05394806942252902 0.007107997124543299
v -0.0039984615390042146 0.05371387532883985 0.006290450990931768
v -0.003198461289402246 0.05333889134263654 0.007028842158381821
v -0.0039984615390042146 0.05329702280608303 0.006168605596066496
v -0.003198461289402246 0.05364093787202154 0.007087990919187527
v -0.003198461289402246 0.05276976013238994 0.006797639938384221
v -0.0039984615390042146 0.05292828985683467 0.005939145414898493
v -0.003198461289402246 0.0530469030967905 0.0069315254711746575
v -0.003198461289402246 0.052512040831090186 0.006629387206518487
v -0.0039984615390042146 0.052634848747810783 0.0056189776769987225
v -0.003198461289402246 0.0520714023304088 0.006201369989033409
v -0.003198461289402246 0.052277969671977606 0.006429534700534496
v -0.003198461289402246 0.05175384369263259 0.0056755164063583205
v -0.003198461289402246 0.05189572882046543 0.0059486453705687925
v -0.0039984615390042146 0.05243831733803975 0.00523169045424989
v -0.0039984615390042146 0.05235317955581768 0.004805819003919791
v -0.003198461289402246 0.05158018928997741 0.005086276545275462
v -0.0039984615390042146 0.052385708789840744 0.004372740048375983
v -0.003198461289402246 0.0515617900816815 0.004472253725478371
v -0.003198461289402246 0.05164808642915564 0.005386475330721456
v -0.003198461289402246 0.051699875413510725 0.0038736757260182577
v -0.0039984615390042146 0.05253349850263998 0.0039643620951620145
v -0.003198461289402246 0.05155126241157738 0.004779855593873556
v -0.003198461289402246 0.05161160093694058 0.004168528487197163
v -0.003198461289402246 0.051825156922923866 0.003592544139967094
v -0.0039984615390042146 0.052634848747810783 0.0056189776769987225
v -0.0039984615390042146 0.05292828985683467 0.005939145414898493
v -0.0039984615390042146 0.053528340975738095 0.005723893956213106
v -0.0039984615390042146 0.05303503059692432 0.005318317886890525
v -0.0039984615390042146 0.05317168169202669 0.005485128931449008
v -0.0039984615390042146 0.0533382505927222 0.005622075255799704
v -0.0039984615390042146 0.053949216811910505 0.005807997970404776
v -0.0039984615390042146 0.05329702280608303 0.006168605596066496
v -0.0039984615390042146 0.05373463637112232 0.005786672080995789
v -0.0039984615390042146 0.05235317955581768 0.004805819003919791
v -0.0039984615390042146 0.05243831733803975 0.00523169045424989
v -0.0039984615390042146 0.052871136454592134 0.004921645261145031
v -0.0039984615390042146 0.052871516434192495 0.004492447126666674
v -0.0039984615390042146 0.05285018914779968 0.004707027567454854
v -0.0039984615390042146 0.05293354624130633 0.005128052880896524
v -0.0039984615390042146 0.05414814358327989 0.006295705047097054
v -0.0039984615390042146 0.05371387532883985 0.006290450990931768
v -0.0039984615390042146 0.0543702453849811 0.00572463715160793
v -0.0039984615390042146 0.05416383450560068 0.0057870511292736
v -0.0039984615390042146 0.05456050713134618 0.005623153727312494
v -0.0039984615390042146 0.06817862955629612 0.0032476660865119844
v -0.0039984615390042146 0.054727318175904656 0.005486501700887566
v -0.0039984615390042146 0.05505018535221533 0.00470896890931013
v -0.0039984615390042146 0.055028861791112715 0.00492354935009831
v -0.0039984615390042146 0.06796015618724935 0.0032259525340915998
v -0.0039984615390042146 0.05496608320066876 0.0051298461424663655
v -0.0039984615390042146 0.05486426729422301 0.005319931868869509
v -0.0039984615390042146 0.052385708789840744 0.004372740048375983
v -0.0039984615390042146 0.052934287574056056 0.004286149868637343
v -0.0039984615390042146 0.05253349850263998 0.0039643620951620145
v -0.0039984615390042146 0.05303610720579201 0.004096064142234199
v -0.0039984615390042146 0.05317305632411035 0.003929494775877417
v -0.0039984615390042146 0.053339863643378636 0.00379284274945249
v -0.0039984615390042146 0.05353013284032411 0.0036913597908183288
v -0.0039984615390042146 0.05373653999441433 0.0036289453474913835
v -0.0039984615390042146 0.05545789973811249 0.0015382068987718227
v -0.0039984615390042146 0.05617995038576319 0.0017579335951401374
v -0.0039984615390042146 0.053951157688104504 0.0036079987391908455
v -0.0039984615390042146 0.054165738128892686 0.0036293241629385574
v -0.0039984615390042146 0.054372037249567115 0.003692102753382515
v -0.0039984615390042146 0.05592635498071442 0.00173273049354058
v -0.0039984615390042146 0.05526104795338429 0.0013763613168034745
v -0.0039984615390042146 0.05472869280798832 0.003930867545315977
v -0.0039984615390042146 0.06738696813597536 0.0029189269215241687
v -0.0039984615390042146 0.05456212018200261 0.003793921220965279
v -0.0039984615390042146 0.054865343903090696 0.004097678124213184
v -0.0039984615390042146 0.06755656569760317 0.0030583629038813975
v -0.0039984615390042146 0.055029238045422875 0.004494350749958678
v -0.0039984615390042146 0.06775010942463411 0.0031620330735240092
v -0.0039984615390042146 0.05496682453341848 0.004287943595868459
v -0.0039984615390042146 0.05643358676900417 0.0017331781104411277
v -0.0039984615390042146 0.055682545913020035 0.0016585379631709495
v -0.0039984615390042146 0.06714449644746265 0.002555358854306939
v -0.0039984615390042146 0.05667752249656534 0.001659415967504872
v -0.0039984615390042146 0.06724782854701965 0.0027490830250819225
v -0.0039984615390042146 0.06705962688613495 0.0021266783023356915
v -0.0039984615390042146 0.05690238101301426 0.0015394815300966856
v -0.0039984615390042146 0.07413254481551355 0.002505329138248623
v -0.0039984615390042146 0.06860732105130733 0.003162789540265169
v -0.0039984615390042146 0.06839716252998611 0.0032263381016272605
v -0.0039984615390042146 0.08448755516946135 0.00251296412051274
v -0.0039984615390042146 0.06708095044723757 0.002345198237509968
v -0.0039984615390042146 0.07391404909472558 0.002483615585828239
v -0.0039984615390042146 0.06897088702304884 0.0029203246038409375
v -0.0039984615390042146 0.06880104359226787 0.0030594611659983725
v -0.0039984615390042146 0.07370400978269073 0.0024196958924300105
v -0.0039984615390042146 0.06911032463522052 0.0027507265765518664
v -0.0039984615390042146 0.06921398456031508 0.0025571849449966644
v -0.0039984615390042146 0.07435105543746233 0.0024840011533638993
v -0.0039984615390042146 0.07456122140936397 0.0024204523591711703
v -0.0039984615390042146 0.07351046605565979 0.0023160259556180363
v -0.0039984615390042146 0.06927791054014053 0.0023471370182282314
v -0.0039984615390042146 0.073340868494032 0.0021765899732608075
v -0.0039984615390042146 0.08492865933141769 0.002415105636412169
v -0.0039984615390042146 0.08534360450559232 0.0022363063751606794
v -0.0039984615390042146 0.08008643772298979 0.0017629920735699432
v -0.0039984615390042146 0.07475494395032449 0.0023171239849043737
v -0.0039984615390042146 0.06927829797032128 0.0019101347500276315
v -0.0039984615390042146 0.0692996289820043 0.0021286548016172264
v -0.0039984615390042146 0.07320173635565667 0.0020067460768185613
v -0.0039984615390042146 0.07986796435394301 0.0017412786375648778
v -0.0039984615390042146 0.07492479483168586 0.0021779876555775763
v -0.0039984615390042146 0.07506422499327715 0.002008389628288505
v -0.0039984615390042146 0.06708133787741832 0.0019081960857246867
v -0.0039984615390042146 0.06714525640666337 0.0016981481589562536
v -0.0039984615390042146 0.05709952709566823 0.001377983680685408
v -0.0039984615390042146 0.0691114273211196 0.001506249846040358
v -0.0039984615390042146 0.0692147445195158 0.0016999742496459787
v -0.0039984615390042146 0.0730348582558746 0.0016028612892466066
v -0.0039984615390042146 0.07309841170668008 0.0018130215567976218
v -0.0039984615390042146 0.07965791014074736 0.0016773589441666495
v -0.0039984615390042146 0.08030495579551897 0.0017416643215158569
v -0.0039984615390042146 0.08070883685780073 0.0015747870366410125
v -0.0039984615390042146 0.08571769069685753 0.0019829037538797328
v -0.0039984615390042146 0.0805151217674206 0.0016781154109078093
v -0.0039984615390042146 0.07516789981953251 0.0018148477639026658
v -0.0039984615390042146 0.07946436641371642 0.0015736888909393565
v -0.0039984615390042146 0.07523181089819715 0.0016047999535495515
v -0.0039984615390042146 0.07929477630266903 0.0014342529085821275
v -0.0039984615390042146 0.0860376484215223 0.001663878399502739
v -0.0039984615390042146 0.08087868773916208 0.0014356505908988966
v -0.0039984615390042146 0.06724893123291874 0.0015046062945704144
v -0.0039984615390042146 0.057261368603100424 0.001181128869158921
v -0.0039984615390042146 0.06738836884509042 0.0013350083836966616
v -0.0039984615390042146 0.05738170292712848 0.0009564821703824393
v -0.0039984615390042146 0.067558204825291 0.0011958718215392269
v -0.0039984615390042146 0.05745589208145386 0.0007126764787323016
v -0.0039984615390042146 0.05509954917265046 0.0011792212877460794
v -0.0039984615390042146 0.05497961345467377 0.0009543625384665162
v -0.0039984615390042146 0.05490585270872134 0.0007104262870364138
v -0.0039984615390042146 0.057481093669654273 0.0004590812192026733
v -0.0039984615390042146 0.06775193481683192 0.001092543563687749
v -0.0039984615390042146 0.057456339116277816 0.000205441852819158
v -0.0039984615390042146 0.06796209333815315 0.0010289946530797015
v -0.0039984615390042146 0.0730991642153004 0.0009558111524852332
v -0.0039984615390042146 0.0688026827199557 0.001196969967240883
v -0.0039984615390042146 0.07303523823547496 0.0011658590210460067
v -0.0039984615390042146 0.06897228773216389 0.001336405949598112
v -0.0039984615390042146 0.07301351979361119 0.0013843412376570118
v -0.0039984615390042146 0.06860914644350515 0.001093300030428909
v -0.0039984615390042146 0.06818061141068232 0.001007666901025615
v -0.0039984615390042146 0.057101147596905065 -0.00046049322060364714
v -0.0039984615390042146 0.07351211263392803 0.0004535348150682065
v -0.0039984615390042146 0.0683990996808899 0.0010293802206153618
v -0.0039984615390042146 0.07334226175256665 0.0005926713190179819
v -0.0039984615390042146 0.07320283159097536 0.0007622692880993938
v -0.0039984615390042146 0.05490629974354529 0.00020319167567518502
v -0.0039984615390042146 0.054764407165132055 -0.0002857020805686493
v -0.0039984615390042146 0.05488109443005468 0.00045678693520481337
v -0.0039984615390042146 0.05498048889787068 -4.0614005061016494e-05
v -0.0039984615390042146 0.05510082322189873 -0.00026526071475143443
v -0.0039984615390042146 0.055262668454621126 -0.0004621155262779213
v -0.0039984615390042146 0.05500514659370195 -0.0006270291466601217
v -0.0039984615390042146 0.05545980708669469 -0.0006236133465853692
v -0.0039984615390042146 0.05568466560314362 -0.0007435477839935556
v -0.0039984615390042146 0.055326024465046024 -0.0008944178461265988
v -0.0039984615390042146 0.055928605055994986 -0.0008173100433451301
v -0.0039984615390042146 0.05570517705098271 -0.0010696459510604799
v -0.0039984615390042146 0.05618224143923596 -0.0008420653534211616
v -0.0039984615390042146 0.05726264265234869 -0.000263353104234763
v -0.0039984615390042146 0.057382578370325385 -3.8494369507114665e-05
v -0.0039984615390042146 0.07370583517488855 0.00035020661542438787
v -0.0039984615390042146 0.056904288361596465 -0.0006223387152605063
v -0.0039984615390042146 0.05611675828810708 -0.0011407718691039124
v -0.0039984615390042146 0.05643584056957494 -0.0008168624846522416
v -0.0039984615390042146 0.05667964218668892 -0.0007426697796596332
v -0.0039984615390042146 0.07391598624562938 0.00028665758840102154
v -0.0039984615390042146 0.07898875116335083 0.0008605241663602675
v -0.0039984615390042146 0.07506532022859584 0.0007639127813616783
v -0.0039984615390042146 0.07516865232815284 0.0009576373013826177
v -0.0039984615390042146 0.07523219832837791 0.0011677976853489516
v -0.0039984615390042146 0.07905230461415631 0.0010706846085342609
v -0.0039984615390042146 0.0791556367137133 0.0012644091285552
v -0.0039984615390042146 0.07525352188948052 0.0013863177369385464
v -0.0039984615390042146 0.07896743505282862 0.0006420041729783319
v -0.0039984615390042146 0.07492618809022052 0.0005940690013347509
v -0.0039984615390042146 0.07456304680156178 0.00035096302395788833
v -0.0039984615390042146 0.07475659052859272 0.00045463296076986255
v -0.0039984615390042146 0.07905305712277663 0.00021347410235846815
v -0.0039984615390042146 0.07898913859353159 0.000423522043678816
v -0.0039984615390042146 0.08629213789621898 0.001290537848354044
v -0.0039984615390042146 0.08101812535133378 0.0012660525636098252
v -0.0039984615390042146 0.08112179272700874 0.0010725108156393046
v -0.0039984615390042146 0.08647215136924491 0.0008761142730150302
v -0.0039984615390042146 0.08118571125625379 0.0008624628306632123
v -0.0039984615390042146 0.08657130369319793 0.0004352960561853453
v -0.0039984615390042146 0.08120742969811756 0.0006439807886751853
v -0.0039984615390042146 0.08118609123585414 0.00042546067887793115
v -0.0039984615390042146 0.08112254523562906 0.00021530025125585263
v -0.0039984615390042146 0.07915673194903199 1.993230891321369e-05
v -0.0039984615390042146 0.07435299258836614 0.0002870432141443414
v -0.0039984615390042146 0.07929616956120368 -0.0001496656729011238
v -0.0039984615390042146 0.07946601299198465 -0.000288802191402814
v -0.0039984615390042146 0.07965973553294517 -0.000392130449254292
v -0.0039984615390042146 0.07413451921931935 0.0002653299236584242
v -0.0039984615390042146 0.07986990150484681 -0.00045567938896616924
v -0.0039984615390042146 0.08409411237031893 -0.0022666556159250525
v -0.0039984615390042146 0.08008841212679559 -0.00047700711191642594
v -0.0039984615390042146 0.08636338034599647 -0.0008879467842192253
v -0.0039984615390042146 0.08030690039700317 -0.00045529376322284946
v -0.0039984615390042146 0.08051694715961841 -0.0003913740407207915
v -0.0039984615390042146 0.08071048343606894 -0.00028770404570115793
v -0.0039984615390042146 0.08651593843025121 -0.00046264722414242766
v -0.0039984615390042146 0.08088008099769675 -0.0001482680196881844
v -0.0039984615390042146 0.08101922058665247 2.1575793080551385e-05
v -0.0039984615390042146 0.08658607074354922 -1.6293024168292413e-05
v -0.0039984615390042146 0.08613382796389603 -0.0012771173739946024
v -0.0039984615390042146 0.08419273570306361 -0.0022685955607965034
v -0.0039984615390042146 0.08464252724176546 -0.002225666946350571
v -0.0039984615390042146 0.08507629258202855 -0.002099197535025024
v -0.0039984615390042146 0.08583539496600465 -0.0016163661647121334
v -0.0039984615390042146 0.08547866862706965 -0.0018936692001759587
v -0.003198461289402246 0.08537152183034825 -0.0028427312327650124
v -0.0039984615390042146 0.08464252724176546 -0.002225666946350571
v -0.0039984615390042146 0.08507629258202855 -0.002099197535025024
v -0.0039984615390042146 0.08547866862706965 -0.0018936692001759587
v -0.003198461289402246 0.08590802322373639 -0.0025686932977458336
v -0.003198461289402246 0.0847931630762772 -0.0030113574249732585
v -0.0039984615390042146 0.08636338034599647 -0.0008879467842192253
v -0.003198461289402246 0.08708765126660614 -0.0012277301540804014
v -0.0039984615390042146 0.08613382796389603 -0.0012771173739946024
v -0.003198461289402246 0.08678156652264475 -0.0017466243125860105
v -0.0039984615390042146 0.08583539496600465 -0.0016163661647121334
v -0.0039984615390042146 0.08651593843025121 -0.00046264722414242766
v -0.003198461289402246 0.08729103721034448 -0.0006606642097958765
v -0.003198461289402246 0.08638366082584319 -0.002198956149958037
v -0.003198461289402246 0.08738455689551568 -6.552517705894476e-05
v -0.0039984615390042146 0.08658607074354922 -1.6293024168292413e-05
v -0.003198461289402246 0.08665332713281311 0.0021747033466053387
v -0.0039984615390042146 0.08629213789621898 0.001290537848354044
v -0.0039984615390042146 0.0860376484215223 0.001663878399502739
v -0.003198461289402246 0.0869926489159355 0.0016769158674635324
v -0.0039984615390042146 0.08647215136924491 0.0008761142730150302
v -0.0039984615390042146 0.08492865933141769 0.002415105636412169
v -0.0039984615390042146 0.08571769069685753 0.0019829037538797328
v -0.003198461289402246 0.0862267143497333 0.0026000702529440263
v -0.003198461289402246 0.08517467004562006 0.0031763398177050033
v -0.0039984615390042146 0.08534360450559232 0.0022363063751606794
v -0.003198461289402246 0.08572793524490648 0.0029379408027030173
v -0.003198461289402246 0.0873648575609401 0.000536593536112927
v -0.0039984615390042146 0.08657130369319793 0.0004352960561853453
v -0.003198461289402246 0.08723266191291647 0.0011243512555652725
v 0.004001538628709099 0.0853544078471712 0.0022303547584055154
v 0.0032015388447684053 0.0857423372168182 0.0029300054689165565
v 0.004001538628709099 0.0849345229381919 0.0024132020131201644
v 0.0032015388447684053 0.08518249315503924 0.003173801498095239
v 0.0032015388447684053 0.08624568352742974 0.0025843055233111564
v 0.004001538628709099 0.08573192130542007 0.0019710799156167835
v 0.0032015388447684053 0.08724760777719734 0.0010773456602418147
v 0.004001538628709099 0.08630685279250747 0.001263449284252205
v 0.004001538628709099 0.08648335704216535 0.0008408601638339259
v 0.004001538628709099 0.08605329464036068 0.0016448180686117137
v 0.0032015388447684053 0.08667418875793098 0.002149289649694184
v 0.0032015388447684053 0.08701226629412669 0.0016407978984097325
v 0.0032015388447684053 0.08737163758910341 0.0004794495926150394
v 0.004001538628709099 0.08657638498903021 0.0003924380476302276
v 0.0032015388447684053 0.08737983322754256 -0.0001311197376478574
v 0.004001538628709099 0.08658253171785958 -6.548891368715785e-05
v 0.0032015388447684053 0.08727190411987924 -0.0007321300023623648
v 0.004001538628709099 0.08650158116182188 -0.0005162465831192087
v 0.0032015388447684053 0.08672747530894631 -0.0018190814397992126
v 0.004001538628709099 0.08633648375075523 -0.0009434219432268326
v 0.004001538628709099 0.08609325955362218 -0.0013314602776121633
v 0.0032015388447684053 0.08705176927140343 -0.0013016969551469988
v 0.004001538628709099 0.08541033190364787 -0.0019355482141081486
v 0.004001538628709099 0.08499551338934004 -0.002129601723819842
v 0.0032015388447684053 0.0852638087895165 -0.0028832703063785274
v 0.0032015388447684053 0.08631078669895827 -0.0022654444309489017
v 0.004001538628709099 0.08578073750819586 -0.0016662323172476224
v 0.004001538628709099 0.08455137684116121 -0.0022413271350272142
v 0.0032015388447684053 0.08467162920880487 -0.0030322369780502035
v 0.0032015388447684053 0.08581690262545374 -0.002624532371039816
v 0.0032015388447684053 0.08406194076415503 -0.0030660083635242006
v 0.004001538628709099 0.08409411237031893 -0.0022666556159250525
v 0.004001538628709099 0.052835377393966 0.005855689601201557
v 0.004001538628709099 0.05373463637112232 0.005786672080995789
v 0.004001538628709099 0.05316324018443436 0.006101092627440099
v 0.004001538628709099 0.0533382505927222 0.005622075255799704
v 0.004001538628709099 0.052580552643151354 0.0055350962488964804
v 0.004001538628709099 0.053528340975738095 0.005723893956213106
v 0.004001538628709099 0.05317168169202669 0.005485128931449008
v 0.004001538628709099 0.05303503059692432 0.005318317886890525
v 0.004001538628709099 0.052871136454592134 0.004921645261145031
v 0.004001538628709099 0.0524154515067945 0.005160316222331589
v 0.004001538628709099 0.05235090340350572 0.004755902909212564
v 0.004001538628709099 0.05285018914779968 0.004707027567454854
v 0.004001538628709099 0.052871516434192495 0.004492447126666674
v 0.004001538628709099 0.05293354624130633 0.005128052880896524
v 0.004001538628709099 0.05414814358327989 0.006295705047097054
v 0.004001538628709099 0.05394877722766695 0.006307997573433242
v 0.004001538628709099 0.05354265726597523 0.006255227906433108
v 0.004001538628709099 0.053949216811910505 0.005807997970404776
v 0.004001538628709099 0.05416383450560068 0.0057870511292736
v 0.004001538628709099 0.0543702453849811 0.00572463715160793
v 0.004001538628709099 0.05456050713134618 0.005623153727312494
v 0.004001538628709099 0.054727318175904656 0.005486501700887566
v 0.004001538628709099 0.06796015618724935 0.0032259525340915998
v 0.004001538628709099 0.05496608320066876 0.0051298461424663655
v 0.004001538628709099 0.055028861791112715 0.00492354935009831
v 0.004001538628709099 0.05486426729422301 0.005319931868869509
v 0.004001538628709099 0.06817862955629612 0.0032476660865119844
v 0.004001538628709099 0.052934287574056056 0.004286149868637343
v 0.004001538628709099 0.052391136537661594 0.004348351504761636
v 0.004001538628709099 0.05303610720579201 0.004096064142234199
v 0.004001538628709099 0.05253349850263998 0.0039643620951620145
v 0.004001538628709099 0.05317305632411035 0.003929494775877417
v 0.004001538628709099 0.053339863643378636 0.00379284274945249
v 0.004001538628709099 0.05353013284032411 0.0036913597908183288
v 0.004001538628709099 0.05545789973811249 0.0015382068987718227
v 0.004001538628709099 0.05373653999441433 0.0036289453474913835
v 0.004001538628709099 0.054165738128892686 0.0036293241629385574
v 0.004001538628709099 0.053951157688104504 0.0036079987391908455
v 0.004001538628709099 0.05617995038576319 0.0017579335951401374
v 0.004001538628709099 0.054372037249567115 0.003692102753382515
v 0.004001538628709099 0.05592635498071442 0.00173273049354058
v 0.004001538628709099 0.05526104795338429 0.0013763613168034745
v 0.004001538628709099 0.06738696813597536 0.0029189269215241687
v 0.004001538628709099 0.05472869280798832 0.003930867545315977
v 0.004001538628709099 0.05456212018200261 0.003793921220965279
v 0.004001538628709099 0.06755656569760317 0.0030583629038813975
v 0.004001538628709099 0.054865343903090696 0.004097678124213184
v 0.004001538628709099 0.06775010942463411 0.0031620330735240092
v 0.004001538628709099 0.055029238045422875 0.004494350749958678
v 0.004001538628709099 0.05496682453341848 0.004287943595868459
v 0.004001538628709099 0.05505018535221533 0.00470896890931013
v 0.004001538628709099 0.055682545913020035 0.0016585379631709495
v 0.004001538628709099 0.06724782854701965 0.0027490830250819225
v 0.004001538628709099 0.05643358676900417 0.0017331781104411277
v 0.004001538628709099 0.05690238101301426 0.0015394815300966856
v 0.004001538628709099 0.06705962688613495 0.0021266783023356915
v 0.004001538628709099 0.05667752249656534 0.001659415967504872
v 0.004001538628709099 0.06714449644746265 0.002555358854306939
v 0.004001538628709099 0.06839716252998611 0.0032263381016272605
v 0.004001538628709099 0.06860732105130733 0.003162789540265169
v 0.004001538628709099 0.07413254481551355 0.002505329138248623
v 0.004001538628709099 0.08448755516946135 0.00251296412051274
v 0.004001538628709099 0.06708095044723757 0.002345198237509968
v 0.004001538628709099 0.06880104359226787 0.0030594611659983725
v 0.004001538628709099 0.06897088702304884 0.0029203246038409375
v 0.004001538628709099 0.07391404909472558 0.002483615585828239
v 0.004001538628709099 0.06911032463522052 0.0027507265765518664
v 0.004001538628709099 0.07370400978269073 0.0024196958924300105
v 0.004001538628709099 0.06921398456031508 0.0025571849449966644
v 0.004001538628709099 0.07435105543746233 0.0024840011533638993
v 0.004001538628709099 0.07456122140936397 0.0024204523591711703
v 0.004001538628709099 0.07351046605565979 0.0023160259556180363
v 0.004001538628709099 0.06927791054014053 0.0023471370182282314
v 0.004001538628709099 0.073340868494032 0.0021765899732608075
v 0.004001538628709099 0.0853544078471712 0.0022303547584055154
v 0.004001538628709099 0.0849345229381919 0.0024132020131201644
v 0.004001538628709099 0.07475494395032449 0.0023171239849043737
v 0.004001538628709099 0.08008643772298979 0.0017629920735699432
v 0.004001538628709099 0.07320173635565667 0.0020067460768185613
v 0.004001538628709099 0.0692996289820043 0.0021286548016172264
v 0.004001538628709099 0.06927829797032128 0.0019101347500276315
v 0.004001538628709099 0.07492479483168586 0.0021779876555775763
v 0.004001538628709099 0.07986796435394301 0.0017412786375648778
v 0.004001538628709099 0.07506422499327715 0.002008389628288505
v 0.004001538628709099 0.05709952709566823 0.001377983680685408
v 0.004001538628709099 0.06714525640666337 0.0016981481589562536
v 0.004001538628709099 0.06708133787741832 0.0019081960857246867
v 0.004001538628709099 0.0730348582558746 0.0016028612892466066
v 0.004001538628709099 0.0692147445195158 0.0016999742496459787
v 0.004001538628709099 0.0691114273211196 0.001506249846040358
v 0.004001538628709099 0.07309841170668008 0.0018130215567976218
v 0.004001538628709099 0.07965791014074736 0.0016773589441666495
v 0.004001538628709099 0.08030495579551897 0.0017416643215158569
v 0.004001538628709099 0.08573192130542007 0.0019710799156167835
v 0.004001538628709099 0.08070883685780073 0.0015747870366410125
v 0.004001538628709099 0.0805151217674206 0.0016781154109078093
v 0.004001538628709099 0.07516789981953251 0.0018148477639026658
v 0.004001538628709099 0.07946436641371642 0.0015736888909393565
v 0.004001538628709099 0.07523181089819715 0.0016047999535495515
v 0.004001538628709099 0.07929477630266903 0.0014342529085821275
v 0.004001538628709099 0.08087868773916208 0.0014356505908988966
v 0.004001538628709099 0.08605329464036068 0.0016448180686117137
v 0.004001538628709099 0.057261368603100424 0.001181128869158921
v 0.004001538628709099 0.06724893123291874 0.0015046062945704144
v 0.004001538628709099 0.05738170292712848 0.0009564821703824393
v 0.004001538628709099 0.06738836884509042 0.0013350083836966616
v 0.004001538628709099 0.05745589208145386 0.0007126764787323016
v 0.004001538628709099 0.067558204825291 0.0011958718215392269
v 0.004001538628709099 0.05497961345467377 0.0009543625384665162
v 0.004001538628709099 0.05509954917265046 0.0011792212877460794
v 0.004001538628709099 0.05490585270872134 0.0007104262870364138
v 0.004001538628709099 0.06775193481683192 0.001092543563687749
v 0.004001538628709099 0.057481093669654273 0.0004590812192026733
v 0.004001538628709099 0.07303523823547496 0.0011658590210460067
v 0.004001538628709099 0.0688026827199557 0.001196969967240883
v 0.004001538628709099 0.0730991642153004 0.0009558111524852332
v 0.004001538628709099 0.06897228773216389 0.001336405949598112
v 0.004001538628709099 0.07301351979361119 0.0013843412376570118
v 0.004001538628709099 0.057101147596905065 -0.00046049322060364714
v 0.004001538628709099 0.06818061141068232 0.001007666901025615
v 0.004001538628709099 0.06796209333815315 0.0010289946530797015
v 0.004001538628709099 0.07320283159097536 0.0007622692880993938
v 0.004001538628709099 0.0683990996808899 0.0010293802206153618
v 0.004001538628709099 0.07334226175256665 0.0005926713190179819
v 0.004001538628709099 0.06860914644350515 0.001093300030428909
v 0.004001538628709099 0.07351211263392803 0.0004535348150682065
v 0.004001538628709099 0.057456339116277816 0.000205441852819158
v 0.004001538628709099 0.05488109443005468 0.00045678693520481337
v 0.004001538628709099 0.054764407165132055 -0.0002857020805686493
v 0.004001538628709099 0.05490629974354529 0.00020319167567518502
v 0.004001538628709099 0.05498048889787068 -4.0614005061016494e-05
v 0.004001538628709099 0.05510082322189873 -0.00026526071475143443
v 0.004001538628709099 0.055262668454621126 -0.0004621155262779213
v 0.004001538628709099 0.05500514659370195 -0.0006270291466601217
v 0.004001538628709099 0.05568466560314362 -0.0007435477839935556
v 0.004001538628709099 0.05545980708669469 -0.0006236133465853692
v 0.004001538628709099 0.055326024465046024 -0.0008944178461265988
v 0.004001538628709099 0.055928605055994986 -0.0008173100433451301
v 0.004001538628709099 0.05570517705098271 -0.0010696459510604799
v 0.004001538628709099 0.05618224143923596 -0.0008420653534211616
v 0.004001538628709099 0.05726264265234869 -0.000263353104234763
v 0.004001538628709099 0.057382578370325385 -3.8494369507114665e-05
v 0.004001538628709099 0.056904288361596465 -0.0006223387152605063
v 0.004001538628709099 0.05643584056957494 -0.0008168624846522416
v 0.004001538628709099 0.05611675828810708 -0.0011407718691039124
v 0.004001538628709099 0.05667964218668892 -0.0007426697796596332
v 0.004001538628709099 0.07391598624562938 0.00028665758840102154
v 0.004001538628709099 0.07370583517488855 0.00035020661542438787
v 0.004001538628709099 0.07516865232815284 0.0009576373013826177
v 0.004001538628709099 0.07506532022859584 0.0007639127813616783
v 0.004001538628709099 0.07898875116335083 0.0008605241663602675
v 0.004001538628709099 0.07905230461415631 0.0010706846085342609
v 0.004001538628709099 0.07523219832837791 0.0011677976853489516
v 0.004001538628709099 0.07525352188948052 0.0013863177369385464
v 0.004001538628709099 0.0791556367137133 0.0012644091285552
v 0.004001538628709099 0.07896743505282862 0.0006420041729783319
v 0.004001538628709099 0.07492618809022052 0.0005940690013347509
v 0.004001538628709099 0.07905305712277663 0.00021347410235846815
v 0.004001538628709099 0.07475659052859272 0.00045463296076986255
v 0.004001538628709099 0.07456304680156178 0.00035096302395788833
v 0.004001538628709099 0.07898913859353159 0.000423522043678816
v 0.004001538628709099 0.08101812535133378 0.0012660525636098252
v 0.004001538628709099 0.08630685279250747 0.001263449284252205
v 0.004001538628709099 0.08112179272700874 0.0010725108156393046
v 0.004001538628709099 0.08118571125625379 0.0008624628306632123
v 0.004001538628709099 0.08648335704216535 0.0008408601638339259
v 0.004001538628709099 0.08120742969811756 0.0006439807886751853
v 0.004001538628709099 0.08657638498903021 0.0003924380476302276
v 0.004001538628709099 0.08118609123585414 0.00042546067887793115
v 0.004001538628709099 0.08112254523562906 0.00021530025125585263
v 0.004001538628709099 0.07435299258836614 0.0002870432141443414
v 0.004001538628709099 0.07915673194903199 1.993230891321369e-05
v 0.004001538628709099 0.07413451921931935 0.0002653299236584242
v 0.004001538628709099 0.07946601299198465 -0.000288802191402814
v 0.004001538628709099 0.07965973553294517 -0.000392130449254292
v 0.004001538628709099 0.07929616956120368 -0.0001496656729011238
v 0.004001538628709099 0.07986990150484681 -0.00045567938896616924
v 0.004001538628709099 0.08409411237031893 -0.0022666556159250525
v 0.004001538628709099 0.08008841212679559 -0.00047700711191642594
v 0.004001538628709099 0.08051694715961841 -0.0003913740407207915
v 0.004001538628709099 0.08030690039700317 -0.00045529376322284946
v 0.004001538628709099 0.08633648375075523 -0.0009434219432268326
v 0.004001538628709099 0.08071048343606894 -0.00028770404570115793
v 0.004001538628709099 0.08101922058665247 2.1575793080551385e-05
v 0.004001538628709099 0.08088008099769675 -0.0001482680196881844
v 0.004001538628709099 0.08658253171785958 -6.548891368715785e-05
v 0.004001538628709099 0.08650158116182188 -0.0005162465831192087
v 0.004001538628709099 0.08499551338934004 -0.002129601723819842
v 0.004001538628709099 0.08455137684116121 -0.0022413271350272142
v 0.004001538628709099 0.08541033190364787 -0.0019355482141081486
v 0.004001538628709099 0.08609325955362218 -0.0013314602776121633
v 0.004001538628709099 0.08578073750819586 -0.0016662323172476224
v -0.003198461289402246 0.054219836793171536 -0.0009253497455612559
v -0.003198461289402246 0.05405606558541594 -0.0006575201812827179
v -0.0039984615390042146 0.054764407165132055 -0.0002857020805686493
v -0.0039984615390042146 0.05500514659370195 -0.0006270291466601217
v -0.003198461289402246 0.05441717659091588 -0.001169510853179501
v -0.0039984615390042146 0.055326024465046024 -0.0008944178461265988
v -0.003198461289402246 0.05489849153528689 -0.0015705937568600678
v -0.003198461289402246 0.05464468751398694 -0.0013858258822168781
v -0.003198461289402246 0.0551742412411528 -0.0017206528698827817
v -0.0039984615390042146 0.05570517705098271 -0.0010696459510604799
v -0.003198461289402246 0.05577240736321522 -0.0019070127240097144
v -0.0039984615390042146 0.05611675828810708 -0.0011407718691039124
v -0.003198461289402246 0.05546721296361153 -0.0018334357978455709
v -0.003198461289402246 0.05608459413252358 -0.0019401249659490164
v 0.0032015388447684053 0.05577240736321522 -0.0019070127240097144
v 0.0032015388447684053 0.05608459413252358 -0.0019401249659490164
v 0.004001538628709099 0.05611675828810708 -0.0011407718691039124
v 0.004001538628709099 0.05570517705098271 -0.0010696459510604799
v 0.0032015388447684053 0.05546721296361153 -0.0018334357978455709
v 0.004001538628709099 0.055326024465046024 -0.0008944178461265988
v 0.0032015388447684053 0.05489849153528689 -0.0015705937568600678
v 0.0032015388447684053 0.0551742412411528 -0.0017206528698827817
v 0.0032015388447684053 0.05464468751398694 -0.0013858258822168781
v 0.004001538628709099 0.05500514659370195 -0.0006270291466601217
v 0.0032015388447684053 0.054219836793171536 -0.0009253497455612559
v 0.004001538628709099 0.054764407165132055 -0.0002857020805686493
v 0.0032015388447684053 0.05441717659091588 -0.001169510853179501
v 0.0032015388447684053 0.05405606558541594 -0.0006575201812827179
v -0.003978461387245017 0.08050747747193099 0.001659630986598581
v -0.003978461387245017 0.08030107404313096 0.001722045197094889
v -0.0039984615390042146 0.08030495579551897 0.0017416643215158569
v -0.0039984615390042146 0.0805151217674206 0.0016781154109078093
v -0.003978461387245017 0.08069774294358625 0.00155814802796442
v -0.003978461387245017 0.08100150310646309 0.001254926518767392
v -0.003978461387245017 0.08086455398814474 0.001421495885124174
v -0.0039984615390042146 0.08087868773916208 0.0014356505908988966
v -0.0039984615390042146 0.08101812535133378 0.0012660525636098252
v -0.003978461387245017 0.08110333018877944 0.001064840792364248
v -0.0039984615390042146 0.08070883685780073 0.0015747870366410125
v -0.003978461387245017 0.08116610132864299 0.0008585437671655551
v -0.0039984615390042146 0.08118571125625379 0.0008624628306632123
v -0.0039984615390042146 0.08120742969811756 0.0006439807886751853
v -0.0039984615390042146 0.08112179272700874 0.0010725108156393046
v -0.003978461387245017 0.08118743234032601 0.0006439630935467372
v -0.0039984615390042146 0.08101922058665247 2.1575793080551385e-05
v -0.003978461387245017 0.08100258344062097 3.267251945255623e-05
v -0.003978461387245017 0.08110406779623897 0.0002229376200340033
v -0.003978461387245017 0.08116648130824336 0.0004293451961297528
v -0.0039984615390042146 0.08112254523562906 0.00021530025125585263
v -0.003978461387245017 0.0808659323455186 -0.00013413832865507577
v -0.0039984615390042146 0.08088008099769675 -0.0001482680196881844
v -0.0039984615390042146 0.08051694715961841 -0.0003913740407207915
v -0.003978461387245017 0.0805092730618072 -0.0003729031787961963
v -0.003978461387245017 0.08069935971953289 -0.00027108444927896494
v -0.003978461387245017 0.08030297394113277 -0.0004356815364095167
v -0.0039984615390042146 0.08030690039700317 -0.00045529376322284946
v -0.0039984615390042146 0.08071048343606894 -0.00028770404570115793
v -0.0039984615390042146 0.08118609123585414 0.00042546067887793115
v -0.003978461387245017 0.06859968420639813 0.003144305115955941
v -0.003978461387245017 0.0683932658764373 0.003206719093621611
v -0.0039984615390042146 0.06839716252998611 0.0032263381016272605
v -0.0039984615390042146 0.06860732105130733 0.003162789540265169
v -0.003978461387245017 0.0687899496780534 0.0030428216916605047
v -0.003978461387245017 0.06909370984093023 0.002739600531709433
v -0.003978461387245017 0.06895675327203148 0.0029061696652355777
v -0.0039984615390042146 0.06897088702304884 0.0029203246038409375
v -0.0039984615390042146 0.06911032463522052 0.0027507265765518664
v -0.003978461387245017 0.06919551457150538 0.002549514805306289
v -0.0039984615390042146 0.06880104359226787 0.0030594611659983725
v -0.003978461387245017 0.06925830061252973 0.0023432175472769584
v -0.0039984615390042146 0.06927791054014053 0.0023471370182282314
v -0.0039984615390042146 0.0692996289820043 0.0021286548016172264
v -0.0039984615390042146 0.06921398456031508 0.0025571849449966644
v -0.003978461387245017 0.06927962417363234 0.0021286371064887784
v -0.0039984615390042146 0.0691114273211196 0.001506249846040358
v -0.003978461387245017 0.06909478272450771 0.0015173465542224695
v -0.003978461387245017 0.0691962596295453 0.0017076116766317887
v -0.003978461387245017 0.0692586731415497 0.001914019179967964
v -0.0039984615390042146 0.06927829797032128 0.0019101347500276315
v -0.003978461387245017 0.06895812417882494 0.001350535626079306
v -0.0039984615390042146 0.06897228773216389 0.001336405949598112
v -0.003978461387245017 0.06860147234569394 0.0011117708341458446
v -0.0039984615390042146 0.0683990996808899 0.0010293802206153618
v -0.003978461387245017 0.0683951732250195 0.0010489924765325243
v -0.003978461387245017 0.06879155900341963 0.0012135895345592464
v -0.0039984615390042146 0.06860914644350515 0.001093300030428909
v -0.0039984615390042146 0.0688026827199557 0.001196969967240883
v -0.0039984615390042146 0.0692147445195158 0.0016999742496459787
v -0.003978461387245017 0.07455358456445475 0.0024019679348619423
v -0.003978461387245017 0.07434718113565474 0.00246438214535825
v -0.0039984615390042146 0.07435105543746233 0.0024840011533638993
v -0.0039984615390042146 0.07456122140936397 0.0024204523591711703
v -0.003978461387245017 0.07474384258552963 0.0023004847433971435
v -0.003978461387245017 0.07504760274840645 0.001997263583446072
v -0.003978461387245017 0.07491065363008811 0.002163832949802854
v -0.0039984615390042146 0.07492479483168586 0.0021779876555775763
v -0.0039984615390042146 0.07506422499327715 0.002008389628288505
v -0.003978461387245017 0.07514942238014241 0.0018071778570429278
v -0.0039984615390042146 0.07475494395032449 0.0023171239849043737
v -0.0039984615390042146 0.07516789981953251 0.0018148477639026658
v -0.003978461387245017 0.07521220097058637 0.0016008807154289163
v -0.0039984615390042146 0.07523181089819715 0.0016047999535495515
v -0.003978461387245017 0.07523352453168898 0.001386300158225417
v -0.0039984615390042146 0.07525352188948052 0.0013863177369385464
v -0.0039984615390042146 0.07506532022859584 0.0007639127813616783
v -0.003978461387245017 0.07504868308256435 0.000775009547751449
v -0.003978461387245017 0.07515016743818233 0.000965274611953109
v -0.003978461387245017 0.07521258095018672 0.0011716821152892843
v -0.0039984615390042146 0.07516865232815284 0.0009576373013826177
v -0.003978461387245017 0.07491202453688157 0.0006081986778159448
v -0.0039984615390042146 0.07492618809022052 0.0005940690013347509
v -0.0039984615390042146 0.07456304680156178 0.00035096302395788833
v -0.003978461387245017 0.07455538015433097 0.0003694338567786539
v -0.003978461387245017 0.07474545936147627 0.00047125252808822584
v -0.003978461387245017 0.07434908103365653 0.0003066554700615038
v -0.0039984615390042146 0.07435299258836614 0.0002870432141443414
v -0.0039984615390042146 0.07475659052859272 0.00045463296076986255
v -0.0039984615390042146 0.07523219832837791 0.0011677976853489516
v 0.003981538476949901 0.0805092730618072 -0.0003729031787961963
v 0.003981538476949901 0.08030297394113277 -0.0004356815364095167
v 0.004001538628709099 0.08030690039700317 -0.00045529376322284946
v 0.004001538628709099 0.08051694715961841 -0.0003913740407207915
v 0.003981538476949901 0.08069935971953289 -0.00027108444927896494
v 0.003981538476949901 0.08100258344062097 3.267251945255623e-05
v 0.003981538476949901 0.0808659323455186 -0.00013413832865507577
v 0.004001538628709099 0.08088008099769675 -0.0001482680196881844
v 0.004001538628709099 0.08101922058665247 2.1575793080551385e-05
v 0.003981538476949901 0.08110406779623897 0.0002229376200340033
v 0.004001538628709099 0.08071048343606894 -0.00028770404570115793
v 0.004001538628709099 0.08112254523562906 0.00021530025125585263
v 0.003981538476949901 0.08116648130824336 0.0004293451961297528
v 0.004001538628709099 0.08118609123585414 0.00042546067887793115
v 0.003981538476949901 0.08118743234032601 0.0006439630935467372
v 0.004001538628709099 0.08120742969811756 0.0006439807886751853
v 0.004001538628709099 0.08101812535133378 0.0012660525636098252
v 0.003981538476949901 0.08100150310646309 0.001254926518767392
v 0.003981538476949901 0.08110333018877944 0.001064840792364248
v 0.003981538476949901 0.08116610132864299 0.0008585437671655551
v 0.004001538628709099 0.08112179272700874 0.0010725108156393046
v 0.003981538476949901 0.08086455398814474 0.001421495885124174
v 0.004001538628709099 0.08087868773916208 0.0014356505908988966
v 0.004001538628709099 0.0805151217674206 0.0016781154109078093
v 0.003981538476949901 0.08050747747193099 0.001659630986598581
v 0.003981538476949901 0.08069774294358625 0.00155814802796442
v 0.003981538476949901 0.08030107404313096 0.001722045197094889
v 0.004001538628709099 0.08030495579551897 0.0017416643215158569
v 0.004001538628709099 0.08070883685780073 0.0015747870366410125
v 0.004001538628709099 0.08118571125625379 0.0008624628306632123
v 0.003981538476949901 0.06860147234569394 0.0011117708341458446
v 0.003981538476949901 0.0683951732250195 0.0010489924765325243
v 0.004001538628709099 0.0683990996808899 0.0010293802206153618
v 0.004001538628709099 0.0688026827199557 0.001196969967240883
v 0.003981538476949901 0.06879155900341963 0.0012135895345592464
v 0.003981538476949901 0.06909478272450771 0.0015173465542224695
v 0.003981538476949901 0.06895812417882494 0.001350535626079306
v 0.004001538628709099 0.06897228773216389 0.001336405949598112
v 0.004001538628709099 0.0691114273211196 0.001506249846040358
v 0.003981538476949901 0.0691962596295453 0.0017076116766317887
v 0.004001538628709099 0.06860914644350515 0.001093300030428909
v 0.004001538628709099 0.0692147445195158 0.0016999742496459787
v 0.003981538476949901 0.0692586731415497 0.001914019179967964
v 0.004001538628709099 0.06927829797032128 0.0019101347500276315
v 0.004001538628709099 0.0692996289820043 0.0021286548016172264
v 0.003981538476949901 0.06927962417363234 0.0021286371064887784
v 0.004001538628709099 0.06911032463522052 0.0027507265765518664
v 0.003981538476949901 0.06909370984093023 0.002739600531709433
v 0.003981538476949901 0.06919551457150538 0.002549514805306289
v 0.003981538476949901 0.06925830061252973 0.0023432175472769584
v 0.004001538628709099 0.06921398456031508 0.0025571849449966644
v 0.003981538476949901 0.06895675327203148 0.0029061696652355777
v 0.004001538628709099 0.06897088702304884 0.0029203246038409375
v 0.004001538628709099 0.06880104359226787 0.0030594611659983725
v 0.003981538476949901 0.06859968420639813 0.003144305115955941
v 0.003981538476949901 0.0687899496780534 0.0030428216916605047
v 0.003981538476949901 0.0683932658764373 0.003206719093621611
v 0.004001538628709099 0.06839716252998611 0.0032263381016272605
v 0.004001538628709099 0.06927791054014053 0.0023471370182282314
v 0.004001538628709099 0.06860732105130733 0.003162789540265169
v 0.003981538476949901 0.07455538015433097 0.0003694338567786539
v 0.003981538476949901 0.07434908103365653 0.0003066554700615038
v 0.004001538628709099 0.07456304680156178 0.00035096302395788833
v 0.004001538628709099 0.07475659052859272 0.00045463296076986255
v 0.003981538476949901 0.07474545936147627 0.00047125252808822584
v 0.004001538628709099 0.07435299258836614 0.0002870432141443414
v 0.003981538476949901 0.07504868308256435 0.000775009547751449
v 0.003981538476949901 0.07491202453688157 0.0006081986778159448
v 0.004001538628709099 0.07492618809022052 0.0005940690013347509
v 0.004001538628709099 0.07506532022859584 0.0007639127813616783
v 0.003981538476949901 0.07515016743818233 0.000965274611953109
v 0.004001538628709099 0.07516865232815284 0.0009576373013826177
v 0.004001538628709099 0.07523219832837791 0.0011677976853489516
v 0.004001538628709099 0.07525352188948052 0.0013863177369385464
v 0.003981538476949901 0.07521258095018672 0.0011716821152892843
v 0.003981538476949901 0.07523352453168898 0.001386300158225417
v 0.004001538628709099 0.07506422499327715 0.002008389628288505
v 0.003981538476949901 0.07504760274840645 0.001997263583446072
v 0.003981538476949901 0.07514942238014241 0.0018071778570429278
v 0.003981538476949901 0.07521220097058637 0.0016008807154289163
v 0.004001538628709099 0.07516789981953251 0.0018148477639026658
v 0.003981538476949901 0.07491065363008811 0.002163832949802854
v 0.004001538628709099 0.07492479483168586 0.0021779876555775763
v 0.003981538476949901 0.07455358456445475 0.0024019679348619423
v 0.004001538628709099 0.07456122140936397 0.0024204523591711703
v 0.003981538476949901 0.07434718113565474 0.00246438214535825
v 0.003981538476949901 0.07474384258552963 0.0023004847433971435
v 0.004001538628709099 0.07475494395032449 0.0023171239849043737
v 0.004001538628709099 0.07435105543746233 0.0024840011533638993
v 0.004001538628709099 0.07523181089819715 0.0016047999535495515
v 0.004001538628709099 0.054165738128892686 0.0036293241629385574
v 0.0018015386990032564 0.054165738128892686 0.0036293241629385574
v 0.004001538628709099 0.05456212018200261 0.003793921220965279
v 0.0018015386990032564 0.05456212018200261 0.003793921220965279
v 0.0018015386990032564 0.054372037249567115 0.003692102753382515
v 0.004001538628709099 0.054372037249567115 0.003692102753382515
v 0.004001538628709099 0.054865343903090696 0.004097678124213184
v 0.0018015386990032564 0.054865343903090696 0.004097678124213184
v 0.0018015386990032564 0.05472869280798832 0.003930867545315977
v 0.004001538628709099 0.055029238045422875 0.004494350749958678
v 0.0018015386990032564 0.055029238045422875 0.004494350749958678
v 0.0018015386990032564 0.05496682453341848 0.004287943595868459
v 0.004001538628709099 0.05496682453341848 0.004287943595868459
v 0.004001538628709099 0.05472869280798832 0.003930867545315977
v 0.004001538628709099 0.05505018535221533 0.00470896890931013
v 0.0018015386990032564 0.05505018535221533 0.00470896890931013
v 0.004001538628709099 0.05496608320066876 0.0051298461424663655
v 0.0018015386990032564 0.05496608320066876 0.0051298461424663655
v 0.0018015386990032564 0.055028861791112715 0.00492354935009831
v 0.004001538628709099 0.054727318175904656 0.005486501700887566
v 0.0018015386990032564 0.054727318175904656 0.005486501700887566
v 0.0018015386990032564 0.05486426729422301 0.005319931868869509
v 0.004001538628709099 0.05486426729422301 0.005319931868869509
v 0.004001538628709099 0.0543702453849811 0.00572463715160793
v 0.0018015386990032564 0.0543702453849811 0.00572463715160793
v 0.0018015386990032564 0.05456050713134618 0.005623153727312494
v 0.0018015386990032564 0.05416383450560068 0.0057870511292736
v 0.004001538628709099 0.05416383450560068 0.0057870511292736
v 0.004001538628709099 0.05456050713134618 0.005623153727312494
v 0.004001538628709099 0.055028861791112715 0.00492354935009831
v 0.004001538628709099 0.05643584056957494 -0.0008168624846522416
v -0.0039984615390042146 0.05643584056957494 -0.0008168624846522416
v 0.004001538628709099 0.056904288361596465 -0.0006223387152605063
v -0.0039984615390042146 0.056904288361596465 -0.0006223387152605063
v -0.0039984615390042146 0.05667964218668892 -0.0007426697796596332
v 0.004001538628709099 0.05667964218668892 -0.0007426697796596332
v 0.004001538628709099 0.05726264265234869 -0.000263353104234763
v -0.0039984615390042146 0.05726264265234869 -0.000263353104234763
v -0.0039984615390042146 0.057101147596905065 -0.00046049322060364714
v 0.004001538628709099 0.057456339116277816 0.000205441852819158
v -0.0039984615390042146 0.057456339116277816 0.000205441852819158
v -0.0039984615390042146 0.057382578370325385 -3.8494369507114665e-05
v 0.004001538628709099 0.057481093669654273 0.0004590812192026733
v -0.0039984615390042146 0.057481093669654273 0.0004590812192026733
v 0.004001538628709099 0.057382578370325385 -3.8494369507114665e-05
v 0.004001538628709099 0.057101147596905065 -0.00046049322060364714
v 0.004001538628709099 0.05745589208145386 0.0007126764787323016
v -0.0039984615390042146 0.05745589208145386 0.0007126764787323016
v -0.0039984615390042146 0.057261368603100424 0.001181128869158921
v -0.0039984615390042146 0.05738170292712848 0.0009564821703824393
v 0.004001538628709099 0.057261368603100424 0.001181128869158921
v -0.0039984615390042146 0.05690238101301426 0.0015394815300966856
v -0.0039984615390042146 0.05709952709566823 0.001377983680685408
v 0.004001538628709099 0.05690238101301426 0.0015394815300966856
v 0.004001538628709099 0.05709952709566823 0.001377983680685408
v -0.0017984611436370973 0.05641742646011823 0.0017362719639519102
v -0.0039984615390042146 0.05643358676900417 0.0017331781104411277
v -0.0039984615390042146 0.05667752249656534 0.001659415967504872
v 0.004001538628709099 0.05667752249656534 0.001659415967504872
v 0.0018015386990032564 0.05641742646011823 0.0017362719639519102
v 0.004001538628709099 0.05738170292712848 0.0009564821703824393
v 0.004001538628709099 0.05643358676900417 0.0017331781104411277
v -0.0017984611436370973 0.054165738128892686 0.0036293241629385574
v -0.0039984615390042146 0.054165738128892686 0.0036293241629385574
v -0.0017984611436370973 0.05456212018200261 0.003793921220965279
v -0.0039984615390042146 0.05456212018200261 0.003793921220965279
v -0.0039984615390042146 0.054372037249567115 0.003692102753382515
v -0.0017984611436370973 0.054372037249567115 0.003692102753382515
v -0.0017984611436370973 0.054865343903090696 0.004097678124213184
v -0.0039984615390042146 0.054865343903090696 0.004097678124213184
v -0.0039984615390042146 0.05472869280798832 0.003930867545315977
v -0.0017984611436370973 0.055029238045422875 0.004494350749958678
v -0.0039984615390042146 0.055029238045422875 0.004494350749958678
v -0.0039984615390042146 0.05496682453341848 0.004287943595868459
v -0.0017984611436370973 0.05496682453341848 0.004287943595868459
v -0.0017984611436370973 0.05472869280798832 0.003930867545315977
v -0.0017984611436370973 0.05505018535221533 0.00470896890931013
v -0.0039984615390042146 0.05505018535221533 0.00470896890931013
v -0.0017984611436370973 0.05496608320066876 0.0051298461424663655
v -0.0039984615390042146 0.05496608320066876 0.0051298461424663655
v -0.0039984615390042146 0.055028861791112715 0.00492354935009831
v -0.0017984611436370973 0.054727318175904656 0.005486501700887566
v -0.0039984615390042146 0.054727318175904656 0.005486501700887566
v -0.0039984615390042146 0.05486426729422301 0.005319931868869509
v -0.0017984611436370973 0.05486426729422301 0.005319931868869509
v -0.0017984611436370973 0.0543702453849811 0.00572463715160793
v -0.0039984615390042146 0.0543702453849811 0.00572463715160793
v -0.0039984615390042146 0.05456050713134618 0.005623153727312494
v -0.0039984615390042146 0.05416383450560068 0.0057870511292736
v -0.0017984611436370973 0.05416383450560068 0.0057870511292736
v -0.0017984611436370973 0.05456050713134618 0.005623153727312494
v -0.0017984611436370973 0.055028861791112715 0.00492354935009831
v -0.003978461387245017 0.08030297394113277 -0.0004356815364095167
v 0.003981538476949901 0.08069935971953289 -0.00027108444927896494
v -0.003978461387245017 0.08069935971953289 -0.00027108444927896494
v -0.003978461387245017 0.0805092730618072 -0.0003729031787961963
v 0.003981538476949901 0.08030297394113277 -0.0004356815364095167
v 0.003981538476949901 0.0808659323455186 -0.00013413832865507577
v -0.003978461387245017 0.08100258344062097 3.267251945255623e-05
v -0.003978461387245017 0.0808659323455186 -0.00013413832865507577
v 0.003981538476949901 0.08116648130824336 0.0004293451961297528
v -0.003978461387245017 0.08116648130824336 0.0004293451961297528
v -0.003978461387245017 0.08110406779623897 0.0002229376200340033
v 0.003981538476949901 0.08110406779623897 0.0002229376200340033
v 0.003981538476949901 0.0805092730618072 -0.0003729031787961963
v 0.003981538476949901 0.08100258344062097 3.267251945255623e-05
v 0.003981538476949901 0.08118743234032601 0.0006439630935467372
v -0.003978461387245017 0.08118743234032601 0.0006439630935467372
v 0.003981538476949901 0.08110333018877944 0.001064840792364248
v -0.003978461387245017 0.08110333018877944 0.001064840792364248
v -0.003978461387245017 0.08116610132864299 0.0008585437671655551
v 0.003981538476949901 0.08100150310646309 0.001254926518767392
v -0.003978461387245017 0.08086455398814474 0.001421495885124174
v -0.003978461387245017 0.08100150310646309 0.001254926518767392
v 0.003981538476949901 0.08050747747193099 0.001659630986598581
v -0.003978461387245017 0.08050747747193099 0.001659630986598581
v -0.003978461387245017 0.08069774294358625 0.00155814802796442
v -0.003978461387245017 0.08030107404313096 0.001722045197094889
v 0.003981538476949901 0.08030107404313096 0.001722045197094889
v 0.003981538476949901 0.08069774294358625 0.00155814802796442
v 0.003981538476949901 0.08116610132864299 0.0008585437671655551
v 0.003981538476949901 0.08086455398814474 0.001421495885124174
v 0.003981538476949901 0.0683951732250195 0.0010489924765325243
v -0.003978461387245017 0.0683951732250195 0.0010489924765325243
v 0.003981538476949901 0.06879155900341963 0.0012135895345592464
v -0.003978461387245017 0.06879155900341963 0.0012135895345592464
v -0.003978461387245017 0.06860147234569394 0.0011117708341458446
v 0.003981538476949901 0.06860147234569394 0.0011117708341458446
v 0.003981538476949901 0.06895812417882494 0.001350535626079306
v -0.003978461387245017 0.06909478272450771 0.0015173465542224695
v -0.003978461387245017 0.06895812417882494 0.001350535626079306
v 0.003981538476949901 0.0692586731415497 0.001914019179967964
v -0.003978461387245017 0.0692586731415497 0.001914019179967964
v -0.003978461387245017 0.0691962596295453 0.0017076116766317887
v 0.003981538476949901 0.0691962596295453 0.0017076116766317887
v 0.003981538476949901 0.06909478272450771 0.0015173465542224695
v 0.003981538476949901 0.06927962417363234 0.0021286371064887784
v -0.003978461387245017 0.06927962417363234 0.0021286371064887784
v 0.003981538476949901 0.06919551457150538 0.002549514805306289
v -0.003978461387245017 0.06919551457150538 0.002549514805306289
v -0.003978461387245017 0.06925830061252973 0.0023432175472769584
v 0.003981538476949901 0.06895675327203148 0.0029061696652355777
v -0.003978461387245017 0.06895675327203148 0.0029061696652355777
v -0.003978461387245017 0.06909370984093023 0.002739600531709433
v 0.003981538476949901 0.06909370984093023 0.002739600531709433
v 0.003981538476949901 0.06859968420639813 0.003144305115955941
v -0.003978461387245017 0.06859968420639813 0.003144305115955941
v -0.003978461387245017 0.0687899496780534 0.0030428216916605047
v -0.003978461387245017 0.0683932658764373 0.003206719093621611
v 0.003981538476949901 0.0683932658764373 0.003206719093621611
v 0.003981538476949901 0.0687899496780534 0.0030428216916605047
v 0.003981538476949901 0.06925830061252973 0.0023432175472769584
v -0.003978461387245017 0.07434908103365653 0.0003066554700615038
v 0.003981538476949901 0.07474545936147627 0.00047125252808822584
v -0.003978461387245017 0.07474545936147627 0.00047125252808822584
v -0.003978461387245017 0.07455538015433097 0.0003694338567786539
v 0.003981538476949901 0.07434908103365653 0.0003066554700615038
v 0.003981538476949901 0.07491202453688157 0.0006081986778159448
v -0.003978461387245017 0.07504868308256435 0.000775009547751449
v -0.003978461387245017 0.07491202453688157 0.0006081986778159448
v 0.003981538476949901 0.07521258095018672 0.0011716821152892843
v -0.003978461387245017 0.07521258095018672 0.0011716821152892843
v -0.003978461387245017 0.07515016743818233 0.000965274611953109
v 0.003981538476949901 0.07515016743818233 0.000965274611953109
v 0.003981538476949901 0.07455538015433097 0.0003694338567786539
v 0.003981538476949901 0.07504868308256435 0.000775009547751449
v 0.003981538476949901 0.07523352453168898 0.001386300158225417
v -0.003978461387245017 0.07523352453168898 0.001386300158225417
v 0.003981538476949901 0.07514942238014241 0.0018071778570429278
v -0.003978461387245017 0.07514942238014241 0.0018071778570429278
v -0.003978461387245017 0.07521220097058637 0.0016008807154289163
v 0.003981538476949901 0.07491065363008811 0.002163832949802854
v -0.003978461387245017 0.07491065363008811 0.002163832949802854
v -0.003978461387245017 0.07504760274840645 0.001997263583446072
v 0.003981538476949901 0.07504760274840645 0.001997263583446072
v 0.003981538476949901 0.07455358456445475 0.0024019679348619423
v -0.003978461387245017 0.07455358456445475 0.0024019679348619423
v -0.003978461387245017 0.07474384258552963 0.0023004847433971435
v -0.003978461387245017 0.07434718113565474 0.00246438214535825
v 0.003981538476949901 0.07434718113565474 0.00246438214535825
v 0.003981538476949901 0.07474384258552963 0.0023004847433971435
v 0.003981538476949901 0.07521220097058637 0.0016008807154289163
v 0.003981538476949901 0.07371167642992155 0.002401224972297756
v -0.003978461387245017 0.07371167642992155 0.002401224972297756
v -0.003978461387245017 0.07391798300117637 0.0024640033299110765
v 0.003981538476949901 0.07391798300117637 0.0024640033299110765
v -0.003978461387245017 0.07413255971667436 0.002485329219320063
v 0.003981538476949901 0.07335502459679054 0.002162460180364295
v -0.003978461387245017 0.07335502459679054 0.002162460180364295
v -0.003978461387245017 0.07352158977219585 0.0022994062718843544
v 0.003981538476949901 0.07311689659665058 0.0018053843626424494
v -0.003978461387245017 0.07311689659665058 0.0018053843626424494
v -0.003978461387245017 0.07321837350168817 0.00199564936863645
v 0.003981538476949901 0.07321837350168817 0.00199564936863645
v 0.003981538476949901 0.07352158977219585 0.0022994062718843544
v 0.003981538476949901 0.07413255971667436 0.002485329219320063
v 0.003981538476949901 0.07305447563406578 0.0015989767428909553
v -0.003978461387245017 0.07305447563406578 0.0015989767428909553
v 0.003981538476949901 0.07391988289917818 0.00030627674192581925
v 0.003981538476949901 0.07413450431815856 0.0002853299298984734
v -0.003978461387245017 0.07413450431815856 0.0002853299298984734
v 0.003981538476949901 0.07305485561366615 0.0011697781427513234
v -0.003978461387245017 0.07305485561366615 0.0011697781427513234
v -0.003978461387245017 0.07303352460198313 0.0013843588163701412
v 0.003981538476949901 0.07321945383584606 0.0007733953911494865
v -0.003978461387245017 0.07321945383584606 0.0007733953911494865
v -0.003978461387245017 0.0731176342041101 0.0009634811175526305
v 0.003981538476949901 0.0731176342041101 0.0009634811175526305
v 0.003981538476949901 0.07352320654814248 0.0004701739983677772
v -0.003978461387245017 0.07352320654814248 0.0004701739983677772
v -0.003978461387245017 0.0733564029541644 0.0006068259665850449
v -0.003978461387245017 0.07391988289917818 0.00030627674192581925
v -0.003978461387245017 0.07371347201979776 0.000368690952422127
v 0.003981538476949901 0.07371347201979776 0.000368690952422127
v 0.003981538476949901 0.0733564029541644 0.0006068259665850449
v 0.003981538476949901 0.07303352460198313 0.0013843588163701412
v 0.003981538476949901 0.06775777607186492 0.0031435621533917545
v -0.003978461387245017 0.06775777607186492 0.0031435621533917545
v -0.003978461387245017 0.06796406774195894 0.003206340511005075
v 0.003981538476949901 0.06796406774195894 0.003206340511005075
v -0.003978461387245017 0.06817865190803733 0.0032276659347527867
v 0.003981538476949901 0.06740112423873391 0.002904797128627656
v -0.003978461387245017 0.06740112423873391 0.002904797128627656
v -0.003978461387245017 0.06756769686471963 0.0030417432201477156
v 0.003981538476949901 0.06726447314363154 0.0027379865497304486
v -0.003978461387245017 0.06716298133743315 0.0025477213109058104
v -0.003978461387245017 0.06726447314363154 0.0027379865497304486
v 0.003981538476949901 0.06756769686471963 0.0030417432201477156
v 0.003981538476949901 0.06817865190803733 0.0032276659347527867
v 0.003981538476949901 0.06716298133743315 0.0025477213109058104
v 0.003981538476949901 0.06710057527600916 0.0023413136911543163
v -0.003978461387245017 0.06710057527600916 0.0023413136911543163
v 0.003981538476949901 0.06796597509054116 0.0010486137775006694
v 0.003981538476949901 0.06818058905894113 0.0010276669363694939
v -0.003978461387245017 0.06818058905894113 0.0010276669363694939
v 0.003981538476949901 0.06710095525560952 0.0019121152074300033
v -0.003978461387245017 0.06710095525560952 0.0019121152074300033
v -0.003978461387245017 0.06707962424392651 0.0021266957646335024
v 0.003981538476949901 0.06726555347778942 0.0015157323394128475
v -0.003978461387245017 0.06726555347778942 0.0015157323394128475
v -0.003978461387245017 0.06716372639547308 0.0017058181822313103
v 0.003981538476949901 0.06716372639547308 0.0017058181822313103
v 0.003981538476949901 0.06756930619008586 0.001212511063046457
v -0.003978461387245017 0.06756930619008586 0.001212511063046457
v -0.003978461387245017 0.06740249514552737 0.0013491629730560655
v -0.003978461387245017 0.06796597509054116 0.0010486137775006694
v -0.003978461387245017 0.06775957166174112 0.001111027987996977
v 0.003981538476949901 0.06775957166174112 0.001111027987996977
v 0.003981538476949901 0.06740249514552737 0.0013491629730560655
v 0.003981538476949901 0.06707962424392651 0.0021266957646335024
v 0.003981538476949901 0.07966557678797817 0.001658888024034395
v -0.003978461387245017 0.07966557678797817 0.001658888024034395
v -0.003978461387245017 0.0798718759086526 0.001721666498063034
v 0.003981538476949901 0.0798718759086526 0.001721666498063034
v -0.003978461387245017 0.08008645262415058 0.0017429920382260643
v 0.003981538476949901 0.07930892495484718 0.0014201232321009337
v -0.003978461387245017 0.07930892495484718 0.0014201232321009337
v -0.003978461387245017 0.07947549758083289 0.001557069440036312
v 0.003981538476949901 0.07907078950412681 0.0010630472979637695
v -0.003978461387245017 0.07907078950412681 0.0010630472979637695
v -0.003978461387245017 0.07917227385974479 0.001253312420373089
v 0.003981538476949901 0.07917227385974479 0.001253312420373089
v 0.003981538476949901 0.07947549758083289 0.001557069440036312
v 0.003981538476949901 0.08008645262415058 0.0017429920382260643
v 0.003981538476949901 0.07900837599212242 0.0008566397364199349
v -0.003978461387245017 0.07900837599212242 0.0008566397364199349
v 0.003981538476949901 0.07987377580665442 -0.0004360602645452012
v 0.003981538476949901 0.08008839722563478 -0.0004570071347802064
v -0.003978461387245017 0.08008839722563478 -0.0004570071347802064
v 0.003981538476949901 0.07900875597172277 0.0004274411944879623
v -0.003978461387245017 0.07900875597172277 0.0004274411944879623
v -0.003978461387245017 0.07898743241062016 0.0006420218098991207
v 0.003981538476949901 0.07917335419390269 3.105838467846601e-05
v -0.003978461387245017 0.07917335419390269 3.105838467846601e-05
v -0.003978461387245017 0.07907152711158634 0.0002211440819777803
v 0.003981538476949901 0.07907152711158634 0.0002211440819777803
v 0.003981538476949901 0.07947711435677951 -0.00027216297899941366
v -0.003978461387245017 0.07947711435677951 -0.00027216297899941366
v -0.003978461387245017 0.07931029586164064 -0.00013551105443789036
v -0.003978461387245017 0.07987377580665442 -0.0004360602645452012
v -0.003978461387245017 0.07966737237785439 -0.0003736460831527232
v 0.003981538476949901 0.07966737237785439 -0.0003736460831527232
v 0.003981538476949901 0.07931029586164064 -0.00013551105443789036
v 0.003981538476949901 0.07898743241062016 0.0006420218098991207
v -0.0017984611436370973 0.053528340975738095 0.005723893956213106
v -0.0039984615390042146 0.053528340975738095 0.005723893956213106
v -0.0039984615390042146 0.05373463637112232 0.005786672080995789
v -0.0017984611436370973 0.05373463637112232 0.005786672080995789
v -0.0039984615390042146 0.053949216811910505 0.005807997970404776
v -0.0017984611436370973 0.05317168169202669 0.005485128931449008
v -0.0039984615390042146 0.05317168169202669 0.005485128931449008
v -0.0039984615390042146 0.0533382505927222 0.005622075255799704
v -0.0017984611436370973 0.05293354624130633 0.005128052880896524
v -0.0039984615390042146 0.05293354624130633 0.005128052880896524
v -0.0039984615390042146 0.05303503059692432 0.005318317886890525
v -0.0017984611436370973 0.05303503059692432 0.005318317886890525
v -0.0017984611436370973 0.0533382505927222 0.005622075255799704
v -0.0017984611436370973 0.053949216811910505 0.005807997970404776
v -0.0017984611436370973 0.052871136454592134 0.004921645261145031
v -0.0039984615390042146 0.052871136454592134 0.004921645261145031
v -0.0017984611436370973 0.05373653999441433 0.0036289453474913835
v -0.0017984611436370973 0.053951157688104504 0.0036079987391908455
v -0.0039984615390042146 0.053951157688104504 0.0036079987391908455
v -0.0017984611436370973 0.052871516434192495 0.004492447126666674
v -0.0039984615390042146 0.052871516434192495 0.004492447126666674
v -0.0039984615390042146 0.05285018914779968 0.004707027567454854
v -0.0017984611436370973 0.05303610720579201 0.004096064142234199
v -0.0039984615390042146 0.05303610720579201 0.004096064142234199
v -0.0039984615390042146 0.052934287574056056 0.004286149868637343
v -0.0017984611436370973 0.052934287574056056 0.004286149868637343
v -0.0017984611436370973 0.053339863643378636 0.00379284274945249
v -0.0039984615390042146 0.053339863643378636 0.00379284274945249
v -0.0039984615390042146 0.05317305632411035 0.003929494775877417
v -0.0039984615390042146 0.05373653999441433 0.0036289453474913835
v -0.0039984615390042146 0.05353013284032411 0.0036913597908183288
v -0.0017984611436370973 0.05353013284032411 0.0036913597908183288
v -0.0017984611436370973 0.05317305632411035 0.003929494775877417
v -0.0017984611436370973 0.05285018914779968 0.004707027567454854
v -0.0017984611436370973 0.055710243445654194 0.00166966796613422
v -0.0039984615390042146 0.055682545913020035 0.0016585379631709495
v -0.0039984615390042146 0.05592635498071442 0.00173273049354058
v -0.0017984611436370973 0.055941006547069516 0.0017355711437331072
v -0.0039984615390042146 0.05617995038576319 0.0017579335951401374
v -0.0017984611436370973 0.05617995038576319 0.0017579335951401374
v -0.0017984611436370973 0.055495528894418826 0.001562469597426614
v -0.0039984615390042146 0.05545789973811249 0.0015382068987718227
v -0.0017984611436370973 0.05530417936331546 0.0014176296159735646
v -0.0039984615390042146 0.05526104795338429 0.0013763613168034745
v -0.0017984611436370973 0.05501662793809717 0.0010358831803200695
v -0.0039984615390042146 0.05497961345467377 0.0009543625384665162
v -0.0039984615390042146 0.05509954917265046 0.0011792212877460794
v -0.0017984611436370973 0.05514271038490323 0.0012400840312895651
v -0.0017984611436370973 0.05493024218365824 0.0008119863708192389
v -0.0039984615390042146 0.05490585270872134 0.0007104262870364138
v 0.004001538628709099 0.05617995038576319 0.0017579335951401374
v 0.0018015386990032564 0.055941006547069516 0.0017355711437331072
v 0.0018015386990032564 0.05617995038576319 0.0017579335951401374
v 0.004001538628709099 0.055682545913020035 0.0016585379631709495
v 0.0018015386990032564 0.055495528894418826 0.001562469597426614
v 0.0018015386990032564 0.055710243445654194 0.00166966796613422
v 0.004001538628709099 0.05592635498071442 0.00173273049354058
v 0.004001538628709099 0.05545789973811249 0.0015382068987718227
v 0.004001538628709099 0.05526104795338429 0.0013763613168034745
v 0.0018015386990032564 0.05514271038490323 0.0012400840312895651
v 0.0018015386990032564 0.05530417936331546 0.0014176296159735646
v 0.004001538628709099 0.05497961345467377 0.0009543625384665162
v 0.0018015386990032564 0.05493024218365824 0.0008119863708192389
v 0.0018015386990032564 0.05501662793809717 0.0010358831803200695
v 0.004001538628709099 0.05509954917265046 0.0011792212877460794
v 0.004001538628709099 0.05490585270872134 0.0007104262870364138
v 0.0018015386990032564 0.05488647002381273 0.0005760236374001434
v -0.0017984611436370973 0.05488647002381273 0.0005760236374001434
v 0.0018015386990032564 0.05594476163959073 -0.0008204038386482532
v 0.004001538628709099 0.05618224143923596 -0.0008420653534211616
v -0.0039984615390042146 0.05618224143923596 -0.0008420653534211616
v -0.0017984611436370973 0.05488682392638169 0.0003360365719314216
v -0.0039984615390042146 0.05490629974354529 0.00020319167567518502
v -0.0039984615390042146 0.05488109443005468 0.00045678693520481337
v -0.0017984611436370973 0.055018337846298795 -0.00012343804373709722
v -0.0039984615390042146 0.05510082322189873 -0.00026526071475143443
v -0.0039984615390042146 0.05498048889787068 -4.0614005061016494e-05
v -0.0017984611436370973 0.05493128153962393 0.00010020364886867639
v -0.0017984611436370973 0.0551450163395368 -0.0003272670350747137
v -0.0017984611436370973 0.05530700313328677 -0.0005043370049740089
v -0.0039984615390042146 0.05545980708669469 -0.0006236133465853692
v -0.0039984615390042146 0.055262668454621126 -0.0004621155262779213
v -0.0017984611436370973 0.055713812273665425 -0.0007551796533959058
v -0.0039984615390042146 0.055928605055994986 -0.0008173100433451301
v -0.0039984615390042146 0.05568466560314362 -0.0007435477839935556
v -0.0017984611436370973 0.05549878107276309 -0.0006486134780767068
v -0.0017984611436370973 0.05594476163959073 -0.0008204038386482532
v 0.004001538628709099 0.05488109443005468 0.00045678693520481337
v 0.0018015386990032564 0.05488682392638169 0.0003360365719314216
v 0.004001538628709099 0.05498048889787068 -4.0614005061016494e-05
v 0.0018015386990032564 0.055018337846298795 -0.00012343804373709722
v 0.0018015386990032564 0.05493128153962393 0.00010020364886867639
v 0.004001538628709099 0.05490629974354529 0.00020319167567518502
v 0.004001538628709099 0.05510082322189873 -0.00026526071475143443
v 0.0018015386990032564 0.0551450163395368 -0.0003272670350747137
v 0.004001538628709099 0.055262668454621126 -0.0004621155262779213
v 0.0018015386990032564 0.05530700313328677 -0.0005043370049740089
v 0.004001538628709099 0.05568466560314362 -0.0007435477839935556
v 0.0018015386990032564 0.055713812273665425 -0.0007551796533959058
v 0.0018015386990032564 0.05549878107276309 -0.0006486134780767068
v 0.004001538628709099 0.05545980708669469 -0.0006236133465853692
v 0.004001538628709099 0.055928605055994986 -0.0008173100433451301
v 0.004001538628709099 0.053528340975738095 0.005723893956213106
v 0.0018015386990032564 0.053528340975738095 0.005723893956213106
v 0.0018015386990032564 0.05373463637112232 0.005786672080995789
v 0.004001538628709099 0.05373463637112232 0.005786672080995789
v 0.0018015386990032564 0.053949216811910505 0.005807997970404776
v 0.004001538628709099 0.05317168169202669 0.005485128931449008
v 0.0018015386990032564 0.05317168169202669 0.005485128931449008
v 0.0018015386990032564 0.0533382505927222 0.005622075255799704
v 0.004001538628709099 0.05293354624130633 0.005128052880896524
v 0.0018015386990032564 0.05293354624130633 0.005128052880896524
v 0.0018015386990032564 0.05303503059692432 0.005318317886890525
v 0.004001538628709099 0.05303503059692432 0.005318317886890525
v 0.004001538628709099 0.0533382505927222 0.005622075255799704
v 0.004001538628709099 0.053949216811910505 0.005807997970404776
v 0.004001538628709099 0.052871136454592134 0.004921645261145031
v 0.0018015386990032564 0.052871136454592134 0.004921645261145031
v 0.004001538628709099 0.05373653999441433 0.0036289453474913835
v 0.004001538628709099 0.053951157688104504 0.0036079987391908455
v 0.0018015386990032564 0.053951157688104504 0.0036079987391908455
v 0.004001538628709099 0.052871516434192495 0.004492447126666674
v 0.0018015386990032564 0.052871516434192495 0.004492447126666674
v 0.0018015386990032564 0.05285018914779968 0.004707027567454854
v 0.004001538628709099 0.05303610720579201 0.004096064142234199
v 0.0018015386990032564 0.05303610720579201 0.004096064142234199
v 0.0018015386990032564 0.052934287574056056 0.004286149868637343
v 0.004001538628709099 0.052934287574056056 0.004286149868637343
v 0.004001538628709099 0.053339863643378636 0.00379284274945249
v 0.0018015386990032564 0.053339863643378636 0.00379284274945249
v 0.0018015386990032564 0.05317305632411035 0.003929494775877417
v 0.0018015386990032564 0.05373653999441433 0.0036289453474913835
v 0.0018015386990032564 0.05353013284032411 0.0036913597908183288
v 0.004001538628709099 0.05353013284032411 0.0036913597908183288
v 0.004001538628709099 0.05317305632411035 0.003929494775877417
v 0.004001538628709099 0.05285018914779968 0.004707027567454854
v -0.0017984611436370973 0.051699875413510725 0.0038736757260182577
v -0.0017984611436370973 0.05161160093694058 0.004168528487197163
v -0.003198461289402246 0.05161160093694058 0.004168528487197163
v -0.0017984611436370973 0.051825156922923866 0.003592544139967094
v -0.003198461289402246 0.051825156922923866 0.003592544139967094
v -0.0017984611436370973 0.0515617900816815 0.004472253725478371
v -0.0017984611436370973 0.05155126241157738 0.004779855593873556
v -0.003198461289402246 0.05155126241157738 0.004779855593873556
v -0.0017984611436370973 0.05158018928997741 0.005086276545275462
v -0.0017984611436370973 0.05164808642915564 0.005386475330721456
v -0.003198461289402246 0.05164808642915564 0.005386475330721456
v -0.003198461289402246 0.05158018928997741 0.005086276545275462
v -0.003198461289402246 0.0515617900816815 0.004472253725478371
v -0.003198461289402246 0.051699875413510725 0.0038736757260182577
v -0.003198461289402246 0.05175384369263259 0.0056755164063583205
v -0.0017984611436370973 0.05175384369263259 0.0056755164063583205
v -0.0017984611436370973 0.05394806942252902 0.007107997124543299
v -0.003198461289402246 0.05394806942252902 0.007107997124543299
v -0.0017984611436370973 0.05364093787202154 0.007087990919187527
v -0.0017984611436370973 0.05189572882046543 0.0059486453705687925
v -0.003198461289402246 0.05189572882046543 0.0059486453705687925
v -0.0017984611436370973 0.0520714023304088 0.006201369989033409
v -0.0017984611436370973 0.052277969671977606 0.006429534700534496
v -0.003198461289402246 0.052277969671977606 0.006429534700534496
v -0.003198461289402246 0.0520714023304088 0.006201369989033409
v -0.0017984611436370973 0.052512040831090186 0.006629387206518487
v -0.0017984611436370973 0.05276976013238994 0.006797639938384221
v -0.003198461289402246 0.05276976013238994 0.006797639938384221
v -0.0017984611436370973 0.0530469030967905 0.0069315254711746575
v -0.0017984611436370973 0.05333889134263654 0.007028842158381821
v -0.003198461289402246 0.05333889134263654 0.007028842158381821
v -0.003198461289402246 0.0530469030967905 0.0069315254711746575
v -0.003198461289402246 0.052512040831090186 0.006629387206518487
v -0.003198461289402246 0.05364093787202154 0.007087990919187527
v 0.0032015388447684053 0.051699875413510725 0.0038736757260182577
v 0.0032015388447684053 0.05161160093694058 0.004168528487197163
v 0.0018015386990032564 0.051699875413510725 0.0038736757260182577
v 0.0018015386990032564 0.051825156922923866 0.003592544139967094
v 0.0032015388447684053 0.051825156922923866 0.003592544139967094
v 0.0032015388447684053 0.0515617900816815 0.004472253725478371
v 0.0032015388447684053 0.05155126241157738 0.004779855593873556
v 0.0018015386990032564 0.0515617900816815 0.004472253725478371
v 0.0032015388447684053 0.05158018928997741 0.005086276545275462
v 0.0032015388447684053 0.05164808642915564 0.005386475330721456
v 0.0018015386990032564 0.05158018928997741 0.005086276545275462
v 0.0018015386990032564 0.05155126241157738 0.004779855593873556
v 0.0018015386990032564 0.05161160093694058 0.004168528487197163
v 0.0018015386990032564 0.05164808642915564 0.005386475330721456
v 0.0032015388447684053 0.05175384369263259 0.0056755164063583205
v 0.0018015386990032564 0.05175384369263259 0.0056755164063583205
v 0.0032015388447684053 0.05394806942252902 0.007107997124543299
v 0.0018015386990032564 0.05394806942252902 0.007107997124543299
v 0.0018015386990032564 0.05364093787202154 0.007087990919187527
v 0.0032015388447684053 0.05189572882046543 0.0059486453705687925
v 0.0032015388447684053 0.0520714023304088 0.006201369989033409
v 0.0018015386990032564 0.05189572882046543 0.0059486453705687925
v 0.0032015388447684053 0.052277969671977606 0.006429534700534496
v 0.0032015388447684053 0.052512040831090186 0.006629387206518487
v 0.0018015386990032564 0.052277969671977606 0.006429534700534496
v 0.0018015386990032564 0.0520714023304088 0.006201369989033409
v 0.0032015388447684053 0.05276976013238994 0.006797639938384221
v 0.0032015388447684053 0.0530469030967905 0.0069315254711746575
v 0.0018015386990032564 0.05276976013238994 0.006797639938384221
v 0.0032015388447684053 0.05333889134263654 0.007028842158381821
v 0.0032015388447684053 0.05364093787202154 0.007087990919187527
v 0.0018015386990032564 0.05333889134263654 0.007028842158381821
v 0.0018015386990032564 0.0530469030967905 0.0069315254711746575
v 0.0018015386990032564 0.052512040831090186 0.006629387206518487
v -0.0039984615390042146 0.08419273570306361 -0.0022685955607965034
v -0.003198461289402246 0.08419343605762114 -0.00306859511190656
v -0.0039984615390042146 0.08409411237031893 -0.0022666556159250525
v -0.003198461289402246 0.08406194076415503 -0.0030660083635242006
v 0.0032015388447684053 0.051699875413510725 0.0038736757260182577
v 0.0032015388447684053 0.051825156922923866 0.003592544139967094
v 0.004001538628709099 0.05253349850263998 0.0039643620951620145
v 0.0032015388447684053 0.0515617900816815 0.004472253725478371
v 0.004001538628709099 0.052391136537661594 0.004348351504761636
v 0.004001538628709099 0.05235090340350572 0.004755902909212564
v 0.0032015388447684053 0.05158018928997741 0.005086276545275462
v 0.004001538628709099 0.0524154515067945 0.005160316222331589
v 0.0032015388447684053 0.05161160093694058 0.004168528487197163
v 0.0032015388447684053 0.05155126241157738 0.004779855593873556
v 0.0032015388447684053 0.05164808642915564 0.005386475330721456
v 0.0032015388447684053 0.05175384369263259 0.0056755164063583205
v 0.004001538628709099 0.05394877722766695 0.006307997573433242
v 0.0032015388447684053 0.05394806942252902 0.007107997124543299
v 0.0032015388447684053 0.05364093787202154 0.007087990919187527
v 0.0032015388447684053 0.05189572882046543 0.0059486453705687925
v 0.004001538628709099 0.052580552643151354 0.0055350962488964804
v 0.0032015388447684053 0.0520714023304088 0.006201369989033409
v 0.004001538628709099 0.052835377393966 0.005855689601201557
v 0.0032015388447684053 0.052512040831090186 0.006629387206518487
v 0.004001538628709099 0.05316324018443436 0.006101092627440099
v 0.0032015388447684053 0.052277969671977606 0.006429534700534496
v 0.0032015388447684053 0.0530469030967905 0.0069315254711746575
v 0.004001538628709099 0.05354265726597523 0.006255227906433108
v 0.0032015388447684053 0.05333889134263654 0.007028842158381821
v 0.0032015388447684053 0.05276976013238994 0.006797639938384221
v -0.003978461387245017 0.07987377580665442 -0.0004360602645452012
v -0.003978461387245017 0.08008839722563478 -0.0004570071347802064
v -0.0039984615390042146 0.08008841212679559 -0.00047700711191642594
v -0.0039984615390042146 0.07986990150484681 -0.00045567938896616924
v -0.003978461387245017 0.07966737237785439 -0.0003736460831527232
v -0.003978461387245017 0.07931029586164064 -0.00013551105443789036
v -0.0039984615390042146 0.07929616956120368 -0.0001496656729011238
v -0.003978461387245017 0.07917335419390269 3.105838467846601e-05
v -0.003978461387245017 0.07947711435677951 -0.00027216297899941366
v -0.0039984615390042146 0.07946601299198465 -0.000288802191402814
v -0.0039984615390042146 0.07915673194903199 1.993230891321369e-05
v -0.003978461387245017 0.07907152711158634 0.0002211440819777803
v -0.0039984615390042146 0.07965973553294517 -0.000392130449254292
v -0.0039984615390042146 0.07905305712277663 0.00021347410235846815
v -0.0039984615390042146 0.07898913859353159 0.000423522043678816
v -0.003978461387245017 0.07900875597172277 0.0004274411944879623
v -0.003978461387245017 0.0798718759086526 0.001721666498063034
v -0.0039984615390042146 0.08008643772298979 0.0017629920735699432
v -0.003978461387245017 0.08008645262415058 0.0017429920382260643
v -0.0039984615390042146 0.07896743505282862 0.0006420041729783319
v -0.003978461387245017 0.07898743241062016 0.0006420218098991207
v -0.003978461387245017 0.07907078950412681 0.0010630472979637695
v -0.0039984615390042146 0.0791556367137133 0.0012644091285552
v -0.003978461387245017 0.07917227385974479 0.001253312420373089
v -0.003978461387245017 0.07966557678797817 0.001658888024034395
v -0.0039984615390042146 0.07986796435394301 0.0017412786375648778
v -0.003978461387245017 0.07947549758083289 0.001557069440036312
v -0.0039984615390042146 0.07965791014074736 0.0016773589441666495
v -0.0039984615390042146 0.07929477630266903 0.0014342529085821275
v -0.003978461387245017 0.07930892495484718 0.0014201232321009337
v -0.0039984615390042146 0.07946436641371642 0.0015736888909393565
v -0.0039984615390042146 0.07898875116335083 0.0008605241663602675
v -0.003978461387245017 0.07900837599212242 0.0008566397364199349
v -0.0039984615390042146 0.07905230461415631 0.0010706846085342609
v -0.003978461387245017 0.06818058905894113 0.0010276669363694939
v -0.0039984615390042146 0.06818061141068232 0.001007666901025615
v -0.003978461387245017 0.06796597509054116 0.0010486137775006694
v -0.0039984615390042146 0.06796209333815315 0.0010289946530797015
v -0.003978461387245017 0.06775957166174112 0.001111027987996977
v -0.003978461387245017 0.06740249514552737 0.0013491629730560655
v -0.0039984615390042146 0.06738836884509042 0.0013350083836966616
v -0.003978461387245017 0.06726555347778942 0.0015157323394128475
v -0.003978461387245017 0.06756930619008586 0.001212511063046457
v -0.0039984615390042146 0.067558204825291 0.0011958718215392269
v -0.0039984615390042146 0.06724893123291874 0.0015046062945704144
v -0.003978461387245017 0.06716372639547308 0.0017058181822313103
v -0.0039984615390042146 0.06775193481683192 0.001092543563687749
v -0.0039984615390042146 0.06714525640666337 0.0016981481589562536
v -0.0039984615390042146 0.06708133787741832 0.0019081960857246867
v -0.003978461387245017 0.06710095525560952 0.0019121152074300033
v -0.003978461387245017 0.06796406774195894 0.003206340511005075
v -0.0039984615390042146 0.06817862955629612 0.0032476660865119844
v -0.003978461387245017 0.06817865190803733 0.0032276659347527867
v -0.0039984615390042146 0.06705962688613495 0.0021266783023356915
v -0.003978461387245017 0.06707962424392651 0.0021266957646335024
v -0.003978461387245017 0.06716298133743315 0.0025477213109058104
v -0.0039984615390042146 0.06724782854701965 0.0027490830250819225
v -0.003978461387245017 0.06726447314363154 0.0027379865497304486
v -0.003978461387245017 0.06775777607186492 0.0031435621533917545
v -0.0039984615390042146 0.06796015618724935 0.0032259525340915998
v -0.003978461387245017 0.06756769686471963 0.0030417432201477156
v -0.0039984615390042146 0.06775010942463411 0.0031620330735240092
v -0.0039984615390042146 0.06738696813597536 0.0029189269215241687
v -0.003978461387245017 0.06740112423873391 0.002904797128627656
v -0.0039984615390042146 0.06755656569760317 0.0030583629038813975
v -0.0039984615390042146 0.06708095044723757 0.002345198237509968
v -0.003978461387245017 0.06710057527600916 0.0023413136911543163
v -0.0039984615390042146 0.06714449644746265 0.002555358854306939
v -0.003978461387245017 0.07391988289917818 0.00030627674192581925
v -0.003978461387245017 0.07413450431815856 0.0002853299298984734
v -0.0039984615390042146 0.07391598624562938 0.00028665758840102154
v -0.003978461387245017 0.07371347201979776 0.000368690952422127
v -0.003978461387245017 0.0733564029541644 0.0006068259665850449
v -0.0039984615390042146 0.07334226175256665 0.0005926713190179819
v -0.003978461387245017 0.07321945383584606 0.0007733953911494865
v -0.003978461387245017 0.07352320654814248 0.0004701739983677772
v -0.0039984615390042146 0.07351211263392803 0.0004535348150682065
v -0.0039984615390042146 0.07320283159097536 0.0007622692880993938
v -0.003978461387245017 0.0731176342041101 0.0009634811175526305
v -0.0039984615390042146 0.07370583517488855 0.00035020661542438787
v -0.0039984615390042146 0.07413451921931935 0.0002653299236584242
v -0.0039984615390042146 0.0730991642153004 0.0009558111524852332
v -0.0039984615390042146 0.07303523823547496 0.0011658590210460067
v -0.003978461387245017 0.07305485561366615 0.0011697781427513234
v -0.0039984615390042146 0.07391404909472558 0.002483615585828239
v -0.0039984615390042146 0.07413254481551355 0.002505329138248623
v -0.003978461387245017 0.07413255971667436 0.002485329219320063
v -0.003978461387245017 0.07311689659665058 0.0018053843626424494
v -0.0039984615390042146 0.07320173635565667 0.0020067460768185613
v -0.003978461387245017 0.07321837350168817 0.00199564936863645
v -0.003978461387245017 0.07305447563406578 0.0015989767428909553
v -0.0039984615390042146 0.07309841170668008 0.0018130215567976218
v -0.0039984615390042146 0.07301351979361119 0.0013843412376570118
v -0.003978461387245017 0.07303352460198313 0.0013843588163701412
v -0.003978461387245017 0.07391798300117637 0.0024640033299110765
v -0.003978461387245017 0.07371167642992155 0.002401224972297756
v -0.0039984615390042146 0.07370400978269073 0.0024196958924300105
v -0.003978461387245017 0.07352158977219585 0.0022994062718843544
v -0.0039984615390042146 0.073340868494032 0.0021765899732608075
v -0.003978461387245017 0.07335502459679054 0.002162460180364295
v -0.0039984615390042146 0.07351046605565979 0.0023160259556180363
v -0.0039984615390042146 0.0730348582558746 0.0016028612892466066
v 0.003981538476949901 0.0798718759086526 0.001721666498063034
v 0.003981538476949901 0.08008645262415058 0.0017429920382260643
v 0.004001538628709099 0.08008643772298979 0.0017629920735699432
v 0.004001538628709099 0.07986796435394301 0.0017412786375648778
v 0.003981538476949901 0.07966557678797817 0.001658888024034395
v 0.003981538476949901 0.07930892495484718 0.0014201232321009337
v 0.004001538628709099 0.07929477630266903 0.0014342529085821275
v 0.003981538476949901 0.07917227385974479 0.001253312420373089
v 0.003981538476949901 0.07947549758083289 0.001557069440036312
v 0.004001538628709099 0.07946436641371642 0.0015736888909393565
v 0.004001538628709099 0.0791556367137133 0.0012644091285552
v 0.003981538476949901 0.07907078950412681 0.0010630472979637695
v 0.004001538628709099 0.07965791014074736 0.0016773589441666495
v 0.004001538628709099 0.07898875116335083 0.0008605241663602675
v 0.003981538476949901 0.07900837599212242 0.0008566397364199349
v 0.004001538628709099 0.07905230461415631 0.0010706846085342609
v 0.004001538628709099 0.07986990150484681 -0.00045567938896616924
v 0.004001538628709099 0.08008841212679559 -0.00047700711191642594
v 0.003981538476949901 0.08008839722563478 -0.0004570071347802064
v 0.003981538476949901 0.07907152711158634 0.0002211440819777803
v 0.004001538628709099 0.07915673194903199 1.993230891321369e-05
v 0.003981538476949901 0.07917335419390269 3.105838467846601e-05
v 0.003981538476949901 0.07900875597172277 0.0004274411944879623
v 0.004001538628709099 0.07905305712277663 0.00021347410235846815
v 0.004001538628709099 0.07896743505282862 0.0006420041729783319
v 0.003981538476949901 0.07898743241062016 0.0006420218098991207
v 0.003981538476949901 0.07987377580665442 -0.0004360602645452012
v 0.003981538476949901 0.07966737237785439 -0.0003736460831527232
v 0.003981538476949901 0.07947711435677951 -0.00027216297899941366
v 0.004001538628709099 0.07965973553294517 -0.000392130449254292
v 0.004001538628709099 0.07929616956120368 -0.0001496656729011238
v 0.003981538476949901 0.07931029586164064 -0.00013551105443789036
v 0.004001538628709099 0.07946601299198465 -0.000288802191402814
v 0.004001538628709099 0.07898913859353159 0.000423522043678816
v 0.003981538476949901 0.06796406774195894 0.003206340511005075
v 0.003981538476949901 0.06817865190803733 0.0032276659347527867
v 0.004001538628709099 0.06796015618724935 0.0032259525340915998
v 0.004001538628709099 0.06775010942463411 0.0031620330735240092
v 0.003981538476949901 0.06775777607186492 0.0031435621533917545
v 0.003981538476949901 0.06740112423873391 0.002904797128627656
v 0.004001538628709099 0.06738696813597536 0.0029189269215241687
v 0.003981538476949901 0.06726447314363154 0.0027379865497304486
v 0.003981538476949901 0.06756769686471963 0.0030417432201477156
v 0.004001538628709099 0.06714449644746265 0.002555358854306939
v 0.003981538476949901 0.06716298133743315 0.0025477213109058104
v 0.004001538628709099 0.06755656569760317 0.0030583629038813975
v 0.004001538628709099 0.06817862955629612 0.0032476660865119844
v 0.004001538628709099 0.06724782854701965 0.0027490830250819225
v 0.004001538628709099 0.06708095044723757 0.002345198237509968
v 0.003981538476949901 0.06710057527600916 0.0023413136911543163
v 0.004001538628709099 0.06796209333815315 0.0010289946530797015
v 0.004001538628709099 0.06818061141068232 0.001007666901025615
v 0.003981538476949901 0.06818058905894113 0.0010276669363694939
v 0.004001538628709099 0.06705962688613495 0.0021266783023356915
v 0.003981538476949901 0.06707962424392651 0.0021266957646335024
v 0.003981538476949901 0.06716372639547308 0.0017058181822313103
v 0.004001538628709099 0.06714525640666337 0.0016981481589562536
v 0.003981538476949901 0.06726555347778942 0.0015157323394128475
v 0.003981538476949901 0.06796597509054116 0.0010486137775006694
v 0.003981538476949901 0.06775957166174112 0.001111027987996977
v 0.003981538476949901 0.06756930619008586 0.001212511063046457
v 0.004001538628709099 0.067558204825291 0.0011958718215392269
v 0.004001538628709099 0.06738836884509042 0.0013350083836966616
v 0.003981538476949901 0.06740249514552737 0.0013491629730560655
v 0.004001538628709099 0.06708133787741832 0.0019081960857246867
v 0.003981538476949901 0.06710095525560952 0.0019121152074300033
v 0.004001538628709099 0.06724893123291874 0.0015046062945704144
v 0.004001538628709099 0.06775193481683192 0.001092543563687749
v 0.004001538628709099 0.07370400978269073 0.0024196958924300105
v 0.003981538476949901 0.07371167642992155 0.002401224972297756
v 0.003981538476949901 0.07391798300117637 0.0024640033299110765
v 0.003981538476949901 0.07413255971667436 0.002485329219320063
v 0.004001538628709099 0.07391404909472558 0.002483615585828239
v 0.004001538628709099 0.073340868494032 0.0021765899732608075
v 0.003981538476949901 0.07335502459679054 0.002162460180364295
v 0.003981538476949901 0.07352158977219585 0.0022994062718843544
v 0.003981538476949901 0.07311689659665058 0.0018053843626424494
v 0.003981538476949901 0.07321837350168817 0.00199564936863645
v 0.004001538628709099 0.07320173635565667 0.0020067460768185613
v 0.004001538628709099 0.07351046605565979 0.0023160259556180363
v 0.004001538628709099 0.07413254481551355 0.002505329138248623
v 0.004001538628709099 0.07309841170668008 0.0018130215567976218
v 0.004001538628709099 0.0730348582558746 0.0016028612892466066
v 0.003981538476949901 0.07305447563406578 0.0015989767428909553
v 0.004001538628709099 0.07391598624562938 0.00028665758840102154
v 0.004001538628709099 0.07413451921931935 0.0002653299236584242
v 0.003981538476949901 0.07413450431815856 0.0002853299298984734
v 0.004001538628709099 0.07301351979361119 0.0013843412376570118
v 0.003981538476949901 0.07303352460198313 0.0013843588163701412
v 0.003981538476949901 0.0731176342041101 0.0009634811175526305
v 0.004001538628709099 0.07320283159097536 0.0007622692880993938
v 0.003981538476949901 0.07321945383584606 0.0007733953911494865
v 0.003981538476949901 0.07391988289917818 0.00030627674192581925
v 0.003981538476949901 0.07371347201979776 0.000368690952422127
v 0.004001538628709099 0.07370583517488855 0.00035020661542438787
v 0.003981538476949901 0.07352320654814248 0.0004701739983677772
v 0.004001538628709099 0.07351211263392803 0.0004535348150682065
v 0.004001538628709099 0.07334226175256665 0.0005926713190179819
v 0.003981538476949901 0.0733564029541644 0.0006068259665850449
v 0.004001538628709099 0.07303523823547496 0.0011658590210460067
v 0.003981538476949901 0.07305485561366615 0.0011697781427513234
v 0.004001538628709099 0.0730991642153004 0.0009558111524852332
v -0.003198461289402246 0.08458652867948481 0.003306817408454702
v -0.0017984611436370973 0.056072181465578456 0.006862009227743417
v 0.0032015388447684053 0.08458652867948481 0.003306817408454702
v -0.003198461289402246 0.054247120818593536 0.007089558335039016
v 0.0018015386990032564 0.056072181465578456 0.006862009227743417
v 0.0032015388447684053 0.054247120818593536 0.007089558335039016
v -0.0017984611436370973 0.054247120818593536 0.007089558335039016
v 0.0018015386990032564 0.054247120818593536 0.007089558335039016
v 0.0018015386990032564 0.052277969671977606 0.006429534700534496
v 0.0018015386990032564 0.05293354624130633 0.005128052880896524
v 0.0018015386990032564 0.0520714023304088 0.006201369989033409
v 0.0018015386990032564 0.05189572882046543 0.0059486453705687925
v 0.0018015386990032564 0.052871136454592134 0.004921645261145031
v 0.0018015386990032564 0.05175384369263259 0.0056755164063583205
v 0.0018015386990032564 0.05317168169202669 0.005485128931449008
v 0.0018015386990032564 0.05276976013238994 0.006797639938384221
v 0.0018015386990032564 0.0530469030967905 0.0069315254711746575
v 0.0018015386990032564 0.052512040831090186 0.006629387206518487
v 0.0018015386990032564 0.05303503059692432 0.005318317886890525
v 0.0018015386990032564 0.0533382505927222 0.005622075255799704
v 0.0018015386990032564 0.05164808642915564 0.005386475330721456
v 0.0018015386990032564 0.05285018914779968 0.004707027567454854
v 0.0018015386990032564 0.05155126241157738 0.004779855593873556
v 0.0018015386990032564 0.05158018928997741 0.005086276545275462
v 0.0018015386990032564 0.051699875413510725 0.0038736757260182577
v 0.0018015386990032564 0.052871516434192495 0.004492447126666674
v 0.0018015386990032564 0.0515617900816815 0.004472253725478371
v 0.0018015386990032564 0.052934287574056056 0.004286149868637343
v 0.0018015386990032564 0.051825156922923866 0.003592544139967094
v 0.0018015386990032564 0.05161160093694058 0.004168528487197163
v 0.0018015386990032564 0.053528340975738095 0.005723893956213106
v 0.0018015386990032564 0.05333889134263654 0.007028842158381821
v 0.0018015386990032564 0.05364093787202154 0.007087990919187527
v 0.0018015386990032564 0.05373463637112232 0.005786672080995789
v 0.0018015386990032564 0.05394806942252902 0.007107997124543299
v 0.0018015386990032564 0.05416383450560068 0.0057870511292736
v 0.0018015386990032564 0.054247120818593536 0.007089558335039016
v 0.0018015386990032564 0.054727318175904656 0.005486501700887566
v 0.0018015386990032564 0.056072181465578456 0.006862009227743417
v 0.0018015386990032564 0.053949216811910505 0.005807997970404776
v 0.0018015386990032564 0.0543702453849811 0.00572463715160793
v 0.0018015386990032564 0.05486426729422301 0.005319931868869509
v 0.0018015386990032564 0.05496608320066876 0.0051298461424663655
v 0.0018015386990032564 0.05456050713134618 0.005623153727312494
v 0.0018015386990032564 0.055028861791112715 0.00492354935009831
v 0.0018015386990032564 0.05702829582176134 0.005040526256333957
v 0.0018015386990032564 0.055029238045422875 0.004494350749958678
v 0.0018015386990032564 0.05505018535221533 0.00470896890931013
v 0.0018015386990032564 0.05617995038576319 0.0017579335951401374
v 0.0018015386990032564 0.05317305632411035 0.003929494775877417
v 0.0018015386990032564 0.053339863643378636 0.00379284274945249
v 0.0018015386990032564 0.05303610720579201 0.004096064142234199
v 0.0018015386990032564 0.05472869280798832 0.003930867545315977
v 0.0018015386990032564 0.054865343903090696 0.004097678124213184
v 0.0018015386990032564 0.055495528894418826 0.001562469597426614
v 0.0018015386990032564 0.05353013284032411 0.0036913597908183288
v 0.0018015386990032564 0.05405606558541594 -0.0006575201812827179
v 0.0018015386990032564 0.05456212018200261 0.003793921220965279
v 0.0018015386990032564 0.05530417936331546 0.0014176296159735646
v 0.0018015386990032564 0.05373653999441433 0.0036289453474913835
v 0.0018015386990032564 0.053951157688104504 0.0036079987391908455
v 0.0018015386990032564 0.05493024218365824 0.0008119863708192389
v 0.0018015386990032564 0.054165738128892686 0.0036293241629385574
v 0.0018015386990032564 0.05501662793809717 0.0010358831803200695
v 0.0018015386990032564 0.05514271038490323 0.0012400840312895651
v 0.0018015386990032564 0.054372037249567115 0.003692102753382515
v 0.0018015386990032564 0.05493128153962393 0.00010020364886867639
v 0.0018015386990032564 0.054360291409567725 -0.0011056115324620517
v 0.0018015386990032564 0.05488647002381273 0.0005760236374001434
v 0.0018015386990032564 0.05488682392638169 0.0003360365719314216
v 0.0018015386990032564 0.054757250882658585 -0.0014740756787394473
v 0.0018015386990032564 0.055018337846298795 -0.00012343804373709722
v 0.0018015386990032564 0.055710243445654194 0.00166966796613422
v 0.0018015386990032564 0.05641742646011823 0.0017362719639519102
v 0.0018015386990032564 0.05496682453341848 0.004287943595868459
v 0.0018015386990032564 0.055941006547069516 0.0017355711437331072
v 0.0018015386990032564 0.0551450163395368 -0.0003272670350747137
v 0.0018015386990032564 0.05530700313328677 -0.0005043370049740089
v 0.0018015386990032564 0.05522671940419481 -0.0017441478095104959
v 0.0018015386990032564 0.05549878107276309 -0.0006486134780767068
v 0.0018015386990032564 0.05594476163959073 -0.0008204038386482532
v 0.0018015386990032564 0.05574478806167525 -0.0019020740369428898
v 0.0018015386990032564 0.055713812273665425 -0.0007551796533959058
v 0.0018015386990032564 0.056072181465578456 0.006862009227743417
v -0.0017984611436370973 0.056072181465578456 0.006862009227743417
v -0.0017984611436370973 0.05702829582176134 0.005040526256333957
v 0.0018015386990032564 0.05702829582176134 0.005040526256333957
v -0.0017984611436370973 0.0520714023304088 0.006201369989033409
v -0.0017984611436370973 0.05293354624130633 0.005128052880896524
v -0.0017984611436370973 0.052277969671977606 0.006429534700534496
v -0.0017984611436370973 0.052871136454592134 0.004921645261145031
v -0.0017984611436370973 0.05189572882046543 0.0059486453705687925
v -0.0017984611436370973 0.05175384369263259 0.0056755164063583205
v -0.0017984611436370973 0.0530469030967905 0.0069315254711746575
v -0.0017984611436370973 0.05276976013238994 0.006797639938384221
v -0.0017984611436370973 0.05317168169202669 0.005485128931449008
v -0.0017984611436370973 0.05303503059692432 0.005318317886890525
v -0.0017984611436370973 0.052512040831090186 0.006629387206518487
v -0.0017984611436370973 0.0533382505927222 0.005622075255799704
v -0.0017984611436370973 0.05164808642915564 0.005386475330721456
v -0.0017984611436370973 0.05158018928997741 0.005086276545275462
v -0.0017984611436370973 0.05155126241157738 0.004779855593873556
v -0.0017984611436370973 0.05285018914779968 0.004707027567454854
v -0.0017984611436370973 0.052871516434192495 0.004492447126666674
v -0.0017984611436370973 0.051699875413510725 0.0038736757260182577
v -0.0017984611436370973 0.0515617900816815 0.004472253725478371
v -0.0017984611436370973 0.051825156922923866 0.003592544139967094
v -0.0017984611436370973 0.052934287574056056 0.004286149868637343
v -0.0017984611436370973 0.05161160093694058 0.004168528487197163
v -0.0017984611436370973 0.05364093787202154 0.007087990919187527
v -0.0017984611436370973 0.05333889134263654 0.007028842158381821
v -0.0017984611436370973 0.053528340975738095 0.005723893956213106
v -0.0017984611436370973 0.05373463637112232 0.005786672080995789
v -0.0017984611436370973 0.05394806942252902 0.007107997124543299
v -0.0017984611436370973 0.054247120818593536 0.007089558335039016
v -0.0017984611436370973 0.05416383450560068 0.0057870511292736
v -0.0017984611436370973 0.056072181465578456 0.006862009227743417
v -0.0017984611436370973 0.054727318175904656 0.005486501700887566
v -0.0017984611436370973 0.053949216811910505 0.005807997970404776
v -0.0017984611436370973 0.0543702453849811 0.00572463715160793
v -0.0017984611436370973 0.05496608320066876 0.0051298461424663655
v -0.0017984611436370973 0.05486426729422301 0.005319931868869509
v -0.0017984611436370973 0.05456050713134618 0.005623153727312494
v -0.0017984611436370973 0.055028861791112715 0.00492354935009831
v -0.0017984611436370973 0.05702829582176134 0.005040526256333957
v -0.0017984611436370973 0.05505018535221533 0.00470896890931013
v -0.0017984611436370973 0.055029238045422875 0.004494350749958678
v -0.0017984611436370973 0.05617995038576319 0.0017579335951401374
v -0.0017984611436370973 0.053339863643378636 0.00379284274945249
v -0.0017984611436370973 0.05317305632411035 0.003929494775877417
v -0.0017984611436370973 0.05303610720579201 0.004096064142234199
v -0.0017984611436370973 0.055495528894418826 0.001562469597426614
v -0.0017984611436370973 0.054865343903090696 0.004097678124213184
v -0.0017984611436370973 0.05472869280798832 0.003930867545315977
v -0.0017984611436370973 0.05405606558541594 -0.0006575201812827179
v -0.0017984611436370973 0.05353013284032411 0.0036913597908183288
v -0.0017984611436370973 0.05530417936331546 0.0014176296159735646
v -0.0017984611436370973 0.05456212018200261 0.003793921220965279
v -0.0017984611436370973 0.05493024218365824 0.0008119863708192389
v -0.0017984611436370973 0.053951157688104504 0.0036079987391908455
v -0.0017984611436370973 0.05373653999441433 0.0036289453474913835
v -0.0017984611436370973 0.05501662793809717 0.0010358831803200695
v -0.0017984611436370973 0.054165738128892686 0.0036293241629385574
v -0.0017984611436370973 0.054372037249567115 0.003692102753382515
v -0.0017984611436370973 0.05514271038490323 0.0012400840312895651
v -0.0017984611436370973 0.054360291409567725 -0.0011056115324620517
v -0.0017984611436370973 0.05493128153962393 0.00010020364886867639
v -0.0017984611436370973 0.05488682392638169 0.0003360365719314216
v -0.0017984611436370973 0.05488647002381273 0.0005760236374001434
v -0.0017984611436370973 0.055018337846298795 -0.00012343804373709722
v -0.0017984611436370973 0.054757250882658585 -0.0014740756787394473
v -0.0017984611436370973 0.055710243445654194 0.00166966796613422
v -0.0017984611436370973 0.05641742646011823 0.0017362719639519102
v -0.0017984611436370973 0.055941006547069516 0.0017355711437331072
v -0.0017984611436370973 0.05496682453341848 0.004287943595868459
v -0.0017984611436370973 0.0551450163395368 -0.0003272670350747137
v -0.0017984611436370973 0.05530700313328677 -0.0005043370049740089
v -0.0017984611436370973 0.05522671940419481 -0.0017441478095104959
v -0.0017984611436370973 0.05549878107276309 -0.0006486134780767068
v -0.0017984611436370973 0.055713812273665425 -0.0007551796533959058
v -0.0017984611436370973 0.05574478806167525 -0.0019020740369428898
v -0.0017984611436370973 0.05594476163959073 -0.0008204038386482532
v -0.003198461289402246 0.08458652867948481 0.003306817408454702
v -0.0039984615390042146 0.08448755516946135 0.00251296412051274
v -0.0039984615390042146 0.05414814358327989 0.006295705047097054
v -0.003198461289402246 0.054247120818593536 0.007089558335039016
v 0.0032015388447684053 0.08518249315503924 0.003173801498095239
v -0.003198461289402246 0.08517467004562006 0.0031763398177050033
v 0.0032015388447684053 0.0857423372168182 0.0029300054689165565
v 0.0032015388447684053 0.08624568352742974 0.0025843055233111564
v -0.003198461289402246 0.0862267143497333 0.0026000702529440263
v -0.003198461289402246 0.08572793524490648 0.0029379408027030173
v 0.0032015388447684053 0.08667418875793098 0.002149289649694184
v 0.0032015388447684053 0.08701226629412669 0.0016407978984097325
v -0.003198461289402246 0.0869926489159355 0.0016769158674635324
v 0.0032015388447684053 0.08724760777719734 0.0010773456602418147
v 0.0032015388447684053 0.08737163758910341 0.0004794495926150394
v -0.003198461289402246 0.0873648575609401 0.000536593536112927
v -0.003198461289402246 0.08723266191291647 0.0011243512555652725
v -0.003198461289402246 0.08665332713281311 0.0021747033466053387
v -0.003198461289402246 0.08738455689551568 -6.552517705894476e-05
v 0.0032015388447684053 0.08737983322754256 -0.0001311197376478574
v -0.003198461289402246 0.08729103721034448 -0.0006606642097958765
v 0.0032015388447684053 0.08727190411987924 -0.0007321300023623648
v -0.003198461289402246 0.08678156652264475 -0.0017466243125860105
v 0.0032015388447684053 0.08705176927140343 -0.0013016969551469988
v 0.0032015388447684053 0.08672747530894631 -0.0018190814397992126
v -0.003198461289402246 0.08708765126660614 -0.0012277301540804014
v -0.003198461289402246 0.08590802322373639 -0.0025686932977458336
v 0.0032015388447684053 0.08631078669895827 -0.0022654444309489017
v 0.0032015388447684053 0.08581690262545374 -0.002624532371039816
v -0.003198461289402246 0.0847931630762772 -0.0030113574249732585
v 0.0032015388447684053 0.0852638087895165 -0.0028832703063785274
v 0.0032015388447684053 0.08467162920880487 -0.0030322369780502035
v -0.003198461289402246 0.08537152183034825 -0.0028427312327650124
v -0.003198461289402246 0.08638366082584319 -0.002198956149958037
v -0.003198461289402246 0.08419343605762114 -0.00306859511190656
v 0.0032015388447684053 0.08406194076415503 -0.0030660083635242006
v -0.003198461289402246 0.08406194076415503 -0.0030660083635242006
v 0.004001538628709099 0.05414814358327989 0.006295705047097054
v 0.004001538628709099 0.08448755516946135 0.00251296412051274
v 0.0032015388447684053 0.08458652867948481 0.003306817408454702
v 0.0032015388447684053 0.054247120818593536 0.007089558335039016
v 0.0018015386990032564 0.05702829582176134 0.005040526256333957
v -0.0017984611436370973 0.05702829582176134 0.005040526256333957
v 0.0018015386990032564 0.05641742646011823 0.0017362719639519102
v -0.0017984611436370973 0.05641742646011823 0.0017362719639519102
v 0.0018015386990032564 0.05594476163959073 -0.0008204038386482532
v -0.0017984611436370973 0.05594476163959073 -0.0008204038386482532
v 0.0018015386990032564 0.05574478806167525 -0.0019020740369428898
v -0.0017984611436370973 0.05574478806167525 -0.0019020740369428898
v 0.0032015388447684053 0.05608459413252358 -0.0019401249659490164
v 0.0032015388447684053 0.05577240736321522 -0.0019070127240097144
v 0.0018015386990032564 0.05574478806167525 -0.0019020740369428898
v 0.0032015388447684053 0.05546721296361153 -0.0018334357978455709
v -0.0017984611436370973 0.05574478806167525 -0.0019020740369428898
v 0.0032015388447684053 0.0551742412411528 -0.0017206528698827817
v 0.0018015386990032564 0.05522671940419481 -0.0017441478095104959
v 0.0018015386990032564 0.0549919851434267 -0.0016091117441249716
v 0.0032015388447684053 0.05489849153528689 -0.0015705937568600678
v 0.0018015386990032564 0.05548575745822523 -0.0018231110396420116
v -0.003198461289402246 0.05608459413252358 -0.0019401249659490164
v -0.003198461289402246 0.05577240736321522 -0.0019070127240097144
v -0.003198461289402246 0.05546721296361153 -0.0018334357978455709
v -0.0017984611436370973 0.05522671940419481 -0.0017441478095104959
v -0.003198461289402246 0.0551742412411528 -0.0017206528698827817
v -0.0017984611436370973 0.0549919851434267 -0.0016091117441249716
v -0.0017984611436370973 0.05548575745822523 -0.0018231110396420116
v 0.0018015386990032564 0.054558771146113155 -0.0012898435473930902
v 0.0018015386990032564 0.054757250882658585 -0.0014740756787394473
v 0.0032015388447684053 0.05464468751398694 -0.0013858258822168781
v 0.0032015388447684053 0.05441717659091588 -0.001169510853179501
v 0.0018015386990032564 0.054360291409567725 -0.0011056115324620517
v 0.0032015388447684053 0.05405606558541594 -0.0006575201812827179
v 0.0018015386990032564 0.05405606558541594 -0.0006575201812827179
v 0.0018015386990032564 0.054208176634846734 -0.0008815659441838738
v 0.0032015388447684053 0.054219836793171536 -0.0009253497455612559
v -0.0017984611436370973 0.054360291409567725 -0.0011056115324620517
v -0.003198461289402246 0.05441717659091588 -0.001169510853179501
v -0.0017984611436370973 0.054558771146113155 -0.0012898435473930902
v -0.0017984611436370973 0.054757250882658585 -0.0014740756787394473
v -0.003198461289402246 0.05464468751398694 -0.0013858258822168781
v -0.003198461289402246 0.05489849153528689 -0.0015705937568600678
v -0.003198461289402246 0.054219836793171536 -0.0009253497455612559
v -0.0017984611436370973 0.054208176634846734 -0.0008815659441838738
v -0.003198461289402246 0.05405606558541594 -0.0006575201812827179
v -0.0017984611436370973 0.05405606558541594 -0.0006575201812827179
v -0.003198461289402246 0.05394806942252902 0.007107997124543299
v -0.0039984615390042146 0.05371387532883985 0.006290450990931768
v -0.003198461289402246 0.05333889134263654 0.007028842158381821
v -0.0039984615390042146 0.05329702280608303 0.006168605596066496
v -0.003198461289402246 0.05364093787202154 0.007087990919187527
v -0.003198461289402246 0.05276976013238994 0.006797639938384221
v -0.0039984615390042146 0.05292828985683467 0.005939145414898493
v -0.003198461289402246 0.0530469030967905 0.0069315254711746575
v -0.003198461289402246 0.052512040831090186 0.006629387206518487
v -0.0039984615390042146 0.052634848747810783 0.0056189776769987225
v -0.003198461289402246 0.0520714023304088 0.006201369989033409
v -0.003198461289402246 0.052277969671977606 0.006429534700534496
v -0.003198461289402246 0.05175384369263259 0.0056755164063583205
v -0.003198461289402246 0.05189572882046543 0.0059486453705687925
v -0.0039984615390042146 0.05243831733803975 0.00523169045424989
v -0.0039984615390042146 0.05235317955581768 0.004805819003919791
v -0.003198461289402246 0.05158018928997741 0.005086276545275462
v -0.0039984615390042146 0.052385708789840744 0.004372740048375983
v -0.003198461289402246 0.0515617900816815 0.004472253725478371
v -0.003198461289402246 0.05164808642915564 0.005386475330721456
v -0.003198461289402246 0.051699875413510725 0.0038736757260182577
v -0.0039984615390042146 0.05253349850263998 0.0039643620951620145
v -0.003198461289402246 0.05155126241157738 0.004779855593873556
v -0.003198461289402246 0.05161160093694058 0.004168528487197163
v -0.003198461289402246 0.051825156922923866 0.003592544139967094
v -0.0039984615390042146 0.052634848747810783 0.0056189776769987225
v -0.0039984615390042146 0.05292828985683467 0.005939145414898493
v -0.0039984615390042146 0.053528340975738095 0.005723893956213106
v -0.0039984615390042146 0.05303503059692432 0.005318317886890525
v -0.0039984615390042146 0.05317168169202669 0.005485128931449008
v -0.0039984615390042146 0.0533382505927222 0.005622075255799704
v -0.0039984615390042146 0.053949216811910505 0.005807997970404776
v -0.0039984615390042146 0.05329702280608303 0.006168605596066496
v -0.0039984615390042146 0.05373463637112232 0.005786672080995789
v -0.0039984615390042146 0.05235317955581768 0.004805819003919791
v -0.0039984615390042146 0.05243831733803975 0.00523169045424989
v -0.0039984615390042146 0.052871136454592134 0.004921645261145031
v -0.0039984615390042146 0.052871516434192495 0.004492447126666674
v -0.0039984615390042146 0.05285018914779968 0.004707027567454854
v -0.0039984615390042146 0.05293354624130633 0.005128052880896524
v -0.0039984615390042146 0.05414814358327989 0.006295705047097054
v -0.0039984615390042146 0.05371387532883985 0.006290450990931768
v -0.0039984615390042146 0.0543702453849811 0.00572463715160793
v -0.0039984615390042146 0.05416383450560068 0.0057870511292736
v -0.0039984615390042146 0.05456050713134618 0.005623153727312494
v -0.0039984615390042146 0.06817862955629612 0.0032476660865119844
v -0.0039984615390042146 0.054727318175904656 0.005486501700887566
v -0.0039984615390042146 0.05505018535221533 0.00470896890931013
v -0.0039984615390042146 0.055028861791112715 0.00492354935009831
v -0.0039984615390042146 0.06796015618724935 0.0032259525340915998
v -0.0039984615390042146 0.05496608320066876 0.0051298461424663655
v -0.0039984615390042146 0.05486426729422301 0.005319931868869509
v -0.0039984615390042146 0.052385708789840744 0.004372740048375983
v -0.0039984615390042146 0.052934287574056056 0.004286149868637343
v -0.0039984615390042146 0.05253349850263998 0.0039643620951620145
v -0.0039984615390042146 0.05303610720579201 0.004096064142234199
v -0.0039984615390042146 0.05317305632411035 0.003929494775877417
v -0.0039984615390042146 0.053339863643378636 0.00379284274945249
v -0.0039984615390042146 0.05353013284032411 0.0036913597908183288
v -0.0039984615390042146 0.05373653999441433 0.0036289453474913835
v -0.0039984615390042146 0.05545789973811249 0.0015382068987718227
v -0.0039984615390042146 0.05617995038576319 0.0017579335951401374
v -0.0039984615390042146 0.053951157688104504 0.0036079987391908455
v -0.0039984615390042146 0.054165738128892686 0.0036293241629385574
v -0.0039984615390042146 0.054372037249567115 0.003692102753382515
v -0.0039984615390042146 0.05592635498071442 0.00173273049354058
v -0.0039984615390042146 0.05526104795338429 0.0013763613168034745
v -0.0039984615390042146 0.05472869280798832 0.003930867545315977
v -0.0039984615390042146 0.06738696813597536 0.0029189269215241687
v -0.0039984615390042146 0.05456212018200261 0.003793921220965279
v -0.0039984615390042146 0.054865343903090696 0.004097678124213184
v -0.0039984615390042146 0.06755656569760317 0.0030583629038813975
v -0.0039984615390042146 0.055029238045422875 0.004494350749958678
v -0.0039984615390042146 0.06775010942463411 0.0031620330735240092
v -0.0039984615390042146 0.05496682453341848 0.004287943595868459
v -0.0039984615390042146 0.05643358676900417 0.0017331781104411277
v -0.0039984615390042146 0.055682545913020035 0.0016585379631709495
v -0.0039984615390042146 0.06714449644746265 0.002555358854306939
v -0.0039984615390042146 0.05667752249656534 0.001659415967504872
v -0.0039984615390042146 0.06724782854701965 0.0027490830250819225
v -0.0039984615390042146 0.06705962688613495 0.0021266783023356915
v -0.0039984615390042146 0.05690238101301426 0.0015394815300966856
v -0.0039984615390042146 0.07413254481551355 0.002505329138248623
v -0.0039984615390042146 0.06860732105130733 0.003162789540265169
v -0.0039984615390042146 0.06839716252998611 0.0032263381016272605
v -0.0039984615390042146 0.08448755516946135 0.00251296412051274
v -0.0039984615390042146 0.06708095044723757 0.002345198237509968
v -0.0039984615390042146 0.07391404909472558 0.002483615585828239
v -0.0039984615390042146 0.06897088702304884 0.0029203246038409375
v -0.0039984615390042146 0.06880104359226787 0.0030594611659983725
v -0.0039984615390042146 0.07370400978269073 0.0024196958924300105
v -0.0039984615390042146 0.06911032463522052 0.0027507265765518664
v -0.0039984615390042146 0.06921398456031508 0.0025571849449966644
v -0.0039984615390042146 0.07435105543746233 0.0024840011533638993
v -0.0039984615390042146 0.07456122140936397 0.0024204523591711703
v -0.0039984615390042146 0.07351046605565979 0.0023160259556180363
v -0.0039984615390042146 0.06927791054014053 0.0023471370182282314
v -0.0039984615390042146 0.073340868494032 0.0021765899732608075
v -0.0039984615390042146 0.08492865933141769 0.002415105636412169
v -0.0039984615390042146 0.08534360450559232 0.0022363063751606794
v -0.0039984615390042146 0.08008643772298979 0.0017629920735699432
v -0.0039984615390042146 0.07475494395032449 0.0023171239849043737
v -0.0039984615390042146 0.06927829797032128 0.0019101347500276315
v -0.0039984615390042146 0.0692996289820043 0.0021286548016172264
v -0.0039984615390042146 0.07320173635565667 0.0020067460768185613
v -0.0039984615390042146 0.07986796435394301 0.0017412786375648778
v -0.0039984615390042146 0.07492479483168586 0.0021779876555775763
v -0.0039984615390042146 0.07506422499327715 0.002008389628288505
v -0.0039984615390042146 0.06708133787741832 0.0019081960857246867
v -0.0039984615390042146 0.06714525640666337 0.0016981481589562536
v -0.0039984615390042146 0.05709952709566823 0.001377983680685408
v -0.0039984615390042146 0.0691114273211196 0.001506249846040358
v -0.0039984615390042146 0.0692147445195158 0.0016999742496459787
v -0.0039984615390042146 0.0730348582558746 0.0016028612892466066
v -0.0039984615390042146 0.07309841170668008 0.0018130215567976218
v -0.0039984615390042146 0.07965791014074736 0.0016773589441666495
v -0.0039984615390042146 0.08030495579551897 0.0017416643215158569
v -0.0039984615390042146 0.08070883685780073 0.0015747870366410125
v -0.0039984615390042146 0.08571769069685753 0.0019829037538797328
v -0.0039984615390042146 0.0805151217674206 0.0016781154109078093
v -0.0039984615390042146 0.07516789981953251 0.0018148477639026658
v -0.0039984615390042146 0.07946436641371642 0.0015736888909393565
v -0.0039984615390042146 0.07523181089819715 0.0016047999535495515
v -0.0039984615390042146 0.07929477630266903 0.0014342529085821275
v -0.0039984615390042146 0.0860376484215223 0.001663878399502739
v -0.0039984615390042146 0.08087868773916208 0.0014356505908988966
v -0.0039984615390042146 0.06724893123291874 0.0015046062945704144
v -0.0039984615390042146 0.057261368603100424 0.001181128869158921
v -0.0039984615390042146 0.06738836884509042 0.0013350083836966616
v -0.0039984615390042146 0.05738170292712848 0.0009564821703824393
v -0.0039984615390042146 0.067558204825291 0.0011958718215392269
v -0.0039984615390042146 0.05745589208145386 0.0007126764787323016
v -0.0039984615390042146 0.05509954917265046 0.0011792212877460794
v -0.0039984615390042146 0.05497961345467377 0.0009543625384665162
v -0.0039984615390042146 0.05490585270872134 0.0007104262870364138
v -0.0039984615390042146 0.057481093669654273 0.0004590812192026733
v -0.0039984615390042146 0.06775193481683192 0.001092543563687749
v -0.0039984615390042146 0.057456339116277816 0.000205441852819158
v -0.0039984615390042146 0.06796209333815315 0.0010289946530797015
v -0.0039984615390042146 0.0730991642153004 0.0009558111524852332
v -0.0039984615390042146 0.0688026827199557 0.001196969967240883
v -0.0039984615390042146 0.07303523823547496 0.0011658590210460067
v -0.0039984615390042146 0.06897228773216389 0.001336405949598112
v -0.0039984615390042146 0.07301351979361119 0.0013843412376570118
v -0.0039984615390042146 0.06860914644350515 0.001093300030428909
v -0.0039984615390042146 0.06818061141068232 0.001007666901025615
v -0.0039984615390042146 0.057101147596905065 -0.00046049322060364714
v -0.0039984615390042146 0.07351211263392803 0.0004535348150682065
v -0.0039984615390042146 0.0683990996808899 0.0010293802206153618
v -0.0039984615390042146 0.07334226175256665 0.0005926713190179819
v -0.0039984615390042146 0.07320283159097536 0.0007622692880993938
v -0.0039984615390042146 0.05490629974354529 0.00020319167567518502
v -0.0039984615390042146 0.054764407165132055 -0.0002857020805686493
v -0.0039984615390042146 0.05488109443005468 0.00045678693520481337
v -0.0039984615390042146 0.05498048889787068 -4.0614005061016494e-05
v -0.0039984615390042146 0.05510082322189873 -0.00026526071475143443
v -0.0039984615390042146 0.055262668454621126 -0.0004621155262779213
v -0.0039984615390042146 0.05500514659370195 -0.0006270291466601217
v -0.0039984615390042146 0.05545980708669469 -0.0006236133465853692
v -0.0039984615390042146 0.05568466560314362 -0.0007435477839935556
v -0.0039984615390042146 0.055326024465046024 -0.0008944178461265988
v -0.0039984615390042146 0.055928605055994986 -0.0008173100433451301
v -0.0039984615390042146 0.05570517705098271 -0.0010696459510604799
v -0.0039984615390042146 0.05618224143923596 -0.0008420653534211616
v -0.0039984615390042146 0.05726264265234869 -0.000263353104234763
v -0.0039984615390042146 0.057382578370325385 -3.8494369507114665e-05
v -0.0039984615390042146 0.07370583517488855 0.00035020661542438787
v -0.0039984615390042146 0.056904288361596465 -0.0006223387152605063
v -0.0039984615390042146 0.05611675828810708 -0.0011407718691039124
v -0.0039984615390042146 0.05643584056957494 -0.0008168624846522416
v -0.0039984615390042146 0.05667964218668892 -0.0007426697796596332
v -0.0039984615390042146 0.07391598624562938 0.00028665758840102154
v -0.0039984615390042146 0.07898875116335083 0.0008605241663602675
v -0.0039984615390042146 0.07506532022859584 0.0007639127813616783
v -0.0039984615390042146 0.07516865232815284 0.0009576373013826177
v -0.0039984615390042146 0.07523219832837791 0.0011677976853489516
v -0.0039984615390042146 0.07905230461415631 0.0010706846085342609
v -0.0039984615390042146 0.0791556367137133 0.0012644091285552
v -0.0039984615390042146 0.07525352188948052 0.0013863177369385464
v -0.0039984615390042146 0.07896743505282862 0.0006420041729783319
v -0.0039984615390042146 0.07492618809022052 0.0005940690013347509
v -0.0039984615390042146 0.07456304680156178 0.00035096302395788833
v -0.0039984615390042146 0.07475659052859272 0.00045463296076986255
v -0.0039984615390042146 0.07905305712277663 0.00021347410235846815
v -0.0039984615390042146 0.07898913859353159 0.000423522043678816
v -0.0039984615390042146 0.08629213789621898 0.001290537848354044
v -0.0039984615390042146 0.08101812535133378 0.0012660525636098252
v -0.0039984615390042146 0.08112179272700874 0.0010725108156393046
v -0.0039984615390042146 0.08647215136924491 0.0008761142730150302
v -0.0039984615390042146 0.08118571125625379 0.0008624628306632123
v -0.0039984615390042146 0.08657130369319793 0.0004352960561853453
v -0.0039984615390042146 0.08120742969811756 0.0006439807886751853
v -0.0039984615390042146 0.08118609123585414 0.00042546067887793115
v -0.0039984615390042146 0.08112254523562906 0.00021530025125585263
v -0.0039984615390042146 0.07915673194903199 1.993230891321369e-05
v -0.0039984615390042146 0.07435299258836614 0.0002870432141443414
v -0.0039984615390042146 0.07929616956120368 -0.0001496656729011238
v -0.0039984615390042146 0.07946601299198465 -0.000288802191402814
v -0.0039984615390042146 0.07965973553294517 -0.000392130449254292
v -0.0039984615390042146 0.07413451921931935 0.0002653299236584242
v -0.0039984615390042146 0.07986990150484681 -0.00045567938896616924
v -0.0039984615390042146 0.08409411237031893 -0.0022666556159250525
v -0.0039984615390042146 0.08008841212679559 -0.00047700711191642594
v -0.0039984615390042146 0.08636338034599647 -0.0008879467842192253
v -0.0039984615390042146 0.08030690039700317 -0.00045529376322284946
v -0.0039984615390042146 0.08051694715961841 -0.0003913740407207915
v -0.0039984615390042146 0.08071048343606894 -0.00028770404570115793
v -0.0039984615390042146 0.08651593843025121 -0.00046264722414242766
v -0.0039984615390042146 0.08088008099769675 -0.0001482680196881844
v -0.0039984615390042146 0.08101922058665247 2.1575793080551385e-05
v -0.0039984615390042146 0.08658607074354922 -1.6293024168292413e-05
v -0.0039984615390042146 0.08613382796389603 -0.0012771173739946024
v -0.0039984615390042146 0.08419273570306361 -0.0022685955607965034
v -0.0039984615390042146 0.08464252724176546 -0.002225666946350571
v -0.0039984615390042146 0.08507629258202855 -0.002099197535025024
v -0.0039984615390042146 0.08583539496600465 -0.0016163661647121334
v -0.0039984615390042146 0.08547866862706965 -0.0018936692001759587
v -0.003198461289402246 0.08537152183034825 -0.0028427312327650124
v -0.0039984615390042146 0.08464252724176546 -0.002225666946350571
v -0.0039984615390042146 0.08507629258202855 -0.002099197535025024
v -0.0039984615390042146 0.08547866862706965 -0.0018936692001759587
v -0.003198461289402246 0.08590802322373639 -0.0025686932977458336
v -0.003198461289402246 0.0847931630762772 -0.0030113574249732585
v -0.0039984615390042146 0.08636338034599647 -0.0008879467842192253
v -0.003198461289402246 0.08708765126660614 -0.0012277301540804014
v -0.0039984615390042146 0.08613382796389603 -0.0012771173739946024
v -0.003198461289402246 0.08678156652264475 -0.0017466243125860105
v -0.0039984615390042146 0.08583539496600465 -0.0016163661647121334
v -0.0039984615390042146 0.08651593843025121 -0.00046264722414242766
v -0.003198461289402246 0.08729103721034448 -0.0006606642097958765
v -0.003198461289402246 0.08638366082584319 -0.002198956149958037
v -0.003198461289402246 0.08738455689551568 -6.552517705894476e-05
v -0.0039984615390042146 0.08658607074354922 -1.6293024168292413e-05
v -0.003198461289402246 0.08665332713281311 0.0021747033466053387
v -0.0039984615390042146 0.08629213789621898 0.001290537848354044
v -0.0039984615390042146 0.0860376484215223 0.001663878399502739
v -0.003198461289402246 0.0869926489159355 0.0016769158674635324
v -0.0039984615390042146 0.08647215136924491 0.0008761142730150302
v -0.0039984615390042146 0.08492865933141769 0.002415105636412169
v -0.0039984615390042146 0.08571769069685753 0.0019829037538797328
v -0.003198461289402246 0.0862267143497333 0.0026000702529440263
v -0.003198461289402246 0.08517467004562006 0.0031763398177050033
v -0.0039984615390042146 0.08534360450559232 0.0022363063751606794
v -0.003198461289402246 0.08572793524490648 0.0029379408027030173
v -0.003198461289402246 0.0873648575609401 0.000536593536112927
v -0.0039984615390042146 0.08657130369319793 0.0004352960561853453
v -0.003198461289402246 0.08723266191291647 0.0011243512555652725
v 0.004001538628709099 0.0853544078471712 0.0022303547584055154
v 0.0032015388447684053 0.0857423372168182 0.0029300054689165565
v 0.004001538628709099 0.0849345229381919 0.0024132020131201644
v 0.0032015388447684053 0.08518249315503924 0.003173801498095239
v 0.0032015388447684053 0.08624568352742974 0.0025843055233111564
v 0.004001538628709099 0.08573192130542007 0.0019710799156167835
v 0.0032015388447684053 0.08724760777719734 0.0010773456602418147
v 0.004001538628709099 0.08630685279250747 0.001263449284252205
v 0.004001538628709099 0.08648335704216535 0.0008408601638339259
v 0.004001538628709099 0.08605329464036068 0.0016448180686117137
v 0.0032015388447684053 0.08667418875793098 0.002149289649694184
v 0.0032015388447684053 0.08701226629412669 0.0016407978984097325
v 0.0032015388447684053 0.08737163758910341 0.0004794495926150394
v 0.004001538628709099 0.08657638498903021 0.0003924380476302276
v 0.0032015388447684053 0.08737983322754256 -0.0001311197376478574
v 0.004001538628709099 0.08658253171785958 -6.548891368715785e-05
v 0.0032015388447684053 0.08727190411987924 -0.0007321300023623648
v 0.004001538628709099 0.08650158116182188 -0.0005162465831192087
v 0.0032015388447684053 0.08672747530894631 -0.0018190814397992126
v 0.004001538628709099 0.08633648375075523 -0.0009434219432268326
v 0.004001538628709099 0.08609325955362218 -0.0013314602776121633
v 0.0032015388447684053 0.08705176927140343 -0.0013016969551469988
v 0.004001538628709099 0.08541033190364787 -0.0019355482141081486
v 0.004001538628709099 0.08499551338934004 -0.002129601723819842
v 0.0032015388447684053 0.0852638087895165 -0.0028832703063785274
v 0.0032015388447684053 0.08631078669895827 -0.0022654444309489017
v 0.004001538628709099 0.08578073750819586 -0.0016662323172476224
v 0.004001538628709099 0.08455137684116121 -0.0022413271350272142
v 0.0032015388447684053 0.08467162920880487 -0.0030322369780502035
v 0.0032015388447684053 0.08581690262545374 -0.002624532371039816
v 0.0032015388447684053 0.08406194076415503 -0.0030660083635242006
v 0.004001538628709099 0.08409411237031893 -0.0022666556159250525
v 0.004001538628709099 0.052835377393966 0.005855689601201557
v 0.004001538628709099 0.05373463637112232 0.005786672080995789
v 0.004001538628709099 0.05316324018443436 0.006101092627440099
v 0.004001538628709099 0.0533382505927222 0.005622075255799704
v 0.004001538628709099 0.052580552643151354 0.0055350962488964804
v 0.004001538628709099 0.053528340975738095 0.005723893956213106
v 0.004001538628709099 0.05317168169202669 0.005485128931449008
v 0.004001538628709099 0.05303503059692432 0.005318317886890525
v 0.004001538628709099 0.052871136454592134 0.004921645261145031
v 0.004001538628709099 0.0524154515067945 0.005160316222331589
v 0.004001538628709099 0.05235090340350572 0.004755902909212564
v 0.004001538628709099 0.05285018914779968 0.004707027567454854
v 0.004001538628709099 0.052871516434192495 0.004492447126666674
v 0.004001538628709099 0.05293354624130633 0.005128052880896524
v 0.004001538628709099 0.05414814358327989 0.006295705047097054
v 0.004001538628709099 0.05394877722766695 0.006307997573433242
v 0.004001538628709099 0.05354265726597523 0.006255227906433108
v 0.004001538628709099 0.053949216811910505 0.005807997970404776
v 0.004001538628709099 0.05416383450560068 0.0057870511292736
v 0.004001538628709099 0.0543702453849811 0.00572463715160793
v 0.004001538628709099 0.05456050713134618 0.005623153727312494
v 0.004001538628709099 0.054727318175904656 0.005486501700887566
v 0.004001538628709099 0.06796015618724935 0.0032259525340915998
v 0.004001538628709099 0.05496608320066876 0.0051298461424663655
v 0.004001538628709099 0.055028861791112715 0.00492354935009831
v 0.004001538628709099 0.05486426729422301 0.005319931868869509
v 0.004001538628709099 0.06817862955629612 0.0032476660865119844
v 0.004001538628709099 0.052934287574056056 0.004286149868637343
v 0.004001538628709099 0.052391136537661594 0.004348351504761636
v 0.004001538628709099 0.05303610720579201 0.004096064142234199
v 0.004001538628709099 0.05253349850263998 0.0039643620951620145
v 0.004001538628709099 0.05317305632411035 0.003929494775877417
v 0.004001538628709099 0.053339863643378636 0.00379284274945249
v 0.004001538628709099 0.05353013284032411 0.0036913597908183288
v 0.004001538628709099 0.05545789973811249 0.0015382068987718227
v 0.004001538628709099 0.05373653999441433 0.0036289453474913835
v 0.004001538628709099 0.054165738128892686 0.0036293241629385574
v 0.004001538628709099 0.053951157688104504 0.0036079987391908455
v 0.004001538628709099 0.05617995038576319 0.0017579335951401374
v 0.004001538628709099 0.054372037249567115 0.003692102753382515
v 0.004001538628709099 0.05592635498071442 0.00173273049354058
v 0.004001538628709099 0.05526104795338429 0.0013763613168034745
v 0.004001538628709099 0.06738696813597536 0.0029189269215241687
v 0.004001538628709099 0.05472869280798832 0.003930867545315977
v 0.004001538628709099 0.05456212018200261 0.003793921220965279
v 0.004001538628709099 0.06755656569760317 0.0030583629038813975
v 0.004001538628709099 0.054865343903090696 0.004097678124213184
v 0.004001538628709099 0.06775010942463411 0.0031620330735240092
v 0.004001538628709099 0.055029238045422875 0.004494350749958678
v 0.004001538628709099 0.05496682453341848 0.004287943595868459
v 0.004001538628709099 0.05505018535221533 0.00470896890931013
v 0.004001538628709099 0.055682545913020035 0.0016585379631709495
v 0.004001538628709099 0.06724782854701965 0.0027490830250819225
v 0.004001538628709099 0.05643358676900417 0.0017331781104411277
v 0.004001538628709099 0.05690238101301426 0.0015394815300966856
v 0.004001538628709099 0.06705962688613495 0.0021266783023356915
v 0.004001538628709099 0.05667752249656534 0.001659415967504872
v 0.004001538628709099 0.06714449644746265 0.002555358854306939
v 0.004001538628709099 0.06839716252998611 0.0032263381016272605
v 0.004001538628709099 0.06860732105130733 0.003162789540265169
v 0.004001538628709099 0.07413254481551355 0.002505329138248623
v 0.004001538628709099 0.08448755516946135 0.00251296412051274
v 0.004001538628709099 0.06708095044723757 0.002345198237509968
v 0.004001538628709099 0.06880104359226787 0.0030594611659983725
v 0.004001538628709099 0.06897088702304884 0.0029203246038409375
v 0.004001538628709099 0.07391404909472558 0.002483615585828239
v 0.004001538628709099 0.06911032463522052 0.0027507265765518664
v 0.004001538628709099 0.07370400978269073 0.0024196958924300105
v 0.004001538628709099 0.06921398456031508 0.0025571849449966644
v 0.004001538628709099 0.07435105543746233 0.0024840011533638993
v 0.004001538628709099 0.07456122140936397 0.0024204523591711703
v 0.004001538628709099 0.07351046605565979 0.0023160259556180363
v 0.004001538628709099 0.06927791054014053 0.0023471370182282314
v 0.004001538628709099 0.073340868494032 0.0021765899732608075
v 0.004001538628709099 0.0853544078471712 0.0022303547584055154
v 0.004001538628709099 0.0849345229381919 0.0024132020131201644
v 0.004001538628709099 0.07475494395032449 0.0023171239849043737
v 0.004001538628709099 0.08008643772298979 0.0017629920735699432
v 0.004001538628709099 0.07320173635565667 0.0020067460768185613
v 0.004001538628709099 0.0692996289820043 0.0021286548016172264
v 0.004001538628709099 0.06927829797032128 0.0019101347500276315
v 0.004001538628709099 0.07492479483168586 0.0021779876555775763
v 0.004001538628709099 0.07986796435394301 0.0017412786375648778
v 0.004001538628709099 0.07506422499327715 0.002008389628288505
v 0.004001538628709099 0.05709952709566823 0.001377983680685408
v 0.004001538628709099 0.06714525640666337 0.0016981481589562536
v 0.004001538628709099 0.06708133787741832 0.0019081960857246867
v 0.004001538628709099 0.0730348582558746 0.0016028612892466066
v 0.004001538628709099 0.0692147445195158 0.0016999742496459787
v 0.004001538628709099 0.0691114273211196 0.001506249846040358
v 0.004001538628709099 0.07309841170668008 0.0018130215567976218
v 0.004001538628709099 0.07965791014074736 0.0016773589441666495
v 0.004001538628709099 0.08030495579551897 0.0017416643215158569
v 0.004001538628709099 0.08573192130542007 0.0019710799156167835
v 0.004001538628709099 0.08070883685780073 0.0015747870366410125
v 0.004001538628709099 0.0805151217674206 0.0016781154109078093
v 0.004001538628709099 0.07516789981953251 0.0018148477639026658
v 0.004001538628709099 0.07946436641371642 0.0015736888909393565
v 0.004001538628709099 0.07523181089819715 0.0016047999535495515
v 0.004001538628709099 0.07929477630266903 0.0014342529085821275
v 0.004001538628709099 0.08087868773916208 0.0014356505908988966
v 0.004001538628709099 0.08605329464036068 0.0016448180686117137
v 0.004001538628709099 0.057261368603100424 0.001181128869158921
v 0.004001538628709099 0.06724893123291874 0.0015046062945704144
v 0.004001538628709099 0.05738170292712848 0.0009564821703824393
v 0.004001538628709099 0.06738836884509042 0.0013350083836966616
v 0.004001538628709099 0.05745589208145386 0.0007126764787323016
v 0.004001538628709099 0.067558204825291 0.0011958718215392269
v 0.004001538628709099 0.05497961345467377 0.0009543625384665162
v 0.004001538628709099 0.05509954917265046 0.0011792212877460794
v 0.004001538628709099 0.05490585270872134 0.0007104262870364138
v 0.004001538628709099 0.06775193481683192 0.001092543563687749
v 0.004001538628709099 0.057481093669654273 0.0004590812192026733
v 0.004001538628709099 0.07303523823547496 0.0011658590210460067
v 0.004001538628709099 0.0688026827199557 0.001196969967240883
v 0.004001538628709099 0.0730991642153004 0.0009558111524852332
v 0.004001538628709099 0.06897228773216389 0.001336405949598112
v 0.004001538628709099 0.07301351979361119 0.0013843412376570118
v 0.004001538628709099 0.057101147596905065 -0.00046049322060364714
v 0.004001538628709099 0.06818061141068232 0.001007666901025615
v 0.004001538628709099 0.06796209333815315 0.0010289946530797015
v 0.004001538628709099 0.07320283159097536 0.0007622692880993938
v 0.004001538628709099 0.0683990996808899 0.0010293802206153618
v 0.004001538628709099 0.07334226175256665 0.0005926713190179819
v 0.004001538628709099 0.06860914644350515 0.001093300030428909
v 0.004001538628709099 0.07351211263392803 0.0004535348150682065
v 0.004001538628709099 0.057456339116277816 0.000205441852819158
v 0.004001538628709099 0.05488109443005468 0.00045678693520481337
v 0.004001538628709099 0.054764407165132055 -0.0002857020805686493
v 0.004001538628709099 0.05490629974354529 0.00020319167567518502
v 0.004001538628709099 0.05498048889787068 -4.0614005061016494e-05
v 0.004001538628709099 0.05510082322189873 -0.00026526071475143443
v 0.004001538628709099 0.055262668454621126 -0.0004621155262779213
v 0.004001538628709099 0.05500514659370195 -0.0006270291466601217
v 0.004001538628709099 0.05568466560314362 -0.0007435477839935556
v 0.004001538628709099 0.05545980708669469 -0.0006236133465853692
v 0.004001538628709099 0.055326024465046024 -0.0008944178461265988
v 0.004001538628709099 0.055928605055994986 -0.0008173100433451301
v 0.004001538628709099 0.05570517705098271 -0.0010696459510604799
v 0.004001538628709099 0.05618224143923596 -0.0008420653534211616
v 0.004001538628709099 0.05726264265234869 -0.000263353104234763
v 0.004001538628709099 0.057382578370325385 -3.8494369507114665e-05
v 0.004001538628709099 0.056904288361596465 -0.0006223387152605063
v 0.004001538628709099 0.05643584056957494 -0.0008168624846522416
v 0.004001538628709099 0.05611675828810708 -0.0011407718691039124
v 0.004001538628709099 0.05667964218668892 -0.0007426697796596332
v 0.004001538628709099 0.07391598624562938 0.00028665758840102154
v 0.004001538628709099 0.07370583517488855 0.00035020661542438787
v 0.004001538628709099 0.07516865232815284 0.0009576373013826177
v 0.004001538628709099 0.07506532022859584 0.0007639127813616783
v 0.004001538628709099 0.07898875116335083 0.0008605241663602675
v 0.004001538628709099 0.07905230461415631 0.0010706846085342609
v 0.004001538628709099 0.07523219832837791 0.0011677976853489516
v 0.004001538628709099 0.07525352188948052 0.0013863177369385464
v 0.004001538628709099 0.0791556367137133 0.0012644091285552
v 0.004001538628709099 0.07896743505282862 0.0006420041729783319
v 0.004001538628709099 0.07492618809022052 0.0005940690013347509
v 0.004001538628709099 0.07905305712277663 0.00021347410235846815
v 0.004001538628709099 0.07475659052859272 0.00045463296076986255
v 0.004001538628709099 0.07456304680156178 0.00035096302395788833
v 0.004001538628709099 0.07898913859353159 0.000423522043678816
v 0.004001538628709099 0.08101812535133378 0.0012660525636098252
v 0.004001538628709099 0.08630685279250747 0.001263449284252205
v 0.004001538628709099 0.08112179272700874 0.0010725108156393046
v 0.004001538628709099 0.08118571125625379 0.0008624628306632123
v 0.004001538628709099 0.08648335704216535 0.0008408601638339259
v 0.004001538628709099 0.08120742969811756 0.0006439807886751853
v 0.004001538628709099 0.08657638498903021 0.0003924380476302276
v 0.004001538628709099 0.08118609123585414 0.00042546067887793115
v 0.004001538628709099 0.08112254523562906 0.00021530025125585263
v 0.004001538628709099 0.07435299258836614 0.0002870432141443414
v 0.004001538628709099 0.07915673194903199 1.993230891321369e-05
v 0.004001538628709099 0.07413451921931935 0.0002653299236584242
v 0.004001538628709099 0.07946601299198465 -0.000288802191402814
v 0.004001538628709099 0.07965973553294517 -0.000392130449254292
v 0.004001538628709099 0.07929616956120368 -0.0001496656729011238
v 0.004001538628709099 0.07986990150484681 -0.00045567938896616924
v 0.004001538628709099 0.08409411237031893 -0.0022666556159250525
v 0.004001538628709099 0.08008841212679559 -0.00047700711191642594
v 0.004001538628709099 0.08051694715961841 -0.0003913740407207915
v 0.004001538628709099 0.08030690039700317 -0.00045529376322284946
v 0.004001538628709099 0.08633648375075523 -0.0009434219432268326
v 0.004001538628709099 0.08071048343606894 -0.00028770404570115793
v 0.004001538628709099 0.08101922058665247 2.1575793080551385e-05
v 0.004001538628709099 0.08088008099769675 -0.0001482680196881844
v 0.004001538628709099 0.08658253171785958 -6.548891368715785e-05
v 0.004001538628709099 0.08650158116182188 -0.0005162465831192087
v 0.004001538628709099 0.08499551338934004 -0.002129601723819842
v 0.004001538628709099 0.08455137684116121 -0.0022413271350272142
v 0.004001538628709099 0.08541033190364787 -0.0019355482141081486
v 0.004001538628709099 0.08609325955362218 -0.0013314602776121633
v 0.004001538628709099 0.08578073750819586 -0.0016662323172476224
v -0.003198461289402246 0.054219836793171536 -0.0009253497455612559
v -0.003198461289402246 0.05405606558541594 -0.0006575201812827179
v -0.0039984615390042146 0.054764407165132055 -0.0002857020805686493
v -0.0039984615390042146 0.05500514659370195 -0.0006270291466601217
v -0.003198461289402246 0.05441717659091588 -0.001169510853179501
v -0.0039984615390042146 0.055326024465046024 -0.0008944178461265988
v -0.003198461289402246 0.05489849153528689 -0.0015705937568600678
v -0.003198461289402246 0.05464468751398694 -0.0013858258822168781
v -0.003198461289402246 0.0551742412411528 -0.0017206528698827817
v -0.0039984615390042146 0.05570517705098271 -0.0010696459510604799
v -0.003198461289402246 0.05577240736321522 -0.0019070127240097144
v -0.0039984615390042146 0.05611675828810708 -0.0011407718691039124
v -0.003198461289402246 0.05546721296361153 -0.0018334357978455709
v -0.003198461289402246 0.05608459413252358 -0.0019401249659490164
v 0.0032015388447684053 0.05577240736321522 -0.0019070127240097144
v 0.0032015388447684053 0.05608459413252358 -0.0019401249659490164
v 0.004001538628709099 0.05611675828810708 -0.0011407718691039124
v 0.004001538628709099 0.05570517705098271 -0.0010696459510604799
v 0.0032015388447684053 0.05546721296361153 -0.0018334357978455709
v 0.004001538628709099 0.055326024465046024 -0.0008944178461265988
v 0.0032015388447684053 0.05489849153528689 -0.0015705937568600678
v 0.0032015388447684053 0.0551742412411528 -0.0017206528698827817
v 0.0032015388447684053 0.05464468751398694 -0.0013858258822168781
v 0.004001538628709099 0.05500514659370195 -0.0006270291466601217
v 0.0032015388447684053 0.054219836793171536 -0.0009253497455612559
v 0.004001538628709099 0.054764407165132055 -0.0002857020805686493
v 0.0032015388447684053 0.05441717659091588 -0.001169510853179501
v 0.0032015388447684053 0.05405606558541594 -0.0006575201812827179
v -0.003978461387245017 0.08050747747193099 0.001659630986598581
v -0.003978461387245017 0.08030107404313096 0.001722045197094889
v -0.0039984615390042146 0.08030495579551897 0.0017416643215158569
v -0.0039984615390042146 0.0805151217674206 0.0016781154109078093
v -0.003978461387245017 0.08069774294358625 0.00155814802796442
v -0.003978461387245017 0.08100150310646309 0.001254926518767392
v -0.003978461387245017 0.08086455398814474 0.001421495885124174
v -0.0039984615390042146 0.08087868773916208 0.0014356505908988966
v -0.0039984615390042146 0.08101812535133378 0.0012660525636098252
v -0.003978461387245017 0.08110333018877944 0.001064840792364248
v -0.0039984615390042146 0.08070883685780073 0.0015747870366410125
v -0.003978461387245017 0.08116610132864299 0.0008585437671655551
v -0.0039984615390042146 0.08118571125625379 0.0008624628306632123
v -0.0039984615390042146 0.08120742969811756 0.0006439807886751853
v -0.0039984615390042146 0.08112179272700874 0.0010725108156393046
v -0.003978461387245017 0.08118743234032601 0.0006439630935467372
v -0.0039984615390042146 0.08101922058665247 2.1575793080551385e-05
v -0.003978461387245017 0.08100258344062097 3.267251945255623e-05
v -0.003978461387245017 0.08110406779623897 0.0002229376200340033
v -0.003978461387245017 0.08116648130824336 0.0004293451961297528
v -0.0039984615390042146 0.08112254523562906 0.00021530025125585263
v -0.003978461387245017 0.0808659323455186 -0.00013413832865507577
v -0.0039984615390042146 0.08088008099769675 -0.0001482680196881844
v -0.0039984615390042146 0.08051694715961841 -0.0003913740407207915
v -0.003978461387245017 0.0805092730618072 -0.0003729031787961963
v -0.003978461387245017 0.08069935971953289 -0.00027108444927896494
v -0.003978461387245017 0.08030297394113277 -0.0004356815364095167
v -0.0039984615390042146 0.08030690039700317 -0.00045529376322284946
v -0.0039984615390042146 0.08071048343606894 -0.00028770404570115793
v -0.0039984615390042146 0.08118609123585414 0.00042546067887793115
v -0.003978461387245017 0.06859968420639813 0.003144305115955941
v -0.003978461387245017 0.0683932658764373 0.003206719093621611
v -0.0039984615390042146 0.06839716252998611 0.0032263381016272605
v -0.0039984615390042146 0.06860732105130733 0.003162789540265169
v -0.003978461387245017 0.0687899496780534 0.0030428216916605047
v -0.003978461387245017 0.06909370984093023 0.002739600531709433
v -0.003978461387245017 0.06895675327203148 0.0029061696652355777
v -0.0039984615390042146 0.06897088702304884 0.0029203246038409375
v -0.0039984615390042146 0.06911032463522052 0.0027507265765518664
v -0.003978461387245017 0.06919551457150538 0.002549514805306289
v -0.0039984615390042146 0.06880104359226787 0.0030594611659983725
v -0.003978461387245017 0.06925830061252973 0.0023432175472769584
v -0.0039984615390042146 0.06927791054014053 0.0023471370182282314
v -0.0039984615390042146 0.0692996289820043 0.0021286548016172264
v -0.0039984615390042146 0.06921398456031508 0.0025571849449966644
v -0.003978461387245017 0.06927962417363234 0.0021286371064887784
v -0.0039984615390042146 0.0691114273211196 0.001506249846040358
v -0.003978461387245017 0.06909478272450771 0.0015173465542224695
v -0.003978461387245017 0.0691962596295453 0.0017076116766317887
v -0.003978461387245017 0.0692586731415497 0.001914019179967964
v -0.0039984615390042146 0.06927829797032128 0.0019101347500276315
v -0.003978461387245017 0.06895812417882494 0.001350535626079306
v -0.0039984615390042146 0.06897228773216389 0.001336405949598112
v -0.003978461387245017 0.06860147234569394 0.0011117708341458446
v -0.0039984615390042146 0.0683990996808899 0.0010293802206153618
v -0.003978461387245017 0.0683951732250195 0.0010489924765325243
v -0.003978461387245017 0.06879155900341963 0.0012135895345592464
v -0.0039984615390042146 0.06860914644350515 0.001093300030428909
v -0.0039984615390042146 0.0688026827199557 0.001196969967240883
v -0.0039984615390042146 0.0692147445195158 0.0016999742496459787
v -0.003978461387245017 0.07455358456445475 0.0024019679348619423
v -0.003978461387245017 0.07434718113565474 0.00246438214535825
v -0.0039984615390042146 0.07435105543746233 0.0024840011533638993
v -0.0039984615390042146 0.07456122140936397 0.0024204523591711703
v -0.003978461387245017 0.07474384258552963 0.0023004847433971435
v -0.003978461387245017 0.07504760274840645 0.001997263583446072
v -0.003978461387245017 0.07491065363008811 0.002163832949802854
v -0.0039984615390042146 0.07492479483168586 0.0021779876555775763
v -0.0039984615390042146 0.07506422499327715 0.002008389628288505
v -0.003978461387245017 0.07514942238014241 0.0018071778570429278
v -0.0039984615390042146 0.07475494395032449 0.0023171239849043737
v -0.0039984615390042146 0.07516789981953251 0.0018148477639026658
v -0.003978461387245017 0.07521220097058637 0.0016008807154289163
v -0.0039984615390042146 0.07523181089819715 0.0016047999535495515
v -0.003978461387245017 0.07523352453168898 0.001386300158225417
v -0.0039984615390042146 0.07525352188948052 0.0013863177369385464
v -0.0039984615390042146 0.07506532022859584 0.0007639127813616783
v -0.003978461387245017 0.07504868308256435 0.000775009547751449
v -0.003978461387245017 0.07515016743818233 0.000965274611953109
v -0.003978461387245017 0.07521258095018672 0.0011716821152892843
v -0.0039984615390042146 0.07516865232815284 0.0009576373013826177
v -0.003978461387245017 0.07491202453688157 0.0006081986778159448
v -0.0039984615390042146 0.07492618809022052 0.0005940690013347509
v -0.0039984615390042146 0.07456304680156178 0.00035096302395788833
v -0.003978461387245017 0.07455538015433097 0.0003694338567786539
v -0.003978461387245017 0.07474545936147627 0.00047125252808822584
v -0.003978461387245017 0.07434908103365653 0.0003066554700615038
v -0.0039984615390042146 0.07435299258836614 0.0002870432141443414
v -0.0039984615390042146 0.07475659052859272 0.00045463296076986255
v -0.0039984615390042146 0.07523219832837791 0.0011677976853489516
v 0.003981538476949901 0.0805092730618072 -0.0003729031787961963
v 0.003981538476949901 0.08030297394113277 -0.0004356815364095167
v 0.004001538628709099 0.08030690039700317 -0.00045529376322284946
v 0.004001538628709099 0.08051694715961841 -0.0003913740407207915
v 0.003981538476949901 0.08069935971953289 -0.00027108444927896494
v 0.003981538476949901 0.08100258344062097 3.267251945255623e-05
v 0.003981538476949901 0.0808659323455186 -0.00013413832865507577
v 0.004001538628709099 0.08088008099769675 -0.0001482680196881844
v 0.004001538628709099 0.08101922058665247 2.1575793080551385e-05
v 0.003981538476949901 0.08110406779623897 0.0002229376200340033
v 0.004001538628709099 0.08071048343606894 -0.00028770404570115793
v 0.004001538628709099 0.08112254523562906 0.00021530025125585263
v 0.003981538476949901 0.08116648130824336 0.0004293451961297528
v 0.004001538628709099 0.08118609123585414 0.00042546067887793115
v 0.003981538476949901 0.08118743234032601 0.0006439630935467372
v 0.004001538628709099 0.08120742969811756 0.0006439807886751853
v 0.004001538628709099 0.08101812535133378 0.0012660525636098252
v 0.003981538476949901 0.08100150310646309 0.001254926518767392
v 0.003981538476949901 0.08110333018877944 0.001064840792364248
v 0.003981538476949901 0.08116610132864299 0.0008585437671655551
v 0.004001538628709099 0.08112179272700874 0.0010725108156393046
v 0.003981538476949901 0.08086455398814474 0.001421495885124174
v 0.004001538628709099 0.08087868773916208 0.0014356505908988966
v 0.004001538628709099 0.0805151217674206 0.0016781154109078093
v 0.003981538476949901 0.08050747747193099 0.001659630986598581
v 0.003981538476949901 0.08069774294358625 0.00155814802796442
v 0.003981538476949901 0.08030107404313096 0.001722045197094889
v 0.004001538628709099 0.08030495579551897 0.0017416643215158569
v 0.004001538628709099 0.08070883685780073 0.0015747870366410125
v 0.004001538628709099 0.08118571125625379 0.0008624628306632123
v 0.003981538476949901 0.06860147234569394 0.0011117708341458446
v 0.003981538476949901 0.0683951732250195 0.0010489924765325243
v 0.004001538628709099 0.0683990996808899 0.0010293802206153618
v 0.004001538628709099 0.0688026827199557 0.001196969967240883
v 0.003981538476949901 0.06879155900341963 0.0012135895345592464
v 0.003981538476949901 0.06909478272450771 0.0015173465542224695
v 0.003981538476949901 0.06895812417882494 0.001350535626079306
v 0.004001538628709099 0.06897228773216389 0.001336405949598112
v 0.004001538628709099 0.0691114273211196 0.001506249846040358
v 0.003981538476949901 0.0691962596295453 0.0017076116766317887
v 0.004001538628709099 0.06860914644350515 0.001093300030428909
v 0.004001538628709099 0.0692147445195158 0.0016999742496459787
v 0.003981538476949901 0.0692586731415497 0.001914019179967964
v 0.004001538628709099 0.06927829797032128 0.0019101347500276315
v 0.004001538628709099 0.0692996289820043 0.0021286548016172264
v 0.003981538476949901 0.06927962417363234 0.0021286371064887784
v 0.004001538628709099 0.06911032463522052 0.0027507265765518664
v 0.003981538476949901 0.06909370984093023 0.002739600531709433
v 0.003981538476949901 0.06919551457150538 0.002549514805306289
v 0.003981538476949901 0.06925830061252973 0.0023432175472769584
v 0.004001538628709099 0.06921398456031508 0.0025571849449966644
v 0.003981538476949901 0.06895675327203148 0.0029061696652355777
v 0.004001538628709099 0.06897088702304884 0.0029203246038409375
v 0.004001538628709099 0.06880104359226787 0.0030594611659983725
v 0.003981538476949901 0.06859968420639813 0.003144305115955941
v 0.003981538476949901 0.0687899496780534 0.0030428216916605047
v 0.003981538476949901 0.0683932658764373 0.003206719093621611
v 0.004001538628709099 0.06839716252998611 0.0032263381016272605
v 0.004001538628709099 0.06927791054014053 0.0023471370182282314
v 0.004001538628709099 0.06860732105130733 0.003162789540265169
v 0.003981538476949901 0.07455538015433097 0.0003694338567786539
v 0.003981538476949901 0.07434908103365653 0.0003066554700615038
v 0.004001538628709099 0.07456304680156178 0.00035096302395788833
v 0.004001538628709099 0.07475659052859272 0.00045463296076986255
v 0.003981538476949901 0.07474545936147627 0.00047125252808822584
v 0.004001538628709099 0.07435299258836614 0.0002870432141443414
v 0.003981538476949901 0.07504868308256435 0.000775009547751449
v 0.003981538476949901 0.07491202453688157 0.0006081986778159448
v 0.004001538628709099 0.07492618809022052 0.0005940690013347509
v 0.004001538628709099 0.07506532022859584 0.0007639127813616783
v 0.003981538476949901 0.07515016743818233 0.000965274611953109
v 0.004001538628709099 0.07516865232815284 0.0009576373013826177
v 0.004001538628709099 0.07523219832837791 0.0011677976853489516
v 0.004001538628709099 0.07525352188948052 0.0013863177369385464
v 0.003981538476949901 0.07521258095018672 0.0011716821152892843
v 0.003981538476949901 0.07523352453168898 0.001386300158225417
v 0.004001538628709099 0.07506422499327715 0.002008389628288505
v 0.003981538476949901 0.07504760274840645 0.001997263583446072
v 0.003981538476949901 0.07514942238014241 0.0018071778570429278
v 0.003981538476949901 0.07521220097058637 0.0016008807154289163
v 0.004001538628709099 0.07516789981953251 0.0018148477639026658
v 0.003981538476949901 0.07491065363008811 0.002163832949802854
v 0.004001538628709099 0.07492479483168586 0.0021779876555775763
v 0.003981538476949901 0.07455358456445475 0.0024019679348619423
v 0.004001538628709099 0.07456122140936397 0.0024204523591711703
v 0.003981538476949901 0.07434718113565474 0.00246438214535825
v 0.003981538476949901 0.07474384258552963 0.0023004847433971435
v 0.004001538628709099 0.07475494395032449 0.0023171239849043737
v 0.004001538628709099 0.07435105543746233 0.0024840011533638993
v 0.004001538628709099 0.07523181089819715 0.0016047999535495515
v 0.004001538628709099 0.054165738128892686 0.0036293241629385574
v 0.0018015386990032564 0.054165738128892686 0.0036293241629385574
v 0.004001538628709099 0.05456212018200261 0.003793921220965279
v 0.0018015386990032564 0.05456212018200261 0.003793921220965279
v 0.0018015386990032564 0.054372037249567115 0.003692102753382515
v 0.004001538628709099 0.054372037249567115 0.003692102753382515
v 0.004001538628709099 0.054865343903090696 0.004097678124213184
v 0.0018015386990032564 0.054865343903090696 0.004097678124213184
v 0.0018015386990032564 0.05472869280798832 0.003930867545315977
v 0.004001538628709099 0.055029238045422875 0.004494350749958678
v 0.0018015386990032564 0.055029238045422875 0.004494350749958678
v 0.0018015386990032564 0.05496682453341848 0.004287943595868459
v 0.004001538628709099 0.05496682453341848 0.004287943595868459
v 0.004001538628709099 0.05472869280798832 0.003930867545315977
v 0.004001538628709099 0.05505018535221533 0.00470896890931013
v 0.0018015386990032564 0.05505018535221533 0.00470896890931013
v 0.004001538628709099 0.05496608320066876 0.0051298461424663655
v 0.0018015386990032564 0.05496608320066876 0.0051298461424663655
v 0.0018015386990032564 0.055028861791112715 0.00492354935009831
v 0.004001538628709099 0.054727318175904656 0.005486501700887566
v 0.0018015386990032564 0.054727318175904656 0.005486501700887566
v 0.0018015386990032564 0.05486426729422301 0.005319931868869509
v 0.004001538628709099 0.05486426729422301 0.005319931868869509
v 0.004001538628709099 0.0543702453849811 0.00572463715160793
v 0.0018015386990032564 0.0543702453849811 0.00572463715160793
v 0.0018015386990032564 0.05456050713134618 0.005623153727312494
v 0.0018015386990032564 0.05416383450560068 0.0057870511292736
v 0.004001538628709099 0.05416383450560068 0.0057870511292736
v 0.004001538628709099 0.05456050713134618 0.005623153727312494
v 0.004001538628709099 0.055028861791112715 0.00492354935009831
v 0.004001538628709099 0.05643584056957494 -0.0008168624846522416
v -0.0039984615390042146 0.05643584056957494 -0.0008168624846522416
v 0.004001538628709099 0.056904288361596465 -0.0006223387152605063
v -0.0039984615390042146 0.056904288361596465 -0.0006223387152605063
v -0.0039984615390042146 0.05667964218668892 -0.0007426697796596332
v 0.004001538628709099 0.05667964218668892 -0.0007426697796596332
v 0.004001538628709099 0.05726264265234869 -0.000263353104234763
v -0.0039984615390042146 0.05726264265234869 -0.000263353104234763
v -0.0039984615390042146 0.057101147596905065 -0.00046049322060364714
v 0.004001538628709099 0.057456339116277816 0.000205441852819158
v -0.0039984615390042146 0.057456339116277816 0.000205441852819158
v -0.0039984615390042146 0.057382578370325385 -3.8494369507114665e-05
v 0.004001538628709099 0.057481093669654273 0.0004590812192026733
v -0.0039984615390042146 0.057481093669654273 0.0004590812192026733
v 0.004001538628709099 0.057382578370325385 -3.8494369507114665e-05
v 0.004001538628709099 0.057101147596905065 -0.00046049322060364714
v 0.004001538628709099 0.05745589208145386 0.0007126764787323016
v -0.0039984615390042146 0.05745589208145386 0.0007126764787323016
v -0.0039984615390042146 0.057261368603100424 0.001181128869158921
v -0.0039984615390042146 0.05738170292712848 0.0009564821703824393
v 0.004001538628709099 0.057261368603100424 0.001181128869158921
v -0.0039984615390042146 0.05690238101301426 0.0015394815300966856
v -0.0039984615390042146 0.05709952709566823 0.001377983680685408
v 0.004001538628709099 0.05690238101301426 0.0015394815300966856
v 0.004001538628709099 0.05709952709566823 0.001377983680685408
v -0.0017984611436370973 0.05641742646011823 0.0017362719639519102
v -0.0039984615390042146 0.05643358676900417 0.0017331781104411277
v -0.0039984615390042146 0.05667752249656534 0.001659415967504872
v 0.004001538628709099 0.05667752249656534 0.001659415967504872
v 0.0018015386990032564 0.05641742646011823 0.0017362719639519102
v 0.004001538628709099 0.05738170292712848 0.0009564821703824393
v 0.004001538628709099 0.05643358676900417 0.0017331781104411277
v -0.0017984611436370973 0.054165738128892686 0.0036293241629385574
v -0.0039984615390042146 0.054165738128892686 0.0036293241629385574
v -0.0017984611436370973 0.05456212018200261 0.003793921220965279
v -0.0039984615390042146 0.05456212018200261 0.003793921220965279
v -0.0039984615390042146 0.054372037249567115 0.003692102753382515
v -0.0017984611436370973 0.054372037249567115 0.003692102753382515
v -0.0017984611436370973 0.054865343903090696 0.004097678124213184
v -0.0039984615390042146 0.054865343903090696 0.004097678124213184
v -0.0039984615390042146 0.05472869280798832 0.003930867545315977
v -0.0017984611436370973 0.055029238045422875 0.004494350749958678
v -0.0039984615390042146 0.055029238045422875 0.004494350749958678
v -0.0039984615390042146 0.05496682453341848 0.004287943595868459
v -0.0017984611436370973 0.05496682453341848 0.004287943595868459
v -0.0017984611436370973 0.05472869280798832 0.003930867545315977
v -0.0017984611436370973 0.05505018535221533 0.00470896890931013
v -0.0039984615390042146 0.05505018535221533 0.00470896890931013
v -0.0017984611436370973 0.05496608320066876 0.0051298461424663655
v -0.0039984615390042146 0.05496608320066876 0.0051298461424663655
v -0.0039984615390042146 0.055028861791112715 0.00492354935009831
v -0.0017984611436370973 0.054727318175904656 0.005486501700887566
v -0.0039984615390042146 0.054727318175904656 0.005486501700887566
v -0.0039984615390042146 0.05486426729422301 0.005319931868869509
v -0.0017984611436370973 0.05486426729422301 0.005319931868869509
v -0.0017984611436370973 0.0543702453849811 0.00572463715160793
v -0.0039984615390042146 0.0543702453849811 0.00572463715160793
v -0.0039984615390042146 0.05456050713134618 0.005623153727312494
v -0.0039984615390042146 0.05416383450560068 0.0057870511292736
v -0.0017984611436370973 0.05416383450560068 0.0057870511292736
v -0.0017984611436370973 0.05456050713134618 0.005623153727312494
v -0.0017984611436370973 0.055028861791112715 0.00492354935009831
v -0.003978461387245017 0.08030297394113277 -0.0004356815364095167
v 0.003981538476949901 0.08069935971953289 -0.00027108444927896494
v -0.003978461387245017 0.08069935971953289 -0.00027108444927896494
v -0.003978461387245017 0.0805092730618072 -0.0003729031787961963
v 0.003981538476949901 0.08030297394113277 -0.0004356815364095167
v 0.003981538476949901 0.0808659323455186 -0.00013413832865507577
v -0.003978461387245017 0.08100258344062097 3.267251945255623e-05
v -0.003978461387245017 0.0808659323455186 -0.00013413832865507577
v 0.003981538476949901 0.08116648130824336 0.0004293451961297528
v -0.003978461387245017 0.08116648130824336 0.0004293451961297528
v -0.003978461387245017 0.08110406779623897 0.0002229376200340033
v 0.003981538476949901 0.08110406779623897 0.0002229376200340033
v 0.003981538476949901 0.0805092730618072 -0.0003729031787961963
v 0.003981538476949901 0.08100258344062097 3.267251945255623e-05
v 0.003981538476949901 0.08118743234032601 0.0006439630935467372
v -0.003978461387245017 0.08118743234032601 0.0006439630935467372
v 0.003981538476949901 0.08110333018877944 0.001064840792364248
v -0.003978461387245017 0.08110333018877944 0.001064840792364248
v -0.003978461387245017 0.08116610132864299 0.0008585437671655551
v 0.003981538476949901 0.08100150310646309 0.001254926518767392
v -0.003978461387245017 0.08086455398814474 0.001421495885124174
v -0.003978461387245017 0.08100150310646309 0.001254926518767392
v 0.003981538476949901 0.08050747747193099 0.001659630986598581
v -0.003978461387245017 0.08050747747193099 0.001659630986598581
v -0.003978461387245017 0.08069774294358625 0.00155814802796442
v -0.003978461387245017 0.08030107404313096 0.001722045197094889
v 0.003981538476949901 0.08030107404313096 0.001722045197094889
v 0.003981538476949901 0.08069774294358625 0.00155814802796442
v 0.003981538476949901 0.08116610132864299 0.0008585437671655551
v 0.003981538476949901 0.08086455398814474 0.001421495885124174
v 0.003981538476949901 0.0683951732250195 0.0010489924765325243
v -0.003978461387245017 0.0683951732250195 0.0010489924765325243
v 0.003981538476949901 0.06879155900341963 0.0012135895345592464
v -0.003978461387245017 0.06879155900341963 0.0012135895345592464
v -0.003978461387245017 0.06860147234569394 0.0011117708341458446
v 0.003981538476949901 0.06860147234569394 0.0011117708341458446
v 0.003981538476949901 0.06895812417882494 0.001350535626079306
v -0.003978461387245017 0.06909478272450771 0.0015173465542224695
v -0.003978461387245017 0.06895812417882494 0.001350535626079306
v 0.003981538476949901 0.0692586731415497 0.001914019179967964
v -0.003978461387245017 0.0692586731415497 0.001914019179967964
v -0.003978461387245017 0.0691962596295453 0.0017076116766317887
v 0.003981538476949901 0.0691962596295453 0.0017076116766317887
v 0.003981538476949901 0.06909478272450771 0.0015173465542224695
v 0.003981538476949901 0.06927962417363234 0.0021286371064887784
v -0.003978461387245017 0.06927962417363234 0.0021286371064887784
v 0.003981538476949901 0.06919551457150538 0.002549514805306289
v -0.003978461387245017 0.06919551457150538 0.002549514805306289
v -0.003978461387245017 0.06925830061252973 0.0023432175472769584
v 0.003981538476949901 0.06895675327203148 0.0029061696652355777
v -0.003978461387245017 0.06895675327203148 0.0029061696652355777
v -0.003978461387245017 0.06909370984093023 0.002739600531709433
v 0.003981538476949901 0.06909370984093023 0.002739600531709433
v 0.003981538476949901 0.06859968420639813 0.003144305115955941
v -0.003978461387245017 0.06859968420639813 0.003144305115955941
v -0.003978461387245017 0.0687899496780534 0.0030428216916605047
v -0.003978461387245017 0.0683932658764373 0.003206719093621611
v 0.003981538476949901 0.0683932658764373 0.003206719093621611
v 0.003981538476949901 0.0687899496780534 0.0030428216916605047
v 0.003981538476949901 0.06925830061252973 0.0023432175472769584
v -0.003978461387245017 0.07434908103365653 0.0003066554700615038
v 0.003981538476949901 0.07474545936147627 0.00047125252808822584
v -0.003978461387245017 0.07474545936147627 0.00047125252808822584
v -0.003978461387245017 0.07455538015433097 0.0003694338567786539
v 0.003981538476949901 0.07434908103365653 0.0003066554700615038
v 0.003981538476949901 0.07491202453688157 0.0006081986778159448
v -0.003978461387245017 0.07504868308256435 0.000775009547751449
v -0.003978461387245017 0.07491202453688157 0.0006081986778159448
v 0.003981538476949901 0.07521258095018672 0.0011716821152892843
v -0.003978461387245017 0.07521258095018672 0.0011716821152892843
v -0.003978461387245017 0.07515016743818233 0.000965274611953109
v 0.003981538476949901 0.07515016743818233 0.000965274611953109
v 0.003981538476949901 0.07455538015433097 0.0003694338567786539
v 0.003981538476949901 0.07504868308256435 0.000775009547751449
v 0.003981538476949901 0.07523352453168898 0.001386300158225417
v -0.003978461387245017 0.07523352453168898 0.001386300158225417
v 0.003981538476949901 0.07514942238014241 0.0018071778570429278
v -0.003978461387245017 0.07514942238014241 0.0018071778570429278
v -0.003978461387245017 0.07521220097058637 0.0016008807154289163
v 0.003981538476949901 0.07491065363008811 0.002163832949802854
v -0.003978461387245017 0.07491065363008811 0.002163832949802854
v -0.003978461387245017 0.07504760274840645 0.001997263583446072
v 0.003981538476949901 0.07504760274840645 0.001997263583446072
v 0.003981538476949901 0.07455358456445475 0.0024019679348619423
v -0.003978461387245017 0.07455358456445475 0.0024019679348619423
v -0.003978461387245017 0.07474384258552963 0.0023004847433971435
v -0.003978461387245017 0.07434718113565474 0.00246438214535825
v 0.003981538476949901 0.07434718113565474 0.00246438214535825
v 0.003981538476949901 0.07474384258552963 0.0023004847433971435
v 0.003981538476949901 0.07521220097058637 0.0016008807154289163
f 1 2 3
f 4 3 5
f 6 7 8
f 9 10 11
f 12 11 7
f 13 8 2
f 1 3 4
f 14 4 5
f 13 6 8
f 2 1 13
f 12 7 6
f 9 11 12
f 10 9 15
f 10 15 16
f 17 18 19
f 20 21 22
f 23 24 25
f 26 25 21
f 27 28 29
f 17 30 31
f 32 31 28
f 33 29 24
f 34 16 15
f 21 20 26
f 20 22 34
f 24 23 33
f 28 27 32
f 31 32 17
f 27 29 33
f 23 25 26
f 17 19 30
f 22 16 34
f 35 36 37
f 38 37 39
f 40 41 42
f 43 44 45
f 46 45 41
f 47 42 36
f 35 37 38
f 48 38 39
f 47 40 42
f 36 35 47
f 46 41 40
f 43 45 46
f 44 43 49
f 44 49 50
f 51 52 53
f 54 55 56
f 57 58 59
f 60 59 55
f 61 62 63
f 51 64 65
f 66 65 62
f 67 63 58
f 68 50 49
f 55 54 60
f 54 56 68
f 58 57 67
f 62 61 66
f 65 66 51
f 61 63 67
f 57 59 60
f 51 53 64
f 56 50 68
f 69 70 71
f 72 69 71
f 73 74 71
f 71 74 72
f 71 75 76
f 77 78 79
f 80 81 71
f 75 82 76
f 80 71 76
f 73 71 81
f 82 77 79
f 83 84 71
f 85 86 87
f 86 88 89
f 90 91 92
f 88 93 94
f 90 95 96
f 97 93 98
f 99 100 101
f 102 103 104
f 100 102 104
f 99 92 91
f 96 105 98
f 106 83 85
f 107 103 108
f 109 110 111
f 112 109 113
f 114 115 116
f 117 114 118
f 110 117 119
f 111 113 109
f 119 111 110
f 118 114 116
f 120 116 115
f 120 115 78
f 119 117 118
f 77 120 78
f 84 75 71
f 77 82 75
f 121 84 83
f 106 121 83
f 85 87 106
f 87 86 89
f 89 88 94
f 94 93 97
f 97 98 105
f 105 96 95
f 90 92 95
f 92 99 101
f 104 101 100
f 103 107 104
f 108 122 107
f 123 122 124
f 125 126 123
f 127 128 129
f 130 131 127
f 129 126 125
f 132 133 134
f 131 130 134
f 135 136 137
f 136 138 139
f 137 140 141
f 142 143 140
f 139 144 132
f 145 146 147
f 148 149 145
f 150 151 148
f 152 150 148
f 151 153 148
f 154 155 148
f 148 155 156
f 153 157 148
f 157 158 148
f 154 148 158
f 155 159 156
f 142 147 160
f 161 156 159
f 143 142 160
f 140 143 141
f 145 162 146
f 147 146 160
f 141 135 137
f 127 131 128
f 128 126 129
f 138 144 139
f 133 132 144
f 133 131 134
f 135 138 136
f 126 122 123
f 163 164 165
f 166 163 167
f 168 169 170
f 171 172 173
f 169 171 174
f 164 168 165
f 156 149 148
f 167 156 161
f 170 169 174
f 167 163 165
f 165 168 170
f 171 173 174
f 149 162 145
f 167 161 166
f 124 122 108
f 175 176 177
f 178 179 180
f 179 181 176
f 182 183 184
f 184 185 182
f 175 186 185
f 187 183 188
f 189 190 191
f 179 178 181
f 177 176 181
f 182 185 186
f 188 183 182
f 177 186 175
f 188 192 187
f 192 193 187
f 194 193 195
f 196 194 197
f 196 198 199
f 200 199 201
f 202 203 204
f 205 200 206
f 204 205 207
f 194 195 197
f 199 198 208
f 198 196 197
f 200 201 206
f 204 207 202
f 203 202 189
f 207 205 206
f 201 199 208
f 189 191 203
f 192 195 193
f 209 210 211
f 212 213 214
f 214 215 216
f 217 213 218
f 219 215 211
f 220 221 222
f 220 222 223
f 220 223 209
f 210 209 223
f 216 215 219
f 212 214 216
f 210 219 211
f 212 218 213
f 218 224 217
f 225 226 227
f 228 229 230
f 231 232 228
f 233 229 234
f 235 236 237
f 238 235 239
f 236 232 240
f 241 238 242
f 234 224 233
f 228 230 231
f 230 229 233
f 236 240 237
f 238 239 242
f 241 242 225
f 239 235 237
f 240 232 231
f 225 227 241
f 217 224 234
f 243 244 245
f 246 247 248
f 245 249 248
f 244 243 250
f 251 252 253
f 254 255 251
f 256 255 254
f 256 257 250
f 252 258 253
f 259 260 261
f 259 262 263
f 262 259 261
f 260 246 261
f 246 260 247
f 246 248 249
f 244 250 257
f 257 256 254
f 245 244 249
f 251 253 254
f 258 264 253
f 265 266 267
f 268 269 270
f 266 265 270
f 271 272 268
f 273 274 275
f 276 277 278
f 279 280 275
f 274 272 271
f 280 279 276
f 264 267 266
f 269 268 272
f 272 274 273
f 270 269 266
f 280 276 278
f 280 273 275
f 281 282 283
f 278 277 284
f 281 284 282
f 277 282 284
f 267 264 258
f 285 286 287
f 286 288 289
f 290 291 287
f 291 285 287
f 292 291 290
f 286 285 288
f 290 293 292
f 263 262 294
f 293 295 296
f 297 298 299
f 300 297 301
f 295 300 302
f 296 295 302
f 297 299 301
f 301 302 300
f 299 294 262
f 299 298 294
f 293 296 292
f 303 304 305
f 303 306 304
f 307 306 308
f 309 305 310
f 311 312 313
f 314 311 315
f 314 316 317
f 310 317 316
f 318 313 312
f 319 320 321
f 322 321 320
f 322 320 307
f 308 322 307
f 308 306 303
f 303 305 309
f 316 314 315
f 315 311 313
f 310 316 309
f 318 323 313
f 318 324 323
f 323 325 326
f 327 328 329
f 325 328 326
f 330 327 329
f 331 332 333
f 334 335 336
f 333 335 331
f 330 332 337
f 336 338 339
f 326 328 327
f 337 332 331
f 331 335 334
f 330 337 327
f 340 341 342
f 343 340 344
f 344 339 343
f 342 344 340
f 339 334 336
f 343 339 338
f 325 323 324
f 345 346 347
f 348 347 346
f 349 347 348
f 350 351 349
f 345 347 352
f 349 348 350
f 319 321 353
f 351 354 355
f 354 356 355
f 357 358 356
f 355 356 358
f 359 360 353
f 359 358 357
f 353 360 319
f 360 359 357
f 354 351 350
f 361 362 363
f 364 363 365
f 363 366 361
f 367 365 368
f 369 370 371
f 367 372 365
f 373 374 367
f 364 365 372
f 373 371 374
f 373 367 368
f 375 376 377
f 378 379 376
f 378 380 381
f 381 380 382
f 383 384 385
f 386 368 387
f 388 389 390
f 385 389 388
f 391 387 384
f 392 390 375
f 393 382 394
f 395 396 397
f 398 395 399
f 400 401 398
f 401 400 173
f 400 398 399
f 399 395 397
f 396 402 397
f 396 403 402
f 112 113 404
f 392 388 390
f 375 377 392
f 388 383 385
f 377 376 379
f 379 378 381
f 382 393 381
f 369 403 370
f 369 371 373
f 386 387 391
f 391 384 383
f 368 386 373
f 403 369 402
f 394 405 393
f 406 407 408
f 409 410 411
f 410 406 411
f 409 412 413
f 414 415 416
f 417 418 412
f 419 420 421
f 414 421 422
f 416 415 417
f 419 423 424
f 425 426 427
f 428 429 430
f 431 427 432
f 428 433 432
f 434 430 429
f 434 429 435
f 436 437 438
f 435 436 439
f 429 436 435
f 423 426 425
f 430 440 428
f 405 408 407
f 410 409 413
f 413 412 418
f 406 410 407
f 415 414 422
f 422 421 420
f 424 423 425
f 425 427 431
f 419 424 420
f 417 415 418
f 441 442 443
f 444 441 440
f 445 446 447
f 448 445 447
f 442 448 443
f 428 440 433
f 440 441 443
f 446 449 447
f 447 443 448
f 449 404 113
f 446 404 449
f 433 431 432
f 440 430 444
f 408 405 394
f 363 364 366
f 438 439 436
f 450 451 452
f 453 452 451
f 454 455 456
f 455 457 456
f 454 458 455
f 459 460 461
f 462 463 464
f 462 459 463
f 454 465 458
f 454 456 466
f 458 465 460
f 454 466 465
f 465 467 461
f 460 465 461
f 468 469 456
f 470 465 466
f 471 472 473
f 472 471 474
f 475 476 477
f 475 473 472
f 478 479 472
f 475 480 476
f 481 478 474
f 482 483 484
f 481 485 486
f 486 485 487
f 488 486 464
f 470 489 467
f 470 467 465
f 490 486 488
f 488 463 491
f 489 492 491
f 491 463 467
f 463 461 467
f 493 488 491
f 490 494 481
f 490 481 486
f 475 472 479
f 495 478 494
f 481 494 478
f 472 474 478
f 490 496 494
f 496 490 493
f 494 497 495
f 497 494 496
f 498 496 499
f 495 497 500
f 493 492 499
f 495 479 478
f 490 488 493
f 479 495 501
f 489 491 467
f 481 474 502
f 487 464 486
f 475 479 503
f 469 504 466
f 452 484 483
f 505 468 456
f 505 457 506
f 505 506 507
f 508 509 510
f 507 506 511
f 510 511 508
f 509 512 510
f 508 511 506
f 513 511 510
f 505 514 468
f 514 505 507
f 468 515 469
f 515 468 514
f 513 516 507
f 466 456 469
f 517 514 516
f 513 518 519
f 515 517 520
f 515 514 517
f 519 521 516
f 514 507 516
f 507 511 513
f 469 515 522
f 512 518 510
f 470 466 504
f 523 524 525
f 512 525 526
f 525 512 523
f 524 527 525
f 523 512 509
f 527 528 529
f 528 527 524
f 527 530 531
f 530 527 529
f 528 532 529
f 527 531 525
f 525 531 533
f 518 526 534
f 518 512 526
f 516 521 517
f 534 519 518
f 533 535 526
f 519 516 513
f 531 536 533
f 533 526 525
f 533 537 535
f 537 533 536
f 536 538 539
f 540 534 535
f 541 538 530
f 535 534 526
f 536 531 530
f 542 519 534
f 543 541 529
f 518 513 510
f 544 535 537
f 470 545 489
f 470 504 545
f 492 489 546
f 546 489 545
f 522 547 504
f 492 493 491
f 522 520 548
f 522 515 520
f 549 545 547
f 548 547 522
f 550 551 520
f 547 545 504
f 469 522 504
f 552 547 548
f 492 553 499
f 553 492 546
f 499 554 498
f 554 499 553
f 549 555 546
f 498 497 496
f 552 556 549
f 552 549 547
f 554 553 557
f 553 555 557
f 556 555 549
f 553 546 555
f 546 545 549
f 498 554 558
f 551 559 548
f 499 496 493
f 521 542 560
f 542 521 519
f 550 560 561
f 560 550 521
f 540 562 542
f 548 520 551
f 540 544 563
f 544 540 535
f 563 564 562
f 563 562 540
f 565 566 544
f 562 560 542
f 542 534 540
f 560 562 567
f 568 552 559
f 551 561 569
f 570 555 556
f 556 552 568
f 569 571 559
f 548 559 552
f 561 567 572
f 567 561 560
f 569 572 571
f 572 569 561
f 571 572 573
f 571 568 559
f 567 564 574
f 569 559 551
f 551 550 561
f 575 556 568
f 574 576 572
f 520 517 550
f 550 517 521
f 577 568 571
f 539 565 537
f 457 505 456
f 481 578 485
f 497 498 579
f 580 581 582
f 582 581 583
f 583 584 582
f 582 585 580
f 586 587 588
f 589 590 585
f 591 592 593
f 594 589 595
f 585 595 589
f 596 597 589
f 585 582 595
f 593 592 598
f 480 599 584
f 480 503 600
f 480 475 503
f 599 600 601
f 600 599 480
f 501 602 503
f 603 582 599
f 501 500 604
f 501 495 500
f 602 604 605
f 604 602 501
f 579 606 500
f 602 600 503
f 479 501 503
f 600 602 607
f 595 603 608
f 595 582 603
f 594 608 609
f 608 594 595
f 601 610 603
f 594 592 589
f 601 607 611
f 607 601 600
f 601 611 610
f 607 605 612
f 607 612 611
f 610 611 613
f 607 602 605
f 610 608 603
f 603 599 601
f 608 610 614
f 606 615 604
f 582 584 599
f 480 584 476
f 592 594 616
f 592 596 589
f 617 587 618
f 588 619 586
f 620 586 619
f 586 598 621
f 586 620 593
f 618 621 617
f 621 618 586
f 616 622 598
f 618 587 586
f 598 586 593
f 620 591 593
f 623 622 624
f 617 621 623
f 623 621 622
f 592 591 596
f 616 609 622
f 592 616 598
f 622 625 626
f 625 622 609
f 624 622 626
f 610 613 614
f 614 609 608
f 627 614 613
f 613 611 628
f 629 630 612
f 614 631 609
f 609 616 594
f 613 628 632
f 633 625 634
f 625 633 626
f 625 631 634
f 631 627 635
f 627 631 614
f 627 636 635
f 637 636 638
f 632 636 627
f 631 635 634
f 625 609 631
f 613 632 627
f 621 598 622
f 611 612 628
f 615 629 605
f 579 558 639
f 579 498 558
f 606 639 640
f 639 606 579
f 641 642 558
f 605 604 615
f 557 570 643
f 570 557 555
f 558 642 639
f 643 641 557
f 575 644 570
f 641 558 554
f 500 497 579
f 645 641 643
f 615 640 646
f 615 606 640
f 629 646 647
f 646 629 615
f 648 649 640
f 628 612 630
f 645 650 642
f 645 642 641
f 649 646 640
f 651 648 650
f 642 650 648
f 648 640 639
f 642 648 639
f 646 649 652
f 644 653 643
f 612 605 629
f 577 654 575
f 577 575 568
f 655 645 653
f 656 644 654
f 575 654 644
f 645 643 653
f 577 657 654
f 657 577 573
f 654 658 656
f 658 654 657
f 573 576 659
f 656 653 644
f 577 571 573
f 653 656 660
f 650 655 661
f 645 655 650
f 651 661 662
f 661 651 650
f 660 663 655
f 651 649 648
f 656 664 660
f 660 655 653
f 660 665 663
f 665 660 664
f 666 664 667
f 663 665 668
f 658 669 667
f 663 661 655
f 664 656 658
f 661 663 670
f 657 659 669
f 643 570 644
f 570 556 575
f 649 651 671
f 647 672 630
f 647 630 629
f 632 673 674
f 632 628 673
f 630 672 673
f 628 630 673
f 652 671 675
f 671 652 649
f 672 647 676
f 675 676 652
f 662 677 671
f 652 676 647
f 647 646 652
f 676 675 678
f 632 674 638
f 673 672 679
f 674 680 638
f 679 680 674
f 673 679 674
f 638 680 637
f 672 681 679
f 681 672 682
f 683 681 684
f 681 683 679
f 685 682 678
f 681 685 684
f 679 683 680
f 672 676 682
f 682 676 678
f 632 638 636
f 686 675 677
f 662 670 687
f 678 686 688
f 678 675 686
f 687 689 677
f 675 671 677
f 670 668 690
f 668 670 663
f 677 689 686
f 690 687 670
f 668 691 692
f 687 677 662
f 662 661 670
f 693 687 690
f 685 688 694
f 685 678 688
f 695 694 688
f 688 696 695
f 685 694 684
f 689 693 697
f 693 689 687
f 697 698 695
f 697 696 689
f 699 698 697
f 697 695 696
f 693 700 699
f 696 688 686
f 689 696 686
f 690 692 700
f 685 681 682
f 671 651 662
f 665 666 691
f 604 500 606
f 554 557 641
f 567 562 564
f 626 633 624
f 532 701 543
f 530 529 541
f 702 543 703
f 543 701 703
f 538 536 530
f 703 704 705
f 704 703 701
f 705 706 702
f 705 702 703
f 704 707 705
f 702 541 543
f 701 708 704
f 541 702 709
f 537 536 539
f 538 709 710
f 566 563 544
f 565 711 712
f 710 711 539
f 565 544 537
f 710 539 538
f 713 709 706
f 712 566 565
f 714 711 715
f 710 713 715
f 711 565 539
f 538 541 709
f 566 712 716
f 706 709 702
f 566 716 563
f 717 705 707
f 707 708 718
f 706 717 719
f 706 705 717
f 720 721 707
f 707 704 708
f 718 722 720
f 707 721 717
f 723 720 722
f 722 724 723
f 718 720 707
f 720 723 725
f 719 726 713
f 713 706 719
f 714 712 711
f 727 715 726
f 713 726 715
f 715 711 710
f 728 719 729
f 730 721 725
f 728 731 726
f 726 719 728
f 726 731 727
f 727 714 715
f 729 730 732
f 719 717 729
f 721 729 717
f 714 727 733
f 732 734 728
f 713 710 709
f 712 714 735
f 716 736 564
f 563 716 564
f 576 573 572
f 737 574 736
f 564 736 574
f 574 572 567
f 736 738 739
f 738 736 716
f 737 739 740
f 739 737 736
f 735 741 738
f 737 576 574
f 712 738 716
f 576 737 742
f 742 743 659
f 742 659 576
f 667 664 658
f 744 669 743
f 659 743 669
f 669 658 657
f 742 745 743
f 745 742 740
f 743 746 744
f 746 743 745
f 747 748 740
f 744 667 669
f 742 737 740
f 667 744 749
f 741 747 739
f 659 657 573
f 733 750 735
f 735 714 733
f 745 740 748
f 751 741 750
f 735 750 741
f 740 739 747
f 752 733 753
f 754 731 734
f 741 751 747
f 750 733 752
f 753 754 755
f 733 727 753
f 712 735 738
f 756 750 752
f 748 757 758
f 757 747 751
f 746 759 760
f 746 745 759
f 747 757 748
f 745 748 759
f 751 761 757
f 761 751 756
f 757 762 758
f 762 757 761
f 763 761 764
f 758 762 765
f 756 766 764
f 758 759 748
f 751 750 756
f 759 758 767
f 752 755 766
f 739 738 741
f 727 731 753
f 744 746 768
f 721 720 725
f 532 543 529
f 769 725 723
f 769 724 770
f 730 729 721
f 771 730 725
f 771 725 769
f 769 723 724
f 772 773 774
f 769 770 771
f 775 776 772
f 732 771 777
f 771 732 730
f 734 777 778
f 777 734 732
f 773 779 771
f 734 731 728
f 773 776 780
f 776 773 772
f 779 780 781
f 780 779 773
f 776 782 780
f 779 777 771
f 770 774 771
f 777 779 783
f 732 728 729
f 782 784 785
f 785 786 787
f 785 784 788
f 785 780 782
f 786 789 787
f 788 786 785
f 782 776 775
f 780 785 790
f 754 778 791
f 754 734 778
f 755 791 792
f 791 755 754
f 783 793 778
f 755 752 753
f 781 794 783
f 783 779 781
f 781 790 795
f 794 793 783
f 780 790 781
f 793 791 778
f 777 783 778
f 791 793 796
f 766 792 797
f 766 755 792
f 761 763 762
f 797 764 766
f 796 798 792
f 764 761 756
f 793 799 796
f 796 792 791
f 796 800 798
f 800 796 799
f 801 799 802
f 803 797 798
f 794 795 802
f 798 797 792
f 799 793 794
f 804 764 797
f 794 781 795
f 766 756 752
f 789 805 787
f 789 806 805
f 805 807 787
f 807 795 790
f 807 790 787
f 808 809 810
f 790 785 787
f 795 811 802
f 811 795 807
f 802 812 801
f 812 802 811
f 807 809 811
f 801 800 799
f 809 813 814
f 805 810 807
f 814 812 811
f 815 814 813
f 816 801 812
f 807 810 809
f 814 811 809
f 817 800 801
f 802 799 794
f 818 798 800
f 754 753 731
f 584 583 476
f 819 812 814
f 666 749 820
f 666 667 749
f 691 820 821
f 820 691 666
f 768 822 749
f 691 668 665
f 760 823 768
f 768 746 760
f 760 767 824
f 823 822 768
f 759 767 760
f 822 820 749
f 744 768 749
f 820 822 825
f 692 821 826
f 692 691 821
f 700 826 827
f 826 700 692
f 825 828 821
f 700 693 690
f 822 829 825
f 825 821 820
f 828 825 830
f 830 825 829
f 823 824 831
f 828 826 821
f 829 822 823
f 826 828 832
f 760 824 823
f 692 690 668
f 762 833 765
f 834 767 765
f 833 835 765
f 834 824 767
f 804 836 763
f 767 758 765
f 804 803 837
f 803 804 797
f 838 833 836
f 837 836 804
f 818 839 803
f 836 833 763
f 763 764 804
f 840 836 837
f 835 841 834
f 835 834 765
f 842 829 831
f 831 824 843
f 841 843 834
f 843 824 834
f 838 840 844
f 840 838 836
f 845 843 841
f 841 835 846
f 844 846 838
f 847 841 846
f 848 849 840
f 846 835 838
f 835 833 838
f 850 831 843
f 839 848 837
f 831 829 823
f 833 762 763
f 851 846 844
f 832 852 827
f 827 826 832
f 699 853 854
f 853 699 827
f 827 852 853
f 827 699 700
f 830 842 855
f 842 830 829
f 856 832 857
f 855 857 830
f 850 858 842
f 857 832 828
f 830 857 828
f 859 857 855
f 853 860 854
f 860 853 852
f 581 580 585
f 861 862 860
f 860 852 861
f 590 589 597
f 859 863 856
f 859 856 857
f 861 864 862
f 863 864 861
f 856 863 861
f 856 861 852
f 852 832 856
f 858 865 855
f 699 854 698
f 845 866 850
f 845 850 843
f 867 859 865
f 868 858 866
f 850 866 858
f 859 855 865
f 851 869 847
f 851 847 846
f 858 868 865
f 866 845 870
f 869 453 870
f 870 845 847
f 845 841 847
f 871 866 870
f 863 867 872
f 859 867 863
f 873 872 867
f 867 874 873
f 863 872 864
f 868 871 875
f 871 868 866
f 874 875 876
f 875 874 868
f 876 875 450
f 874 876 873
f 871 453 451
f 874 867 865
f 868 874 865
f 870 847 869
f 855 842 858
f 842 831 850
f 849 877 844
f 699 697 693
f 817 878 818
f 817 818 800
f 844 840 849
f 879 839 878
f 818 878 839
f 840 837 848
f 819 880 816
f 819 816 812
f 839 879 848
f 878 817 881
f 880 882 881
f 881 817 816
f 817 801 816
f 883 878 881
f 848 884 849
f 884 848 879
f 849 885 877
f 885 849 884
f 883 886 879
f 887 851 877
f 888 884 886
f 889 883 882
f 885 888 890
f 885 884 888
f 886 889 891
f 884 879 886
f 879 878 883
f 877 885 892
f 880 881 816
f 851 844 877
f 893 894 815
f 815 813 895
f 896 880 897
f 880 819 897
f 894 897 815
f 897 819 815
f 893 898 894
f 898 893 899
f 898 900 894
f 897 894 901
f 895 902 893
f 900 901 894
f 882 896 903
f 896 882 880
f 904 889 903
f 903 889 882
f 896 905 903
f 889 886 883
f 901 906 905
f 906 901 900
f 907 903 905
f 905 896 901
f 896 897 901
f 891 888 886
f 882 883 881
f 819 814 815
f 908 903 907
f 869 887 484
f 851 887 869
f 484 453 869
f 892 909 887
f 453 871 870
f 892 890 910
f 892 885 890
f 909 910 911
f 910 909 892
f 890 912 910
f 909 484 887
f 877 892 887
f 484 909 913
f 452 453 484
f 451 450 875
f 482 484 913
f 909 911 913
f 910 914 911
f 914 910 912
f 451 875 871
f 915 916 891
f 904 891 889
f 916 915 917
f 891 904 915
f 918 890 916
f 908 904 903
f 908 915 904
f 890 918 912
f 916 917 918
f 890 888 916
f 888 891 916
f 837 803 839
f 803 798 818
f 666 665 664
f 473 475 477
f 481 502 578
f 919 502 474
f 474 471 919
f 464 463 488
f 463 459 461
f 771 774 773
f 789 786 788
f 815 895 893
f 808 895 813
f 808 813 809
f 920 810 805
f 805 806 920
f 899 893 902
f 921 922 923
f 922 921 924
f 925 926 927
f 925 928 926
f 926 929 927
f 930 931 932
f 933 934 935
f 934 932 935
f 929 936 927
f 937 925 927
f 931 936 929
f 936 937 927
f 930 938 936
f 930 936 931
f 925 939 940
f 937 936 941
f 942 943 944
f 945 944 943
f 946 947 948
f 943 942 948
f 943 949 950
f 947 951 948
f 945 950 952
f 953 954 955
f 956 957 952
f 958 957 956
f 933 956 959
f 938 960 941
f 936 938 941
f 959 956 961
f 962 934 959
f 962 963 960
f 938 934 962
f 938 930 934
f 962 959 964
f 952 965 961
f 956 952 961
f 949 943 948
f 965 950 966
f 950 965 952
f 950 945 943
f 965 967 961
f 964 961 967
f 966 968 965
f 967 965 968
f 969 967 970
f 971 968 966
f 969 963 964
f 950 949 966
f 964 959 961
f 972 966 949
f 938 962 960
f 973 945 952
f 956 933 958
f 974 949 948
f 937 975 939
f 954 953 921
f 925 940 976
f 977 928 976
f 978 977 976
f 979 980 981
f 982 977 978
f 981 982 979
f 979 983 980
f 977 982 981
f 979 982 984
f 940 985 976
f 978 976 985
f 939 986 940
f 985 940 986
f 978 987 984
f 939 925 937
f 987 985 988
f 989 990 984
f 991 988 986
f 988 985 986
f 987 992 989
f 987 978 985
f 984 982 978
f 993 986 939
f 979 990 983
f 975 937 941
f 994 995 996
f 997 994 983
f 996 983 994
f 994 998 995
f 980 983 996
f 999 1000 998
f 995 998 1000
f 1001 1002 998
f 999 998 1002
f 999 1003 1000
f 994 1001 998
f 1004 1001 994
f 1005 997 990
f 997 983 990
f 988 992 987
f 990 989 1005
f 997 1006 1004
f 984 987 989
f 1004 1007 1001
f 994 997 1004
f 1006 1008 1004
f 1007 1004 1008
f 1009 1010 1007
f 1006 1005 1011
f 1002 1010 1012
f 997 1005 1006
f 1002 1001 1007
f 1005 989 1013
f 999 1012 1014
f 979 984 990
f 1008 1006 1015
f 960 1016 941
f 1016 975 941
f 1017 960 963
f 1016 960 1017
f 975 1018 993
f 962 964 963
f 1019 991 993
f 991 986 993
f 1018 1016 1020
f 993 1018 1019
f 991 1021 1022
f 975 1016 1018
f 975 993 939
f 1019 1018 1023
f 969 1024 963
f 1017 963 1024
f 970 1025 969
f 1024 969 1025
f 1017 1026 1020
f 967 968 970
f 1020 1027 1023
f 1018 1020 1023
f 1028 1024 1025
f 1028 1026 1024
f 1020 1026 1027
f 1026 1017 1024
f 1020 1016 1017
f 1029 1025 970
f 1019 1030 1021
f 964 967 969
f 1031 1013 992
f 989 992 1013
f 1032 1031 1022
f 992 1022 1031
f 1013 1033 1011
f 1021 991 1019
f 1034 1015 1011
f 1006 1011 1015
f 1033 1035 1034
f 1011 1033 1034
f 1015 1036 1037
f 1013 1031 1033
f 1011 1005 1013
f 1038 1033 1031
f 1030 1023 1039
f 1040 1032 1021
f 1027 1026 1041
f 1039 1023 1027
f 1030 1042 1040
f 1023 1030 1019
f 1043 1038 1032
f 1031 1032 1038
f 1042 1043 1040
f 1032 1040 1043
f 1044 1043 1042
f 1030 1039 1042
f 1045 1035 1038
f 1021 1030 1040
f 1032 1022 1021
f 1039 1027 1046
f 1043 1047 1045
f 1022 988 991
f 992 988 1022
f 1042 1039 1048
f 1008 1037 1009
f 925 976 928
f 1049 973 952
f 1050 970 968
f 1051 1052 1053
f 1054 1055 1056
f 1057 1055 1054
f 1054 1058 1057
f 1056 1059 1054
f 1059 1060 1061
f 1062 1063 1064
f 1065 1061 1066
f 1061 1065 1059
f 1061 1067 1068
f 1065 1054 1059
f 1069 1063 1062
f 1058 1070 951
f 1071 1051 1053
f 1072 974 951
f 974 948 951
f 1073 1072 1070
f 951 1070 1072
f 974 1074 972
f 1070 1054 1075
f 1076 971 972
f 971 966 972
f 1077 1076 1074
f 972 1074 1076
f 971 1078 1050
f 974 1072 1074
f 974 972 949
f 1079 1074 1072
f 1080 1075 1065
f 1075 1054 1065
f 1081 1080 1066
f 1065 1066 1080
f 1075 1082 1073
f 1061 1063 1066
f 1083 1079 1073
f 1072 1073 1079
f 1082 1083 1073
f 1084 1077 1079
f 1083 1084 1079
f 1085 1083 1082
f 1077 1074 1079
f 1075 1080 1082
f 1073 1070 1075
f 1086 1082 1080
f 1076 1087 1078
f 1070 1058 1054
f 947 1058 951
f 1088 1066 1063
f 1089 1090 1091
f 1092 1093 1094
f 1095 1096 1097
f 1098 1069 1095
f 1062 1099 1095
f 1094 1098 1092
f 1095 1092 1098
f 1069 1100 1088
f 1095 1093 1092
f 1062 1095 1069
f 1101 1100 1102
f 1102 1098 1094
f 1100 1098 1102
f 1100 1081 1088
f 1069 1088 1063
f 1103 1104 1100
f 1081 1100 1104
f 1103 1100 1101
f 1086 1085 1082
f 1080 1081 1086
f 1085 1086 1105
f 1106 1083 1085
f 1084 1107 1108
f 1081 1109 1086
f 1066 1088 1081
f 1110 1106 1085
f 1111 1104 1112
f 1103 1112 1104
f 1111 1109 1104
f 1113 1105 1109
f 1086 1109 1105
f 1113 1114 1105
f 1115 1114 1116
f 1105 1114 1110
f 1111 1113 1109
f 1109 1081 1104
f 1105 1110 1085
f 1100 1069 1098
f 1106 1084 1083
f 1077 1108 1087
f 1091 1117 1089
f 1118 1029 1050
f 1029 970 1050
f 1119 1118 1078
f 1050 1078 1118
f 1029 1120 1121
f 1087 1076 1077
f 1122 1041 1028
f 1026 1028 1041
f 1118 1120 1029
f 1028 1121 1122
f 1041 1123 1046
f 1025 1029 1121
f 1050 968 971
f 1122 1121 1124
f 1125 1119 1087
f 1119 1078 1087
f 1126 1125 1108
f 1087 1108 1125
f 1119 1127 1128
f 1107 1084 1106
f 1120 1129 1124
f 1121 1120 1124
f 1119 1125 1127
f 1129 1128 1130
f 1128 1129 1120
f 1118 1119 1128
f 1118 1128 1120
f 1131 1127 1125
f 1122 1132 1123
f 1108 1077 1084
f 1046 1133 1048
f 1039 1046 1048
f 1132 1124 1134
f 1133 1123 1135
f 1123 1133 1046
f 1132 1122 1124
f 1133 1136 1048
f 1044 1048 1136
f 1135 1137 1133
f 1136 1133 1137
f 1138 1047 1044
f 1123 1132 1135
f 1044 1042 1048
f 1139 1135 1132
f 1140 1134 1129
f 1129 1134 1124
f 1141 1140 1130
f 1129 1130 1140
f 1134 1142 1139
f 1128 1127 1130
f 1139 1143 1135
f 1132 1134 1139
f 1142 1144 1139
f 1143 1139 1144
f 1145 1143 1146
f 1147 1144 1142
f 1145 1148 1137
f 1134 1140 1142
f 1137 1135 1143
f 1149 1142 1140
f 1148 1138 1136
f 1123 1041 1122
f 1046 1027 1041
f 1150 1130 1127
f 1107 1151 1126
f 1108 1107 1126
f 1152 1153 1110
f 1153 1106 1110
f 1153 1151 1107
f 1153 1107 1106
f 1154 1150 1131
f 1127 1131 1150
f 1155 1126 1151
f 1131 1155 1154
f 1150 1156 1141
f 1126 1155 1131
f 1131 1125 1126
f 1157 1154 1155
f 1115 1152 1110
f 1158 1151 1153
f 1115 1159 1152
f 1152 1159 1158
f 1152 1158 1153
f 1116 1159 1115
f 1158 1160 1151
f 1161 1151 1160
f 1162 1160 1163
f 1158 1163 1160
f 1157 1161 1164
f 1162 1164 1160
f 1159 1163 1158
f 1161 1155 1151
f 1157 1155 1161
f 1114 1115 1110
f 1156 1154 1165
f 1166 1149 1141
f 1167 1165 1157
f 1165 1154 1157
f 1156 1168 1166
f 1156 1150 1154
f 1169 1147 1149
f 1142 1149 1147
f 1165 1168 1156
f 1149 1166 1169
f 1170 1171 1147
f 1141 1156 1166
f 1149 1140 1141
f 1169 1166 1172
f 1173 1167 1164
f 1167 1157 1164
f 1167 1173 1174
f 1174 1175 1167
f 1162 1173 1164
f 1176 1172 1168
f 1166 1168 1172
f 1174 1177 1176
f 1168 1175 1176
f 1176 1177 1178
f 1175 1174 1176
f 1178 1179 1172
f 1165 1167 1175
f 1165 1175 1168
f 1179 1170 1169
f 1161 1160 1164
f 1141 1130 1150
f 1171 1146 1144
f 1078 971 1076
f 1121 1028 1025
f 1180 1181 1182
f 1035 1033 1038
f 1181 1052 1183
f 1014 1184 1003
f 957 1049 952
f 1012 999 1002
f 1185 1014 1186
f 1185 1184 1014
f 1002 1007 1010
f 1187 1188 1185
f 1184 1185 1188
f 1186 1189 1187
f 1185 1186 1187
f 1187 1190 1188
f 1014 1012 1186
f 1188 1191 1184
f 1192 1186 1012
f 1009 1007 1008
f 1193 1192 1010
f 1015 1034 1036
f 1194 1195 1037
f 1009 1195 1193
f 1008 1015 1037
f 1010 1009 1193
f 1189 1192 1196
f 1037 1036 1194
f 1197 1195 1198
f 1197 1196 1193
f 1009 1037 1195
f 1192 1012 1010
f 1199 1194 1036
f 1186 1192 1189
f 1034 1199 1036
f 1190 1187 1200
f 1201 1191 1190
f 1202 1200 1189
f 1200 1187 1189
f 1190 1203 1204
f 1191 1188 1190
f 1204 1205 1201
f 1200 1203 1190
f 1205 1204 1206
f 1206 1207 1205
f 1190 1204 1201
f 1208 1206 1204
f 1196 1209 1202
f 1202 1189 1196
f 1195 1194 1198
f 1209 1197 1210
f 1197 1209 1196
f 1193 1195 1197
f 1211 1202 1212
f 1208 1203 1213
f 1209 1214 1212
f 1212 1202 1209
f 1210 1214 1209
f 1197 1198 1210
f 1215 1213 1211
f 1211 1200 1202
f 1200 1211 1203
f 1216 1210 1198
f 1212 1217 1215
f 1192 1193 1196
f 1218 1198 1194
f 1035 1219 1199
f 1035 1199 1034
f 1043 1044 1047
f 1219 1045 1220
f 1045 1219 1035
f 1038 1043 1045
f 1221 1222 1219
f 1199 1219 1222
f 1223 1221 1220
f 1219 1220 1221
f 1222 1224 1218
f 1045 1047 1220
f 1199 1222 1194
f 1225 1220 1047
f 1138 1226 1225
f 1047 1138 1225
f 1137 1143 1145
f 1226 1148 1227
f 1148 1226 1138
f 1136 1137 1148
f 1226 1228 1225
f 1223 1225 1228
f 1227 1229 1226
f 1228 1226 1229
f 1223 1230 1231
f 1148 1145 1227
f 1223 1220 1225
f 1232 1227 1145
f 1221 1231 1224
f 1044 1136 1138
f 1218 1233 1216
f 1216 1198 1218
f 1230 1223 1228
f 1233 1224 1234
f 1224 1233 1218
f 1231 1221 1223
f 1235 1216 1236
f 1217 1214 1237
f 1231 1234 1224
f 1236 1216 1233
f 1238 1237 1235
f 1235 1210 1216
f 1222 1218 1194
f 1236 1233 1239
f 1240 1241 1230
f 1242 1230 1228
f 1243 1242 1229
f 1242 1228 1229
f 1230 1241 1231
f 1241 1234 1231
f 1241 1244 1234
f 1239 1234 1244
f 1240 1245 1241
f 1244 1241 1245
f 1246 1244 1247
f 1248 1245 1240
f 1246 1249 1239
f 1230 1242 1240
f 1239 1233 1234
f 1250 1240 1242
f 1249 1238 1236
f 1224 1222 1221
f 1235 1214 1210
f 1251 1229 1227
f 1208 1204 1203
f 999 1014 1003
f 1206 1208 1252
f 1253 1207 1252
f 1203 1211 1213
f 1208 1213 1254
f 1252 1208 1254
f 1207 1206 1252
f 1255 1256 1257
f 1254 1253 1252
f 1257 1258 1259
f 1260 1254 1215
f 1213 1215 1254
f 1261 1260 1217
f 1215 1217 1260
f 1254 1262 1256
f 1212 1214 1217
f 1263 1258 1256
f 1257 1256 1258
f 1264 1263 1262
f 1256 1262 1263
f 1263 1265 1258
f 1254 1260 1262
f 1254 1255 1253
f 1266 1262 1260
f 1211 1212 1215
f 1267 1268 1265
f 1269 1270 1267
f 1271 1268 1267
f 1265 1263 1267
f 1269 1272 1270
f 1267 1270 1271
f 1259 1258 1265
f 1273 1267 1263
f 1274 1261 1237
f 1261 1217 1237
f 1275 1274 1238
f 1237 1238 1274
f 1261 1276 1266
f 1235 1236 1238
f 1266 1277 1264
f 1264 1262 1266
f 1278 1273 1264
f 1266 1276 1277
f 1264 1273 1263
f 1261 1274 1276
f 1261 1266 1260
f 1279 1276 1274
f 1280 1275 1249
f 1275 1238 1249
f 1245 1247 1244
f 1249 1246 1280
f 1275 1281 1279
f 1239 1244 1246
f 1279 1282 1276
f 1274 1275 1279
f 1281 1283 1279
f 1282 1279 1283
f 1284 1282 1285
f 1281 1280 1286
f 1284 1278 1277
f 1275 1280 1281
f 1277 1276 1282
f 1280 1246 1287
f 1278 1264 1277
f 1236 1239 1249
f 1269 1091 1272
f 1091 1090 1272
f 1269 1288 1091
f 1273 1278 1288
f 1269 1273 1288
f 1117 1071 1053
f 1269 1267 1273
f 1284 1289 1278
f 1288 1278 1289
f 1285 1290 1284
f 1289 1284 1290
f 1289 1071 1288
f 1282 1283 1285
f 1291 1051 1071
f 1288 1117 1091
f 1289 1290 1291
f 1051 1291 1183
f 1290 1285 1292
f 1071 1117 1288
f 1071 1289 1291
f 1285 1283 1293
f 1277 1282 1284
f 1283 1281 1294
f 1214 1235 1237
f 959 934 933
f 1291 1290 1295
f 1296 1232 1146
f 1232 1145 1146
f 1297 1296 1171
f 1146 1171 1296
f 1232 1298 1251
f 1144 1147 1171
f 1251 1299 1243
f 1243 1229 1251
f 1300 1250 1243
f 1251 1298 1299
f 1243 1250 1242
f 1232 1296 1298
f 1232 1251 1227
f 1301 1298 1296
f 1302 1297 1170
f 1297 1171 1170
f 1303 1302 1179
f 1170 1179 1302
f 1297 1304 1301
f 1169 1172 1179
f 1301 1305 1298
f 1296 1297 1301
f 1306 1301 1304
f 1305 1301 1306
f 1307 1300 1299
f 1297 1302 1304
f 1299 1298 1305
f 1308 1304 1302
f 1299 1300 1243
f 1147 1169 1170
f 1248 1309 1245
f 1248 1250 1310
f 1248 1311 1309
f 1250 1300 1310
f 1247 1312 1287
f 1248 1240 1250
f 1313 1286 1287
f 1280 1287 1286
f 1312 1309 1314
f 1287 1312 1313
f 1286 1315 1294
f 1247 1309 1312
f 1287 1246 1247
f 1313 1312 1316
f 1310 1317 1311
f 1248 1310 1311
f 1307 1305 1318
f 1319 1300 1307
f 1310 1319 1317
f 1310 1300 1319
f 1320 1316 1314
f 1312 1314 1316
f 1317 1319 1321
f 1322 1311 1317
f 1314 1322 1320
f 1322 1317 1323
f 1316 1324 1325
f 1314 1311 1322
f 1314 1309 1311
f 1319 1307 1326
f 1313 1325 1315
f 1299 1305 1307
f 1247 1245 1309
f 1320 1322 1327
f 1303 1328 1308
f 1308 1302 1303
f 1329 1330 1178
f 1303 1178 1330
f 1330 1328 1303
f 1179 1178 1303
f 1331 1318 1306
f 1305 1306 1318
f 1332 1308 1333
f 1306 1332 1331
f 1318 1334 1326
f 1304 1308 1332
f 1304 1332 1306
f 1331 1332 1335
f 1329 1336 1330
f 1328 1330 1336
f 1256 1255 1254
f 1336 1337 1338
f 1338 1328 1336
f 1271 1270 1272
f 1333 1339 1335
f 1332 1333 1335
f 1337 1340 1338
f 1338 1340 1339
f 1338 1339 1333
f 1328 1338 1333
f 1333 1308 1328
f 1331 1341 1334
f 1177 1329 1178
f 1326 1342 1321
f 1319 1326 1321
f 1341 1335 1343
f 1342 1334 1344
f 1334 1342 1326
f 1341 1331 1335
f 1323 1345 1327
f 1322 1323 1327
f 1341 1344 1334
f 1346 1321 1342
f 1346 924 1345
f 1323 1321 1346
f 1323 1317 1321
f 1346 1342 1347
f 1348 1343 1339
f 1339 1343 1335
f 1343 1348 1349
f 1349 1350 1343
f 1340 1348 1339
f 1351 1347 1344
f 1342 1344 1347
f 1352 1351 1350
f 1344 1350 1351
f 923 1351 1352
f 1349 1352 1350
f 922 924 1347
f 1341 1343 1350
f 1341 1350 1344
f 1345 1323 1346
f 1334 1318 1331
f 1326 1307 1318
f 1320 1353 1324
f 1172 1176 1178
f 1294 1354 1293
f 1283 1294 1293
f 1324 1316 1320
f 1354 1315 1355
f 1315 1354 1294
f 1325 1313 1316
f 1292 1356 1295
f 1290 1292 1295
f 1325 1355 1315
f 1357 1293 1354
f 1357 1358 1356
f 1292 1293 1357
f 1292 1285 1293
f 1357 1354 1359
f 1324 1360 1325
f 1355 1325 1360
f 1353 1361 1324
f 1360 1324 1361
f 1355 1362 1359
f 1353 1327 1363
f 1362 1360 1364
f 1358 1359 1365
f 1366 1364 1361
f 1364 1360 1361
f 1367 1365 1362
f 1362 1355 1360
f 1359 1354 1355
f 1368 1361 1353
f 1292 1357 1356
f 1353 1320 1327
f 1183 1369 1181
f 1052 1051 1183
f 1370 1356 1371
f 1370 1295 1356
f 1183 1370 1369
f 1183 1295 1370
f 1369 1372 1181
f 1182 1181 1372
f 1369 1373 1372
f 1374 1369 1370
f 1181 1180 1052
f 1369 1374 1373
f 1375 1371 1358
f 1356 1358 1371
f 1375 1365 1376
f 1358 1365 1375
f 1375 1377 1371
f 1359 1362 1365
f 1377 1378 1374
f 1373 1374 1378
f 1377 1375 1379
f 1374 1371 1377
f 1374 1370 1371
f 1362 1364 1367
f 1357 1359 1358
f 1183 1291 1295
f 1379 1375 1380
f 953 1363 1345
f 1345 1363 1327
f 1345 924 953
f 1363 1381 1368
f 1346 1347 924
f 1382 1366 1368
f 1366 1361 1368
f 1383 1382 1381
f 1368 1381 1382
f 1382 1384 1366
f 1363 953 1381
f 1363 1368 1353
f 1385 1381 953
f 953 924 921
f 1351 923 922
f 1385 953 955
f 1385 1383 1381
f 1383 1386 1382
f 1384 1382 1386
f 1347 1351 922
f 1367 1387 1388
f 1365 1367 1376
f 1389 1388 1387
f 1388 1376 1367
f 1387 1366 1390
f 1375 1376 1380
f 1376 1388 1380
f 1384 1390 1366
f 1390 1389 1387
f 1387 1364 1366
f 1387 1367 1364
f 930 932 934
f 1315 1286 1313
f 1294 1281 1286
f 1143 1144 1146
f 945 973 1391
f 1391 944 945
f 947 1057 1058
f 946 948 942
f 1059 1056 1055
f 1061 1068 1063
f 1068 1064 1063
f 1062 1064 1099
f 1067 1061 1060
f 1096 1095 1099
f 1097 1093 1095
f 1101 1112 1103
f 1392 191 1393
f 191 190 1393
f 1394 1392 1395
f 1396 1397 1398
f 1398 1399 1400
f 1399 1394 1401
f 1402 1397 1403
f 1392 1393 1395
f 1399 1401 1404
f 1401 1394 1395
f 1398 1400 1396
f 1402 1403 1405
f 1405 1406 1407
f 1403 1397 1396
f 1400 1399 1404
f 1407 1402 1405
f 1408 1407 1409
f 1410 1408 1411
f 1410 1411 1412
f 1413 1412 1414
f 1415 1416 1417
f 1415 1417 1418
f 1418 1413 1419
f 1411 1408 1409
f 1419 1413 1414
f 1411 1414 1412
f 1420 1421 1422
f 1423 1416 1415
f 1422 1423 1420
f 1418 1419 1415
f 1416 1423 1422
f 1406 1409 1407
f 1424 1425 1426
f 1427 1428 1429
f 1428 1427 1425
f 1430 1431 1432
f 1432 1433 1430
f 1424 1434 1433
f 1435 1431 1436
f 226 1437 227
f 1437 226 1438
f 1437 1438 1429
f 1427 1429 1438
f 1434 1424 1426
f 1430 1433 1434
f 1427 1426 1425
f 1430 1436 1431
f 1436 1439 1435
f 1439 1440 1435
f 1441 1442 1443
f 1444 1441 1445
f 1445 1435 1440
f 1446 1443 1447
f 1448 1449 1450
f 1449 1446 1451
f 1452 1448 1453
f 1445 1440 1444
f 1443 1442 1447
f 1442 1441 1444
f 1446 1454 1451
f 1448 1450 1453
f 1452 1453 1455
f 1450 1449 1451
f 1454 1446 1447
f 1456 1457 1458
f 1459 1457 1456
f 1460 1461 1459
f 1462 1458 1463
f 1463 1464 1462
f 1463 1458 1457
f 1462 1464 1465
f 1460 1466 1467
f 1468 1467 1466
f 1468 1469 1470
f 1470 1471 1468
f 1471 1470 1472
f 1457 1459 1473
f 1461 1460 1467
f 1459 1461 1473
f 1468 1466 1469
f 1474 1475 1476
f 1465 1476 1475
f 1475 1462 1465
f 1477 1474 1478
f 1479 1477 1480
f 1481 1479 1480
f 1481 1482 1483
f 1474 1476 1478
f 1484 1481 1480
f 1485 1483 1482
f 1482 1481 1484
f 1486 1487 1488
f 1485 1488 1487
f 1483 1485 1487
f 1486 1488 1489
f 1480 1477 1478
f 1490 1472 1491
f 1492 1491 1472
f 1472 1470 1492
f 1493 1490 1494
f 1495 1496 1493
f 1497 1498 1499
f 1499 1496 1495
f 1490 1491 1494
f 1495 1500 1499
f 1497 1499 1500
f 1498 1497 1501
f 1502 1503 1501
f 1501 1504 1502
f 1498 1501 1503
f 1502 1504 1505
f 1495 1493 1494
f 1506 1507 1508
f 1509 1510 1511
f 1512 1508 1510
f 1513 1489 1488
f 1489 1513 1507
f 1507 1514 1489
f 1506 1514 1507
f 1511 1515 1509
f 1516 1517 1505
f 1505 1518 1516
f 1517 1502 1505
f 1518 1519 1515
f 1508 1512 1506
f 1512 1510 1509
f 1509 1515 1519
f 1518 1515 1516
f 1520 1521 1522
f 1523 1521 1520
f 1524 1525 1523
f 1526 1522 1527
f 1527 1528 1526
f 1527 1522 1521
f 1526 1528 1529
f 1524 1530 1531
f 1532 1531 1530
f 1532 1533 1534
f 1534 1535 1532
f 1535 1534 1536
f 1521 1523 1537
f 1525 1524 1531
f 1523 1525 1537
f 1532 1530 1533
f 1538 1539 1540
f 1529 1540 1539
f 1539 1526 1529
f 1541 1538 1542
f 1543 1541 1544
f 1545 1543 1544
f 1545 1546 1547
f 1538 1540 1542
f 1548 1545 1544
f 1549 1547 1546
f 1546 1545 1548
f 1550 1551 1552
f 1549 1552 1551
f 1547 1549 1551
f 1550 1552 1553
f 1544 1541 1542
f 1554 1536 1555
f 1556 1555 1536
f 1536 1534 1556
f 1557 1554 1558
f 1559 1560 1557
f 1561 1562 1563
f 1563 1560 1559
f 1554 1555 1558
f 1559 1564 1563
f 1561 1563 1564
f 1562 1561 1565
f 1566 1567 1565
f 1565 1568 1566
f 1562 1565 1567
f 1566 1568 1569
f 1559 1557 1558
f 1570 1571 1572
f 1573 1574 1575
f 1576 1572 1574
f 1577 1553 1552
f 1553 1577 1571
f 1571 1578 1553
f 1570 1578 1571
f 1575 1579 1573
f 1580 1581 1569
f 1569 1582 1580
f 1581 1566 1569
f 1582 1583 1579
f 1572 1576 1570
f 1576 1574 1573
f 1573 1579 1583
f 1582 1579 1580
f 1584 1585 1586
f 1586 1587 1588
f 1588 1589 1590
f 1591 1592 1593
f 1591 1594 1584
f 1584 1594 1585
f 1594 1591 1593
f 1595 1596 1590
f 1597 1598 1599
f 1596 1595 1599
f 1597 1600 1598
f 1601 1598 1600
f 1599 1598 1596
f 1587 1586 1585
f 1595 1590 1589
f 1587 1589 1588
f 1602 1603 1604
f 1605 1606 1607
f 1606 1608 1604
f 1603 1602 1592
f 1609 1607 1610
f 1611 1610 1612
f 1613 1614 1612
f 1602 1604 1608
f 1609 1610 1611
f 1605 1607 1609
f 1613 1615 1614
f 1614 1611 1612
f 1616 1617 1615
f 1613 1616 1615
f 1618 1617 1616
f 1608 1606 1605
f 1602 1593 1592
f 1600 1619 1620
f 1600 1620 1621
f 1597 1619 1600
f 1600 1622 1601
f 1621 1620 1623
f 1623 1624 1625
f 1626 1627 1628
f 1629 1624 1626
f 1624 1630 1625
f 1630 1624 1629
f 1628 1629 1626
f 1631 1632 1633
f 1632 1631 1634
f 1634 1627 1632
f 1627 1634 1628
f 1635 1631 1633
f 1621 1623 1625
f 1636 1637 1638
f 1639 1640 1641
f 1640 1637 1636
f 1617 1618 1642
f 1643 1642 1618
f 1618 1638 1643
f 1637 1643 1638
f 1644 1645 1639
f 1646 1647 1648
f 1633 1646 1649
f 1649 1635 1633
f 1649 1646 1648
f 1636 1641 1640
f 1645 1644 1650
f 1644 1639 1641
f 1648 1647 1650
f 1645 1650 1647
f 1651 1652 1653
f 1653 1654 1655
f 1655 1654 1656
f 1657 1658 1659
f 1657 1660 1651
f 1651 1660 1652
f 1660 1657 1659
f 1661 1662 1656
f 1662 1663 1664
f 1665 1664 1666
f 1664 1667 1666
f 1668 1669 1664
f 1663 1667 1664
f 1654 1653 1652
f 1663 1662 1661
f 1654 1661 1656
f 1670 1671 1672
f 1673 1674 1675
f 1674 1676 1672
f 1671 1670 1658
f 1677 1675 1678
f 1679 1678 1680
f 1681 1682 1680
f 1670 1672 1676
f 1677 1678 1679
f 1673 1675 1677
f 1681 1683 1682
f 1682 1679 1680
f 1684 1685 1683
f 1681 1684 1683
f 1686 1685 1684
f 1676 1674 1673
f 1670 1659 1658
f 1666 1687 1665
f 1688 1689 1687
f 1665 1687 1689
f 1688 1690 1691
f 1692 1693 1694
f 1695 1690 1692
f 1688 1691 1689
f 1692 1694 1695
f 1694 1693 1696
f 1696 1693 1697
f 1698 1697 1699
f 1700 1701 1699
f 1698 1699 1701
f 1702 1701 1700
f 1698 1696 1697
f 1691 1690 1695
f 1703 1704 1705
f 1706 1707 1708
f 1707 1704 1703
f 1685 1686 1709
f 1710 1709 1686
f 1686 1705 1710
f 1704 1710 1705
f 1711 1712 1706
f 1713 1714 1715
f 1700 1713 1716
f 1716 1702 1700
f 1716 1713 1715
f 1703 1708 1707
f 1712 1711 1717
f 1711 1706 1708
f 1715 1714 1717
f 1712 1717 1714
f 1668 1664 1665
f 1718 1719 1720
f 1720 1721 1722
f 1721 1723 1722
f 281 283 1724
f 1724 283 1719
f 1724 1719 1718
f 1720 1722 1718
f 1721 1725 1723
f 1726 1727 1728
f 1728 1729 1730
f 1731 1730 1729
f 1723 1725 1732
f 1730 1726 1728
f 1733 1730 1731
f 1732 1727 1726
f 1732 1725 1727
f 1734 1735 1736
f 1737 1734 1738
f 1739 1737 1740
f 342 1741 1740
f 1741 342 341
f 1740 1741 1739
f 1740 1737 1738
f 1734 1736 1738
f 1735 1742 1736
f 1743 1744 1745
f 1746 1747 1748
f 1745 1747 1749
f 1748 1750 1751
f 1743 1742 1744
f 1746 1749 1747
f 1751 1746 1748
f 1743 1745 1749
f 1744 1742 1735
f 1752 1753 1754
f 1753 1755 1754
f 1755 1753 1756
f 1757 1758 1759
f 1760 1761 1762
f 1763 1757 1759
f 1764 1765 1766
f 1765 1764 1767
f 1768 1764 1769
f 1768 1770 1758
f 1761 1763 1771
f 1772 1773 1774
f 1775 1776 1772
f 1775 1772 1774
f 1777 1776 1778
f 1779 1774 1773
f 1773 1780 1779
f 1781 1775 1774
f 1777 1782 1783
f 1760 1762 1781
f 1784 1780 1773
f 1785 1786 1783
f 1787 1766 1765
f 1769 1788 1768
f 1764 1766 1769
f 1788 1770 1768
f 1767 1764 1789
f 1770 1759 1758
f 1790 1759 1770
f 1759 1790 1791
f 1759 1791 1763
f 1763 1791 1771
f 1761 1771 1762
f 1762 1775 1781
f 1775 1778 1776
f 1785 1783 1782
f 1792 1793 1794
f 1793 1785 1795
f 1796 1792 1794
f 1777 1778 1782
f 1782 1797 1785
f 1785 1797 1795
f 1795 1794 1793
f 1794 1798 1796
f 1798 1799 1796
f 1800 1801 1802
f 1803 1804 1805
f 1806 1800 1802
f 1807 1805 1808
f 1801 1800 1809
f 1805 1804 1808
f 1810 1803 1806
f 1808 1811 1807
f 1804 1812 1808
f 1813 1807 1811
f 1807 1813 1814
f 1815 1816 1817
f 1816 1818 1819
f 1820 1821 1822
f 1821 1820 1823
f 1815 1820 1822
f 1824 1825 1826
f 1825 1821 1823
f 1815 1827 1820
f 1819 1818 1812
f 1824 1828 1829
f 1830 1799 1831
f 1832 1833 1834
f 1835 1802 1801
f 1836 1833 1830
f 1801 1834 1835
f 1831 1799 1837
f 1836 1834 1833
f 1830 1831 1836
f 1834 1801 1832
f 1798 1837 1799
f 1823 1820 1838
f 1823 1839 1825
f 1826 1825 1839
f 1838 1820 1827
f 1804 1803 1810
f 1802 1810 1806
f 1817 1816 1819
f 1804 1819 1812
f 1827 1815 1817
f 1826 1840 1824
f 1840 1828 1824
f 1841 1842 1843
f 1844 1845 1846
f 1847 1848 1849
f 1847 1849 1850
f 1846 1845 1848
f 1845 1851 1848
f 1852 1853 1850
f 1854 1848 1847
f 1855 1850 1856
f 1857 1858 1844
f 1842 1859 1860
f 1858 1861 1862
f 1863 1864 1861
f 1861 1864 1862
f 1846 1865 1857
f 1846 1854 1866
f 1854 1846 1848
f 1867 1861 1865
f 1866 1865 1846
f 1868 1869 1854
f 1865 1861 1857
f 1857 1844 1846
f 1870 1865 1866
f 1841 1863 1871
f 1863 1841 1864
f 1860 1872 1873
f 1871 1859 1841
f 1867 1874 1863
f 1841 1859 1842
f 1867 1870 1875
f 1870 1867 1865
f 1876 1871 1874
f 1875 1874 1867
f 1877 1878 1870
f 1874 1871 1863
f 1863 1861 1867
f 1879 1859 1871
f 1869 1877 1866
f 1841 1843 1864
f 1875 1880 1874
f 1853 1868 1847
f 1861 1858 1857
f 1881 1882 1883
f 1884 1881 1885
f 1886 1881 1884
f 1886 1887 1888
f 1881 1888 1889
f 1888 1881 1886
f 1887 1890 1891
f 1881 1883 1885
f 1882 1881 1892
f 1893 1894 1855
f 1893 1895 1894
f 1853 1847 1850
f 1852 1855 1894
f 1892 1896 1894
f 1892 1897 1898
f 1894 1895 1892
f 1896 1898 1899
f 1898 1896 1892
f 1897 1889 1900
f 1896 1852 1894
f 1881 1897 1892
f 1852 1896 1901
f 1891 1888 1887
f 1890 1902 1903
f 1888 1891 1904
f 1891 1903 1904
f 1902 1905 1903
f 1903 1891 1890
f 1902 1906 1905
f 1906 1902 1907
f 1908 1905 1906
f 1909 1906 1907
f 1907 1910 1909
f 1908 1903 1905
f 1911 1906 1909
f 1888 1912 1889
f 1912 1888 1904
f 1900 1889 1913
f 1913 1889 1912
f 1908 1914 1904
f 1900 1898 1897
f 1914 1912 1904
f 1914 1908 1915
f 1916 1914 1915
f 1915 1908 1906
f 1906 1911 1915
f 1916 1912 1914
f 1904 1903 1908
f 1917 1915 1911
f 1918 1919 1909
f 1889 1897 1881
f 1898 1900 1920
f 1853 1901 1921
f 1853 1852 1901
f 1868 1921 1922
f 1921 1868 1853
f 1899 1923 1901
f 1854 1847 1868
f 1899 1920 1924
f 1899 1898 1920
f 1923 1924 1925
f 1924 1923 1899
f 1926 1927 1920
f 1923 1921 1901
f 1896 1899 1901
f 1921 1923 1928
f 1869 1922 1877
f 1922 1869 1868
f 1875 1870 1878
f 1929 1878 1877
f 1877 1922 1929
f 1870 1866 1877
f 1925 1930 1928
f 1925 1928 1923
f 1931 1878 1929
f 1929 1922 1932
f 1930 1932 1928
f 1932 1922 1928
f 1922 1921 1928
f 1933 1875 1878
f 1927 1934 1924
f 1866 1854 1869
f 1924 1920 1927
f 1913 1916 1935
f 1936 1925 1934
f 1937 1934 1927
f 1926 1935 1927
f 1925 1924 1934
f 1935 1926 1913
f 1935 1916 1938
f 1939 1935 1938
f 1938 1916 1915
f 1915 1917 1938
f 1937 1927 1935
f 1913 1912 1916
f 1940 1938 1917
f 1936 1930 1925
f 1934 1937 1941
f 1942 1930 1936
f 1936 1934 1941
f 1939 1943 1937
f 1944 1932 1930
f 1939 1940 1945
f 1940 1939 1938
f 1946 1941 1943
f 1945 1943 1939
f 1947 1948 1940
f 1943 1941 1937
f 1937 1935 1939
f 1949 1936 1941
f 1950 1947 1917
f 1920 1900 1926
f 1900 1913 1926
f 1951 1929 1932
f 1919 1950 1911
f 1850 1855 1852
f 1952 1943 1945
f 1850 1849 1856
f 1953 1954 1955
f 1873 1954 1953
f 1956 1957 1958
f 1959 1960 1961
f 1895 1882 1892
f 1957 1962 1963
f 1956 1955 1957
f 1964 1960 1965
f 1963 1965 1957
f 1966 1967 1962
f 1963 1968 1965
f 1969 1966 1954
f 1872 1879 1970
f 1879 1872 1859
f 1969 1970 1971
f 1970 1969 1872
f 1876 1972 1879
f 1969 1954 1873
f 1876 1880 1973
f 1880 1876 1874
f 1972 1973 1974
f 1973 1972 1876
f 1973 1975 1976
f 1972 1970 1879
f 1879 1871 1876
f 1970 1972 1977
f 1966 1971 1978
f 1971 1966 1969
f 1979 1963 1967
f 1978 1967 1966
f 1977 1980 1971
f 1967 1963 1962
f 1977 1974 1981
f 1974 1977 1972
f 1982 1978 1980
f 1981 1980 1977
f 1981 1983 1984
f 1980 1978 1971
f 1971 1970 1977
f 1985 1967 1978
f 1974 1976 1983
f 1966 1962 1954
f 1872 1969 1873
f 1986 1980 1981
f 1959 1987 1988
f 1989 1988 1987
f 1964 1990 1961
f 1885 1886 1884
f 1964 1968 1991
f 1968 1964 1965
f 1991 1992 1990
f 1991 1990 1964
f 1968 1979 1991
f 1990 1987 1961
f 1961 1960 1964
f 1987 1990 1993
f 1994 1990 1995
f 1996 1992 1997
f 1996 1994 1995
f 1990 1992 1995
f 1985 1998 1979
f 1985 1979 1967
f 1992 1999 2000
f 1992 1991 1999
f 1998 1999 1979
f 1999 1991 1979
f 1986 2001 1982
f 1986 1982 1980
f 1998 2002 2003
f 1998 1985 2002
f 2001 2002 1982
f 2002 1985 1982
f 1985 1978 1982
f 1999 1998 2004
f 2004 1998 2003
f 2000 1999 2004
f 2005 2006 2003
f 2007 2005 2008
f 2007 2006 2005
f 2008 2001 2009
f 2005 2003 2001
f 2001 2003 2002
f 2009 1986 1984
f 2000 1997 1992
f 1968 1963 1979
f 1880 1933 1975
f 1933 1931 2010
f 1931 1933 1878
f 1975 2010 2011
f 2010 1975 1933
f 1951 2012 1931
f 1975 1973 1880
f 1951 1944 2013
f 1944 1951 1932
f 2012 2013 2014
f 2013 2012 1951
f 1942 2015 1944
f 2012 2010 1931
f 1931 1929 1951
f 2010 2012 2016
f 1976 2011 2017
f 2011 1976 1975
f 1983 2017 2018
f 2017 1983 1976
f 2016 2019 2011
f 1983 1981 1974
f 2016 2014 2020
f 2014 2016 2012
f 2019 2020 2021
f 2020 2019 2016
f 2022 2023 2014
f 2019 2017 2011
f 2011 2010 2016
f 2017 2019 2024
f 2015 2022 2013
f 1976 1974 1973
f 1942 1949 2025
f 1949 1942 1936
f 2015 2025 2026
f 2025 2015 1942
f 1946 2027 1949
f 2015 2013 1944
f 1946 1952 2028
f 1952 1946 1943
f 2027 2028 2029
f 2028 2027 1946
f 2030 2031 1952
f 2027 2025 1949
f 1949 1941 1946
f 2025 2027 2032
f 2022 2026 2033
f 2026 2022 2015
f 2023 2033 2034
f 2033 2023 2022
f 2032 2035 2026
f 2023 2020 2014
f 2032 2029 2036
f 2029 2032 2027
f 2035 2036 2037
f 2036 2035 2032
f 2038 2039 2029
f 2035 2033 2026
f 2026 2025 2032
f 2033 2035 2040
f 2031 2038 2028
f 2022 2014 2013
f 1944 1930 1942
f 2020 2023 2041
f 1984 2018 2042
f 2018 1984 1983
f 2009 2042 2043
f 2042 2009 1984
f 2018 2044 2042
f 2009 2001 1986
f 2024 2021 2045
f 2021 2024 2019
f 2042 2044 2046
f 2045 2044 2024
f 2041 2047 2021
f 2024 2044 2018
f 2018 2017 2024
f 2048 2044 2045
f 2009 2043 2008
f 2042 2046 2049
f 2050 2007 2043
f 2049 2050 2043
f 2042 2049 2043
f 2043 2007 2008
f 2046 2051 2049
f 2051 2046 2048
f 2052 2051 2053
f 2051 2052 2049
f 2054 2055 2048
f 2049 2052 2050
f 2046 2044 2048
f 2047 2054 2045
f 2008 2005 2001
f 2034 2056 2041
f 2034 2041 2023
f 2051 2048 2055
f 2057 2047 2056
f 2041 2056 2047
f 2048 2045 2054
f 2037 2058 2040
f 2037 2040 2035
f 2047 2057 2054
f 2056 2034 2059
f 2058 2060 2059
f 2059 2034 2040
f 2034 2033 2040
f 2061 2056 2059
f 2054 2062 2055
f 2062 2054 2057
f 2053 2062 2063
f 2062 2053 2055
f 2061 2064 2057
f 2053 2051 2055
f 2065 2062 2064
f 2066 2064 2067
f 2063 2062 2065
f 2066 2065 2064
f 2067 2061 2060
f 2062 2057 2064
f 2057 2056 2061
f 2059 2040 2058
f 2045 2021 2047
f 2021 2020 2041
f 2039 2068 2036
f 1984 1986 1981
f 1880 1875 1933
f 1948 2030 1945
f 1849 1848 1851
f 1910 2069 1918
f 1911 1909 1919
f 2070 1918 2071
f 1918 2069 2071
f 1950 1917 1911
f 2071 2072 2073
f 2072 2071 2069
f 2074 2071 2073
f 2075 2073 2072
f 2072 2076 2075
f 1918 2070 1919
f 2077 2078 2079
f 2073 2075 2080
f 1919 2081 1950
f 2081 1919 2070
f 1950 2082 1947
f 2082 1950 2081
f 2074 2083 2070
f 1940 1917 1947
f 2084 2081 2083
f 2085 2074 2080
f 2082 2084 2086
f 2082 2081 2084
f 2083 2085 2087
f 2081 2070 2083
f 2070 2071 2074
f 1947 2082 2088
f 2074 2073 2080
f 1948 1945 1940
f 2089 2075 2090
f 2090 2076 2091
f 2080 2089 2092
f 2080 2075 2089
f 2091 2093 2090
f 2090 2075 2076
f 2091 2094 2095
f 2094 2091 2076
f 2096 2091 2095
f 2097 2095 2094
f 2094 2098 2097
f 2090 2093 2089
f 2099 2095 2097
f 2080 2092 2085
f 2089 2093 2100
f 2101 2085 2092
f 2092 2089 2100
f 2096 2102 2093
f 2083 2087 2084
f 2096 2099 2103
f 2099 2096 2095
f 2104 2100 2102
f 2103 2102 2096
f 2105 2106 2099
f 2102 2100 2093
f 2093 2091 2096
f 2107 2092 2100
f 2108 2105 2097
f 2085 2083 2074
f 2102 2103 2109
f 1948 2088 2110
f 1948 1947 2088
f 2030 2110 2111
f 2110 2030 1948
f 2086 2112 2088
f 1952 1945 2030
f 2084 2113 2086
f 2086 2088 2082
f 2086 2114 2112
f 2114 2086 2113
f 2101 2115 2087
f 2112 2110 2088
f 2113 2084 2087
f 2110 2112 2116
f 2031 2111 2117
f 2031 2030 2111
f 2038 2117 2118
f 2117 2038 2031
f 2116 2119 2111
f 2038 2029 2028
f 2112 2120 2116
f 2116 2111 2110
f 2116 2121 2119
f 2121 2116 2120
f 2122 2123 2114
f 2119 2117 2111
f 2120 2112 2114
f 2117 2119 2124
f 2115 2122 2113
f 2031 2028 1952
f 2107 2125 2101
f 2107 2101 2092
f 2120 2114 2123
f 2126 2115 2125
f 2101 2125 2115
f 2114 2113 2122
f 2107 2127 2125
f 2127 2107 2104
f 2125 2128 2126
f 2128 2125 2127
f 2104 2109 2129
f 2126 2122 2115
f 2107 2100 2104
f 2122 2126 2130
f 2130 2131 2123
f 2123 2122 2130
f 2121 2132 2133
f 2121 2120 2132
f 2131 2132 2123
f 2120 2123 2132
f 2134 2130 2135
f 2136 2128 2137
f 2131 2134 2138
f 2131 2130 2134
f 2135 2136 2139
f 2130 2126 2135
f 2128 2135 2126
f 2132 2131 2140
f 2127 2129 2137
f 2113 2087 2115
f 2087 2085 2101
f 2119 2121 2141
f 2102 2109 2104
f 2039 2036 2029
f 2098 2142 2108
f 2099 2097 2105
f 2105 2108 2142
f 2142 2143 2105
f 2103 2099 2106
f 2143 2144 2105
f 2145 2146 2144
f 2145 2144 2143
f 2105 2144 2147
f 2147 2148 2106
f 2106 2105 2147
f 2109 2149 2150
f 2109 2103 2149
f 2148 2149 2106
f 2103 2106 2149
f 2151 2147 2152
f 2148 2151 2153
f 2148 2147 2151
f 2154 2155 2152
f 2147 2144 2152
f 2146 2152 2144
f 2149 2148 2156
f 2097 2098 2108
f 2154 2152 2157
f 2158 2159 2154
f 2154 2157 2158
f 2160 2154 2161
f 2161 2159 2162
f 2162 2160 2161
f 2155 2151 2152
f 2077 2079 2162
f 2129 2150 2163
f 2129 2109 2150
f 2137 2163 2164
f 2163 2137 2129
f 2156 2165 2150
f 2137 2128 2127
f 2156 2153 2166
f 2156 2148 2153
f 2165 2166 2167
f 2166 2165 2156
f 2168 2169 2153
f 2165 2163 2150
f 2149 2156 2150
f 2163 2165 2170
f 2136 2164 2171
f 2164 2136 2137
f 2139 2171 2172
f 2171 2139 2136
f 2170 2173 2164
f 2139 2134 2135
f 2170 2167 2174
f 2167 2170 2165
f 2173 2174 2175
f 2174 2173 2170
f 2176 2177 2167
f 2173 2171 2164
f 2164 2163 2170
f 2171 2173 2178
f 2169 2176 2166
f 2136 2135 2128
f 2160 2179 2155
f 2160 2155 2154
f 2169 2166 2153
f 2180 2168 2179
f 2155 2179 2168
f 2168 2153 2151
f 2179 2079 2181
f 2168 2180 2169
f 2182 2181 2078
f 2079 2179 2160
f 2160 2162 2079
f 2183 2184 2182
f 2181 2185 2180
f 2181 2180 2179
f 2186 2176 2187
f 2176 2169 2187
f 2185 2187 2180
f 2187 2169 2180
f 2184 2188 2185
f 2188 2184 2183
f 2187 2185 2189
f 2190 2185 2188
f 2184 2185 2181
f 2078 2181 2079
f 2177 2174 2167
f 2176 2167 2166
f 2151 2155 2168
f 2190 2189 2185
f 2129 2127 2104
f 2182 2184 2181
f 2134 2139 2191
f 2039 2118 2192
f 2039 2038 2118
f 2068 2192 2193
f 2192 2068 2039
f 2124 2194 2118
f 2195 2037 2068
f 2124 2141 2196
f 2124 2119 2141
f 2196 2197 2194
f 2196 2194 2124
f 2133 2198 2141
f 2194 2192 2118
f 2117 2124 2118
f 2192 2194 2199
f 2058 2195 2200
f 2058 2037 2195
f 2060 2200 2201
f 2200 2060 2058
f 2193 2202 2195
f 2060 2061 2059
f 2193 2199 2203
f 2199 2193 2192
f 2202 2203 2204
f 2203 2202 2193
f 2199 2197 2205
f 2202 2200 2195
f 2195 2068 2193
f 2200 2202 2206
f 2194 2197 2199
f 2036 2068 2037
f 2133 2140 2207
f 2133 2132 2140
f 2198 2207 2208
f 2207 2198 2133
f 2138 2209 2140
f 2210 2196 2198
f 2138 2191 2211
f 2138 2134 2191
f 2209 2211 2212
f 2211 2209 2138
f 2211 2213 2214
f 2209 2207 2140
f 2131 2138 2140
f 2207 2209 2215
f 2197 2210 2216
f 2197 2196 2210
f 2205 2216 2217
f 2216 2205 2197
f 2208 2218 2210
f 2205 2203 2199
f 2215 2219 2208
f 2215 2208 2207
f 2220 2215 2212
f 2219 2218 2208
f 2215 2209 2212
f 2218 2216 2210
f 2210 2198 2208
f 2216 2218 2221
f 2212 2214 2222
f 2196 2141 2198
f 2121 2133 2141
f 2203 2205 2223
f 2060 2201 2067
f 2201 2200 2206
f 2201 2224 2225
f 2224 2201 2206
f 2204 2226 2206
f 2067 2201 2227
f 2223 2228 2204
f 2204 2203 2223
f 2229 2223 2217
f 2228 2226 2204
f 2205 2217 2223
f 2226 2224 2206
f 2202 2204 2206
f 2224 2226 2230
f 2230 2226 2231
f 2227 2201 2225
f 2225 2224 2230
f 2228 2229 2232
f 2229 2228 2223
f 2232 2229 2233
f 2228 2232 2231
f 2231 2226 2228
f 2221 2234 2217
f 2067 2227 2066
f 2218 2235 2221
f 2221 2217 2216
f 2221 2236 2234
f 2236 2221 2235
f 2220 2237 2219
f 2238 2229 2234
f 2239 2235 2237
f 2240 2237 2241
f 2236 2239 2242
f 2236 2235 2239
f 2239 2240 2243
f 2235 2219 2237
f 2219 2215 2220
f 2234 2236 2244
f 2244 2238 2234
f 2233 2229 2238
f 2243 2242 2239
f 2244 2236 2242
f 2241 2220 2222
f 2229 2217 2234
f 2219 2235 2218
f 2191 2172 2213
f 2067 2064 2061
f 2172 2178 2245
f 2172 2171 2178
f 2213 2245 2246
f 2245 2213 2172
f 2175 2247 2178
f 2213 2211 2191
f 2174 2248 2175
f 2175 2178 2173
f 2175 2249 2247
f 2249 2175 2248
f 2186 2250 2177
f 2247 2245 2178
f 2191 2139 2172
f 2245 2247 2251
f 2214 2246 2252
f 2214 2213 2246
f 2222 2252 2253
f 2252 2222 2214
f 2251 2254 2246
f 2222 2220 2212
f 2247 2255 2251
f 2251 2246 2245
f 2251 2256 2254
f 2256 2251 2255
f 2257 2258 2249
f 2254 2252 2246
f 2255 2247 2249
f 2252 2254 2259
f 2250 2257 2248
f 2214 2212 2211
f 2186 2189 2260
f 2189 2186 2187
f 2261 2250 2260
f 2260 2250 2186
f 2189 2262 2260
f 2249 2248 2257
f 2262 2189 2190
f 2263 2264 2265
f 2261 2266 2257
f 2261 2257 2250
f 2267 2256 2255
f 2255 2258 2267
f 2257 2266 2258
f 2249 2258 2255
f 2261 2268 2266
f 2268 2261 2263
f 2266 2268 2269
f 2268 2263 2270
f 2270 2271 2268
f 2258 2266 2272
f 2260 2264 2261
f 2273 2268 2271
f 2248 2177 2250
f 2177 2176 2186
f 2254 2256 2274
f 2241 2253 2275
f 2241 2222 2253
f 2240 2275 2276
f 2275 2240 2241
f 2259 2277 2253
f 2240 2239 2237
f 2259 2274 2278
f 2259 2254 2274
f 2277 2278 2279
f 2278 2277 2259
f 2278 2280 2281
f 2277 2275 2253
f 2252 2259 2253
f 2275 2277 2282
f 2282 2276 2275
f 2281 2279 2278
f 2282 2277 2279
f 2274 2283 2284
f 2276 2243 2240
f 2267 2272 2285
f 2272 2267 2258
f 2286 2283 2285
f 2285 2283 2267
f 2269 2287 2272
f 2278 2274 2284
f 2273 2288 2269
f 2273 2269 2268
f 2289 2287 2288
f 2285 2287 2289
f 2285 2272 2287
f 2272 2266 2269
f 2286 2285 2290
f 2284 2291 2280
f 2291 2284 2286
f 2280 2278 2284
f 2284 2283 2286
f 2274 2256 2283
f 2256 2267 2283
f 2145 2157 2146
f 2241 2237 2220
f 2177 2248 2174
f 2154 2159 2161
f 1909 1910 1918
f 2261 2264 2263
f 2152 2146 2157
f 2262 2264 2260
f 2270 2263 2265
f 2269 2288 2287
f 2285 2289 2290
f 1992 1996 1995
f 1990 1994 1993
f 1993 1989 1987
f 1987 1959 1961
f 1965 1958 1957
f 1958 1965 2292
f 1960 2292 1965
f 1954 1962 1955
f 1957 1955 1962
f 1872 1860 1859
f 1860 1873 2293
f 1953 2293 1873
f 2294 2295 2296
f 2294 2297 2298
f 2297 2294 2296
f 2299 2300 2301
f 2302 2303 2304
f 2303 2305 2306
f 2305 2299 2306
f 2304 2307 2302
f 2308 2309 2310
f 2311 2312 2313
f 2308 2314 2312
f 2315 2311 2316
f 2304 2294 2307
f 2298 2317 2294
f 2294 2304 2318
f 2319 2320 2321
f 2320 2318 2322
f 2309 2319 2310
f 2317 2307 2294
f 2315 2316 2323
f 2324 2325 2326
f 2327 2328 2329
f 2328 2325 2324
f 2330 2327 2331
f 2332 2333 2334
f 2328 2324 2333
f 2329 2328 2333
f 2329 2331 2327
f 2331 2335 2330
f 2324 2334 2333
f 2310 2319 2321
f 2313 2312 2314
f 2316 2311 2313
f 2310 2314 2308
f 2300 2330 2335
f 2301 2300 2335
f 2304 2303 2306
f 2322 2318 2304
f 2301 2306 2299
f 2321 2320 2322
f 2316 2336 2323
f 2336 2337 2323
f 2337 2338 2339
f 2340 2341 2342
f 2339 2340 2342
f 2343 2341 2344
f 2345 2346 2347
f 2343 2348 2345
f 2349 2350 2351
f 2350 2352 2351
f 2346 2353 2347
f 2354 2352 2353
f 2349 2355 2356
f 2349 2357 2358
f 2349 2358 2359
f 2357 2349 2356
f 2360 2361 2362
f 2360 2349 2361
f 2363 2364 2365
f 2363 2366 2364
f 2362 2361 2366
f 2349 2360 2355
f 2367 2365 2368
f 2338 2337 2369
f 2344 2341 2340
f 2348 2343 2344
f 2338 2340 2339
f 2354 2353 2346
f 2351 2352 2354
f 2364 2366 2361
f 2368 2365 2364
f 2351 2361 2349
f 2348 2346 2345
f 2370 2371 2372
f 2373 2374 2375
f 2376 2374 2373
f 2377 2375 2370
f 2375 2378 2373
f 2371 2379 2372
f 2370 2372 2377
f 2373 2378 2380
f 2373 2380 2376
f 2378 2375 2377
f 2367 2368 2379
f 2367 2379 2371
f 2326 2334 2324
f 2336 2369 2337
f 2332 2334 2381
f 2382 2383 2384
f 2382 2385 2383
f 2386 2383 2385
f 2387 2388 2389
f 2390 2391 2392
f 2393 2394 2395
f 2396 2393 2395
f 2394 2391 2390
f 2394 2397 2391
f 2396 2398 2399
f 2395 2394 2400
f 2401 2396 2402
f 2392 2403 2404
f 2405 2406 2407
f 2408 2409 2410
f 2411 2412 2403
f 2412 2413 2414
f 2411 2413 2412
f 2404 2415 2390
f 2416 2400 2390
f 2394 2390 2400
f 2415 2412 2417
f 2390 2415 2416
f 2400 2418 2419
f 2404 2412 2415
f 2390 2392 2404
f 2416 2415 2420
f 2421 2414 2422
f 2413 2422 2414
f 2423 2424 2408
f 2422 2409 2421
f 2414 2425 2417
f 2410 2409 2422
f 2426 2420 2417
f 2415 2417 2420
f 2425 2421 2427
f 2417 2425 2426
f 2420 2428 2429
f 2414 2421 2425
f 2417 2412 2414
f 2421 2409 2430
f 2416 2429 2418
f 2413 2431 2422
f 2425 2432 2426
f 2395 2419 2398
f 2433 2434 2435
f 2436 2437 2438
f 2439 2438 2440
f 2440 2438 2441
f 2442 2443 2441
f 2444 2442 2438
f 2441 2438 2442
f 2445 2446 2443
f 2439 2436 2438
f 2447 2438 2437
f 2402 2448 2449
f 2448 2450 2449
f 2396 2395 2398
f 2448 2402 2399
f 2448 2451 2447
f 2452 2453 2447
f 2447 2450 2448
f 2454 2452 2451
f 2447 2451 2452
f 2455 2444 2453
f 2448 2399 2451
f 2447 2453 2438
f 2456 2451 2399
f 2443 2442 2445
f 2457 2458 2446
f 2459 2445 2442
f 2459 2457 2445
f 2457 2460 2458
f 2446 2445 2457
f 2460 2461 2458
f 2462 2458 2461
f 2461 2460 2463
f 2462 2461 2464
f 2464 2465 2462
f 2460 2457 2463
f 2464 2461 2466
f 2444 2467 2442
f 2459 2442 2467
f 2468 2444 2455
f 2467 2444 2468
f 2459 2469 2463
f 2453 2452 2455
f 2459 2467 2469
f 2470 2463 2469
f 2470 2469 2471
f 2461 2463 2470
f 2470 2466 2461
f 2469 2467 2471
f 2463 2457 2459
f 2466 2470 2472
f 2464 2473 2474
f 2438 2453 2444
f 2475 2455 2452
f 2476 2456 2398
f 2456 2399 2398
f 2477 2476 2419
f 2398 2419 2476
f 2456 2478 2454
f 2419 2395 2400
f 2479 2475 2454
f 2475 2452 2454
f 2480 2479 2478
f 2454 2478 2479
f 2475 2481 2482
f 2456 2476 2478
f 2456 2454 2451
f 2483 2478 2476
f 2429 2477 2418
f 2419 2418 2477
f 2428 2420 2426
f 2429 2428 2484
f 2484 2477 2429
f 2429 2416 2420
f 2483 2485 2480
f 2478 2483 2480
f 2484 2428 2486
f 2487 2477 2484
f 2483 2487 2485
f 2483 2477 2487
f 2483 2476 2477
f 2428 2426 2488
f 2479 2489 2481
f 2418 2400 2416
f 2481 2475 2479
f 2490 2471 2468
f 2489 2480 2491
f 2481 2489 2492
f 2481 2490 2482
f 2489 2479 2480
f 2468 2482 2490
f 2493 2471 2490
f 2493 2490 2494
f 2470 2471 2493
f 2493 2472 2470
f 2490 2481 2492
f 2471 2467 2468
f 2472 2493 2495
f 2480 2485 2491
f 2496 2492 2489
f 2491 2485 2497
f 2496 2489 2491
f 2492 2498 2494
f 2485 2487 2499
f 2500 2495 2494
f 2493 2494 2495
f 2498 2496 2501
f 2494 2498 2500
f 2495 2502 2503
f 2492 2496 2498
f 2494 2490 2492
f 2496 2491 2504
f 2472 2503 2505
f 2482 2455 2475
f 2482 2468 2455
f 2487 2484 2506
f 2466 2505 2473
f 2399 2402 2396
f 2500 2498 2507
f 2508 2509 2510
f 2511 2512 2513
f 2513 2512 2423
f 2514 2515 2516
f 2517 2518 2519
f 2440 2441 2439
f 2520 2521 2515
f 2515 2511 2516
f 2522 2518 2523
f 2515 2522 2520
f 2521 2524 2525
f 2522 2526 2520
f 2512 2525 2527
f 2509 2508 2528
f 2529 2430 2424
f 2409 2424 2430
f 2530 2529 2527
f 2424 2527 2529
f 2430 2531 2427
f 2423 2512 2527
f 2532 2432 2427
f 2425 2427 2432
f 2533 2532 2531
f 2427 2531 2532
f 2534 2535 2532
f 2430 2529 2531
f 2427 2421 2430
f 2536 2531 2529
f 2537 2530 2525
f 2527 2525 2530
f 2524 2520 2538
f 2525 2524 2537
f 2530 2539 2536
f 2521 2520 2524
f 2540 2533 2536
f 2531 2536 2533
f 2539 2537 2541
f 2536 2539 2540
f 2542 2543 2540
f 2530 2537 2539
f 2536 2529 2530
f 2537 2524 2544
f 2543 2534 2533
f 2512 2521 2525
f 2423 2527 2424
f 2540 2539 2545
f 2546 2547 2519
f 2547 2546 2548
f 2517 2549 2523
f 2550 2526 2523
f 2522 2523 2526
f 2549 2551 2550
f 2523 2549 2550
f 2550 2538 2526
f 2517 2547 2549
f 2523 2518 2517
f 2552 2549 2547
f 2447 2437 2450
f 2553 2549 2554
f 2555 2551 2556
f 2553 2554 2556
f 2553 2551 2549
f 2538 2557 2544
f 2524 2538 2544
f 2558 2559 2551
f 2559 2550 2551
f 2538 2559 2557
f 2538 2550 2559
f 2541 2560 2545
f 2539 2541 2545
f 2561 2562 2557
f 2562 2544 2557
f 2541 2562 2560
f 2541 2544 2562
f 2541 2537 2544
f 2563 2557 2559
f 2561 2557 2563
f 2563 2559 2558
f 2561 2564 2565
f 2566 2565 2567
f 2565 2564 2567
f 2568 2560 2566
f 2560 2561 2565
f 2562 2561 2560
f 2542 2545 2568
f 2551 2555 2558
f 2538 2520 2526
f 2535 2488 2432
f 2569 2486 2488
f 2428 2488 2486
f 2570 2569 2535
f 2488 2535 2569
f 2486 2571 2506
f 2432 2532 2535
f 2572 2499 2506
f 2487 2506 2499
f 2573 2572 2571
f 2506 2571 2572
f 2499 2574 2497
f 2486 2569 2571
f 2506 2484 2486
f 2575 2571 2569
f 2576 2570 2534
f 2535 2534 2570
f 2577 2576 2543
f 2534 2543 2576
f 2570 2578 2575
f 2533 2540 2543
f 2579 2573 2575
f 2571 2575 2573
f 2580 2579 2578
f 2575 2578 2579
f 2573 2581 2582
f 2570 2576 2578
f 2575 2569 2570
f 2583 2578 2576
f 2572 2582 2574
f 2532 2533 2534
f 2584 2504 2497
f 2491 2497 2504
f 2585 2584 2574
f 2497 2574 2584
f 2504 2586 2501
f 2499 2572 2574
f 2587 2507 2501
f 2498 2501 2507
f 2588 2587 2586
f 2501 2586 2587
f 2507 2589 2590
f 2504 2584 2586
f 2501 2496 2504
f 2591 2586 2584
f 2592 2585 2582
f 2574 2582 2585
f 2593 2592 2581
f 2582 2581 2592
f 2585 2594 2591
f 2573 2579 2581
f 2595 2588 2591
f 2586 2591 2588
f 2596 2595 2594
f 2591 2594 2595
f 2588 2597 2598
f 2585 2592 2594
f 2591 2584 2585
f 2599 2594 2592
f 2587 2598 2589
f 2572 2573 2582
f 2497 2485 2499
f 2600 2581 2579
f 2601 2577 2542
f 2543 2542 2577
f 2602 2601 2568
f 2542 2568 2601
f 2601 2603 2577
f 2545 2560 2568
f 2604 2580 2583
f 2578 2583 2580
f 2605 2603 2601
f 2583 2603 2604
f 2580 2606 2600
f 2577 2603 2583
f 2583 2576 2577
f 2604 2603 2607
f 2566 2602 2568
f 2608 2605 2601
f 2602 2567 2609
f 2602 2609 2608
f 2602 2608 2601
f 2566 2567 2602
f 2608 2610 2605
f 2607 2605 2610
f 2611 2610 2612
f 2608 2612 2610
f 2607 2613 2614
f 2609 2612 2608
f 2607 2603 2605
f 2604 2614 2606
f 2560 2565 2566
f 2600 2615 2593
f 2581 2600 2593
f 2613 2607 2610
f 2615 2606 2616
f 2606 2615 2600
f 2614 2604 2607
f 2599 2617 2596
f 2594 2599 2596
f 2614 2616 2606
f 2618 2593 2615
f 2618 2619 2617
f 2599 2593 2618
f 2599 2592 2593
f 2618 2615 2620
f 2613 2621 2614
f 2616 2614 2621
f 2622 2621 2611
f 2613 2611 2621
f 2616 2623 2620
f 2613 2610 2611
f 2623 2621 2624
f 2625 2623 2626
f 2624 2621 2622
f 2623 2624 2626
f 2619 2620 2625
f 2623 2616 2621
f 2620 2615 2616
f 2617 2599 2618
f 2606 2580 2604
f 2600 2579 2580
f 2595 2627 2597
f 2540 2545 2542
f 2488 2426 2432
f 2500 2590 2502
f 2474 2628 2465
f 2473 2464 2466
f 2629 2474 2630
f 2629 2628 2474
f 2466 2472 2505
f 2631 2632 2629
f 2628 2629 2632
f 2631 2629 2633
f 2632 2631 2634
f 2634 2635 2632
f 2473 2630 2474
f 2431 2410 2422
f 2636 2634 2631
f 2505 2637 2473
f 2630 2473 2637
f 2503 2638 2505
f 2637 2505 2638
f 2630 2639 2633
f 2503 2472 2495
f 2639 2637 2640
f 2636 2633 2641
f 2642 2640 2638
f 2640 2637 2638
f 2643 2641 2639
f 2639 2630 2637
f 2633 2629 2630
f 2644 2638 2503
f 2636 2631 2633
f 2495 2500 2502
f 2645 2634 2646
f 2647 2635 2645
f 2648 2646 2636
f 2646 2634 2636
f 2645 2649 2647
f 2635 2634 2645
f 2650 2651 2647
f 2635 2647 2651
f 2650 2647 2652
f 2651 2650 2653
f 2653 2654 2651
f 2646 2649 2645
f 2653 2650 2655
f 2641 2648 2636
f 2656 2649 2646
f 2648 2641 2657
f 2656 2646 2648
f 2649 2658 2652
f 2640 2643 2639
f 2659 2655 2652
f 2650 2652 2655
f 2658 2656 2660
f 2652 2658 2659
f 2655 2661 2662
f 2649 2656 2658
f 2652 2647 2649
f 2656 2648 2663
f 2653 2662 2664
f 2633 2639 2641
f 2665 2659 2658
f 2666 2644 2502
f 2644 2503 2502
f 2667 2666 2590
f 2502 2590 2666
f 2644 2668 2642
f 2590 2500 2507
f 2642 2669 2640
f 2638 2644 2642
f 2668 2670 2642
f 2669 2642 2670
f 2643 2671 2657
f 2644 2666 2668
f 2643 2640 2669
f 2672 2668 2666
f 2673 2667 2589
f 2667 2590 2589
f 2674 2673 2598
f 2589 2598 2673
f 2667 2675 2672
f 2587 2588 2598
f 2672 2676 2668
f 2666 2667 2672
f 2675 2677 2672
f 2676 2672 2677
f 2670 2678 2679
f 2667 2673 2675
f 2670 2668 2676
f 2680 2675 2673
f 2669 2679 2671
f 2507 2587 2589
f 2657 2681 2663
f 2648 2657 2663
f 2678 2670 2676
f 2681 2671 2682
f 2671 2681 2657
f 2679 2669 2670
f 2681 2683 2663
f 2660 2663 2683
f 2682 2684 2681
f 2683 2681 2684
f 2685 2665 2660
f 2671 2679 2682
f 2660 2656 2663
f 2686 2682 2679
f 2678 2687 2686
f 2686 2679 2678
f 2688 2689 2677
f 2689 2676 2677
f 2678 2689 2687
f 2689 2678 2676
f 2690 2686 2691
f 2692 2684 2693
f 2694 2691 2687
f 2691 2686 2687
f 2695 2693 2690
f 2690 2682 2686
f 2682 2690 2684
f 2696 2687 2689
f 2692 2685 2683
f 2671 2643 2669
f 2657 2641 2643
f 2697 2677 2675
f 2660 2665 2658
f 2588 2595 2597
f 2664 2698 2654
f 2662 2653 2655
f 2698 2664 2662
f 2662 2699 2698
f 2661 2655 2659
f 2662 2700 2699
f 2700 2509 2528
f 2699 2700 2528
f 2701 2700 2662
f 2661 2702 2701
f 2701 2662 2661
f 2703 2704 2665
f 2704 2659 2665
f 2661 2704 2702
f 2704 2661 2659
f 2510 2701 2705
f 2706 2705 2702
f 2705 2701 2702
f 2510 2707 2407
f 2510 2700 2701
f 2700 2510 2509
f 2708 2702 2704
f 2664 2654 2653
f 2508 2510 2407
f 2407 2406 2709
f 2709 2508 2407
f 2405 2407 2710
f 2711 2406 2405
f 2405 2710 2711
f 2510 2705 2707
f 2711 2433 2435
f 2712 2703 2685
f 2703 2665 2685
f 2713 2712 2692
f 2685 2692 2712
f 2703 2714 2708
f 2683 2684 2692
f 2715 2706 2708
f 2706 2702 2708
f 2716 2715 2714
f 2708 2714 2715
f 2706 2717 2718
f 2703 2712 2714
f 2703 2708 2704
f 2719 2714 2712
f 2720 2713 2693
f 2692 2693 2713
f 2721 2720 2695
f 2693 2695 2720
f 2713 2722 2719
f 2690 2691 2695
f 2723 2716 2719
f 2714 2719 2716
f 2724 2723 2722
f 2719 2722 2723
f 2716 2725 2726
f 2713 2720 2722
f 2719 2712 2713
f 2727 2722 2720
f 2715 2726 2717
f 2684 2690 2693
f 2707 2728 2710
f 2407 2707 2710
f 2706 2715 2717
f 2728 2718 2729
f 2718 2728 2707
f 2705 2706 2718
f 2387 2433 2728
f 2717 2729 2718
f 2434 2387 2389
f 2710 2728 2433
f 2433 2711 2710
f 2389 2388 2730
f 2729 2731 2387
f 2728 2729 2387
f 2732 2726 2733
f 2732 2717 2726
f 2729 2732 2731
f 2729 2717 2732
f 2731 2734 2388
f 2730 2388 2734
f 2735 2731 2732
f 2734 2731 2736
f 2387 2731 2388
f 2433 2387 2434
f 2716 2723 2725
f 2715 2716 2726
f 2718 2707 2705
f 2731 2735 2736
f 2397 2394 2393
f 2660 2683 2685
f 2404 2403 2412
f 2737 2695 2691
f 2738 2674 2597
f 2674 2598 2597
f 2739 2738 2627
f 2597 2627 2738
f 2674 2740 2680
f 2627 2596 2741
f 2742 2697 2680
f 2697 2675 2680
f 2740 2743 2742
f 2680 2740 2742
f 2697 2744 2688
f 2674 2738 2740
f 2674 2680 2673
f 2745 2740 2738
f 2746 2741 2617
f 2741 2596 2617
f 2747 2746 2619
f 2617 2619 2746
f 2741 2748 2739
f 2618 2620 2619
f 2749 2745 2739
f 2738 2739 2745
f 2750 2749 2748
f 2739 2748 2749
f 2751 2743 2745
f 2741 2746 2748
f 2739 2627 2741
f 2752 2748 2746
f 2745 2743 2740
f 2596 2627 2595
f 2753 2696 2688
f 2696 2689 2688
f 2754 2753 2744
f 2688 2744 2753
f 2696 2755 2694
f 2744 2742 2756
f 2757 2737 2694
f 2737 2691 2694
f 2758 2757 2755
f 2694 2755 2757
f 2759 2760 2757
f 2696 2753 2755
f 2696 2694 2687
f 2761 2755 2753
f 2762 2756 2743
f 2756 2742 2743
f 2763 2762 2751
f 2743 2751 2762
f 2756 2764 2754
f 2745 2749 2751
f 2754 2765 2761
f 2753 2754 2761
f 2758 2761 2766
f 2754 2764 2765
f 2758 2755 2761
f 2756 2762 2764
f 2754 2744 2756
f 2767 2764 2762
f 2768 2759 2758
f 2744 2697 2742
f 2697 2688 2677
f 2769 2751 2749
f 2625 2747 2619
f 2752 2746 2747
f 2770 2771 2747
f 2752 2747 2771
f 2752 2772 2750
f 2773 2747 2625
f 2750 2774 2769
f 2769 2749 2750
f 2763 2769 2775
f 2750 2772 2774
f 2769 2763 2751
f 2752 2771 2772
f 2752 2750 2748
f 2776 2772 2771
f 2777 2772 2776
f 2770 2747 2773
f 2776 2771 2770
f 2778 2775 2774
f 2769 2774 2775
f 2779 2775 2778
f 2777 2778 2774
f 2774 2772 2777
f 2763 2780 2767
f 2626 2773 2625
f 2767 2781 2764
f 2762 2763 2767
f 2780 2782 2767
f 2781 2767 2782
f 2765 2783 2766
f 2780 2775 2784
f 2783 2781 2785
f 2786 2783 2787
f 2788 2785 2782
f 2785 2781 2782
f 2789 2787 2785
f 2783 2765 2781
f 2766 2761 2765
f 2790 2782 2780
f 2780 2784 2790
f 2784 2775 2779
f 2785 2788 2789
f 2788 2782 2790
f 2768 2766 2786
f 2780 2763 2775
f 2764 2781 2765
f 2760 2721 2737
f 2620 2623 2625
f 2791 2727 2721
f 2727 2720 2721
f 2792 2791 2760
f 2721 2760 2791
f 2727 2793 2724
f 2737 2757 2760
f 2724 2794 2723
f 2722 2727 2724
f 2793 2795 2724
f 2794 2724 2795
f 2725 2796 2733
f 2727 2791 2793
f 2721 2695 2737
f 2797 2793 2791
f 2798 2792 2759
f 2792 2760 2759
f 2799 2798 2768
f 2759 2768 2798
f 2792 2800 2797
f 2758 2766 2768
f 2797 2801 2793
f 2791 2792 2797
f 2800 2802 2797
f 2801 2797 2802
f 2795 2803 2804
f 2792 2798 2800
f 2795 2793 2801
f 2805 2800 2798
f 2794 2804 2796
f 2757 2758 2759
f 2806 2735 2733
f 2732 2733 2735
f 2806 2796 2807
f 2733 2796 2806
f 2806 2808 2735
f 2804 2794 2795
f 2736 2735 2808
f 2809 2810 2811
f 2804 2812 2807
f 2796 2804 2807
f 2801 2802 2813
f 2813 2803 2801
f 2803 2812 2804
f 2801 2803 2795
f 2812 2814 2807
f 2811 2807 2814
f 2815 2814 2812
f 2816 2811 2814
f 2814 2817 2816
f 2818 2812 2803
f 2807 2810 2806
f 2817 2814 2819
f 2796 2725 2794
f 2733 2726 2725
f 2820 2802 2800
f 2821 2799 2786
f 2799 2768 2786
f 2822 2821 2787
f 2786 2787 2821
f 2799 2823 2805
f 2783 2785 2787
f 2824 2820 2805
f 2820 2800 2805
f 2825 2824 2823
f 2805 2823 2824
f 2826 2827 2824
f 2799 2821 2823
f 2799 2805 2798
f 2828 2823 2821
f 2821 2822 2828
f 2824 2825 2826
f 2825 2823 2828
f 2829 2830 2820
f 2787 2789 2822
f 2831 2818 2813
f 2803 2813 2818
f 2831 2830 2832
f 2813 2830 2831
f 2818 2833 2815
f 2829 2820 2824
f 2815 2834 2819
f 2814 2815 2819
f 2834 2833 2835
f 2835 2833 2831
f 2833 2818 2831
f 2815 2812 2818
f 2836 2831 2832
f 2827 2837 2829
f 2832 2829 2837
f 2829 2824 2827
f 2832 2830 2829
f 2830 2802 2820
f 2830 2813 2802
f 2766 2783 2786
f 2723 2794 2725
f 2474 2465 2464
f 2409 2408 2424
f 2401 2393 2396
f 2838 2423 2408
f 2423 2838 2513
f 2511 2521 2512
f 2521 2511 2515
f 2515 2514 2522
f 2839 2522 2514
f 2522 2839 2518
f 2517 2519 2547
f 2547 2548 2552
f 2553 2556 2551
f 2552 2554 2549
f 2833 2834 2815
f 2836 2835 2831
f 2811 2810 2807
f 2806 2810 2808
f 2809 2811 2816
f 2840 2841 2842
f 2840 2843 2844
f 2841 2840 2844
f 2845 2846 2847
f 2848 2849 2847
f 2848 2847 2846
f 2850 2851 2852
f 2853 2852 2851
f 2854 2855 2856
f 2857 2858 2855
f 2855 2858 2859
f 2860 2861 2854
f 2862 2854 2863
f 2854 2856 2863
f 2855 2859 2864
f 2864 2856 2855
f 2860 2854 2862
f 2865 2866 2867
f 2868 2865 2869
f 2868 2869 2870
f 2869 2865 2867
f 2871 2872 2873
f 2871 2874 2875
f 2876 2872 2877
f 2876 2878 2879
f 2873 2872 2876
f 2878 2880 2879
f 2876 2877 2878
f 2874 2871 2873
f 2881 2882 2883
f 2884 2885 2882
f 2883 2886 2887
f 2888 2886 2875
f 2881 2884 2882
f 2887 2881 2883
f 2888 2887 2886
f 2875 2874 2888
f 2885 2884 2889
f 2890 2891 2892
f 2892 2893 2894
f 2895 2890 2896
f 2897 2898 2899
f 2899 2900 2897
f 2896 2900 2895
f 2899 2898 2901
f 2897 2900 2896
f 2902 2903 2904
f 2903 2879 2880
f 2902 2879 2903
f 2904 2905 2902
f 2906 2892 2891
f 2893 2902 2905
f 2893 2905 2894
f 2893 2892 2906
f 2890 2895 2891
f 2907 2908 2909
f 2910 2911 2907
f 2912 2908 2913
f 2889 2914 2913
f 2909 2910 2907
f 2912 2909 2908
f 2914 2912 2913
f 2913 2885 2889
f 2911 2910 2915
f 2916 2917 2918
f 2919 2920 2917
f 2918 2921 2916
f 2919 2917 2916
f 2922 2923 2924
f 2923 2920 2919
f 2924 2923 2919
f 2916 2921 2915
f 2921 2911 2915
f 2924 2925 2926
f 2927 2926 2925
f 2925 2928 2927
f 2924 2926 2922
f 2928 2929 2930
f 2931 2932 2933
f 2929 2933 2930
f 2934 2931 2935
f 2929 2928 2925
f 2934 2932 2931
f 2936 2937 2934
f 2930 2933 2932
f 2938 2939 2940
f 2940 2939 2941
f 2940 2937 2938
f 2939 2942 2943
f 2938 2937 2936
f 2936 2934 2935
f 2944 2945 2946
f 2946 2947 2948
f 2946 2901 2944
f 2946 2945 2949
f 2944 2901 2898
f 2950 2951 2952
f 2951 2953 2954
f 2945 2950 2949
f 2955 2953 2956
f 2952 2951 2954
f 2950 2952 2949
f 2956 2957 2955
f 2955 2954 2953
f 2958 2959 2957
f 2959 2958 2960
f 2959 2960 2961
f 2956 2958 2957
f 2961 2962 2963
f 2962 2961 2960
f 2964 2965 2963
f 2963 2962 2964
f 2966 2967 2965
f 2968 2967 2969
f 2969 2967 2966
f 2968 2969 2970
f 2966 2965 2964
f 2971 2968 2972
f 2973 2974 2975
f 2971 2976 2974
f 2975 2974 2976
f 2973 2977 2978
f 2973 2975 2977
f 2978 2977 2979
f 2976 2971 2972
f 2968 2970 2972
f 2980 2981 2982
f 2983 2984 2985
f 2985 2981 2986
f 2987 2988 2989
f 2990 2987 2991
f 2987 2990 2988
f 2990 2991 2982
f 2988 2992 2989
f 2982 2991 2980
f 2943 2941 2939
f 2993 2943 2994
f 2993 2941 2943
f 2942 2995 2943
f 2986 2983 2985
f 2986 2981 2980
f 2984 2996 2994
f 2984 2983 2996
f 2994 2996 2993
f 2997 2998 2999
f 3000 3001 3002
f 2997 3003 3002
f 3004 2979 3005
f 2979 3004 2978
f 2999 3003 2997
f 2998 3005 2999
f 2998 3004 3005
f 3000 3002 3003
f 3006 3007 3008
f 2989 2992 3006
f 3007 3009 3008
f 3006 2992 3007
f 3001 3010 3011
f 3010 3001 3000
f 3012 3008 3009
f 3012 3011 3010
f 3012 3009 3011
f 2901 2946 2948
f 3013 3014 3015
f 3016 3015 3017
f 3018 3016 3017
f 3013 3015 3016
f 3019 3020 3021
f 3021 3022 3023
f 3024 3020 3019
f 3019 3021 3023
f 3025 3023 3026
f 3023 3022 3026
f 3027 3024 3019
f 3028 3029 3030
f 3030 3031 3028
f 3032 3033 3034
f 3034 3035 3032
f 3036 3037 53
f 3038 3039 3040
f 3041 3040 3037
f 3042 3043 3044
f 3045 3046 3047
f 3048 3047 3043
f 3049 3044 3039
f 3036 53 52
f 3038 3040 3041
f 3036 3041 3037
f 3049 3042 3044
f 3039 3038 3049
f 3048 3043 3042
f 3045 3047 3048
f 3046 3045 3050
f 3046 3050 3051
f 3052 3053 3054
f 3055 3056 3057
f 3058 3057 3053
f 3059 3060 3061
f 48 39 3062
f 3063 3062 3060
f 3064 3061 3056
f 3065 3051 3050
f 3053 3052 3058
f 3052 3054 3065
f 3056 3055 3064
f 3060 3059 3063
f 3062 3063 48
f 3059 3061 3064
f 3055 3057 3058
f 3054 3051 3065
f 3066 3067 19
f 3068 3069 3070
f 3071 3070 3067
f 3072 3073 3074
f 3075 3076 3077
f 3078 3077 3073
f 3079 3074 3069
f 3066 19 18
f 3068 3070 3071
f 3066 3071 3067
f 3079 3072 3074
f 3069 3068 3079
f 3078 3073 3072
f 3075 3077 3078
f 3076 3075 3080
f 3076 3080 3081
f 3082 3083 3084
f 3085 3086 3087
f 3088 3087 3083
f 3089 3090 3091
f 14 5 3092
f 3093 3092 3090
f 3094 3091 3086
f 3095 3081 3080
f 3083 3082 3088
f 3082 3084 3095
f 3086 3085 3094
f 3090 3089 3093
f 3092 3093 14
f 3089 3091 3094
f 3085 3087 3088
f 3084 3081 3095
f 3096 3097 3098
f 3099 3098 3100
f 3101 3102 3103
f 3104 3105 3106
f 3107 3106 3102
f 3108 3103 3097
f 3096 3098 3099
f 3109 3099 3100
f 3108 3101 3103
f 3097 3096 3108
f 3107 3102 3101
f 3104 3106 3107
f 3105 3104 3110
f 3105 3110 3111
f 3112 3113 3114
f 3115 3116 3117
f 3118 3119 3120
f 3121 3120 3116
f 3122 3123 3124
f 3112 3125 3126
f 3127 3126 3123
f 3128 3124 3119
f 3129 3111 3110
f 3116 3115 3121
f 3115 3117 3129
f 3119 3118 3128
f 3123 3122 3127
f 3126 3127 3112
f 3122 3124 3128
f 3118 3120 3121
f 3112 3114 3125
f 3117 3111 3129
f 3130 3131 3132
f 3133 3132 3134
f 3135 3136 3137
f 3138 3139 3140
f 3141 3140 3136
f 3142 3137 3131
f 3130 3132 3133
f 3143 3133 3134
f 3142 3135 3137
f 3131 3130 3142
f 3141 3136 3135
f 3138 3140 3141
f 3139 3138 3144
f 3139 3144 3145
f 3146 3147 3148
f 3149 3150 3151
f 3152 3153 3154
f 3155 3154 3150
f 3156 3157 3158
f 3146 3159 3160
f 3161 3160 3157
f 3162 3158 3153
f 3163 3145 3144
f 3150 3149 3155
f 3149 3151 3163
f 3153 3152 3162
f 3157 3156 3161
f 3160 3161 3146
f 3156 3158 3162
f 3152 3154 3155
f 3146 3148 3159
f 3151 3145 3163
f 3164 3165 3166
f 3167 3164 3166
f 3168 3169 3166
f 3166 3169 3167
f 3166 3170 3171
f 3172 3173 3174
f 3175 3176 3166
f 3170 3177 3171
f 3175 3166 3171
f 3168 3166 3176
f 3177 3172 3174
f 3178 3179 3166
f 3180 3181 3182
f 3181 3183 3184
f 3185 3186 3187
f 3183 3188 3189
f 3185 3190 3191
f 3192 3188 3193
f 3194 3195 3196
f 3197 3198 3199
f 3195 3197 3199
f 3194 3187 3186
f 3191 3200 3193
f 3201 3178 3180
f 3202 3198 3203
f 3204 3205 3206
f 3207 3204 3208
f 3209 3210 3211
f 3212 3209 3213
f 3205 3212 3214
f 3206 3208 3204
f 3214 3206 3205
f 3213 3209 3211
f 3215 3211 3210
f 3215 3210 3173
f 3214 3212 3213
f 3172 3215 3173
f 3179 3170 3166
f 3172 3177 3170
f 3216 3179 3178
f 3201 3216 3178
f 3180 3182 3201
f 3182 3181 3184
f 3184 3183 3189
f 3189 3188 3192
f 3192 3193 3200
f 3200 3191 3190
f 3185 3187 3190
f 3187 3194 3196
f 3199 3196 3195
f 3198 3202 3199
f 3203 3217 3202
f 3218 3217 3219
f 3220 3221 3218
f 3222 3223 3224
f 3225 3226 3222
f 3224 3221 3220
f 3227 3228 3229
f 3226 3225 3229
f 3230 3231 3232
f 3231 3233 3234
f 3232 3235 3236
f 3237 3238 3235
f 3234 3239 3227
f 3240 3241 3242
f 3243 3244 3240
f 3245 3246 3243
f 3247 3245 3243
f 3246 3248 3243
f 3249 3250 3243
f 3243 3250 3251
f 3248 3252 3243
f 3252 3253 3243
f 3249 3243 3253
f 3250 3254 3251
f 3237 3242 3255
f 3256 3251 3254
f 3238 3237 3255
f 3235 3238 3236
f 3240 3257 3241
f 3242 3241 3255
f 3236 3230 3232
f 3222 3226 3223
f 3223 3221 3224
f 3233 3239 3234
f 3228 3227 3239
f 3228 3226 3229
f 3230 3233 3231
f 3221 3217 3218
f 3258 3259 3260
f 3261 3258 3262
f 3263 3264 3265
f 3266 3267 3268
f 3264 3266 3269
f 3259 3263 3260
f 3251 3244 3243
f 3262 3251 3256
f 3265 3264 3269
f 3262 3258 3260
f 3260 3263 3265
f 3266 3268 3269
f 3244 3257 3240
f 3262 3256 3261
f 3219 3217 3203
f 3270 3271 3272
f 3273 3274 3275
f 3274 3276 3271
f 3277 3278 3279
f 3279 3280 3277
f 3270 3281 3280
f 3282 3278 3283
f 3284 3285 3286
f 3274 3273 3276
f 3272 3271 3276
f 3277 3280 3281
f 3283 3278 3277
f 3272 3281 3270
f 3283 3287 3282
f 3287 3288 3282
f 3289 3288 3290
f 3291 3289 3292
f 3291 3293 3294
f 3295 3294 3296
f 3297 3298 3299
f 3300 3295 3301
f 3299 3300 3302
f 3289 3290 3292
f 3294 3293 3303
f 3293 3291 3292
f 3295 3296 3301
f 3299 3302 3297
f 3298 3297 3284
f 3302 3300 3301
f 3296 3294 3303
f 3284 3286 3298
f 3287 3290 3288
f 3304 3305 3306
f 3307 3308 3309
f 3309 3310 3311
f 3312 3308 3313
f 3314 3310 3306
f 3315 3316 3317
f 3315 3317 3318
f 3315 3318 3304
f 3305 3304 3318
f 3311 3310 3314
f 3307 3309 3311
f 3305 3314 3306
f 3307 3313 3308
f 3313 3319 3312
f 3320 3321 3322
f 3323 3324 3325
f 3326 3327 3323
f 3328 3324 3329
f 3330 3331 3332
f 3333 3330 3334
f 3331 3327 3335
f 3336 3333 3337
f 3329 3319 3328
f 3323 3325 3326
f 3325 3324 3328
f 3331 3335 3332
f 3333 3334 3337
f 3336 3337 3320
f 3334 3330 3332
f 3335 3327 3326
f 3320 3322 3336
f 3312 3319 3329
f 3338 3339 3340
f 3341 3342 3343
f 3340 3344 3343
f 3339 3338 3345
f 3346 3347 3348
f 3349 3350 3346
f 3351 3350 3349
f 3351 3352 3345
f 3347 3353 3348
f 3354 3355 3356
f 3354 3357 3358
f 3357 3354 3356
f 3355 3341 3356
f 3341 3355 3342
f 3341 3343 3344
f 3339 3345 3352
f 3352 3351 3349
f 3340 3339 3344
f 3346 3348 3349
f 3353 3359 3348
f 3360 3361 3362
f 3363 3364 3365
f 3361 3360 3365
f 3366 3367 3363
f 3368 3369 3370
f 3371 3372 3373
f 3374 3375 3370
f 3369 3367 3366
f 3375 3374 3371
f 3359 3362 3361
f 3364 3363 3367
f 3367 3369 3368
f 3365 3364 3361
f 3375 3371 3373
f 3375 3368 3370
f 3376 3377 3378
f 3373 3372 3379
f 3376 3379 3377
f 3372 3377 3379
f 3362 3359 3353
f 3380 3381 3382
f 3381 3383 3384
f 3385 3386 3382
f 3386 3380 3382
f 3387 3386 3385
f 3381 3380 3383
f 3385 3388 3387
f 3358 3357 3389
f 3388 3390 3391
f 3392 3393 3394
f 3395 3392 3396
f 3390 3395 3397
f 3391 3390 3397
f 3392 3394 3396
f 3396 3397 3395
f 3394 3389 3357
f 3394 3393 3389
f 3388 3391 3387
f 3398 3399 3400
f 3398 3401 3399
f 3402 3401 3403
f 3404 3400 3405
f 3406 3407 3408
f 3409 3406 3410
f 3409 3411 3412
f 3405 3412 3411
f 3413 3408 3407
f 3414 3415 3416
f 3417 3416 3415
f 3417 3415 3402
f 3403 3417 3402
f 3403 3401 3398
f 3398 3400 3404
f 3411 3409 3410
f 3410 3406 3408
f 3405 3411 3404
f 3413 3418 3408
f 3413 3419 3418
f 3418 3420 3421
f 3422 3423 3424
f 3420 3423 3421
f 3425 3422 3424
f 3426 3427 3428
f 3429 3430 3431
f 3428 3430 3426
f 3425 3427 3432
f 3431 3433 3434
f 3421 3423 3422
f 3432 3427 3426
f 3426 3430 3429
f 3425 3432 3422
f 3435 3436 3437
f 3438 3435 3439
f 3439 3434 3438
f 3437 3439 3435
f 3434 3429 3431
f 3438 3434 3433
f 3420 3418 3419
f 3440 3441 3442
f 3443 3442 3441
f 3444 3442 3443
f 3445 3446 3444
f 3440 3442 3447
f 3444 3443 3445
f 3414 3416 3448
f 3446 3449 3450
f 3449 3451 3450
f 3452 3453 3451
f 3450 3451 3453
f 3454 3455 3448
f 3454 3453 3452
f 3448 3455 3414
f 3455 3454 3452
f 3449 3446 3445
f 3456 3457 3458
f 3459 3458 3460
f 3458 3461 3456
f 3462 3460 3463
f 3464 3465 3466
f 3462 3467 3460
f 3468 3469 3462
f 3459 3460 3467
f 3468 3466 3469
f 3468 3462 3463
f 3470 3471 3472
f 3473 3474 3471
f 3473 3475 3476
f 3476 3475 3477
f 3478 3479 3480
f 3481 3463 3482
f 3483 3484 3485
f 3480 3484 3483
f 3486 3482 3479
f 3487 3485 3470
f 3488 3477 3489
f 3490 3491 3492
f 3493 3490 3494
f 3495 3496 3493
f 3496 3495 3268
f 3495 3493 3494
f 3494 3490 3492
f 3491 3497 3492
f 3491 3498 3497
f 3207 3208 3499
f 3487 3483 3485
f 3470 3472 3487
f 3483 3478 3480
f 3472 3471 3474
f 3474 3473 3476
f 3477 3488 3476
f 3464 3498 3465
f 3464 3466 3468
f 3481 3482 3486
f 3486 3479 3478
f 3463 3481 3468
f 3498 3464 3497
f 3489 3500 3488
f 3501 3502 3503
f 3504 3505 3506
f 3505 3501 3506
f 3504 3507 3508
f 3509 3510 3511
f 3512 3513 3507
f 3514 3515 3516
f 3509 3516 3517
f 3511 3510 3512
f 3514 3518 3519
f 3520 3521 3522
f 3523 3524 3525
f 3526 3522 3527
f 3523 3528 3527
f 3529 3525 3524
f 3529 3524 3530
f 3531 3532 3533
f 3530 3531 3534
f 3524 3531 3530
f 3518 3521 3520
f 3525 3535 3523
f 3500 3503 3502
f 3505 3504 3508
f 3508 3507 3513
f 3501 3505 3502
f 3510 3509 3517
f 3517 3516 3515
f 3519 3518 3520
f 3520 3522 3526
f 3514 3519 3515
f 3512 3510 3513
f 3536 3537 3538
f 3539 3536 3535
f 3540 3541 3542
f 3543 3540 3542
f 3537 3543 3538
f 3523 3535 3528
f 3535 3536 3538
f 3541 3544 3542
f 3542 3538 3543
f 3544 3499 3208
f 3541 3499 3544
f 3528 3526 3527
f 3535 3525 3539
f 3503 3500 3489
f 3458 3459 3461
f 3533 3534 3531
f 3545 3546 3547
f 3548 3547 3546
f 3549 3550 3551
f 3550 3552 3551
f 3549 3553 3550
f 3554 3555 3556
f 3557 3558 3559
f 3557 3554 3558
f 3549 3560 3553
f 3549 3551 3561
f 3553 3560 3555
f 3549 3561 3560
f 3560 3562 3556
f 3555 3560 3556
f 3563 3564 3551
f 3565 3560 3561
f 3566 3567 3568
f 3567 3566 3569
f 3570 3571 3572
f 3570 3568 3567
f 3573 3574 3567
f 3570 3575 3571
f 3576 3573 3569
f 3577 3578 3579
f 3576 3580 3581
f 3581 3580 3582
f 3583 3581 3559
f 3565 3584 3562
f 3565 3562 3560
f 3585 3581 3583
f 3583 3558 3586
f 3584 3587 3586
f 3586 3558 3562
f 3558 3556 3562
f 3588 3583 3586
f 3585 3589 3576
f 3585 3576 3581
f 3570 3567 3574
f 3590 3573 3589
f 3576 3589 3573
f 3567 3569 3573
f 3585 3591 3589
f 3591 3585 3588
f 3589 3592 3590
f 3592 3589 3591
f 3593 3591 3594
f 3590 3592 3595
f 3588 3587 3594
f 3590 3574 3573
f 3585 3583 3588
f 3574 3590 3596
f 3584 3586 3562
f 3576 3569 3597
f 3582 3559 3581
f 3570 3574 3598
f 3564 3599 3561
f 3547 3579 3578
f 3600 3563 3551
f 3600 3552 3601
f 3600 3601 3602
f 3603 3604 3605
f 3602 3601 3606
f 3605 3606 3603
f 3604 3607 3605
f 3603 3606 3601
f 3608 3606 3605
f 3600 3609 3563
f 3609 3600 3602
f 3563 3610 3564
f 3610 3563 3609
f 3608 3611 3602
f 3561 3551 3564
f 3612 3609 3611
f 3608 3613 3614
f 3610 3612 3615
f 3610 3609 3612
f 3614 3616 3611
f 3609 3602 3611
f 3602 3606 3608
f 3564 3610 3617
f 3607 3613 3605
f 3565 3561 3599
f 3618 3619 3620
f 3607 3620 3621
f 3620 3607 3618
f 3619 3622 3620
f 3618 3607 3604
f 3622 3623 3624
f 3623 3622 3619
f 3622 3625 3626
f 3625 3622 3624
f 3623 3627 3624
f 3622 3626 3620
f 3620 3626 3628
f 3613 3621 3629
f 3613 3607 3621
f 3611 3616 3612
f 3629 3614 3613
f 3628 3630 3621
f 3614 3611 3608
f 3626 3631 3628
f 3628 3621 3620
f 3628 3632 3630
f 3632 3628 3631
f 3631 3633 3634
f 3635 3629 3630
f 3636 3633 3625
f 3630 3629 3621
f 3631 3626 3625
f 3637 3614 3629
f 3638 3636 3624
f 3613 3608 3605
f 3639 3630 3632
f 3565 3640 3584
f 3565 3599 3640
f 3587 3584 3641
f 3641 3584 3640
f 3617 3642 3599
f 3587 3588 3586
f 3617 3615 3643
f 3617 3610 3615
f 3644 3640 3642
f 3643 3642 3617
f 3645 3646 3615
f 3642 3640 3599
f 3564 3617 3599
f 3647 3642 3643
f 3587 3648 3594
f 3648 3587 3641
f 3594 3649 3593
f 3649 3594 3648
f 3644 3650 3641
f 3593 3592 3591
f 3647 3651 3644
f 3647 3644 3642
f 3649 3648 3652
f 3648 3650 3652
f 3651 3650 3644
f 3648 3641 3650
f 3641 3640 3644
f 3593 3649 3653
f 3646 3654 3643
f 3594 3591 3588
f 3616 3637 3655
f 3637 3616 3614
f 3645 3655 3656
f 3655 3645 3616
f 3635 3657 3637
f 3643 3615 3646
f 3635 3639 3658
f 3639 3635 3630
f 3658 3659 3657
f 3658 3657 3635
f 3660 3661 3639
f 3657 3655 3637
f 3637 3629 3635
f 3655 3657 3662
f 3663 3647 3654
f 3646 3656 3664
f 3665 3650 3651
f 3651 3647 3663
f 3664 3666 3654
f 3643 3654 3647
f 3656 3662 3667
f 3662 3656 3655
f 3664 3667 3666
f 3667 3664 3656
f 3666 3667 3668
f 3666 3663 3654
f 3662 3659 3669
f 3664 3654 3646
f 3646 3645 3656
f 3670 3651 3663
f 3669 3671 3667
f 3615 3612 3645
f 3645 3612 3616
f 3672 3663 3666
f 3634 3660 3632
f 3552 3600 3551
f 3576 3673 3580
f 3592 3593 3674
f 3675 3676 3677
f 3677 3676 3678
f 3678 3679 3677
f 3677 3680 3675
f 3681 3682 3683
f 3684 3685 3680
f 3686 3687 3688
f 3689 3684 3690
f 3680 3690 3684
f 3691 3692 3684
f 3680 3677 3690
f 3688 3687 3693
f 3575 3694 3679
f 3575 3598 3695
f 3575 3570 3598
f 3694 3695 3696
f 3695 3694 3575
f 3596 3697 3598
f 3698 3677 3694
f 3596 3595 3699
f 3596 3590 3595
f 3697 3699 3700
f 3699 3697 3596
f 3674 3701 3595
f 3697 3695 3598
f 3574 3596 3598
f 3695 3697 3702
f 3690 3698 3703
f 3690 3677 3698
f 3689 3703 3704
f 3703 3689 3690
f 3696 3705 3698
f 3689 3687 3684
f 3696 3702 3706
f 3702 3696 3695
f 3696 3706 3705
f 3702 3700 3707
f 3702 3707 3706
f 3705 3706 3708
f 3702 3697 3700
f 3705 3703 3698
f 3698 3694 3696
f 3703 3705 3709
f 3701 3710 3699
f 3677 3679 3694
f 3575 3679 3571
f 3687 3689 3711
f 3687 3691 3684
f 3712 3682 3713
f 3683 3714 3681
f 3715 3681 3714
f 3681 3693 3716
f 3681 3715 3688
f 3713 3716 3712
f 3716 3713 3681
f 3711 3717 3693
f 3713 3682 3681
f 3693 3681 3688
f 3715 3686 3688
f 3718 3717 3719
f 3712 3716 3718
f 3718 3716 3717
f 3687 3686 3691
f 3711 3704 3717
f 3687 3711 3693
f 3717 3720 3721
f 3720 3717 3704
f 3719 3717 3721
f 3705 3708 3709
f 3709 3704 3703
f 3722 3709 3708
f 3708 3706 3723
f 3724 3725 3707
f 3709 3726 3704
f 3704 3711 3689
f 3708 3723 3727
f 3728 3720 3729
f 3720 3728 3721
f 3720 3726 3729
f 3726 3722 3730
f 3722 3726 3709
f 3722 3731 3730
f 3732 3731 3733
f 3727 3731 3722
f 3726 3730 3729
f 3720 3704 3726
f 3708 3727 3722
f 3716 3693 3717
f 3706 3707 3723
f 3710 3724 3700
f 3674 3653 3734
f 3674 3593 3653
f 3701 3734 3735
f 3734 3701 3674
f 3736 3737 3653
f 3700 3699 3710
f 3652 3665 3738
f 3665 3652 3650
f 3653 3737 3734
f 3738 3736 3652
f 3670 3739 3665
f 3736 3653 3649
f 3595 3592 3674
f 3740 3736 3738
f 3710 3735 3741
f 3710 3701 3735
f 3724 3741 3742
f 3741 3724 3710
f 3743 3744 3735
f 3723 3707 3725
f 3740 3745 3737
f 3740 3737 3736
f 3744 3741 3735
f 3746 3743 3745
f 3737 3745 3743
f 3743 3735 3734
f 3737 3743 3734
f 3741 3744 3747
f 3739 3748 3738
f 3707 3700 3724
f 3672 3749 3670
f 3672 3670 3663
f 3750 3740 3748
f 3751 3739 3749
f 3670 3749 3739
f 3740 3738 3748
f 3672 3752 3749
f 3752 3672 3668
f 3749 3753 3751
f 3753 3749 3752
f 3668 3671 3754
f 3751 3748 3739
f 3672 3666 3668
f 3748 3751 3755
f 3745 3750 3756
f 3740 3750 3745
f 3746 3756 3757
f 3756 3746 3745
f 3755 3758 3750
f 3746 3744 3743
f 3751 3759 3755
f 3755 3750 3748
f 3755 3760 3758
f 3760 3755 3759
f 3761 3759 3762
f 3758 3760 3763
f 3753 3764 3762
f 3758 3756 3750
f 3759 3751 3753
f 3756 3758 3765
f 3752 3754 3764
f 3738 3665 3739
f 3665 3651 3670
f 3744 3746 3766
f 3742 3767 3725
f 3742 3725 3724
f 3727 3768 3769
f 3727 3723 3768
f 3725 3767 3768
f 3723 3725 3768
f 3747 3766 3770
f 3766 3747 3744
f 3767 3742 3771
f 3770 3771 3747
f 3757 3772 3766
f 3747 3771 3742
f 3742 3741 3747
f 3771 3770 3773
f 3727 3769 3733
f 3768 3767 3774
f 3769 3775 3733
f 3774 3775 3769
f 3768 3774 3769
f 3733 3775 3732
f 3767 3776 3774
f 3776 3767 3777
f 3778 3776 3779
f 3776 3778 3774
f 3780 3777 3773
f 3776 3780 3779
f 3774 3778 3775
f 3767 3771 3777
f 3777 3771 3773
f 3727 3733 3731
f 3781 3770 3772
f 3757 3765 3782
f 3773 3781 3783
f 3773 3770 3781
f 3782 3784 3772
f 3770 3766 3772
f 3765 3763 3785
f 3763 3765 3758
f 3772 3784 3781
f 3785 3782 3765
f 3763 3786 3787
f 3782 3772 3757
f 3757 3756 3765
f 3788 3782 3785
f 3780 3783 3789
f 3780 3773 3783
f 3790 3789 3783
f 3783 3791 3790
f 3780 3789 3779
f 3784 3788 3792
f 3788 3784 3782
f 3792 3793 3790
f 3792 3791 3784
f 3794 3793 3792
f 3792 3790 3791
f 3788 3795 3794
f 3791 3783 3781
f 3784 3791 3781
f 3785 3787 3795
f 3780 3776 3777
f 3766 3746 3757
f 3760 3761 3786
f 3699 3595 3701
f 3649 3652 3736
f 3662 3657 3659
f 3721 3728 3719
f 3627 3796 3638
f 3625 3624 3636
f 3797 3638 3798
f 3638 3796 3798
f 3633 3631 3625
f 3798 3799 3800
f 3799 3798 3796
f 3800 3801 3797
f 3800 3797 3798
f 3799 3802 3800
f 3797 3636 3638
f 3796 3803 3799
f 3636 3797 3804
f 3632 3631 3634
f 3633 3804 3805
f 3661 3658 3639
f 3660 3806 3807
f 3805 3806 3634
f 3660 3639 3632
f 3805 3634 3633
f 3808 3804 3801
f 3807 3661 3660
f 3809 3806 3810
f 3805 3808 3810
f 3806 3660 3634
f 3633 3636 3804
f 3661 3807 3811
f 3801 3804 3797
f 3661 3811 3658
f 3812 3800 3802
f 3802 3803 3813
f 3801 3812 3814
f 3801 3800 3812
f 3815 3816 3802
f 3802 3799 3803
f 3813 3817 3815
f 3802 3816 3812
f 3818 3815 3817
f 3817 3819 3818
f 3813 3815 3802
f 3815 3818 3820
f 3814 3821 3808
f 3808 3801 3814
f 3809 3807 3806
f 3822 3810 3821
f 3808 3821 3810
f 3810 3806 3805
f 3823 3814 3824
f 3825 3816 3820
f 3823 3826 3821
f 3821 3814 3823
f 3821 3826 3822
f 3822 3809 3810
f 3824 3825 3827
f 3814 3812 3824
f 3816 3824 3812
f 3809 3822 3828
f 3827 3829 3823
f 3808 3805 3804
f 3807 3809 3830
f 3811 3831 3659
f 3658 3811 3659
f 3671 3668 3667
f 3832 3669 3831
f 3659 3831 3669
f 3669 3667 3662
f 3831 3833 3834
f 3833 3831 3811
f 3832 3834 3835
f 3834 3832 3831
f 3830 3836 3833
f 3832 3671 3669
f 3807 3833 3811
f 3671 3832 3837
f 3837 3838 3754
f 3837 3754 3671
f 3762 3759 3753
f 3839 3764 3838
f 3754 3838 3764
f 3764 3753 3752
f 3837 3840 3838
f 3840 3837 3835
f 3838 3841 3839
f 3841 3838 3840
f 3842 3843 3835
f 3839 3762 3764
f 3837 3832 3835
f 3762 3839 3844
f 3836 3842 3834
f 3754 3752 3668
f 3828 3845 3830
f 3830 3809 3828
f 3840 3835 3843
f 3846 3836 3845
f 3830 3845 3836
f 3835 3834 3842
f 3847 3828 3848
f 3849 3826 3829
f 3836 3846 3842
f 3845 3828 3847
f 3848 3849 3850
f 3828 3822 3848
f 3807 3830 3833
f 3851 3845 3847
f 3843 3852 3853
f 3852 3842 3846
f 3841 3854 3855
f 3841 3840 3854
f 3842 3852 3843
f 3840 3843 3854
f 3846 3856 3852
f 3856 3846 3851
f 3852 3857 3853
f 3857 3852 3856
f 3858 3856 3859
f 3853 3857 3860
f 3851 3861 3859
f 3853 3854 3843
f 3846 3845 3851
f 3854 3853 3862
f 3847 3850 3861
f 3834 3833 3836
f 3822 3826 3848
f 3839 3841 3863
f 3816 3815 3820
f 3627 3638 3624
f 3864 3820 3818
f 3864 3819 3865
f 3825 3824 3816
f 3866 3825 3820
f 3866 3820 3864
f 3864 3818 3819
f 3867 3868 3869
f 3864 3865 3866
f 3870 3871 3867
f 3827 3866 3872
f 3866 3827 3825
f 3829 3872 3873
f 3872 3829 3827
f 3868 3874 3866
f 3829 3826 3823
f 3868 3871 3875
f 3871 3868 3867
f 3874 3875 3876
f 3875 3874 3868
f 3871 3877 3875
f 3874 3872 3866
f 3865 3869 3866
f 3872 3874 3878
f 3827 3823 3824
f 3877 3879 3880
f 3880 3881 3882
f 3880 3879 3883
f 3880 3875 3877
f 3881 3884 3882
f 3883 3881 3880
f 3877 3871 3870
f 3875 3880 3885
f 3849 3873 3886
f 3849 3829 3873
f 3850 3886 3887
f 3886 3850 3849
f 3878 3888 3873
f 3850 3847 3848
f 3876 3889 3878
f 3878 3874 3876
f 3876 3885 3890
f 3889 3888 3878
f 3875 3885 3876
f 3888 3886 3873
f 3872 3878 3873
f 3886 3888 3891
f 3861 3887 3892
f 3861 3850 3887
f 3856 3858 3857
f 3892 3859 3861
f 3891 3893 3887
f 3859 3856 3851
f 3888 3894 3891
f 3891 3887 3886
f 3891 3895 3893
f 3895 3891 3894
f 3896 3894 3897
f 3898 3892 3893
f 3889 3890 3897
f 3893 3892 3887
f 3894 3888 3889
f 3899 3859 3892
f 3889 3876 3890
f 3861 3851 3847
f 3884 3900 3882
f 3884 3901 3900
f 3900 3902 3882
f 3902 3890 3885
f 3902 3885 3882
f 3903 3904 3905
f 3885 3880 3882
f 3890 3906 3897
f 3906 3890 3902
f 3897 3907 3896
f 3907 3897 3906
f 3902 3904 3906
f 3896 3895 3894
f 3904 3908 3909
f 3900 3905 3902
f 3909 3907 3906
f 3910 3909 3908
f 3911 3896 3907
f 3902 3905 3904
f 3909 3906 3904
f 3912 3895 3896
f 3897 3894 3889
f 3913 3893 3895
f 3849 3848 3826
f 3679 3678 3571
f 3914 3907 3909
f 3761 3844 3915
f 3761 3762 3844
f 3786 3915 3916
f 3915 3786 3761
f 3863 3917 3844
f 3786 3763 3760
f 3855 3918 3863
f 3863 3841 3855
f 3855 3862 3919
f 3918 3917 3863
f 3854 3862 3855
f 3917 3915 3844
f 3839 3863 3844
f 3915 3917 3920
f 3787 3916 3921
f 3787 3786 3916
f 3795 3921 3922
f 3921 3795 3787
f 3920 3923 3916
f 3795 3788 3785
f 3917 3924 3920
f 3920 3916 3915
f 3923 3920 3925
f 3925 3920 3924
f 3918 3919 3926
f 3923 3921 3916
f 3924 3917 3918
f 3921 3923 3927
f 3855 3919 3918
f 3787 3785 3763
f 3857 3928 3860
f 3929 3862 3860
f 3928 3930 3860
f 3929 3919 3862
f 3899 3931 3858
f 3862 3853 3860
f 3899 3898 3932
f 3898 3899 3892
f 3933 3928 3931
f 3932 3931 3899
f 3913 3934 3898
f 3931 3928 3858
f 3858 3859 3899
f 3935 3931 3932
f 3930 3936 3929
f 3930 3929 3860
f 3937 3924 3926
f 3926 3919 3938
f 3936 3938 3929
f 3938 3919 3929
f 3933 3935 3939
f 3935 3933 3931
f 3940 3938 3936
f 3936 3930 3941
f 3939 3941 3933
f 3942 3936 3941
f 3943 3944 3935
f 3941 3930 3933
f 3930 3928 3933
f 3945 3926 3938
f 3934 3943 3932
f 3926 3924 3918
f 3928 3857 3858
f 3946 3941 3939
f 3927 3947 3922
f 3922 3921 3927
f 3794 3948 3949
f 3948 3794 3922
f 3922 3947 3948
f 3922 3794 3795
f 3925 3937 3950
f 3937 3925 3924
f 3951 3927 3952
f 3950 3952 3925
f 3945 3953 3937
f 3952 3927 3923
f 3925 3952 3923
f 3954 3952 3950
f 3948 3955 3949
f 3955 3948 3947
f 3676 3675 3680
f 3956 3957 3955
f 3955 3947 3956
f 3685 3684 3692
f 3954 3958 3951
f 3954 3951 3952
f 3956 3959 3957
f 3958 3959 3956
f 3951 3958 3956
f 3951 3956 3947
f 3947 3927 3951
f 3953 3960 3950
f 3794 3949 3793
f 3940 3961 3945
f 3940 3945 3938
f 3962 3954 3960
f 3963 3953 3961
f 3945 3961 3953
f 3954 3950 3960
f 3946 3964 3942
f 3946 3942 3941
f 3953 3963 3960
f 3961 3940 3965
f 3964 3548 3965
f 3965 3940 3942
f 3940 3936 3942
f 3966 3961 3965
f 3958 3962 3967
f 3954 3962 3958
f 3968 3967 3962
f 3962 3969 3968
f 3958 3967 3959
f 3963 3966 3970
f 3966 3963 3961
f 3969 3970 3971
f 3970 3969 3963
f 3971 3970 3545
f 3969 3971 3968
f 3966 3548 3546
f 3969 3962 3960
f 3963 3969 3960
f 3965 3942 3964
f 3950 3937 3953
f 3937 3926 3945
f 3944 3972 3939
f 3794 3792 3788
f 3912 3973 3913
f 3912 3913 3895
f 3939 3935 3944
f 3974 3934 3973
f 3913 3973 3934
f 3935 3932 3943
f 3914 3975 3911
f 3914 3911 3907
f 3934 3974 3943
f 3973 3912 3976
f 3975 3977 3976
f 3976 3912 3911
f 3912 3896 3911
f 3978 3973 3976
f 3943 3979 3944
f 3979 3943 3974
f 3944 3980 3972
f 3980 3944 3979
f 3978 3981 3974
f 3982 3946 3972
f 3983 3979 3981
f 3984 3978 3977
f 3980 3983 3985
f 3980 3979 3983
f 3981 3984 3986
f 3979 3974 3981
f 3974 3973 3978
f 3972 3980 3987
f 3975 3976 3911
f 3946 3939 3972
f 3988 3989 3910
f 3910 3908 3990
f 3991 3975 3992
f 3975 3914 3992
f 3989 3992 3910
f 3992 3914 3910
f 3988 3993 3989
f 3993 3988 3994
f 3993 3995 3989
f 3992 3989 3996
f 3990 3997 3988
f 3995 3996 3989
f 3977 3991 3998
f 3991 3977 3975
f 3999 3984 3998
f 3998 3984 3977
f 3991 4000 3998
f 3984 3981 3978
f 3996 4001 4000
f 4001 3996 3995
f 4002 3998 4000
f 4000 3991 3996
f 3991 3992 3996
f 3986 3983 3981
f 3977 3978 3976
f 3914 3909 3910
f 4003 3998 4002
f 3964 3982 3579
f 3946 3982 3964
f 3579 3548 3964
f 3987 4004 3982
f 3548 3966 3965
f 3987 3985 4005
f 3987 3980 3985
f 4004 4005 4006
f 4005 4004 3987
f 3985 4007 4005
f 4004 3579 3982
f 3972 3987 3982
f 3579 4004 4008
f 3547 3548 3579
f 3546 3545 3970
f 3577 3579 4008
f 4004 4006 4008
f 4005 4009 4006
f 4009 4005 4007
f 3546 3970 3966
f 4010 4011 3986
f 3999 3986 3984
f 4011 4010 4012
f 3986 3999 4010
f 4013 3985 4011
f 4003 3999 3998
f 4003 4010 3999
f 3985 4013 4007
f 4011 4012 4013
f 3985 3983 4011
f 3983 3986 4011
f 3932 3898 3934
f 3898 3893 3913
f 3761 3760 3759
f 3568 3570 3572
f 3576 3597 3673
f 4014 3597 3569
f 3569 3566 4014
f 3559 3558 3583
f 3558 3554 3556
f 3866 3869 3868
f 3884 3881 3883
f 3910 3990 3988
f 3903 3990 3908
f 3903 3908 3904
f 4015 3905 3900
f 3900 3901 4015
f 3994 3988 3997
f 4016 4017 4018
f 4017 4016 4019
f 4020 4021 4022
f 4020 4023 4021
f 4021 4024 4022
f 4025 4026 4027
f 4028 4029 4030
f 4029 4027 4030
f 4024 4031 4022
f 4032 4020 4022
f 4026 4031 4024
f 4031 4032 4022
f 4025 4033 4031
f 4025 4031 4026
f 4020 4034 4035
f 4032 4031 4036
f 4037 4038 4039
f 4040 4039 4038
f 4041 4042 4043
f 4038 4037 4043
f 4038 4044 4045
f 4042 4046 4043
f 4040 4045 4047
f 4048 4049 4050
f 4051 4052 4047
f 4053 4052 4051
f 4028 4051 4054
f 4033 4055 4036
f 4031 4033 4036
f 4054 4051 4056
f 4057 4029 4054
f 4057 4058 4055
f 4033 4029 4057
f 4033 4025 4029
f 4057 4054 4059
f 4047 4060 4056
f 4051 4047 4056
f 4044 4038 4043
f 4060 4045 4061
f 4045 4060 4047
f 4045 4040 4038
f 4060 4062 4056
f 4059 4056 4062
f 4061 4063 4060
f 4062 4060 4063
f 4064 4062 4065
f 4066 4063 4061
f 4064 4058 4059
f 4045 4044 4061
f 4059 4054 4056
f 4067 4061 4044
f 4033 4057 4055
f 4068 4040 4047
f 4051 4028 4053
f 4069 4044 4043
f 4032 4070 4034
f 4049 4048 4016
f 4020 4035 4071
f 4072 4023 4071
f 4073 4072 4071
f 4074 4075 4076
f 4077 4072 4073
f 4076 4077 4074
f 4074 4078 4075
f 4072 4077 4076
f 4074 4077 4079
f 4035 4080 4071
f 4073 4071 4080
f 4034 4081 4035
f 4080 4035 4081
f 4073 4082 4079
f 4034 4020 4032
f 4082 4080 4083
f 4084 4085 4079
f 4086 4083 4081
f 4083 4080 4081
f 4082 4087 4084
f 4082 4073 4080
f 4079 4077 4073
f 4088 4081 4034
f 4074 4085 4078
f 4070 4032 4036
f 4089 4090 4091
f 4092 4089 4078
f 4091 4078 4089
f 4089 4093 4090
f 4075 4078 4091
f 4094 4095 4093
f 4090 4093 4095
f 4096 4097 4093
f 4094 4093 4097
f 4094 4098 4095
f 4089 4096 4093
f 4099 4096 4089
f 4100 4092 4085
f 4092 4078 4085
f 4083 4087 4082
f 4085 4084 4100
f 4092 4101 4099
f 4079 4082 4084
f 4099 4102 4096
f 4089 4092 4099
f 4101 4103 4099
f 4102 4099 4103
f 4104 4105 4102
f 4101 4100 4106
f 4097 4105 4107
f 4092 4100 4101
f 4097 4096 4102
f 4100 4084 4108
f 4094 4107 4109
f 4074 4079 4085
f 4103 4101 4110
f 4055 4111 4036
f 4111 4070 4036
f 4112 4055 4058
f 4111 4055 4112
f 4070 4113 4088
f 4057 4059 4058
f 4114 4086 4088
f 4086 4081 4088
f 4113 4111 4115
f 4088 4113 4114
f 4086 4116 4117
f 4070 4111 4113
f 4070 4088 4034
f 4114 4113 4118
f 4064 4119 4058
f 4112 4058 4119
f 4065 4120 4064
f 4119 4064 4120
f 4112 4121 4115
f 4062 4063 4065
f 4115 4122 4118
f 4113 4115 4118
f 4123 4119 4120
f 4123 4121 4119
f 4115 4121 4122
f 4121 4112 4119
f 4115 4111 4112
f 4124 4120 4065
f 4114 4125 4116
f 4059 4062 4064
f 4126 4108 4087
f 4084 4087 4108
f 4127 4126 4117
f 4087 4117 4126
f 4108 4128 4106
f 4116 4086 4114
f 4129 4110 4106
f 4101 4106 4110
f 4128 4130 4129
f 4106 4128 4129
f 4110 4131 4132
f 4108 4126 4128
f 4106 4100 4108
f 4133 4128 4126
f 4125 4118 4134
f 4135 4127 4116
f 4122 4121 4136
f 4134 4118 4122
f 4125 4137 4135
f 4118 4125 4114
f 4138 4133 4127
f 4126 4127 4133
f 4137 4138 4135
f 4127 4135 4138
f 4139 4138 4137
f 4125 4134 4137
f 4140 4130 4133
f 4116 4125 4135
f 4127 4117 4116
f 4134 4122 4141
f 4138 4142 4140
f 4117 4083 4086
f 4087 4083 4117
f 4137 4134 4143
f 4103 4132 4104
f 4020 4071 4023
f 4144 4068 4047
f 4145 4065 4063
f 4146 4147 4148
f 4149 4150 4151
f 4152 4150 4149
f 4149 4153 4152
f 4151 4154 4149
f 4154 4155 4156
f 4157 4158 4159
f 4160 4156 4161
f 4156 4160 4154
f 4156 4162 4163
f 4160 4149 4154
f 4164 4158 4157
f 4153 4165 4046
f 4166 4146 4148
f 4167 4069 4046
f 4069 4043 4046
f 4168 4167 4165
f 4046 4165 4167
f 4069 4169 4067
f 4165 4149 4170
f 4171 4066 4067
f 4066 4061 4067
f 4172 4171 4169
f 4067 4169 4171
f 4066 4173 4145
f 4069 4167 4169
f 4069 4067 4044
f 4174 4169 4167
f 4175 4170 4160
f 4170 4149 4160
f 4176 4175 4161
f 4160 4161 4175
f 4170 4177 4168
f 4156 4158 4161
f 4178 4174 4168
f 4167 4168 4174
f 4177 4178 4168
f 4179 4172 4174
f 4178 4179 4174
f 4180 4178 4177
f 4172 4169 4174
f 4170 4175 4177
f 4168 4165 4170
f 4181 4177 4175
f 4171 4182 4173
f 4165 4153 4149
f 4042 4153 4046
f 4183 4161 4158
f 4184 4185 4186
f 4187 4188 4189
f 4190 4191 4192
f 4193 4164 4190
f 4157 4194 4190
f 4189 4193 4187
f 4190 4187 4193
f 4164 4195 4183
f 4190 4188 4187
f 4157 4190 4164
f 4196 4195 4197
f 4197 4193 4189
f 4195 4193 4197
f 4195 4176 4183
f 4164 4183 4158
f 4198 4199 4195
f 4176 4195 4199
f 4198 4195 4196
f 4181 4180 4177
f 4175 4176 4181
f 4180 4181 4200
f 4201 4178 4180
f 4179 4202 4203
f 4176 4204 4181
f 4161 4183 4176
f 4205 4201 4180
f 4206 4199 4207
f 4198 4207 4199
f 4206 4204 4199
f 4208 4200 4204
f 4181 4204 4200
f 4208 4209 4200
f 4210 4209 4211
f 4200 4209 4205
f 4206 4208 4204
f 4204 4176 4199
f 4200 4205 4180
f 4195 4164 4193
f 4201 4179 4178
f 4172 4203 4182
f 4186 4212 4184
f 4213 4124 4145
f 4124 4065 4145
f 4214 4213 4173
f 4145 4173 4213
f 4124 4215 4216
f 4182 4171 4172
f 4217 4136 4123
f 4121 4123 4136
f 4213 4215 4124
f 4123 4216 4217
f 4136 4218 4141
f 4120 4124 4216
f 4145 4063 4066
f 4217 4216 4219
f 4220 4214 4182
f 4214 4173 4182
f 4221 4220 4203
f 4182 4203 4220
f 4214 4222 4223
f 4202 4179 4201
f 4215 4224 4219
f 4216 4215 4219
f 4214 4220 4222
f 4224 4223 4225
f 4223 4224 4215
f 4213 4214 4223
f 4213 4223 4215
f 4226 4222 4220
f 4217 4227 4218
f 4203 4172 4179
f 4141 4228 4143
f 4134 4141 4143
f 4227 4219 4229
f 4228 4218 4230
f 4218 4228 4141
f 4227 4217 4219
f 4228 4231 4143
f 4139 4143 4231
f 4230 4232 4228
f 4231 4228 4232
f 4233 4142 4139
f 4218 4227 4230
f 4139 4137 4143
f 4234 4230 4227
f 4235 4229 4224
f 4224 4229 4219
f 4236 4235 4225
f 4224 4225 4235
f 4229 4237 4234
f 4223 4222 4225
f 4234 4238 4230
f 4227 4229 4234
f 4237 4239 4234
f 4238 4234 4239
f 4240 4238 4241
f 4242 4239 4237
f 4240 4243 4232
f 4229 4235 4237
f 4232 4230 4238
f 4244 4237 4235
f 4243 4233 4231
f 4218 4136 4217
f 4141 4122 4136
f 4245 4225 4222
f 4202 4246 4221
f 4203 4202 4221
f 4247 4248 4205
f 4248 4201 4205
f 4248 4246 4202
f 4248 4202 4201
f 4249 4245 4226
f 4222 4226 4245
f 4250 4221 4246
f 4226 4250 4249
f 4245 4251 4236
f 4221 4250 4226
f 4226 4220 4221
f 4252 4249 4250
f 4210 4247 4205
f 4253 4246 4248
f 4210 4254 4247
f 4247 4254 4253
f 4247 4253 4248
f 4211 4254 4210
f 4253 4255 4246
f 4256 4246 4255
f 4257 4255 4258
f 4253 4258 4255
f 4252 4256 4259
f 4257 4259 4255
f 4254 4258 4253
f 4256 4250 4246
f 4252 4250 4256
f 4209 4210 4205
f 4251 4249 4260
f 4261 4244 4236
f 4262 4260 4252
f 4260 4249 4252
f 4251 4263 4261
f 4251 4245 4249
f 4264 4242 4244
f 4237 4244 4242
f 4260 4263 4251
f 4244 4261 4264
f 4265 4266 4242
f 4236 4251 4261
f 4244 4235 4236
f 4264 4261 4267
f 4268 4262 4259
f 4262 4252 4259
f 4262 4268 4269
f 4269 4270 4262
f 4257 4268 4259
f 4271 4267 4263
f 4261 4263 4267
f 4269 4272 4271
f 4263 4270 4271
f 4271 4272 4273
f 4270 4269 4271
f 4273 4274 4267
f 4260 4262 4270
f 4260 4270 4263
f 4274 4265 4264
f 4256 4255 4259
f 4236 4225 4245
f 4266 4241 4239
f 4173 4066 4171
f 4216 4123 4120
f 4275 4276 4277
f 4130 4128 4133
f 4276 4147 4278
f 4109 4279 4098
f 4052 4144 4047
f 4107 4094 4097
f 4280 4109 4281
f 4280 4279 4109
f 4097 4102 4105
f 4282 4283 4280
f 4279 4280 4283
f 4281 4284 4282
f 4280 4281 4282
f 4282 4285 4283
f 4109 4107 4281
f 4283 4286 4279
f 4287 4281 4107
f 4104 4102 4103
f 4288 4287 4105
f 4110 4129 4131
f 4289 4290 4132
f 4104 4290 4288
f 4103 4110 4132
f 4105 4104 4288
f 4284 4287 4291
f 4132 4131 4289
f 4292 4290 4293
f 4292 4291 4288
f 4104 4132 4290
f 4287 4107 4105
f 4294 4289 4131
f 4281 4287 4284
f 4129 4294 4131
f 4285 4282 4295
f 4296 4286 4285
f 4297 4295 4284
f 4295 4282 4284
f 4285 4298 4299
f 4286 4283 4285
f 4299 4300 4296
f 4295 4298 4285
f 4300 4299 4301
f 4301 4302 4300
f 4285 4299 4296
f 4303 4301 4299
f 4291 4304 4297
f 4297 4284 4291
f 4290 4289 4293
f 4304 4292 4305
f 4292 4304 4291
f 4288 4290 4292
f 4306 4297 4307
f 4303 4298 4308
f 4304 4309 4307
f 4307 4297 4304
f 4305 4309 4304
f 4292 4293 4305
f 4310 4308 4306
f 4306 4295 4297
f 4295 4306 4298
f 4311 4305 4293
f 4307 4312 4310
f 4287 4288 4291
f 4313 4293 4289
f 4130 4314 4294
f 4130 4294 4129
f 4138 4139 4142
f 4314 4140 4315
f 4140 4314 4130
f 4133 4138 4140
f 4316 4317 4314
f 4294 4314 4317
f 4318 4316 4315
f 4314 4315 4316
f 4317 4319 4313
f 4140 4142 4315
f 4294 4317 4289
f 4320 4315 4142
f 4233 4321 4320
f 4142 4233 4320
f 4232 4238 4240
f 4321 4243 4322
f 4243 4321 4233
f 4231 4232 4243
f 4321 4323 4320
f 4318 4320 4323
f 4322 4324 4321
f 4323 4321 4324
f 4318 4325 4326
f 4243 4240 4322
f 4318 4315 4320
f 4327 4322 4240
f 4316 4326 4319
f 4139 4231 4233
f 4313 4328 4311
f 4311 4293 4313
f 4325 4318 4323
f 4328 4319 4329
f 4319 4328 4313
f 4326 4316 4318
f 4330 4311 4331
f 4312 4309 4332
f 4326 4329 4319
f 4331 4311 4328
f 4333 4332 4330
f 4330 4305 4311
f 4317 4313 4289
f 4331 4328 4334
f 4335 4336 4325
f 4337 4325 4323
f 4338 4337 4324
f 4337 4323 4324
f 4325 4336 4326
f 4336 4329 4326
f 4336 4339 4329
f 4334 4329 4339
f 4335 4340 4336
f 4339 4336 4340
f 4341 4339 4342
f 4343 4340 4335
f 4341 4344 4334
f 4325 4337 4335
f 4334 4328 4329
f 4345 4335 4337
f 4344 4333 4331
f 4319 4317 4316
f 4330 4309 4305
f 4346 4324 4322
f 4303 4299 4298
f 4094 4109 4098
f 4301 4303 4347
f 4348 4302 4347
f 4298 4306 4308
f 4303 4308 4349
f 4347 4303 4349
f 4302 4301 4347
f 4350 4351 4352
f 4349 4348 4347
f 4352 4353 4354
f 4355 4349 4310
f 4308 4310 4349
f 4356 4355 4312
f 4310 4312 4355
f 4349 4357 4351
f 4307 4309 4312
f 4358 4353 4351
f 4352 4351 4353
f 4359 4358 4357
f 4351 4357 4358
f 4358 4360 4353
f 4349 4355 4357
f 4349 4350 4348
f 4361 4357 4355
f 4306 4307 4310
f 4362 4363 4360
f 4364 4365 4362
f 4366 4363 4362
f 4360 4358 4362
f 4364 4367 4365
f 4362 4365 4366
f 4354 4353 4360
f 4368 4362 4358
f 4369 4356 4332
f 4356 4312 4332
f 4370 4369 4333
f 4332 4333 4369
f 4356 4371 4361
f 4330 4331 4333
f 4361 4372 4359
f 4359 4357 4361
f 4373 4368 4359
f 4361 4371 4372
f 4359 4368 4358
f 4356 4369 4371
f 4356 4361 4355
f 4374 4371 4369
f 4375 4370 4344
f 4370 4333 4344
f 4340 4342 4339
f 4344 4341 4375
f 4370 4376 4374
f 4334 4339 4341
f 4374 4377 4371
f 4369 4370 4374
f 4376 4378 4374
f 4377 4374 4378
f 4379 4377 4380
f 4376 4375 4381
f 4379 4373 4372
f 4370 4375 4376
f 4372 4371 4377
f 4375 4341 4382
f 4373 4359 4372
f 4331 4334 4344
f 4364 4186 4367
f 4186 4185 4367
f 4364 4383 4186
f 4368 4373 4383
f 4364 4368 4383
f 4212 4166 4148
f 4364 4362 4368
f 4379 4384 4373
f 4383 4373 4384
f 4380 4385 4379
f 4384 4379 4385
f 4384 4166 4383
f 4377 4378 4380
f 4386 4146 4166
f 4383 4212 4186
f 4384 4385 4386
f 4146 4386 4278
f 4385 4380 4387
f 4166 4212 4383
f 4166 4384 4386
f 4380 4378 4388
f 4372 4377 4379
f 4378 4376 4389
f 4309 4330 4332
f 4054 4029 4028
f 4386 4385 4390
f 4391 4327 4241
f 4327 4240 4241
f 4392 4391 4266
f 4241 4266 4391
f 4327 4393 4346
f 4239 4242 4266
f 4346 4394 4338
f 4338 4324 4346
f 4395 4345 4338
f 4346 4393 4394
f 4338 4345 4337
f 4327 4391 4393
f 4327 4346 4322
f 4396 4393 4391
f 4397 4392 4265
f 4392 4266 4265
f 4398 4397 4274
f 4265 4274 4397
f 4392 4399 4396
f 4264 4267 4274
f 4396 4400 4393
f 4391 4392 4396
f 4401 4396 4399
f 4400 4396 4401
f 4402 4395 4394
f 4392 4397 4399
f 4394 4393 4400
f 4403 4399 4397
f 4394 4395 4338
f 4242 4264 4265
f 4343 4404 4340
f 4343 4345 4405
f 4343 4406 4404
f 4345 4395 4405
f 4342 4407 4382
f 4343 4335 4345
f 4408 4381 4382
f 4375 4382 4381
f 4407 4404 4409
f 4382 4407 4408
f 4381 4410 4389
f 4342 4404 4407
f 4382 4341 4342
f 4408 4407 4411
f 4405 4412 4406
f 4343 4405 4406
f 4402 4400 4413
f 4414 4395 4402
f 4405 4414 4412
f 4405 4395 4414
f 4415 4411 4409
f 4407 4409 4411
f 4412 4414 4416
f 4417 4406 4412
f 4409 4417 4415
f 4417 4412 4418
f 4411 4419 4420
f 4409 4406 4417
f 4409 4404 4406
f 4414 4402 4421
f 4408 4420 4410
f 4394 4400 4402
f 4342 4340 4404
f 4415 4417 4422
f 4398 4423 4403
f 4403 4397 4398
f 4424 4425 4273
f 4398 4273 4425
f 4425 4423 4398
f 4274 4273 4398
f 4426 4413 4401
f 4400 4401 4413
f 4427 4403 4428
f 4401 4427 4426
f 4413 4429 4421
f 4399 4403 4427
f 4399 4427 4401
f 4426 4427 4430
f 4424 4431 4425
f 4423 4425 4431
f 4351 4350 4349
f 4431 4432 4433
f 4433 4423 4431
f 4366 4365 4367
f 4428 4434 4430
f 4427 4428 4430
f 4432 4435 4433
f 4433 4435 4434
f 4433 4434 4428
f 4423 4433 4428
f 4428 4403 4423
f 4426 4436 4429
f 4272 4424 4273
f 4421 4437 4416
f 4414 4421 4416
f 4436 4430 4438
f 4437 4429 4439
f 4429 4437 4421
f 4436 4426 4430
f 4418 4440 4422
f 4417 4418 4422
f 4436 4439 4429
f 4441 4416 4437
f 4441 4019 4440
f 4418 4416 4441
f 4418 4412 4416
f 4441 4437 4442
f 4443 4438 4434
f 4434 4438 4430
f 4438 4443 4444
f 4444 4445 4438
f 4435 4443 4434
f 4446 4442 4439
f 4437 4439 4442
f 4447 4446 4445
f 4439 4445 4446
f 4018 4446 4447
f 4444 4447 4445
f 4017 4019 4442
f 4436 4438 4445
f 4436 4445 4439
f 4440 4418 4441
f 4429 4413 4426
f 4421 4402 4413
f 4415 4448 4419
f 4267 4271 4273
f 4389 4449 4388
f 4378 4389 4388
f 4419 4411 4415
f 4449 4410 4450
f 4410 4449 4389
f 4420 4408 4411
f 4387 4451 4390
f 4385 4387 4390
f 4420 4450 4410
f 4452 4388 4449
f 4452 4453 4451
f 4387 4388 4452
f 4387 4380 4388
f 4452 4449 4454
f 4419 4455 4420
f 4450 4420 4455
f 4448 4456 4419
f 4455 4419 4456
f 4450 4457 4454
f 4448 4422 4458
f 4457 4455 4459
f 4453 4454 4460
f 4461 4459 4456
f 4459 4455 4456
f 4462 4460 4457
f 4457 4450 4455
f 4454 4449 4450
f 4463 4456 4448
f 4387 4452 4451
f 4448 4415 4422
f 4278 4464 4276
f 4147 4146 4278
f 4465 4451 4466
f 4465 4390 4451
f 4278 4465 4464
f 4278 4390 4465
f 4464 4467 4276
f 4277 4276 4467
f 4464 4468 4467
f 4469 4464 4465
f 4276 4275 4147
f 4464 4469 4468
f 4470 4466 4453
f 4451 4453 4466
f 4470 4460 4471
f 4453 4460 4470
f 4470 4472 4466
f 4454 4457 4460
f 4472 4473 4469
f 4468 4469 4473
f 4472 4470 4474
f 4469 4466 4472
f 4469 4465 4466
f 4457 4459 4462
f 4452 4454 4453
f 4278 4386 4390
f 4474 4470 4475
f 4048 4458 4440
f 4440 4458 4422
f 4440 4019 4048
f 4458 4476 4463
f 4441 4442 4019
f 4477 4461 4463
f 4461 4456 4463
f 4478 4477 4476
f 4463 4476 4477
f 4477 4479 4461
f 4458 4048 4476
f 4458 4463 4448
f 4480 4476 4048
f 4048 4019 4016
f 4446 4018 4017
f 4480 4048 4050
f 4480 4478 4476
f 4478 4481 4477
f 4479 4477 4481
f 4442 4446 4017
f 4462 4482 4483
f 4460 4462 4471
f 4484 4483 4482
f 4483 4471 4462
f 4482 4461 4485
f 4470 4471 4475
f 4471 4483 4475
f 4479 4485 4461
f 4485 4484 4482
f 4482 4459 4461
f 4482 4462 4459
f 4025 4027 4029
f 4410 4381 4408
f 4389 4376 4381
f 4238 4239 4241
f 4040 4068 4486
f 4486 4039 4040
f 4042 4152 4153
f 4041 4043 4037
f 4154 4151 4150
f 4156 4163 4158
f 4163 4159 4158
f 4157 4159 4194
f 4162 4156 4155
f 4191 4190 4194
f 4192 4188 4190
f 4196 4207 4198
f 4487 3286 4488
f 3286 3285 4488
f 4489 4487 4490
f 4491 4492 4493
f 4493 4494 4495
f 4494 4489 4496
f 4497 4492 4498
f 4487 4488 4490
f 4494 4496 4499
f 4496 4489 4490
f 4493 4495 4491
f 4497 4498 4500
f 4500 4501 4502
f 4498 4492 4491
f 4495 4494 4499
f 4502 4497 4500
f 4503 4502 4504
f 4505 4503 4506
f 4505 4506 4507
f 4508 4507 4509
f 4510 4511 4512
f 4510 4512 4513
f 4513 4508 4514
f 4506 4503 4504
f 4514 4508 4509
f 4506 4509 4507
f 4515 4516 4517
f 4518 4511 4510
f 4517 4518 4515
f 4513 4514 4510
f 4511 4518 4517
f 4501 4504 4502
f 4519 4520 4521
f 4522 4523 4524
f 4523 4522 4520
f 4525 4526 4527
f 4527 4528 4525
f 4519 4529 4528
f 4530 4526 4531
f 3321 4532 3322
f 4532 3321 4533
f 4532 4533 4524
f 4522 4524 4533
f 4529 4519 4521
f 4525 4528 4529
f 4522 4521 4520
f 4525 4531 4526
f 4531 4534 4530
f 4534 4535 4530
f 4536 4537 4538
f 4539 4536 4540
f 4540 4530 4535
f 4541 4538 4542
f 4543 4544 4545
f 4544 4541 4546
f 4547 4543 4548
f 4540 4535 4539
f 4538 4537 4542
f 4537 4536 4539
f 4541 4549 4546
f 4543 4545 4548
f 4547 4548 4550
f 4545 4544 4546
f 4549 4541 4542
f 4551 4552 4553
f 4554 4552 4551
f 4555 4556 4554
f 4557 4553 4558
f 4558 4559 4557
f 4558 4553 4552
f 4557 4559 4560
f 4555 4561 4562
f 4563 4562 4561
f 4563 4564 4565
f 4565 4566 4563
f 4566 4565 4567
f 4552 4554 4568
f 4556 4555 4562
f 4554 4556 4568
f 4563 4561 4564
f 4569 4570 4571
f 4560 4571 4570
f 4570 4557 4560
f 4572 4569 4573
f 4574 4572 4575
f 4576 4574 4575
f 4576 4577 4578
f 4569 4571 4573
f 4579 4576 4575
f 4580 4578 4577
f 4577 4576 4579
f 4581 4582 4583
f 4580 4583 4582
f 4578 4580 4582
f 4581 4583 4584
f 4575 4572 4573
f 4585 4567 4586
f 4587 4586 4567
f 4567 4565 4587
f 4588 4585 4589
f 4590 4591 4588
f 4592 4593 4594
f 4594 4591 4590
f 4585 4586 4589
f 4590 4595 4594
f 4592 4594 4595
f 4593 4592 4596
f 4597 4598 4596
f 4596 4599 4597
f 4593 4596 4598
f 4597 4599 4600
f 4590 4588 4589
f 4601 4602 4603
f 4604 4605 4606
f 4607 4603 4605
f 4608 4584 4583
f 4584 4608 4602
f 4602 4609 4584
f 4601 4609 4602
f 4606 4610 4604
f 4611 4612 4600
f 4600 4613 4611
f 4612 4597 4600
f 4613 4614 4610
f 4603 4607 4601
f 4607 4605 4604
f 4604 4610 4614
f 4613 4610 4611
f 4615 4616 4617
f 4618 4616 4615
f 4619 4620 4618
f 4621 4617 4622
f 4622 4623 4621
f 4622 4617 4616
f 4621 4623 4624
f 4619 4625 4626
f 4627 4626 4625
f 4627 4628 4629
f 4629 4630 4627
f 4630 4629 4631
f 4616 4618 4632
f 4620 4619 4626
f 4618 4620 4632
f 4627 4625 4628
f 4633 4634 4635
f 4624 4635 4634
f 4634 4621 4624
f 4636 4633 4637
f 4638 4636 4639
f 4640 4638 4639
f 4640 4641 4642
f 4633 4635 4637
f 4643 4640 4639
f 4644 4642 4641
f 4641 4640 4643
f 4645 4646 4647
f 4644 4647 4646
f 4642 4644 4646
f 4645 4647 4648
f 4639 4636 4637
f 4649 4631 4650
f 4651 4650 4631
f 4631 4629 4651
f 4652 4649 4653
f 4654 4655 4652
f 4656 4657 4658
f 4658 4655 4654
f 4649 4650 4653
f 4654 4659 4658
f 4656 4658 4659
f 4657 4656 4660
f 4661 4662 4660
f 4660 4663 4661
f 4657 4660 4662
f 4661 4663 4664
f 4654 4652 4653
f 4665 4666 4667
f 4668 4669 4670
f 4671 4667 4669
f 4672 4648 4647
f 4648 4672 4666
f 4666 4673 4648
f 4665 4673 4666
f 4670 4674 4668
f 4675 4676 4664
f 4664 4677 4675
f 4676 4661 4664
f 4677 4678 4674
f 4667 4671 4665
f 4671 4669 4668
f 4668 4674 4678
f 4677 4674 4675
f 4679 4680 4681
f 4681 4682 4683
f 4683 4684 4685
f 4686 4687 4688
f 4686 4689 4679
f 4679 4689 4680
f 4689 4686 4688
f 4690 4691 4685
f 4692 4693 4694
f 4691 4690 4694
f 4692 4695 4693
f 4696 4693 4695
f 4694 4693 4691
f 4682 4681 4680
f 4690 4685 4684
f 4682 4684 4683
f 4697 4698 4699
f 4700 4701 4702
f 4701 4703 4699
f 4698 4697 4687
f 4704 4702 4705
f 4706 4705 4707
f 4708 4709 4707
f 4697 4699 4703
f 4704 4705 4706
f 4700 4702 4704
f 4708 4710 4709
f 4709 4706 4707
f 4711 4712 4710
f 4708 4711 4710
f 4713 4712 4711
f 4703 4701 4700
f 4697 4688 4687
f 4695 4714 4715
f 4695 4715 4716
f 4692 4714 4695
f 4695 4717 4696
f 4716 4715 4718
f 4718 4719 4720
f 4721 4722 4723
f 4724 4719 4721
f 4719 4725 4720
f 4725 4719 4724
f 4723 4724 4721
f 4726 4727 4728
f 4727 4726 4729
f 4729 4722 4727
f 4722 4729 4723
f 4730 4726 4728
f 4716 4718 4720
f 4731 4732 4733
f 4734 4735 4736
f 4735 4732 4731
f 4712 4713 4737
f 4738 4737 4713
f 4713 4733 4738
f 4732 4738 4733
f 4739 4740 4734
f 4741 4742 4743
f 4728 4741 4744
f 4744 4730 4728
f 4744 4741 4743
f 4731 4736 4735
f 4740 4739 4745
f 4739 4734 4736
f 4743 4742 4745
f 4740 4745 4742
f 4746 4747 4748
f 4748 4749 4750
f 4750 4749 4751
f 4752 4753 4754
f 4752 4755 4746
f 4746 4755 4747
f 4755 4752 4754
f 4756 4757 4751
f 4757 4758 4759
f 4760 4759 4761
f 4759 4762 4761
f 4763 4764 4759
f 4758 4762 4759
f 4749 4748 4747
f 4758 4757 4756
f 4749 4756 4751
f 4765 4766 4767
f 4768 4769 4770
f 4769 4771 4767
f 4766 4765 4753
f 4772 4770 4773
f 4774 4773 4775
f 4776 4777 4775
f 4765 4767 4771
f 4772 4773 4774
f 4768 4770 4772
f 4776 4778 4777
f 4777 4774 4775
f 4779 4780 4778
f 4776 4779 4778
f 4781 4780 4779
f 4771 4769 4768
f 4765 4754 4753
f 4761 4782 4760
f 4783 4784 4782
f 4760 4782 4784
f 4783 4785 4786
f 4787 4788 4789
f 4790 4785 4787
f 4783 4786 4784
f 4787 4789 4790
f 4789 4788 4791
f 4791 4788 4792
f 4793 4792 4794
f 4795 4796 4794
f 4793 4794 4796
f 4797 4796 4795
f 4793 4791 4792
f 4786 4785 4790
f 4798 4799 4800
f 4801 4802 4803
f 4802 4799 4798
f 4780 4781 4804
f 4805 4804 4781
f 4781 4800 4805
f 4799 4805 4800
f 4806 4807 4801
f 4808 4809 4810
f 4795 4808 4811
f 4811 4797 4795
f 4811 4808 4810
f 4798 4803 4802
f 4807 4806 4812
f 4806 4801 4803
f 4810 4809 4812
f 4807 4812 4809
f 4763 4759 4760
f 4813 4814 4815
f 4815 4816 4817
f 4816 4818 4817
f 3376 3378 4819
f 4819 3378 4814
f 4819 4814 4813
f 4815 4817 4813
f 4816 4820 4818
f 4821 4822 4823
f 4823 4824 4825
f 4826 4825 4824
f 4818 4820 4827
f 4825 4821 4823
f 4828 4825 4826
f 4827 4822 4821
f 4827 4820 4822
f 4829 4830 4831
f 4832 4829 4833
f 4834 4832 4835
f 3437 4836 4835
f 4836 3437 3436
f 4835 4836 4834
f 4835 4832 4833
f 4829 4831 4833
f 4830 4837 4831
f 4838 4839 4840
f 4841 4842 4843
f 4840 4842 4844
f 4843 4845 4846
f 4838 4837 4839
f 4841 4844 4842
f 4846 4841 4843
f 4838 4840 4844
f 4839 4837 4830
f 4847 4848 4849
f 4848 4850 4849
f 4850 4848 4851
f 4852 4853 4854
f 4855 4856 4857
f 4858 4852 4854
f 4859 4860 4861
f 4860 4859 4862
f 4863 4859 4864
f 4863 4865 4853
f 4856 4858 4866
f 4867 4868 4869
f 4870 4871 4867
f 4870 4867 4869
f 4872 4871 4873
f 4874 4869 4868
f 4868 4875 4874
f 4876 4870 4869
f 4872 4877 4878
f 4855 4857 4876
f 4879 4875 4868
f 4880 4881 4878
f 4882 4861 4860
f 4864 4883 4863
f 4859 4861 4864
f 4883 4865 4863
f 4862 4859 4884
f 4865 4854 4853
f 4885 4854 4865
f 4854 4885 4886
f 4854 4886 4858
f 4858 4886 4866
f 4856 4866 4857
f 4857 4870 4876
f 4870 4873 4871
f 4880 4878 4877
f 4887 4888 4889
f 4888 4880 4890
f 4891 4887 4889
f 4872 4873 4877
f 4877 4892 4880
f 4880 4892 4890
f 4890 4889 4888
f 4889 4893 4891
f 4893 4894 4891
f 4895 4896 4897
f 4898 4899 4900
f 4901 4895 4897
f 4902 4900 4903
f 4896 4895 4904
f 4900 4899 4903
f 4905 4898 4901
f 4903 4906 4902
f 4899 4907 4903
f 4908 4902 4906
f 4902 4908 4909
f 4910 4911 4912
f 4911 4913 4914
f 4915 4916 4917
f 4916 4915 4918
f 4910 4915 4917
f 4919 4920 4921
f 4920 4916 4918
f 4910 4922 4915
f 4914 4913 4907
f 4919 4923 4924
f 4925 4894 4926
f 4927 4928 4929
f 4930 4897 4896
f 4931 4928 4925
f 4896 4929 4930
f 4926 4894 4932
f 4931 4929 4928
f 4925 4926 4931
f 4929 4896 4927
f 4893 4932 4894
f 4918 4915 4933
f 4918 4934 4920
f 4921 4920 4934
f 4933 4915 4922
f 4899 4898 4905
f 4897 4905 4901
f 4912 4911 4914
f 4899 4914 4907
f 4922 4910 4912
f 4921 4935 4919
f 4935 4923 4919
f 4936 4937 4938
f 4939 4940 4941
f 4942 4943 4944
f 4942 4944 4945
f 4941 4940 4943
f 4940 4946 4943
f 4947 4948 4945
f 4949 4943 4942
f 4950 4945 4951
f 4952 4953 4939
f 4937 4954 4955
f 4953 4956 4957
f 4958 4959 4956
f 4956 4959 4957
f 4941 4960 4952
f 4941 4949 4961
f 4949 4941 4943
f 4962 4956 4960
f 4961 4960 4941
f 4963 4964 4949
f 4960 4956 4952
f 4952 4939 4941
f 4965 4960 4961
f 4936 4958 4966
f 4958 4936 4959
f 4955 4967 4968
f 4966 4954 4936
f 4962 4969 4958
f 4936 4954 4937
f 4962 4965 4970
f 4965 4962 4960
f 4971 4966 4969
f 4970 4969 4962
f 4972 4973 4965
f 4969 4966 4958
f 4958 4956 4962
f 4974 4954 4966
f 4964 4972 4961
f 4936 4938 4959
f 4970 4975 4969
f 4948 4963 4942
f 4956 4953 4952
f 4976 4977 4978
f 4979 4976 4980
f 4981 4976 4979
f 4981 4982 4983
f 4976 4983 4984
f 4983 4976 4981
f 4982 4985 4986
f 4976 4978 4980
f 4977 4976 4987
f 4988 4989 4950
f 4988 4990 4989
f 4948 4942 4945
f 4947 4950 4989
f 4987 4991 4989
f 4987 4992 4993
f 4989 4990 4987
f 4991 4993 4994
f 4993 4991 4987
f 4992 4984 4995
f 4991 4947 4989
f 4976 4992 4987
f 4947 4991 4996
f 4986 4983 4982
f 4985 4997 4998
f 4983 4986 4999
f 4986 4998 4999
f 4997 5000 4998
f 4998 4986 4985
f 4997 5001 5000
f 5001 4997 5002
f 5003 5000 5001
f 5004 5001 5002
f 5002 5005 5004
f 5003 4998 5000
f 5006 5001 5004
f 4983 5007 4984
f 5007 4983 4999
f 4995 4984 5008
f 5008 4984 5007
f 5003 5009 4999
f 4995 4993 4992
f 5009 5007 4999
f 5009 5003 5010
f 5011 5009 5010
f 5010 5003 5001
f 5001 5006 5010
f 5011 5007 5009
f 4999 4998 5003
f 5012 5010 5006
f 5013 5014 5004
f 4984 4992 4976
f 4993 4995 5015
f 4948 4996 5016
f 4948 4947 4996
f 4963 5016 5017
f 5016 4963 4948
f 4994 5018 4996
f 4949 4942 4963
f 4994 5015 5019
f 4994 4993 5015
f 5018 5019 5020
f 5019 5018 4994
f 5021 5022 5015
f 5018 5016 4996
f 4991 4994 4996
f 5016 5018 5023
f 4964 5017 4972
f 5017 4964 4963
f 4970 4965 4973
f 5024 4973 4972
f 4972 5017 5024
f 4965 4961 4972
f 5020 5025 5023
f 5020 5023 5018
f 5026 4973 5024
f 5024 5017 5027
f 5025 5027 5023
f 5027 5017 5023
f 5017 5016 5023
f 5028 4970 4973
f 5022 5029 5019
f 4961 4949 4964
f 5019 5015 5022
f 5008 5011 5030
f 5031 5020 5029
f 5032 5029 5022
f 5021 5030 5022
f 5020 5019 5029
f 5030 5021 5008
f 5030 5011 5033
f 5034 5030 5033
f 5033 5011 5010
f 5010 5012 5033
f 5032 5022 5030
f 5008 5007 5011
f 5035 5033 5012
f 5031 5025 5020
f 5029 5032 5036
f 5037 5025 5031
f 5031 5029 5036
f 5034 5038 5032
f 5039 5027 5025
f 5034 5035 5040
f 5035 5034 5033
f 5041 5036 5038
f 5040 5038 5034
f 5042 5043 5035
f 5038 5036 5032
f 5032 5030 5034
f 5044 5031 5036
f 5045 5042 5012
f 5015 4995 5021
f 4995 5008 5021
f 5046 5024 5027
f 5014 5045 5006
f 4945 4950 4947
f 5047 5038 5040
f 4945 4944 4951
f 5048 5049 5050
f 4968 5049 5048
f 5051 5052 5053
f 5054 5055 5056
f 4990 4977 4987
f 5052 5057 5058
f 5051 5050 5052
f 5059 5055 5060
f 5058 5060 5052
f 5061 5062 5057
f 5058 5063 5060
f 5064 5061 5049
f 4967 4974 5065
f 4974 4967 4954
f 5064 5065 5066
f 5065 5064 4967
f 4971 5067 4974
f 5064 5049 4968
f 4971 4975 5068
f 4975 4971 4969
f 5067 5068 5069
f 5068 5067 4971
f 5068 5070 5071
f 5067 5065 4974
f 4974 4966 4971
f 5065 5067 5072
f 5061 5066 5073
f 5066 5061 5064
f 5074 5058 5062
f 5073 5062 5061
f 5072 5075 5066
f 5062 5058 5057
f 5072 5069 5076
f 5069 5072 5067
f 5077 5073 5075
f 5076 5075 5072
f 5076 5078 5079
f 5075 5073 5066
f 5066 5065 5072
f 5080 5062 5073
f 5069 5071 5078
f 5061 5057 5049
f 4967 5064 4968
f 5081 5075 5076
f 5054 5082 5083
f 5084 5083 5082
f 5059 5085 5056
f 4980 4981 4979
f 5059 5063 5086
f 5063 5059 5060
f 5086 5087 5085
f 5086 5085 5059
f 5063 5074 5086
f 5085 5082 5056
f 5056 5055 5059
f 5082 5085 5088
f 5089 5085 5090
f 5091 5087 5092
f 5091 5089 5090
f 5085 5087 5090
f 5080 5093 5074
f 5080 5074 5062
f 5087 5094 5095
f 5087 5086 5094
f 5093 5094 5074
f 5094 5086 5074
f 5081 5096 5077
f 5081 5077 5075
f 5093 5097 5098
f 5093 5080 5097
f 5096 5097 5077
f 5097 5080 5077
f 5080 5073 5077
f 5094 5093 5099
f 5099 5093 5098
f 5095 5094 5099
f 5100 5101 5098
f 5102 5100 5103
f 5102 5101 5100
f 5103 5096 5104
f 5100 5098 5096
f 5096 5098 5097
f 5104 5081 5079
f 5095 5092 5087
f 5063 5058 5074
f 4975 5028 5070
f 5028 5026 5105
f 5026 5028 4973
f 5070 5105 5106
f 5105 5070 5028
f 5046 5107 5026
f 5070 5068 4975
f 5046 5039 5108
f 5039 5046 5027
f 5107 5108 5109
f 5108 5107 5046
f 5037 5110 5039
f 5107 5105 5026
f 5026 5024 5046
f 5105 5107 5111
f 5071 5106 5112
f 5106 5071 5070
f 5078 5112 5113
f 5112 5078 5071
f 5111 5114 5106
f 5078 5076 5069
f 5111 5109 5115
f 5109 5111 5107
f 5114 5115 5116
f 5115 5114 5111
f 5117 5118 5109
f 5114 5112 5106
f 5106 5105 5111
f 5112 5114 5119
f 5110 5117 5108
f 5071 5069 5068
f 5037 5044 5120
f 5044 5037 5031
f 5110 5120 5121
f 5120 5110 5037
f 5041 5122 5044
f 5110 5108 5039
f 5041 5047 5123
f 5047 5041 5038
f 5122 5123 5124
f 5123 5122 5041
f 5125 5126 5047
f 5122 5120 5044
f 5044 5036 5041
f 5120 5122 5127
f 5117 5121 5128
f 5121 5117 5110
f 5118 5128 5129
f 5128 5118 5117
f 5127 5130 5121
f 5118 5115 5109
f 5127 5124 5131
f 5124 5127 5122
f 5130 5131 5132
f 5131 5130 5127
f 5133 5134 5124
f 5130 5128 5121
f 5121 5120 5127
f 5128 5130 5135
f 5126 5133 5123
f 5117 5109 5108
f 5039 5025 5037
f 5115 5118 5136
f 5079 5113 5137
f 5113 5079 5078
f 5104 5137 5138
f 5137 5104 5079
f 5113 5139 5137
f 5104 5096 5081
f 5119 5116 5140
f 5116 5119 5114
f 5137 5139 5141
f 5140 5139 5119
f 5136 5142 5116
f 5119 5139 5113
f 5113 5112 5119
f 5143 5139 5140
f 5104 5138 5103
f 5137 5141 5144
f 5145 5102 5138
f 5144 5145 5138
f 5137 5144 5138
f 5138 5102 5103
f 5141 5146 5144
f 5146 5141 5143
f 5147 5146 5148
f 5146 5147 5144
f 5149 5150 5143
f 5144 5147 5145
f 5141 5139 5143
f 5142 5149 5140
f 5103 5100 5096
f 5129 5151 5136
f 5129 5136 5118
f 5146 5143 5150
f 5152 5142 5151
f 5136 5151 5142
f 5143 5140 5149
f 5132 5153 5135
f 5132 5135 5130
f 5142 5152 5149
f 5151 5129 5154
f 5153 5155 5154
f 5154 5129 5135
f 5129 5128 5135
f 5156 5151 5154
f 5149 5157 5150
f 5157 5149 5152
f 5148 5157 5158
f 5157 5148 5150
f 5156 5159 5152
f 5148 5146 5150
f 5160 5157 5159
f 5161 5159 5162
f 5158 5157 5160
f 5161 5160 5159
f 5162 5156 5155
f 5157 5152 5159
f 5152 5151 5156
f 5154 5135 5153
f 5140 5116 5142
f 5116 5115 5136
f 5134 5163 5131
f 5079 5081 5076
f 4975 4970 5028
f 5043 5125 5040
f 4944 4943 4946
f 5005 5164 5013
f 5006 5004 5014
f 5165 5013 5166
f 5013 5164 5166
f 5045 5012 5006
f 5166 5167 5168
f 5167 5166 5164
f 5169 5166 5168
f 5170 5168 5167
f 5167 5171 5170
f 5013 5165 5014
f 5172 5173 5174
f 5168 5170 5175
f 5014 5176 5045
f 5176 5014 5165
f 5045 5177 5042
f 5177 5045 5176
f 5169 5178 5165
f 5035 5012 5042
f 5179 5176 5178
f 5180 5169 5175
f 5177 5179 5181
f 5177 5176 5179
f 5178 5180 5182
f 5176 5165 5178
f 5165 5166 5169
f 5042 5177 5183
f 5169 5168 5175
f 5043 5040 5035
f 5184 5170 5185
f 5185 5171 5186
f 5175 5184 5187
f 5175 5170 5184
f 5186 5188 5185
f 5185 5170 5171
f 5186 5189 5190
f 5189 5186 5171
f 5191 5186 5190
f 5192 5190 5189
f 5189 5193 5192
f 5185 5188 5184
f 5194 5190 5192
f 5175 5187 5180
f 5184 5188 5195
f 5196 5180 5187
f 5187 5184 5195
f 5191 5197 5188
f 5178 5182 5179
f 5191 5194 5198
f 5194 5191 5190
f 5199 5195 5197
f 5198 5197 5191
f 5200 5201 5194
f 5197 5195 5188
f 5188 5186 5191
f 5202 5187 5195
f 5203 5200 5192
f 5180 5178 5169
f 5197 5198 5204
f 5043 5183 5205
f 5043 5042 5183
f 5125 5205 5206
f 5205 5125 5043
f 5181 5207 5183
f 5047 5040 5125
f 5179 5208 5181
f 5181 5183 5177
f 5181 5209 5207
f 5209 5181 5208
f 5196 5210 5182
f 5207 5205 5183
f 5208 5179 5182
f 5205 5207 5211
f 5126 5206 5212
f 5126 5125 5206
f 5133 5212 5213
f 5212 5133 5126
f 5211 5214 5206
f 5133 5124 5123
f 5207 5215 5211
f 5211 5206 5205
f 5211 5216 5214
f 5216 5211 5215
f 5217 5218 5209
f 5214 5212 5206
f 5215 5207 5209
f 5212 5214 5219
f 5210 5217 5208
f 5126 5123 5047
f 5202 5220 5196
f 5202 5196 5187
f 5215 5209 5218
f 5221 5210 5220
f 5196 5220 5210
f 5209 5208 5217
f 5202 5222 5220
f 5222 5202 5199
f 5220 5223 5221
f 5223 5220 5222
f 5199 5204 5224
f 5221 5217 5210
f 5202 5195 5199
f 5217 5221 5225
f 5225 5226 5218
f 5218 5217 5225
f 5216 5227 5228
f 5216 5215 5227
f 5226 5227 5218
f 5215 5218 5227
f 5229 5225 5230
f 5231 5223 5232
f 5226 5229 5233
f 5226 5225 5229
f 5230 5231 5234
f 5225 5221 5230
f 5223 5230 5221
f 5227 5226 5235
f 5222 5224 5232
f 5208 5182 5210
f 5182 5180 5196
f 5214 5216 5236
f 5197 5204 5199
f 5134 5131 5124
f 5193 5237 5203
f 5194 5192 5200
f 5200 5203 5237
f 5237 5238 5200
f 5198 5194 5201
f 5238 5239 5200
f 5240 5241 5239
f 5240 5239 5238
f 5200 5239 5242
f 5242 5243 5201
f 5201 5200 5242
f 5204 5244 5245
f 5204 5198 5244
f 5243 5244 5201
f 5198 5201 5244
f 5246 5242 5247
f 5243 5246 5248
f 5243 5242 5246
f 5249 5250 5247
f 5242 5239 5247
f 5241 5247 5239
f 5244 5243 5251
f 5192 5193 5203
f 5249 5247 5252
f 5253 5254 5249
f 5249 5252 5253
f 5255 5249 5256
f 5256 5254 5257
f 5257 5255 5256
f 5250 5246 5247
f 5172 5174 5257
f 5224 5245 5258
f 5224 5204 5245
f 5232 5258 5259
f 5258 5232 5224
f 5251 5260 5245
f 5232 5223 5222
f 5251 5248 5261
f 5251 5243 5248
f 5260 5261 5262
f 5261 5260 5251
f 5263 5264 5248
f 5260 5258 5245
f 5244 5251 5245
f 5258 5260 5265
f 5231 5259 5266
f 5259 5231 5232
f 5234 5266 5267
f 5266 5234 5231
f 5265 5268 5259
f 5234 5229 5230
f 5265 5262 5269
f 5262 5265 5260
f 5268 5269 5270
f 5269 5268 5265
f 5271 5272 5262
f 5268 5266 5259
f 5259 5258 5265
f 5266 5268 5273
f 5264 5271 5261
f 5231 5230 5223
f 5255 5274 5250
f 5255 5250 5249
f 5264 5261 5248
f 5275 5263 5274
f 5250 5274 5263
f 5263 5248 5246
f 5274 5174 5276
f 5263 5275 5264
f 5277 5276 5173
f 5174 5274 5255
f 5255 5257 5174
f 5278 5279 5277
f 5276 5280 5275
f 5276 5275 5274
f 5281 5271 5282
f 5271 5264 5282
f 5280 5282 5275
f 5282 5264 5275
f 5279 5283 5280
f 5283 5279 5278
f 5282 5280 5284
f 5285 5280 5283
f 5279 5280 5276
f 5173 5276 5174
f 5272 5269 5262
f 5271 5262 5261
f 5246 5250 5263
f 5285 5284 5280
f 5224 5222 5199
f 5277 5279 5276
f 5229 5234 5286
f 5134 5213 5287
f 5134 5133 5213
f 5163 5287 5288
f 5287 5163 5134
f 5219 5289 5213
f 5290 5132 5163
f 5219 5236 5291
f 5219 5214 5236
f 5291 5292 5289
f 5291 5289 5219
f 5228 5293 5236
f 5289 5287 5213
f 5212 5219 5213
f 5287 5289 5294
f 5153 5290 5295
f 5153 5132 5290
f 5155 5295 5296
f 5295 5155 5153
f 5288 5297 5290
f 5155 5156 5154
f 5288 5294 5298
f 5294 5288 5287
f 5297 5298 5299
f 5298 5297 5288
f 5294 5292 5300
f 5297 5295 5290
f 5290 5163 5288
f 5295 5297 5301
f 5289 5292 5294
f 5131 5163 5132
f 5228 5235 5302
f 5228 5227 5235
f 5293 5302 5303
f 5302 5293 5228
f 5233 5304 5235
f 5305 5291 5293
f 5233 5286 5306
f 5233 5229 5286
f 5304 5306 5307
f 5306 5304 5233
f 5306 5308 5309
f 5304 5302 5235
f 5226 5233 5235
f 5302 5304 5310
f 5292 5305 5311
f 5292 5291 5305
f 5300 5311 5312
f 5311 5300 5292
f 5303 5313 5305
f 5300 5298 5294
f 5310 5314 5303
f 5310 5303 5302
f 5315 5310 5307
f 5314 5313 5303
f 5310 5304 5307
f 5313 5311 5305
f 5305 5293 5303
f 5311 5313 5316
f 5307 5309 5317
f 5291 5236 5293
f 5216 5228 5236
f 5298 5300 5318
f 5155 5296 5162
f 5296 5295 5301
f 5296 5319 5320
f 5319 5296 5301
f 5299 5321 5301
f 5162 5296 5322
f 5318 5323 5299
f 5299 5298 5318
f 5324 5318 5312
f 5323 5321 5299
f 5300 5312 5318
f 5321 5319 5301
f 5297 5299 5301
f 5319 5321 5325
f 5325 5321 5326
f 5322 5296 5320
f 5320 5319 5325
f 5323 5324 5327
f 5324 5323 5318
f 5327 5324 5328
f 5323 5327 5326
f 5326 5321 5323
f 5316 5329 5312
f 5162 5322 5161
f 5313 5330 5316
f 5316 5312 5311
f 5316 5331 5329
f 5331 5316 5330
f 5315 5332 5314
f 5333 5324 5329
f 5334 5330 5332
f 5335 5332 5336
f 5331 5334 5337
f 5331 5330 5334
f 5334 5335 5338
f 5330 5314 5332
f 5314 5310 5315
f 5329 5331 5339
f 5339 5333 5329
f 5328 5324 5333
f 5338 5337 5334
f 5339 5331 5337
f 5336 5315 5317
f 5324 5312 5329
f 5314 5330 5313
f 5286 5267 5308
f 5162 5159 5156
f 5267 5273 5340
f 5267 5266 5273
f 5308 5340 5341
f 5340 5308 5267
f 5270 5342 5273
f 5308 5306 5286
f 5269 5343 5270
f 5270 5273 5268
f 5270 5344 5342
f 5344 5270 5343
f 5281 5345 5272
f 5342 5340 5273
f 5286 5234 5267
f 5340 5342 5346
f 5309 5341 5347
f 5309 5308 5341
f 5317 5347 5348
f 5347 5317 5309
f 5346 5349 5341
f 5317 5315 5307
f 5342 5350 5346
f 5346 5341 5340
f 5346 5351 5349
f 5351 5346 5350
f 5352 5353 5344
f 5349 5347 5341
f 5350 5342 5344
f 5347 5349 5354
f 5345 5352 5343
f 5309 5307 5306
f 5281 5284 5355
f 5284 5281 5282
f 5356 5345 5355
f 5355 5345 5281
f 5284 5357 5355
f 5344 5343 5352
f 5357 5284 5285
f 5358 5359 5360
f 5356 5361 5352
f 5356 5352 5345
f 5362 5351 5350
f 5350 5353 5362
f 5352 5361 5353
f 5344 5353 5350
f 5356 5363 5361
f 5363 5356 5358
f 5361 5363 5364
f 5363 5358 5365
f 5365 5366 5363
f 5353 5361 5367
f 5355 5359 5356
f 5368 5363 5366
f 5343 5272 5345
f 5272 5271 5281
f 5349 5351 5369
f 5336 5348 5370
f 5336 5317 5348
f 5335 5370 5371
f 5370 5335 5336
f 5354 5372 5348
f 5335 5334 5332
f 5354 5369 5373
f 5354 5349 5369
f 5372 5373 5374
f 5373 5372 5354
f 5373 5375 5376
f 5372 5370 5348
f 5347 5354 5348
f 5370 5372 5377
f 5377 5371 5370
f 5376 5374 5373
f 5377 5372 5374
f 5369 5378 5379
f 5371 5338 5335
f 5362 5367 5380
f 5367 5362 5353
f 5381 5378 5380
f 5380 5378 5362
f 5364 5382 5367
f 5373 5369 5379
f 5368 5383 5364
f 5368 5364 5363
f 5384 5382 5383
f 5380 5382 5384
f 5380 5367 5382
f 5367 5361 5364
f 5381 5380 5385
f 5379 5386 5375
f 5386 5379 5381
f 5375 5373 5379
f 5379 5378 5381
f 5369 5351 5378
f 5351 5362 5378
f 5240 5252 5241
f 5336 5332 5315
f 5272 5343 5269
f 5249 5254 5256
f 5004 5005 5013
f 5356 5359 5358
f 5247 5241 5252
f 5357 5359 5355
f 5365 5358 5360
f 5364 5383 5382
f 5380 5384 5385
f 5087 5091 5090
f 5085 5089 5088
f 5088 5084 5082
f 5082 5054 5056
f 5060 5053 5052
f 5053 5060 5387
f 5055 5387 5060
f 5049 5057 5050
f 5052 5050 5057
f 4967 4955 4954
f 4955 4968 5388
f 5048 5388 4968
f 5389 5390 5391
f 5389 5392 5393
f 5392 5389 5391
f 5394 5395 5396
f 5397 5398 5399
f 5398 5400 5401
f 5400 5394 5401
f 5399 5402 5397
f 5403 5404 5405
f 5406 5407 5408
f 5403 5409 5407
f 5410 5406 5411
f 5399 5389 5402
f 5393 5412 5389
f 5389 5399 5413
f 5414 5415 5416
f 5415 5413 5417
f 5404 5414 5405
f 5412 5402 5389
f 5410 5411 5418
f 5419 5420 5421
f 5422 5423 5424
f 5423 5420 5419
f 5425 5422 5426
f 5427 5428 5429
f 5423 5419 5428
f 5424 5423 5428
f 5424 5426 5422
f 5426 5430 5425
f 5419 5429 5428
f 5405 5414 5416
f 5408 5407 5409
f 5411 5406 5408
f 5405 5409 5403
f 5395 5425 5430
f 5396 5395 5430
f 5399 5398 5401
f 5417 5413 5399
f 5396 5401 5394
f 5416 5415 5417
f 5411 5431 5418
f 5431 5432 5418
f 5432 5433 5434
f 5435 5436 5437
f 5434 5435 5437
f 5438 5436 5439
f 5440 5441 5442
f 5438 5443 5440
f 5444 5445 5446
f 5445 5447 5446
f 5441 5448 5442
f 5449 5447 5448
f 5444 5450 5451
f 5444 5452 5453
f 5444 5453 5454
f 5452 5444 5451
f 5455 5456 5457
f 5455 5444 5456
f 5458 5459 5460
f 5458 5461 5459
f 5457 5456 5461
f 5444 5455 5450
f 5462 5460 5463
f 5433 5432 5464
f 5439 5436 5435
f 5443 5438 5439
f 5433 5435 5434
f 5449 5448 5441
f 5446 5447 5449
f 5459 5461 5456
f 5463 5460 5459
f 5446 5456 5444
f 5443 5441 5440
f 5465 5466 5467
f 5468 5469 5470
f 5471 5469 5468
f 5472 5470 5465
f 5470 5473 5468
f 5466 5474 5467
f 5465 5467 5472
f 5468 5473 5475
f 5468 5475 5471
f 5473 5470 5472
f 5462 5463 5474
f 5462 5474 5466
f 5421 5429 5419
f 5431 5464 5432
f 5427 5429 5476
f 5477 5478 5479
f 5477 5480 5478
f 5481 5478 5480
f 5482 5483 5484
f 5485 5486 5487
f 5488 5489 5490
f 5491 5488 5490
f 5489 5486 5485
f 5489 5492 5486
f 5491 5493 5494
f 5490 5489 5495
f 5496 5491 5497
f 5487 5498 5499
f 5500 5501 5502
f 5503 5504 5505
f 5506 5507 5498
f 5507 5508 5509
f 5506 5508 5507
f 5499 5510 5485
f 5511 5495 5485
f 5489 5485 5495
f 5510 5507 5512
f 5485 5510 5511
f 5495 5513 5514
f 5499 5507 5510
f 5485 5487 5499
f 5511 5510 5515
f 5516 5509 5517
f 5508 5517 5509
f 5518 5519 5503
f 5517 5504 5516
f 5509 5520 5512
f 5505 5504 5517
f 5521 5515 5512
f 5510 5512 5515
f 5520 5516 5522
f 5512 5520 5521
f 5515 5523 5524
f 5509 5516 5520
f 5512 5507 5509
f 5516 5504 5525
f 5511 5524 5513
f 5508 5526 5517
f 5520 5527 5521
f 5490 5514 5493
f 5528 5529 5530
f 5531 5532 5533
f 5534 5533 5535
f 5535 5533 5536
f 5537 5538 5536
f 5539 5537 5533
f 5536 5533 5537
f 5540 5541 5538
f 5534 5531 5533
f 5542 5533 5532
f 5497 5543 5544
f 5543 5545 5544
f 5491 5490 5493
f 5543 5497 5494
f 5543 5546 5542
f 5547 5548 5542
f 5542 5545 5543
f 5549 5547 5546
f 5542 5546 5547
f 5550 5539 5548
f 5543 5494 5546
f 5542 5548 5533
f 5551 5546 5494
f 5538 5537 5540
f 5552 5553 5541
f 5554 5540 5537
f 5554 5552 5540
f 5552 5555 5553
f 5541 5540 5552
f 5555 5556 5553
f 5557 5553 5556
f 5556 5555 5558
f 5557 5556 5559
f 5559 5560 5557
f 5555 5552 5558
f 5559 5556 5561
f 5539 5562 5537
f 5554 5537 5562
f 5563 5539 5550
f 5562 5539 5563
f 5554 5564 5558
f 5548 5547 5550
f 5554 5562 5564
f 5565 5558 5564
f 5565 5564 5566
f 5556 5558 5565
f 5565 5561 5556
f 5564 5562 5566
f 5558 5552 5554
f 5561 5565 5567
f 5559 5568 5569
f 5533 5548 5539
f 5570 5550 5547
f 5571 5551 5493
f 5551 5494 5493
f 5572 5571 5514
f 5493 5514 5571
f 5551 5573 5549
f 5514 5490 5495
f 5574 5570 5549
f 5570 5547 5549
f 5575 5574 5573
f 5549 5573 5574
f 5570 5576 5577
f 5551 5571 5573
f 5551 5549 5546
f 5578 5573 5571
f 5524 5572 5513
f 5514 5513 5572
f 5523 5515 5521
f 5524 5523 5579
f 5579 5572 5524
f 5524 5511 5515
f 5578 5580 5575
f 5573 5578 5575
f 5579 5523 5581
f 5582 5572 5579
f 5578 5582 5580
f 5578 5572 5582
f 5578 5571 5572
f 5523 5521 5583
f 5574 5584 5576
f 5513 5495 5511
f 5576 5570 5574
f 5585 5566 5563
f 5584 5575 5586
f 5576 5584 5587
f 5576 5585 5577
f 5584 5574 5575
f 5563 5577 5585
f 5588 5566 5585
f 5588 5585 5589
f 5565 5566 5588
f 5588 5567 5565
f 5585 5576 5587
f 5566 5562 5563
f 5567 5588 5590
f 5575 5580 5586
f 5591 5587 5584
f 5586 5580 5592
f 5591 5584 5586
f 5587 5593 5589
f 5580 5582 5594
f 5595 5590 5589
f 5588 5589 5590
f 5593 5591 5596
f 5589 5593 5595
f 5590 5597 5598
f 5587 5591 5593
f 5589 5585 5587
f 5591 5586 5599
f 5567 5598 5600
f 5577 5550 5570
f 5577 5563 5550
f 5582 5579 5601
f 5561 5600 5568
f 5494 5497 5491
f 5595 5593 5602
f 5603 5604 5605
f 5606 5607 5608
f 5608 5607 5518
f 5609 5610 5611
f 5612 5613 5614
f 5535 5536 5534
f 5615 5616 5610
f 5610 5606 5611
f 5617 5613 5618
f 5610 5617 5615
f 5616 5619 5620
f 5617 5621 5615
f 5607 5620 5622
f 5604 5603 5623
f 5624 5525 5519
f 5504 5519 5525
f 5625 5624 5622
f 5519 5622 5624
f 5525 5626 5522
f 5518 5607 5622
f 5627 5527 5522
f 5520 5522 5527
f 5628 5627 5626
f 5522 5626 5627
f 5629 5630 5627
f 5525 5624 5626
f 5522 5516 5525
f 5631 5626 5624
f 5632 5625 5620
f 5622 5620 5625
f 5619 5615 5633
f 5620 5619 5632
f 5625 5634 5631
f 5616 5615 5619
f 5635 5628 5631
f 5626 5631 5628
f 5634 5632 5636
f 5631 5634 5635
f 5637 5638 5635
f 5625 5632 5634
f 5631 5624 5625
f 5632 5619 5639
f 5638 5629 5628
f 5607 5616 5620
f 5518 5622 5519
f 5635 5634 5640
f 5641 5642 5614
f 5642 5641 5643
f 5612 5644 5618
f 5645 5621 5618
f 5617 5618 5621
f 5644 5646 5645
f 5618 5644 5645
f 5645 5633 5621
f 5612 5642 5644
f 5618 5613 5612
f 5647 5644 5642
f 5542 5532 5545
f 5648 5644 5649
f 5650 5646 5651
f 5648 5649 5651
f 5648 5646 5644
f 5633 5652 5639
f 5619 5633 5639
f 5653 5654 5646
f 5654 5645 5646
f 5633 5654 5652
f 5633 5645 5654
f 5636 5655 5640
f 5634 5636 5640
f 5656 5657 5652
f 5657 5639 5652
f 5636 5657 5655
f 5636 5639 5657
f 5636 5632 5639
f 5658 5652 5654
f 5656 5652 5658
f 5658 5654 5653
f 5656 5659 5660
f 5661 5660 5662
f 5660 5659 5662
f 5663 5655 5661
f 5655 5656 5660
f 5657 5656 5655
f 5637 5640 5663
f 5646 5650 5653
f 5633 5615 5621
f 5630 5583 5527
f 5664 5581 5583
f 5523 5583 5581
f 5665 5664 5630
f 5583 5630 5664
f 5581 5666 5601
f 5527 5627 5630
f 5667 5594 5601
f 5582 5601 5594
f 5668 5667 5666
f 5601 5666 5667
f 5594 5669 5592
f 5581 5664 5666
f 5601 5579 5581
f 5670 5666 5664
f 5671 5665 5629
f 5630 5629 5665
f 5672 5671 5638
f 5629 5638 5671
f 5665 5673 5670
f 5628 5635 5638
f 5674 5668 5670
f 5666 5670 5668
f 5675 5674 5673
f 5670 5673 5674
f 5668 5676 5677
f 5665 5671 5673
f 5670 5664 5665
f 5678 5673 5671
f 5667 5677 5669
f 5627 5628 5629
f 5679 5599 5592
f 5586 5592 5599
f 5680 5679 5669
f 5592 5669 5679
f 5599 5681 5596
f 5594 5667 5669
f 5682 5602 5596
f 5593 5596 5602
f 5683 5682 5681
f 5596 5681 5682
f 5602 5684 5685
f 5599 5679 5681
f 5596 5591 5599
f 5686 5681 5679
f 5687 5680 5677
f 5669 5677 5680
f 5688 5687 5676
f 5677 5676 5687
f 5680 5689 5686
f 5668 5674 5676
f 5690 5683 5686
f 5681 5686 5683
f 5691 5690 5689
f 5686 5689 5690
f 5683 5692 5693
f 5680 5687 5689
f 5686 5679 5680
f 5694 5689 5687
f 5682 5693 5684
f 5667 5668 5677
f 5592 5580 5594
f 5695 5676 5674
f 5696 5672 5637
f 5638 5637 5672
f 5697 5696 5663
f 5637 5663 5696
f 5696 5698 5672
f 5640 5655 5663
f 5699 5675 5678
f 5673 5678 5675
f 5700 5698 5696
f 5678 5698 5699
f 5675 5701 5695
f 5672 5698 5678
f 5678 5671 5672
f 5699 5698 5702
f 5661 5697 5663
f 5703 5700 5696
f 5697 5662 5704
f 5697 5704 5703
f 5697 5703 5696
f 5661 5662 5697
f 5703 5705 5700
f 5702 5700 5705
f 5706 5705 5707
f 5703 5707 5705
f 5702 5708 5709
f 5704 5707 5703
f 5702 5698 5700
f 5699 5709 5701
f 5655 5660 5661
f 5695 5710 5688
f 5676 5695 5688
f 5708 5702 5705
f 5710 5701 5711
f 5701 5710 5695
f 5709 5699 5702
f 5694 5712 5691
f 5689 5694 5691
f 5709 5711 5701
f 5713 5688 5710
f 5713 5714 5712
f 5694 5688 5713
f 5694 5687 5688
f 5713 5710 5715
f 5708 5716 5709
f 5711 5709 5716
f 5717 5716 5706
f 5708 5706 5716
f 5711 5718 5715
f 5708 5705 5706
f 5718 5716 5719
f 5720 5718 5721
f 5719 5716 5717
f 5718 5719 5721
f 5714 5715 5720
f 5718 5711 5716
f 5715 5710 5711
f 5712 5694 5713
f 5701 5675 5699
f 5695 5674 5675
f 5690 5722 5692
f 5635 5640 5637
f 5583 5521 5527
f 5595 5685 5597
f 5569 5723 5560
f 5568 5559 5561
f 5724 5569 5725
f 5724 5723 5569
f 5561 5567 5600
f 5726 5727 5724
f 5723 5724 5727
f 5726 5724 5728
f 5727 5726 5729
f 5729 5730 5727
f 5568 5725 5569
f 5526 5505 5517
f 5731 5729 5726
f 5600 5732 5568
f 5725 5568 5732
f 5598 5733 5600
f 5732 5600 5733
f 5725 5734 5728
f 5598 5567 5590
f 5734 5732 5735
f 5731 5728 5736
f 5737 5735 5733
f 5735 5732 5733
f 5738 5736 5734
f 5734 5725 5732
f 5728 5724 5725
f 5739 5733 5598
f 5731 5726 5728
f 5590 5595 5597
f 5740 5729 5741
f 5742 5730 5740
f 5743 5741 5731
f 5741 5729 5731
f 5740 5744 5742
f 5730 5729 5740
f 5745 5746 5742
f 5730 5742 5746
f 5745 5742 5747
f 5746 5745 5748
f 5748 5749 5746
f 5741 5744 5740
f 5748 5745 5750
f 5736 5743 5731
f 5751 5744 5741
f 5743 5736 5752
f 5751 5741 5743
f 5744 5753 5747
f 5735 5738 5734
f 5754 5750 5747
f 5745 5747 5750
f 5753 5751 5755
f 5747 5753 5754
f 5750 5756 5757
f 5744 5751 5753
f 5747 5742 5744
f 5751 5743 5758
f 5748 5757 5759
f 5728 5734 5736
f 5760 5754 5753
f 5761 5739 5597
f 5739 5598 5597
f 5762 5761 5685
f 5597 5685 5761
f 5739 5763 5737
f 5685 5595 5602
f 5737 5764 5735
f 5733 5739 5737
f 5763 5765 5737
f 5764 5737 5765
f 5738 5766 5752
f 5739 5761 5763
f 5738 5735 5764
f 5767 5763 5761
f 5768 5762 5684
f 5762 5685 5684
f 5769 5768 5693
f 5684 5693 5768
f 5762 5770 5767
f 5682 5683 5693
f 5767 5771 5763
f 5761 5762 5767
f 5770 5772 5767
f 5771 5767 5772
f 5765 5773 5774
f 5762 5768 5770
f 5765 5763 5771
f 5775 5770 5768
f 5764 5774 5766
f 5602 5682 5684
f 5752 5776 5758
f 5743 5752 5758
f 5773 5765 5771
f 5776 5766 5777
f 5766 5776 5752
f 5774 5764 5765
f 5776 5778 5758
f 5755 5758 5778
f 5777 5779 5776
f 5778 5776 5779
f 5780 5760 5755
f 5766 5774 5777
f 5755 5751 5758
f 5781 5777 5774
f 5773 5782 5781
f 5781 5774 5773
f 5783 5784 5772
f 5784 5771 5772
f 5773 5784 5782
f 5784 5773 5771
f 5785 5781 5786
f 5787 5779 5788
f 5789 5786 5782
f 5786 5781 5782
f 5790 5788 5785
f 5785 5777 5781
f 5777 5785 5779
f 5791 5782 5784
f 5787 5780 5778
f 5766 5738 5764
f 5752 5736 5738
f 5792 5772 5770
f 5755 5760 5753
f 5683 5690 5692
f 5759 5793 5749
f 5757 5748 5750
f 5793 5759 5757
f 5757 5794 5793
f 5756 5750 5754
f 5757 5795 5794
f 5795 5604 5623
f 5794 5795 5623
f 5796 5795 5757
f 5756 5797 5796
f 5796 5757 5756
f 5798 5799 5760
f 5799 5754 5760
f 5756 5799 5797
f 5799 5756 5754
f 5605 5796 5800
f 5801 5800 5797
f 5800 5796 5797
f 5605 5802 5502
f 5605 5795 5796
f 5795 5605 5604
f 5803 5797 5799
f 5759 5749 5748
f 5603 5605 5502
f 5502 5501 5804
f 5804 5603 5502
f 5500 5502 5805
f 5806 5501 5500
f 5500 5805 5806
f 5605 5800 5802
f 5806 5528 5530
f 5807 5798 5780
f 5798 5760 5780
f 5808 5807 5787
f 5780 5787 5807
f 5798 5809 5803
f 5778 5779 5787
f 5810 5801 5803
f 5801 5797 5803
f 5811 5810 5809
f 5803 5809 5810
f 5801 5812 5813
f 5798 5807 5809
f 5798 5803 5799
f 5814 5809 5807
f 5815 5808 5788
f 5787 5788 5808
f 5816 5815 5790
f 5788 5790 5815
f 5808 5817 5814
f 5785 5786 5790
f 5818 5811 5814
f 5809 5814 5811
f 5819 5818 5817
f 5814 5817 5818
f 5811 5820 5821
f 5808 5815 5817
f 5814 5807 5808
f 5822 5817 5815
f 5810 5821 5812
f 5779 5785 5788
f 5802 5823 5805
f 5502 5802 5805
f 5801 5810 5812
f 5823 5813 5824
f 5813 5823 5802
f 5800 5801 5813
f 5482 5528 5823
f 5812 5824 5813
f 5529 5482 5484
f 5805 5823 5528
f 5528 5806 5805
f 5484 5483 5825
f 5824 5826 5482
f 5823 5824 5482
f 5827 5821 5828
f 5827 5812 5821
f 5824 5827 5826
f 5824 5812 5827
f 5826 5829 5483
f 5825 5483 5829
f 5830 5826 5827
f 5829 5826 5831
f 5482 5826 5483
f 5528 5482 5529
f 5811 5818 5820
f 5810 5811 5821
f 5813 5802 5800
f 5826 5830 5831
f 5492 5489 5488
f 5755 5778 5780
f 5499 5498 5507
f 5832 5790 5786
f 5833 5769 5692
f 5769 5693 5692
f 5834 5833 5722
f 5692 5722 5833
f 5769 5835 5775
f 5722 5691 5836
f 5837 5792 5775
f 5792 5770 5775
f 5835 5838 5837
f 5775 5835 5837
f 5792 5839 5783
f 5769 5833 5835
f 5769 5775 5768
f 5840 5835 5833
f 5841 5836 5712
f 5836 5691 5712
f 5842 5841 5714
f 5712 5714 5841
f 5836 5843 5834
f 5713 5715 5714
f 5844 5840 5834
f 5833 5834 5840
f 5845 5844 5843
f 5834 5843 5844
f 5846 5838 5840
f 5836 5841 5843
f 5834 5722 5836
f 5847 5843 5841
f 5840 5838 5835
f 5691 5722 5690
f 5848 5791 5783
f 5791 5784 5783
f 5849 5848 5839
f 5783 5839 5848
f 5791 5850 5789
f 5839 5837 5851
f 5852 5832 5789
f 5832 5786 5789
f 5853 5852 5850
f 5789 5850 5852
f 5854 5855 5852
f 5791 5848 5850
f 5791 5789 5782
f 5856 5850 5848
f 5857 5851 5838
f 5851 5837 5838
f 5858 5857 5846
f 5838 5846 5857
f 5851 5859 5849
f 5840 5844 5846
f 5849 5860 5856
f 5848 5849 5856
f 5853 5856 5861
f 5849 5859 5860
f 5853 5850 5856
f 5851 5857 5859
f 5849 5839 5851
f 5862 5859 5857
f 5863 5854 5853
f 5839 5792 5837
f 5792 5783 5772
f 5864 5846 5844
f 5720 5842 5714
f 5847 5841 5842
f 5865 5866 5842
f 5847 5842 5866
f 5847 5867 5845
f 5868 5842 5720
f 5845 5869 5864
f 5864 5844 5845
f 5858 5864 5870
f 5845 5867 5869
f 5864 5858 5846
f 5847 5866 5867
f 5847 5845 5843
f 5871 5867 5866
f 5872 5867 5871
f 5865 5842 5868
f 5871 5866 5865
f 5873 5870 5869
f 5864 5869 5870
f 5874 5870 5873
f 5872 5873 5869
f 5869 5867 5872
f 5858 5875 5862
f 5721 5868 5720
f 5862 5876 5859
f 5857 5858 5862
f 5875 5877 5862
f 5876 5862 5877
f 5860 5878 5861
f 5875 5870 5879
f 5878 5876 5880
f 5881 5878 5882
f 5883 5880 5877
f 5880 5876 5877
f 5884 5882 5880
f 5878 5860 5876
f 5861 5856 5860
f 5885 5877 5875
f 5875 5879 5885
f 5879 5870 5874
f 5880 5883 5884
f 5883 5877 5885
f 5863 5861 5881
f 5875 5858 5870
f 5859 5876 5860
f 5855 5816 5832
f 5715 5718 5720
f 5886 5822 5816
f 5822 5815 5816
f 5887 5886 5855
f 5816 5855 5886
f 5822 5888 5819
f 5832 5852 5855
f 5819 5889 5818
f 5817 5822 5819
f 5888 5890 5819
f 5889 5819 5890
f 5820 5891 5828
f 5822 5886 5888
f 5816 5790 5832
f 5892 5888 5886
f 5893 5887 5854
f 5887 5855 5854
f 5894 5893 5863
f 5854 5863 5893
f 5887 5895 5892
f 5853 5861 5863
f 5892 5896 5888
f 5886 5887 5892
f 5895 5897 5892
f 5896 5892 5897
f 5890 5898 5899
f 5887 5893 5895
f 5890 5888 5896
f 5900 5895 5893
f 5889 5899 5891
f 5852 5853 5854
f 5901 5830 5828
f 5827 5828 5830
f 5901 5891 5902
f 5828 5891 5901
f 5901 5903 5830
f 5899 5889 5890
f 5831 5830 5903
f 5904 5905 5906
f 5899 5907 5902
f 5891 5899 5902
f 5896 5897 5908
f 5908 5898 5896
f 5898 5907 5899
f 5896 5898 5890
f 5907 5909 5902
f 5906 5902 5909
f 5910 5909 5907
f 5911 5906 5909
f 5909 5912 5911
f 5913 5907 5898
f 5902 5905 5901
f 5912 5909 5914
f 5891 5820 5889
f 5828 5821 5820
f 5915 5897 5895
f 5916 5894 5881
f 5894 5863 5881
f 5917 5916 5882
f 5881 5882 5916
f 5894 5918 5900
f 5878 5880 5882
f 5919 5915 5900
f 5915 5895 5900
f 5920 5919 5918
f 5900 5918 5919
f 5921 5922 5919
f 5894 5916 5918
f 5894 5900 5893
f 5923 5918 5916
f 5916 5917 5923
f 5919 5920 5921
f 5920 5918 5923
f 5924 5925 5915
f 5882 5884 5917
f 5926 5913 5908
f 5898 5908 5913
f 5926 5925 5927
f 5908 5925 5926
f 5913 5928 5910
f 5924 5915 5919
f 5910 5929 5914
f 5909 5910 5914
f 5929 5928 5930
f 5930 5928 5926
f 5928 5913 5926
f 5910 5907 5913
f 5931 5926 5927
f 5922 5932 5924
f 5927 5924 5932
f 5924 5919 5922
f 5927 5925 5924
f 5925 5897 5915
f 5925 5908 5897
f 5861 5878 5881
f 5818 5889 5820
f 5569 5560 5559
f 5504 5503 5519
f 5496 5488 5491
f 5933 5518 5503
f 5518 5933 5608
f 5606 5616 5607
f 5616 5606 5610
f 5610 5609 5617
f 5934 5617 5609
f 5617 5934 5613
f 5612 5614 5642
f 5642 5643 5647
f 5648 5651 5646
f 5647 5649 5644
f 5928 5929 5910
f 5931 5930 5926
f 5906 5905 5902
f 5901 5905 5903
f 5904 5906 5911
f 5935 5936 5937
f 5935 5938 5939
f 5936 5935 5939
f 5940 5941 5942
f 5943 5944 5942
f 5943 5942 5941
f 5945 5946 5947
f 5948 5947 5946
f 5949 5950 5951
f 5952 5953 5950
f 5950 5953 5954
f 5955 5956 5949
f 5957 5949 5958
f 5949 5951 5958
f 5950 5954 5959
f 5959 5951 5950
f 5955 5949 5957
f 5960 5961 5962
f 5963 5960 5964
f 5963 5964 5965
f 5964 5960 5962
f 5966 5967 5968
f 5966 5969 5970
f 5971 5967 5972
f 5971 5973 5974
f 5968 5967 5971
f 5973 5975 5974
f 5971 5972 5973
f 5969 5966 5968
f 5976 5977 5978
f 5979 5980 5977
f 5978 5981 5982
f 5983 5981 5970
f 5976 5979 5977
f 5982 5976 5978
f 5983 5982 5981
f 5970 5969 5983
f 5980 5979 5984
f 5985 5986 5987
f 5987 5988 5989
f 5990 5985 5991
f 5992 5993 5994
f 5994 5995 5992
f 5991 5995 5990
f 5994 5993 5996
f 5992 5995 5991
f 5997 5998 5999
f 5998 5974 5975
f 5997 5974 5998
f 5999 6000 5997
f 6001 5987 5986
f 5988 5997 6000
f 5988 6000 5989
f 5988 5987 6001
f 5985 5990 5986
f 6002 6003 6004
f 6005 6006 6002
f 6007 6003 6008
f 5984 6009 6008
f 6004 6005 6002
f 6007 6004 6003
f 6009 6007 6008
f 6008 5980 5984
f 6006 6005 6010
f 6011 6012 6013
f 6014 6015 6012
f 6013 6016 6011
f 6014 6012 6011
f 6017 6018 6019
f 6018 6015 6014
f 6019 6018 6014
f 6011 6016 6010
f 6016 6006 6010
f 6019 6020 6021
f 6022 6021 6020
f 6020 6023 6022
f 6019 6021 6017
f 6023 6024 6025
f 6026 6027 6028
f 6024 6028 6025
f 6029 6026 6030
f 6024 6023 6020
f 6029 6027 6026
f 6031 6032 6029
f 6025 6028 6027
f 6033 6034 6035
f 6035 6034 6036
f 6035 6032 6033
f 6034 6037 6038
f 6033 6032 6031
f 6031 6029 6030
f 6039 6040 6041
f 6041 6042 6043
f 6041 5996 6039
f 6041 6040 6044
f 6039 5996 5993
f 6045 6046 6047
f 6046 6048 6049
f 6040 6045 6044
f 6050 6048 6051
f 6047 6046 6049
f 6045 6047 6044
f 6051 6052 6050
f 6050 6049 6048
f 6053 6054 6052
f 6054 6053 6055
f 6054 6055 6056
f 6051 6053 6052
f 6056 6057 6058
f 6057 6056 6055
f 6059 6060 6058
f 6058 6057 6059
f 6061 6062 6060
f 6063 6062 6064
f 6064 6062 6061
f 6063 6064 6065
f 6061 6060 6059
f 6066 6063 6067
f 6068 6069 6070
f 6066 6071 6069
f 6070 6069 6071
f 6068 6072 6073
f 6068 6070 6072
f 6073 6072 6074
f 6071 6066 6067
f 6063 6065 6067
f 6075 6076 6077
f 6078 6079 6080
f 6080 6076 6081
f 6082 6083 6084
f 6085 6082 6086
f 6082 6085 6083
f 6085 6086 6077
f 6083 6087 6084
f 6077 6086 6075
f 6038 6036 6034
f 6088 6038 6089
f 6088 6036 6038
f 6037 6090 6038
f 6081 6078 6080
f 6081 6076 6075
f 6079 6091 6089
f 6079 6078 6091
f 6089 6091 6088
f 6092 6093 6094
f 6095 6096 6097
f 6092 6098 6097
f 6099 6074 6100
f 6074 6099 6073
f 6094 6098 6092
f 6093 6100 6094
f 6093 6099 6100
f 6095 6097 6098
f 6101 6102 6103
f 6084 6087 6101
f 6102 6104 6103
f 6101 6087 6102
f 6096 6105 6106
f 6105 6096 6095
f 6107 6103 6104
f 6107 6106 6105
f 6107 6104 6106
f 5996 6041 6043
f 6108 6109 6110
f 6111 6110 6112
f 6113 6111 6112
f 6108 6110 6111
f 6114 6115 6116
f 6116 6117 6118
f 6119 6115 6114
f 6114 6116 6118
f 6120 6118 6121
f 6118 6117 6121
f 6122 6119 6114
f 6123 6124 6125
f 6125 6126 6123
f 6127 6128 6129
f 6129 6130 6127
f 6131 6132 3148
f 6133 6134 6135
f 6136 6135 6132
f 6137 6138 6139
f 6140 6141 6142
f 6143 6142 6138
f 6144 6139 6134
f 6131 3148 3147
f 6133 6135 6136
f 6131 6136 6132
f 6144 6137 6139
f 6134 6133 6144
f 6143 6138 6137
f 6140 6142 6143
f 6141 6140 6145
f 6141 6145 6146
f 6147 6148 6149
f 6150 6151 6152
f 6153 6152 6148
f 6154 6155 6156
f 3143 3134 6157
f 6158 6157 6155
f 6159 6156 6151
f 6160 6146 6145
f 6148 6147 6153
f 6147 6149 6160
f 6151 6150 6159
f 6155 6154 6158
f 6157 6158 3143
f 6154 6156 6159
f 6150 6152 6153
f 6149 6146 6160
f 6161 6162 3114
f 6163 6164 6165
f 6166 6165 6162
f 6167 6168 6169
f 6170 6171 6172
f 6173 6172 6168
f 6174 6169 6164
f 6161 3114 3113
f 6163 6165 6166
f 6161 6166 6162
f 6174 6167 6169
f 6164 6163 6174
f 6173 6168 6167
f 6170 6172 6173
f 6171 6170 6175
f 6171 6175 6176
f 6177 6178 6179
f 6180 6181 6182
f 6183 6182 6178
f 6184 6185 6186
f 3109 3100 6187
f 6188 6187 6185
f 6189 6186 6181
f 6190 6176 6175
f 6178 6177 6183
f 6177 6179 6190
f 6181 6180 6189
f 6185 6184 6188
f 6187 6188 3109
f 6184 6186 6189
f 6180 6182 6183
f 6179 6176 6190
f 6191 6192 6193
f 6194 6193 6195
f 6196 6197 6198
f 6199 6200 6201
f 6202 6201 6197
f 6203 6198 6192
f 6191 6193 6194
f 6204 6194 6195
f 6203 6196 6198
f 6192 6191 6203
f 6202 6197 6196
f 6199 6201 6202
f 6200 6199 6205
f 6200 6205 6206
f 6207 6208 6209
f 6210 6211 6212
f 6213 6214 6215
f 6216 6215 6211
f 6217 6218 6219
f 6207 6220 6221
f 6222 6221 6218
f 6223 6219 6214
f 6224 6206 6205
f 6211 6210 6216
f 6210 6212 6224
f 6214 6213 6223
f 6218 6217 6222
f 6221 6222 6207
f 6217 6219 6223
f 6213 6215 6216
f 6207 6209 6220
f 6212 6206 6224
f 6225 6226 6227
f 6228 6227 6229
f 6230 6231 6232
f 6233 6234 6235
f 6233 6235 6231
f 6236 6232 6226
f 6225 6227 6228
f 6237 6228 6229
f 6236 6230 6232
f 6226 6225 6236
f 6233 6231 6230
f 6238 6234 6233
f 6238 6239 6240
f 6238 6240 6234
f 6241 6242 6243
f 6244 6245 6246
f 6247 6248 6249
f 6250 6249 6245
f 6251 6252 6253
f 6241 6254 6255
f 6256 6255 6252
f 6257 6253 6248
f 6258 6240 6239
f 6245 6244 6250
f 6244 6246 6258
f 6248 6247 6257
f 6252 6251 6256
f 6255 6256 6241
f 6251 6253 6257
f 6247 6249 6250
f 6241 6243 6254
f 6246 6240 6258
f 6259 6260 6261
f 6262 6261 6263
f 6264 6265 6266
f 6267 6268 6269
f 6270 6269 6265
f 6271 6266 6260
f 6259 6261 6262
f 6272 6262 6263
f 6271 6264 6266
f 6260 6259 6271
f 6270 6265 6264
f 6267 6269 6270
f 6268 6267 6273
f 6268 6273 6274
f 6275 6276 6277
f 6278 6279 6280
f 6281 6282 6283
f 6284 6283 6279
f 6285 6286 6287
f 6275 6288 6289
f 6290 6289 6286
f 6291 6287 6282
f 6292 6274 6273
f 6279 6278 6284
f 6278 6280 6292
f 6282 6281 6291
f 6286 6285 6290
f 6289 6290 6275
f 6285 6287 6291
f 6281 6283 6284
f 6275 6277 6288
f 6280 6274 6292
f 6293 6294 6295
f 6296 6295 6297
f 6298 6299 6300
f 6301 6302 6303
f 6304 6303 6299
f 6305 6300 6294
f 6293 6295 6296
f 6306 6296 6297
f 6305 6298 6300
f 6294 6293 6305
f 6304 6299 6298
f 6301 6303 6304
f 6302 6301 6307
f 6302 6307 6308
f 6309 6310 6311
f 6312 6313 6314
f 6315 6316 6317
f 6318 6317 6313
f 6319 6320 6321
f 6309 6322 6323
f 6324 6323 6320
f 6325 6321 6316
f 6326 6308 6307
f 6313 6312 6318
f 6312 6314 6326
f 6316 6315 6325
f 6320 6319 6324
f 6323 6324 6309
f 6319 6321 6325
f 6315 6317 6318
f 6309 6311 6322
f 6314 6308 6326
f 6327 6328 6329
f 6330 6329 6331
f 6331 6332 6330
f 6328 6327 6333
f 6327 6329 6330
f 6333 6334 6328
f 6335 6336 6334
f 6337 6338 6339
f 6340 6339 6336
f 6340 6336 6335
f 6337 6341 6338
f 6339 6340 6337
f 6342 6338 6341
f 6333 6335 6334
f 6343 6344 6345
f 6346 6347 6348
f 6349 6348 6344
f 6348 6349 6346
f 6349 6344 6343
f 6346 6350 6347
f 6351 6352 6353
f 6354 6355 6356
f 6357 6356 6352
f 6353 6350 6351
f 6356 6357 6354
f 6355 6354 6358
f 6357 6352 6351
f 6359 6355 6358
f 6347 6350 6353
f 6342 6341 6360
f 6361 6362 6363
f 6364 6365 6366
f 6367 6368 6369
f 6370 6369 6365
f 6366 6360 6364
f 6369 6370 6367
f 6370 6365 6364
f 6367 6371 6368
f 6342 6360 6366
f 6372 6373 6374
f 6375 6376 6377
f 6378 6377 6373
f 6374 6371 6372
f 6377 6378 6375
f 6376 6375 6379
f 6378 6373 6372
f 6379 6363 6376
f 6368 6371 6374
f 6380 6381 6359
f 6382 6383 6384
f 6385 6384 6381
f 6381 6380 6385
f 6383 6382 6386
f 6382 6384 6385
f 6386 6387 6383
f 6358 6380 6359
f 6388 6389 6387
f 6390 6391 6392
f 6393 6392 6389
f 6393 6389 6388
f 6390 6394 6391
f 6392 6393 6390
f 6362 6361 6394
f 6361 6391 6394
f 6386 6388 6387
f 6361 6363 6379
f 6395 6396 6397
f 6398 6397 6399
f 6400 6401 6402
f 6403 6404 6405
f 6406 6405 6401
f 6407 6402 6396
f 6395 6397 6398
f 6408 6398 6399
f 6407 6400 6402
f 6396 6395 6407
f 6406 6401 6400
f 6403 6405 6406
f 6404 6403 6409
f 6404 6409 6410
f 6411 6412 6413
f 6414 6415 6416
f 6417 6418 6419
f 6420 6419 6415
f 6421 6422 6423
f 6411 6424 6425
f 6426 6425 6422
f 6427 6423 6418
f 6428 6410 6409
f 6415 6414 6420
f 6414 6416 6428
f 6418 6417 6427
f 6422 6421 6426
f 6425 6426 6411
f 6421 6423 6427
f 6417 6419 6420
f 6411 6413 6424
f 6416 6410 6428
f 6429 6430 6431
f 6432 6429 6433
f 6434 6435 6436
f 6437 6438 6439
f 6435 6437 6440
f 6430 6434 6441
f 6442 6433 6429
f 6431 6442 6429
f 6431 6430 6441
f 6436 6435 6440
f 6440 6437 6439
f 6434 6436 6441
f 6438 6443 6439
f 6438 6444 6443
f 6445 6446 6447
f 6444 6448 6449
f 6450 6451 6452
f 6448 6450 6453
f 6454 6455 6456
f 6457 6458 6459
f 6455 6457 6460
f 6451 6454 6461
f 6449 6448 6453
f 6452 6451 6461
f 6450 6452 6453
f 6455 6460 6456
f 6456 6461 6454
f 6460 6457 6459
f 6459 6458 6462
f 6447 6446 6462
f 6458 6447 6462
f 6444 6449 6443
f 6463 6464 6465
f 6466 6467 6463
f 6468 6469 6470
f 6471 6472 6473
f 6469 6471 6474
f 6464 6468 6475
f 6465 6464 6475
f 6463 6465 6466
f 6469 6474 6470
f 6470 6475 6468
f 6474 6471 6473
f 6473 6472 6476
f 6477 6478 6476
f 6472 6477 6476
f 6479 6480 6481
f 6482 6483 6484
f 6485 6486 6487
f 6483 6485 6488
f 6489 6490 6491
f 6492 6493 6494
f 6490 6492 6495
f 6486 6489 6496
f 6484 6478 6482
f 6487 6488 6485
f 6484 6483 6488
f 6491 6496 6489
f 6494 6495 6492
f 6481 6494 6493
f 6491 6490 6495
f 6487 6486 6496
f 6493 6479 6481
f 6482 6478 6477
f 6497 6498 6499
f 6500 6499 6498
f 6501 6502 6503
f 6504 6505 6506
f 6501 6503 6505
f 6507 6506 6508
f 6509 6501 6505
f 6504 6506 6510
f 6510 6506 6507
f 6508 6511 6507
f 6509 6505 6504
f 6508 6512 6511
f 6513 6514 6515
f 6516 6512 6517
f 6517 6512 6508
f 6518 6517 6519
f 6516 6517 6518
f 6520 6519 6521
f 6519 6522 6518
f 6523 6521 6524
f 6522 6519 6520
f 6523 6524 6525
f 6524 6515 6525
f 6526 6520 6521
f 6523 6526 6521
f 6524 6513 6515
f 6527 6528 6529
f 6530 6531 6527
f 6532 6533 6534
f 6535 6536 6532
f 6537 6538 6534
f 6539 6535 6531
f 6539 6531 6530
f 6529 6530 6527
f 6536 6533 6532
f 6535 6539 6536
f 6537 6534 6533
f 6540 6538 6537
f 6541 6542 6540
f 6542 6538 6540
f 6543 6544 6545
f 6546 6547 6542
f 6548 6549 6550
f 6543 6551 6552
f 6553 6554 6551
f 6555 6556 6550
f 6557 6553 6556
f 6546 6558 6559
f 6560 6559 6558
f 6559 6560 6548
f 6547 6546 6559
f 6549 6548 6560
f 6557 6556 6555
f 6554 6553 6557
f 6549 6555 6550
f 6554 6552 6551
f 6552 6544 6543
f 6541 6546 6542
f 6561 6562 6563
f 6564 6565 6563
f 6566 6567 6568
f 6569 6570 6566
f 6571 6572 6568
f 6573 6569 6565
f 6565 6564 6573
f 6564 6563 6562
f 6567 6571 6568
f 6566 6570 6567
f 6574 6572 6571
f 6569 6573 6570
f 6574 6575 6572
f 6575 6576 6572
f 6577 6578 6579
f 6580 6581 6576
f 6582 6583 6584
f 6577 6585 6586
f 6587 6588 6585
f 6589 6590 6584
f 6590 6591 6587
f 6580 6592 6593
f 6594 6593 6592
f 6593 6594 6582
f 6581 6580 6593
f 6583 6582 6594
f 6589 6584 6583
f 6589 6591 6590
f 6587 6591 6588
f 6588 6586 6585
f 6586 6578 6577
f 6575 6580 6576
f 6595 6596 6597
f 6597 6598 6595
f 6599 6600 6601
f 6602 6603 6599
f 6604 6605 6601
f 6606 6602 6598
f 6598 6597 6606
f 6596 6607 6597
f 6600 6604 6601
f 6599 6603 6600
f 6608 6605 6604
f 6608 6609 6610
f 6602 6606 6603
f 6608 6610 6605
f 6611 6612 6613
f 6614 6615 6616
f 6617 6618 6614
f 6619 6617 6620
f 6621 6622 6623
f 6624 6623 6622
f 6625 6626 6616
f 6626 6627 6624
f 6609 6619 6610
f 6618 6617 6628
f 6619 6628 6617
f 6625 6627 6626
f 6623 6624 6627
f 6611 6621 6623
f 6614 6618 6615
f 6615 6625 6616
f 6611 6613 6621
f 6620 6610 6619
f 6629 6630 6631
f 6632 6633 6629
f 6634 6635 6636
f 6637 6638 6634
f 6639 6640 6636
f 6641 6637 6633
f 6633 6632 6641
f 6632 6629 6631
f 6642 6643 6644
f 6640 6639 6644
f 6635 6634 6638
f 6639 6636 6635
f 6637 6641 6638
f 6644 6643 6640
f 6645 6646 6647
f 6648 6649 6650
f 6651 6652 6648
f 6653 6651 6654
f 6655 6656 6645
f 6657 6658 6656
f 6659 6660 6650
f 6660 6661 6657
f 6653 6643 6642
f 6651 6653 6662
f 6651 6662 6652
f 6656 6658 6645
f 6652 6649 6648
f 6661 6660 6659
f 6649 6659 6650
f 6657 6661 6658
f 6645 6647 6655
f 6654 6643 6653
f 6663 6664 6665
f 6666 6667 6663
f 6668 6669 6670
f 6671 6669 6668
f 6672 6673 6670
f 6674 6671 6667
f 6675 6665 6664
f 6665 6666 6663
f 6674 6669 6671
f 6667 6666 6674
f 6670 6676 6672
f 6677 6678 6672
f 6670 6669 6676
f 6678 6673 6672
f 6679 6680 6681
f 6682 6683 6678
f 6684 6685 6686
f 6687 6688 6679
f 6689 6690 6688
f 6691 6692 6686
f 6691 6689 6692
f 6693 6685 6694
f 6685 6684 6694
f 6694 6682 6693
f 6683 6682 6694
f 6686 6685 6695
f 6695 6691 6686
f 6691 6690 6689
f 6688 6690 6696
f 6696 6679 6688
f 6679 6681 6687
f 6677 6682 6678
f 6697 6698 6699
f 6700 6701 6699
f 6702 6703 6704
f 6705 6706 6707
f 6702 6706 6703
f 6708 6704 6698
f 6699 6701 6697
f 6701 6700 6709
f 6708 6702 6704
f 6698 6697 6708
f 6710 6711 6712
f 6710 6705 6707
f 6707 6706 6702
f 6712 6705 6710
f 6713 6714 6715
f 6716 6717 6712
f 6718 6719 6720
f 6721 6722 6723
f 6724 6725 6722
f 6726 6727 6720
f 6726 6724 6727
f 6728 6729 6716
f 6717 6716 6729
f 6729 6728 6730
f 6729 6730 6718
f 6718 6730 6719
f 6720 6719 6726
f 6723 6722 6725
f 6724 6726 6725
f 6723 6713 6721
f 6713 6715 6721
f 6711 6716 6712
f 6731 6732 6733
f 6732 6731 6734
f 6733 6735 6736
f 6735 6733 6732
f 6734 6737 6732
f 6738 6736 6735
f 6739 6740 6741
f 6742 6741 6743
f 6743 6744 6742
f 6745 6746 6747
f 6748 6746 6749
f 6748 6749 6739
f 6745 6749 6746
f 6750 6745 6747
f 6743 6751 6744
f 6752 6753 6754
f 6755 6752 6756
f 6753 6752 6757
f 6751 6743 6752
f 6740 6739 6749
f 6756 6758 6759
f 6740 6743 6741
f 6757 6752 6760
f 6751 6752 6754
f 6761 6762 6763
f 6763 6764 6761
f 6761 6750 6762
f 6765 6764 6763
f 6766 6765 6767
f 6768 6767 6769
f 6770 6765 6766
f 6766 6767 6771
f 6770 6764 6765
f 6772 6769 6773
f 6768 6769 6772
f 6774 6767 6768
f 6775 6773 6769
f 6776 6775 6769
f 6776 6777 6778
f 6776 6778 6775
f 6779 6777 6776
f 6771 6767 6774
f 6750 6747 6762
f 6756 6759 6755
f 6759 6780 6781
f 6780 6759 6782
f 6783 6784 6785
f 6781 6786 6787
f 6788 6783 6789
f 6758 6782 6759
f 6790 6791 6792
f 6787 6786 6790
f 6791 6793 6794
f 6792 6787 6790
f 6795 6796 6788
f 6793 6796 6794
f 6787 6797 6798
f 6787 6799 6800
f 6801 6798 6802
f 6800 6797 6787
f 6787 6759 6781
f 6799 6787 6792
f 6784 6803 6785
f 6785 6789 6783
f 6795 6788 6789
f 6796 6795 6794
f 6779 6776 6804
f 6805 6806 6803
f 6784 6805 6803
f 6806 6805 6779
f 6805 6777 6779
f 6802 6807 6801
f 6798 6797 6802
f 6807 6808 6801
f 6809 6801 6808
f 6810 6809 6808
f 6811 6812 6813
f 6809 6810 6813
f 6809 6813 6812
f 6794 6792 6791
f 6755 6760 6752
f 6814 6815 6816
f 6816 6817 6814
f 6818 6819 6820
f 6821 6818 6822
f 6822 6823 6821
f 6824 6825 6826
f 6827 6825 6828
f 6820 6827 6828
f 6825 6827 6826
f 6824 6826 6829
f 6823 6830 6821
f 6831 6832 6833
f 6834 6833 6835
f 6836 6833 6832
f 6833 6821 6830
f 6827 6820 6819
f 6837 6838 6834
f 6818 6821 6819
f 6839 6833 6836
f 6831 6833 6830
f 6840 6841 6842
f 6842 6843 6840
f 6841 6829 6842
f 6840 6843 6844
f 6845 6844 6846
f 6847 6845 6848
f 6846 6844 6849
f 6850 6845 6846
f 6844 6843 6849
f 6851 6847 6852
f 6852 6847 6848
f 6848 6845 6853
f 6847 6851 6854
f 6847 6854 6855
f 6856 6857 6855
f 6854 6856 6855
f 6855 6857 6858
f 6853 6845 6850
f 6841 6824 6829
f 6835 6837 6834
f 6859 6860 6837
f 6861 6837 6860
f 6862 6863 6864
f 6865 6866 6859
f 6867 6864 6868
f 6837 6861 6838
f 6869 6870 6871
f 6871 6866 6865
f 6872 6873 6870
f 6871 6865 6869
f 6868 6874 6875
f 6872 6874 6873
f 6876 6877 6865
f 6878 6879 6865
f 6880 6876 6881
f 6865 6877 6878
f 6859 6837 6865
f 6869 6865 6879
f 6862 6882 6863
f 6864 6867 6862
f 6867 6868 6875
f 6872 6875 6874
f 6883 6855 6858
f 6882 6884 6885
f 6882 6885 6863
f 6858 6885 6884
f 6858 6857 6885
f 6881 6886 6880
f 6880 6877 6876
f 6881 6887 6886
f 6887 6881 6888
f 6887 6888 6889
f 6890 6891 6892
f 6890 6889 6888
f 6891 6890 6888
f 6870 6869 6872
f 6833 6839 6835
f 6446 6445 6734
f 6737 6734 6445
f 6893 6894 6895
f 6895 6896 6893
f 6733 6897 6898
f 6899 6900 6901
f 6897 6899 6902
f 6903 6904 6905
f 6906 6907 6908
f 6904 6906 6909
f 6900 6903 6910
f 6902 6898 6897
f 6902 6899 6901
f 6898 6731 6733
f 6905 6910 6903
f 6908 6909 6906
f 6911 6908 6907
f 6905 6904 6909
f 6901 6900 6910
f 6907 6912 6911
f 6913 6912 6914
f 6915 6916 6917
f 6918 6914 6916
f 6919 6920 6921
f 6922 6923 6924
f 6921 6923 6925
f 6917 6920 6926
f 6927 6924 6928
f 6918 6913 6914
f 6926 6915 6917
f 6918 6916 6915
f 6925 6919 6921
f 6927 6922 6924
f 6929 6927 6928
f 6925 6923 6922
f 6926 6920 6919
f 6912 6913 6911
f 6930 6931 6932
f 6932 6933 6930
f 6480 6479 6736
f 6736 6738 6480
f 6934 6935 6936
f 6937 6936 6935
f 6938 6939 6940
f 6941 6940 6939
f 6942 6943 6944
f 6944 6943 6945
f 6942 6944 6946
f 6945 6947 6948
f 6947 6949 6948
f 6949 6947 6950
f 6944 6945 6951
f 6952 6946 6953
f 6946 6952 6942
f 6953 6946 6954
f 6954 6955 6956
f 6956 6955 6957
f 6954 6958 6955
f 6959 6960 6961
f 6961 6960 6950
f 6959 6962 6963
f 6964 6965 6966
f 6966 6963 6967
f 6967 6963 6962
f 6968 6969 6970
f 6971 6972 6973
f 6974 6975 6976
f 6968 6974 6969
f 6973 6957 6971
f 6976 6975 6977
f 6966 6967 6964
f 6962 6959 6961
f 6960 6949 6950
f 6951 6945 6948
f 6954 6946 6958
f 6956 6957 6973
f 6969 6972 6970
f 6971 6970 6972
f 6968 6975 6974
f 6466 6965 6964
f 6964 6467 6466
f 6433 6976 6977
f 6977 6432 6433
f 6895 6978 6896
f 6978 6895 6979
f 6980 6979 6981
f 6978 6979 6982
f 6983 6981 6984
f 6980 6982 6979
f 6985 6980 6981
f 6986 6983 6984
f 6987 6988 6989
f 6986 6984 6989
f 6985 6981 6983
f 6989 6984 6987
f 6987 6990 6991
f 6990 6987 6992
f 6987 6991 6988
f 6992 6993 6994
f 6993 6995 6996
f 6992 6997 6990
f 6998 6995 6999
f 6994 6997 6992
f 7000 6994 6993
f 7001 6996 6995
f 7002 6998 6999
f 7001 6995 6998
f 7000 6993 6996
f 7003 7004 7005
f 7006 7003 7007
f 7007 7003 7008
f 7009 7004 7010
f 7008 7003 7005
f 7005 7004 7011
f 7012 7013 7014
f 7015 7012 7016
f 7016 7012 7014
f 7013 7006 7017
f 7013 7017 7014
f 7003 7006 7013
f 7010 7018 7009
f 7011 7004 7009
f 7019 7018 7010
f 7020 7021 7018
f 7009 7018 7021
f 7022 7020 7018
f 7023 7024 7018
f 7018 7024 7022
f 7025 7026 7027
f 7026 7028 7027
f 7028 7029 7023
f 7029 7024 7023
f 7030 7015 7031
f 7012 7015 7030
f 7032 7030 7033
f 7030 7031 7033
f 7032 7033 7034
f 7034 7035 7032
f 7032 7035 7036
f 7036 7037 7038
f 7039 7040 7041
f 7039 7041 7042
f 7040 7043 7037
f 7044 7036 7038
f 7045 7046 7047
f 7048 7049 7045
f 7050 7051 7052
f 7051 7048 7052
f 7053 7042 7047
f 7042 7053 7039
f 7043 7040 7039
f 7054 7037 7043
f 7055 7056 7053
f 7053 7047 7057
f 7054 7038 7037
f 7027 7050 7025
f 7044 7032 7036
f 7058 7059 7056
f 7050 7027 7051
f 7048 7051 7049
f 7060 7061 7062
f 7018 7063 7062
f 7028 7023 7027
f 7053 7057 7055
f 7056 7055 7064
f 7065 7066 7067
f 7047 7046 7057
f 7046 7045 7049
f 7060 7067 7061
f 7068 7069 7065
f 7070 7069 7068
f 7067 7060 7065
f 7063 7071 7060
f 7072 7071 7063
f 7060 7062 7063
f 7065 7069 7066
f 7068 7073 7070
f 7074 7070 7073
f 7074 7073 7075
f 7076 7077 7063
f 7072 7078 7079
f 7063 7078 7072
f 7023 7018 7062
f 7080 7081 7082
f 7074 7075 7081
f 7075 7082 7081
f 7083 7084 7079
f 7083 7085 7084
f 7086 7087 7088
f 7089 7090 7091
f 7080 7092 7090
f 7091 7090 7092
f 7082 7092 7080
f 7086 7059 7058
f 7083 7079 7078
f 7083 7093 7085
f 7094 7078 7063
f 7095 7077 7096
f 7097 7094 7063
f 7097 7063 7077
f 7085 7093 7098
f 7093 7099 7098
f 7100 7098 7099
f 7100 7099 7101
f 7102 7103 7096
f 7095 7096 7103
f 7097 7077 7095
f 7058 7056 7064
f 7088 7059 7086
f 7087 7104 7105
f 7088 7087 7105
f 7104 7106 7107
f 7106 7108 7109
f 7105 7104 7107
f 7032 7110 7111
f 7032 7111 7112
f 7113 7108 7114
f 7109 7107 7106
f 7115 7114 7116
f 7113 7109 7108
f 7110 7032 7044
f 7117 7118 7119
f 7119 7118 7120
f 7089 7121 7120
f 7119 7120 7121
f 7117 7122 7118
f 7116 7123 7124
f 7125 7126 7127
f 7128 7122 7117
f 7126 7128 7127
f 7123 7126 7125
f 7126 7122 7128
f 7129 7130 7131
f 7032 7112 7131
f 7132 7130 7129
f 7130 7132 7133
f 7130 7133 7134
f 7134 7135 7130
f 7135 7136 7137
f 7134 7136 7135
f 7138 7135 7137
f 7137 7139 7138
f 7140 7138 7139
f 7141 7140 7139
f 7124 7142 7116
f 7143 7116 7142
f 7143 7115 7116
f 7125 7144 7123
f 7113 7114 7115
f 7124 7123 7145
f 7146 7141 7147
f 7140 7141 7146
f 7148 7146 7147
f 7148 7145 7149
f 7144 7149 7123
f 7123 7149 7145
f 7146 7148 7149
f 7131 7130 7032
f 7150 7151 7152
f 7152 7153 7154
f 7155 7153 7156
f 7157 7151 7150
f 7152 7154 7150
f 7157 7158 7151
f 7159 7160 7161
f 7162 7160 7158
f 7160 7162 7161
f 7157 7162 7158
f 7156 7101 7155
f 7153 7155 7154
f 7102 7163 7164
f 7164 7163 7165
f 7103 7102 7164
f 7163 7166 7167
f 7168 7169 7166
f 7167 7166 7169
f 7170 7169 7168
f 7171 7170 7168
f 7165 7163 7167
f 7159 7172 7173
f 7156 7100 7101
f 7159 7161 7172
f 7172 7174 7173
f 7175 7173 7174
f 7175 7176 7177
f 7177 7176 7178
f 7179 7178 7180
f 7181 7182 7183
f 7181 7183 7184
f 7182 7179 7180
f 7178 7179 7177
f 7185 7184 7186
f 7187 7171 7188
f 7181 7189 7182
f 7185 7181 7184
f 7187 7188 7186
f 7188 7185 7186
f 7168 7188 7171
f 7190 7179 7191
f 7192 7191 7179
f 7193 7194 7179
f 7192 7179 7194
f 7193 7182 7189
f 7193 7179 7182
f 7177 7146 7149
f 7177 7173 7175
f 7177 7179 7146
f 7091 7121 7089
f 7195 7196 7197
f 7197 7198 7199
f 7196 7200 6497
f 7201 7202 7203
f 7203 7204 7205
f 7201 7206 7207
f 7208 7198 7205
f 6498 6497 7200
f 7200 7196 7195
f 7199 7195 7197
f 7199 7198 7208
f 7204 7203 7202
f 7202 7201 7207
f 7205 7204 7208
f 7206 7209 7207
f 7206 7210 7209
f 7211 7212 7213
f 7212 7214 7215
f 7216 6894 6893
f 7213 7217 7218
f 7216 7219 7220
f 7221 7217 7220
f 7222 7223 7224
f 7223 7222 7210
f 7224 7223 7215
f 7214 7224 7215
f 7214 7212 7211
f 7218 7217 7221
f 7221 7220 7219
f 7213 7218 7211
f 7216 6893 7219
f 7210 7222 7209
f 6942 6929 6928
f 6929 6942 6952
f 7225 7226 7227
f 7227 7228 6931
f 7229 7225 7230
f 7231 7232 7233
f 7230 7234 7235
f 7236 7234 7232
f 7237 7233 7238
f 7228 6932 6931
f 7229 7226 7225
f 7228 7227 7226
f 7236 7235 7234
f 7237 7231 7233
f 7239 7237 7238
f 7236 7232 7231
f 7229 7230 7235
f 7238 7240 7239
f 7241 7240 7242
f 7243 7244 7245
f 7246 7242 7244
f 7247 7248 7249
f 7250 7245 7251
f 7248 7252 7253
f 7254 7251 7247
f 7241 7242 7246
f 7243 7245 7250
f 7244 7243 7246
f 7247 7249 7254
f 7254 7250 7251
f 7249 7248 7253
f 7253 7252 7255
f 7252 7256 7255
f 7240 7241 7239
f 7257 7258 7259
f 7260 7257 7261
f 7260 7262 7257
f 7263 7260 7261
f 7261 7264 7263
f 7258 7257 7262
f 7265 7266 7267
f 7268 7267 7269
f 7265 7267 7268
f 7270 7264 7266
f 7265 7270 7266
f 7266 7264 7261
f 7271 7272 7273
f 7274 7259 7258
f 7259 7274 7271
f 7271 7274 7275
f 7271 7273 7259
f 7271 7275 7276
f 7277 7278 7271
f 7276 7277 7271
f 7279 7280 7281
f 7282 7280 7283
f 7271 7278 7283
f 7283 7278 7282
f 7284 7269 7285
f 7285 7269 7267
f 7286 7285 7287
f 7286 7284 7285
f 7288 7286 7287
f 7287 7289 7288
f 7290 7289 7287
f 7291 7292 7290
f 7293 7294 7295
f 7296 7293 7295
f 7292 7297 7294
f 7291 7290 7298
f 7299 7300 7301
f 7302 7303 7300
f 7304 7305 7306
f 7279 7307 7305
f 7306 7303 7304
f 7295 7294 7297
f 7297 7292 7308
f 7309 7301 7310
f 7310 7301 7296
f 7311 7312 7313
f 7310 7296 7295
f 7292 7291 7308
f 7281 7307 7279
f 7290 7287 7298
f 7314 7310 7313
f 7304 7279 7305
f 7302 7304 7303
f 7315 7316 7317
f 7315 7318 7271
f 7279 7283 7280
f 7314 7309 7310
f 7319 7314 7313
f 7320 7321 7322
f 7309 7299 7301
f 7302 7300 7299
f 7316 7320 7317
f 7322 7323 7324
f 7324 7323 7325
f 7322 7317 7320
f 7317 7326 7318
f 7318 7326 7327
f 7318 7315 7317
f 7321 7323 7322
f 7325 7328 7324
f 7328 7325 7329
f 7330 7328 7329
f 7318 7331 7332
f 7333 7334 7327
f 7327 7334 7318
f 7315 7271 7283
f 7335 7336 7337
f 7336 7330 7329
f 7336 7335 7330
f 7333 7338 7339
f 7338 7340 7339
f 7341 7342 7343
f 7344 7345 7346
f 7345 7347 7337
f 7347 7345 7344
f 7337 7347 7335
f 7343 7312 7311
f 7334 7333 7339
f 7340 7348 7339
f 7318 7334 7349
f 7350 7331 7351
f 7318 7349 7352
f 7331 7318 7352
f 7353 7348 7340
f 7353 7354 7348
f 7354 7353 7355
f 7356 7354 7355
f 7350 7357 7358
f 7357 7350 7351
f 7351 7331 7352
f 7319 7313 7312
f 7359 7360 7342
f 7359 7342 7341
f 7361 7362 7360
f 7363 7364 7362
f 7365 7366 7287
f 7367 7365 7287
f 7361 7363 7362
f 7359 7361 7360
f 7298 7287 7366
f 7368 7364 7369
f 7370 7371 7372
f 7373 7371 7370
f 7373 7374 7346
f 7374 7373 7370
f 7375 7376 7377
f 7378 7379 7380
f 7381 7378 7372
f 7378 7381 7379
f 7381 7372 7371
f 7382 7379 7376
f 7377 7368 7383
f 7364 7363 7369
f 7343 7311 7341
f 7384 7385 7386
f 7384 7367 7287
f 7386 7385 7387
f 7388 7387 7385
f 7389 7388 7385
f 7385 7390 7389
f 7391 7392 7390
f 7390 7392 7389
f 7391 7390 7393
f 7393 7394 7391
f 7394 7393 7395
f 7394 7395 7396
f 7375 7377 7397
f 7377 7398 7397
f 7398 7377 7383
f 7368 7369 7383
f 7379 7382 7380
f 7399 7376 7375
f 7400 7396 7401
f 7401 7396 7395
f 7400 7401 7402
f 7403 7399 7402
f 7376 7404 7382
f 7399 7403 7376
f 7403 7402 7401
f 7287 7385 7384
f 7405 7406 7407
f 7408 7409 7405
f 7410 7409 7411
f 7407 7406 7412
f 7407 7408 7405
f 7406 7413 7412
f 7414 7415 7416
f 7413 7415 7417
f 7414 7417 7415
f 7413 7417 7412
f 7411 7356 7410
f 7408 7411 7409
f 7418 7419 7358
f 7420 7419 7418
f 7418 7358 7357
f 7421 7422 7419
f 7422 7423 7424
f 7423 7422 7421
f 7424 7423 7425
f 7424 7425 7426
f 7421 7419 7420
f 7427 7428 7416
f 7356 7355 7410
f 7429 7430 7427
f 7430 7429 7431
f 7416 7428 7414
f 7428 7427 7432
f 7432 7427 7430
f 7433 7429 7434
f 7433 7431 7429
f 7435 7433 7434
f 7436 7437 7438
f 7439 7436 7438
f 7435 7434 7437
f 7403 7401 7429
f 7440 7441 7442
f 7426 7440 7442
f 7441 7443 7442
f 7441 7439 7443
f 7438 7443 7439
f 7426 7442 7424
f 7444 7434 7445
f 7434 7444 7446
f 7438 7437 7447
f 7448 7434 7446
f 7437 7448 7447
f 7437 7434 7448
f 7401 7434 7429
f 7404 7376 7403
f 7346 7374 7344
f 6514 6513 6930
f 6930 6933 6514
f 7449 7450 7451
f 7449 7451 7452
f 7453 7449 7452
f 7454 7455 7456
f 7453 7452 7456
f 7456 7452 7454
f 7457 7454 7458
f 7459 7458 7460
f 7457 7458 7461
f 7459 7461 7458
f 7462 7459 7460
f 7454 7457 7455
f 7463 7464 7465
f 7463 7465 7466
f 7467 7463 7466
f 7468 7469 7470
f 7467 7466 7470
f 7470 7466 7468
f 7471 7468 7472
f 7473 7472 7474
f 7475 7471 7472
f 7476 7473 7474
f 7475 7472 7473
f 7468 7471 7469
f 6503 6502 7476
f 7476 7474 6503
f 7450 7002 6999
f 6999 7451 7450
f 7462 7460 6499
f 6499 6500 7462
f 7477 7478 7479
f 7477 7480 7481
f 6545 6544 7478
f 7482 7483 7484
f 7485 7486 7482
f 7487 7483 7481
f 7479 7478 6544
f 7487 7481 7480
f 7479 7480 7477
f 7488 7489 7490
f 7491 7489 7488
f 7485 7482 7484
f 7491 7486 7485
f 7483 7487 7484
f 7488 7486 7491
f 7490 7492 7488
f 7493 7494 7495
f 7496 7497 7495
f 7498 7494 7499
f 7500 7501 7502
f 6528 7503 6529
f 7504 7503 7501
f 7498 7505 7502
f 7496 7490 7506
f 7496 7506 7497
f 7495 7497 7493
f 7499 7494 7493
f 7500 7502 7505
f 7504 7501 7500
f 7499 7505 7498
f 7504 6529 7503
f 7492 7490 7496
f 7507 7508 7509
f 7507 7510 7511
f 6579 6578 7508
f 7512 7513 7514
f 7515 7516 7512
f 7517 7513 7511
f 7510 7507 7509
f 7511 7510 7517
f 7508 6578 7509
f 7518 7519 7520
f 7521 7519 7518
f 7512 7514 7515
f 7515 7521 7516
f 7513 7517 7514
f 7518 7516 7521
f 7520 7522 7518
f 7523 7524 7525
f 7526 7527 7525
f 7528 7524 7529
f 7530 7531 7532
f 7533 7534 7530
f 6562 6561 7532
f 7528 7535 7533
f 7526 7520 7527
f 7525 7527 7536
f 7525 7536 7523
f 7530 7534 7531
f 7529 7524 7523
f 7528 7529 7535
f 7534 7533 7535
f 7532 7531 6562
f 7522 7520 7526
f 7537 7538 7539
f 7537 7540 7541
f 6613 7539 7538
f 7542 7543 7544
f 7545 7546 7542
f 7547 7543 7541
f 7537 7539 7540
f 7540 7547 7541
f 6613 6612 7539
f 7544 7545 7542
f 7543 7547 7544
f 7548 7546 7545
f 7549 7548 7550
f 7550 7551 7549
f 7549 7546 7548
f 7550 7552 7551
f 7553 7554 7555
f 7556 7557 7555
f 7558 7554 7559
f 7560 7561 7562
f 6596 7563 7564
f 7564 7563 7561
f 7558 7565 7562
f 7552 7566 7551
f 7553 7555 7557
f 7566 7557 7556
f 7559 7565 7558
f 7560 7562 7565
f 7561 7560 7564
f 7564 6607 6596
f 7559 7554 7553
f 7556 7551 7566
f 7256 7465 7464
f 7464 7255 7256
f 7567 7568 7569
f 7567 7570 7571
f 6647 6646 7568
f 7572 7573 7574
f 7575 7576 7572
f 7577 7573 7571
f 7570 7567 7569
f 7570 7577 7571
f 7569 7568 6646
f 7574 7575 7572
f 7573 7577 7574
f 7578 7576 7575
f 7579 7578 7580
f 7580 7581 7579
f 7579 7576 7578
f 7580 7582 7581
f 7583 7584 7585
f 7586 7587 7585
f 7588 7584 7589
f 7590 7591 7592
f 6630 7593 6631
f 7594 7593 7591
f 7588 7595 7592
f 7582 7596 7581
f 7587 7586 7596
f 7585 7587 7583
f 7591 7590 7594
f 7595 7588 7589
f 6631 7593 7594
f 7589 7584 7583
f 7592 7595 7590
f 7586 7581 7596
f 7597 7598 7599
f 7597 7600 7601
f 6681 7599 7598
f 7602 7603 7604
f 7605 7606 7602
f 7604 7603 7601
f 7607 7600 7597
f 7599 7607 7597
f 6681 6680 7599
f 7605 7608 7606
f 7602 7604 7605
f 7609 7608 7610
f 7611 7609 7610
f 7601 7600 7604
f 7609 7606 7608
f 7611 7612 7609
f 7613 7614 7615
f 7616 7617 7615
f 7618 7614 7619
f 7620 7621 7622
f 6664 7623 7624
f 7624 7623 7621
f 7618 7619 7622
f 7625 7617 7616
f 7616 7611 7625
f 7617 7613 7615
f 7620 7626 7621
f 7626 7624 7621
f 7619 7620 7622
f 7614 7613 7619
f 6664 7624 6675
f 7612 7611 7616
f 7627 7628 7629
f 7627 7630 7631
f 6715 7632 7628
f 7633 7634 7635
f 7636 7637 7633
f 7635 7634 7631
f 7630 7627 7629
f 7629 7628 7632
f 6715 6714 7632
f 7636 7638 7637
f 7633 7635 7636
f 7639 7637 7638
f 7640 7641 7639
f 7631 7630 7635
f 7639 7641 7637
f 7640 7642 7641
f 7643 7644 7645
f 7646 7647 7645
f 7648 7644 7649
f 7650 7651 7652
f 7653 7654 7650
f 7655 6700 7652
f 7648 7649 7653
f 7646 7656 7647
f 7643 7645 7647
f 7646 7640 7656
f 7654 7653 7649
f 7655 7652 7651
f 7655 6709 6700
f 7644 7643 7649
f 7654 7651 7650
f 7642 7640 7646
f 7657 7658 6413
f 7659 7660 7661
f 7662 7661 7658
f 7663 7664 7665
f 7666 7667 7668
f 7669 7668 7664
f 7670 7665 7660
f 7657 6413 6412
f 7659 7661 7662
f 7657 7662 7658
f 7670 7663 7665
f 7660 7659 7670
f 7669 7664 7663
f 7666 7668 7669
f 7667 7666 7671
f 7667 7671 7672
f 7673 7674 7675
f 7676 7677 7678
f 7679 7678 7674
f 7680 7681 7682
f 6408 6399 7683
f 7684 7683 7681
f 7685 7682 7677
f 7686 7672 7671
f 7674 7673 7679
f 7673 7675 7686
f 7677 7676 7685
f 7681 7680 7684
f 7683 7684 6408
f 7680 7682 7685
f 7676 7678 7679
f 7675 7672 7686
f 7687 7688 6363
f 7689 7690 7691
f 7692 7691 7688
f 7693 7694 7695
f 7696 7697 7698
f 7699 7700 7697
f 7701 7698 7694
f 7702 7695 7690
f 7687 6363 6362
f 7689 7691 7692
f 7702 7690 7689
f 7687 7692 7688
f 7693 7701 7694
f 7695 7702 7693
f 7696 7698 7701
f 7699 7697 7696
f 7700 7699 7703
f 7704 7700 7703
f 7705 7706 7707
f 7708 7709 7710
f 7709 7705 7711
f 7712 7713 7714
f 6332 6331 7712
f 7713 7712 6331
f 7715 7714 7708
f 7712 7714 7716
f 7703 7717 7704
f 7711 7705 7707
f 7710 7709 7711
f 7717 7707 7706
f 6343 6345 7716
f 7716 7715 7718
f 7716 7718 6343
f 7708 7710 7715
f 7714 7715 7716
f 7706 7704 7717
f 7719 7720 6311
f 7721 7722 7723
f 7724 7723 7720
f 7725 7726 7727
f 7728 7729 7730
f 7731 7730 7726
f 7732 7727 7722
f 7719 6311 6310
f 7721 7723 7724
f 7719 7724 7720
f 7732 7725 7727
f 7722 7721 7732
f 7731 7726 7725
f 7728 7730 7731
f 7729 7728 7733
f 7729 7733 7734
f 7735 7736 7737
f 7738 7739 7740
f 7741 7740 7736
f 7742 7743 7744
f 6306 6297 7745
f 7746 7745 7743
f 7747 7744 7739
f 7748 7734 7733
f 7736 7735 7741
f 7735 7737 7748
f 7739 7738 7747
f 7743 7742 7746
f 7745 7746 6306
f 7742 7744 7747
f 7738 7740 7741
f 7737 7734 7748
f 6276 7749 6277
f 7750 7751 7752
f 7753 7752 7749
f 7754 7755 7756
f 7757 7758 7759
f 7760 7759 7755
f 7750 7756 7751
f 7753 7749 6276
f 7750 7752 7761
f 7753 7761 7752
f 7754 7762 7755
f 7756 7750 7754
f 7760 7755 7762
f 7757 7759 7760
f 7757 7763 7764
f 7757 7764 7758
f 7765 7766 7767
f 7768 7769 7770
f 7768 7770 7766
f 7771 7772 7773
f 6272 6263 7774
f 7775 7774 7772
f 7776 7773 7769
f 7767 7763 7777
f 7766 7765 7768
f 7765 7767 7777
f 7769 7778 7776
f 7772 7771 7775
f 7774 7775 6272
f 7771 7773 7776
f 7778 7769 7768
f 7764 7763 7767
f 7779 7780 6243
f 7781 7782 7783
f 7784 7783 7780
f 7785 7786 7787
f 7788 7789 7790
f 7791 7790 7786
f 7781 7787 7782
f 7779 6243 6242
f 7781 7783 7784
f 7779 7784 7780
f 7785 7792 7786
f 7787 7781 7785
f 7791 7786 7792
f 7788 7790 7791
f 7788 7793 7794
f 7788 7794 7789
f 7795 7796 7797
f 7798 7799 7800
f 7801 7800 7796
f 7802 7803 7804
f 6237 6229 7805
f 7806 7805 7803
f 7807 7804 7799
f 7797 7793 7808
f 7796 7795 7801
f 7795 7797 7808
f 7799 7798 7807
f 7803 7802 7806
f 7805 7806 6237
f 7802 7804 7807
f 7798 7800 7801
f 7794 7793 7797
f 6208 7809 6209
f 7810 7811 7812
f 7813 7812 7809
f 7814 7815 7816
f 7817 7818 7819
f 7820 7819 7815
f 7810 7816 7811
f 7813 7809 6208
f 7810 7812 7821
f 7813 7821 7812
f 7814 7822 7815
f 7816 7810 7814
f 7820 7815 7822
f 7817 7819 7820
f 7817 7823 7824
f 7817 7824 7818
f 7825 7826 7827
f 7828 7829 7830
f 7831 7830 7826
f 7832 7833 7834
f 6204 6195 7835
f 7836 7835 7833
f 7837 7834 7829
f 7827 7823 7838
f 7826 7825 7831
f 7825 7827 7838
f 7829 7828 7837
f 7833 7832 7836
f 7835 7836 6204
f 7832 7834 7837
f 7828 7830 7831
f 7824 7823 7827
f 7839 7840 7841
f 7842 7841 7843
f 7844 7845 7846
f 7847 7848 7849
f 7850 7849 7845
f 7851 7846 7840
f 7839 7841 7842
f 7852 7842 7843
f 7851 7844 7846
f 7840 7839 7851
f 7850 7845 7844
f 7847 7849 7850
f 7848 7847 7853
f 7848 7853 7854
f 7855 7856 7857
f 7858 7859 7860
f 7861 7862 7863
f 7864 7863 7859
f 7865 7866 7867
f 7855 7868 7869
f 7870 7869 7866
f 7871 7867 7862
f 7872 7854 7853
f 7859 7858 7864
f 7858 7860 7872
f 7862 7861 7871
f 7866 7865 7870
f 7869 7870 7855
f 7865 7867 7871
f 7861 7863 7864
f 7855 7857 7868
f 7860 7854 7872
f 7873 7874 7875
f 7876 7875 7877
f 7878 7879 7880
f 7881 7882 7883
f 7881 7883 7879
f 7884 7880 7874
f 7873 7875 7876
f 7885 7876 7877
f 7884 7878 7880
f 7874 7873 7884
f 7881 7879 7878
f 7886 7882 7881
f 7886 7887 7888
f 7886 7888 7882
f 7889 7890 7891
f 7892 7893 7894
f 7895 7896 7897
f 7898 7897 7893
f 7899 7900 7901
f 7889 7902 7903
f 7904 7903 7900
f 7905 7901 7896
f 7906 7888 7887
f 7893 7892 7898
f 7892 7894 7906
f 7896 7895 7905
f 7900 7899 7904
f 7903 7904 7889
f 7899 7901 7905
f 7895 7897 7898
f 7889 7891 7902
f 7894 7888 7906
f 7907 7908 7909
f 7910 7909 7911
f 7912 7913 7914
f 7915 7916 7917
f 7918 7917 7913
f 7919 7914 7908
f 7907 7909 7910
f 7920 7910 7911
f 7919 7912 7914
f 7908 7907 7919
f 7918 7913 7912
f 7915 7917 7918
f 7916 7915 7921
f 7916 7921 7922
f 7923 7924 7925
f 7926 7927 7928
f 7929 7930 7931
f 7932 7931 7927
f 7933 7934 7935
f 7923 7936 7937
f 7938 7937 7934
f 7939 7935 7930
f 7940 7922 7921
f 7927 7926 7932
f 7926 7928 7940
f 7930 7929 7939
f 7934 7933 7938
f 7937 7938 7923
f 7933 7935 7939
f 7929 7931 7932
f 7923 7925 7936
f 7928 7922 7940
f 7941 7942 7943
f 7944 7943 7945
f 7946 7947 7948
f 7949 7950 7951
f 7952 7951 7947
f 7953 7948 7942
f 7941 7943 7944
f 7954 7944 7945
f 7953 7946 7948
f 7942 7941 7953
f 7952 7947 7946
f 7949 7951 7952
f 7950 7949 7955
f 7950 7955 7956
f 7957 7958 7959
f 7960 7961 7962
f 7963 7964 7965
f 7966 7965 7961
f 7967 7968 7969
f 7957 7970 7971
f 7972 7971 7968
f 7973 7969 7964
f 7974 7956 7955
f 7961 7960 7966
f 7960 7962 7974
f 7964 7963 7973
f 7968 7967 7972
f 7971 7972 7957
f 7967 7969 7973
f 7963 7965 7966
f 7957 7959 7970
f 7962 7956 7974
f 7975 7976 7977
f 7978 7977 7979
f 7979 7980 7978
f 7976 7975 7981
f 7975 7977 7978
f 7981 7982 7976
f 7983 7984 7982
f 7985 7986 7987
f 7988 7987 7984
f 7988 7984 7983
f 7985 7989 7986
f 7987 7988 7985
f 7990 7986 7989
f 7981 7983 7982
f 7991 7992 7993
f 7994 7995 7996
f 7997 7996 7992
f 7996 7997 7994
f 7997 7992 7991
f 7994 7998 7995
f 7999 8000 8001
f 8002 8003 8004
f 8005 8004 8000
f 8001 7998 7999
f 8004 8005 8002
f 8003 8002 8006
f 8005 8000 7999
f 8007 8003 8006
f 7995 7998 8001
f 7990 7989 8008
f 8009 8010 8011
f 8012 8013 8014
f 8015 8016 8017
f 8018 8017 8013
f 8014 8008 8012
f 8017 8018 8015
f 8018 8013 8012
f 8015 8019 8016
f 7990 8008 8014
f 8020 8021 8022
f 8023 8024 8025
f 8026 8025 8021
f 8022 8019 8020
f 8025 8026 8023
f 8024 8023 8027
f 8026 8021 8020
f 8027 8011 8024
f 8016 8019 8022
f 8028 8029 8007
f 8030 8031 8032
f 8033 8032 8029
f 8029 8028 8033
f 8031 8030 8034
f 8030 8032 8033
f 8034 8035 8031
f 8006 8028 8007
f 8036 8037 8035
f 8038 8039 8040
f 8041 8040 8037
f 8041 8037 8036
f 8038 8042 8039
f 8040 8041 8038
f 8010 8009 8042
f 8009 8039 8042
f 8034 8036 8035
f 8009 8011 8027
f 8043 8044 8045
f 8046 8045 8047
f 8048 8049 8050
f 8051 8052 8053
f 8054 8053 8049
f 8055 8050 8044
f 8043 8045 8046
f 8056 8046 8047
f 8055 8048 8050
f 8044 8043 8055
f 8054 8049 8048
f 8051 8053 8054
f 8052 8051 8057
f 8052 8057 8058
f 8059 8060 8061
f 8062 8063 8064
f 8065 8066 8067
f 8068 8067 8063
f 8069 8070 8071
f 8059 8072 8073
f 8074 8073 8070
f 8075 8071 8066
f 8076 8058 8057
f 8063 8062 8068
f 8062 8064 8076
f 8066 8065 8075
f 8070 8069 8074
f 8073 8074 8059
f 8069 8071 8075
f 8065 8067 8068
f 8059 8061 8072
f 8064 8058 8076
f 8077 8078 8079
f 8080 8077 8081
f 8082 8083 8084
f 8085 8086 8087
f 8083 8085 8088
f 8078 8082 8089
f 8090 8081 8077
f 8079 8090 8077
f 8079 8078 8089
f 8084 8083 8088
f 8088 8085 8087
f 8082 8084 8089
f 8086 8091 8087
f 8086 8092 8091
f 8093 8094 8095
f 8092 8096 8097
f 8098 8099 8100
f 8096 8098 8101
f 8102 8103 8104
f 8105 8106 8107
f 8103 8105 8108
f 8099 8102 8109
f 8097 8096 8101
f 8100 8099 8109
f 8098 8100 8101
f 8103 8108 8104
f 8104 8109 8102
f 8108 8105 8107
f 8107 8106 8110
f 8095 8094 8110
f 8106 8095 8110
f 8092 8097 8091
f 8111 8112 8113
f 8114 8115 8111
f 8116 8117 8118
f 8119 8120 8121
f 8117 8119 8122
f 8112 8116 8123
f 8113 8112 8123
f 8111 8113 8114
f 8117 8122 8118
f 8118 8123 8116
f 8122 8119 8121
f 8121 8120 8124
f 8125 8126 8124
f 8120 8125 8124
f 8127 8128 8129
f 8130 8131 8132
f 8133 8134 8135
f 8131 8133 8136
f 8137 8138 8139
f 8140 8141 8142
f 8138 8140 8143
f 8134 8137 8144
f 8132 8126 8130
f 8135 8136 8133
f 8132 8131 8136
f 8139 8144 8137
f 8142 8143 8140
f 8129 8142 8141
f 8139 8138 8143
f 8135 8134 8144
f 8141 8127 8129
f 8130 8126 8125
f 8145 8146 8147
f 8148 8147 8146
f 8149 8150 8151
f 8152 8153 8154
f 8149 8151 8153
f 8155 8154 8156
f 8157 8149 8153
f 8152 8154 8158
f 8158 8154 8155
f 8156 8159 8155
f 8157 8153 8152
f 8156 8160 8159
f 8161 8162 8163
f 8164 8160 8165
f 8165 8160 8156
f 8166 8165 8167
f 8164 8165 8166
f 8168 8167 8169
f 8167 8170 8166
f 8171 8169 8172
f 8170 8167 8168
f 8171 8172 8173
f 8172 8163 8173
f 8174 8168 8169
f 8171 8174 8169
f 8172 8161 8163
f 8175 8176 8177
f 8178 8179 8175
f 8180 8181 8182
f 8183 8184 8180
f 8185 8186 8182
f 8187 8183 8179
f 8187 8179 8178
f 8177 8178 8175
f 8184 8181 8180
f 8183 8187 8184
f 8185 8182 8181
f 8188 8186 8185
f 8189 8190 8188
f 8190 8186 8188
f 8191 8192 8193
f 8194 8195 8190
f 8196 8197 8198
f 8191 8199 8200
f 8201 8202 8199
f 8203 8204 8198
f 8205 8201 8204
f 8194 8206 8207
f 8208 8207 8206
f 8207 8208 8196
f 8195 8194 8207
f 8197 8196 8208
f 8205 8204 8203
f 8202 8201 8205
f 8197 8203 8198
f 8202 8200 8199
f 8200 8192 8191
f 8189 8194 8190
f 8209 8210 8211
f 8212 8213 8211
f 8214 8215 8216
f 8217 8218 8214
f 8219 8220 8216
f 8221 8217 8213
f 8213 8212 8221
f 8212 8211 8210
f 8215 8219 8216
f 8214 8218 8215
f 8222 8220 8219
f 8217 8221 8218
f 8222 8223 8220
f 8223 8224 8220
f 8225 8226 8227
f 8228 8229 8224
f 8230 8231 8232
f 8225 8233 8234
f 8235 8236 8233
f 8237 8238 8232
f 8238 8239 8235
f 8228 8240 8241
f 8242 8241 8240
f 8241 8242 8230
f 8229 8228 8241
f 8231 8230 8242
f 8237 8232 8231
f 8237 8239 8238
f 8235 8239 8236
f 8236 8234 8233
f 8234 8226 8225
f 8223 8228 8224
f 8243 8244 8245
f 8245 8246 8243
f 8247 8248 8249
f 8250 8251 8247
f 8252 8253 8249
f 8254 8250 8246
f 8246 8245 8254
f 8244 8255 8245
f 8248 8252 8249
f 8247 8251 8248
f 8256 8253 8252
f 8256 8257 8258
f 8250 8254 8251
f 8256 8258 8253
f 8259 8260 8261
f 8262 8263 8264
f 8265 8266 8262
f 8267 8265 8268
f 8269 8270 8271
f 8272 8271 8270
f 8273 8274 8264
f 8274 8275 8272
f 8257 8267 8258
f 8266 8265 8276
f 8267 8276 8265
f 8273 8275 8274
f 8271 8272 8275
f 8259 8269 8271
f 8262 8266 8263
f 8263 8273 8264
f 8259 8261 8269
f 8268 8258 8267
f 8277 8278 8279
f 8280 8281 8277
f 8282 8283 8284
f 8285 8286 8282
f 8287 8288 8284
f 8289 8285 8281
f 8281 8280 8289
f 8280 8277 8279
f 8290 8291 8292
f 8288 8287 8292
f 8283 8282 8286
f 8287 8284 8283
f 8285 8289 8286
f 8292 8291 8288
f 8293 8294 8295
f 8296 8297 8298
f 8299 8300 8296
f 8301 8299 8302
f 8303 8304 8293
f 8305 8306 8304
f 8307 8308 8298
f 8308 8309 8305
f 8301 8291 8290
f 8299 8301 8310
f 8299 8310 8300
f 8304 8306 8293
f 8300 8297 8296
f 8309 8308 8307
f 8297 8307 8298
f 8305 8309 8306
f 8293 8295 8303
f 8302 8291 8301
f 8311 8312 8313
f 8314 8315 8311
f 8316 8317 8318
f 8319 8317 8316
f 8320 8321 8318
f 8322 8319 8315
f 8323 8313 8312
f 8313 8314 8311
f 8322 8317 8319
f 8315 8314 8322
f 8318 8324 8320
f 8325 8326 8320
f 8318 8317 8324
f 8326 8321 8320
f 8327 8328 8329
f 8330 8331 8326
f 8332 8333 8334
f 8335 8336 8327
f 8337 8338 8336
f 8339 8340 8334
f 8339 8337 8340
f 8341 8333 8342
f 8333 8332 8342
f 8342 8330 8341
f 8331 8330 8342
f 8334 8333 8343
f 8343 8339 8334
f 8339 8338 8337
f 8336 8338 8344
f 8344 8327 8336
f 8327 8329 8335
f 8325 8330 8326
f 8345 8346 8347
f 8348 8349 8347
f 8350 8351 8352
f 8353 8354 8355
f 8350 8354 8351
f 8356 8352 8346
f 8347 8349 8345
f 8349 8348 8357
f 8356 8350 8352
f 8346 8345 8356
f 8358 8359 8360
f 8358 8353 8355
f 8355 8354 8350
f 8360 8353 8358
f 8361 8362 8363
f 8364 8365 8360
f 8366 8367 8368
f 8369 8370 8371
f 8372 8373 8370
f 8374 8375 8368
f 8374 8372 8375
f 8376 8377 8364
f 8365 8364 8377
f 8377 8376 8378
f 8377 8378 8366
f 8366 8378 8367
f 8368 8367 8374
f 8371 8370 8373
f 8372 8374 8373
f 8371 8361 8369
f 8361 8363 8369
f 8359 8364 8360
f 8379 8380 8381
f 8380 8379 8382
f 8381 8383 8384
f 8383 8381 8380
f 8382 8385 8380
f 8386 8384 8383
f 8387 8388 8389
f 8390 8389 8391
f 8391 8392 8390
f 8393 8394 8395
f 8396 8394 8397
f 8396 8397 8387
f 8393 8397 8394
f 8398 8393 8395
f 8391 8399 8392
f 8400 8401 8402
f 8403 8400 8404
f 8401 8400 8405
f 8399 8391 8400
f 8388 8387 8397
f 8404 8406 8407
f 8388 8391 8389
f 8405 8400 8408
f 8399 8400 8402
f 8409 8410 8411
f 8411 8412 8409
f 8409 8398 8410
f 8413 8412 8411
f 8414 8413 8415
f 8416 8415 8417
f 8418 8413 8414
f 8414 8415 8419
f 8418 8412 8413
f 8420 8417 8421
f 8416 8417 8420
f 8422 8415 8416
f 8423 8421 8417
f 8424 8423 8417
f 8424 8425 8426
f 8424 8426 8423
f 8427 8425 8424
f 8419 8415 8422
f 8398 8395 8410
f 8404 8407 8403
f 8407 8428 8429
f 8428 8407 8430
f 8431 8432 8433
f 8429 8434 8435
f 8436 8431 8437
f 8406 8430 8407
f 8438 8439 8440
f 8435 8434 8438
f 8439 8441 8442
f 8440 8435 8438
f 8443 8444 8436
f 8441 8444 8442
f 8435 8445 8446
f 8435 8447 8448
f 8449 8446 8450
f 8448 8445 8435
f 8435 8407 8429
f 8447 8435 8440
f 8432 8451 8433
f 8433 8437 8431
f 8443 8436 8437
f 8444 8443 8442
f 8427 8424 8452
f 8453 8454 8451
f 8432 8453 8451
f 8454 8453 8427
f 8453 8425 8427
f 8450 8455 8449
f 8446 8445 8450
f 8455 8456 8449
f 8457 8449 8456
f 8458 8457 8456
f 8459 8460 8461
f 8457 8458 8461
f 8457 8461 8460
f 8442 8440 8439
f 8403 8408 8400
f 8462 8463 8464
f 8464 8465 8462
f 8466 8467 8468
f 8469 8466 8470
f 8470 8471 8469
f 8472 8473 8474
f 8475 8473 8476
f 8468 8475 8476
f 8473 8475 8474
f 8472 8474 8477
f 8471 8478 8469
f 8479 8480 8481
f 8482 8481 8483
f 8484 8481 8480
f 8481 8469 8478
f 8475 8468 8467
f 8485 8486 8482
f 8466 8469 8467
f 8487 8481 8484
f 8479 8481 8478
f 8488 8489 8490
f 8490 8491 8488
f 8489 8477 8490
f 8488 8491 8492
f 8493 8492 8494
f 8495 8493 8496
f 8494 8492 8497
f 8498 8493 8494
f 8492 8491 8497
f 8499 8495 8500
f 8500 8495 8496
f 8496 8493 8501
f 8495 8499 8502
f 8495 8502 8503
f 8504 8505 8503
f 8502 8504 8503
f 8503 8505 8506
f 8501 8493 8498
f 8489 8472 8477
f 8483 8485 8482
f 8507 8508 8485
f 8509 8485 8508
f 8510 8511 8512
f 8513 8514 8507
f 8515 8512 8516
f 8485 8509 8486
f 8517 8518 8519
f 8519 8514 8513
f 8520 8521 8518
f 8519 8513 8517
f 8516 8522 8523
f 8520 8522 8521
f 8524 8525 8513
f 8526 8527 8513
f 8528 8524 8529
f 8513 8525 8526
f 8507 8485 8513
f 8517 8513 8527
f 8510 8530 8511
f 8512 8515 8510
f 8515 8516 8523
f 8520 8523 8522
f 8531 8503 8506
f 8530 8532 8533
f 8530 8533 8511
f 8506 8533 8532
f 8506 8505 8533
f 8529 8534 8528
f 8528 8525 8524
f 8529 8535 8534
f 8535 8529 8536
f 8535 8536 8537
f 8538 8539 8540
f 8538 8537 8536
f 8539 8538 8536
f 8518 8517 8520
f 8481 8487 8483
f 8094 8093 8382
f 8385 8382 8093
f 8541 8542 8543
f 8543 8544 8541
f 8381 8545 8546
f 8547 8548 8549
f 8545 8547 8550
f 8551 8552 8553
f 8554 8555 8556
f 8552 8554 8557
f 8548 8551 8558
f 8550 8546 8545
f 8550 8547 8549
f 8546 8379 8381
f 8553 8558 8551
f 8556 8557 8554
f 8559 8556 8555
f 8553 8552 8557
f 8549 8548 8558
f 8555 8560 8559
f 8561 8560 8562
f 8563 8564 8565
f 8566 8562 8564
f 8567 8568 8569
f 8570 8571 8572
f 8569 8571 8573
f 8565 8568 8574
f 8575 8572 8576
f 8566 8561 8562
f 8574 8563 8565
f 8566 8564 8563
f 8573 8567 8569
f 8575 8570 8572
f 8577 8575 8576
f 8573 8571 8570
f 8574 8568 8567
f 8560 8561 8559
f 8578 8579 8580
f 8580 8581 8578
f 8128 8127 8384
f 8384 8386 8128
f 8582 8583 8584
f 8585 8584 8583
f 8586 8587 8588
f 8589 8588 8587
f 8590 8591 8592
f 8592 8591 8593
f 8590 8592 8594
f 8593 8595 8596
f 8595 8597 8596
f 8597 8595 8598
f 8592 8593 8599
f 8600 8594 8601
f 8594 8600 8590
f 8601 8594 8602
f 8602 8603 8604
f 8604 8603 8605
f 8602 8606 8603
f 8607 8608 8609
f 8609 8608 8598
f 8607 8610 8611
f 8612 8613 8614
f 8614 8611 8615
f 8615 8611 8610
f 8616 8617 8618
f 8619 8620 8621
f 8622 8623 8624
f 8616 8622 8617
f 8621 8605 8619
f 8624 8623 8625
f 8614 8615 8612
f 8610 8607 8609
f 8608 8597 8598
f 8599 8593 8596
f 8602 8594 8606
f 8604 8605 8621
f 8617 8620 8618
f 8619 8618 8620
f 8616 8623 8622
f 8114 8613 8612
f 8612 8115 8114
f 8081 8624 8625
f 8625 8080 8081
f 8543 8626 8544
f 8626 8543 8627
f 8628 8627 8629
f 8626 8627 8630
f 8631 8629 8632
f 8628 8630 8627
f 8633 8628 8629
f 8634 8631 8632
f 8635 8636 8637
f 8634 8632 8637
f 8633 8629 8631
f 8637 8632 8635
f 8635 8638 8639
f 8638 8635 8640
f 8635 8639 8636
f 8640 8641 8642
f 8641 8643 8644
f 8640 8645 8638
f 8646 8643 8647
f 8642 8645 8640
f 8648 8642 8641
f 8649 8644 8643
f 8650 8646 8647
f 8649 8643 8646
f 8648 8641 8644
f 8651 8652 8653
f 8654 8651 8655
f 8655 8651 8656
f 8657 8652 8658
f 8656 8651 8653
f 8653 8652 8659
f 8660 8661 8662
f 8663 8660 8664
f 8664 8660 8662
f 8661 8654 8665
f 8661 8665 8662
f 8651 8654 8661
f 8658 8666 8657
f 8659 8652 8657
f 8667 8666 8658
f 8668 8669 8666
f 8657 8666 8669
f 8670 8668 8666
f 8671 8672 8666
f 8666 8672 8670
f 8673 8674 8675
f 8674 8676 8675
f 8676 8677 8671
f 8677 8672 8671
f 8678 8663 8679
f 8660 8663 8678
f 8680 8678 8681
f 8678 8679 8681
f 8680 8681 8682
f 8682 8683 8680
f 8680 8683 8684
f 8684 8685 8686
f 8687 8688 8689
f 8687 8689 8690
f 8688 8691 8685
f 8692 8684 8686
f 8693 8694 8695
f 8696 8697 8693
f 8698 8699 8700
f 8699 8696 8700
f 8701 8690 8695
f 8690 8701 8687
f 8691 8688 8687
f 8702 8685 8691
f 8703 8704 8701
f 8701 8695 8705
f 8702 8686 8685
f 8675 8698 8673
f 8692 8680 8684
f 8706 8707 8704
f 8698 8675 8699
f 8696 8699 8697
f 8708 8709 8710
f 8666 8711 8710
f 8676 8671 8675
f 8701 8705 8703
f 8704 8703 8712
f 8713 8714 8715
f 8695 8694 8705
f 8694 8693 8697
f 8708 8715 8709
f 8716 8717 8713
f 8718 8717 8716
f 8715 8708 8713
f 8711 8719 8708
f 8720 8719 8711
f 8708 8710 8711
f 8713 8717 8714
f 8716 8721 8718
f 8722 8718 8721
f 8722 8721 8723
f 8724 8725 8711
f 8720 8726 8727
f 8711 8726 8720
f 8671 8666 8710
f 8728 8729 8730
f 8722 8723 8729
f 8723 8730 8729
f 8731 8732 8727
f 8731 8733 8732
f 8734 8735 8736
f 8737 8738 8739
f 8728 8740 8738
f 8739 8738 8740
f 8730 8740 8728
f 8734 8707 8706
f 8731 8727 8726
f 8731 8741 8733
f 8742 8726 8711
f 8743 8725 8744
f 8745 8742 8711
f 8745 8711 8725
f 8733 8741 8746
f 8741 8747 8746
f 8748 8746 8747
f 8748 8747 8749
f 8750 8751 8744
f 8743 8744 8751
f 8745 8725 8743
f 8706 8704 8712
f 8736 8707 8734
f 8735 8752 8753
f 8736 8735 8753
f 8752 8754 8755
f 8754 8756 8757
f 8753 8752 8755
f 8680 8758 8759
f 8680 8759 8760
f 8761 8756 8762
f 8757 8755 8754
f 8763 8762 8764
f 8761 8757 8756
f 8758 8680 8692
f 8765 8766 8767
f 8767 8766 8768
f 8737 8769 8768
f 8767 8768 8769
f 8765 8770 8766
f 8764 8771 8772
f 8773 8774 8775
f 8776 8770 8765
f 8774 8776 8775
f 8771 8774 8773
f 8774 8770 8776
f 8777 8778 8779
f 8680 8760 8779
f 8780 8778 8777
f 8778 8780 8781
f 8778 8781 8782
f 8782 8783 8778
f 8783 8784 8785
f 8782 8784 8783
f 8786 8783 8785
f 8785 8787 8786
f 8788 8786 8787
f 8789 8788 8787
f 8772 8790 8764
f 8791 8764 8790
f 8791 8763 8764
f 8773 8792 8771
f 8761 8762 8763
f 8772 8771 8793
f 8794 8789 8795
f 8788 8789 8794
f 8796 8794 8795
f 8796 8793 8797
f 8792 8797 8771
f 8771 8797 8793
f 8794 8796 8797
f 8779 8778 8680
f 8798 8799 8800
f 8800 8801 8802
f 8803 8801 8804
f 8805 8799 8798
f 8800 8802 8798
f 8805 8806 8799
f 8807 8808 8809
f 8810 8808 8806
f 8808 8810 8809
f 8805 8810 8806
f 8804 8749 8803
f 8801 8803 8802
f 8750 8811 8812
f 8812 8811 8813
f 8751 8750 8812
f 8811 8814 8815
f 8816 8817 8814
f 8815 8814 8817
f 8818 8817 8816
f 8819 8818 8816
f 8813 8811 8815
f 8807 8820 8821
f 8804 8748 8749
f 8807 8809 8820
f 8820 8822 8821
f 8823 8821 8822
f 8823 8824 8825
f 8825 8824 8826
f 8827 8826 8828
f 8829 8830 8831
f 8829 8831 8832
f 8830 8827 8828
f 8826 8827 8825
f 8833 8832 8834
f 8835 8819 8836
f 8829 8837 8830
f 8833 8829 8832
f 8835 8836 8834
f 8836 8833 8834
f 8816 8836 8819
f 8838 8827 8839
f 8840 8839 8827
f 8841 8842 8827
f 8840 8827 8842
f 8841 8830 8837
f 8841 8827 8830
f 8825 8794 8797
f 8825 8821 8823
f 8825 8827 8794
f 8739 8769 8737
f 8843 8844 8845
f 8845 8846 8847
f 8844 8848 8145
f 8849 8850 8851
f 8851 8852 8853
f 8849 8854 8855
f 8856 8846 8853
f 8146 8145 8848
f 8848 8844 8843
f 8847 8843 8845
f 8847 8846 8856
f 8852 8851 8850
f 8850 8849 8855
f 8853 8852 8856
f 8854 8857 8855
f 8854 8858 8857
f 8859 8860 8861
f 8860 8862 8863
f 8864 8542 8541
f 8861 8865 8866
f 8864 8867 8868
f 8869 8865 8868
f 8870 8871 8872
f 8871 8870 8858
f 8872 8871 8863
f 8862 8872 8863
f 8862 8860 8859
f 8866 8865 8869
f 8869 8868 8867
f 8861 8866 8859
f 8864 8541 8867
f 8858 8870 8857
f 8590 8577 8576
f 8577 8590 8600
f 8873 8874 8875
f 8875 8876 8579
f 8877 8873 8878
f 8879 8880 8881
f 8878 8882 8883
f 8884 8882 8880
f 8885 8881 8886
f 8876 8580 8579
f 8877 8874 8873
f 8876 8875 8874
f 8884 8883 8882
f 8885 8879 8881
f 8887 8885 8886
f 8884 8880 8879
f 8877 8878 8883
f 8886 8888 8887
f 8889 8888 8890
f 8891 8892 8893
f 8894 8890 8892
f 8895 8896 8897
f 8898 8893 8899
f 8896 8900 8901
f 8902 8899 8895
f 8889 8890 8894
f 8891 8893 8898
f 8892 8891 8894
f 8895 8897 8902
f 8902 8898 8899
f 8897 8896 8901
f 8901 8900 8903
f 8900 8904 8903
f 8888 8889 8887
f 8905 8906 8907
f 8908 8905 8909
f 8908 8910 8905
f 8911 8908 8909
f 8909 8912 8911
f 8906 8905 8910
f 8913 8914 8915
f 8916 8915 8917
f 8913 8915 8916
f 8918 8912 8914
f 8913 8918 8914
f 8914 8912 8909
f 8919 8920 8921
f 8922 8907 8906
f 8907 8922 8919
f 8919 8922 8923
f 8919 8921 8907
f 8919 8923 8924
f 8925 8926 8919
f 8924 8925 8919
f 8927 8928 8929
f 8930 8928 8931
f 8919 8926 8931
f 8931 8926 8930
f 8932 8917 8933
f 8933 8917 8915
f 8934 8933 8935
f 8934 8932 8933
f 8936 8934 8935
f 8935 8937 8936
f 8938 8937 8935
f 8939 8940 8938
f 8941 8942 8943
f 8944 8941 8943
f 8940 8945 8942
f 8939 8938 8946
f 8947 8948 8949
f 8950 8951 8948
f 8952 8953 8954
f 8927 8955 8953
f 8954 8951 8952
f 8943 8942 8945
f 8945 8940 8956
f 8957 8949 8958
f 8958 8949 8944
f 8959 8960 8961
f 8958 8944 8943
f 8940 8939 8956
f 8929 8955 8927
f 8938 8935 8946
f 8962 8958 8961
f 8952 8927 8953
f 8950 8952 8951
f 8963 8964 8965
f 8963 8966 8919
f 8927 8931 8928
f 8962 8957 8958
f 8967 8962 8961
f 8968 8969 8970
f 8957 8947 8949
f 8950 8948 8947
f 8964 8968 8965
f 8970 8971 8972
f 8972 8971 8973
f 8970 8965 8968
f 8965 8974 8966
f 8966 8974 8975
f 8966 8963 8965
f 8969 8971 8970
f 8973 8976 8972
f 8976 8973 8977
f 8978 8976 8977
f 8966 8979 8980
f 8981 8982 8975
f 8975 8982 8966
f 8963 8919 8931
f 8983 8984 8985
f 8984 8978 8977
f 8984 8983 8978
f 8981 8986 8987
f 8986 8988 8987
f 8989 8990 8991
f 8992 8993 8994
f 8993 8995 8985
f 8995 8993 8992
f 8985 8995 8983
f 8991 8960 8959
f 8982 8981 8987
f 8988 8996 8987
f 8966 8982 8997
f 8998 8979 8999
f 8966 8997 9000
f 8979 8966 9000
f 9001 8996 8988
f 9001 9002 8996
f 9002 9001 9003
f 9004 9002 9003
f 8998 9005 9006
f 9005 8998 8999
f 8999 8979 9000
f 8967 8961 8960
f 9007 9008 8990
f 9007 8990 8989
f 9009 9010 9008
f 9011 9012 9010
f 9013 9014 8935
f 9015 9013 8935
f 9009 9011 9010
f 9007 9009 9008
f 8946 8935 9014
f 9016 9012 9017
f 9018 9019 9020
f 9021 9019 9018
f 9021 9022 8994
f 9022 9021 9018
f 9023 9024 9025
f 9026 9027 9028
f 9029 9026 9020
f 9026 9029 9027
f 9029 9020 9019
f 9030 9027 9024
f 9025 9016 9031
f 9012 9011 9017
f 8991 8959 8989
f 9032 9033 9034
f 9032 9015 8935
f 9034 9033 9035
f 9036 9035 9033
f 9037 9036 9033
f 9033 9038 9037
f 9039 9040 9038
f 9038 9040 9037
f 9039 9038 9041
f 9041 9042 9039
f 9042 9041 9043
f 9042 9043 9044
f 9023 9025 9045
f 9025 9046 9045
f 9046 9025 9031
f 9016 9017 9031
f 9027 9030 9028
f 9047 9024 9023
f 9048 9044 9049
f 9049 9044 9043
f 9048 9049 9050
f 9051 9047 9050
f 9024 9052 9030
f 9047 9051 9024
f 9051 9050 9049
f 8935 9033 9032
f 9053 9054 9055
f 9056 9057 9053
f 9058 9057 9059
f 9055 9054 9060
f 9055 9056 9053
f 9054 9061 9060
f 9062 9063 9064
f 9061 9063 9065
f 9062 9065 9063
f 9061 9065 9060
f 9059 9004 9058
f 9056 9059 9057
f 9066 9067 9006
f 9068 9067 9066
f 9066 9006 9005
f 9069 9070 9067
f 9070 9071 9072
f 9071 9070 9069
f 9072 9071 9073
f 9072 9073 9074
f 9069 9067 9068
f 9075 9076 9064
f 9004 9003 9058
f 9077 9078 9075
f 9078 9077 9079
f 9064 9076 9062
f 9076 9075 9080
f 9080 9075 9078
f 9081 9077 9082
f 9081 9079 9077
f 9083 9081 9082
f 9084 9085 9086
f 9087 9084 9086
f 9083 9082 9085
f 9051 9049 9077
f 9088 9089 9090
f 9074 9088 9090
f 9089 9091 9090
f 9089 9087 9091
f 9086 9091 9087
f 9074 9090 9072
f 9092 9082 9093
f 9082 9092 9094
f 9086 9085 9095
f 9096 9082 9094
f 9085 9096 9095
f 9085 9082 9096
f 9049 9082 9077
f 9052 9024 9051
f 8994 9022 8992
f 8162 8161 8578
f 8578 8581 8162
f 9097 9098 9099
f 9097 9099 9100
f 9101 9097 9100
f 9102 9103 9104
f 9101 9100 9104
f 9104 9100 9102
f 9105 9102 9106
f 9107 9106 9108
f 9105 9106 9109
f 9107 9109 9106
f 9110 9107 9108
f 9102 9105 9103
f 9111 9112 9113
f 9111 9113 9114
f 9115 9111 9114
f 9116 9117 9118
f 9115 9114 9118
f 9118 9114 9116
f 9119 9116 9120
f 9121 9120 9122
f 9123 9119 9120
f 9124 9121 9122
f 9123 9120 9121
f 9116 9119 9117
f 8151 8150 9124
f 9124 9122 8151
f 9098 8650 8647
f 8647 9099 9098
f 9110 9108 8147
f 8147 8148 9110
f 9125 9126 9127
f 9125 9128 9129
f 8193 8192 9126
f 9130 9131 9132
f 9133 9134 9130
f 9135 9131 9129
f 9127 9126 8192
f 9135 9129 9128
f 9127 9128 9125
f 9136 9137 9138
f 9139 9137 9136
f 9133 9130 9132
f 9139 9134 9133
f 9131 9135 9132
f 9136 9134 9139
f 9138 9140 9136
f 9141 9142 9143
f 9144 9145 9143
f 9146 9142 9147
f 9148 9149 9150
f 8176 9151 8177
f 9152 9151 9149
f 9146 9153 9150
f 9144 9138 9154
f 9144 9154 9145
f 9143 9145 9141
f 9147 9142 9141
f 9148 9150 9153
f 9152 9149 9148
f 9147 9153 9146
f 9152 8177 9151
f 9140 9138 9144
f 9155 9156 9157
f 9155 9158 9159
f 8227 8226 9156
f 9160 9161 9162
f 9163 9164 9160
f 9165 9161 9159
f 9158 9155 9157
f 9159 9158 9165
f 9156 8226 9157
f 9166 9167 9168
f 9169 9167 9166
f 9160 9162 9163
f 9163 9169 9164
f 9161 9165 9162
f 9166 9164 9169
f 9168 9170 9166
f 9171 9172 9173
f 9174 9175 9173
f 9176 9172 9177
f 9178 9179 9180
f 9181 9182 9178
f 8210 8209 9180
f 9176 9183 9181
f 9174 9168 9175
f 9173 9175 9184
f 9173 9184 9171
f 9178 9182 9179
f 9177 9172 9171
f 9176 9177 9183
f 9182 9181 9183
f 9180 9179 8210
f 9170 9168 9174
f 9185 9186 9187
f 9185 9188 9189
f 8261 9187 9186
f 9190 9191 9192
f 9193 9194 9190
f 9195 9191 9189
f 9185 9187 9188
f 9188 9195 9189
f 8261 8260 9187
f 9192 9193 9190
f 9191 9195 9192
f 9196 9194 9193
f 9197 9196 9198
f 9198 9199 9197
f 9197 9194 9196
f 9198 9200 9199
f 9201 9202 9203
f 9204 9205 9203
f 9206 9202 9207
f 9208 9209 9210
f 8244 9211 9212
f 9212 9211 9209
f 9206 9213 9210
f 9200 9214 9199
f 9201 9203 9205
f 9214 9205 9204
f 9207 9213 9206
f 9208 9210 9213
f 9209 9208 9212
f 9212 8255 8244
f 9207 9202 9201
f 9204 9199 9214
f 8904 9113 9112
f 9112 8903 8904
f 9215 9216 9217
f 9215 9218 9219
f 8295 8294 9216
f 9220 9221 9222
f 9223 9224 9220
f 9225 9221 9219
f 9218 9215 9217
f 9218 9225 9219
f 9217 9216 8294
f 9222 9223 9220
f 9221 9225 9222
f 9226 9224 9223
f 9227 9226 9228
f 9228 9229 9227
f 9227 9224 9226
f 9228 9230 9229
f 9231 9232 9233
f 9234 9235 9233
f 9236 9232 9237
f 9238 9239 9240
f 8278 9241 8279
f 9242 9241 9239
f 9236 9243 9240
f 9230 9244 9229
f 9235 9234 9244
f 9233 9235 9231
f 9239 9238 9242
f 9243 9236 9237
f 8279 9241 9242
f 9237 9232 9231
f 9240 9243 9238
f 9234 9229 9244
f 9245 9246 9247
f 9245 9248 9249
f 8329 9247 9246
f 9250 9251 9252
f 9253 9254 9250
f 9252 9251 9249
f 9255 9248 9245
f 9247 9255 9245
f 8329 8328 9247
f 9253 9256 9254
f 9250 9252 9253
f 9257 9256 9258
f 9259 9257 9258
f 9249 9248 9252
f 9257 9254 9256
f 9259 9260 9257
f 9261 9262 9263
f 9264 9265 9263
f 9266 9262 9267
f 9268 9269 9270
f 8312 9271 9272
f 9272 9271 9269
f 9266 9267 9270
f 9273 9265 9264
f 9264 9259 9273
f 9265 9261 9263
f 9268 9274 9269
f 9274 9272 9269
f 9267 9268 9270
f 9262 9261 9267
f 8312 9272 8323
f 9260 9259 9264
f 9275 9276 9277
f 9275 9278 9279
f 8363 9280 9276
f 9281 9282 9283
f 9284 9285 9281
f 9283 9282 9279
f 9278 9275 9277
f 9277 9276 9280
f 8363 8362 9280
f 9284 9286 9285
f 9281 9283 9284
f 9287 9285 9286
f 9288 9289 9287
f 9279 9278 9283
f 9287 9289 9285
f 9288 9290 9289
f 9291 9292 9293
f 9294 9295 9293
f 9296 9292 9297
f 9298 9299 9300
f 9301 9302 9298
f 9303 8348 9300
f 9296 9297 9301
f 9294 9304 9295
f 9291 9293 9295
f 9294 9288 9304
f 9302 9301 9297
f 9303 9300 9299
f 9303 8357 8348
f 9292 9291 9297
f 9302 9299 9298
f 9290 9288 9294
f 9305 9306 8061
f 9307 9308 9309
f 9310 9309 9306
f 9311 9312 9313
f 9314 9315 9316
f 9317 9316 9312
f 9318 9313 9308
f 9305 8061 8060
f 9307 9309 9310
f 9305 9310 9306
f 9318 9311 9313
f 9308 9307 9318
f 9317 9312 9311
f 9314 9316 9317
f 9315 9314 9319
f 9315 9319 9320
f 9321 9322 9323
f 9324 9325 9326
f 9327 9326 9322
f 9328 9329 9330
f 8056 8047 9331
f 9332 9331 9329
f 9333 9330 9325
f 9334 9320 9319
f 9322 9321 9327
f 9321 9323 9334
f 9325 9324 9333
f 9329 9328 9332
f 9331 9332 8056
f 9328 9330 9333
f 9324 9326 9327
f 9323 9320 9334
f 9335 9336 8011
f 9337 9338 9339
f 9340 9339 9336
f 9341 9342 9343
f 9344 9345 9346
f 9347 9348 9345
f 9349 9346 9342
f 9350 9343 9338
f 9335 8011 8010
f 9337 9339 9340
f 9350 9338 9337
f 9335 9340 9336
f 9341 9349 9342
f 9343 9350 9341
f 9344 9346 9349
f 9347 9345 9344
f 9348 9347 9351
f 9352 9348 9351
f 9353 9354 9355
f 9356 9357 9358
f 9357 9353 9359
f 9360 9361 9362
f 7980 7979 9360
f 9361 9360 7979
f 9363 9362 9356
f 9360 9362 9364
f 9351 9365 9352
f 9359 9353 9355
f 9358 9357 9359
f 9365 9355 9354
f 7991 7993 9364
f 9364 9363 9366
f 9364 9366 7991
f 9356 9358 9363
f 9362 9363 9364
f 9354 9352 9365
f 9367 9368 7959
f 9369 9370 9371
f 9372 9371 9368
f 9373 9374 9375
f 9376 9377 9378
f 9379 9378 9374
f 9380 9375 9370
f 9367 7959 7958
f 9369 9371 9372
f 9367 9372 9368
f 9380 9373 9375
f 9370 9369 9380
f 9379 9374 9373
f 9376 9378 9379
f 9377 9376 9381
f 9377 9381 9382
f 9383 9384 9385
f 9386 9387 9388
f 9389 9388 9384
f 9390 9391 9392
f 7954 7945 9393
f 9394 9393 9391
f 9395 9392 9387
f 9396 9382 9381
f 9384 9383 9389
f 9383 9385 9396
f 9387 9386 9395
f 9391 9390 9394
f 9393 9394 7954
f 9390 9392 9395
f 9386 9388 9389
f 9385 9382 9396
f 7924 9397 7925
f 9398 9399 9400
f 9401 9400 9397
f 9402 9403 9404
f 9405 9406 9407
f 9408 9407 9403
f 9398 9404 9399
f 9401 9397 7924
f 9398 9400 9409
f 9401 9409 9400
f 9402 9410 9403
f 9404 9398 9402
f 9408 9403 9410
f 9405 9407 9408
f 9405 9411 9412
f 9405 9412 9406
f 9413 9414 9415
f 9416 9417 9418
f 9416 9418 9414
f 9419 9420 9421
f 7920 7911 9422
f 9423 9422 9420
f 9424 9421 9417
f 9415 9411 9425
f 9414 9413 9416
f 9413 9415 9425
f 9417 9426 9424
f 9420 9419 9423
f 9422 9423 7920
f 9419 9421 9424
f 9426 9417 9416
f 9412 9411 9415
f 9427 9428 7891
f 9429 9430 9431
f 9432 9431 9428
f 9433 9434 9435
f 9436 9437 9438
f 9439 9438 9434
f 9429 9435 9430
f 9427 7891 7890
f 9429 9431 9432
f 9427 9432 9428
f 9433 9440 9434
f 9435 9429 9433
f 9439 9434 9440
f 9436 9438 9439
f 9436 9441 9442
f 9436 9442 9437
f 9443 9444 9445
f 9446 9447 9448
f 9449 9448 9444
f 9450 9451 9452
f 7885 7877 9453
f 9454 9453 9451
f 9455 9452 9447
f 9445 9441 9456
f 9444 9443 9449
f 9443 9445 9456
f 9447 9446 9455
f 9451 9450 9454
f 9453 9454 7885
f 9450 9452 9455
f 9446 9448 9449
f 9442 9441 9445
f 7856 9457 7857
f 9458 9459 9460
f 9461 9460 9457
f 9462 9463 9464
f 9465 9466 9467
f 9468 9467 9463
f 9458 9464 9459
f 9461 9457 7856
f 9458 9460 9469
f 9461 9469 9460
f 9462 9470 9463
f 9464 9458 9462
f 9468 9463 9470
f 9465 9467 9468
f 9465 9471 9472
f 9465 9472 9466
f 9473 9474 9475
f 9476 9477 9478
f 9479 9478 9474
f 9480 9481 9482
f 7852 7843 9483
f 9484 9483 9481
f 9485 9482 9477
f 9475 9471 9486
f 9474 9473 9479
f 9473 9475 9486
f 9477 9476 9485
f 9481 9480 9484
f 9483 9484 7852
f 9480 9482 9485
f 9476 9478 9479
f 9472 9471 9475
