v -0.0026000013350753327 0.028617731467526133 0.004836070222985787
v -0.006460001520770794 0.028617731467526133 0.004836070222985787
v -0.006460001520770794 0.02897459750484361 0.005074520460728018
v -0.0026000013350753327 0.02897459750484361 0.005074520460728018
v -0.006460001520770794 0.029395549709465115 0.005158252877222275
v -0.0026000013350753327 0.029395549709465115 0.005158252877222275
v -0.0026000013350753327 0.028379283092429 0.004479205116990857
v -0.006460001520770794 0.028379283092429 0.004479205116990857
v -0.0026000013350753327 0.02897459750484361 0.003041985596841328
v -0.0026000013350753327 0.029395549709465115 0.0029582531803470703
v -0.006460001520770794 0.029395549709465115 0.0029582531803470703
v -0.0026000013350753327 0.02829554974461219 0.004058253378030629
v -0.006460001520770794 0.028379283092429 0.0036373014062397635
v -0.006460001520770794 0.02829554974461219 0.004058253378030629
v -0.006460001520770794 0.02897459750484361 0.003041985596841328
v -0.006460001520770794 0.028617731467526133 0.003280435368922284
v -0.0026000013350753327 0.028617731467526133 0.003280435368922284
v -0.0026000013350753327 0.028379283092429 0.0036373014062397635
v -0.0026000013350753327 0.020617732231135368 0.004836070222985787
v -0.006460001520770794 0.020617732231135368 0.004836070222985787
v -0.006460001520770794 0.020974598268452847 0.005074520460728018
v -0.0026000013350753327 0.020974598268452847 0.005074520460728018
v -0.006460001520770794 0.02139554861042925 0.005158252877222275
v -0.0026000013350753327 0.02139554861042925 0.005158252877222275
v -0.0026000013350753327 0.02037928385603824 0.004479205116990857
v -0.006460001520770794 0.02037928385603824 0.004479205116990857
v -0.0026000013350753327 0.020974598268452847 0.003041985596841328
v -0.0026000013350753327 0.02139554861042925 0.0029582531803470703
v -0.006460001520770794 0.02139554861042925 0.0029582531803470703
v -0.0026000013350753327 0.02029555050822143 0.004058253378030629
v -0.006460001520770794 0.02037928385603824 0.0036373014062397635
v -0.006460001520770794 0.02029555050822143 0.004058253378030629
v -0.006460001520770794 0.020974598268452847 0.003041985596841328
v -0.006460001520770794 0.020617732231135368 0.003280435368922284
v -0.0026000013350753327 0.020617732231135368 0.003280435368922284
v -0.0026000013350753327 0.02037928385603824 0.0036373014062397635
v -0.0026000013350753327 0.03661773256656199 0.004836070222985787
v -0.006460001520770794 0.03661773256656199 0.004836070222985787
v -0.006460001520770794 0.03697459674123437 0.005074520460728018
v -0.0026000013350753327 0.03697459674123437 0.005074520460728018
v -0.006460001520770794 0.03739554708321078 0.005158252877222275
v -0.0026000013350753327 0.03739554708321078 0.005158252877222275
v -0.0026000013350753327 0.03637928419146486 0.004479205116990857
v -0.006460001520770794 0.03637928419146486 0.004479205116990857
v -0.0026000013350753327 0.03697459674123437 0.003041985596841328
v -0.0026000013350753327 0.03739554708321078 0.0029582531803470703
v -0.006460001520770794 0.03739554708321078 0.0029582531803470703
v -0.0026000013350753327 0.03637928419146486 0.0036373014062397635
v -0.006460001520770794 0.03637928419146486 0.0036373014062397635
v -0.006460001520770794 0.03629555084364806 0.004058253378030629
v -0.0026000013350753327 0.03661773256656199 0.003280435368922284
v -0.006460001520770794 0.03697459674123437 0.003041985596841328
v -0.006460001520770794 0.03661773256656199 0.003280435368922284
v -0.0026000013350753327 0.03629555084364806 0.004058253378030629
v -0.004200001135787358 0.04621773090517287 0.0016360706215617364
v -0.006480001206868716 0.04621773090517287 0.0016360706215617364
v -0.006480001206868716 0.046574598805135446 0.0018745206264733298
v -0.004200001135787358 0.046574598805135446 0.0018745206264733298
v -0.006480001206868716 0.046995549147111855 0.0019582530429675875
v -0.004200001135787358 0.046995549147111855 0.0019582530429675875
v -0.004200001135787358 0.04597928253007574 0.001279204933490213
v -0.006480001206868716 0.04597928253007574 0.001279204933490213
v -0.004200001135787358 0.046574598805135446 -0.00015801435382867878
v -0.004200001135787358 0.046995549147111855 -0.0002417468721863403
v -0.006480001206868716 0.046995549147111855 -0.0002417468721863403
v -0.004200001135787358 0.04597928253007574 0.00043730136825826765
v -0.006480001206868716 0.04597928253007574 0.00043730136825826765
v -0.006480001206868716 0.04589554918225893 0.0008582530781146661
v -0.006480001206868716 0.046574598805135446 -0.00015801435382867878
v -0.006480001206868716 0.04621773090517287 8.043567291078695e-05
v -0.004200001135787358 0.04621773090517287 8.043567291078695e-05
v -0.004200001135787358 0.04589554918225893 0.0008582530781146661
v -0.004200001135787358 0.004617732827031292 0.0016360706215617364
v -0.006480001206868716 0.004617732827031292 0.0016360706215617364
v -0.006480001206868716 0.004974598864348771 0.0018745206264733298
v -0.004200001135787358 0.004974598864348771 0.0018745206264733298
v -0.006480001206868716 0.005395550603308999 0.0019582530429675875
v -0.004200001135787358 0.005395550603308999 0.0019582530429675875
v -0.004200001135787358 0.004379283054950335 0.001279204933490213
v -0.006480001206868716 0.004379283054950335 0.001279204933490213
v -0.004200001135787358 0.004974598864348771 -0.00015801435382867878
v -0.004200001135787358 0.005395550603308999 -0.0002417468721863403
v -0.006480001206868716 0.005395550603308999 -0.0002417468721863403
v -0.004200001135787358 0.004379283054950335 0.00043730136825826765
v -0.006480001206868716 0.004379283054950335 0.00043730136825826765
v -0.006480001206868716 0.004295550638456078 0.0008582530781146661
v -0.006480001206868716 0.004974598864348771 -0.00015801435382867878
v -0.006480001206868716 0.004617732827031292 8.043567291078695e-05
v -0.004200001135787358 0.004617732827031292 8.043567291078695e-05
v -0.004200001135787358 0.004295550638456078 0.0008582530781146661
v 0.006459998261141868 0.028617731467526133 0.004836070222985787
v 0.002599998541107683 0.028617731467526133 0.004836070222985787
v 0.002599998541107683 0.02897459750484361 0.005074520460728018
v 0.006459998261141868 0.02897459750484361 0.005074520460728018
v 0.002599998541107683 0.029395549709465115 0.005158252877222275
v 0.006459998261141868 0.029395549709465115 0.005158252877222275
v 0.002599998541107683 0.028379283092429 0.004479205116990857
v 0.006459998261141868 0.028379283092429 0.004479205116990857
v 0.006459998261141868 0.02897459750484361 0.003041985596841328
v 0.006459998261141868 0.029395549709465115 0.0029582531803470703
v 0.002599998541107683 0.029395549709465115 0.0029582531803470703
v 0.006459998261141868 0.02829554974461219 0.004058253378030629
v 0.002599998541107683 0.028379283092429 0.0036373014062397635
v 0.002599998541107683 0.02829554974461219 0.004058253378030629
v 0.002599998541107683 0.02897459750484361 0.003041985596841328
v 0.002599998541107683 0.028617731467526133 0.003280435368922284
v 0.006459998261141868 0.028379283092429 0.0036373014062397635
v 0.006459998261141868 0.028617731467526133 0.003280435368922284
v 0.006459998261141868 0.020617732231135368 0.004836070222985787
v 0.002599998541107683 0.020617732231135368 0.004836070222985787
v 0.002599998541107683 0.020974598268452847 0.005074520460728018
v 0.006459998261141868 0.020974598268452847 0.005074520460728018
v 0.002599998541107683 0.02139554861042925 0.005158252877222275
v 0.006459998261141868 0.02139554861042925 0.005158252877222275
v 0.002599998541107683 0.02037928385603824 0.004479205116990857
v 0.006459998261141868 0.02037928385603824 0.004479205116990857
v 0.006459998261141868 0.020974598268452847 0.003041985596841328
v 0.006459998261141868 0.02139554861042925 0.0029582531803470703
v 0.002599998541107683 0.02139554861042925 0.0029582531803470703
v 0.006459998261141868 0.02029555050822143 0.004058253378030629
v 0.002599998541107683 0.02037928385603824 0.0036373014062397635
v 0.002599998541107683 0.02029555050822143 0.004058253378030629
v 0.002599998541107683 0.020974598268452847 0.003041985596841328
v 0.002599998541107683 0.020617732231135368 0.003280435368922284
v 0.006459998261141868 0.02037928385603824 0.0036373014062397635
v 0.006459998261141868 0.020617732231135368 0.003280435368922284
v 0.006459998261141868 0.03697459674123437 0.005074520460728018
v 0.002599998541107683 0.03661773256656199 0.004836070222985787
v 0.002599998541107683 0.03697459674123437 0.005074520460728018
v 0.006459998261141868 0.03739554708321078 0.005158252877222275
v 0.002599998541107683 0.03739554708321078 0.005158252877222275
v 0.006459998261141868 0.03661773256656199 0.004836070222985787
v 0.006459998261141868 0.03637928419146486 0.004479205116990857
v 0.002599998541107683 0.03637928419146486 0.004479205116990857
v 0.006459998261141868 0.03697459674123437 0.003041985596841328
v 0.006459998261141868 0.03739554708321078 0.0029582531803470703
v 0.002599998541107683 0.03739554708321078 0.0029582531803470703
v 0.006459998261141868 0.03637928419146486 0.0036373014062397635
v 0.002599998541107683 0.03637928419146486 0.0036373014062397635
v 0.002599998541107683 0.03629555084364806 0.004058253378030629
v 0.002599998541107683 0.03697459674123437 0.003041985596841328
v 0.002599998541107683 0.03661773256656199 0.003280435368922284
v 0.006459998261141868 0.03661773256656199 0.003280435368922284
v 0.006459998261141868 0.03629555084364806 0.004058253378030629
v 0.0064799984129010665 0.04621773090517287 0.0016360706215617364
v 0.004199998807480983 0.04621773090517287 0.0016360706215617364
v 0.004199998807480983 0.046574598805135446 0.0018745206264733298
v 0.0064799984129010665 0.046574598805135446 0.0018745206264733298
v 0.004199998807480983 0.046995549147111855 0.0019582530429675875
v 0.0064799984129010665 0.046995549147111855 0.0019582530429675875
v 0.0064799984129010665 0.04597928253007574 0.001279204933490213
v 0.004199998807480983 0.04597928253007574 0.001279204933490213
v 0.0064799984129010665 0.046574598805135446 -0.00015801435382867878
v 0.0064799984129010665 0.046995549147111855 -0.0002417468721863403
v 0.004199998807480983 0.046995549147111855 -0.0002417468721863403
v 0.0064799984129010665 0.04597928253007574 0.00043730136825826765
v 0.004199998807480983 0.04597928253007574 0.00043730136825826765
v 0.004199998807480983 0.04589554918225893 0.0008582530781146661
v 0.004199998807480983 0.046574598805135446 -0.00015801435382867878
v 0.004199998807480983 0.04621773090517287 8.043567291078695e-05
v 0.0064799984129010665 0.04621773090517287 8.043567291078695e-05
v 0.0064799984129010665 0.04589554918225893 0.0008582530781146661
v 0.0064799984129010665 0.004617732827031292 0.0016360706215617364
v 0.004199998807480983 0.004617732827031292 0.0016360706215617364
v 0.004199998807480983 0.004974598864348771 0.0018745206264733298
v 0.0064799984129010665 0.004974598864348771 0.0018745206264733298
v 0.004199998807480983 0.005395550603308999 0.0019582530429675875
v 0.0064799984129010665 0.005395550603308999 0.0019582530429675875
v 0.0064799984129010665 0.004379283054950335 0.001279204933490213
v 0.004199998807480983 0.004379283054950335 0.001279204933490213
v 0.0064799984129010665 0.004974598864348771 -0.00015801435382867878
v 0.0064799984129010665 0.005395550603308999 -0.0002417468721863403
v 0.004199998807480983 0.005395550603308999 -0.0002417468721863403
v 0.0064799984129010665 0.004379283054950335 0.00043730136825826765
v 0.004199998807480983 0.004379283054950335 0.00043730136825826765
v 0.004199998807480983 0.004295550638456078 0.0008582530781146661
v 0.004199998807480983 0.004974598864348771 -0.00015801435382867878
v 0.004199998807480983 0.004617732827031292 8.043567291078695e-05
v 0.0064799984129010665 0.004617732827031292 8.043567291078695e-05
v 0.0064799984129010665 0.004295550638456078 0.0008582530781146661
v 0.006459998261141868 0.03637928419146486 0.004479205116990857
v 0.006459998261141868 0.03661773256656199 0.004836070222985787
v 0.0064799984129010665 0.036603591364964244 0.004850212355906085
v 0.006459998261141868 0.03697459674123437 0.005074520460728018
v 0.0064799984129010665 0.03696694499516436 0.005092997900118122
v 0.006459998261141868 0.03739554708321078 0.005158252877222275
v 0.0064799984129010665 0.03739554708321078 0.005178253028981473
v 0.0064799984129010665 0.03636080302678456 0.004486858260044697
v 0.0064799984129010665 0.03696694499516436 0.0030235079246205866
v 0.0064799984129010665 0.03739554708321078 0.002938253028587873
v 0.006459998261141868 0.03739554708321078 0.0029582531803470703
v 0.0064799984129010665 0.03627554976056631 0.004058253378030629
v 0.006459998261141868 0.03637928419146486 0.0036373014062397635
v 0.006459998261141868 0.03629555084364806 0.004058253378030629
v 0.0064799984129010665 0.036603591364964244 0.003266293468832623
v 0.006459998261141868 0.03661773256656199 0.003280435368922284
v 0.006459998261141868 0.03697459674123437 0.003041985596841328
v 0.0064799984129010665 0.03636080302678456 0.0036296475646940113
v 0.0064799984129010665 0.02139554861042925 0.005178253028981473
v 0.006459998261141868 0.020974598268452847 0.005074520460728018
v 0.006459998261141868 0.02139554861042925 0.005158252877222275
v 0.006459998261141868 0.020617732231135368 0.004836070222985787
v 0.0064799984129010665 0.020966944659737734 0.005092997900118122
v 0.0064799984129010665 0.02060359102953762 0.004850212355906085
v 0.0064799984129010665 0.020360804554003034 0.004486858260044697
v 0.006459998261141868 0.02037928385603824 0.004479205116990857
v 0.006459998261141868 0.020974598268452847 0.003041985596841328
v 0.0064799984129010665 0.02139554861042925 0.002938253028587873
v 0.006459998261141868 0.02139554861042925 0.0029582531803470703
v 0.0064799984129010665 0.02060359102953762 0.003266293468832623
v 0.006459998261141868 0.020617732231135368 0.003280435368922284
v 0.006459998261141868 0.02037928385603824 0.0036373014062397635
v 0.0064799984129010665 0.020966944659737734 0.0030235079246205866
v 0.0064799984129010665 0.02027554942513968 0.004058253378030629
v 0.006459998261141868 0.02029555050822143 0.004058253378030629
v 0.0064799984129010665 0.020360804554003034 0.0036296475646940113
v 0.0064799984129010665 0.029395549709465115 0.005178253028981473
v 0.006459998261141868 0.02897459750484361 0.005074520460728018
v 0.006459998261141868 0.029395549709465115 0.005158252877222275
v 0.006459998261141868 0.028617731467526133 0.004836070222985787
v 0.0064799984129010665 0.028966945758773597 0.005092997900118122
v 0.0064799984129010665 0.02860359026592838 0.004850212355906085
v 0.0064799984129010665 0.028360805653038897 0.004486858260044697
v 0.006459998261141868 0.028379283092429 0.004479205116990857
v 0.006459998261141868 0.02897459750484361 0.003041985596841328
v 0.0064799984129010665 0.029395549709465115 0.002938253028587873
v 0.006459998261141868 0.029395549709465115 0.0029582531803470703
v 0.0064799984129010665 0.02860359026592838 0.003266293468832623
v 0.006459998261141868 0.028617731467526133 0.003280435368922284
v 0.006459998261141868 0.028379283092429 0.0036373014062397635
v 0.0064799984129010665 0.028966945758773597 0.0030235079246205866
v 0.0064799984129010665 0.028275550524175543 0.004058253378030629
v 0.006459998261141868 0.02829554974461219 0.004058253378030629
v 0.0064799984129010665 0.028360805653038897 0.0036296475646940113
v 0.0007925299368062072 0.010615732239148445 0.008316522243491484
v -1.3443237277498707e-09 0.010675550155206256 0.00833955757544082
v 0.0006056701370929542 0.010640697271421182 0.0034982530868939324
v 0.0022932593102243473 0.010151531277954479 0.0080873554289267
v 0.0015661483214987363 0.01043792786321089 0.008239692789737118
v 0.001785134267193921 0.010364623465307912 0.0034982530868939324
v 0.0012033454521715725 0.010536596830760515 0.0034982530868939324
v 0.0023433553830143443 0.010127049602085141 0.0034982530868939324
v 0.002948079878473189 0.009775872082902478 0.007824074269358917
v -1.3443237277498707e-09 0.010675550155206256 0.0034982530868939324
v 0.002870639477126086 0.009827009141472632 0.0034982530868939324
v 0.003235008016074958 0.009568377144073971 0.007639744581975458
v 0.003360025029883929 0.009468463929597673 0.0034982530868939324
v 0.0034903394063567567 0.009357359012039174 0.007414449740911901
v 0.003707929881626228 0.00915452347992784 0.00714895994991702
v 0.004024605625625131 0.008813289691610505 0.00650218251603979
v 0.003885640659647517 0.008970489487453975 0.00684496462809634
v 0.0038050514567591867 0.009056146947658885 0.0034982530868939324
v 0.004121994024668638 0.008695179365831626 0.006134235603023548
v 0.004199807886358253 0.00859555020473305 0.005341959044158575
v 0.004180297610260305 0.008621134566501475 0.00574451250614544
v 0.004199998807480983 0.00859555020473305 0.0042982528708346264
v 0.004199903346919618 0.00859555020473305 0.0034982530868939324
v -0.006460001520770794 0.03637928419146486 0.0036373014062397635
v -0.006460001520770794 0.03661773256656199 0.003280435368922284
v -0.006480001206868716 0.036603591364964244 0.003266293468832623
v -0.006460001520770794 0.03697459674123437 0.003041985596841328
v -0.006480001206868716 0.03696694499516436 0.0030235079246205866
v -0.006460001520770794 0.03739554708321078 0.0029582531803470703
v -0.006480001206868716 0.03739554708321078 0.002938253028587873
v -0.006480001206868716 0.03636080302678456 0.0036296475646940113
v -0.006480001206868716 0.03696694499516436 0.005092997900118122
v -0.006480001206868716 0.03739554708321078 0.005178253028981473
v -0.006460001520770794 0.03739554708321078 0.005158252877222275
v -0.006480001206868716 0.03627554976056631 0.004058253378030629
v -0.006460001520770794 0.03637928419146486 0.004479205116990857
v -0.006460001520770794 0.03629555084364806 0.004058253378030629
v -0.006480001206868716 0.036603591364964244 0.004850212355906085
v -0.006460001520770794 0.03661773256656199 0.004836070222985787
v -0.006460001520770794 0.03697459674123437 0.005074520460728018
v -0.006480001206868716 0.03636080302678456 0.004486858260044697
v -0.006480001206868716 0.02139554861042925 0.002938253028587873
v -0.006460001520770794 0.020974598268452847 0.003041985596841328
v -0.006460001520770794 0.02139554861042925 0.0029582531803470703
v -0.006460001520770794 0.020617732231135368 0.003280435368922284
v -0.006480001206868716 0.020966944659737734 0.0030235079246205866
v -0.006480001206868716 0.02060359102953762 0.003266293468832623
v -0.006480001206868716 0.020360804554003034 0.0036296475646940113
v -0.006460001520770794 0.02037928385603824 0.0036373014062397635
v -0.006480001206868716 0.020966944659737734 0.005092997900118122
v -0.006480001206868716 0.02139554861042925 0.005178253028981473
v -0.006460001520770794 0.02139554861042925 0.005158252877222275
v -0.006460001520770794 0.02037928385603824 0.004479205116990857
v -0.006460001520770794 0.02029555050822143 0.004058253378030629
v -0.006480001206868716 0.02027554942513968 0.004058253378030629
v -0.006480001206868716 0.020360804554003034 0.004486858260044697
v -0.006460001520770794 0.020617732231135368 0.004836070222985787
v -0.006480001206868716 0.02060359102953762 0.004850212355906085
v -0.006460001520770794 0.020974598268452847 0.005074520460728018
v -0.006480001206868716 0.029395549709465115 0.002938253028587873
v -0.006460001520770794 0.02897459750484361 0.003041985596841328
v -0.006460001520770794 0.029395549709465115 0.0029582531803470703
v -0.006460001520770794 0.028617731467526133 0.003280435368922284
v -0.006480001206868716 0.028966945758773597 0.0030235079246205866
v -0.006480001206868716 0.02860359026592838 0.003266293468832623
v -0.006480001206868716 0.028360805653038897 0.0036296475646940113
v -0.006460001520770794 0.028379283092429 0.0036373014062397635
v -0.006480001206868716 0.028966945758773597 0.005092997900118122
v -0.006480001206868716 0.029395549709465115 0.005178253028981473
v -0.006460001520770794 0.029395549709465115 0.005158252877222275
v -0.006460001520770794 0.028379283092429 0.004479205116990857
v -0.006460001520770794 0.02829554974461219 0.004058253378030629
v -0.006480001206868716 0.028275550524175543 0.004058253378030629
v -0.006480001206868716 0.028360805653038897 0.004486858260044697
v -0.006460001520770794 0.028617731467526133 0.004836070222985787
v -0.006480001206868716 0.02860359026592838 0.004850212355906085
v -0.006460001520770794 0.02897459750484361 0.005074520460728018
v -0.006480001206868716 0.049185922926941884 -0.0005817468472999435
v -0.00644005445439694 0.01927981660768386 -0.000621693716187038
v -0.006480001206868716 0.018999998884919975 -0.0005817468472999435
v -0.005990707156551401 0.04881224651759863 -0.0010710406065789619
v -0.006120479503300184 0.019767976772796667 -0.0009412684344531567
v -0.006316661201453727 0.01954772085238937 -0.000745086852714932
v -0.005780161670710681 0.04857395832998008 -0.0012815864416656374
v -0.005880001310705536 0.019916515268926026 -0.0011817468016707827
v -0.0056395226524496135 0.020065053765055383 -0.0014222252270960681
v -0.00544334095429607 0.02028530596017248 -0.0016184068088342927
v -0.005460059125389404 0.048019527114861175 -0.0016016891034022333
v -0.005280000948881081 0.020833029790286974 -0.0017817468142492813
v -0.005319948167014132 0.02055321206752309 -0.0017418000617775054
v -0.005280000948881081 0.04710746431528877 -0.0017817468142492813
v -0.0056015405248968616 0.048307462244970026 -0.0014602078203100953
v -0.005299317044227375 0.047411343687451986 -0.0017624307189029885
v -0.005358968719210028 0.04771804310429631 -0.0017027795095816097
v 0.0064799984129010665 0.018999998884919975 -0.0005817468472999435
v 0.006440051660429291 0.01927981660768386 -0.000621693716187038
v 0.0064799984129010665 0.049185922926941884 -0.0005817468472999435
v 0.006316658407486078 0.01954772085238937 -0.000745086852714932
v 0.006120477174993809 0.019767976772796667 -0.0009412684344531567
v 0.005990704828245026 0.04881224651759863 -0.0010710406065789619
v 0.005879998516737887 0.019916515268926026 -0.0011817468016707827
v 0.005780158876743032 0.04857395832998008 -0.0012815864416656374
v 0.005639519858481963 0.020065053765055383 -0.0014222252270960681
v 0.005460056331421755 0.048019527114861175 -0.0016016891034022333
v 0.0054433381603284205 0.02028530596017248 -0.0016184068088342927
v 0.005319945373046483 0.02055321206752309 -0.0017418000617775054
v 0.005279998620574707 0.020833029790286974 -0.0017817468142492813
v 0.005279998620574707 0.04710746431528877 -0.0017817468142492813
v 0.0056015377309292114 0.048307462244970026 -0.0014602078203100953
v 0.005358965925242379 0.04771804310429631 -0.0017027795095816097
v 0.005299314715921 0.047411343687451986 -0.0017624307189029885
v -0.005280000948881081 0.005395550603308999 -0.0017817468142492813
v -0.005280000948881081 0.009166968743162212 -0.0017817468142492813
v -0.004200001135787358 0.009166968743162212 -0.0017817468142492813
v -0.004200001135787358 0.005395550603308999 -0.0017817468142492813
v 0.004199998807480983 0.005395550603308999 -0.0017817468142492813
v 0.004199998807480983 0.009166968743162212 -0.0017817468142492813
v 0.005279998620574707 0.009166968743162212 -0.0017817468142492813
v 0.005279998620574707 0.005395550603308999 -0.0017817468142492813
v 0.0064799984129010665 0.015571102086809339 0.007346436186414931
v 0.0064799984129010665 0.02139554861042925 0.005178253028981473
v 0.0064799984129010665 0.01893857257481848 0.00764079138852155
v 0.0064799984129010665 0.012208717551245227 0.006998737622617436
v 0.0064799984129010665 0.020966944659737734 0.005092997900118122
v 0.0064799984129010665 0.008660387018012297 0.005982855641794432
v 0.0064799984129010665 0.00859555020473305 0.005341959044158575
v 0.0064799984129010665 0.008852269265614205 0.006597781844464931
v 0.0064799984129010665 0.02060359102953762 0.004850212355906085
v 0.0064799984129010665 0.00859555020473305 0.0042982528708346264
v 0.0064799984129010665 0.020360804554003034 0.004486858260044697
v 0.0064799984129010665 0.029395549709465115 0.005178253028981473
v 0.0064799984129010665 0.025685400951863738 0.008069186257300614
v 0.0064799984129010665 0.02231028989365518 0.00788172779181075
v 0.0064799984129010665 0.028966945758773597 0.005092997900118122
v 0.0064799984129010665 0.021824154423765868 0.005092997900118122
v 0.0064799984129010665 0.022187508053965983 0.004850212355906085
v 0.0064799984129010665 0.02860359026592838 0.004850212355906085
v 0.0064799984129010665 0.008534654748484999 0.003992106193923667
v 0.0064799984129010665 0.008361235039112394 0.0037325677868533125
v 0.0064799984129010665 0.020360804554003034 0.0036296475646940113
v 0.0064799984129010665 0.02027554942513968 0.004058253378030629
v 0.0064799984129010665 0.0077955506536229935 0.0034982530868939324
v 0.0064799984129010665 0.005395550603308999 0.0034982530868939324
v 0.0064799984129010665 0.00404518506001037 0.003126757834962554
v 0.0064799984129010665 0.02060359102953762 0.003266293468832623
v 0.0064799984129010665 0.008101696864872677 0.0035591494744645334
v 0.0064799984129010665 0.020966944659737734 0.0030235079246205866
v 0.0064799984129010665 0.028360805653038897 0.004486858260044697
v 0.0064799984129010665 0.02243029452950057 0.004486858260044697
v 0.0064799984129010665 0.028360805653038897 0.0036296475646940113
v 0.0064799984129010665 0.022515549658363918 0.004058253378030629
v 0.0064799984129010665 0.02243029452950057 0.0036296475646940113
v 0.0064799984129010665 0.028275550524175543 0.004058253378030629
v 0.0064799984129010665 0.004695283124439283 0.003403685431023449
v 0.0064799984129010665 0.02860359026592838 0.003266293468832623
v 0.0064799984129010665 0.022187508053965983 0.003266293468832623
v 0.0064799984129010665 0.03244241613495985 0.008283491026614022
v 0.0064799984129010665 0.029063060108568833 0.008203117890557271
v 0.0064799984129010665 0.03739554708321078 0.005178253028981473
v 0.0064799984129010665 0.02982415552280173 0.005092997900118122
v 0.0064799984129010665 0.036603591364964244 0.004850212355906085
v 0.0064799984129010665 0.030187509153001845 0.004850212355906085
v 0.0064799984129010665 0.035822625252806585 0.008310284245052224
v 0.0064799984129010665 0.0461687172620165 0.008310284245052224
v 0.0064799984129010665 0.03782415662183759 0.005092997900118122
v 0.0064799984129010665 0.03696694499516436 0.005092997900118122
v 0.0064799984129010665 0.03818751025203771 0.004850212355906085
v 0.0064799984129010665 0.046995549147111855 0.0019582530429675875
v 0.0064799984129010665 0.03043029562853643 0.004486858260044697
v 0.0064799984129010665 0.03043029562853643 0.0036296475646940113
v 0.0064799984129010665 0.030187509153001845 0.003266293468832623
v 0.0064799984129010665 0.03636080302678456 0.0036296475646940113
v 0.0064799984129010665 0.030515548894754684 0.004058253378030629
v 0.0064799984129010665 0.03636080302678456 0.004486858260044697
v 0.0064799984129010665 0.03627554976056631 0.004058253378030629
v 0.0064799984129010665 0.038430294864927196 0.004486858260044697
v 0.0064799984129010665 0.03851555185643565 0.004058253378030629
v 0.0064799984129010665 0.036603591364964244 0.003266293468832623
v 0.0064799984129010665 0.038430294864927196 0.0036296475646940113
v 0.0064799984129010665 0.021824154423765868 0.0030235079246205866
v 0.0064799984129010665 0.005395550603308999 0.0019582530429675875
v 0.0064799984129010665 0.0034918297552672412 0.0026873093316693115
v 0.0064799984129010665 0.0030748610500223165 0.002116823512773878
v 0.0064799984129010665 0.0028241513478944186 0.001456171351963491
v 0.0064799984129010665 0.004379283054950335 0.001279204933490213
v 0.0064799984129010665 0.004617732827031292 0.0016360706215617364
v 0.0064799984129010665 0.002757662135581004 0.000752682777639612
v 0.0064799984129010665 0.004974598864348771 0.0018745206264733298
v 0.0064799984129010665 0.02139554861042925 0.002938253028587873
v 0.0064799984129010665 0.006173367913925432 0.0016360706215617364
v 0.0064799984129010665 0.029395549709465115 0.002938253028587873
v 0.0064799984129010665 0.005816502342269227 0.0018745206264733298
v 0.0064799984129010665 0.006411817686006388 0.001279204933490213
v 0.0064799984129010665 0.018999998884919975 -0.0005817468472999435
v 0.0064799984129010665 0.028966945758773597 0.0030235079246205866
v 0.0064799984129010665 0.004295550638456078 0.0008582530781146661
v 0.0064799984129010665 0.004379283054950335 0.00043730136825826765
v 0.0064799984129010665 0.0028801568950941967 5.675754650308118e-05
v 0.0064799984129010665 0.0031828597740462465 -0.0005817468472999435
v 0.0064799984129010665 0.004974598864348771 -0.00015801435382867878
v 0.0064799984129010665 0.004617732827031292 8.043567291078695e-05
v 0.0064799984129010665 0.005395550603308999 -0.0002417468721863403
v 0.0064799984129010665 0.006411817686006388 0.00043730136825826765
v 0.0064799984129010665 0.006173367913925432 8.043567291078695e-05
v 0.0064799984129010665 0.010999999648529211 -0.0005817468472999435
v 0.0064799984129010665 0.00649555056816192 0.0008582530781146661
v 0.0064799984129010665 0.005816502342269227 -0.00015801435382867878
v 0.0064799984129010665 0.02982415552280173 0.0030235079246205866
v 0.0064799984129010665 0.03696694499516436 0.0030235079246205866
v 0.0064799984129010665 0.03739554708321078 0.002938253028587873
v 0.0064799984129010665 0.03782415662183759 0.0030235079246205866
v 0.0064799984129010665 0.046574598805135446 0.0018745206264733298
v 0.0064799984129010665 0.04597928253007574 0.001279204933490213
v 0.0064799984129010665 0.04621773090517287 0.0016360706215617364
v 0.0064799984129010665 0.03818751025203771 0.003266293468832623
v 0.0064799984129010665 0.04928260165820236 0.0016325369509767615
v 0.0064799984129010665 0.04777336738905084 0.0016360706215617364
v 0.0064799984129010665 0.04741650321437846 0.0018745206264733298
v 0.0064799984129010665 0.048011815764147966 0.001279204933490213
v 0.0064799984129010665 0.04589554918225893 0.0008582530781146661
v 0.0064799984129010665 0.04597928253007574 0.00043730136825826765
v 0.0064799984129010665 0.04621773090517287 8.043567291078695e-05
v 0.0064799984129010665 0.04741650321437846 -0.00015801435382867878
v 0.0064799984129010665 0.046995549147111855 -0.0002417468721863403
v 0.0064799984129010665 0.049185922926941884 -0.0005817468472999435
v 0.0064799984129010665 0.046574598805135446 -0.00015801435382867878
v 0.0064799984129010665 0.04809554911196477 0.0008582530781146661
v 0.0064799984129010665 0.04946134853256042 0.0010864698272632285
v 0.0064799984129010665 0.049505180297049124 0.0005135665860665399
v 0.0064799984129010665 0.048011815764147966 0.00043730136825826765
v 0.0064799984129010665 0.04777336738905084 8.043567291078695e-05
v 0.0064799984129010665 0.049411582380783726 -5.333650046302794e-05
v 0.0064799984129010665 0.0077955506536229935 0.0034982530868939324
v 0.004199998807480983 0.0077955506536229935 0.0034982530868939324
v 0.0064799984129010665 0.005395550603308999 0.0034982530868939324
v 0.004199998807480983 0.005395550603308999 0.0034982530868939324
v 0.0058846453506006344 0.009222705603806343 0.007244712015240344
v 0.0064799984129010665 0.008852269265614205 0.006597781844464931
v 0.00561714762818816 0.009475156413441287 0.0075457610981744016
v 0.005377924392729508 0.009775539600752163 0.007823803254496895
v 0.0064799984129010665 0.012208717551245227 0.006998737622617436
v 0.004879998379358404 0.011432252520971256 0.008521269780797773
v 0.0064799984129010665 0.015571102086809339 0.007346436186414931
v 0.005172998507154912 0.010127890586347705 0.008073059627785668
v 0.005015333050036491 0.010526425857193008 0.008279530111809279
v 0.004914605393990302 0.010966454341604204 0.008432687036463613
v 0.004879998379358404 0.017512559426081313 0.009128594528815951
v 0.0064799984129010665 0.01893857257481848 0.00764079138852155
v 0.0064799984129010665 0.02231028989365518 0.00788172779181075
v 0.0064799984129010665 0.025685400951863738 0.008069186257300614
v 0.0064799984129010665 0.029063060108568833 0.008203117890557271
v 0.004879998379358404 0.02971267993886837 0.009823383502785854
v 0.0064799984129010665 0.03244241613495985 0.008283491026614022
v 0.004879998379358404 0.02360767808502505 0.0095627491619049
v 0.004879998379358404 0.035822625252806585 0.009910283347272337
v 0.0064799984129010665 0.035822625252806585 0.008310284245052224
v 0.005708096397460351 0.04570725066382905 0.009082186726154214
v 0.005464178830688907 0.04546298711073032 0.009326103827264383
v 0.0064799984129010665 0.035822625252806585 0.008310284245052224
v 0.004879998379358404 0.035822625252806585 0.009910283347272337
v 0.005978572489387421 0.04591016349571203 0.008811710168565868
v 0.0064799984129010665 0.0461687172620165 0.008310284245052224
v 0.00626571459834503 0.04606879752828235 0.008524568525269534
v 0.0052558592057424585 0.045183176838546835 0.009534423917872107
v 0.004879998379358404 0.04389365646007856 0.009910283347272337
v 0.004902418572763528 0.044220938105275776 0.009887863619528488
v 0.004972009321998762 0.04455182583138622 0.009818273335954529
v 0.005090303118319973 0.044876119793843344 0.009699979539633316
v 0.0064799984129010665 0.04928260165820236 0.0016325369509767615
v 0.004199998807480983 0.04928260165820236 0.0016325369509767615
v 0.0064799984129010665 0.0461687172620165 0.008310284245052224
v 0.004199998807480983 0.0461687172620165 0.008310284245052224
v -0.004200001135787358 0.04928260165820236 0.0016325369509767615
v -0.006480001206868716 0.04928260165820236 0.0016325369509767615
v -0.004200001135787358 0.0461687172620165 0.008310284245052224
v -0.006480001206868716 0.0461687172620165 0.008310284245052224
v -0.00626571739231268 0.04606879752828235 0.008524568525269534
v 0.00626571459834503 0.04606879752828235 0.008524568525269534
v 0.005299314715921 0.047411343687451986 -0.0017624307189029885
v 0.005279998620574707 0.04710746431528877 -0.0017817468142492813
v 0.004199998807480983 0.04710746431528877 -0.0017817468142492813
v 0.004199998807480983 0.04770330213097643 -0.0017066065467698044
v 0.005460056331421755 0.048019527114861175 -0.0016016891034022333
v 0.004199998807480983 0.04826183489060511 -0.0014858910186841285
v 0.0056015377309292114 0.048307462244970026 -0.0014602078203100953
v 0.004199998807480983 0.04874808211920041 -0.0011334205909715605
v 0.005358965925242379 0.04771804310429631 -0.0017027795095816097
v 0.005780158876743032 0.04857395832998008 -0.0012815864416656374
v 0.005990704828245026 0.04881224651759863 -0.0010710406065789619
v 0.004199998807480983 0.04913160074525106 -0.0006712658618350543
v 0.004199998807480983 0.04938837754813031 -0.00012836559858906736
v 0.0064799984129010665 0.049185922926941884 -0.0005817468472999435
v 0.004199998807480983 0.04946631434439651 0.0010607655577165036
v 0.0064799984129010665 0.04946134853256042 0.0010864698272632285
v 0.004199998807480983 0.04950232672475621 0.0004612856014706377
v 0.0064799984129010665 0.049505180297049124 0.0005135665860665399
v 0.0064799984129010665 0.049411582380783726 -5.333650046302794e-05
v 0.006120477174993809 0.01023202362329762 -0.0009412684344531567
v 0.0064799984129010665 0.0031828597740462465 -0.0005817468472999435
v 0.005987068945010199 0.0035973895783636086 -0.0010746764898137886
v 0.005879998516737887 0.010083484195845711 -0.0011817468016707827
v 0.005776922065220839 0.003853855785172466 -0.0012848233696031491
v 0.005639519858481963 0.009934945699716355 -0.0014222252270960681
v 0.006440051660429291 0.010720181925765326 -0.000621693716187038
v 0.0064799984129010665 0.010999999648529211 -0.0005817468472999435
v 0.006316658407486078 0.010452276749737267 -0.000745086852714932
v 0.0055993086104060156 0.00413697993581915 -0.0014624363587566979
v 0.00545889078125055 0.004440275834404852 -0.0016028543043274824
v 0.00535856173125572 0.004756298721296273 -0.0017031834707376308
v 0.005279998620574707 0.005395550603308999 -0.0017817468142492813
v 0.005299257905245456 0.005077243182202663 -0.001762487296747895
v 0.0054433381603284205 0.009714691641954156 -0.0016184068088342927
v 0.005279998620574707 0.009166968743162212 -0.0017817468142492813
v 0.005319945373046483 0.009446787397248649 -0.0017418000617775054
v 0.005299257905245456 0.005077243182202663 -0.001762487296747895
v 0.00535856173125572 0.004756298721296273 -0.0017031834707376308
v 0.004199998807480983 0.004880512003744676 -0.001731019886847043
v 0.00545889078125055 0.004440275834404852 -0.0016028543043274824
v 0.004199998807480983 0.004385266336672197 -0.001580788828398553
v 0.005987068945010199 0.0035973895783636086 -0.0010746764898137886
v 0.0064799984129010665 0.0031828597740462465 -0.0005817468472999435
v 0.004199998807480983 0.003200470850634302 -0.0006084522303801562
v 0.0055993086104060156 0.00413697993581915 -0.0014624363587566979
v 0.005776922065220839 0.003853855785172466 -0.0012848233696031491
v 0.004199998807480983 0.0039288451783988584 -0.0013368266745600315
v 0.004199998807480983 0.0035287888249989235 -0.0010085088166107287
v 0.004199998807480983 0.005395550603308999 -0.0017817468142492813
v 0.005279998620574707 0.005395550603308999 -0.0017817468142492813
v 0.004199998807480983 0.0029565085803804616 -0.0001520311157625623
v 0.0064799984129010665 0.005395550603308999 0.0034982530868939324
v 0.004199998807480983 0.005395550603308999 0.0034982530868939324
v 0.004199998807480983 0.004880512003744676 0.003447526043076375
v 0.0064799984129010665 0.0028801568950941967 5.675754650308118e-05
v 0.004199998807480983 0.002806277405516653 0.0003432146822771506
v 0.0064799984129010665 0.0028241513478944186 0.001456171351963491
v 0.004199998807480983 0.0027555505945297334 0.0008582530781146661
v 0.0064799984129010665 0.002757662135581004 0.000752682777639612
v 0.004199998807480983 0.0029565085803804616 0.0018685373447514689
v 0.0064799984129010665 0.0030748610500223165 0.002116823512773878
v 0.004199998807480983 0.0039288451783988584 0.0030533328307893637
v 0.0064799984129010665 0.0034918297552672412 0.0026873093316693115
v 0.0064799984129010665 0.00404518506001037 0.003126757834962554
v 0.004199998807480983 0.003200470850634302 0.0023249585030248074
v 0.004199998807480983 0.004385266336672197 0.003297295101043204
v 0.0064799984129010665 0.004695283124439283 0.003403685431023449
v 0.004199998807480983 0.002806277405516653 0.0013732915612636707
v 0.004199998807480983 0.0035287888249989235 0.0027250148564247423
v 0.006459998261141868 0.03817336532514976 0.003280435368922284
v 0.006459998261141868 0.03781650115047738 0.003041985596841328
v 0.0064799984129010665 0.03782415662183759 0.0030235079246205866
v 0.0064799984129010665 0.038430294864927196 0.0036296475646940113
v 0.006459998261141868 0.0384955507733539 0.004058253378030629
v 0.006459998261141868 0.03841181742553709 0.0036373014062397635
v 0.0064799984129010665 0.03818751025203771 0.003266293468832623
v 0.0064799984129010665 0.03851555185643565 0.004058253378030629
v 0.006459998261141868 0.03817336532514976 0.004836070222985787
v 0.006459998261141868 0.03841181742553709 0.004479205116990857
v 0.0064799984129010665 0.03818751025203771 0.004850212355906085
v 0.0064799984129010665 0.03782415662183759 0.005092997900118122
v 0.006459998261141868 0.03781650115047738 0.005074520460728018
v 0.0064799984129010665 0.038430294864927196 0.004486858260044697
v 0.006459998261141868 0.021816500815050755 0.003041985596841328
v 0.0064799984129010665 0.02243029452950057 0.0036296475646940113
v 0.006459998261141868 0.022411817090110465 0.0036373014062397635
v 0.006459998261141868 0.022173368715013332 0.003280435368922284
v 0.0064799984129010665 0.021824154423765868 0.0030235079246205866
v 0.0064799984129010665 0.022187508053965983 0.003266293468832623
v 0.006459998261141868 0.02249555043792727 0.004058253378030629
v 0.0064799984129010665 0.022515549658363918 0.004058253378030629
v 0.006459998261141868 0.022173368715013332 0.004836070222985787
v 0.006459998261141868 0.022411817090110465 0.004479205116990857
v 0.0064799984129010665 0.022187508053965983 0.004850212355906085
v 0.006459998261141868 0.021816500815050755 0.005074520460728018
v 0.0064799984129010665 0.021824154423765868 0.005092997900118122
v 0.006459998261141868 0.02139554861042925 0.005158252877222275
v 0.0064799984129010665 0.02139554861042925 0.005178253028981473
v 0.0064799984129010665 0.02243029452950057 0.004486858260044697
v 0.006459998261141868 0.029816500051441517 0.003041985596841328
v 0.0064799984129010665 0.03043029562853643 0.0036296475646940113
v 0.006459998261141868 0.030411816326501227 0.0036373014062397635
v 0.006459998261141868 0.030173367951404097 0.003280435368922284
v 0.0064799984129010665 0.02982415552280173 0.0030235079246205866
v 0.0064799984129010665 0.030187509153001845 0.003266293468832623
v 0.006459998261141868 0.030495549674318036 0.004058253378030629
v 0.0064799984129010665 0.030515548894754684 0.004058253378030629
v 0.006459998261141868 0.030173367951404097 0.004836070222985787
v 0.006459998261141868 0.030411816326501227 0.004479205116990857
v 0.0064799984129010665 0.030187509153001845 0.004850212355906085
v 0.006459998261141868 0.029816500051441517 0.005074520460728018
v 0.0064799984129010665 0.02982415552280173 0.005092997900118122
v 0.006459998261141868 0.029395549709465115 0.005158252877222275
v 0.0064799984129010665 0.029395549709465115 0.005178253028981473
v 0.0064799984129010665 0.03043029562853643 0.004486858260044697
v 0.004199998807480983 0.04621773090517287 0.0016360706215617364
v 0.004199998807480983 0.04189584293066677 0.008276613209582978
v 0.004199998807480983 0.044703750616307034 0.008310284245052224
v 0.004199998807480983 0.0461687172620165 0.008310284245052224
v 0.004199998807480983 0.046574598805135446 0.0018745206264733298
v 0.004199998807480983 0.04597928253007574 0.001279204933490213
v 0.004199998807480983 0.044720585202719106 -0.0005478840758007371
v 0.004199998807480983 0.04589554918225893 0.0008582530781146661
v 0.004199998807480983 0.04597928253007574 0.00043730136825826765
v 0.004199998807480983 0.04621773090517287 8.043567291078695e-05
v 0.004199998807480983 0.039089552020973146 0.008175619660948793
v 0.004199998807480983 0.046995549147111855 0.0019582530429675875
v 0.004199998807480983 0.04928260165820236 0.0016325369509767615
v 0.004199998807480983 0.04777336738905084 0.0016360706215617364
v 0.004199998807480983 0.04741650321437846 0.0018745206264733298
v 0.004199998807480983 0.048011815764147966 0.001279204933490213
v 0.004199998807480983 0.04950232672475621 0.0004612856014706377
v 0.004199998807480983 0.04809554911196477 0.0008582530781146661
v 0.004199998807480983 0.04946631434439651 0.0010607655577165036
v 0.004199998807480983 0.048011815764147966 0.00043730136825826765
v 0.004199998807480983 0.04938837754813031 -0.00012836559858906736
v 0.004199998807480983 0.044811478558299575 -0.0007413552760881024
v 0.004199998807480983 0.04484790072058124 -0.0009519893539863816
v 0.004199998807480983 0.046574598805135446 -0.00015801435382867878
v 0.004199998807480983 0.04482724026113416 -0.0011647479532439708
v 0.004199998807480983 0.04710746431528877 -0.0017817468142492813
v 0.004199998807480983 0.04404845344374327 -0.0017817468142492813
v 0.004199998807480983 0.044260295796234736 -0.0017531887395790119
v 0.004199998807480983 0.04445701347051575 -0.0016695531806299442
v 0.004199998807480983 0.044624562122533754 -0.001536811661176747
v 0.004199998807480983 0.04475097984545778 -0.0013644410866566101
v 0.004199998807480983 0.046995549147111855 -0.0002417468721863403
v 0.004199998807480983 0.04913160074525106 -0.0006712658618350543
v 0.004199998807480983 0.04777336738905084 8.043567291078695e-05
v 0.004199998807480983 0.04874808211920041 -0.0011334205909715605
v 0.004199998807480983 0.04741650321437846 -0.00015801435382867878
v 0.004199998807480983 0.04770330213097643 -0.0017066065467698044
v 0.004199998807480983 0.04826183489060511 -0.0014858910186841285
v 0.004199998807480983 0.0035287888249989235 0.0027250148564247423
v 0.004199998807480983 0.0039288451783988584 0.0030533328307893637
v 0.004199998807480983 0.005395550603308999 0.0019582530429675875
v 0.004199998807480983 0.004974598864348771 0.0018745206264733298
v 0.004199998807480983 0.004880512003744676 0.003447526043076375
v 0.004199998807480983 0.005395550603308999 0.0034982530868939324
v 0.004199998807480983 0.004385266336672197 0.003297295101043204
v 0.004199998807480983 0.005816502342269227 0.0018745206264733298
v 0.004199998807480983 0.003200470850634302 0.0023249585030248074
v 0.004199998807480983 0.002806277405516653 0.0013732915612636707
v 0.004199998807480983 0.0029565085803804616 0.0018685373447514689
v 0.004199998807480983 0.004379283054950335 0.001279204933490213
v 0.004199998807480983 0.004295550638456078 0.0008582530781146661
v 0.004199998807480983 0.004617732827031292 0.0016360706215617364
v 0.004199998807480983 0.0077955506536229935 0.0034982530868939324
v 0.004199903346919618 0.00859555020473305 0.0034982530868939324
v 0.004199998807480983 0.008101696864872677 0.0035591494744645334
v 0.004199998807480983 0.008361235039112394 0.0037325677868533125
v 0.004199998807480983 0.00859555020473305 0.0042982528708346264
v 0.004199950844369664 0.00859555020473305 0.0038982528624489604
v 0.004199998807480983 0.008534654748484999 0.003992106193923667
v 0.004199998807480983 0.011480481990540607 0.0034982530868939324
v 0.004199998807480983 0.012011951448191619 0.003139273180218807
v 0.004199998807480983 0.006173367913925432 0.0016360706215617364
v 0.004199998807480983 0.012503238063104454 0.0027270078866815377
v 0.004199998807480983 0.006411817686006388 0.001279204933490213
v 0.004199998807480983 0.012949023983519159 0.0022659215009250906
v 0.004199998807480983 0.013344481233337029 0.0017610068431395032
v 0.004199998807480983 0.0136853294541187 0.001217730893108034
v 0.004199998807480983 0.010999999648529211 -0.0005817468472999435
v 0.004199998807480983 0.00649555056816192 0.0008582530781146661
v 0.004199998807480983 0.0027555505945297334 0.0008582530781146661
v 0.004199998807480983 0.002806277405516653 0.0003432146822771506
v 0.004199998807480983 0.004379283054950335 0.00043730136825826765
v 0.004199998807480983 0.0029565085803804616 -0.0001520311157625623
v 0.004199998807480983 0.004617732827031292 8.043567291078695e-05
v 0.004199998807480983 0.003200470850634302 -0.0006084522303801562
v 0.004199998807480983 0.004974598864348771 -0.00015801435382867878
v 0.004199998807480983 0.005395550603308999 -0.0002417468721863403
v 0.004199998807480983 0.0035287888249989235 -0.0010085088166107287
v 0.004199998807480983 0.0039288451783988584 -0.0013368266745600315
v 0.004199998807480983 0.004880512003744676 -0.001731019886847043
v 0.004199998807480983 0.004385266336672197 -0.001580788828398553
v 0.004199998807480983 0.005395550603308999 -0.0017817468142492813
v 0.004199998807480983 0.005816502342269227 -0.00015801435382867878
v 0.004199998807480983 0.009166968743162212 -0.0017817468142492813
v 0.004199998807480983 0.006411817686006388 0.00043730136825826765
v 0.004199998807480983 0.010714219598800838 -0.0006234514710846639
v 0.004199998807480983 0.013967875020631257 0.0006419763497171536
v 0.004199998807480983 0.01418906133226591 3.997762072113492e-05
v 0.004199998807480983 0.014346492096101754 -0.0005817468472999435
v 0.004199998807480983 0.010452276749737267 -0.000745086852714932
v 0.004199998807480983 0.006173367913925432 8.043567291078695e-05
v 0.004199998807480983 0.009930950325977265 -0.0014269862643864983
v 0.004199998807480983 0.009714691641954156 -0.0016184068088342927
v 0.004199998807480983 0.009452748792890587 -0.0017400421904645608
v 0.004199998807480983 0.010083484195845711 -0.0011817468016707827
v 0.004199998807480983 0.01023601992835926 -0.0009365073971627266
v 0.0064799984129010665 0.008101696864872677 0.0035591494744645334
v 0.004199998807480983 0.008101696864872677 0.0035591494744645334
v 0.004199998807480983 0.0077955506536229935 0.0034982530868939324
v 0.0064799984129010665 0.0077955506536229935 0.0034982530868939324
v 0.0064799984129010665 0.008361235039112394 0.0037325677868533125
v 0.004199998807480983 0.008361235039112394 0.0037325677868533125
v 0.0064799984129010665 0.00859555020473305 0.0042982528708346264
v 0.004199998807480983 0.00859555020473305 0.0042982528708346264
v 0.004199998807480983 0.008534654748484999 0.003992106193923667
v 0.0064799984129010665 0.008534654748484999 0.003992106193923667
v 0.0064799984129010665 0.00859555020473305 0.005341959044158575
v 0.0064799984129010665 0.008660387018012297 0.005982855641794432
v 0.004180297610260305 0.008621134566501475 0.00574451250614544
v 0.004199807886358253 0.00859555020473305 0.005341959044158575
v 0.004121994024668638 0.008695179365831626 0.006134235603023548
v 0.0064799984129010665 0.008852269265614205 0.006597781844464931
v 0.003885640659647517 0.008970489487453975 0.00684496462809634
v 0.004024605625625131 0.008813289691610505 0.00650218251603979
v 0.0058846453506006344 0.009222705603806343 0.007244712015240344
v 0.003707929881626228 0.00915452347992784 0.00714895994991702
v 0.0034903394063567567 0.009357359012039174 0.007414449740911901
v 0.00561714762818816 0.009475156413441287 0.0075457610981744016
v -0.00418088108383782 0.00862039137110665 0.0057406642813692356
v -0.004123127444211872 0.00869376748084597 0.006128685851948668
v -0.006480001206868716 0.008660387018012297 0.005982855641794432
v -0.006480001206868716 0.00859555020473305 0.005341959044158575
v -0.004199810680325902 0.00859555020473305 0.005341959044158575
v -0.006480001206868716 0.008852269265614205 0.006597781844464931
v -0.0037092921736861005 0.00915315164181183 0.007146875650050334
v -0.003491949663045541 0.00935594153911822 0.007412781742225023
v -0.0058846481445682846 0.009222705603806343 0.007244712015240344
v -0.003888359190170688 0.008967534401003128 0.006839399044538111
v -0.0040259267066621715 0.008811816339336557 0.006498317527457687
v -0.005617150422155809 0.009475156413441287 0.0075457610981744016
v 0.005377924392729508 0.009775539600752163 0.007823803254496895
v 0.003235008016074958 0.009568377144073971 0.007639744581975458
v 0.002948079878473189 0.009775872082902478 0.007824074269358917
v 0.005172998507154912 0.010127890586347705 0.008073059627785668
v 0.0022932593102243473 0.010151531277954479 0.0080873554289267
v 0.0007925299368062072 0.010615732239148445 0.008316522243491484
v 0.004914605393990302 0.010966454341604204 0.008432687036463613
v -1.3443237277498707e-09 0.010675550155206256 0.00833955757544082
v 0.005015333050036491 0.010526425857193008 0.008279530111809279
v 0.0015661483214987363 0.01043792786321089 0.008239692789737118
v 0.004879998379358404 0.011432252520971256 0.008521269780797773
v -0.004914608187957952 0.010966454341604204 0.008432687036463613
v -0.0029494370482590375 0.009774960318126122 0.007823332005286643
v -0.0022953671259854187 0.010150516136375083 0.008086747275301613
v -0.005173000835461287 0.010127890586347705 0.008073059627785668
v -0.003236295336669563 0.009567456066072115 0.007638825832279977
v -0.005377926721035883 0.009775539600752163 0.007823803254496895
v -0.0015695355416127388 0.010436876400052048 0.008239199188785669
v -0.000795482985988976 0.010615218149100897 0.008317049372054729
v -0.005015335378342866 0.010526425857193008 0.008279530111809279
v -0.0048800016389873285 0.011432252520971256 0.008521269780797773
v -0.0048800016389873285 0.017512559426081313 0.009128594528815951
v 0.004879998379358404 0.035822625252806585 0.009910283347272337
v -0.0048800016389873285 0.035822625252806585 0.009910283347272337
v -0.0048800016389873285 0.02971267993886837 0.009823383502785854
v 0.004879998379358404 0.017512559426081313 0.009128594528815951
v 0.004879998379358404 0.02360767808502505 0.0095627491619049
v 0.004879998379358404 0.02971267993886837 0.009823383502785854
v -0.0048800016389873285 0.02360767808502505 0.0095627491619049
v 0.004879998379358404 0.04389365646007856 0.009910283347272337
v 0.004902418572763528 0.044220938105275776 0.009887863619528488
v -0.0048800016389873285 0.04389365646007856 0.009910283347272337
v 0.004972009321998762 0.04455182583138622 0.009818273335954529
v 0.005090303118319973 0.044876119793843344 0.009699979539633316
v -0.004972012115966411 0.04455182583138622 0.009818273335954529
v -0.004902420901069903 0.044220938105275776 0.009887863619528488
v -0.005090306377948897 0.044876119793843344 0.009699979539633316
v -0.0052558615340488335 0.045183176838546835 0.009534423917872107
v 0.0052558592057424585 0.045183176838546835 0.009534423917872107
v 0.005464178830688907 0.04546298711073032 0.009326103827264383
v 0.005708096397460351 0.04570725066382905 0.009082186726154214
v -0.005708099191428001 0.04570725066382905 0.009082186726154214
v 0.005978572489387421 0.04591016349571203 0.008811710168565868
v -0.005978575283355071 0.04591016349571203 0.008811710168565868
v -0.005464181158995282 0.04546298711073032 0.009326103827264383
v 0.004879998379358404 0.04389365646007856 0.009910283347272337
v -0.0048800016389873285 0.04389365646007856 0.009910283347272337
v -0.0048800016389873285 0.035822625252806585 0.009910283347272337
v 0.004879998379358404 0.035822625252806585 0.009910283347272337
v -0.006480001206868716 0.01893857257481848 0.00764079138852155
v -0.006480001206868716 0.02139554861042925 0.005178253028981473
v -0.006480001206868716 0.015571102086809339 0.007346436186414931
v -0.006480001206868716 0.012208717551245227 0.006998737622617436
v -0.006480001206868716 0.00859555020473305 0.005341959044158575
v -0.006480001206868716 0.008660387018012297 0.005982855641794432
v -0.006480001206868716 0.020966944659737734 0.005092997900118122
v -0.006480001206868716 0.008852269265614205 0.006597781844464931
v -0.006480001206868716 0.00859555020473305 0.0042982528708346264
v -0.006480001206868716 0.02060359102953762 0.004850212355906085
v -0.006480001206868716 0.020360804554003034 0.004486858260044697
v -0.006480001206868716 0.02231028989365518 0.00788172779181075
v -0.006480001206868716 0.025685400951863738 0.008069186257300614
v -0.006480001206868716 0.029395549709465115 0.005178253028981473
v -0.006480001206868716 0.021824154423765868 0.005092997900118122
v -0.006480001206868716 0.028966945758773597 0.005092997900118122
v -0.006480001206868716 0.02860359026592838 0.004850212355906085
v -0.006480001206868716 0.022187508053965983 0.004850212355906085
v -0.006480001206868716 0.020360804554003034 0.0036296475646940113
v -0.006480001206868716 0.008361235039112394 0.0037325677868533125
v -0.006480001206868716 0.008539381210425764 0.004003777528119069
v -0.006480001206868716 0.02027554942513968 0.004058253378030629
v -0.006480001206868716 0.00404518506001037 0.003126757834962554
v -0.006480001206868716 0.005395550603308999 0.0034982530868939324
v -0.006480001206868716 0.0077955506536229935 0.0034982530868939324
v -0.006480001206868716 0.020966944659737734 0.0030235079246205866
v -0.006480001206868716 0.008090026461999826 0.003554422314031856
v -0.006480001206868716 0.02060359102953762 0.003266293468832623
v -0.006480001206868716 0.02243029452950057 0.004486858260044697
v -0.006480001206868716 0.028360805653038897 0.004486858260044697
v -0.006480001206868716 0.02243029452950057 0.0036296475646940113
v -0.006480001206868716 0.022515549658363918 0.004058253378030629
v -0.006480001206868716 0.028360805653038897 0.0036296475646940113
v -0.006480001206868716 0.02860359026592838 0.003266293468832623
v -0.006480001206868716 0.022187508053965983 0.003266293468832623
v -0.006480001206868716 0.028275550524175543 0.004058253378030629
v -0.006480001206868716 0.004695283124439283 0.003403685431023449
v -0.006480001206868716 0.029063060108568833 0.008203117890557271
v -0.006480001206868716 0.03244241613495985 0.008283491026614022
v -0.006480001206868716 0.03739554708321078 0.005178253028981473
v -0.006480001206868716 0.02982415552280173 0.005092997900118122
v -0.006480001206868716 0.03696694499516436 0.005092997900118122
v -0.006480001206868716 0.030187509153001845 0.004850212355906085
v -0.006480001206868716 0.036603591364964244 0.004850212355906085
v -0.006480001206868716 0.0461687172620165 0.008310284245052224
v -0.006480001206868716 0.035822625252806585 0.008310284245052224
v -0.006480001206868716 0.03782415662183759 0.005092997900118122
v -0.006480001206868716 0.03818751025203771 0.004850212355906085
v -0.006480001206868716 0.046995549147111855 0.0019582530429675875
v -0.006480001206868716 0.03043029562853643 0.004486858260044697
v -0.006480001206868716 0.03636080302678456 0.004486858260044697
v -0.006480001206868716 0.03636080302678456 0.0036296475646940113
v -0.006480001206868716 0.03043029562853643 0.0036296475646940113
v -0.006480001206868716 0.030515548894754684 0.004058253378030629
v -0.006480001206868716 0.036603591364964244 0.003266293468832623
v -0.006480001206868716 0.03627554976056631 0.004058253378030629
v -0.006480001206868716 0.03851555185643565 0.004058253378030629
v -0.006480001206868716 0.038430294864927196 0.004486858260044697
v -0.006480001206868716 0.038430294864927196 0.0036296475646940113
v -0.006480001206868716 0.030187509153001845 0.003266293468832623
v -0.006480001206868716 0.03818751025203771 0.003266293468832623
v -0.006480001206868716 0.0034918297552672412 0.0026873093316693115
v -0.006480001206868716 0.005395550603308999 0.0019582530429675875
v -0.006480001206868716 0.0030748610500223165 0.002116823512773878
v -0.006480001206868716 0.004617732827031292 0.0016360706215617364
v -0.006480001206868716 0.004379283054950335 0.001279204933490213
v -0.006480001206868716 0.0028241513478944186 0.001456171351963491
v -0.006480001206868716 0.002757662135581004 0.000752682777639612
v -0.006480001206868716 0.004974598864348771 0.0018745206264733298
v -0.006480001206868716 0.006173367913925432 0.0016360706215617364
v -0.006480001206868716 0.02139554861042925 0.002938253028587873
v -0.006480001206868716 0.021824154423765868 0.0030235079246205866
v -0.006480001206868716 0.029395549709465115 0.002938253028587873
v -0.006480001206868716 0.005816502342269227 0.0018745206264733298
v -0.006480001206868716 0.006411817686006388 0.001279204933490213
v -0.006480001206868716 0.018999998884919975 -0.0005817468472999435
v -0.006480001206868716 0.004379283054950335 0.00043730136825826765
v -0.006480001206868716 0.004295550638456078 0.0008582530781146661
v -0.006480001206868716 0.0028801568950941967 5.675754650308118e-05
v -0.006480001206868716 0.004974598864348771 -0.00015801435382867878
v -0.006480001206868716 0.0031828597740462465 -0.0005817468472999435
v -0.006480001206868716 0.004617732827031292 8.043567291078695e-05
v -0.006480001206868716 0.005395550603308999 -0.0002417468721863403
v -0.006480001206868716 0.010999999648529211 -0.0005817468472999435
v -0.006480001206868716 0.006173367913925432 8.043567291078695e-05
v -0.006480001206868716 0.006411817686006388 0.00043730136825826765
v -0.006480001206868716 0.00649555056816192 0.0008582530781146661
v -0.006480001206868716 0.005816502342269227 -0.00015801435382867878
v -0.006480001206868716 0.02982415552280173 0.0030235079246205866
v -0.006480001206868716 0.028966945758773597 0.0030235079246205866
v -0.006480001206868716 0.03739554708321078 0.002938253028587873
v -0.006480001206868716 0.03696694499516436 0.0030235079246205866
v -0.006480001206868716 0.04621773090517287 0.0016360706215617364
v -0.006480001206868716 0.04597928253007574 0.001279204933490213
v -0.006480001206868716 0.046574598805135446 0.0018745206264733298
v -0.006480001206868716 0.03782415662183759 0.0030235079246205866
v -0.006480001206868716 0.04741650321437846 0.0018745206264733298
v -0.006480001206868716 0.04928260165820236 0.0016325369509767615
v -0.006480001206868716 0.04777336738905084 0.0016360706215617364
v -0.006480001206868716 0.048011815764147966 0.001279204933490213
v -0.006480001206868716 0.04589554918225893 0.0008582530781146661
v -0.006480001206868716 0.04597928253007574 0.00043730136825826765
v -0.006480001206868716 0.04621773090517287 8.043567291078695e-05
v -0.006480001206868716 0.049185922926941884 -0.0005817468472999435
v -0.006480001206868716 0.046995549147111855 -0.0002417468721863403
v -0.006480001206868716 0.04741650321437846 -0.00015801435382867878
v -0.006480001206868716 0.046574598805135446 -0.00015801435382867878
v -0.006480001206868716 0.04946134853256042 0.0010864698272632285
v -0.006480001206868716 0.04809554911196477 0.0008582530781146661
v -0.006480001206868716 0.049505180297049124 0.0005135665860665399
v -0.006480001206868716 0.048011815764147966 0.00043730136825826765
v -0.006480001206868716 0.049411582380783726 -5.333650046302794e-05
v -0.006480001206868716 0.04777336738905084 8.043567291078695e-05
v -0.005299317044227375 0.047411343687451986 -0.0017624307189029885
v -0.005358968719210028 0.04771804310429631 -0.0017027795095816097
v -0.004200001135787358 0.04770330213097643 -0.0017066065467698044
v -0.0056015405248968616 0.048307462244970026 -0.0014602078203100953
v -0.005780161670710681 0.04857395832998008 -0.0012815864416656374
v -0.004200001135787358 0.04874808211920041 -0.0011334205909715605
v -0.005460059125389404 0.048019527114861175 -0.0016016891034022333
v -0.004200001135787358 0.04826183489060511 -0.0014858910186841285
v -0.005280000948881081 0.04710746431528877 -0.0017817468142492813
v -0.004200001135787358 0.04710746431528877 -0.0017817468142492813
v -0.005990707156551401 0.04881224651759863 -0.0010710406065789619
v -0.006480001206868716 0.049185922926941884 -0.0005817468472999435
v -0.006480001206868716 0.049411582380783726 -5.333650046302794e-05
v -0.004200001135787358 0.04938837754813031 -0.00012836559858906736
v -0.006480001206868716 0.049505180297049124 0.0005135665860665399
v -0.006480001206868716 0.04946134853256042 0.0010864698272632285
v -0.004200001135787358 0.04946631434439651 0.0010607655577165036
v -0.004200001135787358 0.04950232672475621 0.0004612856014706377
v -0.004200001135787358 0.04913160074525106 -0.0006712658618350543
v -0.004200001135787358 0.044703750616307034 0.008310284245052224
v -0.004200001135787358 0.04189584293066677 0.008276613209582978
v -0.004200001135787358 0.04621773090517287 0.0016360706215617364
v -0.004200001135787358 0.046574598805135446 0.0018745206264733298
v -0.004200001135787358 0.0461687172620165 0.008310284245052224
v -0.004200001135787358 0.044720585202719106 -0.0005478840758007371
v -0.004200001135787358 0.04597928253007574 0.001279204933490213
v -0.004200001135787358 0.04589554918225893 0.0008582530781146661
v -0.004200001135787358 0.04621773090517287 8.043567291078695e-05
v -0.004200001135787358 0.04597928253007574 0.00043730136825826765
v -0.004200001135787358 0.039089552020973146 0.008175619660948793
v -0.004200001135787358 0.046995549147111855 0.0019582530429675875
v -0.004200001135787358 0.04741650321437846 0.0018745206264733298
v -0.004200001135787358 0.04777336738905084 0.0016360706215617364
v -0.004200001135787358 0.04928260165820236 0.0016325369509767615
v -0.004200001135787358 0.048011815764147966 0.001279204933490213
v -0.004200001135787358 0.04946631434439651 0.0010607655577165036
v -0.004200001135787358 0.04809554911196477 0.0008582530781146661
v -0.004200001135787358 0.04950232672475621 0.0004612856014706377
v -0.004200001135787358 0.048011815764147966 0.00043730136825826765
v -0.004200001135787358 0.04938837754813031 -0.00012836559858906736
v -0.004200001135787358 0.04484790072058124 -0.0009519893539863816
v -0.004200001135787358 0.044811478558299575 -0.0007413552760881024
v -0.004200001135787358 0.04482724026113416 -0.0011647479532439708
v -0.004200001135787358 0.046574598805135446 -0.00015801435382867878
v -0.004200001135787358 0.044260295796234736 -0.0017531887395790119
v -0.004200001135787358 0.04404845344374327 -0.0017817468142492813
v -0.004200001135787358 0.04710746431528877 -0.0017817468142492813
v -0.004200001135787358 0.044624562122533754 -0.001536811661176747
v -0.004200001135787358 0.04445701347051575 -0.0016695531806299442
v -0.004200001135787358 0.04475097984545778 -0.0013644410866566101
v -0.004200001135787358 0.046995549147111855 -0.0002417468721863403
v -0.004200001135787358 0.04913160074525106 -0.0006712658618350543
v -0.004200001135787358 0.04741650321437846 -0.00015801435382867878
v -0.004200001135787358 0.04874808211920041 -0.0011334205909715605
v -0.004200001135787358 0.04777336738905084 8.043567291078695e-05
v -0.004200001135787358 0.04770330213097643 -0.0017066065467698044
v -0.004200001135787358 0.04826183489060511 -0.0014858910186841285
v -0.004200001135787358 0.044703750616307034 0.008310284245052224
v -0.004200001135787358 0.0461687172620165 0.008310284245052224
v 0.004199998807480983 0.0461687172620165 0.008310284245052224
v 0.004199998807480983 0.044703750616307034 0.008310284245052224
v 0.004199998807480983 0.04404845344374327 -0.0017817468142492813
v 0.004199998807480983 0.04710746431528877 -0.0017817468142492813
v 0.005279998620574707 0.04710746431528877 -0.0017817468142492813
v 0.005279998620574707 0.020833029790286974 -0.0017817468142492813
v 0.002599998541107683 0.020833029790286974 -0.0017817468142492813
v 0.002599998541107683 0.04404845344374327 -0.0017817468142492813
v 0.004199998807480983 0.044720585202719106 -0.0005478840758007371
v 0.004199998807480983 0.044811478558299575 -0.0007413552760881024
v 0.002599998541107683 0.044811478558299575 -0.0007413552760881024
v 0.004199998807480983 0.04484790072058124 -0.0009519893539863816
v 0.004199998807480983 0.04482724026113416 -0.0011647479532439708
v 0.002599998541107683 0.04482724026113416 -0.0011647479532439708
v 0.002599998541107683 0.04484790072058124 -0.0009519893539863816
v 0.002599998541107683 0.044720585202719106 -0.0005478840758007371
v 0.002599998541107683 0.04475097984545778 -0.0013644410866566101
v 0.004199998807480983 0.04475097984545778 -0.0013644410866566101
v 0.004199998807480983 0.044624562122533754 -0.001536811661176747
v 0.002599998541107683 0.044624562122533754 -0.001536811661176747
v 0.004199998807480983 0.04445701347051575 -0.0016695531806299442
v 0.004199998807480983 0.044260295796234736 -0.0017531887395790119
v 0.002599998541107683 0.044260295796234736 -0.0017531887395790119
v 0.002599998541107683 0.04445701347051575 -0.0016695531806299442
v 0.002599998541107683 0.04404845344374327 -0.0017817468142492813
v 0.004199998807480983 0.04404845344374327 -0.0017817468142492813
v 0.004199998807480983 0.039089552020973146 0.008175619660948793
v 0.002599998541107683 0.039089552020973146 0.008175619660948793
v -0.004200001135787358 0.04189584293066677 0.008276613209582978
v -0.004200001135787358 0.044703750616307034 0.008310284245052224
v 0.004199998807480983 0.04189584293066677 0.008276613209582978
v -0.0026000013350753327 0.039089552020973146 0.008175619660948793
v -0.004200001135787358 0.039089552020973146 0.008175619660948793
v 0.002599998541107683 0.039089552020973146 0.008175619660948793
v -0.0026000013350753327 0.03558792824494047 0.007954916705717541
v 0.002599998541107683 0.03558792824494047 0.007954916705717541
v -0.0026000013350753327 0.03209448893147636 0.007629403176381318
v 0.004199998807480983 0.044703750616307034 0.008310284245052224
v 0.004199998807480983 0.039089552020973146 0.008175619660948793
v 0.002599998541107683 0.03209448893147636 0.007629403176381318
v -0.0026000013350753327 0.028612368912283782 0.007199374302188447
v 0.002599998541107683 0.028612368912283782 0.007199374302188447
v -0.0026000013350753327 0.025144697431130424 0.006665214253690761
v 0.002599998541107683 0.025144697431130424 0.006665214253690761
v -0.0026000013350753327 0.021694583242687866 0.006027403593324011
v 0.002599998541107683 0.018265125788402187 0.005286514153133839
v -0.0026000013350753327 0.01485940681459102 0.004443211828743426
v -0.0026000013350753327 0.018265125788402187 0.005286514153133839
v 0.002599998541107683 0.01485940681459102 0.004443211828743426
v -0.0026000013350753327 0.011480481990540607 0.0034982530868939324
v 0.002599998541107683 0.021694583242687866 0.006027403593324011
v 0.002599998541107683 0.011480481990540607 0.0034982530868939324
v 0.004199998807480983 0.01418906133226591 3.997762072113492e-05
v 0.002599998541107683 0.01418906133226591 3.997762072113492e-05
v 0.002599998541107683 0.014346492096101754 -0.0005817468472999435
v 0.004199998807480983 0.0136853294541187 0.001217730893108034
v 0.002599998541107683 0.0136853294541187 0.001217730893108034
v 0.002599998541107683 0.013967875020631257 0.0006419763497171536
v 0.004199998807480983 0.013967875020631257 0.0006419763497171536
v 0.004199998807480983 0.014346492096101754 -0.0005817468472999435
v 0.004199998807480983 0.013344481233337029 0.0017610068431395032
v 0.002599998541107683 0.013344481233337029 0.0017610068431395032
v 0.004199998807480983 0.012949023983519159 0.0022659215009250906
v 0.002599998541107683 0.012949023983519159 0.0022659215009250906
v 0.004199998807480983 0.012011951448191619 0.003139273180218807
v 0.002599998541107683 0.012011951448191619 0.003139273180218807
v 0.002599998541107683 0.012503238063104454 0.0027270078866815377
v 0.004199998807480983 0.012503238063104454 0.0027270078866815377
v 0.004199998807480983 0.011480481990540607 0.0034982530868939324
v 0.002599998541107683 0.011480481990540607 0.0034982530868939324
v -0.003805054017896199 0.009056146947658885 0.0034982530868939324
v -0.004199905675225993 0.00859555020473305 0.0034982530868939324
v -0.004200001135787358 0.011480481990540607 0.0034982530868939324
v -0.002870642038263098 0.009827009141472632 0.0034982530868939324
v -0.003360027591020941 0.009468463929597673 0.0034982530868939324
v -0.002343358176981994 0.010127049602085141 0.0034982530868939324
v 0.004199903346919618 0.00859555020473305 0.0034982530868939324
v 0.0038050514567591867 0.009056146947658885 0.0034982530868939324
v 0.004199998807480983 0.011480481990540607 0.0034982530868939324
v 0.002870639477126086 0.009827009141472632 0.0034982530868939324
v 0.0023433553830143443 0.010127049602085141 0.0034982530868939324
v 0.003360025029883929 0.009468463929597673 0.0034982530868939324
v -0.0012033482461392222 0.010536596830760515 0.0034982530868939324
v -0.0017851369447462518 0.010364623465307912 0.0034982530868939324
v -0.0026000013350753327 0.011480481990540607 0.0034982530868939324
v -0.0006056728146452851 0.010640697271421182 0.0034982530868939324
v -1.3443237277498707e-09 0.010675550155206256 0.0034982530868939324
v 0.0012033454521715725 0.010536596830760515 0.0034982530868939324
v 0.0006056701370929542 0.010640697271421182 0.0034982530868939324
v 0.002599998541107683 0.011480481990540607 0.0034982530868939324
v 0.001785134267193921 0.010364623465307912 0.0034982530868939324
v 0.0064799984129010665 0.00859555020473305 0.005341959044158575
v 0.004199807886358253 0.00859555020473305 0.005341959044158575
v 0.004199998807480983 0.00859555020473305 0.0042982528708346264
v 0.0064799984129010665 0.00859555020473305 0.0042982528708346264
v -0.003888359190170688 0.008967534401003128 0.006839399044538111
v -0.0040259267066621715 0.008811816339336557 0.006498317527457687
v -0.003805054017896199 0.009056146947658885 0.0034982530868939324
v -0.004123127444211872 0.00869376748084597 0.006128685851948668
v -0.0037092921736861005 0.00915315164181183 0.007146875650050334
v -0.004200001135787358 0.00859555020473305 0.0042982528708346264
v -0.004199905675225993 0.00859555020473305 0.0034982530868939324
v -0.004199810680325902 0.00859555020473305 0.005341959044158575
v -0.00418088108383782 0.00862039137110665 0.0057406642813692356
v -0.003360027591020941 0.009468463929597673 0.0034982530868939324
v -0.0006056728146452851 0.010640697271421182 0.0034982530868939324
v -0.003236295336669563 0.009567456066072115 0.007638825832279977
v -0.003491949663045541 0.00935594153911822 0.007412781742225023
v -0.002870642038263098 0.009827009141472632 0.0034982530868939324
v -0.0029494370482590375 0.009774960318126122 0.007823332005286643
v -0.0015695355416127388 0.010436876400052048 0.008239199188785669
v -0.0022953671259854187 0.010150516136375083 0.008086747275301613
v -0.0017851369447462518 0.010364623465307912 0.0034982530868939324
v -0.002343358176981994 0.010127049602085141 0.0034982530868939324
v -0.000795482985988976 0.010615218149100897 0.008317049372054729
v -0.0012033482461392222 0.010536596830760515 0.0034982530868939324
v -0.004199810680325902 0.00859555020473305 0.005341959044158575
v -0.006480001206868716 0.00859555020473305 0.005341959044158575
v -0.004200001135787358 0.00859555020473305 0.0042982528708346264
v -0.006480001206868716 0.00859555020473305 0.0042982528708346264
v -0.006480001206868716 0.035822625252806585 0.008310284245052224
v -0.006480001206868716 0.03244241613495985 0.008283491026614022
v -0.0048800016389873285 0.035822625252806585 0.009910283347272337
v -0.006480001206868716 0.029063060108568833 0.008203117890557271
v -0.006480001206868716 0.025685400951863738 0.008069186257300614
v -0.0048800016389873285 0.02971267993886837 0.009823383502785854
v -0.006480001206868716 0.02231028989365518 0.00788172779181075
v -0.0048800016389873285 0.02360767808502505 0.0095627491619049
v -0.0048800016389873285 0.017512559426081313 0.009128594528815951
v -0.006480001206868716 0.01893857257481848 0.00764079138852155
v -0.006480001206868716 0.015571102086809339 0.007346436186414931
v -0.0048800016389873285 0.011432252520971256 0.008521269780797773
v -0.006480001206868716 0.012208717551245227 0.006998737622617436
v -0.005617150422155809 0.009475156413441287 0.0075457610981744016
v -0.006480001206868716 0.008852269265614205 0.006597781844464931
v -0.0058846481445682846 0.009222705603806343 0.007244712015240344
v -0.005377926721035883 0.009775539600752163 0.007823803254496895
v -0.004914608187957952 0.010966454341604204 0.008432687036463613
v -0.005173000835461287 0.010127890586347705 0.008073059627785668
v -0.005015335378342866 0.010526425857193008 0.008279530111809279
v -0.006480001206868716 0.035822625252806585 0.008310284245052224
v -0.005464181158995282 0.04546298711073032 0.009326103827264383
v -0.005708099191428001 0.04570725066382905 0.009082186726154214
v -0.0048800016389873285 0.035822625252806585 0.009910283347272337
v -0.005978575283355071 0.04591016349571203 0.008811710168565868
v -0.00626571739231268 0.04606879752828235 0.008524568525269534
v -0.006480001206868716 0.0461687172620165 0.008310284245052224
v -0.0048800016389873285 0.04389365646007856 0.009910283347272337
v -0.0052558615340488335 0.045183176838546835 0.009534423917872107
v -0.004972012115966411 0.04455182583138622 0.009818273335954529
v -0.004902420901069903 0.044220938105275776 0.009887863619528488
v -0.005090306377948897 0.044876119793843344 0.009699979539633316
v -0.005963844088921958 0.0036235068894612163 -0.0010986478009257787
v -0.006480001206868716 0.0031828597740462465 -0.0005817468472999435
v -0.006120479503300184 0.01023202362329762 -0.0009412684344531567
v -0.005880001310705536 0.010083484195845711 -0.0011817468016707827
v -0.0056395226524496135 0.009934945699716355 -0.0014222252270960681
v -0.00559931187003494 0.00413697993581915 -0.0014624363587566979
v -0.006480001206868716 0.010999999648529211 -0.0005817468472999435
v -0.00644005445439694 0.010720181925765326 -0.000621693716187038
v -0.006316661201453727 0.010452276749737267 -0.000745086852714932
v -0.005280000948881081 0.005395550603308999 -0.0017817468142492813
v -0.005459613021888 0.004439023205575231 -0.0016021328785972627
v -0.005359828795584865 0.004752926402343069 -0.001701917570561673
v -0.005299958259802983 0.005073498799890773 -0.0017617892704967417
v -0.005280000948881081 0.009166968743162212 -0.0017817468142492813
v -0.00544334095429607 0.009714691641954156 -0.0016184068088342927
v -0.005319948167014132 0.009446787397248649 -0.0017418000617775054
v -0.004200001135787358 0.004880544134372648 -0.0017308600486144155
v -0.004200001135787358 0.004385266336672197 -0.001580788828398553
v -0.005359828795584865 0.004752926402343069 -0.001701917570561673
v -0.005299958259802983 0.005073498799890773 -0.0017617892704967417
v -0.004200001135787358 0.005395550603308999 -0.0017817468142492813
v -0.004200001135787358 0.003928935516686199 -0.0013366909342983828
v -0.004200001135787358 0.0035287888249989235 -0.0010085088166107287
v -0.005963844088921958 0.0036235068894612163 -0.0010986478009257787
v -0.004200001135787358 0.003200606358065313 -0.000608361659262178
v -0.004200001135787358 0.0029565085803804616 -0.0001520311157625623
v -0.006480001206868716 0.0031828597740462465 -0.0005817468472999435
v -0.00559931187003494 0.00413697993581915 -0.0014624363587566979
v -0.005280000948881081 0.005395550603308999 -0.0017817468142492813
v -0.005459613021888 0.004439023205575231 -0.0016021328785972627
v -0.006480001206868716 0.0028801568950941967 5.675754650308118e-05
v -0.004200001135787358 0.005395550603308999 0.0034982530868939324
v -0.006480001206868716 0.005395550603308999 0.0034982530868939324
v -0.004200001135787358 0.004880544134372648 0.003447366088428429
v -0.004200001135787358 0.002806437360164599 0.00034324649276299584
v -0.004200001135787358 0.0027555505945297334 0.0008582530781146661
v -0.006480001206868716 0.002757662135581004 0.000752682777639612
v -0.004200001135787358 0.002806437360164599 0.0013732597798816553
v -0.004200001135787358 0.0029565085803804616 0.0018685373447514689
v -0.006480001206868716 0.0028241513478944186 0.001456171351963491
v -0.004200001135787358 0.003200606358065313 0.002324867931906829
v -0.004200001135787358 0.0035287888249989235 0.0027250148564247423
v -0.006480001206868716 0.0034918297552672412 0.0026873093316693115
v -0.004200001135787358 0.003928935516686199 0.0030531973233583524
v -0.004200001135787358 0.004385266336672197 0.003297295101043204
v -0.006480001206868716 0.00404518506001037 0.003126757834962554
v -0.006480001206868716 0.0030748610500223165 0.002116823512773878
v -0.006480001206868716 0.004695283124439283 0.003403685431023449
v -0.006480001206868716 0.0077955506536229935 0.0034982530868939324
v -0.006480001206868716 0.005395550603308999 0.0034982530868939324
v -0.004200001135787358 0.005395550603308999 0.0034982530868939324
v -0.004200001135787358 0.0077955506536229935 0.0034982530868939324
v -0.006460001520770794 0.03781650115047738 0.005074520460728018
v -0.006460001520770794 0.03817336532514976 0.004836070222985787
v -0.006480001206868716 0.03782415662183759 0.005092997900118122
v -0.006480001206868716 0.038430294864927196 0.004486858260044697
v -0.006460001520770794 0.03841181742553709 0.004479205116990857
v -0.006480001206868716 0.03818751025203771 0.004850212355906085
v -0.006480001206868716 0.03851555185643565 0.004058253378030629
v -0.006460001520770794 0.0384955507733539 0.004058253378030629
v -0.006460001520770794 0.03817336532514976 0.003280435368922284
v -0.006460001520770794 0.03841181742553709 0.0036373014062397635
v -0.006480001206868716 0.03818751025203771 0.003266293468832623
v -0.006480001206868716 0.03782415662183759 0.0030235079246205866
v -0.006460001520770794 0.03781650115047738 0.003041985596841328
v -0.006480001206868716 0.038430294864927196 0.0036296475646940113
v -0.006460001520770794 0.021816500815050755 0.005074520460728018
v -0.006480001206868716 0.02243029452950057 0.004486858260044697
v -0.006460001520770794 0.022411817090110465 0.004479205116990857
v -0.006460001520770794 0.022173368715013332 0.004836070222985787
v -0.006480001206868716 0.022187508053965983 0.004850212355906085
v -0.006480001206868716 0.021824154423765868 0.005092997900118122
v -0.006480001206868716 0.022515549658363918 0.004058253378030629
v -0.006460001520770794 0.02249555043792727 0.004058253378030629
v -0.006460001520770794 0.022173368715013332 0.003280435368922284
v -0.006460001520770794 0.022411817090110465 0.0036373014062397635
v -0.006480001206868716 0.022187508053965983 0.003266293468832623
v -0.006460001520770794 0.021816500815050755 0.003041985596841328
v -0.006480001206868716 0.021824154423765868 0.0030235079246205866
v -0.006480001206868716 0.02243029452950057 0.0036296475646940113
v -0.006460001520770794 0.029816500051441517 0.005074520460728018
v -0.006480001206868716 0.03043029562853643 0.004486858260044697
v -0.006460001520770794 0.030411816326501227 0.004479205116990857
v -0.006460001520770794 0.030173367951404097 0.004836070222985787
v -0.006480001206868716 0.030187509153001845 0.004850212355906085
v -0.006480001206868716 0.02982415552280173 0.005092997900118122
v -0.006480001206868716 0.030515548894754684 0.004058253378030629
v -0.006460001520770794 0.030495549674318036 0.004058253378030629
v -0.006460001520770794 0.030173367951404097 0.003280435368922284
v -0.006460001520770794 0.030411816326501227 0.0036373014062397635
v -0.006480001206868716 0.030187509153001845 0.003266293468832623
v -0.006460001520770794 0.029816500051441517 0.003041985596841328
v -0.006480001206868716 0.02982415552280173 0.0030235079246205866
v -0.006480001206868716 0.03043029562853643 0.0036296475646940113
v -0.004200001135787358 0.04710746431528877 -0.0017817468142492813
v -0.004200001135787358 0.04404845344374327 -0.0017817468142492813
v -0.005280000948881081 0.04710746431528877 -0.0017817468142492813
v -0.005280000948881081 0.020833029790286974 -0.0017817468142492813
v -0.0026000013350753327 0.04404845344374327 -0.0017817468142492813
v -0.0026000013350753327 0.020833029790286974 -0.0017817468142492813
v -0.004200001135787358 0.044720585202719106 -0.0005478840758007371
v -0.0026000013350753327 0.044720585202719106 -0.0005478840758007371
v -0.0026000013350753327 0.04481131464553079 -0.0007414067316589847
v -0.0026000013350753327 0.04482707634836538 -0.0011647087212815562
v -0.0026000013350753327 0.04475097984545778 -0.0013644410866566101
v -0.004200001135787358 0.04482724026113416 -0.0011647479532439708
v -0.004200001135787358 0.044811478558299575 -0.0007413552760881024
v -0.004200001135787358 0.04484790072058124 -0.0009519893539863816
v -0.0026000013350753327 0.04484790072058124 -0.0009519893539863816
v -0.004200001135787358 0.04475097984545778 -0.0013644410866566101
v -0.0026000013350753327 0.04462443918795717 -0.0015366929175516342
v -0.0026000013350753327 0.04445701347051575 -0.0016695531806299442
v -0.004200001135787358 0.044624562122533754 -0.001536811661176747
v -0.0026000013350753327 0.04426024736746214 -0.0017530236626570413
v -0.0026000013350753327 0.04404845344374327 -0.0017817468142492813
v -0.004200001135787358 0.044260295796234736 -0.0017531887395790119
v -0.004200001135787358 0.04445701347051575 -0.0016695531806299442
v -0.004200001135787358 0.04404845344374327 -0.0017817468142492813
v -0.004200001135787358 0.039089552020973146 0.008175619660948793
v -0.0026000013350753327 0.039089552020973146 0.008175619660948793
v 0.002599998541107683 0.029395549709465115 0.0029582531803470703
v 0.002599998541107683 0.020833029790286974 -0.0017817468142492813
v 0.002599998541107683 0.019763979536412478 -0.0009365073971627266
v 0.002599998541107683 0.018999998884919975 -0.0005817468472999435
v 0.002599998541107683 0.014346492096101754 -0.0005817468472999435
v 0.002599998541107683 0.01418906133226591 3.997762072113492e-05
v 0.002599998541107683 0.019285778934648348 -0.0006234514710846639
v 0.002599998541107683 0.02139554861042925 0.0029582531803470703
v 0.002599998541107683 0.01954772085238937 -0.000745086852714932
v 0.002599998541107683 0.0205472497405586 -0.0017400421904645608
v 0.002599998541107683 0.02028530596017248 -0.0016184068088342927
v 0.002599998541107683 0.02006904913879447 -0.0014269862643864983
v 0.002599998541107683 0.019916515268926026 -0.0011817468016707827
v 0.002599998541107683 0.0136853294541187 0.001217730893108034
v 0.002599998541107683 0.013344481233337029 0.0017610068431395032
v 0.002599998541107683 0.020974598268452847 0.003041985596841328
v 0.002599998541107683 0.020617732231135368 0.003280435368922284
v 0.002599998541107683 0.012503238063104454 0.0027270078866815377
v 0.002599998541107683 0.02037928385603824 0.0036373014062397635
v 0.002599998541107683 0.012949023983519159 0.0022659215009250906
v 0.002599998541107683 0.013967875020631257 0.0006419763497171536
v 0.002599998541107683 0.012011951448191619 0.003139273180218807
v 0.002599998541107683 0.01485940681459102 0.004443211828743426
v 0.002599998541107683 0.044260295796234736 -0.0017531887395790119
v 0.002599998541107683 0.04404845344374327 -0.0017817468142492813
v 0.002599998541107683 0.04445701347051575 -0.0016695531806299442
v 0.002599998541107683 0.044624562122533754 -0.001536811661176747
v 0.002599998541107683 0.04475097984545778 -0.0013644410866566101
v 0.002599998541107683 0.044720585202719106 -0.0005478840758007371
v 0.002599998541107683 0.04482724026113416 -0.0011647479532439708
v 0.002599998541107683 0.044811478558299575 -0.0007413552760881024
v 0.002599998541107683 0.04484790072058124 -0.0009519893539863816
v 0.002599998541107683 0.03739554708321078 0.0029582531803470703
v 0.002599998541107683 0.02897459750484361 0.003041985596841328
v 0.002599998541107683 0.021816500815050755 0.003041985596841328
v 0.002599998541107683 0.022173368715013332 0.003280435368922284
v 0.002599998541107683 0.028617731467526133 0.003280435368922284
v 0.002599998541107683 0.03697459674123437 0.003041985596841328
v 0.002599998541107683 0.029816500051441517 0.003041985596841328
v 0.002599998541107683 0.03781650115047738 0.003041985596841328
v 0.002599998541107683 0.030411816326501227 0.0036373014062397635
v 0.002599998541107683 0.03661773256656199 0.003280435368922284
v 0.002599998541107683 0.030173367951404097 0.003280435368922284
v 0.002599998541107683 0.03817336532514976 0.003280435368922284
v 0.002599998541107683 0.022411817090110465 0.0036373014062397635
v 0.002599998541107683 0.03841181742553709 0.0036373014062397635
v 0.002599998541107683 0.02029555050822143 0.004058253378030629
v 0.002599998541107683 0.02037928385603824 0.004479205116990857
v 0.002599998541107683 0.018265125788402187 0.005286514153133839
v 0.002599998541107683 0.028379283092429 0.0036373014062397635
v 0.002599998541107683 0.02249555043792727 0.004058253378030629
v 0.002599998541107683 0.022411817090110465 0.004479205116990857
v 0.002599998541107683 0.02829554974461219 0.004058253378030629
v 0.002599998541107683 0.028379283092429 0.004479205116990857
v 0.002599998541107683 0.020974598268452847 0.005074520460728018
v 0.002599998541107683 0.020617732231135368 0.004836070222985787
v 0.002599998541107683 0.02139554861042925 0.005158252877222275
v 0.002599998541107683 0.021694583242687866 0.006027403593324011
v 0.002599998541107683 0.021816500815050755 0.005074520460728018
v 0.002599998541107683 0.028617731467526133 0.004836070222985787
v 0.002599998541107683 0.022173368715013332 0.004836070222985787
v 0.002599998541107683 0.02897459750484361 0.005074520460728018
v 0.002599998541107683 0.025144697431130424 0.006665214253690761
v 0.002599998541107683 0.029395549709465115 0.005158252877222275
v 0.002599998541107683 0.028612368912283782 0.007199374302188447
v 0.002599998541107683 0.03637928419146486 0.0036373014062397635
v 0.002599998541107683 0.030495549674318036 0.004058253378030629
v 0.002599998541107683 0.03629555084364806 0.004058253378030629
v 0.002599998541107683 0.03637928419146486 0.004479205116990857
v 0.002599998541107683 0.030411816326501227 0.004479205116990857
v 0.002599998541107683 0.0384955507733539 0.004058253378030629
v 0.002599998541107683 0.03661773256656199 0.004836070222985787
v 0.002599998541107683 0.03841181742553709 0.004479205116990857
v 0.002599998541107683 0.039089552020973146 0.008175619660948793
v 0.002599998541107683 0.030173367951404097 0.004836070222985787
v 0.002599998541107683 0.03697459674123437 0.005074520460728018
v 0.002599998541107683 0.029816500051441517 0.005074520460728018
v 0.002599998541107683 0.03209448893147636 0.007629403176381318
v 0.002599998541107683 0.03817336532514976 0.004836070222985787
v 0.002599998541107683 0.03781650115047738 0.005074520460728018
v 0.002599998541107683 0.03739554708321078 0.005158252877222275
v 0.002599998541107683 0.03558792824494047 0.007954916705717541
v 0.002599998541107683 0.011480481990540607 0.0034982530868939324
v -0.0026000013350753327 0.021694583242687866 0.006027403593324011
v -0.0026000013350753327 0.018265125788402187 0.005286514153133839
v -0.0026000013350753327 0.02139554861042925 0.005158252877222275
v -0.0026000013350753327 0.020974598268452847 0.005074520460728018
v -0.0026000013350753327 0.020617732231135368 0.004836070222985787
v -0.0026000013350753327 0.02037928385603824 0.004479205116990857
v -0.0026000013350753327 0.021816500815050755 0.005074520460728018
v -0.0026000013350753327 0.029395549709465115 0.005158252877222275
v -0.0026000013350753327 0.028612368912283782 0.007199374302188447
v -0.0026000013350753327 0.025144697431130424 0.006665214253690761
v -0.0026000013350753327 0.02897459750484361 0.005074520460728018
v -0.0026000013350753327 0.022173368715013332 0.004836070222985787
v -0.0026000013350753327 0.028617731467526133 0.004836070222985787
v -0.0026000013350753327 0.022411817090110465 0.004479205116990857
v -0.0026000013350753327 0.01485940681459102 0.004443211828743426
v -0.0026000013350753327 0.02037928385603824 0.0036373014062397635
v -0.0026000013350753327 0.02029555050822143 0.004058253378030629
v -0.0026000013350753327 0.012489389296787374 0.002739883653764604
v -0.0026000013350753327 0.028379283092429 0.004479205116990857
v -0.0026000013350753327 0.02249555043792727 0.004058253378030629
v -0.0026000013350753327 0.02829554974461219 0.004058253378030629
v -0.0026000013350753327 0.022411817090110465 0.0036373014062397635
v -0.0026000013350753327 0.028379283092429 0.0036373014062397635
v -0.0026000013350753327 0.028617731467526133 0.003280435368922284
v -0.0026000013350753327 0.03209448893147636 0.007629403176381318
v -0.0026000013350753327 0.029816500051441517 0.005074520460728018
v -0.0026000013350753327 0.03697459674123437 0.005074520460728018
v -0.0026000013350753327 0.030173367951404097 0.004836070222985787
v -0.0026000013350753327 0.039089552020973146 0.008175619660948793
v -0.0026000013350753327 0.03558792824494047 0.007954916705717541
v -0.0026000013350753327 0.03739554708321078 0.005158252877222275
v -0.0026000013350753327 0.03781650115047738 0.005074520460728018
v -0.0026000013350753327 0.03817336532514976 0.004836070222985787
v -0.0026000013350753327 0.03661773256656199 0.004836070222985787
v -0.0026000013350753327 0.030411816326501227 0.004479205116990857
v -0.0026000013350753327 0.03637928419146486 0.004479205116990857
v -0.0026000013350753327 0.030495549674318036 0.004058253378030629
v -0.0026000013350753327 0.03629555084364806 0.004058253378030629
v -0.0026000013350753327 0.03637928419146486 0.0036373014062397635
v -0.0026000013350753327 0.030411816326501227 0.0036373014062397635
v -0.0026000013350753327 0.03841181742553709 0.004479205116990857
v -0.0026000013350753327 0.0384955507733539 0.004058253378030629
v -0.0026000013350753327 0.03841181742553709 0.0036373014062397635
v -0.0026000013350753327 0.044720585202719106 -0.0005478840758007371
v -0.0026000013350753327 0.03661773256656199 0.003280435368922284
v -0.0026000013350753327 0.012004659192625866 0.0031449030250329797
v -0.0026000013350753327 0.012939973390979187 0.0022764813016571818
v -0.0026000013350753327 0.013340402971890996 0.0017668725453894387
v -0.0026000013350753327 0.020974598268452847 0.003041985596841328
v -0.0026000013350753327 0.020617732231135368 0.003280435368922284
v -0.0026000013350753327 0.018999998884919975 -0.0005817468472999435
v -0.0026000013350753327 0.02139554861042925 0.0029582531803470703
v -0.0026000013350753327 0.01368574296133086 0.0012170599916261464
v -0.0026000013350753327 0.013971178421715769 0.0006344359548995117
v -0.0026000013350753327 0.014192133765358045 3.0214231736445404e-05
v -0.0026000013350753327 0.014346549838099848 -0.0005817468472999435
v -0.0026000013350753327 0.019285778934648348 -0.0006234514710846639
v -0.0026000013350753327 0.029395549709465115 0.0029582531803470703
v -0.0026000013350753327 0.019916515268926026 -0.0011817468016707827
v -0.0026000013350753327 0.02006904913879447 -0.0014269862643864983
v -0.0026000013350753327 0.020833029790286974 -0.0017817468142492813
v -0.0026000013350753327 0.019763979536412478 -0.0009365073971627266
v -0.0026000013350753327 0.02028530596017248 -0.0016184068088342927
v -0.0026000013350753327 0.0205472497405586 -0.0017400421904645608
v -0.0026000013350753327 0.01954772085238937 -0.000745086852714932
v -0.0026000013350753327 0.022173368715013332 0.003280435368922284
v -0.0026000013350753327 0.021816500815050755 0.003041985596841328
v -0.0026000013350753327 0.02897459750484361 0.003041985596841328
v -0.0026000013350753327 0.03739554708321078 0.0029582531803470703
v -0.0026000013350753327 0.03697459674123437 0.003041985596841328
v -0.0026000013350753327 0.029816500051441517 0.003041985596841328
v -0.0026000013350753327 0.030173367951404097 0.003280435368922284
v -0.0026000013350753327 0.03817336532514976 0.003280435368922284
v -0.0026000013350753327 0.03781650115047738 0.003041985596841328
v -0.0026000013350753327 0.04445701347051575 -0.0016695531806299442
v -0.0026000013350753327 0.04404845344374327 -0.0017817468142492813
v -0.0026000013350753327 0.04426024736746214 -0.0017530236626570413
v -0.0026000013350753327 0.04462443918795717 -0.0015366929175516342
v -0.0026000013350753327 0.04481131464553079 -0.0007414067316589847
v -0.0026000013350753327 0.04484790072058124 -0.0009519893539863816
v -0.0026000013350753327 0.04475097984545778 -0.0013644410866566101
v -0.0026000013350753327 0.04482707634836538 -0.0011647087212815562
v -0.0026000013350753327 0.011480481990540607 0.0034982530868939324
v -0.004200001135787358 0.011480481990540607 0.0034982530868939324
v -0.0026000013350753327 0.012004659192625866 0.0031449030250329797
v -0.0026000013350753327 0.011480481990540607 0.0034982530868939324
v -0.004200001135787358 0.012940169900037218 0.0022762386921329316
v -0.0026000013350753327 0.013340402971890996 0.0017668725453894387
v -0.0026000013350753327 0.012939973390979187 0.0022764813016571818
v -0.004200001135787358 0.01200481751745935 0.0031448110569311763
v -0.0026000013350753327 0.012489389296787374 0.002739883653764604
v -0.004200001135787358 0.012489411648528573 0.0027398815582888665
v -0.004200001135787358 0.013340502623403836 0.0017667643955583312
v -0.004200001135787358 0.013685793252748553 0.00121694159724699
v -0.0026000013350753327 0.013971178421715769 0.0006344359548995117
v -0.0026000013350753327 0.01368574296133086 0.0012170599916261464
v -0.004200001135787358 0.01434654238751945 -0.0005817468472999435
v -0.0026000013350753327 0.014346549838099848 -0.0005817468472999435
v -0.0026000013350753327 0.014192133765358045 3.0214231736445404e-05
v -0.004200001135787358 0.01397126410339036 0.0006342783867655997
v -0.004200001135787358 0.014192098375101148 3.0249853004989893e-05
v -0.004200001135787358 0.005395550603308999 0.0019582530429675875
v -0.004200001135787358 0.003928935516686199 0.0030531973233583524
v -0.004200001135787358 0.0035287888249989235 0.0027250148564247423
v -0.004200001135787358 0.004974598864348771 0.0018745206264733298
v -0.004200001135787358 0.005395550603308999 0.0034982530868939324
v -0.004200001135787358 0.004880544134372648 0.003447366088428429
v -0.004200001135787358 0.004385266336672197 0.003297295101043204
v -0.004200001135787358 0.005816502342269227 0.0018745206264733298
v -0.004200001135787358 0.003200606358065313 0.002324867931906829
v -0.004200001135787358 0.004379283054950335 0.001279204933490213
v -0.004200001135787358 0.0029565085803804616 0.0018685373447514689
v -0.004200001135787358 0.002806437360164599 0.0013732597798816553
v -0.004200001135787358 0.004295550638456078 0.0008582530781146661
v -0.004200001135787358 0.0027555505945297334 0.0008582530781146661
v -0.004200001135787358 0.004617732827031292 0.0016360706215617364
v -0.004200001135787358 0.0077955506536229935 0.0034982530868939324
v -0.004200001135787358 0.008090026461999826 0.003554422314031856
v -0.004199905675225993 0.00859555020473305 0.0034982530868939324
v -0.004200001135787358 0.008361235039112394 0.0037325677868533125
v -0.004200001135787358 0.008539381210425764 0.004003777528119069
v -0.004199953638337313 0.00859555020473305 0.0038982528624489604
v -0.004200001135787358 0.00859555020473305 0.0042982528708346264
v -0.004200001135787358 0.011480481990540607 0.0034982530868939324
v -0.004200001135787358 0.01200481751745935 0.0031448110569311763
v -0.004200001135787358 0.006173367913925432 0.0016360706215617364
v -0.004200001135787358 0.006411817686006388 0.001279204933490213
v -0.004200001135787358 0.012489411648528573 0.0027398815582888665
v -0.004200001135787358 0.012940169900037218 0.0022762386921329316
v -0.004200001135787358 0.013340502623403836 0.0017667643955583312
v -0.004200001135787358 0.010999999648529211 -0.0005817468472999435
v -0.004200001135787358 0.013685793252748553 0.00121694159724699
v -0.004200001135787358 0.00649555056816192 0.0008582530781146661
v -0.004200001135787358 0.002806437360164599 0.00034324649276299584
v -0.004200001135787358 0.004379283054950335 0.00043730136825826765
v -0.004200001135787358 0.0029565085803804616 -0.0001520311157625623
v -0.004200001135787358 0.004617732827031292 8.043567291078695e-05
v -0.004200001135787358 0.004974598864348771 -0.00015801435382867878
v -0.004200001135787358 0.003200606358065313 -0.000608361659262178
v -0.004200001135787358 0.0035287888249989235 -0.0010085088166107287
v -0.004200001135787358 0.005395550603308999 -0.0002417468721863403
v -0.004200001135787358 0.003928935516686199 -0.0013366909342983828
v -0.004200001135787358 0.004385266336672197 -0.001580788828398553
v -0.004200001135787358 0.004880544134372648 -0.0017308600486144155
v -0.004200001135787358 0.005395550603308999 -0.0017817468142492813
v -0.004200001135787358 0.005816502342269227 -0.00015801435382867878
v -0.004200001135787358 0.009166968743162212 -0.0017817468142492813
v -0.004200001135787358 0.010714219598800838 -0.0006234514710846639
v -0.004200001135787358 0.006411817686006388 0.00043730136825826765
v -0.004200001135787358 0.014192098375101148 3.0249853004989893e-05
v -0.004200001135787358 0.01397126410339036 0.0006342783867655997
v -0.004200001135787358 0.01434654238751945 -0.0005817468472999435
v -0.004200001135787358 0.006173367913925432 8.043567291078695e-05
v -0.004200001135787358 0.010452276749737267 -0.000745086852714932
v -0.004200001135787358 0.009714691641954156 -0.0016184068088342927
v -0.004200001135787358 0.009930950325977265 -0.0014269862643864983
v -0.004200001135787358 0.009452748792890587 -0.0017400421904645608
v -0.004200001135787358 0.010083484195845711 -0.0011817468016707827
v -0.004200001135787358 0.01023601992835926 -0.0009365073971627266
v -0.004200001135787358 0.008090026461999826 0.003554422314031856
v -0.006480001206868716 0.008090026461999826 0.003554422314031856
v -0.006480001206868716 0.0077955506536229935 0.0034982530868939324
v -0.004200001135787358 0.0077955506536229935 0.0034982530868939324
v -0.006480001206868716 0.008361235039112394 0.0037325677868533125
v -0.004200001135787358 0.008361235039112394 0.0037325677868533125
v -0.004200001135787358 0.008539381210425764 0.004003777528119069
v -0.006480001206868716 0.00859555020473305 0.0042982528708346264
v -0.006480001206868716 0.008539381210425764 0.004003777528119069
v -0.004200001135787358 0.00859555020473305 0.0042982528708346264
v 0.0064799984129010665 0.005816502342269227 -0.00015801435382867878
v 0.004199998807480983 0.005816502342269227 -0.00015801435382867878
v 0.0064799984129010665 0.006411817686006388 0.00043730136825826765
v 0.004199998807480983 0.006411817686006388 0.00043730136825826765
v 0.004199998807480983 0.006173367913925432 8.043567291078695e-05
v 0.0064799984129010665 0.006173367913925432 8.043567291078695e-05
v 0.0064799984129010665 0.00649555056816192 0.0008582530781146661
v 0.004199998807480983 0.00649555056816192 0.0008582530781146661
v 0.0064799984129010665 0.006173367913925432 0.0016360706215617364
v 0.004199998807480983 0.006173367913925432 0.0016360706215617364
v 0.004199998807480983 0.006411817686006388 0.001279204933490213
v 0.004199998807480983 0.005816502342269227 0.0018745206264733298
v 0.0064799984129010665 0.005816502342269227 0.0018745206264733298
v 0.0064799984129010665 0.006411817686006388 0.001279204933490213
v 0.0064799984129010665 0.04741650321437846 -0.00015801435382867878
v 0.004199998807480983 0.04741650321437846 -0.00015801435382867878
v 0.0064799984129010665 0.048011815764147966 0.00043730136825826765
v 0.004199998807480983 0.048011815764147966 0.00043730136825826765
v 0.004199998807480983 0.04777336738905084 8.043567291078695e-05
v 0.0064799984129010665 0.04777336738905084 8.043567291078695e-05
v 0.0064799984129010665 0.04809554911196477 0.0008582530781146661
v 0.004199998807480983 0.04809554911196477 0.0008582530781146661
v 0.0064799984129010665 0.04777336738905084 0.0016360706215617364
v 0.004199998807480983 0.04777336738905084 0.0016360706215617364
v 0.004199998807480983 0.048011815764147966 0.001279204933490213
v 0.004199998807480983 0.04741650321437846 0.0018745206264733298
v 0.0064799984129010665 0.04741650321437846 0.0018745206264733298
v 0.0064799984129010665 0.048011815764147966 0.001279204933490213
v 0.006459998261141868 0.03781650115047738 0.003041985596841328
v 0.002599998541107683 0.03781650115047738 0.003041985596841328
v 0.006459998261141868 0.03841181742553709 0.0036373014062397635
v 0.002599998541107683 0.03841181742553709 0.0036373014062397635
v 0.002599998541107683 0.03817336532514976 0.003280435368922284
v 0.006459998261141868 0.03817336532514976 0.003280435368922284
v 0.002599998541107683 0.0384955507733539 0.004058253378030629
v 0.006459998261141868 0.0384955507733539 0.004058253378030629
v 0.006459998261141868 0.03817336532514976 0.004836070222985787
v 0.002599998541107683 0.03817336532514976 0.004836070222985787
v 0.002599998541107683 0.03841181742553709 0.004479205116990857
v 0.002599998541107683 0.03781650115047738 0.005074520460728018
v 0.006459998261141868 0.03781650115047738 0.005074520460728018
v 0.006459998261141868 0.03841181742553709 0.004479205116990857
v 0.006459998261141868 0.021816500815050755 0.003041985596841328
v 0.002599998541107683 0.021816500815050755 0.003041985596841328
v 0.006459998261141868 0.022173368715013332 0.003280435368922284
v 0.002599998541107683 0.022411817090110465 0.0036373014062397635
v 0.002599998541107683 0.022173368715013332 0.003280435368922284
v 0.006459998261141868 0.022411817090110465 0.0036373014062397635
v 0.002599998541107683 0.02249555043792727 0.004058253378030629
v 0.006459998261141868 0.02249555043792727 0.004058253378030629
v 0.006459998261141868 0.022173368715013332 0.004836070222985787
v 0.002599998541107683 0.022173368715013332 0.004836070222985787
v 0.002599998541107683 0.022411817090110465 0.004479205116990857
v 0.006459998261141868 0.021816500815050755 0.005074520460728018
v 0.002599998541107683 0.021816500815050755 0.005074520460728018
v 0.006459998261141868 0.022411817090110465 0.004479205116990857
v 0.006459998261141868 0.029816500051441517 0.003041985596841328
v 0.002599998541107683 0.029816500051441517 0.003041985596841328
v 0.006459998261141868 0.030173367951404097 0.003280435368922284
v 0.002599998541107683 0.030411816326501227 0.0036373014062397635
v 0.002599998541107683 0.030173367951404097 0.003280435368922284
v 0.006459998261141868 0.030411816326501227 0.0036373014062397635
v 0.002599998541107683 0.030495549674318036 0.004058253378030629
v 0.006459998261141868 0.030495549674318036 0.004058253378030629
v 0.006459998261141868 0.030173367951404097 0.004836070222985787
v 0.002599998541107683 0.030173367951404097 0.004836070222985787
v 0.002599998541107683 0.030411816326501227 0.004479205116990857
v 0.006459998261141868 0.029816500051441517 0.005074520460728018
v 0.002599998541107683 0.029816500051441517 0.005074520460728018
v 0.006459998261141868 0.030411816326501227 0.004479205116990857
v -0.004200001135787358 0.005816502342269227 -0.00015801435382867878
v -0.006480001206868716 0.005816502342269227 -0.00015801435382867878
v -0.004200001135787358 0.006411817686006388 0.00043730136825826765
v -0.006480001206868716 0.006411817686006388 0.00043730136825826765
v -0.006480001206868716 0.006173367913925432 8.043567291078695e-05
v -0.004200001135787358 0.006173367913925432 8.043567291078695e-05
v -0.004200001135787358 0.00649555056816192 0.0008582530781146661
v -0.006480001206868716 0.00649555056816192 0.0008582530781146661
v -0.004200001135787358 0.006173367913925432 0.0016360706215617364
v -0.006480001206868716 0.006173367913925432 0.0016360706215617364
v -0.006480001206868716 0.006411817686006388 0.001279204933490213
v -0.006480001206868716 0.005816502342269227 0.0018745206264733298
v -0.004200001135787358 0.005816502342269227 0.0018745206264733298
v -0.004200001135787358 0.006411817686006388 0.001279204933490213
v -0.004200001135787358 0.04741650321437846 -0.00015801435382867878
v -0.006480001206868716 0.04741650321437846 -0.00015801435382867878
v -0.004200001135787358 0.048011815764147966 0.00043730136825826765
v -0.006480001206868716 0.048011815764147966 0.00043730136825826765
v -0.006480001206868716 0.04777336738905084 8.043567291078695e-05
v -0.004200001135787358 0.04777336738905084 8.043567291078695e-05
v -0.004200001135787358 0.04809554911196477 0.0008582530781146661
v -0.006480001206868716 0.04809554911196477 0.0008582530781146661
v -0.004200001135787358 0.04777336738905084 0.0016360706215617364
v -0.006480001206868716 0.04777336738905084 0.0016360706215617364
v -0.006480001206868716 0.048011815764147966 0.001279204933490213
v -0.006480001206868716 0.04741650321437846 0.0018745206264733298
v -0.004200001135787358 0.04741650321437846 0.0018745206264733298
v -0.004200001135787358 0.048011815764147966 0.001279204933490213
v -0.0026000013350753327 0.03781650115047738 0.003041985596841328
v -0.006460001520770794 0.03781650115047738 0.003041985596841328
v -0.0026000013350753327 0.03841181742553709 0.0036373014062397635
v -0.006460001520770794 0.03841181742553709 0.0036373014062397635
v -0.006460001520770794 0.03817336532514976 0.003280435368922284
v -0.0026000013350753327 0.03817336532514976 0.003280435368922284
v -0.0026000013350753327 0.0384955507733539 0.004058253378030629
v -0.006460001520770794 0.0384955507733539 0.004058253378030629
v -0.0026000013350753327 0.03817336532514976 0.004836070222985787
v -0.006460001520770794 0.03817336532514976 0.004836070222985787
v -0.006460001520770794 0.03841181742553709 0.004479205116990857
v -0.006460001520770794 0.03781650115047738 0.005074520460728018
v -0.0026000013350753327 0.03781650115047738 0.005074520460728018
v -0.0026000013350753327 0.03841181742553709 0.004479205116990857
v -0.006460001520770794 0.021816500815050755 0.003041985596841328
v -0.0026000013350753327 0.022411817090110465 0.0036373014062397635
v -0.006460001520770794 0.022411817090110465 0.0036373014062397635
v -0.006460001520770794 0.022173368715013332 0.003280435368922284
v -0.0026000013350753327 0.021816500815050755 0.003041985596841328
v -0.0026000013350753327 0.022173368715013332 0.003280435368922284
v -0.006460001520770794 0.02249555043792727 0.004058253378030629
v -0.0026000013350753327 0.02249555043792727 0.004058253378030629
v -0.0026000013350753327 0.022411817090110465 0.004479205116990857
v -0.006460001520770794 0.022173368715013332 0.004836070222985787
v -0.006460001520770794 0.022411817090110465 0.004479205116990857
v -0.006460001520770794 0.021816500815050755 0.005074520460728018
v -0.0026000013350753327 0.022173368715013332 0.004836070222985787
v -0.0026000013350753327 0.021816500815050755 0.005074520460728018
v -0.006460001520770794 0.029816500051441517 0.003041985596841328
v -0.0026000013350753327 0.030411816326501227 0.0036373014062397635
v -0.006460001520770794 0.030411816326501227 0.0036373014062397635
v -0.006460001520770794 0.030173367951404097 0.003280435368922284
v -0.0026000013350753327 0.029816500051441517 0.003041985596841328
v -0.0026000013350753327 0.030173367951404097 0.003280435368922284
v -0.006460001520770794 0.030495549674318036 0.004058253378030629
v -0.0026000013350753327 0.030495549674318036 0.004058253378030629
v -0.0026000013350753327 0.030411816326501227 0.004479205116990857
v -0.006460001520770794 0.030173367951404097 0.004836070222985787
v -0.006460001520770794 0.030411816326501227 0.004479205116990857
v -0.006460001520770794 0.029816500051441517 0.005074520460728018
v -0.0026000013350753327 0.030173367951404097 0.004836070222985787
v -0.0026000013350753327 0.029816500051441517 0.005074520460728018
v 0.004199998807480983 0.014346492096101754 -0.0005817468472999435
v 0.002599998541107683 0.014346492096101754 -0.0005817468472999435
v 0.002599998541107683 0.018999998884919975 -0.0005817468472999435
v 0.0064799984129010665 0.018999998884919975 -0.0005817468472999435
v 0.0064799984129010665 0.010999999648529211 -0.0005817468472999435
v 0.004199998807480983 0.010999999648529211 -0.0005817468472999435
v -0.004200001135787358 0.01434654238751945 -0.0005817468472999435
v -0.006480001206868716 0.010999999648529211 -0.0005817468472999435
v -0.006480001206868716 0.018999998884919975 -0.0005817468472999435
v -0.004200001135787358 0.010999999648529211 -0.0005817468472999435
v -0.0026000013350753327 0.018999998884919975 -0.0005817468472999435
v -0.0026000013350753327 0.014346549838099848 -0.0005817468472999435
v -0.005880001310705536 0.010083484195845711 -0.0011817468016707827
v -0.006120479503300184 0.01023202362329762 -0.0009412684344531567
v -0.004200001135787358 0.01023601992835926 -0.0009365073971627266
v -0.004200001135787358 0.010083484195845711 -0.0011817468016707827
v -0.00644005445439694 0.010720181925765326 -0.000621693716187038
v -0.006316661201453727 0.010452276749737267 -0.000745086852714932
v -0.004200001135787358 0.010452276749737267 -0.000745086852714932
v -0.004200001135787358 0.010714219598800838 -0.0006234514710846639
v -0.00644005445439694 0.01927981660768386 -0.000621693716187038
v -0.0026000013350753327 0.019285778934648348 -0.0006234514710846639
v -0.006316661201453727 0.01954772085238937 -0.000745086852714932
v -0.0026000013350753327 0.01954772085238937 -0.000745086852714932
v -0.006120479503300184 0.019767976772796667 -0.0009412684344531567
v -0.0026000013350753327 0.019763979536412478 -0.0009365073971627266
v -0.005880001310705536 0.019916515268926026 -0.0011817468016707827
v -0.0026000013350753327 0.019916515268926026 -0.0011817468016707827
v 0.006440051660429291 0.01927981660768386 -0.000621693716187038
v 0.002599998541107683 0.019285778934648348 -0.0006234514710846639
v 0.002599998541107683 0.01954772085238937 -0.000745086852714932
v 0.006316658407486078 0.01954772085238937 -0.000745086852714932
v 0.002599998541107683 0.019763979536412478 -0.0009365073971627266
v 0.006120477174993809 0.019767976772796667 -0.0009412684344531567
v 0.002599998541107683 0.019916515268926026 -0.0011817468016707827
v 0.005879998516737887 0.019916515268926026 -0.0011817468016707827
v 0.005879998516737887 0.010083484195845711 -0.0011817468016707827
v 0.004199998807480983 0.010083484195845711 -0.0011817468016707827
v 0.004199998807480983 0.01023601992835926 -0.0009365073971627266
v 0.006120477174993809 0.01023202362329762 -0.0009412684344531567
v 0.006440051660429291 0.010720181925765326 -0.000621693716187038
v 0.004199998807480983 0.010714219598800838 -0.0006234514710846639
v 0.006316658407486078 0.010452276749737267 -0.000745086852714932
v 0.004199998807480983 0.010452276749737267 -0.000745086852714932
v -0.004200001135787358 0.009930950325977265 -0.0014269862643864983
v -0.0056395226524496135 0.009934945699716355 -0.0014222252270960681
v -0.00544334095429607 0.009714691641954156 -0.0016184068088342927
v -0.004200001135787358 0.009714691641954156 -0.0016184068088342927
v -0.004200001135787358 0.009452748792890587 -0.0017400421904645608
v -0.004200001135787358 0.009166968743162212 -0.0017817468142492813
v -0.005280000948881081 0.009166968743162212 -0.0017817468142492813
v -0.005319948167014132 0.009446787397248649 -0.0017418000617775054
v -0.0026000013350753327 0.020833029790286974 -0.0017817468142492813
v -0.0026000013350753327 0.0205472497405586 -0.0017400421904645608
v -0.005280000948881081 0.020833029790286974 -0.0017817468142492813
v -0.005319948167014132 0.02055321206752309 -0.0017418000617775054
v -0.0026000013350753327 0.02028530596017248 -0.0016184068088342927
v -0.00544334095429607 0.02028530596017248 -0.0016184068088342927
v -0.0026000013350753327 0.02006904913879447 -0.0014269862643864983
v -0.0056395226524496135 0.020065053765055383 -0.0014222252270960681
v 0.005279998620574707 0.020833029790286974 -0.0017817468142492813
v 0.005319945373046483 0.02055321206752309 -0.0017418000617775054
v 0.002599998541107683 0.0205472497405586 -0.0017400421904645608
v 0.002599998541107683 0.020833029790286974 -0.0017817468142492813
v 0.002599998541107683 0.02028530596017248 -0.0016184068088342927
v 0.0054433381603284205 0.02028530596017248 -0.0016184068088342927
v 0.005639519858481963 0.020065053765055383 -0.0014222252270960681
v 0.002599998541107683 0.02006904913879447 -0.0014269862643864983
v 0.005639519858481963 0.009934945699716355 -0.0014222252270960681
v 0.004199998807480983 0.009930950325977265 -0.0014269862643864983
v 0.0054433381603284205 0.009714691641954156 -0.0016184068088342927
v 0.004199998807480983 0.009714691641954156 -0.0016184068088342927
v 0.005319945373046483 0.009446787397248649 -0.0017418000617775054
v 0.005279998620574707 0.009166968743162212 -0.0017817468142492813
v 0.004199998807480983 0.009452748792890587 -0.0017400421904645608
v 0.004199998807480983 0.009166968743162212 -0.0017817468142492813
v -0.0026000013350753327 0.028617731467526133 0.004836070222985787
v -0.006460001520770794 0.028617731467526133 0.004836070222985787
v -0.006460001520770794 0.02897459750484361 0.005074520460728018
v -0.0026000013350753327 0.02897459750484361 0.005074520460728018
v -0.006460001520770794 0.029395549709465115 0.005158252877222275
v -0.0026000013350753327 0.029395549709465115 0.005158252877222275
v -0.0026000013350753327 0.028379283092429 0.004479205116990857
v -0.006460001520770794 0.028379283092429 0.004479205116990857
v -0.0026000013350753327 0.02897459750484361 0.003041985596841328
v -0.0026000013350753327 0.029395549709465115 0.0029582531803470703
v -0.006460001520770794 0.029395549709465115 0.0029582531803470703
v -0.0026000013350753327 0.02829554974461219 0.004058253378030629
v -0.006460001520770794 0.028379283092429 0.0036373014062397635
v -0.006460001520770794 0.02829554974461219 0.004058253378030629
v -0.006460001520770794 0.02897459750484361 0.003041985596841328
v -0.006460001520770794 0.028617731467526133 0.003280435368922284
v -0.0026000013350753327 0.028617731467526133 0.003280435368922284
v -0.0026000013350753327 0.028379283092429 0.0036373014062397635
v -0.0026000013350753327 0.020617732231135368 0.004836070222985787
v -0.006460001520770794 0.020617732231135368 0.004836070222985787
v -0.006460001520770794 0.020974598268452847 0.005074520460728018
v -0.0026000013350753327 0.020974598268452847 0.005074520460728018
v -0.006460001520770794 0.02139554861042925 0.005158252877222275
v -0.0026000013350753327 0.02139554861042925 0.005158252877222275
v -0.0026000013350753327 0.02037928385603824 0.004479205116990857
v -0.006460001520770794 0.02037928385603824 0.004479205116990857
v -0.0026000013350753327 0.020974598268452847 0.003041985596841328
v -0.0026000013350753327 0.02139554861042925 0.0029582531803470703
v -0.006460001520770794 0.02139554861042925 0.0029582531803470703
v -0.0026000013350753327 0.02029555050822143 0.004058253378030629
v -0.006460001520770794 0.02037928385603824 0.0036373014062397635
v -0.006460001520770794 0.02029555050822143 0.004058253378030629
v -0.006460001520770794 0.020974598268452847 0.003041985596841328
v -0.006460001520770794 0.020617732231135368 0.003280435368922284
v -0.0026000013350753327 0.020617732231135368 0.003280435368922284
v -0.0026000013350753327 0.02037928385603824 0.0036373014062397635
v -0.0026000013350753327 0.03661773256656199 0.004836070222985787
v -0.006460001520770794 0.03661773256656199 0.004836070222985787
v -0.006460001520770794 0.03697459674123437 0.005074520460728018
v -0.0026000013350753327 0.03697459674123437 0.005074520460728018
v -0.006460001520770794 0.03739554708321078 0.005158252877222275
v -0.0026000013350753327 0.03739554708321078 0.005158252877222275
v -0.0026000013350753327 0.03637928419146486 0.004479205116990857
v -0.006460001520770794 0.03637928419146486 0.004479205116990857
v -0.0026000013350753327 0.03697459674123437 0.003041985596841328
v -0.0026000013350753327 0.03739554708321078 0.0029582531803470703
v -0.006460001520770794 0.03739554708321078 0.0029582531803470703
v -0.0026000013350753327 0.03637928419146486 0.0036373014062397635
v -0.006460001520770794 0.03637928419146486 0.0036373014062397635
v -0.006460001520770794 0.03629555084364806 0.004058253378030629
v -0.0026000013350753327 0.03661773256656199 0.003280435368922284
v -0.006460001520770794 0.03697459674123437 0.003041985596841328
v -0.006460001520770794 0.03661773256656199 0.003280435368922284
v -0.0026000013350753327 0.03629555084364806 0.004058253378030629
v -0.004200001135787358 0.04621773090517287 0.0016360706215617364
v -0.006480001206868716 0.04621773090517287 0.0016360706215617364
v -0.006480001206868716 0.046574598805135446 0.0018745206264733298
v -0.004200001135787358 0.046574598805135446 0.0018745206264733298
v -0.006480001206868716 0.046995549147111855 0.0019582530429675875
v -0.004200001135787358 0.046995549147111855 0.0019582530429675875
v -0.004200001135787358 0.04597928253007574 0.001279204933490213
v -0.006480001206868716 0.04597928253007574 0.001279204933490213
v -0.004200001135787358 0.046574598805135446 -0.00015801435382867878
v -0.004200001135787358 0.046995549147111855 -0.0002417468721863403
v -0.006480001206868716 0.046995549147111855 -0.0002417468721863403
v -0.004200001135787358 0.04597928253007574 0.00043730136825826765
v -0.006480001206868716 0.04597928253007574 0.00043730136825826765
v -0.006480001206868716 0.04589554918225893 0.0008582530781146661
v -0.006480001206868716 0.046574598805135446 -0.00015801435382867878
v -0.006480001206868716 0.04621773090517287 8.043567291078695e-05
v -0.004200001135787358 0.04621773090517287 8.043567291078695e-05
v -0.004200001135787358 0.04589554918225893 0.0008582530781146661
v -0.004200001135787358 0.004617732827031292 0.0016360706215617364
v -0.006480001206868716 0.004617732827031292 0.0016360706215617364
v -0.006480001206868716 0.004974598864348771 0.0018745206264733298
v -0.004200001135787358 0.004974598864348771 0.0018745206264733298
v -0.006480001206868716 0.005395550603308999 0.0019582530429675875
v -0.004200001135787358 0.005395550603308999 0.0019582530429675875
v -0.004200001135787358 0.004379283054950335 0.001279204933490213
v -0.006480001206868716 0.004379283054950335 0.001279204933490213
v -0.004200001135787358 0.004974598864348771 -0.00015801435382867878
v -0.004200001135787358 0.005395550603308999 -0.0002417468721863403
v -0.006480001206868716 0.005395550603308999 -0.0002417468721863403
v -0.004200001135787358 0.004379283054950335 0.00043730136825826765
v -0.006480001206868716 0.004379283054950335 0.00043730136825826765
v -0.006480001206868716 0.004295550638456078 0.0008582530781146661
v -0.006480001206868716 0.004974598864348771 -0.00015801435382867878
v -0.006480001206868716 0.004617732827031292 8.043567291078695e-05
v -0.004200001135787358 0.004617732827031292 8.043567291078695e-05
v -0.004200001135787358 0.004295550638456078 0.0008582530781146661
v 0.006459998261141868 0.028617731467526133 0.004836070222985787
v 0.002599998541107683 0.028617731467526133 0.004836070222985787
v 0.002599998541107683 0.02897459750484361 0.005074520460728018
v 0.006459998261141868 0.02897459750484361 0.005074520460728018
v 0.002599998541107683 0.029395549709465115 0.005158252877222275
v 0.006459998261141868 0.029395549709465115 0.005158252877222275
v 0.002599998541107683 0.028379283092429 0.004479205116990857
v 0.006459998261141868 0.028379283092429 0.004479205116990857
v 0.006459998261141868 0.02897459750484361 0.003041985596841328
v 0.006459998261141868 0.029395549709465115 0.0029582531803470703
v 0.002599998541107683 0.029395549709465115 0.0029582531803470703
v 0.006459998261141868 0.02829554974461219 0.004058253378030629
v 0.002599998541107683 0.028379283092429 0.0036373014062397635
v 0.002599998541107683 0.02829554974461219 0.004058253378030629
v 0.002599998541107683 0.02897459750484361 0.003041985596841328
v 0.002599998541107683 0.028617731467526133 0.003280435368922284
v 0.006459998261141868 0.028379283092429 0.0036373014062397635
v 0.006459998261141868 0.028617731467526133 0.003280435368922284
v 0.006459998261141868 0.020617732231135368 0.004836070222985787
v 0.002599998541107683 0.020617732231135368 0.004836070222985787
v 0.002599998541107683 0.020974598268452847 0.005074520460728018
v 0.006459998261141868 0.020974598268452847 0.005074520460728018
v 0.002599998541107683 0.02139554861042925 0.005158252877222275
v 0.006459998261141868 0.02139554861042925 0.005158252877222275
v 0.002599998541107683 0.02037928385603824 0.004479205116990857
v 0.006459998261141868 0.02037928385603824 0.004479205116990857
v 0.006459998261141868 0.020974598268452847 0.003041985596841328
v 0.006459998261141868 0.02139554861042925 0.0029582531803470703
v 0.002599998541107683 0.02139554861042925 0.0029582531803470703
v 0.006459998261141868 0.02029555050822143 0.004058253378030629
v 0.002599998541107683 0.02037928385603824 0.0036373014062397635
v 0.002599998541107683 0.02029555050822143 0.004058253378030629
v 0.002599998541107683 0.020974598268452847 0.003041985596841328
v 0.002599998541107683 0.020617732231135368 0.003280435368922284
v 0.006459998261141868 0.02037928385603824 0.0036373014062397635
v 0.006459998261141868 0.020617732231135368 0.003280435368922284
v 0.006459998261141868 0.03697459674123437 0.005074520460728018
v 0.002599998541107683 0.03661773256656199 0.004836070222985787
v 0.002599998541107683 0.03697459674123437 0.005074520460728018
v 0.006459998261141868 0.03739554708321078 0.005158252877222275
v 0.002599998541107683 0.03739554708321078 0.005158252877222275
v 0.006459998261141868 0.03661773256656199 0.004836070222985787
v 0.006459998261141868 0.03637928419146486 0.004479205116990857
v 0.002599998541107683 0.03637928419146486 0.004479205116990857
v 0.006459998261141868 0.03697459674123437 0.003041985596841328
v 0.006459998261141868 0.03739554708321078 0.0029582531803470703
v 0.002599998541107683 0.03739554708321078 0.0029582531803470703
v 0.006459998261141868 0.03637928419146486 0.0036373014062397635
v 0.002599998541107683 0.03637928419146486 0.0036373014062397635
v 0.002599998541107683 0.03629555084364806 0.004058253378030629
v 0.002599998541107683 0.03697459674123437 0.003041985596841328
v 0.002599998541107683 0.03661773256656199 0.003280435368922284
v 0.006459998261141868 0.03661773256656199 0.003280435368922284
v 0.006459998261141868 0.03629555084364806 0.004058253378030629
v 0.0064799984129010665 0.04621773090517287 0.0016360706215617364
v 0.004199998807480983 0.04621773090517287 0.0016360706215617364
v 0.004199998807480983 0.046574598805135446 0.0018745206264733298
v 0.0064799984129010665 0.046574598805135446 0.0018745206264733298
v 0.004199998807480983 0.046995549147111855 0.0019582530429675875
v 0.0064799984129010665 0.046995549147111855 0.0019582530429675875
v 0.0064799984129010665 0.04597928253007574 0.001279204933490213
v 0.004199998807480983 0.04597928253007574 0.001279204933490213
v 0.0064799984129010665 0.046574598805135446 -0.00015801435382867878
v 0.0064799984129010665 0.046995549147111855 -0.0002417468721863403
v 0.004199998807480983 0.046995549147111855 -0.0002417468721863403
v 0.0064799984129010665 0.04597928253007574 0.00043730136825826765
v 0.004199998807480983 0.04597928253007574 0.00043730136825826765
v 0.004199998807480983 0.04589554918225893 0.0008582530781146661
v 0.004199998807480983 0.046574598805135446 -0.00015801435382867878
v 0.004199998807480983 0.04621773090517287 8.043567291078695e-05
v 0.0064799984129010665 0.04621773090517287 8.043567291078695e-05
v 0.0064799984129010665 0.04589554918225893 0.0008582530781146661
v 0.0064799984129010665 0.004617732827031292 0.0016360706215617364
v 0.004199998807480983 0.004617732827031292 0.0016360706215617364
v 0.004199998807480983 0.004974598864348771 0.0018745206264733298
v 0.0064799984129010665 0.004974598864348771 0.0018745206264733298
v 0.004199998807480983 0.005395550603308999 0.0019582530429675875
v 0.0064799984129010665 0.005395550603308999 0.0019582530429675875
v 0.0064799984129010665 0.004379283054950335 0.001279204933490213
v 0.004199998807480983 0.004379283054950335 0.001279204933490213
v 0.0064799984129010665 0.004974598864348771 -0.00015801435382867878
v 0.0064799984129010665 0.005395550603308999 -0.0002417468721863403
v 0.004199998807480983 0.005395550603308999 -0.0002417468721863403
v 0.0064799984129010665 0.004379283054950335 0.00043730136825826765
v 0.004199998807480983 0.004379283054950335 0.00043730136825826765
v 0.004199998807480983 0.004295550638456078 0.0008582530781146661
v 0.004199998807480983 0.004974598864348771 -0.00015801435382867878
v 0.004199998807480983 0.004617732827031292 8.043567291078695e-05
v 0.0064799984129010665 0.004617732827031292 8.043567291078695e-05
v 0.0064799984129010665 0.004295550638456078 0.0008582530781146661
v 0.006459998261141868 0.03637928419146486 0.004479205116990857
v 0.006459998261141868 0.03661773256656199 0.004836070222985787
v 0.0064799984129010665 0.036603591364964244 0.004850212355906085
v 0.006459998261141868 0.03697459674123437 0.005074520460728018
v 0.0064799984129010665 0.03696694499516436 0.005092997900118122
v 0.006459998261141868 0.03739554708321078 0.005158252877222275
v 0.0064799984129010665 0.03739554708321078 0.005178253028981473
v 0.0064799984129010665 0.03636080302678456 0.004486858260044697
v 0.0064799984129010665 0.03696694499516436 0.0030235079246205866
v 0.0064799984129010665 0.03739554708321078 0.002938253028587873
v 0.006459998261141868 0.03739554708321078 0.0029582531803470703
v 0.0064799984129010665 0.03627554976056631 0.004058253378030629
v 0.006459998261141868 0.03637928419146486 0.0036373014062397635
v 0.006459998261141868 0.03629555084364806 0.004058253378030629
v 0.0064799984129010665 0.036603591364964244 0.003266293468832623
v 0.006459998261141868 0.03661773256656199 0.003280435368922284
v 0.006459998261141868 0.03697459674123437 0.003041985596841328
v 0.0064799984129010665 0.03636080302678456 0.0036296475646940113
v 0.0064799984129010665 0.02139554861042925 0.005178253028981473
v 0.006459998261141868 0.020974598268452847 0.005074520460728018
v 0.006459998261141868 0.02139554861042925 0.005158252877222275
v 0.006459998261141868 0.020617732231135368 0.004836070222985787
v 0.0064799984129010665 0.020966944659737734 0.005092997900118122
v 0.0064799984129010665 0.02060359102953762 0.004850212355906085
v 0.0064799984129010665 0.020360804554003034 0.004486858260044697
v 0.006459998261141868 0.02037928385603824 0.004479205116990857
v 0.006459998261141868 0.020974598268452847 0.003041985596841328
v 0.0064799984129010665 0.02139554861042925 0.002938253028587873
v 0.006459998261141868 0.02139554861042925 0.0029582531803470703
v 0.0064799984129010665 0.02060359102953762 0.003266293468832623
v 0.006459998261141868 0.020617732231135368 0.003280435368922284
v 0.006459998261141868 0.02037928385603824 0.0036373014062397635
v 0.0064799984129010665 0.020966944659737734 0.0030235079246205866
v 0.0064799984129010665 0.02027554942513968 0.004058253378030629
v 0.006459998261141868 0.02029555050822143 0.004058253378030629
v 0.0064799984129010665 0.020360804554003034 0.0036296475646940113
v 0.0064799984129010665 0.029395549709465115 0.005178253028981473
v 0.006459998261141868 0.02897459750484361 0.005074520460728018
v 0.006459998261141868 0.029395549709465115 0.005158252877222275
v 0.006459998261141868 0.028617731467526133 0.004836070222985787
v 0.0064799984129010665 0.028966945758773597 0.005092997900118122
v 0.0064799984129010665 0.02860359026592838 0.004850212355906085
v 0.0064799984129010665 0.028360805653038897 0.004486858260044697
v 0.006459998261141868 0.028379283092429 0.004479205116990857
v 0.006459998261141868 0.02897459750484361 0.003041985596841328
v 0.0064799984129010665 0.029395549709465115 0.002938253028587873
v 0.006459998261141868 0.029395549709465115 0.0029582531803470703
v 0.0064799984129010665 0.02860359026592838 0.003266293468832623
v 0.006459998261141868 0.028617731467526133 0.003280435368922284
v 0.006459998261141868 0.028379283092429 0.0036373014062397635
v 0.0064799984129010665 0.028966945758773597 0.0030235079246205866
v 0.0064799984129010665 0.028275550524175543 0.004058253378030629
v 0.006459998261141868 0.02829554974461219 0.004058253378030629
v 0.0064799984129010665 0.028360805653038897 0.0036296475646940113
v 0.0007925299368062072 0.010615732239148445 0.008316522243491484
v -1.3443237277498707e-09 0.010675550155206256 0.00833955757544082
v 0.0006056701370929542 0.010640697271421182 0.0034982530868939324
v 0.0022932593102243473 0.010151531277954479 0.0080873554289267
v 0.0015661483214987363 0.01043792786321089 0.008239692789737118
v 0.001785134267193921 0.010364623465307912 0.0034982530868939324
v 0.0012033454521715725 0.010536596830760515 0.0034982530868939324
v 0.0023433553830143443 0.010127049602085141 0.0034982530868939324
v 0.002948079878473189 0.009775872082902478 0.007824074269358917
v -1.3443237277498707e-09 0.010675550155206256 0.0034982530868939324
v 0.002870639477126086 0.009827009141472632 0.0034982530868939324
v 0.003235008016074958 0.009568377144073971 0.007639744581975458
v 0.003360025029883929 0.009468463929597673 0.0034982530868939324
v 0.0034903394063567567 0.009357359012039174 0.007414449740911901
v 0.003707929881626228 0.00915452347992784 0.00714895994991702
v 0.004024605625625131 0.008813289691610505 0.00650218251603979
v 0.003885640659647517 0.008970489487453975 0.00684496462809634
v 0.0038050514567591867 0.009056146947658885 0.0034982530868939324
v 0.004121994024668638 0.008695179365831626 0.006134235603023548
v 0.004199807886358253 0.00859555020473305 0.005341959044158575
v 0.004180297610260305 0.008621134566501475 0.00574451250614544
v 0.004199998807480983 0.00859555020473305 0.0042982528708346264
v 0.004199903346919618 0.00859555020473305 0.0034982530868939324
v -0.006460001520770794 0.03637928419146486 0.0036373014062397635
v -0.006460001520770794 0.03661773256656199 0.003280435368922284
v -0.006480001206868716 0.036603591364964244 0.003266293468832623
v -0.006460001520770794 0.03697459674123437 0.003041985596841328
v -0.006480001206868716 0.03696694499516436 0.0030235079246205866
v -0.006460001520770794 0.03739554708321078 0.0029582531803470703
v -0.006480001206868716 0.03739554708321078 0.002938253028587873
v -0.006480001206868716 0.03636080302678456 0.0036296475646940113
v -0.006480001206868716 0.03696694499516436 0.005092997900118122
v -0.006480001206868716 0.03739554708321078 0.005178253028981473
v -0.006460001520770794 0.03739554708321078 0.005158252877222275
v -0.006480001206868716 0.03627554976056631 0.004058253378030629
v -0.006460001520770794 0.03637928419146486 0.004479205116990857
v -0.006460001520770794 0.03629555084364806 0.004058253378030629
v -0.006480001206868716 0.036603591364964244 0.004850212355906085
v -0.006460001520770794 0.03661773256656199 0.004836070222985787
v -0.006460001520770794 0.03697459674123437 0.005074520460728018
v -0.006480001206868716 0.03636080302678456 0.004486858260044697
v -0.006480001206868716 0.02139554861042925 0.002938253028587873
v -0.006460001520770794 0.020974598268452847 0.003041985596841328
v -0.006460001520770794 0.02139554861042925 0.0029582531803470703
v -0.006460001520770794 0.020617732231135368 0.003280435368922284
v -0.006480001206868716 0.020966944659737734 0.0030235079246205866
v -0.006480001206868716 0.02060359102953762 0.003266293468832623
v -0.006480001206868716 0.020360804554003034 0.0036296475646940113
v -0.006460001520770794 0.02037928385603824 0.0036373014062397635
v -0.006480001206868716 0.020966944659737734 0.005092997900118122
v -0.006480001206868716 0.02139554861042925 0.005178253028981473
v -0.006460001520770794 0.02139554861042925 0.005158252877222275
v -0.006460001520770794 0.02037928385603824 0.004479205116990857
v -0.006460001520770794 0.02029555050822143 0.004058253378030629
v -0.006480001206868716 0.02027554942513968 0.004058253378030629
v -0.006480001206868716 0.020360804554003034 0.004486858260044697
v -0.006460001520770794 0.020617732231135368 0.004836070222985787
v -0.006480001206868716 0.02060359102953762 0.004850212355906085
v -0.006460001520770794 0.020974598268452847 0.005074520460728018
v -0.006480001206868716 0.029395549709465115 0.002938253028587873
v -0.006460001520770794 0.02897459750484361 0.003041985596841328
v -0.006460001520770794 0.029395549709465115 0.0029582531803470703
v -0.006460001520770794 0.028617731467526133 0.003280435368922284
v -0.006480001206868716 0.028966945758773597 0.0030235079246205866
v -0.006480001206868716 0.02860359026592838 0.003266293468832623
v -0.006480001206868716 0.028360805653038897 0.0036296475646940113
v -0.006460001520770794 0.028379283092429 0.0036373014062397635
v -0.006480001206868716 0.028966945758773597 0.005092997900118122
v -0.006480001206868716 0.029395549709465115 0.005178253028981473
v -0.006460001520770794 0.029395549709465115 0.005158252877222275
v -0.006460001520770794 0.028379283092429 0.004479205116990857
v -0.006460001520770794 0.02829554974461219 0.004058253378030629
v -0.006480001206868716 0.028275550524175543 0.004058253378030629
v -0.006480001206868716 0.028360805653038897 0.004486858260044697
v -0.006460001520770794 0.028617731467526133 0.004836070222985787
v -0.006480001206868716 0.02860359026592838 0.004850212355906085
v -0.006460001520770794 0.02897459750484361 0.005074520460728018
v -0.006480001206868716 0.049185922926941884 -0.0005817468472999435
v -0.00644005445439694 0.01927981660768386 -0.000621693716187038
v -0.006480001206868716 0.018999998884919975 -0.0005817468472999435
v -0.005990707156551401 0.04881224651759863 -0.0010710406065789619
v -0.006120479503300184 0.019767976772796667 -0.0009412684344531567
v -0.006316661201453727 0.01954772085238937 -0.000745086852714932
v -0.005780161670710681 0.04857395832998008 -0.0012815864416656374
v -0.005880001310705536 0.019916515268926026 -0.0011817468016707827
v -0.0056395226524496135 0.020065053765055383 -0.0014222252270960681
v -0.00544334095429607 0.02028530596017248 -0.0016184068088342927
v -0.005460059125389404 0.048019527114861175 -0.0016016891034022333
v -0.005280000948881081 0.020833029790286974 -0.0017817468142492813
v -0.005319948167014132 0.02055321206752309 -0.0017418000617775054
v -0.005280000948881081 0.04710746431528877 -0.0017817468142492813
v -0.0056015405248968616 0.048307462244970026 -0.0014602078203100953
v -0.005299317044227375 0.047411343687451986 -0.0017624307189029885
v -0.005358968719210028 0.04771804310429631 -0.0017027795095816097
v 0.0064799984129010665 0.018999998884919975 -0.0005817468472999435
v 0.006440051660429291 0.01927981660768386 -0.000621693716187038
v 0.0064799984129010665 0.049185922926941884 -0.0005817468472999435
v 0.006316658407486078 0.01954772085238937 -0.000745086852714932
v 0.006120477174993809 0.019767976772796667 -0.0009412684344531567
v 0.005990704828245026 0.04881224651759863 -0.0010710406065789619
v 0.005879998516737887 0.019916515268926026 -0.0011817468016707827
v 0.005780158876743032 0.04857395832998008 -0.0012815864416656374
v 0.005639519858481963 0.020065053765055383 -0.0014222252270960681
v 0.005460056331421755 0.048019527114861175 -0.0016016891034022333
v 0.0054433381603284205 0.02028530596017248 -0.0016184068088342927
v 0.005319945373046483 0.02055321206752309 -0.0017418000617775054
v 0.005279998620574707 0.020833029790286974 -0.0017817468142492813
v 0.005279998620574707 0.04710746431528877 -0.0017817468142492813
v 0.0056015377309292114 0.048307462244970026 -0.0014602078203100953
v 0.005358965925242379 0.04771804310429631 -0.0017027795095816097
v 0.005299314715921 0.047411343687451986 -0.0017624307189029885
v -0.005280000948881081 0.005395550603308999 -0.0017817468142492813
v -0.005280000948881081 0.009166968743162212 -0.0017817468142492813
v -0.004200001135787358 0.009166968743162212 -0.0017817468142492813
v -0.004200001135787358 0.005395550603308999 -0.0017817468142492813
v 0.004199998807480983 0.005395550603308999 -0.0017817468142492813
v 0.004199998807480983 0.009166968743162212 -0.0017817468142492813
v 0.005279998620574707 0.009166968743162212 -0.0017817468142492813
v 0.005279998620574707 0.005395550603308999 -0.0017817468142492813
v 0.0064799984129010665 0.015571102086809339 0.007346436186414931
v 0.0064799984129010665 0.02139554861042925 0.005178253028981473
v 0.0064799984129010665 0.01893857257481848 0.00764079138852155
v 0.0064799984129010665 0.012208717551245227 0.006998737622617436
v 0.0064799984129010665 0.020966944659737734 0.005092997900118122
v 0.0064799984129010665 0.008660387018012297 0.005982855641794432
v 0.0064799984129010665 0.00859555020473305 0.005341959044158575
v 0.0064799984129010665 0.008852269265614205 0.006597781844464931
v 0.0064799984129010665 0.02060359102953762 0.004850212355906085
v 0.0064799984129010665 0.00859555020473305 0.0042982528708346264
v 0.0064799984129010665 0.020360804554003034 0.004486858260044697
v 0.0064799984129010665 0.029395549709465115 0.005178253028981473
v 0.0064799984129010665 0.025685400951863738 0.008069186257300614
v 0.0064799984129010665 0.02231028989365518 0.00788172779181075
v 0.0064799984129010665 0.028966945758773597 0.005092997900118122
v 0.0064799984129010665 0.021824154423765868 0.005092997900118122
v 0.0064799984129010665 0.022187508053965983 0.004850212355906085
v 0.0064799984129010665 0.02860359026592838 0.004850212355906085
v 0.0064799984129010665 0.008534654748484999 0.003992106193923667
v 0.0064799984129010665 0.008361235039112394 0.0037325677868533125
v 0.0064799984129010665 0.020360804554003034 0.0036296475646940113
v 0.0064799984129010665 0.02027554942513968 0.004058253378030629
v 0.0064799984129010665 0.0077955506536229935 0.0034982530868939324
v 0.0064799984129010665 0.005395550603308999 0.0034982530868939324
v 0.0064799984129010665 0.00404518506001037 0.003126757834962554
v 0.0064799984129010665 0.02060359102953762 0.003266293468832623
v 0.0064799984129010665 0.008101696864872677 0.0035591494744645334
v 0.0064799984129010665 0.020966944659737734 0.0030235079246205866
v 0.0064799984129010665 0.028360805653038897 0.004486858260044697
v 0.0064799984129010665 0.02243029452950057 0.004486858260044697
v 0.0064799984129010665 0.028360805653038897 0.0036296475646940113
v 0.0064799984129010665 0.022515549658363918 0.004058253378030629
v 0.0064799984129010665 0.02243029452950057 0.0036296475646940113
v 0.0064799984129010665 0.028275550524175543 0.004058253378030629
v 0.0064799984129010665 0.004695283124439283 0.003403685431023449
v 0.0064799984129010665 0.02860359026592838 0.003266293468832623
v 0.0064799984129010665 0.022187508053965983 0.003266293468832623
v 0.0064799984129010665 0.03244241613495985 0.008283491026614022
v 0.0064799984129010665 0.029063060108568833 0.008203117890557271
v 0.0064799984129010665 0.03739554708321078 0.005178253028981473
v 0.0064799984129010665 0.02982415552280173 0.005092997900118122
v 0.0064799984129010665 0.036603591364964244 0.004850212355906085
v 0.0064799984129010665 0.030187509153001845 0.004850212355906085
v 0.0064799984129010665 0.035822625252806585 0.008310284245052224
v 0.0064799984129010665 0.0461687172620165 0.008310284245052224
v 0.0064799984129010665 0.03782415662183759 0.005092997900118122
v 0.0064799984129010665 0.03696694499516436 0.005092997900118122
v 0.0064799984129010665 0.03818751025203771 0.004850212355906085
v 0.0064799984129010665 0.046995549147111855 0.0019582530429675875
v 0.0064799984129010665 0.03043029562853643 0.004486858260044697
v 0.0064799984129010665 0.03043029562853643 0.0036296475646940113
v 0.0064799984129010665 0.030187509153001845 0.003266293468832623
v 0.0064799984129010665 0.03636080302678456 0.0036296475646940113
v 0.0064799984129010665 0.030515548894754684 0.004058253378030629
v 0.0064799984129010665 0.03636080302678456 0.004486858260044697
v 0.0064799984129010665 0.03627554976056631 0.004058253378030629
v 0.0064799984129010665 0.038430294864927196 0.004486858260044697
v 0.0064799984129010665 0.03851555185643565 0.004058253378030629
v 0.0064799984129010665 0.036603591364964244 0.003266293468832623
v 0.0064799984129010665 0.038430294864927196 0.0036296475646940113
v 0.0064799984129010665 0.021824154423765868 0.0030235079246205866
v 0.0064799984129010665 0.005395550603308999 0.0019582530429675875
v 0.0064799984129010665 0.0034918297552672412 0.0026873093316693115
v 0.0064799984129010665 0.0030748610500223165 0.002116823512773878
v 0.0064799984129010665 0.0028241513478944186 0.001456171351963491
v 0.0064799984129010665 0.004379283054950335 0.001279204933490213
v 0.0064799984129010665 0.004617732827031292 0.0016360706215617364
v 0.0064799984129010665 0.002757662135581004 0.000752682777639612
v 0.0064799984129010665 0.004974598864348771 0.0018745206264733298
v 0.0064799984129010665 0.02139554861042925 0.002938253028587873
v 0.0064799984129010665 0.006173367913925432 0.0016360706215617364
v 0.0064799984129010665 0.029395549709465115 0.002938253028587873
v 0.0064799984129010665 0.005816502342269227 0.0018745206264733298
v 0.0064799984129010665 0.006411817686006388 0.001279204933490213
v 0.0064799984129010665 0.018999998884919975 -0.0005817468472999435
v 0.0064799984129010665 0.028966945758773597 0.0030235079246205866
v 0.0064799984129010665 0.004295550638456078 0.0008582530781146661
v 0.0064799984129010665 0.004379283054950335 0.00043730136825826765
v 0.0064799984129010665 0.0028801568950941967 5.675754650308118e-05
v 0.0064799984129010665 0.0031828597740462465 -0.0005817468472999435
v 0.0064799984129010665 0.004974598864348771 -0.00015801435382867878
v 0.0064799984129010665 0.004617732827031292 8.043567291078695e-05
v 0.0064799984129010665 0.005395550603308999 -0.0002417468721863403
v 0.0064799984129010665 0.006411817686006388 0.00043730136825826765
v 0.0064799984129010665 0.006173367913925432 8.043567291078695e-05
v 0.0064799984129010665 0.010999999648529211 -0.0005817468472999435
v 0.0064799984129010665 0.00649555056816192 0.0008582530781146661
v 0.0064799984129010665 0.005816502342269227 -0.00015801435382867878
v 0.0064799984129010665 0.02982415552280173 0.0030235079246205866
v 0.0064799984129010665 0.03696694499516436 0.0030235079246205866
v 0.0064799984129010665 0.03739554708321078 0.002938253028587873
v 0.0064799984129010665 0.03782415662183759 0.0030235079246205866
v 0.0064799984129010665 0.046574598805135446 0.0018745206264733298
v 0.0064799984129010665 0.04597928253007574 0.001279204933490213
v 0.0064799984129010665 0.04621773090517287 0.0016360706215617364
v 0.0064799984129010665 0.03818751025203771 0.003266293468832623
v 0.0064799984129010665 0.04928260165820236 0.0016325369509767615
v 0.0064799984129010665 0.04777336738905084 0.0016360706215617364
v 0.0064799984129010665 0.04741650321437846 0.0018745206264733298
v 0.0064799984129010665 0.048011815764147966 0.001279204933490213
v 0.0064799984129010665 0.04589554918225893 0.0008582530781146661
v 0.0064799984129010665 0.04597928253007574 0.00043730136825826765
v 0.0064799984129010665 0.04621773090517287 8.043567291078695e-05
v 0.0064799984129010665 0.04741650321437846 -0.00015801435382867878
v 0.0064799984129010665 0.046995549147111855 -0.0002417468721863403
v 0.0064799984129010665 0.049185922926941884 -0.0005817468472999435
v 0.0064799984129010665 0.046574598805135446 -0.00015801435382867878
v 0.0064799984129010665 0.04809554911196477 0.0008582530781146661
v 0.0064799984129010665 0.04946134853256042 0.0010864698272632285
v 0.0064799984129010665 0.049505180297049124 0.0005135665860665399
v 0.0064799984129010665 0.048011815764147966 0.00043730136825826765
v 0.0064799984129010665 0.04777336738905084 8.043567291078695e-05
v 0.0064799984129010665 0.049411582380783726 -5.333650046302794e-05
v 0.0064799984129010665 0.0077955506536229935 0.0034982530868939324
v 0.004199998807480983 0.0077955506536229935 0.0034982530868939324
v 0.0064799984129010665 0.005395550603308999 0.0034982530868939324
v 0.004199998807480983 0.005395550603308999 0.0034982530868939324
v 0.0058846453506006344 0.009222705603806343 0.007244712015240344
v 0.0064799984129010665 0.008852269265614205 0.006597781844464931
v 0.00561714762818816 0.009475156413441287 0.0075457610981744016
v 0.005377924392729508 0.009775539600752163 0.007823803254496895
v 0.0064799984129010665 0.012208717551245227 0.006998737622617436
v 0.004879998379358404 0.011432252520971256 0.008521269780797773
v 0.0064799984129010665 0.015571102086809339 0.007346436186414931
v 0.005172998507154912 0.010127890586347705 0.008073059627785668
v 0.005015333050036491 0.010526425857193008 0.008279530111809279
v 0.004914605393990302 0.010966454341604204 0.008432687036463613
v 0.004879998379358404 0.017512559426081313 0.009128594528815951
v 0.0064799984129010665 0.01893857257481848 0.00764079138852155
v 0.0064799984129010665 0.02231028989365518 0.00788172779181075
v 0.0064799984129010665 0.025685400951863738 0.008069186257300614
v 0.0064799984129010665 0.029063060108568833 0.008203117890557271
v 0.004879998379358404 0.02971267993886837 0.009823383502785854
v 0.0064799984129010665 0.03244241613495985 0.008283491026614022
v 0.004879998379358404 0.02360767808502505 0.0095627491619049
v 0.004879998379358404 0.035822625252806585 0.009910283347272337
v 0.0064799984129010665 0.035822625252806585 0.008310284245052224
v 0.005708096397460351 0.04570725066382905 0.009082186726154214
v 0.005464178830688907 0.04546298711073032 0.009326103827264383
v 0.0064799984129010665 0.035822625252806585 0.008310284245052224
v 0.004879998379358404 0.035822625252806585 0.009910283347272337
v 0.005978572489387421 0.04591016349571203 0.008811710168565868
v 0.0064799984129010665 0.0461687172620165 0.008310284245052224
v 0.00626571459834503 0.04606879752828235 0.008524568525269534
v 0.0052558592057424585 0.045183176838546835 0.009534423917872107
v 0.004879998379358404 0.04389365646007856 0.009910283347272337
v 0.004902418572763528 0.044220938105275776 0.009887863619528488
v 0.004972009321998762 0.04455182583138622 0.009818273335954529
v 0.005090303118319973 0.044876119793843344 0.009699979539633316
v 0.0064799984129010665 0.04928260165820236 0.0016325369509767615
v 0.004199998807480983 0.04928260165820236 0.0016325369509767615
v 0.0064799984129010665 0.0461687172620165 0.008310284245052224
v 0.004199998807480983 0.0461687172620165 0.008310284245052224
v -0.004200001135787358 0.04928260165820236 0.0016325369509767615
v -0.006480001206868716 0.04928260165820236 0.0016325369509767615
v -0.004200001135787358 0.0461687172620165 0.008310284245052224
v -0.006480001206868716 0.0461687172620165 0.008310284245052224
v -0.00626571739231268 0.04606879752828235 0.008524568525269534
v 0.00626571459834503 0.04606879752828235 0.008524568525269534
v 0.005299314715921 0.047411343687451986 -0.0017624307189029885
v 0.005279998620574707 0.04710746431528877 -0.0017817468142492813
v 0.004199998807480983 0.04710746431528877 -0.0017817468142492813
v 0.004199998807480983 0.04770330213097643 -0.0017066065467698044
v 0.005460056331421755 0.048019527114861175 -0.0016016891034022333
v 0.004199998807480983 0.04826183489060511 -0.0014858910186841285
v 0.0056015377309292114 0.048307462244970026 -0.0014602078203100953
v 0.004199998807480983 0.04874808211920041 -0.0011334205909715605
v 0.005358965925242379 0.04771804310429631 -0.0017027795095816097
v 0.005780158876743032 0.04857395832998008 -0.0012815864416656374
v 0.005990704828245026 0.04881224651759863 -0.0010710406065789619
v 0.004199998807480983 0.04913160074525106 -0.0006712658618350543
v 0.004199998807480983 0.04938837754813031 -0.00012836559858906736
v 0.0064799984129010665 0.049185922926941884 -0.0005817468472999435
v 0.004199998807480983 0.04946631434439651 0.0010607655577165036
v 0.0064799984129010665 0.04946134853256042 0.0010864698272632285
v 0.004199998807480983 0.04950232672475621 0.0004612856014706377
v 0.0064799984129010665 0.049505180297049124 0.0005135665860665399
v 0.0064799984129010665 0.049411582380783726 -5.333650046302794e-05
v 0.006120477174993809 0.01023202362329762 -0.0009412684344531567
v 0.0064799984129010665 0.0031828597740462465 -0.0005817468472999435
v 0.005987068945010199 0.0035973895783636086 -0.0010746764898137886
v 0.005879998516737887 0.010083484195845711 -0.0011817468016707827
v 0.005776922065220839 0.003853855785172466 -0.0012848233696031491
v 0.005639519858481963 0.009934945699716355 -0.0014222252270960681
v 0.006440051660429291 0.010720181925765326 -0.000621693716187038
v 0.0064799984129010665 0.010999999648529211 -0.0005817468472999435
v 0.006316658407486078 0.010452276749737267 -0.000745086852714932
v 0.0055993086104060156 0.00413697993581915 -0.0014624363587566979
v 0.00545889078125055 0.004440275834404852 -0.0016028543043274824
v 0.00535856173125572 0.004756298721296273 -0.0017031834707376308
v 0.005279998620574707 0.005395550603308999 -0.0017817468142492813
v 0.005299257905245456 0.005077243182202663 -0.001762487296747895
v 0.0054433381603284205 0.009714691641954156 -0.0016184068088342927
v 0.005279998620574707 0.009166968743162212 -0.0017817468142492813
v 0.005319945373046483 0.009446787397248649 -0.0017418000617775054
v 0.005299257905245456 0.005077243182202663 -0.001762487296747895
v 0.00535856173125572 0.004756298721296273 -0.0017031834707376308
v 0.004199998807480983 0.004880512003744676 -0.001731019886847043
v 0.00545889078125055 0.004440275834404852 -0.0016028543043274824
v 0.004199998807480983 0.004385266336672197 -0.001580788828398553
v 0.005987068945010199 0.0035973895783636086 -0.0010746764898137886
v 0.0064799984129010665 0.0031828597740462465 -0.0005817468472999435
v 0.004199998807480983 0.003200470850634302 -0.0006084522303801562
v 0.0055993086104060156 0.00413697993581915 -0.0014624363587566979
v 0.005776922065220839 0.003853855785172466 -0.0012848233696031491
v 0.004199998807480983 0.0039288451783988584 -0.0013368266745600315
v 0.004199998807480983 0.0035287888249989235 -0.0010085088166107287
v 0.004199998807480983 0.005395550603308999 -0.0017817468142492813
v 0.005279998620574707 0.005395550603308999 -0.0017817468142492813
v 0.004199998807480983 0.0029565085803804616 -0.0001520311157625623
v 0.0064799984129010665 0.005395550603308999 0.0034982530868939324
v 0.004199998807480983 0.005395550603308999 0.0034982530868939324
v 0.004199998807480983 0.004880512003744676 0.003447526043076375
v 0.0064799984129010665 0.0028801568950941967 5.675754650308118e-05
v 0.004199998807480983 0.002806277405516653 0.0003432146822771506
v 0.0064799984129010665 0.0028241513478944186 0.001456171351963491
v 0.004199998807480983 0.0027555505945297334 0.0008582530781146661
v 0.0064799984129010665 0.002757662135581004 0.000752682777639612
v 0.004199998807480983 0.0029565085803804616 0.0018685373447514689
v 0.0064799984129010665 0.0030748610500223165 0.002116823512773878
v 0.004199998807480983 0.0039288451783988584 0.0030533328307893637
v 0.0064799984129010665 0.0034918297552672412 0.0026873093316693115
v 0.0064799984129010665 0.00404518506001037 0.003126757834962554
v 0.004199998807480983 0.003200470850634302 0.0023249585030248074
v 0.004199998807480983 0.004385266336672197 0.003297295101043204
v 0.0064799984129010665 0.004695283124439283 0.003403685431023449
v 0.004199998807480983 0.002806277405516653 0.0013732915612636707
v 0.004199998807480983 0.0035287888249989235 0.0027250148564247423
v 0.006459998261141868 0.03817336532514976 0.003280435368922284
v 0.006459998261141868 0.03781650115047738 0.003041985596841328
v 0.0064799984129010665 0.03782415662183759 0.0030235079246205866
v 0.0064799984129010665 0.038430294864927196 0.0036296475646940113
v 0.006459998261141868 0.0384955507733539 0.004058253378030629
v 0.006459998261141868 0.03841181742553709 0.0036373014062397635
v 0.0064799984129010665 0.03818751025203771 0.003266293468832623
v 0.0064799984129010665 0.03851555185643565 0.004058253378030629
v 0.006459998261141868 0.03817336532514976 0.004836070222985787
v 0.006459998261141868 0.03841181742553709 0.004479205116990857
v 0.0064799984129010665 0.03818751025203771 0.004850212355906085
v 0.0064799984129010665 0.03782415662183759 0.005092997900118122
v 0.006459998261141868 0.03781650115047738 0.005074520460728018
v 0.0064799984129010665 0.038430294864927196 0.004486858260044697
v 0.006459998261141868 0.021816500815050755 0.003041985596841328
v 0.0064799984129010665 0.02243029452950057 0.0036296475646940113
v 0.006459998261141868 0.022411817090110465 0.0036373014062397635
v 0.006459998261141868 0.022173368715013332 0.003280435368922284
v 0.0064799984129010665 0.021824154423765868 0.0030235079246205866
v 0.0064799984129010665 0.022187508053965983 0.003266293468832623
v 0.006459998261141868 0.02249555043792727 0.004058253378030629
v 0.0064799984129010665 0.022515549658363918 0.004058253378030629
v 0.006459998261141868 0.022173368715013332 0.004836070222985787
v 0.006459998261141868 0.022411817090110465 0.004479205116990857
v 0.0064799984129010665 0.022187508053965983 0.004850212355906085
v 0.006459998261141868 0.021816500815050755 0.005074520460728018
v 0.0064799984129010665 0.021824154423765868 0.005092997900118122
v 0.006459998261141868 0.02139554861042925 0.005158252877222275
v 0.0064799984129010665 0.02139554861042925 0.005178253028981473
v 0.0064799984129010665 0.02243029452950057 0.004486858260044697
v 0.006459998261141868 0.029816500051441517 0.003041985596841328
v 0.0064799984129010665 0.03043029562853643 0.0036296475646940113
v 0.006459998261141868 0.030411816326501227 0.0036373014062397635
v 0.006459998261141868 0.030173367951404097 0.003280435368922284
v 0.0064799984129010665 0.02982415552280173 0.0030235079246205866
v 0.0064799984129010665 0.030187509153001845 0.003266293468832623
v 0.006459998261141868 0.030495549674318036 0.004058253378030629
v 0.0064799984129010665 0.030515548894754684 0.004058253378030629
v 0.006459998261141868 0.030173367951404097 0.004836070222985787
v 0.006459998261141868 0.030411816326501227 0.004479205116990857
v 0.0064799984129010665 0.030187509153001845 0.004850212355906085
v 0.006459998261141868 0.029816500051441517 0.005074520460728018
v 0.0064799984129010665 0.02982415552280173 0.005092997900118122
v 0.006459998261141868 0.029395549709465115 0.005158252877222275
v 0.0064799984129010665 0.029395549709465115 0.005178253028981473
v 0.0064799984129010665 0.03043029562853643 0.004486858260044697
v 0.004199998807480983 0.04621773090517287 0.0016360706215617364
v 0.004199998807480983 0.04189584293066677 0.008276613209582978
v 0.004199998807480983 0.044703750616307034 0.008310284245052224
v 0.004199998807480983 0.0461687172620165 0.008310284245052224
v 0.004199998807480983 0.046574598805135446 0.0018745206264733298
v 0.004199998807480983 0.04597928253007574 0.001279204933490213
v 0.004199998807480983 0.044720585202719106 -0.0005478840758007371
v 0.004199998807480983 0.04589554918225893 0.0008582530781146661
v 0.004199998807480983 0.04597928253007574 0.00043730136825826765
v 0.004199998807480983 0.04621773090517287 8.043567291078695e-05
v 0.004199998807480983 0.039089552020973146 0.008175619660948793
v 0.004199998807480983 0.046995549147111855 0.0019582530429675875
v 0.004199998807480983 0.04928260165820236 0.0016325369509767615
v 0.004199998807480983 0.04777336738905084 0.0016360706215617364
v 0.004199998807480983 0.04741650321437846 0.0018745206264733298
v 0.004199998807480983 0.048011815764147966 0.001279204933490213
v 0.004199998807480983 0.04950232672475621 0.0004612856014706377
v 0.004199998807480983 0.04809554911196477 0.0008582530781146661
v 0.004199998807480983 0.04946631434439651 0.0010607655577165036
v 0.004199998807480983 0.048011815764147966 0.00043730136825826765
v 0.004199998807480983 0.04938837754813031 -0.00012836559858906736
v 0.004199998807480983 0.044811478558299575 -0.0007413552760881024
v 0.004199998807480983 0.04484790072058124 -0.0009519893539863816
v 0.004199998807480983 0.046574598805135446 -0.00015801435382867878
v 0.004199998807480983 0.04482724026113416 -0.0011647479532439708
v 0.004199998807480983 0.04710746431528877 -0.0017817468142492813
v 0.004199998807480983 0.04404845344374327 -0.0017817468142492813
v 0.004199998807480983 0.044260295796234736 -0.0017531887395790119
v 0.004199998807480983 0.04445701347051575 -0.0016695531806299442
v 0.004199998807480983 0.044624562122533754 -0.001536811661176747
v 0.004199998807480983 0.04475097984545778 -0.0013644410866566101
v 0.004199998807480983 0.046995549147111855 -0.0002417468721863403
v 0.004199998807480983 0.04913160074525106 -0.0006712658618350543
v 0.004199998807480983 0.04777336738905084 8.043567291078695e-05
v 0.004199998807480983 0.04874808211920041 -0.0011334205909715605
v 0.004199998807480983 0.04741650321437846 -0.00015801435382867878
v 0.004199998807480983 0.04770330213097643 -0.0017066065467698044
v 0.004199998807480983 0.04826183489060511 -0.0014858910186841285
v 0.004199998807480983 0.0035287888249989235 0.0027250148564247423
v 0.004199998807480983 0.0039288451783988584 0.0030533328307893637
v 0.004199998807480983 0.005395550603308999 0.0019582530429675875
v 0.004199998807480983 0.004974598864348771 0.0018745206264733298
v 0.004199998807480983 0.004880512003744676 0.003447526043076375
v 0.004199998807480983 0.005395550603308999 0.0034982530868939324
v 0.004199998807480983 0.004385266336672197 0.003297295101043204
v 0.004199998807480983 0.005816502342269227 0.0018745206264733298
v 0.004199998807480983 0.003200470850634302 0.0023249585030248074
v 0.004199998807480983 0.002806277405516653 0.0013732915612636707
v 0.004199998807480983 0.0029565085803804616 0.0018685373447514689
v 0.004199998807480983 0.004379283054950335 0.001279204933490213
v 0.004199998807480983 0.004295550638456078 0.0008582530781146661
v 0.004199998807480983 0.004617732827031292 0.0016360706215617364
v 0.004199998807480983 0.0077955506536229935 0.0034982530868939324
v 0.004199903346919618 0.00859555020473305 0.0034982530868939324
v 0.004199998807480983 0.008101696864872677 0.0035591494744645334
v 0.004199998807480983 0.008361235039112394 0.0037325677868533125
v 0.004199998807480983 0.00859555020473305 0.0042982528708346264
v 0.004199950844369664 0.00859555020473305 0.0038982528624489604
v 0.004199998807480983 0.008534654748484999 0.003992106193923667
v 0.004199998807480983 0.011480481990540607 0.0034982530868939324
v 0.004199998807480983 0.012011951448191619 0.003139273180218807
v 0.004199998807480983 0.006173367913925432 0.0016360706215617364
v 0.004199998807480983 0.012503238063104454 0.0027270078866815377
v 0.004199998807480983 0.006411817686006388 0.001279204933490213
v 0.004199998807480983 0.012949023983519159 0.0022659215009250906
v 0.004199998807480983 0.013344481233337029 0.0017610068431395032
v 0.004199998807480983 0.0136853294541187 0.001217730893108034
v 0.004199998807480983 0.010999999648529211 -0.0005817468472999435
v 0.004199998807480983 0.00649555056816192 0.0008582530781146661
v 0.004199998807480983 0.0027555505945297334 0.0008582530781146661
v 0.004199998807480983 0.002806277405516653 0.0003432146822771506
v 0.004199998807480983 0.004379283054950335 0.00043730136825826765
v 0.004199998807480983 0.0029565085803804616 -0.0001520311157625623
v 0.004199998807480983 0.004617732827031292 8.043567291078695e-05
v 0.004199998807480983 0.003200470850634302 -0.0006084522303801562
v 0.004199998807480983 0.004974598864348771 -0.00015801435382867878
v 0.004199998807480983 0.005395550603308999 -0.0002417468721863403
v 0.004199998807480983 0.0035287888249989235 -0.0010085088166107287
v 0.004199998807480983 0.0039288451783988584 -0.0013368266745600315
v 0.004199998807480983 0.004880512003744676 -0.001731019886847043
v 0.004199998807480983 0.004385266336672197 -0.001580788828398553
v 0.004199998807480983 0.005395550603308999 -0.0017817468142492813
v 0.004199998807480983 0.005816502342269227 -0.00015801435382867878
v 0.004199998807480983 0.009166968743162212 -0.0017817468142492813
v 0.004199998807480983 0.006411817686006388 0.00043730136825826765
v 0.004199998807480983 0.010714219598800838 -0.0006234514710846639
v 0.004199998807480983 0.013967875020631257 0.0006419763497171536
v 0.004199998807480983 0.01418906133226591 3.997762072113492e-05
v 0.004199998807480983 0.014346492096101754 -0.0005817468472999435
v 0.004199998807480983 0.010452276749737267 -0.000745086852714932
v 0.004199998807480983 0.006173367913925432 8.043567291078695e-05
v 0.004199998807480983 0.009930950325977265 -0.0014269862643864983
v 0.004199998807480983 0.009714691641954156 -0.0016184068088342927
v 0.004199998807480983 0.009452748792890587 -0.0017400421904645608
v 0.004199998807480983 0.010083484195845711 -0.0011817468016707827
v 0.004199998807480983 0.01023601992835926 -0.0009365073971627266
v 0.0064799984129010665 0.008101696864872677 0.0035591494744645334
v 0.004199998807480983 0.008101696864872677 0.0035591494744645334
v 0.004199998807480983 0.0077955506536229935 0.0034982530868939324
v 0.0064799984129010665 0.0077955506536229935 0.0034982530868939324
v 0.0064799984129010665 0.008361235039112394 0.0037325677868533125
v 0.004199998807480983 0.008361235039112394 0.0037325677868533125
v 0.0064799984129010665 0.00859555020473305 0.0042982528708346264
v 0.004199998807480983 0.00859555020473305 0.0042982528708346264
v 0.004199998807480983 0.008534654748484999 0.003992106193923667
v 0.0064799984129010665 0.008534654748484999 0.003992106193923667
v 0.0064799984129010665 0.00859555020473305 0.005341959044158575
v 0.0064799984129010665 0.008660387018012297 0.005982855641794432
v 0.004180297610260305 0.008621134566501475 0.00574451250614544
v 0.004199807886358253 0.00859555020473305 0.005341959044158575
v 0.004121994024668638 0.008695179365831626 0.006134235603023548
v 0.0064799984129010665 0.008852269265614205 0.006597781844464931
v 0.003885640659647517 0.008970489487453975 0.00684496462809634
v 0.004024605625625131 0.008813289691610505 0.00650218251603979
v 0.0058846453506006344 0.009222705603806343 0.007244712015240344
v 0.003707929881626228 0.00915452347992784 0.00714895994991702
v 0.0034903394063567567 0.009357359012039174 0.007414449740911901
v 0.00561714762818816 0.009475156413441287 0.0075457610981744016
v -0.00418088108383782 0.00862039137110665 0.0057406642813692356
v -0.004123127444211872 0.00869376748084597 0.006128685851948668
v -0.006480001206868716 0.008660387018012297 0.005982855641794432
v -0.006480001206868716 0.00859555020473305 0.005341959044158575
v -0.004199810680325902 0.00859555020473305 0.005341959044158575
v -0.006480001206868716 0.008852269265614205 0.006597781844464931
v -0.0037092921736861005 0.00915315164181183 0.007146875650050334
v -0.003491949663045541 0.00935594153911822 0.007412781742225023
v -0.0058846481445682846 0.009222705603806343 0.007244712015240344
v -0.003888359190170688 0.008967534401003128 0.006839399044538111
v -0.0040259267066621715 0.008811816339336557 0.006498317527457687
v -0.005617150422155809 0.009475156413441287 0.0075457610981744016
v 0.005377924392729508 0.009775539600752163 0.007823803254496895
v 0.003235008016074958 0.009568377144073971 0.007639744581975458
v 0.002948079878473189 0.009775872082902478 0.007824074269358917
v 0.005172998507154912 0.010127890586347705 0.008073059627785668
v 0.0022932593102243473 0.010151531277954479 0.0080873554289267
v 0.0007925299368062072 0.010615732239148445 0.008316522243491484
v 0.004914605393990302 0.010966454341604204 0.008432687036463613
v -1.3443237277498707e-09 0.010675550155206256 0.00833955757544082
v 0.005015333050036491 0.010526425857193008 0.008279530111809279
v 0.0015661483214987363 0.01043792786321089 0.008239692789737118
v 0.004879998379358404 0.011432252520971256 0.008521269780797773
v -0.004914608187957952 0.010966454341604204 0.008432687036463613
v -0.0029494370482590375 0.009774960318126122 0.007823332005286643
v -0.0022953671259854187 0.010150516136375083 0.008086747275301613
v -0.005173000835461287 0.010127890586347705 0.008073059627785668
v -0.003236295336669563 0.009567456066072115 0.007638825832279977
v -0.005377926721035883 0.009775539600752163 0.007823803254496895
v -0.0015695355416127388 0.010436876400052048 0.008239199188785669
v -0.000795482985988976 0.010615218149100897 0.008317049372054729
v -0.005015335378342866 0.010526425857193008 0.008279530111809279
v -0.0048800016389873285 0.011432252520971256 0.008521269780797773
v -0.0048800016389873285 0.017512559426081313 0.009128594528815951
v 0.004879998379358404 0.035822625252806585 0.009910283347272337
v -0.0048800016389873285 0.035822625252806585 0.009910283347272337
v -0.0048800016389873285 0.02971267993886837 0.009823383502785854
v 0.004879998379358404 0.017512559426081313 0.009128594528815951
v 0.004879998379358404 0.02360767808502505 0.0095627491619049
v 0.004879998379358404 0.02971267993886837 0.009823383502785854
v -0.0048800016389873285 0.02360767808502505 0.0095627491619049
v 0.004879998379358404 0.04389365646007856 0.009910283347272337
v 0.004902418572763528 0.044220938105275776 0.009887863619528488
v -0.0048800016389873285 0.04389365646007856 0.009910283347272337
v 0.004972009321998762 0.04455182583138622 0.009818273335954529
v 0.005090303118319973 0.044876119793843344 0.009699979539633316
v -0.004972012115966411 0.04455182583138622 0.009818273335954529
v -0.004902420901069903 0.044220938105275776 0.009887863619528488
v -0.005090306377948897 0.044876119793843344 0.009699979539633316
v -0.0052558615340488335 0.045183176838546835 0.009534423917872107
v 0.0052558592057424585 0.045183176838546835 0.009534423917872107
v 0.005464178830688907 0.04546298711073032 0.009326103827264383
v 0.005708096397460351 0.04570725066382905 0.009082186726154214
v -0.005708099191428001 0.04570725066382905 0.009082186726154214
v 0.005978572489387421 0.04591016349571203 0.008811710168565868
v -0.005978575283355071 0.04591016349571203 0.008811710168565868
v -0.005464181158995282 0.04546298711073032 0.009326103827264383
v 0.004879998379358404 0.04389365646007856 0.009910283347272337
v -0.0048800016389873285 0.04389365646007856 0.009910283347272337
v -0.0048800016389873285 0.035822625252806585 0.009910283347272337
v 0.004879998379358404 0.035822625252806585 0.009910283347272337
v -0.006480001206868716 0.01893857257481848 0.00764079138852155
v -0.006480001206868716 0.02139554861042925 0.005178253028981473
v -0.006480001206868716 0.015571102086809339 0.007346436186414931
v -0.006480001206868716 0.012208717551245227 0.006998737622617436
v -0.006480001206868716 0.00859555020473305 0.005341959044158575
v -0.006480001206868716 0.008660387018012297 0.005982855641794432
v -0.006480001206868716 0.020966944659737734 0.005092997900118122
v -0.006480001206868716 0.008852269265614205 0.006597781844464931
v -0.006480001206868716 0.00859555020473305 0.0042982528708346264
v -0.006480001206868716 0.02060359102953762 0.004850212355906085
v -0.006480001206868716 0.020360804554003034 0.004486858260044697
v -0.006480001206868716 0.02231028989365518 0.00788172779181075
v -0.006480001206868716 0.025685400951863738 0.008069186257300614
v -0.006480001206868716 0.029395549709465115 0.005178253028981473
v -0.006480001206868716 0.021824154423765868 0.005092997900118122
v -0.006480001206868716 0.028966945758773597 0.005092997900118122
v -0.006480001206868716 0.02860359026592838 0.004850212355906085
v -0.006480001206868716 0.022187508053965983 0.004850212355906085
v -0.006480001206868716 0.020360804554003034 0.0036296475646940113
v -0.006480001206868716 0.008361235039112394 0.0037325677868533125
v -0.006480001206868716 0.008539381210425764 0.004003777528119069
v -0.006480001206868716 0.02027554942513968 0.004058253378030629
v -0.006480001206868716 0.00404518506001037 0.003126757834962554
v -0.006480001206868716 0.005395550603308999 0.0034982530868939324
v -0.006480001206868716 0.0077955506536229935 0.0034982530868939324
v -0.006480001206868716 0.020966944659737734 0.0030235079246205866
v -0.006480001206868716 0.008090026461999826 0.003554422314031856
v -0.006480001206868716 0.02060359102953762 0.003266293468832623
v -0.006480001206868716 0.02243029452950057 0.004486858260044697
v -0.006480001206868716 0.028360805653038897 0.004486858260044697
v -0.006480001206868716 0.02243029452950057 0.0036296475646940113
v -0.006480001206868716 0.022515549658363918 0.004058253378030629
v -0.006480001206868716 0.028360805653038897 0.0036296475646940113
v -0.006480001206868716 0.02860359026592838 0.003266293468832623
v -0.006480001206868716 0.022187508053965983 0.003266293468832623
v -0.006480001206868716 0.028275550524175543 0.004058253378030629
v -0.006480001206868716 0.004695283124439283 0.003403685431023449
v -0.006480001206868716 0.029063060108568833 0.008203117890557271
v -0.006480001206868716 0.03244241613495985 0.008283491026614022
v -0.006480001206868716 0.03739554708321078 0.005178253028981473
v -0.006480001206868716 0.02982415552280173 0.005092997900118122
v -0.006480001206868716 0.03696694499516436 0.005092997900118122
v -0.006480001206868716 0.030187509153001845 0.004850212355906085
v -0.006480001206868716 0.036603591364964244 0.004850212355906085
v -0.006480001206868716 0.0461687172620165 0.008310284245052224
v -0.006480001206868716 0.035822625252806585 0.008310284245052224
v -0.006480001206868716 0.03782415662183759 0.005092997900118122
v -0.006480001206868716 0.03818751025203771 0.004850212355906085
v -0.006480001206868716 0.046995549147111855 0.0019582530429675875
v -0.006480001206868716 0.03043029562853643 0.004486858260044697
v -0.006480001206868716 0.03636080302678456 0.004486858260044697
v -0.006480001206868716 0.03636080302678456 0.0036296475646940113
v -0.006480001206868716 0.03043029562853643 0.0036296475646940113
v -0.006480001206868716 0.030515548894754684 0.004058253378030629
v -0.006480001206868716 0.036603591364964244 0.003266293468832623
v -0.006480001206868716 0.03627554976056631 0.004058253378030629
v -0.006480001206868716 0.03851555185643565 0.004058253378030629
v -0.006480001206868716 0.038430294864927196 0.004486858260044697
v -0.006480001206868716 0.038430294864927196 0.0036296475646940113
v -0.006480001206868716 0.030187509153001845 0.003266293468832623
v -0.006480001206868716 0.03818751025203771 0.003266293468832623
v -0.006480001206868716 0.0034918297552672412 0.0026873093316693115
v -0.006480001206868716 0.005395550603308999 0.0019582530429675875
v -0.006480001206868716 0.0030748610500223165 0.002116823512773878
v -0.006480001206868716 0.004617732827031292 0.0016360706215617364
v -0.006480001206868716 0.004379283054950335 0.001279204933490213
v -0.006480001206868716 0.0028241513478944186 0.001456171351963491
v -0.006480001206868716 0.002757662135581004 0.000752682777639612
v -0.006480001206868716 0.004974598864348771 0.0018745206264733298
v -0.006480001206868716 0.006173367913925432 0.0016360706215617364
v -0.006480001206868716 0.02139554861042925 0.002938253028587873
v -0.006480001206868716 0.021824154423765868 0.0030235079246205866
v -0.006480001206868716 0.029395549709465115 0.002938253028587873
v -0.006480001206868716 0.005816502342269227 0.0018745206264733298
v -0.006480001206868716 0.006411817686006388 0.001279204933490213
v -0.006480001206868716 0.018999998884919975 -0.0005817468472999435
v -0.006480001206868716 0.004379283054950335 0.00043730136825826765
v -0.006480001206868716 0.004295550638456078 0.0008582530781146661
v -0.006480001206868716 0.0028801568950941967 5.675754650308118e-05
v -0.006480001206868716 0.004974598864348771 -0.00015801435382867878
v -0.006480001206868716 0.0031828597740462465 -0.0005817468472999435
v -0.006480001206868716 0.004617732827031292 8.043567291078695e-05
v -0.006480001206868716 0.005395550603308999 -0.0002417468721863403
v -0.006480001206868716 0.010999999648529211 -0.0005817468472999435
v -0.006480001206868716 0.006173367913925432 8.043567291078695e-05
v -0.006480001206868716 0.006411817686006388 0.00043730136825826765
v -0.006480001206868716 0.00649555056816192 0.0008582530781146661
v -0.006480001206868716 0.005816502342269227 -0.00015801435382867878
v -0.006480001206868716 0.02982415552280173 0.0030235079246205866
v -0.006480001206868716 0.028966945758773597 0.0030235079246205866
v -0.006480001206868716 0.03739554708321078 0.002938253028587873
v -0.006480001206868716 0.03696694499516436 0.0030235079246205866
v -0.006480001206868716 0.04621773090517287 0.0016360706215617364
v -0.006480001206868716 0.04597928253007574 0.001279204933490213
v -0.006480001206868716 0.046574598805135446 0.0018745206264733298
v -0.006480001206868716 0.03782415662183759 0.0030235079246205866
v -0.006480001206868716 0.04741650321437846 0.0018745206264733298
v -0.006480001206868716 0.04928260165820236 0.0016325369509767615
v -0.006480001206868716 0.04777336738905084 0.0016360706215617364
v -0.006480001206868716 0.048011815764147966 0.001279204933490213
v -0.006480001206868716 0.04589554918225893 0.0008582530781146661
v -0.006480001206868716 0.04597928253007574 0.00043730136825826765
v -0.006480001206868716 0.04621773090517287 8.043567291078695e-05
v -0.006480001206868716 0.049185922926941884 -0.0005817468472999435
v -0.006480001206868716 0.046995549147111855 -0.0002417468721863403
v -0.006480001206868716 0.04741650321437846 -0.00015801435382867878
v -0.006480001206868716 0.046574598805135446 -0.00015801435382867878
v -0.006480001206868716 0.04946134853256042 0.0010864698272632285
v -0.006480001206868716 0.04809554911196477 0.0008582530781146661
v -0.006480001206868716 0.049505180297049124 0.0005135665860665399
v -0.006480001206868716 0.048011815764147966 0.00043730136825826765
v -0.006480001206868716 0.049411582380783726 -5.333650046302794e-05
v -0.006480001206868716 0.04777336738905084 8.043567291078695e-05
v -0.005299317044227375 0.047411343687451986 -0.0017624307189029885
v -0.005358968719210028 0.04771804310429631 -0.0017027795095816097
v -0.004200001135787358 0.04770330213097643 -0.0017066065467698044
v -0.0056015405248968616 0.048307462244970026 -0.0014602078203100953
v -0.005780161670710681 0.04857395832998008 -0.0012815864416656374
v -0.004200001135787358 0.04874808211920041 -0.0011334205909715605
v -0.005460059125389404 0.048019527114861175 -0.0016016891034022333
v -0.004200001135787358 0.04826183489060511 -0.0014858910186841285
v -0.005280000948881081 0.04710746431528877 -0.0017817468142492813
v -0.004200001135787358 0.04710746431528877 -0.0017817468142492813
v -0.005990707156551401 0.04881224651759863 -0.0010710406065789619
v -0.006480001206868716 0.049185922926941884 -0.0005817468472999435
v -0.006480001206868716 0.049411582380783726 -5.333650046302794e-05
v -0.004200001135787358 0.04938837754813031 -0.00012836559858906736
v -0.006480001206868716 0.049505180297049124 0.0005135665860665399
v -0.006480001206868716 0.04946134853256042 0.0010864698272632285
v -0.004200001135787358 0.04946631434439651 0.0010607655577165036
v -0.004200001135787358 0.04950232672475621 0.0004612856014706377
v -0.004200001135787358 0.04913160074525106 -0.0006712658618350543
v -0.004200001135787358 0.044703750616307034 0.008310284245052224
v -0.004200001135787358 0.04189584293066677 0.008276613209582978
v -0.004200001135787358 0.04621773090517287 0.0016360706215617364
v -0.004200001135787358 0.046574598805135446 0.0018745206264733298
v -0.004200001135787358 0.0461687172620165 0.008310284245052224
v -0.004200001135787358 0.044720585202719106 -0.0005478840758007371
v -0.004200001135787358 0.04597928253007574 0.001279204933490213
v -0.004200001135787358 0.04589554918225893 0.0008582530781146661
v -0.004200001135787358 0.04621773090517287 8.043567291078695e-05
v -0.004200001135787358 0.04597928253007574 0.00043730136825826765
v -0.004200001135787358 0.039089552020973146 0.008175619660948793
v -0.004200001135787358 0.046995549147111855 0.0019582530429675875
v -0.004200001135787358 0.04741650321437846 0.0018745206264733298
v -0.004200001135787358 0.04777336738905084 0.0016360706215617364
v -0.004200001135787358 0.04928260165820236 0.0016325369509767615
v -0.004200001135787358 0.048011815764147966 0.001279204933490213
v -0.004200001135787358 0.04946631434439651 0.0010607655577165036
v -0.004200001135787358 0.04809554911196477 0.0008582530781146661
v -0.004200001135787358 0.04950232672475621 0.0004612856014706377
v -0.004200001135787358 0.048011815764147966 0.00043730136825826765
v -0.004200001135787358 0.04938837754813031 -0.00012836559858906736
v -0.004200001135787358 0.04484790072058124 -0.0009519893539863816
v -0.004200001135787358 0.044811478558299575 -0.0007413552760881024
v -0.004200001135787358 0.04482724026113416 -0.0011647479532439708
v -0.004200001135787358 0.046574598805135446 -0.00015801435382867878
v -0.004200001135787358 0.044260295796234736 -0.0017531887395790119
v -0.004200001135787358 0.04404845344374327 -0.0017817468142492813
v -0.004200001135787358 0.04710746431528877 -0.0017817468142492813
v -0.004200001135787358 0.044624562122533754 -0.001536811661176747
v -0.004200001135787358 0.04445701347051575 -0.0016695531806299442
v -0.004200001135787358 0.04475097984545778 -0.0013644410866566101
v -0.004200001135787358 0.046995549147111855 -0.0002417468721863403
v -0.004200001135787358 0.04913160074525106 -0.0006712658618350543
v -0.004200001135787358 0.04741650321437846 -0.00015801435382867878
v -0.004200001135787358 0.04874808211920041 -0.0011334205909715605
v -0.004200001135787358 0.04777336738905084 8.043567291078695e-05
v -0.004200001135787358 0.04770330213097643 -0.0017066065467698044
v -0.004200001135787358 0.04826183489060511 -0.0014858910186841285
v -0.004200001135787358 0.044703750616307034 0.008310284245052224
v -0.004200001135787358 0.0461687172620165 0.008310284245052224
v 0.004199998807480983 0.0461687172620165 0.008310284245052224
v 0.004199998807480983 0.044703750616307034 0.008310284245052224
v 0.004199998807480983 0.04404845344374327 -0.0017817468142492813
v 0.004199998807480983 0.04710746431528877 -0.0017817468142492813
v 0.005279998620574707 0.04710746431528877 -0.0017817468142492813
v 0.005279998620574707 0.020833029790286974 -0.0017817468142492813
v 0.002599998541107683 0.020833029790286974 -0.0017817468142492813
v 0.002599998541107683 0.04404845344374327 -0.0017817468142492813
v 0.004199998807480983 0.044720585202719106 -0.0005478840758007371
v 0.004199998807480983 0.044811478558299575 -0.0007413552760881024
v 0.002599998541107683 0.044811478558299575 -0.0007413552760881024
v 0.004199998807480983 0.04484790072058124 -0.0009519893539863816
v 0.004199998807480983 0.04482724026113416 -0.0011647479532439708
v 0.002599998541107683 0.04482724026113416 -0.0011647479532439708
v 0.002599998541107683 0.04484790072058124 -0.0009519893539863816
v 0.002599998541107683 0.044720585202719106 -0.0005478840758007371
v 0.002599998541107683 0.04475097984545778 -0.0013644410866566101
v 0.004199998807480983 0.04475097984545778 -0.0013644410866566101
v 0.004199998807480983 0.044624562122533754 -0.001536811661176747
v 0.002599998541107683 0.044624562122533754 -0.001536811661176747
v 0.004199998807480983 0.04445701347051575 -0.0016695531806299442
v 0.004199998807480983 0.044260295796234736 -0.0017531887395790119
v 0.002599998541107683 0.044260295796234736 -0.0017531887395790119
v 0.002599998541107683 0.04445701347051575 -0.0016695531806299442
v 0.002599998541107683 0.04404845344374327 -0.0017817468142492813
v 0.004199998807480983 0.04404845344374327 -0.0017817468142492813
v 0.004199998807480983 0.039089552020973146 0.008175619660948793
v 0.002599998541107683 0.039089552020973146 0.008175619660948793
v -0.004200001135787358 0.04189584293066677 0.008276613209582978
v -0.004200001135787358 0.044703750616307034 0.008310284245052224
v 0.004199998807480983 0.04189584293066677 0.008276613209582978
v -0.0026000013350753327 0.039089552020973146 0.008175619660948793
v -0.004200001135787358 0.039089552020973146 0.008175619660948793
v 0.002599998541107683 0.039089552020973146 0.008175619660948793
v -0.0026000013350753327 0.03558792824494047 0.007954916705717541
v 0.002599998541107683 0.03558792824494047 0.007954916705717541
v -0.0026000013350753327 0.03209448893147636 0.007629403176381318
v 0.004199998807480983 0.044703750616307034 0.008310284245052224
v 0.004199998807480983 0.039089552020973146 0.008175619660948793
v 0.002599998541107683 0.03209448893147636 0.007629403176381318
v -0.0026000013350753327 0.028612368912283782 0.007199374302188447
v 0.002599998541107683 0.028612368912283782 0.007199374302188447
v -0.0026000013350753327 0.025144697431130424 0.006665214253690761
v 0.002599998541107683 0.025144697431130424 0.006665214253690761
v -0.0026000013350753327 0.021694583242687866 0.006027403593324011
v 0.002599998541107683 0.018265125788402187 0.005286514153133839
v -0.0026000013350753327 0.01485940681459102 0.004443211828743426
v -0.0026000013350753327 0.018265125788402187 0.005286514153133839
v 0.002599998541107683 0.01485940681459102 0.004443211828743426
v -0.0026000013350753327 0.011480481990540607 0.0034982530868939324
v 0.002599998541107683 0.021694583242687866 0.006027403593324011
v 0.002599998541107683 0.011480481990540607 0.0034982530868939324
v 0.004199998807480983 0.01418906133226591 3.997762072113492e-05
v 0.002599998541107683 0.01418906133226591 3.997762072113492e-05
v 0.002599998541107683 0.014346492096101754 -0.0005817468472999435
v 0.004199998807480983 0.0136853294541187 0.001217730893108034
v 0.002599998541107683 0.0136853294541187 0.001217730893108034
v 0.002599998541107683 0.013967875020631257 0.0006419763497171536
v 0.004199998807480983 0.013967875020631257 0.0006419763497171536
v 0.004199998807480983 0.014346492096101754 -0.0005817468472999435
v 0.004199998807480983 0.013344481233337029 0.0017610068431395032
v 0.002599998541107683 0.013344481233337029 0.0017610068431395032
v 0.004199998807480983 0.012949023983519159 0.0022659215009250906
v 0.002599998541107683 0.012949023983519159 0.0022659215009250906
v 0.004199998807480983 0.012011951448191619 0.003139273180218807
v 0.002599998541107683 0.012011951448191619 0.003139273180218807
v 0.002599998541107683 0.012503238063104454 0.0027270078866815377
v 0.004199998807480983 0.012503238063104454 0.0027270078866815377
v 0.004199998807480983 0.011480481990540607 0.0034982530868939324
v 0.002599998541107683 0.011480481990540607 0.0034982530868939324
v -0.003805054017896199 0.009056146947658885 0.0034982530868939324
v -0.004199905675225993 0.00859555020473305 0.0034982530868939324
v -0.004200001135787358 0.011480481990540607 0.0034982530868939324
v -0.002870642038263098 0.009827009141472632 0.0034982530868939324
v -0.003360027591020941 0.009468463929597673 0.0034982530868939324
v -0.002343358176981994 0.010127049602085141 0.0034982530868939324
v 0.004199903346919618 0.00859555020473305 0.0034982530868939324
v 0.0038050514567591867 0.009056146947658885 0.0034982530868939324
v 0.004199998807480983 0.011480481990540607 0.0034982530868939324
v 0.002870639477126086 0.009827009141472632 0.0034982530868939324
v 0.0023433553830143443 0.010127049602085141 0.0034982530868939324
v 0.003360025029883929 0.009468463929597673 0.0034982530868939324
v -0.0012033482461392222 0.010536596830760515 0.0034982530868939324
v -0.0017851369447462518 0.010364623465307912 0.0034982530868939324
v -0.0026000013350753327 0.011480481990540607 0.0034982530868939324
v -0.0006056728146452851 0.010640697271421182 0.0034982530868939324
v -1.3443237277498707e-09 0.010675550155206256 0.0034982530868939324
v 0.0012033454521715725 0.010536596830760515 0.0034982530868939324
v 0.0006056701370929542 0.010640697271421182 0.0034982530868939324
v 0.002599998541107683 0.011480481990540607 0.0034982530868939324
v 0.001785134267193921 0.010364623465307912 0.0034982530868939324
v 0.0064799984129010665 0.00859555020473305 0.005341959044158575
v 0.004199807886358253 0.00859555020473305 0.005341959044158575
v 0.004199998807480983 0.00859555020473305 0.0042982528708346264
v 0.0064799984129010665 0.00859555020473305 0.0042982528708346264
v -0.003888359190170688 0.008967534401003128 0.006839399044538111
v -0.0040259267066621715 0.008811816339336557 0.006498317527457687
v -0.003805054017896199 0.009056146947658885 0.0034982530868939324
v -0.004123127444211872 0.00869376748084597 0.006128685851948668
v -0.0037092921736861005 0.00915315164181183 0.007146875650050334
v -0.004200001135787358 0.00859555020473305 0.0042982528708346264
v -0.004199905675225993 0.00859555020473305 0.0034982530868939324
v -0.004199810680325902 0.00859555020473305 0.005341959044158575
v -0.00418088108383782 0.00862039137110665 0.0057406642813692356
v -0.003360027591020941 0.009468463929597673 0.0034982530868939324
v -0.0006056728146452851 0.010640697271421182 0.0034982530868939324
v -0.003236295336669563 0.009567456066072115 0.007638825832279977
v -0.003491949663045541 0.00935594153911822 0.007412781742225023
v -0.002870642038263098 0.009827009141472632 0.0034982530868939324
v -0.0029494370482590375 0.009774960318126122 0.007823332005286643
v -0.0015695355416127388 0.010436876400052048 0.008239199188785669
v -0.0022953671259854187 0.010150516136375083 0.008086747275301613
v -0.0017851369447462518 0.010364623465307912 0.0034982530868939324
v -0.002343358176981994 0.010127049602085141 0.0034982530868939324
v -0.000795482985988976 0.010615218149100897 0.008317049372054729
v -0.0012033482461392222 0.010536596830760515 0.0034982530868939324
v -0.004199810680325902 0.00859555020473305 0.005341959044158575
v -0.006480001206868716 0.00859555020473305 0.005341959044158575
v -0.004200001135787358 0.00859555020473305 0.0042982528708346264
v -0.006480001206868716 0.00859555020473305 0.0042982528708346264
v -0.006480001206868716 0.035822625252806585 0.008310284245052224
v -0.006480001206868716 0.03244241613495985 0.008283491026614022
v -0.0048800016389873285 0.035822625252806585 0.009910283347272337
v -0.006480001206868716 0.029063060108568833 0.008203117890557271
v -0.006480001206868716 0.025685400951863738 0.008069186257300614
v -0.0048800016389873285 0.02971267993886837 0.009823383502785854
v -0.006480001206868716 0.02231028989365518 0.00788172779181075
v -0.0048800016389873285 0.02360767808502505 0.0095627491619049
v -0.0048800016389873285 0.017512559426081313 0.009128594528815951
v -0.006480001206868716 0.01893857257481848 0.00764079138852155
v -0.006480001206868716 0.015571102086809339 0.007346436186414931
v -0.0048800016389873285 0.011432252520971256 0.008521269780797773
v -0.006480001206868716 0.012208717551245227 0.006998737622617436
v -0.005617150422155809 0.009475156413441287 0.0075457610981744016
v -0.006480001206868716 0.008852269265614205 0.006597781844464931
v -0.0058846481445682846 0.009222705603806343 0.007244712015240344
v -0.005377926721035883 0.009775539600752163 0.007823803254496895
v -0.004914608187957952 0.010966454341604204 0.008432687036463613
v -0.005173000835461287 0.010127890586347705 0.008073059627785668
v -0.005015335378342866 0.010526425857193008 0.008279530111809279
v -0.006480001206868716 0.035822625252806585 0.008310284245052224
v -0.005464181158995282 0.04546298711073032 0.009326103827264383
v -0.005708099191428001 0.04570725066382905 0.009082186726154214
v -0.0048800016389873285 0.035822625252806585 0.009910283347272337
v -0.005978575283355071 0.04591016349571203 0.008811710168565868
v -0.00626571739231268 0.04606879752828235 0.008524568525269534
v -0.006480001206868716 0.0461687172620165 0.008310284245052224
v -0.0048800016389873285 0.04389365646007856 0.009910283347272337
v -0.0052558615340488335 0.045183176838546835 0.009534423917872107
v -0.004972012115966411 0.04455182583138622 0.009818273335954529
v -0.004902420901069903 0.044220938105275776 0.009887863619528488
v -0.005090306377948897 0.044876119793843344 0.009699979539633316
v -0.005963844088921958 0.0036235068894612163 -0.0010986478009257787
v -0.006480001206868716 0.0031828597740462465 -0.0005817468472999435
v -0.006120479503300184 0.01023202362329762 -0.0009412684344531567
v -0.005880001310705536 0.010083484195845711 -0.0011817468016707827
v -0.0056395226524496135 0.009934945699716355 -0.0014222252270960681
v -0.00559931187003494 0.00413697993581915 -0.0014624363587566979
v -0.006480001206868716 0.010999999648529211 -0.0005817468472999435
v -0.00644005445439694 0.010720181925765326 -0.000621693716187038
v -0.006316661201453727 0.010452276749737267 -0.000745086852714932
v -0.005280000948881081 0.005395550603308999 -0.0017817468142492813
v -0.005459613021888 0.004439023205575231 -0.0016021328785972627
v -0.005359828795584865 0.004752926402343069 -0.001701917570561673
v -0.005299958259802983 0.005073498799890773 -0.0017617892704967417
v -0.005280000948881081 0.009166968743162212 -0.0017817468142492813
v -0.00544334095429607 0.009714691641954156 -0.0016184068088342927
v -0.005319948167014132 0.009446787397248649 -0.0017418000617775054
v -0.004200001135787358 0.004880544134372648 -0.0017308600486144155
v -0.004200001135787358 0.004385266336672197 -0.001580788828398553
v -0.005359828795584865 0.004752926402343069 -0.001701917570561673
v -0.005299958259802983 0.005073498799890773 -0.0017617892704967417
v -0.004200001135787358 0.005395550603308999 -0.0017817468142492813
v -0.004200001135787358 0.003928935516686199 -0.0013366909342983828
v -0.004200001135787358 0.0035287888249989235 -0.0010085088166107287
v -0.005963844088921958 0.0036235068894612163 -0.0010986478009257787
v -0.004200001135787358 0.003200606358065313 -0.000608361659262178
v -0.004200001135787358 0.0029565085803804616 -0.0001520311157625623
v -0.006480001206868716 0.0031828597740462465 -0.0005817468472999435
v -0.00559931187003494 0.00413697993581915 -0.0014624363587566979
v -0.005280000948881081 0.005395550603308999 -0.0017817468142492813
v -0.005459613021888 0.004439023205575231 -0.0016021328785972627
v -0.006480001206868716 0.0028801568950941967 5.675754650308118e-05
v -0.004200001135787358 0.005395550603308999 0.0034982530868939324
v -0.006480001206868716 0.005395550603308999 0.0034982530868939324
v -0.004200001135787358 0.004880544134372648 0.003447366088428429
v -0.004200001135787358 0.002806437360164599 0.00034324649276299584
v -0.004200001135787358 0.0027555505945297334 0.0008582530781146661
v -0.006480001206868716 0.002757662135581004 0.000752682777639612
v -0.004200001135787358 0.002806437360164599 0.0013732597798816553
v -0.004200001135787358 0.0029565085803804616 0.0018685373447514689
v -0.006480001206868716 0.0028241513478944186 0.001456171351963491
v -0.004200001135787358 0.003200606358065313 0.002324867931906829
v -0.004200001135787358 0.0035287888249989235 0.0027250148564247423
v -0.006480001206868716 0.0034918297552672412 0.0026873093316693115
v -0.004200001135787358 0.003928935516686199 0.0030531973233583524
v -0.004200001135787358 0.004385266336672197 0.003297295101043204
v -0.006480001206868716 0.00404518506001037 0.003126757834962554
v -0.006480001206868716 0.0030748610500223165 0.002116823512773878
v -0.006480001206868716 0.004695283124439283 0.003403685431023449
v -0.006480001206868716 0.0077955506536229935 0.0034982530868939324
v -0.006480001206868716 0.005395550603308999 0.0034982530868939324
v -0.004200001135787358 0.005395550603308999 0.0034982530868939324
v -0.004200001135787358 0.0077955506536229935 0.0034982530868939324
v -0.006460001520770794 0.03781650115047738 0.005074520460728018
v -0.006460001520770794 0.03817336532514976 0.004836070222985787
v -0.006480001206868716 0.03782415662183759 0.005092997900118122
v -0.006480001206868716 0.038430294864927196 0.004486858260044697
v -0.006460001520770794 0.03841181742553709 0.004479205116990857
v -0.006480001206868716 0.03818751025203771 0.004850212355906085
v -0.006480001206868716 0.03851555185643565 0.004058253378030629
v -0.006460001520770794 0.0384955507733539 0.004058253378030629
v -0.006460001520770794 0.03817336532514976 0.003280435368922284
v -0.006460001520770794 0.03841181742553709 0.0036373014062397635
v -0.006480001206868716 0.03818751025203771 0.003266293468832623
v -0.006480001206868716 0.03782415662183759 0.0030235079246205866
v -0.006460001520770794 0.03781650115047738 0.003041985596841328
v -0.006480001206868716 0.038430294864927196 0.0036296475646940113
v -0.006460001520770794 0.021816500815050755 0.005074520460728018
v -0.006480001206868716 0.02243029452950057 0.004486858260044697
v -0.006460001520770794 0.022411817090110465 0.004479205116990857
v -0.006460001520770794 0.022173368715013332 0.004836070222985787
v -0.006480001206868716 0.022187508053965983 0.004850212355906085
v -0.006480001206868716 0.021824154423765868 0.005092997900118122
v -0.006480001206868716 0.022515549658363918 0.004058253378030629
v -0.006460001520770794 0.02249555043792727 0.004058253378030629
v -0.006460001520770794 0.022173368715013332 0.003280435368922284
v -0.006460001520770794 0.022411817090110465 0.0036373014062397635
v -0.006480001206868716 0.022187508053965983 0.003266293468832623
v -0.006460001520770794 0.021816500815050755 0.003041985596841328
v -0.006480001206868716 0.021824154423765868 0.0030235079246205866
v -0.006480001206868716 0.02243029452950057 0.0036296475646940113
v -0.006460001520770794 0.029816500051441517 0.005074520460728018
v -0.006480001206868716 0.03043029562853643 0.004486858260044697
v -0.006460001520770794 0.030411816326501227 0.004479205116990857
v -0.006460001520770794 0.030173367951404097 0.004836070222985787
v -0.006480001206868716 0.030187509153001845 0.004850212355906085
v -0.006480001206868716 0.02982415552280173 0.005092997900118122
v -0.006480001206868716 0.030515548894754684 0.004058253378030629
v -0.006460001520770794 0.030495549674318036 0.004058253378030629
v -0.006460001520770794 0.030173367951404097 0.003280435368922284
v -0.006460001520770794 0.030411816326501227 0.0036373014062397635
v -0.006480001206868716 0.030187509153001845 0.003266293468832623
v -0.006460001520770794 0.029816500051441517 0.003041985596841328
v -0.006480001206868716 0.02982415552280173 0.0030235079246205866
v -0.006480001206868716 0.03043029562853643 0.0036296475646940113
v -0.004200001135787358 0.04710746431528877 -0.0017817468142492813
v -0.004200001135787358 0.04404845344374327 -0.0017817468142492813
v -0.005280000948881081 0.04710746431528877 -0.0017817468142492813
v -0.005280000948881081 0.020833029790286974 -0.0017817468142492813
v -0.0026000013350753327 0.04404845344374327 -0.0017817468142492813
v -0.0026000013350753327 0.020833029790286974 -0.0017817468142492813
v -0.004200001135787358 0.044720585202719106 -0.0005478840758007371
v -0.0026000013350753327 0.044720585202719106 -0.0005478840758007371
v -0.0026000013350753327 0.04481131464553079 -0.0007414067316589847
v -0.0026000013350753327 0.04482707634836538 -0.0011647087212815562
v -0.0026000013350753327 0.04475097984545778 -0.0013644410866566101
v -0.004200001135787358 0.04482724026113416 -0.0011647479532439708
v -0.004200001135787358 0.044811478558299575 -0.0007413552760881024
v -0.004200001135787358 0.04484790072058124 -0.0009519893539863816
v -0.0026000013350753327 0.04484790072058124 -0.0009519893539863816
v -0.004200001135787358 0.04475097984545778 -0.0013644410866566101
v -0.0026000013350753327 0.04462443918795717 -0.0015366929175516342
v -0.0026000013350753327 0.04445701347051575 -0.0016695531806299442
v -0.004200001135787358 0.044624562122533754 -0.001536811661176747
v -0.0026000013350753327 0.04426024736746214 -0.0017530236626570413
v -0.0026000013350753327 0.04404845344374327 -0.0017817468142492813
v -0.004200001135787358 0.044260295796234736 -0.0017531887395790119
v -0.004200001135787358 0.04445701347051575 -0.0016695531806299442
v -0.004200001135787358 0.04404845344374327 -0.0017817468142492813
v -0.004200001135787358 0.039089552020973146 0.008175619660948793
v -0.0026000013350753327 0.039089552020973146 0.008175619660948793
v 0.002599998541107683 0.029395549709465115 0.0029582531803470703
v 0.002599998541107683 0.020833029790286974 -0.0017817468142492813
v 0.002599998541107683 0.019763979536412478 -0.0009365073971627266
v 0.002599998541107683 0.018999998884919975 -0.0005817468472999435
v 0.002599998541107683 0.014346492096101754 -0.0005817468472999435
v 0.002599998541107683 0.01418906133226591 3.997762072113492e-05
v 0.002599998541107683 0.019285778934648348 -0.0006234514710846639
v 0.002599998541107683 0.02139554861042925 0.0029582531803470703
v 0.002599998541107683 0.01954772085238937 -0.000745086852714932
v 0.002599998541107683 0.0205472497405586 -0.0017400421904645608
v 0.002599998541107683 0.02028530596017248 -0.0016184068088342927
v 0.002599998541107683 0.02006904913879447 -0.0014269862643864983
v 0.002599998541107683 0.019916515268926026 -0.0011817468016707827
v 0.002599998541107683 0.0136853294541187 0.001217730893108034
v 0.002599998541107683 0.013344481233337029 0.0017610068431395032
v 0.002599998541107683 0.020974598268452847 0.003041985596841328
v 0.002599998541107683 0.020617732231135368 0.003280435368922284
v 0.002599998541107683 0.012503238063104454 0.0027270078866815377
v 0.002599998541107683 0.02037928385603824 0.0036373014062397635
v 0.002599998541107683 0.012949023983519159 0.0022659215009250906
v 0.002599998541107683 0.013967875020631257 0.0006419763497171536
v 0.002599998541107683 0.012011951448191619 0.003139273180218807
v 0.002599998541107683 0.01485940681459102 0.004443211828743426
v 0.002599998541107683 0.044260295796234736 -0.0017531887395790119
v 0.002599998541107683 0.04404845344374327 -0.0017817468142492813
v 0.002599998541107683 0.04445701347051575 -0.0016695531806299442
v 0.002599998541107683 0.044624562122533754 -0.001536811661176747
v 0.002599998541107683 0.04475097984545778 -0.0013644410866566101
v 0.002599998541107683 0.044720585202719106 -0.0005478840758007371
v 0.002599998541107683 0.04482724026113416 -0.0011647479532439708
v 0.002599998541107683 0.044811478558299575 -0.0007413552760881024
v 0.002599998541107683 0.04484790072058124 -0.0009519893539863816
v 0.002599998541107683 0.03739554708321078 0.0029582531803470703
v 0.002599998541107683 0.02897459750484361 0.003041985596841328
v 0.002599998541107683 0.021816500815050755 0.003041985596841328
v 0.002599998541107683 0.022173368715013332 0.003280435368922284
v 0.002599998541107683 0.028617731467526133 0.003280435368922284
v 0.002599998541107683 0.03697459674123437 0.003041985596841328
v 0.002599998541107683 0.029816500051441517 0.003041985596841328
v 0.002599998541107683 0.03781650115047738 0.003041985596841328
v 0.002599998541107683 0.030411816326501227 0.0036373014062397635
v 0.002599998541107683 0.03661773256656199 0.003280435368922284
v 0.002599998541107683 0.030173367951404097 0.003280435368922284
v 0.002599998541107683 0.03817336532514976 0.003280435368922284
v 0.002599998541107683 0.022411817090110465 0.0036373014062397635
v 0.002599998541107683 0.03841181742553709 0.0036373014062397635
v 0.002599998541107683 0.02029555050822143 0.004058253378030629
v 0.002599998541107683 0.02037928385603824 0.004479205116990857
v 0.002599998541107683 0.018265125788402187 0.005286514153133839
v 0.002599998541107683 0.028379283092429 0.0036373014062397635
v 0.002599998541107683 0.02249555043792727 0.004058253378030629
v 0.002599998541107683 0.022411817090110465 0.004479205116990857
v 0.002599998541107683 0.02829554974461219 0.004058253378030629
v 0.002599998541107683 0.028379283092429 0.004479205116990857
v 0.002599998541107683 0.020974598268452847 0.005074520460728018
v 0.002599998541107683 0.020617732231135368 0.004836070222985787
v 0.002599998541107683 0.02139554861042925 0.005158252877222275
v 0.002599998541107683 0.021694583242687866 0.006027403593324011
v 0.002599998541107683 0.021816500815050755 0.005074520460728018
v 0.002599998541107683 0.028617731467526133 0.004836070222985787
v 0.002599998541107683 0.022173368715013332 0.004836070222985787
v 0.002599998541107683 0.02897459750484361 0.005074520460728018
v 0.002599998541107683 0.025144697431130424 0.006665214253690761
v 0.002599998541107683 0.029395549709465115 0.005158252877222275
v 0.002599998541107683 0.028612368912283782 0.007199374302188447
v 0.002599998541107683 0.03637928419146486 0.0036373014062397635
v 0.002599998541107683 0.030495549674318036 0.004058253378030629
v 0.002599998541107683 0.03629555084364806 0.004058253378030629
v 0.002599998541107683 0.03637928419146486 0.004479205116990857
v 0.002599998541107683 0.030411816326501227 0.004479205116990857
v 0.002599998541107683 0.0384955507733539 0.004058253378030629
v 0.002599998541107683 0.03661773256656199 0.004836070222985787
v 0.002599998541107683 0.03841181742553709 0.004479205116990857
v 0.002599998541107683 0.039089552020973146 0.008175619660948793
v 0.002599998541107683 0.030173367951404097 0.004836070222985787
v 0.002599998541107683 0.03697459674123437 0.005074520460728018
v 0.002599998541107683 0.029816500051441517 0.005074520460728018
v 0.002599998541107683 0.03209448893147636 0.007629403176381318
v 0.002599998541107683 0.03817336532514976 0.004836070222985787
v 0.002599998541107683 0.03781650115047738 0.005074520460728018
v 0.002599998541107683 0.03739554708321078 0.005158252877222275
v 0.002599998541107683 0.03558792824494047 0.007954916705717541
v 0.002599998541107683 0.011480481990540607 0.0034982530868939324
v -0.0026000013350753327 0.021694583242687866 0.006027403593324011
v -0.0026000013350753327 0.018265125788402187 0.005286514153133839
v -0.0026000013350753327 0.02139554861042925 0.005158252877222275
v -0.0026000013350753327 0.020974598268452847 0.005074520460728018
v -0.0026000013350753327 0.020617732231135368 0.004836070222985787
v -0.0026000013350753327 0.02037928385603824 0.004479205116990857
v -0.0026000013350753327 0.021816500815050755 0.005074520460728018
v -0.0026000013350753327 0.029395549709465115 0.005158252877222275
v -0.0026000013350753327 0.028612368912283782 0.007199374302188447
v -0.0026000013350753327 0.025144697431130424 0.006665214253690761
v -0.0026000013350753327 0.02897459750484361 0.005074520460728018
v -0.0026000013350753327 0.022173368715013332 0.004836070222985787
v -0.0026000013350753327 0.028617731467526133 0.004836070222985787
v -0.0026000013350753327 0.022411817090110465 0.004479205116990857
v -0.0026000013350753327 0.01485940681459102 0.004443211828743426
v -0.0026000013350753327 0.02037928385603824 0.0036373014062397635
v -0.0026000013350753327 0.02029555050822143 0.004058253378030629
v -0.0026000013350753327 0.012489389296787374 0.002739883653764604
v -0.0026000013350753327 0.028379283092429 0.004479205116990857
v -0.0026000013350753327 0.02249555043792727 0.004058253378030629
v -0.0026000013350753327 0.02829554974461219 0.004058253378030629
v -0.0026000013350753327 0.022411817090110465 0.0036373014062397635
v -0.0026000013350753327 0.028379283092429 0.0036373014062397635
v -0.0026000013350753327 0.028617731467526133 0.003280435368922284
v -0.0026000013350753327 0.03209448893147636 0.007629403176381318
v -0.0026000013350753327 0.029816500051441517 0.005074520460728018
v -0.0026000013350753327 0.03697459674123437 0.005074520460728018
v -0.0026000013350753327 0.030173367951404097 0.004836070222985787
v -0.0026000013350753327 0.039089552020973146 0.008175619660948793
v -0.0026000013350753327 0.03558792824494047 0.007954916705717541
v -0.0026000013350753327 0.03739554708321078 0.005158252877222275
v -0.0026000013350753327 0.03781650115047738 0.005074520460728018
v -0.0026000013350753327 0.03817336532514976 0.004836070222985787
v -0.0026000013350753327 0.03661773256656199 0.004836070222985787
v -0.0026000013350753327 0.030411816326501227 0.004479205116990857
v -0.0026000013350753327 0.03637928419146486 0.004479205116990857
v -0.0026000013350753327 0.030495549674318036 0.004058253378030629
v -0.0026000013350753327 0.03629555084364806 0.004058253378030629
v -0.0026000013350753327 0.03637928419146486 0.0036373014062397635
v -0.0026000013350753327 0.030411816326501227 0.0036373014062397635
v -0.0026000013350753327 0.03841181742553709 0.004479205116990857
v -0.0026000013350753327 0.0384955507733539 0.004058253378030629
v -0.0026000013350753327 0.03841181742553709 0.0036373014062397635
v -0.0026000013350753327 0.044720585202719106 -0.0005478840758007371
v -0.0026000013350753327 0.03661773256656199 0.003280435368922284
v -0.0026000013350753327 0.012004659192625866 0.0031449030250329797
v -0.0026000013350753327 0.012939973390979187 0.0022764813016571818
v -0.0026000013350753327 0.013340402971890996 0.0017668725453894387
v -0.0026000013350753327 0.020974598268452847 0.003041985596841328
v -0.0026000013350753327 0.020617732231135368 0.003280435368922284
v -0.0026000013350753327 0.018999998884919975 -0.0005817468472999435
v -0.0026000013350753327 0.02139554861042925 0.0029582531803470703
v -0.0026000013350753327 0.01368574296133086 0.0012170599916261464
v -0.0026000013350753327 0.013971178421715769 0.0006344359548995117
v -0.0026000013350753327 0.014192133765358045 3.0214231736445404e-05
v -0.0026000013350753327 0.014346549838099848 -0.0005817468472999435
v -0.0026000013350753327 0.019285778934648348 -0.0006234514710846639
v -0.0026000013350753327 0.029395549709465115 0.0029582531803470703
v -0.0026000013350753327 0.019916515268926026 -0.0011817468016707827
v -0.0026000013350753327 0.02006904913879447 -0.0014269862643864983
v -0.0026000013350753327 0.020833029790286974 -0.0017817468142492813
v -0.0026000013350753327 0.019763979536412478 -0.0009365073971627266
v -0.0026000013350753327 0.02028530596017248 -0.0016184068088342927
v -0.0026000013350753327 0.0205472497405586 -0.0017400421904645608
v -0.0026000013350753327 0.01954772085238937 -0.000745086852714932
v -0.0026000013350753327 0.022173368715013332 0.003280435368922284
v -0.0026000013350753327 0.021816500815050755 0.003041985596841328
v -0.0026000013350753327 0.02897459750484361 0.003041985596841328
v -0.0026000013350753327 0.03739554708321078 0.0029582531803470703
v -0.0026000013350753327 0.03697459674123437 0.003041985596841328
v -0.0026000013350753327 0.029816500051441517 0.003041985596841328
v -0.0026000013350753327 0.030173367951404097 0.003280435368922284
v -0.0026000013350753327 0.03817336532514976 0.003280435368922284
v -0.0026000013350753327 0.03781650115047738 0.003041985596841328
v -0.0026000013350753327 0.04445701347051575 -0.0016695531806299442
v -0.0026000013350753327 0.04404845344374327 -0.0017817468142492813
v -0.0026000013350753327 0.04426024736746214 -0.0017530236626570413
v -0.0026000013350753327 0.04462443918795717 -0.0015366929175516342
v -0.0026000013350753327 0.04481131464553079 -0.0007414067316589847
v -0.0026000013350753327 0.04484790072058124 -0.0009519893539863816
v -0.0026000013350753327 0.04475097984545778 -0.0013644410866566101
v -0.0026000013350753327 0.04482707634836538 -0.0011647087212815562
v -0.0026000013350753327 0.011480481990540607 0.0034982530868939324
v -0.004200001135787358 0.011480481990540607 0.0034982530868939324
v -0.0026000013350753327 0.012004659192625866 0.0031449030250329797
v -0.0026000013350753327 0.011480481990540607 0.0034982530868939324
v -0.004200001135787358 0.012940169900037218 0.0022762386921329316
v -0.0026000013350753327 0.013340402971890996 0.0017668725453894387
v -0.0026000013350753327 0.012939973390979187 0.0022764813016571818
v -0.004200001135787358 0.01200481751745935 0.0031448110569311763
v -0.0026000013350753327 0.012489389296787374 0.002739883653764604
v -0.004200001135787358 0.012489411648528573 0.0027398815582888665
v -0.004200001135787358 0.013340502623403836 0.0017667643955583312
v -0.004200001135787358 0.013685793252748553 0.00121694159724699
v -0.0026000013350753327 0.013971178421715769 0.0006344359548995117
v -0.0026000013350753327 0.01368574296133086 0.0012170599916261464
v -0.004200001135787358 0.01434654238751945 -0.0005817468472999435
v -0.0026000013350753327 0.014346549838099848 -0.0005817468472999435
v -0.0026000013350753327 0.014192133765358045 3.0214231736445404e-05
v -0.004200001135787358 0.01397126410339036 0.0006342783867655997
v -0.004200001135787358 0.014192098375101148 3.0249853004989893e-05
v -0.004200001135787358 0.005395550603308999 0.0019582530429675875
v -0.004200001135787358 0.003928935516686199 0.0030531973233583524
v -0.004200001135787358 0.0035287888249989235 0.0027250148564247423
v -0.004200001135787358 0.004974598864348771 0.0018745206264733298
v -0.004200001135787358 0.005395550603308999 0.0034982530868939324
v -0.004200001135787358 0.004880544134372648 0.003447366088428429
v -0.004200001135787358 0.004385266336672197 0.003297295101043204
v -0.004200001135787358 0.005816502342269227 0.0018745206264733298
v -0.004200001135787358 0.003200606358065313 0.002324867931906829
v -0.004200001135787358 0.004379283054950335 0.001279204933490213
v -0.004200001135787358 0.0029565085803804616 0.0018685373447514689
v -0.004200001135787358 0.002806437360164599 0.0013732597798816553
v -0.004200001135787358 0.004295550638456078 0.0008582530781146661
v -0.004200001135787358 0.0027555505945297334 0.0008582530781146661
v -0.004200001135787358 0.004617732827031292 0.0016360706215617364
v -0.004200001135787358 0.0077955506536229935 0.0034982530868939324
v -0.004200001135787358 0.008090026461999826 0.003554422314031856
v -0.004199905675225993 0.00859555020473305 0.0034982530868939324
v -0.004200001135787358 0.008361235039112394 0.0037325677868533125
v -0.004200001135787358 0.008539381210425764 0.004003777528119069
v -0.004199953638337313 0.00859555020473305 0.0038982528624489604
v -0.004200001135787358 0.00859555020473305 0.0042982528708346264
v -0.004200001135787358 0.011480481990540607 0.0034982530868939324
v -0.004200001135787358 0.01200481751745935 0.0031448110569311763
v -0.004200001135787358 0.006173367913925432 0.0016360706215617364
v -0.004200001135787358 0.006411817686006388 0.001279204933490213
v -0.004200001135787358 0.012489411648528573 0.0027398815582888665
v -0.004200001135787358 0.012940169900037218 0.0022762386921329316
v -0.004200001135787358 0.013340502623403836 0.0017667643955583312
v -0.004200001135787358 0.010999999648529211 -0.0005817468472999435
v -0.004200001135787358 0.013685793252748553 0.00121694159724699
v -0.004200001135787358 0.00649555056816192 0.0008582530781146661
v -0.004200001135787358 0.002806437360164599 0.00034324649276299584
v -0.004200001135787358 0.004379283054950335 0.00043730136825826765
v -0.004200001135787358 0.0029565085803804616 -0.0001520311157625623
v -0.004200001135787358 0.004617732827031292 8.043567291078695e-05
v -0.004200001135787358 0.004974598864348771 -0.00015801435382867878
v -0.004200001135787358 0.003200606358065313 -0.000608361659262178
v -0.004200001135787358 0.0035287888249989235 -0.0010085088166107287
v -0.004200001135787358 0.005395550603308999 -0.0002417468721863403
v -0.004200001135787358 0.003928935516686199 -0.0013366909342983828
v -0.004200001135787358 0.004385266336672197 -0.001580788828398553
v -0.004200001135787358 0.004880544134372648 -0.0017308600486144155
v -0.004200001135787358 0.005395550603308999 -0.0017817468142492813
v -0.004200001135787358 0.005816502342269227 -0.00015801435382867878
v -0.004200001135787358 0.009166968743162212 -0.0017817468142492813
v -0.004200001135787358 0.010714219598800838 -0.0006234514710846639
v -0.004200001135787358 0.006411817686006388 0.00043730136825826765
v -0.004200001135787358 0.014192098375101148 3.0249853004989893e-05
v -0.004200001135787358 0.01397126410339036 0.0006342783867655997
v -0.004200001135787358 0.01434654238751945 -0.0005817468472999435
v -0.004200001135787358 0.006173367913925432 8.043567291078695e-05
v -0.004200001135787358 0.010452276749737267 -0.000745086852714932
v -0.004200001135787358 0.009714691641954156 -0.0016184068088342927
v -0.004200001135787358 0.009930950325977265 -0.0014269862643864983
v -0.004200001135787358 0.009452748792890587 -0.0017400421904645608
v -0.004200001135787358 0.010083484195845711 -0.0011817468016707827
v -0.004200001135787358 0.01023601992835926 -0.0009365073971627266
v -0.004200001135787358 0.008090026461999826 0.003554422314031856
v -0.006480001206868716 0.008090026461999826 0.003554422314031856
v -0.006480001206868716 0.0077955506536229935 0.0034982530868939324
v -0.004200001135787358 0.0077955506536229935 0.0034982530868939324
v -0.006480001206868716 0.008361235039112394 0.0037325677868533125
v -0.004200001135787358 0.008361235039112394 0.0037325677868533125
v -0.004200001135787358 0.008539381210425764 0.004003777528119069
v -0.006480001206868716 0.00859555020473305 0.0042982528708346264
v -0.006480001206868716 0.008539381210425764 0.004003777528119069
v -0.004200001135787358 0.00859555020473305 0.0042982528708346264
v 0.0064799984129010665 0.005816502342269227 -0.00015801435382867878
v 0.004199998807480983 0.005816502342269227 -0.00015801435382867878
v 0.0064799984129010665 0.006411817686006388 0.00043730136825826765
v 0.004199998807480983 0.006411817686006388 0.00043730136825826765
v 0.004199998807480983 0.006173367913925432 8.043567291078695e-05
v 0.0064799984129010665 0.006173367913925432 8.043567291078695e-05
v 0.0064799984129010665 0.00649555056816192 0.0008582530781146661
v 0.004199998807480983 0.00649555056816192 0.0008582530781146661
v 0.0064799984129010665 0.006173367913925432 0.0016360706215617364
v 0.004199998807480983 0.006173367913925432 0.0016360706215617364
v 0.004199998807480983 0.006411817686006388 0.001279204933490213
v 0.004199998807480983 0.005816502342269227 0.0018745206264733298
v 0.0064799984129010665 0.005816502342269227 0.0018745206264733298
v 0.0064799984129010665 0.006411817686006388 0.001279204933490213
v 0.0064799984129010665 0.04741650321437846 -0.00015801435382867878
v 0.004199998807480983 0.04741650321437846 -0.00015801435382867878
v 0.0064799984129010665 0.048011815764147966 0.00043730136825826765
v 0.004199998807480983 0.048011815764147966 0.00043730136825826765
v 0.004199998807480983 0.04777336738905084 8.043567291078695e-05
v 0.0064799984129010665 0.04777336738905084 8.043567291078695e-05
v 0.0064799984129010665 0.04809554911196477 0.0008582530781146661
v 0.004199998807480983 0.04809554911196477 0.0008582530781146661
v 0.0064799984129010665 0.04777336738905084 0.0016360706215617364
v 0.004199998807480983 0.04777336738905084 0.0016360706215617364
v 0.004199998807480983 0.048011815764147966 0.001279204933490213
v 0.004199998807480983 0.04741650321437846 0.0018745206264733298
v 0.0064799984129010665 0.04741650321437846 0.0018745206264733298
v 0.0064799984129010665 0.048011815764147966 0.001279204933490213
v 0.006459998261141868 0.03781650115047738 0.003041985596841328
v 0.002599998541107683 0.03781650115047738 0.003041985596841328
v 0.006459998261141868 0.03841181742553709 0.0036373014062397635
v 0.002599998541107683 0.03841181742553709 0.0036373014062397635
v 0.002599998541107683 0.03817336532514976 0.003280435368922284
v 0.006459998261141868 0.03817336532514976 0.003280435368922284
v 0.002599998541107683 0.0384955507733539 0.004058253378030629
v 0.006459998261141868 0.0384955507733539 0.004058253378030629
v 0.006459998261141868 0.03817336532514976 0.004836070222985787
v 0.002599998541107683 0.03817336532514976 0.004836070222985787
v 0.002599998541107683 0.03841181742553709 0.004479205116990857
v 0.002599998541107683 0.03781650115047738 0.005074520460728018
v 0.006459998261141868 0.03781650115047738 0.005074520460728018
v 0.006459998261141868 0.03841181742553709 0.004479205116990857
v 0.006459998261141868 0.021816500815050755 0.003041985596841328
v 0.002599998541107683 0.021816500815050755 0.003041985596841328
v 0.006459998261141868 0.022173368715013332 0.003280435368922284
v 0.002599998541107683 0.022411817090110465 0.0036373014062397635
v 0.002599998541107683 0.022173368715013332 0.003280435368922284
v 0.006459998261141868 0.022411817090110465 0.0036373014062397635
v 0.002599998541107683 0.02249555043792727 0.004058253378030629
v 0.006459998261141868 0.02249555043792727 0.004058253378030629
v 0.006459998261141868 0.022173368715013332 0.004836070222985787
v 0.002599998541107683 0.022173368715013332 0.004836070222985787
v 0.002599998541107683 0.022411817090110465 0.004479205116990857
v 0.006459998261141868 0.021816500815050755 0.005074520460728018
v 0.002599998541107683 0.021816500815050755 0.005074520460728018
v 0.006459998261141868 0.022411817090110465 0.004479205116990857
v 0.006459998261141868 0.029816500051441517 0.003041985596841328
v 0.002599998541107683 0.029816500051441517 0.003041985596841328
v 0.006459998261141868 0.030173367951404097 0.003280435368922284
v 0.002599998541107683 0.030411816326501227 0.0036373014062397635
v 0.002599998541107683 0.030173367951404097 0.003280435368922284
v 0.006459998261141868 0.030411816326501227 0.0036373014062397635
v 0.002599998541107683 0.030495549674318036 0.004058253378030629
v 0.006459998261141868 0.030495549674318036 0.004058253378030629
v 0.006459998261141868 0.030173367951404097 0.004836070222985787
v 0.002599998541107683 0.030173367951404097 0.004836070222985787
v 0.002599998541107683 0.030411816326501227 0.004479205116990857
v 0.006459998261141868 0.029816500051441517 0.005074520460728018
v 0.002599998541107683 0.029816500051441517 0.005074520460728018
v 0.006459998261141868 0.030411816326501227 0.004479205116990857
v -0.004200001135787358 0.005816502342269227 -0.00015801435382867878
v -0.006480001206868716 0.005816502342269227 -0.00015801435382867878
v -0.004200001135787358 0.006411817686006388 0.00043730136825826765
v -0.006480001206868716 0.006411817686006388 0.00043730136825826765
v -0.006480001206868716 0.006173367913925432 8.043567291078695e-05
v -0.004200001135787358 0.006173367913925432 8.043567291078695e-05
v -0.004200001135787358 0.00649555056816192 0.0008582530781146661
v -0.006480001206868716 0.00649555056816192 0.0008582530781146661
v -0.004200001135787358 0.006173367913925432 0.0016360706215617364
v -0.006480001206868716 0.006173367913925432 0.0016360706215617364
v -0.006480001206868716 0.006411817686006388 0.001279204933490213
v -0.006480001206868716 0.005816502342269227 0.0018745206264733298
v -0.004200001135787358 0.005816502342269227 0.0018745206264733298
v -0.004200001135787358 0.006411817686006388 0.001279204933490213
v -0.004200001135787358 0.04741650321437846 -0.00015801435382867878
v -0.006480001206868716 0.04741650321437846 -0.00015801435382867878
v -0.004200001135787358 0.048011815764147966 0.00043730136825826765
v -0.006480001206868716 0.048011815764147966 0.00043730136825826765
v -0.006480001206868716 0.04777336738905084 8.043567291078695e-05
v -0.004200001135787358 0.04777336738905084 8.043567291078695e-05
v -0.004200001135787358 0.04809554911196477 0.0008582530781146661
v -0.006480001206868716 0.04809554911196477 0.0008582530781146661
v -0.004200001135787358 0.04777336738905084 0.0016360706215617364
v -0.006480001206868716 0.04777336738905084 0.0016360706215617364
v -0.006480001206868716 0.048011815764147966 0.001279204933490213
v -0.006480001206868716 0.04741650321437846 0.0018745206264733298
v -0.004200001135787358 0.04741650321437846 0.0018745206264733298
v -0.004200001135787358 0.048011815764147966 0.001279204933490213
v -0.0026000013350753327 0.03781650115047738 0.003041985596841328
v -0.006460001520770794 0.03781650115047738 0.003041985596841328
v -0.0026000013350753327 0.03841181742553709 0.0036373014062397635
v -0.006460001520770794 0.03841181742553709 0.0036373014062397635
v -0.006460001520770794 0.03817336532514976 0.003280435368922284
v -0.0026000013350753327 0.03817336532514976 0.003280435368922284
v -0.0026000013350753327 0.0384955507733539 0.004058253378030629
v -0.006460001520770794 0.0384955507733539 0.004058253378030629
v -0.0026000013350753327 0.03817336532514976 0.004836070222985787
v -0.006460001520770794 0.03817336532514976 0.004836070222985787
v -0.006460001520770794 0.03841181742553709 0.004479205116990857
v -0.006460001520770794 0.03781650115047738 0.005074520460728018
v -0.0026000013350753327 0.03781650115047738 0.005074520460728018
v -0.0026000013350753327 0.03841181742553709 0.004479205116990857
v -0.006460001520770794 0.021816500815050755 0.003041985596841328
v -0.0026000013350753327 0.022411817090110465 0.0036373014062397635
v -0.006460001520770794 0.022411817090110465 0.0036373014062397635
v -0.006460001520770794 0.022173368715013332 0.003280435368922284
v -0.0026000013350753327 0.021816500815050755 0.003041985596841328
v -0.0026000013350753327 0.022173368715013332 0.003280435368922284
v -0.006460001520770794 0.02249555043792727 0.004058253378030629
v -0.0026000013350753327 0.02249555043792727 0.004058253378030629
v -0.0026000013350753327 0.022411817090110465 0.004479205116990857
v -0.006460001520770794 0.022173368715013332 0.004836070222985787
v -0.006460001520770794 0.022411817090110465 0.004479205116990857
v -0.006460001520770794 0.021816500815050755 0.005074520460728018
v -0.0026000013350753327 0.022173368715013332 0.004836070222985787
v -0.0026000013350753327 0.021816500815050755 0.005074520460728018
v -0.006460001520770794 0.029816500051441517 0.003041985596841328
v -0.0026000013350753327 0.030411816326501227 0.0036373014062397635
v -0.006460001520770794 0.030411816326501227 0.0036373014062397635
v -0.006460001520770794 0.030173367951404097 0.003280435368922284
v -0.0026000013350753327 0.029816500051441517 0.003041985596841328
v -0.0026000013350753327 0.030173367951404097 0.003280435368922284
v -0.006460001520770794 0.030495549674318036 0.004058253378030629
v -0.0026000013350753327 0.030495549674318036 0.004058253378030629
v -0.0026000013350753327 0.030411816326501227 0.004479205116990857
v -0.006460001520770794 0.030173367951404097 0.004836070222985787
v -0.006460001520770794 0.030411816326501227 0.004479205116990857
v -0.006460001520770794 0.029816500051441517 0.005074520460728018
v -0.0026000013350753327 0.030173367951404097 0.004836070222985787
v -0.0026000013350753327 0.029816500051441517 0.005074520460728018
v 0.004199998807480983 0.014346492096101754 -0.0005817468472999435
v 0.002599998541107683 0.014346492096101754 -0.0005817468472999435
v 0.002599998541107683 0.018999998884919975 -0.0005817468472999435
v 0.0064799984129010665 0.018999998884919975 -0.0005817468472999435
v 0.0064799984129010665 0.010999999648529211 -0.0005817468472999435
v 0.004199998807480983 0.010999999648529211 -0.0005817468472999435
v -0.004200001135787358 0.01434654238751945 -0.0005817468472999435
v -0.006480001206868716 0.010999999648529211 -0.0005817468472999435
v -0.006480001206868716 0.018999998884919975 -0.0005817468472999435
v -0.004200001135787358 0.010999999648529211 -0.0005817468472999435
v -0.0026000013350753327 0.018999998884919975 -0.0005817468472999435
v -0.0026000013350753327 0.014346549838099848 -0.0005817468472999435
v -0.005880001310705536 0.010083484195845711 -0.0011817468016707827
v -0.006120479503300184 0.01023202362329762 -0.0009412684344531567
v -0.004200001135787358 0.01023601992835926 -0.0009365073971627266
v -0.004200001135787358 0.010083484195845711 -0.0011817468016707827
v -0.00644005445439694 0.010720181925765326 -0.000621693716187038
v -0.006316661201453727 0.010452276749737267 -0.000745086852714932
v -0.004200001135787358 0.010452276749737267 -0.000745086852714932
v -0.004200001135787358 0.010714219598800838 -0.0006234514710846639
v -0.00644005445439694 0.01927981660768386 -0.000621693716187038
v -0.0026000013350753327 0.019285778934648348 -0.0006234514710846639
v -0.006316661201453727 0.01954772085238937 -0.000745086852714932
v -0.0026000013350753327 0.01954772085238937 -0.000745086852714932
v -0.006120479503300184 0.019767976772796667 -0.0009412684344531567
v -0.0026000013350753327 0.019763979536412478 -0.0009365073971627266
v -0.005880001310705536 0.019916515268926026 -0.0011817468016707827
v -0.0026000013350753327 0.019916515268926026 -0.0011817468016707827
v 0.006440051660429291 0.01927981660768386 -0.000621693716187038
v 0.002599998541107683 0.019285778934648348 -0.0006234514710846639
v 0.002599998541107683 0.01954772085238937 -0.000745086852714932
v 0.006316658407486078 0.01954772085238937 -0.000745086852714932
v 0.002599998541107683 0.019763979536412478 -0.0009365073971627266
v 0.006120477174993809 0.019767976772796667 -0.0009412684344531567
v 0.002599998541107683 0.019916515268926026 -0.0011817468016707827
v 0.005879998516737887 0.019916515268926026 -0.0011817468016707827
v 0.005879998516737887 0.010083484195845711 -0.0011817468016707827
v 0.004199998807480983 0.010083484195845711 -0.0011817468016707827
v 0.004199998807480983 0.01023601992835926 -0.0009365073971627266
v 0.006120477174993809 0.01023202362329762 -0.0009412684344531567
v 0.006440051660429291 0.010720181925765326 -0.000621693716187038
v 0.004199998807480983 0.010714219598800838 -0.0006234514710846639
v 0.006316658407486078 0.010452276749737267 -0.000745086852714932
v 0.004199998807480983 0.010452276749737267 -0.000745086852714932
v -0.004200001135787358 0.009930950325977265 -0.0014269862643864983
v -0.0056395226524496135 0.009934945699716355 -0.0014222252270960681
v -0.00544334095429607 0.009714691641954156 -0.0016184068088342927
v -0.004200001135787358 0.009714691641954156 -0.0016184068088342927
v -0.004200001135787358 0.009452748792890587 -0.0017400421904645608
v -0.004200001135787358 0.009166968743162212 -0.0017817468142492813
v -0.005280000948881081 0.009166968743162212 -0.0017817468142492813
v -0.005319948167014132 0.009446787397248649 -0.0017418000617775054
v -0.0026000013350753327 0.020833029790286974 -0.0017817468142492813
v -0.0026000013350753327 0.0205472497405586 -0.0017400421904645608
v -0.005280000948881081 0.020833029790286974 -0.0017817468142492813
v -0.005319948167014132 0.02055321206752309 -0.0017418000617775054
v -0.0026000013350753327 0.02028530596017248 -0.0016184068088342927
v -0.00544334095429607 0.02028530596017248 -0.0016184068088342927
v -0.0026000013350753327 0.02006904913879447 -0.0014269862643864983
v -0.0056395226524496135 0.020065053765055383 -0.0014222252270960681
v 0.005279998620574707 0.020833029790286974 -0.0017817468142492813
v 0.005319945373046483 0.02055321206752309 -0.0017418000617775054
v 0.002599998541107683 0.0205472497405586 -0.0017400421904645608
v 0.002599998541107683 0.020833029790286974 -0.0017817468142492813
v 0.002599998541107683 0.02028530596017248 -0.0016184068088342927
v 0.0054433381603284205 0.02028530596017248 -0.0016184068088342927
v 0.005639519858481963 0.020065053765055383 -0.0014222252270960681
v 0.002599998541107683 0.02006904913879447 -0.0014269862643864983
v 0.005639519858481963 0.009934945699716355 -0.0014222252270960681
v 0.004199998807480983 0.009930950325977265 -0.0014269862643864983
v 0.0054433381603284205 0.009714691641954156 -0.0016184068088342927
v 0.004199998807480983 0.009714691641954156 -0.0016184068088342927
v 0.005319945373046483 0.009446787397248649 -0.0017418000617775054
v 0.005279998620574707 0.009166968743162212 -0.0017817468142492813
v 0.004199998807480983 0.009452748792890587 -0.0017400421904645608
v 0.004199998807480983 0.009166968743162212 -0.0017817468142492813
v 7.999865708020171e-05 0.011795550271818375 0.010858252356433758
v 0.000837539591489901 0.011795550271818375 0.010841611485112066
v 7.999865708020171e-05 0.01612488882672371 0.011364727910812986
v 0.0012712948618279183 0.011795552134463474 0.010816258091336017
v 0.0008697698709744437 0.0161249800963336 0.011342727278216594
v 0.001655239567945144 0.016125242729292673 0.01127726368486126
v 0.001724654762879721 0.020465451681000495 0.01166531040114954
v 7.999865708020171e-05 0.02046482210695676 0.011770494901258297
v 0.0032404513635485117 0.016126192678293575 0.011018174408090598
v 0.002443208294355535 0.016125652511214634 0.011169148312687956
v 0.0024513655157395106 0.011796028971609026 0.010691575422322463
v 0.0015755318618502984 0.011795675069040062 0.010784113493526067
v 0.0015847511401871212 0.011795678794330262 0.010783138398816316
v 0.0023222951533627178 0.011795976817546232 0.010705212778420714
v 0.002340733942867001 0.011795984268126631 0.010703264451646313
v 0.002553176299911238 0.02046618370052472 0.011535847253487327
v 0.0048869949400145605 0.016127576623602733 0.010568956564079496
v 0.004197780862828386 0.011800705142132096 0.010332936146869965
v 0.004486528106200756 0.011802079774215754 0.010257024045827255
v 0.004630902193548215 0.011802768021580133 0.01021906706398335
v 0.004703089004391307 0.011803110748278499 0.010200088573061398
v 0.0040532572982116665 0.01612684087878831 0.010821496780679231
v 0.0037646595321085565 0.011798642262684058 0.01044680709240168
v 0.0038368461101210114 0.011798984989382422 0.010427827670157177
v 0.0047752758152344 0.011803455337621964 0.010181111013461995
v 0.005322764486405044 0.011809882394538854 0.009945976283997423
v 0.006494670002690986 0.016129230652451365 0.00962258011647841
v 0.006193187389109948 0.011834038107515725 0.009372858081914685
v 0.006312229037438733 0.011838415323500277 0.009281915366239069
v 0.00583606290978487 0.011820906459562073 0.009645688091586639
v 0.005719251313301832 0.016128379423640753 0.010176201080978898
v 0.005579414163756232 0.01181539396138919 0.009795833119114581
v 0.0033280555207133595 0.011797472521561377 0.010536465514280979
v 0.003181940558689491 0.011797232240343502 0.010562318096943777
v 0.006736345410423536 0.011864054633299145 0.008865928042131105
v 0.007161443863037214 0.016130107958293376 0.008931696177960257
v 0.0009010968257932383 0.02046498601972554 0.01174397456032722
v 7.999865708020171e-05 0.02481300876762706 0.012075362406646962
v 0.003389186368735899 0.02046714482539622 0.011356533203696376
v 0.0026556092075463015 0.02481477641782678 0.01180866888125633
v 0.0017905865786470177 0.024813824606180777 0.011955705154112692
v 0.0009315194082084164 0.024813221109168438 0.01204516613561141
v 0.001853030707880241 0.029168010846717562 0.012148263541885833
v 7.999865708020171e-05 0.029167101875908857 0.012279139505856252
v 0.0035250637676299433 0.02481602625268875 0.011605977704140229
v 0.004235145989191827 0.0204683015280032 0.011127076747818572
v 0.004397784708726737 0.024817527544639197 0.011349698227502628
v 0.0036480674949166585 0.029170449049153214 0.011766338408718074
v 0.002750497704035227 0.029169063241198955 0.011987438107355586
v 0.005092304064818443 0.020469610967508368 0.010840241509641158
v 0.003909033153794741 0.011799329578725887 0.010408850110557775
v 0.0059339146417969535 0.020471043341590122 0.010417355879406053
v 0.0067118953995208945 0.020472561397346465 0.009841460473479498
v 0.005271103093239295 0.024819230002260422 0.011035337751362787
v 0.006114142784670634 0.02482109264736023 0.010589708293136466
v 0.005423358963326595 0.029174002976003647 0.01115410093424915
v 0.006886293463232174 0.024823059600585628 0.009999359692557946
v 0.0075522840813139315 0.02482509174638952 0.009283666252632888
v 0.0073826036319791935 0.020474124156585203 0.009134139623278081
v 0.007017811574100753 0.029178247944186112 0.010096163221040112
v 0.006259891038440478 0.029176064924129136 0.010693128868335703
v 0.0045411487767688255 0.029172112391227342 0.011489207551510661
v 0.007107180820328306 0.011899844427569422 0.00840075012358229
v 0.007419731736753684 0.011947645488765818 0.007891762792285971
v 0.007682088558690687 0.016130990852070686 0.008146527938457427
v 0.007913222326480868 0.020475698091694545 0.008331974747239498
v 0.008065750608414015 0.016131860707332295 0.007321717488956643
v 0.007901164493427256 0.012079409003126295 0.006810237007194229
v 0.008380446360671822 0.01613269330969191 0.006487135137600985
v 0.007660448813582382 0.012013528177268607 0.007350999666909462
v 0.008311798575518368 0.020477249675062682 0.007483462138843645
v 0.007780806886335456 0.012046469055858726 0.007080618104221208
v 0.008641722382789662 0.02047873606585233 0.006621623701742484
v 0.006921763348206559 0.01188194906477301 0.008633339548517973
v 0.0086316007693173 0.01613347375798873 0.005645644235570136
v 0.008273793164901868 0.012259320030671735 0.00569214191085794
v 0.00840531639804447 0.012373367927487932 0.005126500366205834
v 0.008536840562509624 0.012487414892981578 0.004560858821553729
v 0.008820056681258112 0.016134177837836456 0.004798776342797414
v 0.008946032025970933 0.016134785060138997 0.003947710513630998
v 0.008906451748922546 0.020480125599096788 0.005751126293233586
v 0.008693305544861219 0.012765780683890162 0.003418983800889454
v 0.009008910267927732 0.016135276798445345 0.003093407872942389
v 0.009237857290370738 0.02048246321869705 0.003997293660526635
v 0.008615073519346697 0.012626597322774595 0.003989920845560316
v 0.009105439987580226 0.02048137915924896 0.0048753091703196355
v 0.009302486418721357 0.02048333866189396 0.0031200525454338794
v 0.008084160992580526 0.02482713879335421 0.008472627735338814
v 0.008489076754215225 0.024829150450062003 0.007608405578171174
v 0.00882599945044905 0.024831082013030505 0.006726983290490623
v 0.009096612912452232 0.02483288691613222 0.005834645436863916
v 0.00859750039415255 0.02918500003267292 0.00769647842340926
v 0.008933177912137153 0.0291871420745377 0.006803159887137505
v 0.009083996285868676 0.028474438179997837 0.006274455526137159
v 0.009137473758006739 0.028060161695414046 0.006052416588708069
v 0.00819483005118567 0.02918276858384335 0.008568404946370987
v 0.007670420018462933 0.029180501744756882 0.009380177345834384
v 0.009299191399539794 0.024834518593239655 0.004936350844208021
v 0.009432054805831709 0.02483592302764491 0.004036974054749138
v 0.009283757522242777 0.027402962762203387 0.005396011607971203
v 0.009432028728800312 0.02704435328907249 0.004539783457910666
v 0.009493589149348995 0.024837062966445993 0.0031413116124499106
v 0.009530889548795218 0.027039197487436217 0.003604453427073997
v 0.00949003429117601 0.02699559296564969 0.004072548247849112
v 0.009206675680077388 0.02769840062677427 0.005755214799227667
v 0.009361558345416694 0.02718151288628711 0.00498455283976215
v 0.00955376469326597 0.027173022949922184 0.003152510998943149
v 0.009052803499704727 0.028924281872762473 0.006411528510354644
v 7.999865708020171e-05 0.033524754498976385 0.01238166973669778
v 0.0009610363376514719 0.029167338431836533 0.012246113876914091
v 0.0009896469738381515 0.03352498546696876 0.012346658528079223
v 0.001911984123781104 0.033525641118043896 0.012242830964925677
v 0.0028378350372895273 0.03352666929813899 0.012072006851499657
v 7.999865708020171e-05 0.037883615978713696 0.01238294006065585
v 0.0010173518406373899 0.037883809693804074 0.01234678984455876
v 0.0019674493874866183 0.03788435731146342 0.01223939811000673
v 7.999865708020171e-05 0.042241330069069515 0.012282981211374607
v 0.002917627493736414 0.03788522157878973 0.012062363937817946
v 0.0020194311556095343 0.04224179573034447 0.012137991985482936
v 0.0037581856762335334 0.03352802157848145 0.011837477481692523
v 0.004665222360834743 0.03352964580500849 0.011545472472040588
v 0.0063711296007848885 0.03353350520565529 0.010727509571587975
v 0.007106411547902086 0.03353563607164947 0.010131773270058257
v 0.005549048857677872 0.03353148982365729 0.011196409055046208
v 0.0038554287889592544 0.037886354067010415 0.01181938467851553
v 0.004770019896424014 0.03788771379793327 0.011518484607189457
v 0.005648191868405399 0.03788925979336611 0.011162256525818664
v 0.0064478850143965365 0.037890947349826544 0.010692842952312882
v 0.0071521259809254195 0.03789273548912236 0.010106185182999633
v 0.007736964877298705 0.03353783399286724 0.00942359094649818
v 0.002989883920940112 0.04224233589742341 0.011958537305986951
v 0.0010441522768253522 0.0422414530036461 0.012246537628674297
v 0.000982722590679612 0.04659099008201377 0.012052315898827028
v 0.003939812898407808 0.04224305115314174 0.011712085144895941
v 0.0027832129697376324 0.04655492554759127 0.011818973965271023
v 0.0018869051209113212 0.04657740394865576 0.011964432577727845
v 7.999865708020171e-05 0.0465955461119279 0.012081822059853099
v 0.0036649039439738307 0.046523603307592885 0.011616304208573569
v 0.004532973161764489 0.04648357133910779 0.0113572931628971
v 0.004855564666600386 0.04224390424459745 0.011408268171343567
v 0.005720821988782245 0.04224487282004935 0.011051664766985162
v 0.006490201051435269 0.04224593452775625 0.010589148568283973
v 0.007155008889878649 0.04224705584010633 0.010019415723670138
v 0.0053848254928243 0.046434974928453776 0.011042852593017965
v 0.006190541501745669 0.046372334173747205 0.010637554057815257
v 0.006910895745371724 0.0462875726458353 0.010089111246692236
v 0.007513294728423457 0.04618479561451805 0.009424108761835926
v 0.007751959636013442 0.03789457950777117 0.009413899604043874
v 0.007715468555863086 0.04224821440535841 0.009351118219632266
v 0.008245175485588403 0.03354004681524582 0.00861923373717712
v 0.008963190712630372 0.03354431599781458 0.006850107856878188
v 0.009047738036355796 0.029395551572110212 0.006458252962683348
v 0.008637008028042046 0.03354222611001259 0.007747622466898537
v 0.009069741462919839 0.02986429738734771 0.006412031890192867
v 0.008235244793238772 0.03789643097700038 0.008625109451144468
v 0.008607652741269057 0.03789826009448839 0.0077618339833488035
v 0.009116403516637702 0.030315066814726954 0.006275117696470141
v 0.009182146506758004 0.03072742850014814 0.0060544207948354635
v 0.008916097456571907 0.037900010980882214 0.006867823008761194
v 0.009259801112291586 0.031088535780357883 0.005759369894784066
v 0.009222478361104167 0.03354626804987918 0.005935638985498102
v 0.009341865530098964 0.03138589403202667 0.0053993476053449604
v 0.009411375719933631 0.033548037562723995 0.005011847575393474
v 0.009419943887392753 0.03160724332510756 0.004990135652787552
v 0.009487943472051475 0.031746319584129885 0.004541850528310179
v 0.009329797452497303 0.03790312532348909 0.0050262770213204185
v 0.009527116761145555 0.03354955748112544 0.0040865530106933
v 0.009539885193304745 0.03179548968947464 0.00407486025607925
v 0.009573049589306841 0.03175236200483367 0.003605020835337526
v 0.009158170539033264 0.03790164638327984 0.005953075206277413
v 0.00816511154861822 0.04224938042119089 0.008586045126788726
v 0.008509521146830727 0.042250527810572376 0.007739124148630659
v 0.008791995932829491 0.04225162677118126 0.006856314656012026
v 0.007987061303527491 0.04606622335275442 0.008656896421095255
v 0.008325398678714622 0.04593824845852695 0.007828862198587975
v 0.008594005140622758 0.04580642906481348 0.006975940709240875
v 0.009009164518983856 0.04225265495127636 0.00594847773250981
v 0.009156577046150378 0.04225358254853606 0.005025164090873282
v 0.008800696348090699 0.04567164061481091 0.006103805104366696
v 0.00942797002512783 0.03790439937273736 0.004096435274270336
v 0.00956789844428332 0.03355079055218151 0.003167634280169772
v 0.009451093832719406 0.037905435003412855 0.0031726885676481033
v 0.009231184364300673 0.04225438348592898 0.004096382654546266
v 0.008942621522793183 0.04553592084225844 0.005225650827513759
v 0.009020337595615059 0.045399567770372025 0.004343393609167219
v 0.00903329601757443 0.045262573948571284 0.0034569982919008158
v 0.009231802762473809 0.04225503168642371 0.003172339787353164
v 0.008717910155307143 0.012930317438781778 0.002846594824363291
v 0.009007327019592894 0.016135630701014307 0.0022367527114927213
v 0.008742515697075619 0.013094855124995943 0.0022742056150064902
v 0.008939107642812395 0.016135828141394887 0.0013787663408732838
v 0.008683972761588625 0.013468003474453403 0.0011513646153712067
v 0.008798882131763485 0.016135878432812584 0.0005202845648649569
v 0.009221731440419143 0.020484322138506657 0.0013795570337181528
v 0.00850550807796319 0.013883242946553792 5.312271464410164e-05
v 0.00856347638743689 0.016136066559967664 -0.00033826141419165425
v 0.008182166858474619 0.014331365555246207 -0.0010023951497318809
v 0.008815025676843528 0.02048478966242671 -0.000342336241385783
v 0.008594739954114633 0.013675624141826147 0.0006022436268088777
v 0.009069290702805686 0.02048441713340675 0.0005204612251111418
v 0.00929776647603844 0.020483970098582795 0.0022464894559213345
v 0.007730413954482677 0.014795328097867396 -0.0019878211369432283
v 0.008230590043134351 0.016136427913117025 -0.0011863762896510389
v 0.008002496112147057 0.02048654054882053 -0.0020411326008367703
v 0.007803884127799538 0.016136938277874373 -0.0020117880242731066
v 0.007493287126083861 0.0171365230453966 -0.0025914396868740616
v 0.007455995108540587 0.020487782933102102 -0.002850588335457281
v 0.007152494784655182 0.01946587063876847 -0.0031920030331799337
v 0.008457593395415706 0.020485521681950936 -0.0012006326259990196
v 0.0070982252226884255 0.019693120791525548 -0.0032692085084138236
v 0.00948223632746566 0.024837882530289908 0.002254099525307241
v 0.009396441031523364 0.02483833887833936 0.0013800330559564727
v 0.009536386214484754 0.028057269007574045 0.0020660170737089416
v 0.009559454142723337 0.027394022065724305 0.0027339117807439793
v 0.009551773525654275 0.02769340314997148 0.0023663041019665394
v 0.009519492954752037 0.028474028398075876 0.0018422206142128632
v 0.009507030927711766 0.028924281872762473 0.0017049774307993841
v 0.008961594425779837 0.024839001979994894 -0.00034259904896783415
v 0.008585478882678382 0.024840050649186086 -0.0012042438291862741
v 0.006826799181760454 0.02048918177957206 -0.003616678432525317
v 0.006894009470558132 0.02484530144572245 -0.0036421696620387513
v 0.0075431696931792915 0.024843297239595052 -0.0028671421281205576
v 0.008110183075947406 0.024841514688234537 -0.002050287734332968
v 0.009463101374355324 0.029195188701368873 0.00138019382551165
v 0.009231720806089418 0.024838467400851248 0.0005209580274838565
v 0.009286040193812593 0.02919533585033176 0.000521775321229057
v 0.008614125432990893 0.029197245061559064 -0.0011971989561728408
v 0.008126831397849497 0.02919901271175878 -0.0020392324700043278
v 0.009003052249088832 0.029195982188181393 -0.00033904584971314094
v 0.007017460931160713 0.019898868569250435 -0.0033749464469478604
v 0.0075492940702674635 0.029201164066849063 -0.002851847483544752
v 0.00678990018233324 0.0202344445730771 -0.0036478525922382684
v 0.006498068398675587 0.02046528404294151 -0.003964698768263804
v 0.004831823392158222 0.020602289040612853 -0.005350154682597733
v 0.004472046971872291 0.020602289040612853 -0.005570771490493119
v 0.00455591955241031 0.024851688455769693 -0.005595115330625071
v 0.003358985208256961 0.020602289040612853 -0.006170126911451765
v 0.0036846475163705298 0.024853616293447994 -0.006085807296089793
v 0.003735627647091023 0.020602289040612853 -0.005980756906428223
v 0.006172695964705676 0.024847434174361728 -0.004363072920307975
v 0.0061651387478744765 0.020602289040612853 -0.004292902422785425
v 0.006163407884915479 0.029206154093071448 -0.004339847132897183
v 0.004539992074161844 0.02921128568032142 -0.0055664608640708865
v 0.005389417844317878 0.024849592980032406 -0.005017643661282804
v 0.0058416326842945735 0.020602289040612853 -0.004571005115073662
v 0.003668578709925116 0.029213612124051085 -0.00605567761461656
v 0.004112270551586361 0.020602289040612853 -0.00579138783272723
v 0.005375702257125436 0.029208759933566083 -0.004991297012007283
v 0.0027880793628915204 0.024855285223457424 -0.006480079903624184
v 0.0019572006484861954 0.020602289040612853 -0.006657965770284854
v 0.0017532259924810077 0.020602289040612853 -0.00671662651807441
v 0.001879356285983071 0.024856596525607687 -0.006769531692505556
v 0.0013385107385608958 0.020602289040612853 -0.006790507404635778
v 0.000923795484640784 0.020602289040612853 -0.006864389222519697
v 0.0009721200073178845 0.0248574552049987 -0.0069477630798322415
v 7.999865708020171e-05 0.02350730200324145 -0.006992263533911775
v 7.999865708020171e-05 0.020602289040612853 -0.006916163771375259
v 0.002569124965747714 0.020602289040612853 -0.0064819849239000134
v 0.0021611754209067014 0.020602289040612853 -0.006599305488156574
v 0.0029640550870023374 0.020602289040612853 -0.006326055917675889
v 0.002766590259205663 0.020602289040612853 -0.006404020653618589
v 0.0018685135960264461 0.029217208891738816 -0.006738847874115129
v 7.999865708020171e-05 0.02641324442577485 -0.0070123130457661175
v 0.0009661288093543493 0.029218244522414307 -0.006917443874220103
v 0.002773786821379412 0.02921562750604908 -0.006449322510752315
v 0.006891406424031149 0.029203581780188614 -0.0036227229487048344
v 0.009509787642459484 0.029865953278841444 0.0017051188754116508
v 0.009503127754905116 0.029395551572110212 0.0016582530948859977
v 0.009525529787520517 0.030317765787476577 0.0018425097898646084
v 0.009421616542692381 0.03355217263484557 0.0013800387603070908
v 0.009547088041905705 0.030734502826237214 0.0020664694636375576
v 0.00958699241920146 0.03161745807083491 0.003150998996783379
v 0.009584011255719217 0.03139722636481391 0.0027341378592929686
v 0.009532772682991124 0.033551677171249024 0.002262924039298223
v 0.009568648158935994 0.031097953313982518 0.0023665611469903132
v 0.009398828942541319 0.03790618006145278 0.0022641345257824615
v 0.008939304151870425 0.03355299964926989 -0.0003316745772497958
v 0.00805235819014639 0.03355618104710036 -0.0020079556319802495
v 0.007474296062307485 0.03355843857296133 -0.002804687870754604
v 0.008543442708065896 0.03355432585258095 -0.0011794919533621453
v 0.009232151077107474 0.03355232164645356 0.0005229133391773808
v 0.009070138206326099 0.03790672022853172 0.0005243714992522343
v 0.008770433953154104 0.037907327450834256 -0.00032049175083564806
v 0.007886836095996975 0.03791016984725657 -0.0019564916791950807
v 0.007318239464894023 0.03791218522925456 -0.00272571707362737
v 0.008373508938997585 0.03790851209311774 -0.0011511410979592295
v 0.006818926712246111 0.03356097922087747 -0.0035583133796453564
v 0.009272071286886577 0.03790659356866494 0.0013795679767581142
v 0.00915890162723494 0.042255497347698665 0.0022632115851355062
v 0.009014597854739998 0.04225576184330283 0.0013787814748647197
v 0.008800135691915656 0.042255840074397026 0.0005261489865463863
v 0.008979853004370713 0.04512482016756982 0.002565697465933428
v 0.008858766171722338 0.04498785987338087 0.001679484804302125
v 0.008669570789676903 0.044853503557041464 0.0008101889765055828
v 0.00839995198015702 0.04472242549607772 -3.796769932918629e-05
v 0.008496570175451756 0.04225624613102879 -0.0003055062762425811
v 0.008104447991685094 0.042257032167260906 -0.0011121714192576222
v 0.007630378271091067 0.04225813485315999 -0.0018848886911754597
v 0.007081223463878646 0.04225947223234165 -0.0026150102964589556
v 0.008038937832202267 0.04459518448401957 -0.0008612482114351588
v 0.007597884427324902 0.04447475330244633 -0.0016404832278031835
v 0.007084752710681508 0.04436212287855109 -0.002369242424611488
v 0.006501279598827657 0.044257103222533664 -0.0030487411777876975
v 0.006676624817572189 0.03791445765627633 -0.0034490180218013223
v 0.006464588284329073 0.0422609809748725 -0.0032949425802821456
v 0.006096195733472701 0.033563680056272194 -0.004257738477268683
v 0.005316179570315944 0.03356641441927871 -0.004891956560899177
v 0.00448999728269915 0.03356906682590084 -0.005451141246312795
v 0.005971104679521013 0.03791686791903548 -0.004116848001919141
v 0.005210884242823749 0.03791931170940643 -0.004719747570841449
v 0.005788207366219306 0.04226258284965834 -0.003917314008247217
v 0.0044059598580697985 0.03792168099397339 -0.005249304557636232
v 0.005059874947969495 0.04226420707618537 -0.00447484047386073
v 0.0036292612986664383 0.03357151061627179 -0.005926282453500488
v 0.0027456043025273916 0.03357362658110517 -0.0063084003704360755
v 0.0018511362813984167 0.033575288060534204 -0.006589433469127587
v 7.999865708020171e-05 0.029319030386119865 -0.006976272725729916
v 7.999865708020171e-05 0.03222357768747351 -0.006884123016029622
v 0.0009584136169356222 0.03357637211998229 -0.006762790779889348
v 0.003566713443384219 0.03792386401403036 -0.005697790847784385
v 0.0027035422837141452 0.03792575273616157 -0.006057501144169273
v 0.0009489757688378688 0.03792820770240312 -0.00648401660404263
v 7.999865708020171e-05 0.03512580599567789 -0.006735928177921179
v 0.0018272294643730076 0.037927235401661014 -0.006321490574536258
v 0.004287923106772361 0.04226577914864961 -0.004961154292018351
v 0.005851019949936335 0.044160204699151405 -0.003675735923721132
v 0.0034809637822468685 0.04226723201182746 -0.005370436093767002
v 0.0043983737702395515 0.043997659111871486 -0.004727448677006608
v 0.005149387617869735 0.04407368110897509 -0.0042355473892108355
v 0.003598131842435883 0.04393257084150377 -0.005148585283492993
v 0.002758071684672325 0.04387981328169678 -0.0054899555105638875
v 0.0026476184600681216 0.04226848743462473 -0.005696883739620778
v 0.00179680129402253 0.04226947091123743 -0.005935297190122288
v 7.999865708020171e-05 0.03802463683922022 -0.006531776687046829
v 7.999865708020171e-05 0.04091899360923281 -0.006271756087726261
v 0.0009378174769521452 0.042270115386441966 -0.006081412384976794
v 0.001886050632471784 0.043840645580538 -0.005743384208876231
v 0.0009863999177679098 0.04381612199515392 -0.005902066670219148
v 7.999865708020171e-05 0.043807792246267574 -0.005955953924279168
v 0.005518125689392121 0.020602289040612853 -0.004849108738684449
v 0.005174974773605809 0.020602289040612853 -0.005099631710641091
v 0.005346549998668328 0.020602289040612853 -0.00497437022466277
v 0.0018613301887837144 0.011795790553036251 0.010753917222490516
v 0.001566312467098157 0.011795671343749863 0.010785086725590717
v 0.001713821386148595 0.011795731879715606 0.010769501974040616
v 0.001640066926623376 0.01179570114607146 0.010777294349815666
v 0.0016031896968607667 0.01179568624491066 0.010781191003364467
v 0.002156347910469272 0.011795909762322638 0.010722745856745214
v 0.0023038565966890722 0.011795970298288381 0.010707160173872564
v 0.002377611289044929 0.01179599916928743 0.010699367798097513
v 0.0030358255966656225 0.011796991959125628 0.010588169748284023
v 0.003620285444761097 0.011797954015319679 0.010484763142923036
v 0.003108882961262238 0.011797112099734565 0.01057524299129135
v 0.003072354395379249 0.011797052495091371 0.010581706369787686
v 0.0038729395155425576 0.011799158215376705 0.010418339356018751
v 0.00545108909225 0.01181263817796402 0.009870904235894727
v 0.0060741462064424386 0.011829660891531174 0.009463801728912853
v 0.008087478363503287 0.012169364516899015 0.006251189691856722
v -0.006339655089549593 0.017138497449202397 -0.002591948421816947
v -0.005933329305574339 0.01946587063876847 -0.0031920030331799337
v -0.006204109008652678 0.020422283018167325 -0.002929229444401849
v -0.005866243813998348 0.01970160141466498 -0.003272977105112012
v -0.005767618152947294 0.01991150289096244 -0.0033831488374755064
v -0.005547031147373505 0.02042211165481814 -0.0036189296719590738
v -0.00560282109340298 0.02476528034958956 -0.003650959717095387
v -0.005495224933551246 0.020247810914313328 -0.0036623062525515102
v -0.006281446964519291 0.02476476625954201 -0.00294810013473865
v -0.00515517951280759 0.02047154253047687 -0.003975109091726636
v -0.0007085474602073002 0.023524119825847623 -0.006139019341301132
v -0.0015453794793899114 0.024776147021101844 -0.005987615631346994
v -0.001262139029839808 0.020602289040612853 -0.0059479892538323855
v -0.0023363222679481034 0.020602289040612853 -0.005638080033819813
v -0.0023963949007233137 0.0247736622525387 -0.005711558123378347
v -0.002862614969205472 0.020602289040612853 -0.005443719071251332
v -0.0007066388310565899 0.024620126279606552 -0.0061462282434986675
v -0.0007072750407734934 0.024254790795020242 -0.006143825431319914
v -0.0018100297995213724 0.020602289040612853 -0.0058324409963882926
v -0.0015360844146805903 0.020602289040612853 -0.005890215125110339
v -0.001533401157998997 0.029116970645692603 -0.005959699237913609
v -0.0006993898819894087 0.02909533416021322 -0.006124619697695785
v -0.0006993548409784686 0.029118166463846677 -0.006124330056382765
v -0.0007034578988873913 0.026446801839893005 -0.00615824277005371
v -0.002381721681118932 0.029115853058632714 -0.0056833409127613425
v -0.0032425985276873163 0.02477100612062637 -0.005331516124406496
v -0.0032274421845101715 0.029114500778290253 -0.0053032961198218416
v -0.002357389948180129 0.033455862707314855 -0.005544078389229034
v -0.00406954752659332 0.02476856046761032 -0.004854488989055247
v -0.0038479139473040756 0.020602289040612853 -0.004927265327072429
v -0.004861341660377444 0.024766584201159424 -0.004290575979055764
v -0.004309248064858797 0.020602289040612853 -0.004610083874928927
v -0.004078580889666118 0.020602289040612853 -0.004768674601000678
v -0.004770582880905432 0.020602289040612853 -0.004292902422785425
v -0.0040561010916178 0.029113053503047704 -0.0048268026322916885
v -0.004851880354592964 0.029111645343352248 -0.004263992308191292
v -0.004010560350250023 0.033455881333765855 -0.004712216896702921
v -0.005599635504621032 0.029110412272296174 -0.0036260161052412967
v -0.0062866055601232115 0.029109464185940372 -0.002925232208017659
v -0.005537558665718427 0.03345455885574499 -0.0035439398130714065
v -0.004797065968934514 0.033455374694298705 -0.004165073280537018
v -0.0031923718369096955 0.03345604524653464 -0.005175024133700954
v -0.007066639418408417 0.016091914420521793 -0.0013996018889597458
v -0.006631791415681065 0.014795328097867396 -0.0019878211369432283
v -0.006602119013579834 0.016087626611502034 -0.002154588409341865
v -0.007108292353791618 0.014369951179811297 -0.0010881346827365014
v -0.007441419910634583 0.01609713541473656 -0.0006169737152964631
v -0.007463918800795174 0.01395302973918578 -0.00011912984748464322
v -0.007282041285685613 0.020426453480545795 -0.0014111952248915937
v -0.006785877800240203 0.02042377872218247 -0.0021884927411098608
v -0.007403119270769763 0.02476631039232975 -0.0014082758779435994
v -0.006885330475715572 0.024765107123595278 -0.0021954664843635455
v -0.007987723473860472 0.020433976704103924 0.0001935954736401182
v -0.007723240442542039 0.01610245326649651 0.0001801182759166215
v -0.007684281357634436 0.02043002417120213 -0.0006121464958973302
v -0.007825351112574834 0.02476829224671595 -0.0006021381545301011
v -0.007680814975103692 0.013560957846836814 0.000893489783205619
v -0.0064857232526153285 0.015966912307873622 -0.0022898848957954064
v -0.007908295630191874 0.01610685097157716 0.0009782619049115262
v -0.008187007873089023 0.020437666604046646 0.000989754425177347
v -0.008013644974391963 0.01610920349233822 0.001797310727457328
v -0.00777106758076983 0.013202549539376692 0.0019340209615416242
v -0.008051687637910459 0.016110069622309632 0.0026173660768489385
v -0.007759953177459271 0.012880819507899457 0.0029982395140272173
v -0.00830154843953412 0.02043998745984101 0.0018075719228968562
v -0.00835806016053977 0.024773703230730894 0.0010010988651577327
v -0.008482794983616121 0.024775943992785963 0.001818552797836823
v -0.008319066616697821 0.020441209355026482 0.0034732393930179614
v -0.008024860891860462 0.016109831203736855 0.003436525726778179
v -0.00834500301839011 0.020441069656643995 0.0026366546981800095
v -0.008534184430597296 0.024777290685193125 0.002655562408588169
v -0.007648690866389839 0.012603022755068864 0.004061907887716454
v -0.008145862974156795 0.02477084034521249 0.00020696930911249034
v -0.006900608822146754 0.029108910980345726 -0.0021749657467337743
v -0.007864518813733616 0.029109408306587377 -0.0005864273833974664
v -0.00816764474595396 0.02861062733911546 0.00013602198671991682
v -0.007429914351853063 0.029108860688928033 -0.0013902178829469087
v -0.006831873958334883 0.03345243171504101 -0.0021265060076639595
v -0.007362492187175282 0.03345143333726751 -0.001356481538483852
v -0.008137954183063007 0.029395551572110212 5.825313046493025e-05
v -0.00824346744003188 0.02785411403182809 0.00036718608070062986
v -0.007801715543242086 0.033450781411482576 -0.0005645644119154817
v -0.00834402792368036 0.02716339866269147 0.0007389918122870825
v -0.008442442640173861 0.026556118618155686 0.0012408732107352903
v -0.008513040614746817 0.02477792398452706 0.0035066552461085324
v -0.008477586096594505 0.02539576336413366 0.004099485821282548
v -0.008545520488674734 0.02546517297113294 0.0033151932578072674
v -0.00855803373845525 0.02568949504579312 0.0025532135528132343
v -0.008519404341730314 0.026057509014032955 0.0018542815904800817
v -0.00851155329263462 0.025430468167633297 0.0037073396559602263
v -0.008225349491146039 0.02044065242414164 0.004316047185134375
v -0.007935047870437879 0.01610880488628686 0.0042556299630157
v -0.006219758021458722 0.033453538126230295 -0.00286029411341111
v -0.0006950860658633223 0.03229064036164703 -0.006027683455750258
v -0.0015192437746719433 0.0334554380242321 -0.005812513953449262
v -0.0023241435957936404 0.037790066491220894 -0.005293922358357054
v -0.00069896909881983 0.029369321803814706 -0.0061211412079718915
v -0.0015033703131313721 0.03778787974587372 -0.00554630844107478
v -0.0006918627003104437 0.03520963620103989 -0.005877953332418297
v -0.003138301112307344 0.037792119126120884 -0.00494669597509236
v -0.00068764718520362 0.041036098106657794 -0.005410100189844882
v -0.000689362041056291 0.03812516752054711 -0.005672057008746701
v -0.0022829730854912905 0.042114793136859105 -0.004933084696025507
v -0.004697720395552383 0.037794514487719234 -0.00399353949932797
v -0.006081347658059575 0.037793978045930494 -0.0027529801442919975
v -0.0066794020214160045 0.03779274124958422 -0.0020498369742188143
v -0.005417232257932049 0.03779461134526443 -0.0034044069731689877
v -0.003066441195679268 0.04211913682523186 -0.004618312575318607
v -0.003933855693717344 0.03779365767097333 -0.004510566938197614
v -0.0038271985398265515 0.042122936621235466 -0.004221646468830963
v -0.005239439523526369 0.04212739579360441 -0.003207051575771927
v -0.005871888559973319 0.042127727344432174 -0.0026029899491379765
v -0.004554888112686291 0.04212577901765777 -0.003749046375220684
v -0.0069456582908694565 0.042125119641292445 -0.001241272864524518
v -0.007201012032892453 0.03779116172653958 -0.0013068701026657616
v -0.0064434994165090366 0.042126863077105864 -0.0019447676088602901
v -0.0022154044703425364 0.04399308818079656 -0.004757015373998424
v -0.0014863904404015147 0.04211057983364334 -0.005161429618439999
v -0.002947856826722487 0.0440364878116221 -0.004476206258380165
v -0.0006872142366332332 0.04248869306361433 -0.005251144850994843
v -0.0014564572679863113 0.04396095755282486 -0.004964926148345464
v 7.999865708020171e-05 0.04390832292759445 0.011417186516081453
v -0.00014573310522649296 0.04389731096976438 0.011414439114559234
v 7.999865708020171e-05 0.04647279407456029 0.011287570631521053
v -0.0006873224446720003 0.042125548049665396 -0.005290883452876716
v -0.0006873281490226184 0.042106590047839544 -0.005292957508195353
v -0.0036479345486226597 0.04409021767217119 -0.004128565902242039
v -0.004315800850319925 0.04415384935407086 -0.003716846130888376
v -0.005521190671903857 0.0443064595923884 -0.0027294158211343157
v -0.006052366297290374 0.044394458397483766 -0.0021599972978810725
v -0.004942530169326637 0.044226272720841626 -0.003248222318904915
v -0.006532067725343673 0.044489967387621565 -0.0015420426671089228
v -0.008158474944127601 0.03012098664590727 0.00012458528759943106
v -0.00814230625333871 0.03345077023561198 0.00023439859174844595
v -0.008220972275161487 0.030817800315100667 0.00031964299585055856
v -0.007637038624306709 0.037789597104655744 -0.0005363859093919577
v -0.007980520625259512 0.037788572649850846 0.0002488043326061122
v -0.008376523630091625 0.033451858020350264 0.0010232908845381305
v -0.00841274090141231 0.03204777751766335 0.0010639778056064427
v -0.008312489616850396 0.03146664714768378 0.0006361834652490886
v -0.00850404683288239 0.032541199655183116 0.0015874495308601507
v -0.00822387800151719 0.037788840870745216 0.0010341178584267257
v -0.008524920565193397 0.033453828698865866 0.0018426577537347245
v -0.008574357960109974 0.032935670634420634 0.002196120738454853
v -0.008385902979491712 0.03779066626294303 0.00185578451224499
v -0.008599813799366512 0.03345582172912266 0.002691967108572021
v -0.008609525630916916 0.03321307436913517 0.002863891812421391
v -0.008591942261174719 0.033074374364423 0.0025300063918534408
v -0.008476468509534619 0.037793054173960984 0.002709456647567314
v -0.008600463862506345 0.033366642007034014 0.0035782513656243482
v -0.008599984231393144 0.03345775142944606 0.0035628803525994505
v -0.008539965149664553 0.03634820782061965 0.003578252296946898
v -0.007370625427003598 0.04212299250058846 -0.0005018000241404099
v -0.007712202873341846 0.042121204361292644 0.0002638073568084789
v -0.007963464384080562 0.04212077967820989 0.0010447551917610967
v -0.007299444910175677 0.04469713822620271 -0.00020158588642425683
v -0.0069481640141899744 0.044590937653192005 -0.0008887230415645707
v -0.007583301778838499 0.04480877027232445 0.000520730668366361
v -0.007794079629655419 0.04492482051262295 0.0012716063892208615
v -0.008140434295013403 0.042122485861121314 0.0018696365381909935
v -0.00824940089599732 0.04212533198283382 0.002726550374478897
v -0.008431818112524551 0.03932819038587045 0.003578252762608173
v -0.008485891631094552 0.037838200965890155 0.0035782525297775353
v -0.007941832555213931 0.04504239067132288 0.0020323332325546356
v -0.008034600663087362 0.045161223703400484 0.002801235690892746
v -0.008072792338213843 0.04528131215827536 0.0035782529954388105
v -0.008276076767794233 0.04230607188744867 0.0035782529954388105
v -0.008353947440159392 0.040817132999304666 0.003578252762608173
v -0.007782968020312509 0.016107322220787413 0.005072420328377984
v -0.007438758656448231 0.01236937721036159 0.005117239760430859
v -0.007568475589505295 0.016105664466648583 0.005885612529068711
v -0.007127377481145534 0.012178044443064124 0.00616329892017714
v -0.008064795071477815 0.020439637282562245 0.005160630543692182
v -0.007837960288577991 0.020438370683894373 0.0060035407812890846
v -0.00835785526957879 0.0254801747147668 0.0048779848600055105
v -0.007545155272855688 0.020437018403551912 0.006842018854870993
v -0.007290710035980123 0.016104058866572547 0.006694570937447573
v -0.007186987246613442 0.02043577043133504 0.007670655177406786
v -0.006948616171287953 0.016102755015002683 0.007495845003467174
v -0.007726060952884424 0.024776089279103748 0.006960098912667001
v -0.00802586485756926 0.02477696472230066 0.006100276788886383
v -0.006714900311728162 0.012029005826725468 0.007185583277869462
v -0.008420570530089355 0.024777989177105556 0.0043685705173200605
v -0.006463366389143598 0.011970506663398321 0.007677241024818434
v -0.005771969757561722 0.011887742822355964 0.008547338430292147
v -0.00614668366022557 0.011923462767434998 0.008137228682796632
v -0.005997684625095285 0.016103691925487884 0.008841193046528193
v -0.0065404412463898635 0.016102997158865658 0.008206734216018549
v -0.005342574182702785 0.011861507466125156 0.008903276870349922
v -0.0067638124407265925 0.020435561815083863 0.008405584618938844
v -0.006210061556730391 0.020435518974246565 0.009060933945565394
v -0.0053436540511993995 0.016104699616486882 0.00936366313437948
v -0.005546904021845443 0.02043559348005056 0.009606824001579127
v -0.006931719651926312 0.024774766801082884 0.00855609658755145
v -0.004867619705686349 0.011843126884280243 0.009197249764549806
v -0.007360477736499839 0.024775133742167547 0.007807275073203741
v -0.008197628675448133 0.025712411168456066 0.005618537627093892
v -0.008257807013332757 0.024777631549246393 0.005234898394773035
v -0.008012929718673636 0.026079231181186924 0.006294772327563324
v -0.007821639792213467 0.02657005492879246 0.006889608505848559
v -0.007645623089910453 0.027166280174660874 0.007379450639486493
v -0.008417720683086648 0.02543796903945023 0.004488735806305304
v -0.0075047978071394045 0.0278550192773466 0.007749697919200999
v -0.006377050949557181 0.02477423780987454 0.009222485811684566
v -0.005715143249534204 0.02477357098292881 0.009782740586708024
v -0.0074196483833854675 0.028609906495461836 0.007980339017362281
v -0.006498386445326379 0.02911756482947944 0.009325913837464202
v -0.007044066022443833 0.029118296849003664 0.008658200272665121
v -0.006573796097853416 0.03346317172668651 0.00937135399599659
v -0.007402954892339705 0.029395551572110212 0.008058252530564736
v -0.005847873942362758 0.02911638950042146 0.009891471563086817
v -0.004624913323891055 0.016105930824897856 0.009744688609964029
v -0.004814302886688145 0.020435751804884043 0.010016895564850097
v -0.004358442850251124 0.011831130518514924 0.009422007698163343
v -0.0032712611433138128 0.01181849340283527 0.009704804721764371
v -0.003856848590186584 0.016108171586952925 0.009997043493376333
v -0.00216491817340413 0.011811455398325642 0.009897806419071268
v -0.0027772469174829444 0.01595122883613323 0.010239109125257294
v -0.002434478775264643 0.015659052463132112 0.010280764388946869
v -0.004022543677499643 0.020436675676853547 0.010302251862818263
v -0.004979052448782414 0.02477276259495549 0.01021381440480189
v -0.0031200150597012455 0.016243405209134348 0.010197453861567719
v -0.002948630988592095 0.01609731609131124 0.010218281959073781
v -0.003053161933101456 0.016111779530511256 0.01020017611738109
v -0.003120007376290209 0.01951348543545488 0.010483002011981166
v -0.0012530671332965076 0.015001455855192644 0.01037458675394679
v -0.0010458128249318317 0.011807806476575117 0.010014250608808367
v -0.0016666803998094451 0.015183654210920647 0.01034859074761131
v -0.0008230738821911698 0.014865531191679193 0.010393979683403451
v -0.00037609595622407644 0.014778834375508589 0.010406348578188732
v -0.0001480486641238522 0.014765484798078259 0.010408253132803287
v 7.999865708020171e-05 0.01180672148580448 0.010053291650100361
v -0.002050579703952363 0.015421353802687655 0.010314677568279088
v -0.005118370851667718 0.029114785762990526 0.010335368761370315
v -0.0031200050479838343 0.021150350009490414 0.010601493248682956
v -0.003187662604436104 0.020438763702010435 0.010538190323643403
v -0.003120002952508097 0.02278721644617104 0.010719984485384748
v -0.0041728535491189185 0.02477248133554542 0.010525165777782989
v -0.004306728837361306 0.02911346514761476 0.010665567308793832
v -0.005231574504592426 0.03345958427222427 0.010381501823879832
v -0.0034302611856462466 0.029113150360592893 0.01094866235561083
v -0.0033137145504286564 0.02477325805855204 0.01078776893453444
v -0.003120001555524272 0.026063950040788094 0.010907073215822299
v -0.003536393539280168 0.03345626876394661 0.011020672215169442
v -0.004423273144272521 0.03345744223035949 0.01072328416117906
v -0.0031200013226936347 0.0293430361561662 0.011042940137337656
v -0.005944641614926753 0.03346175984170085 0.009933103543712645
v -0.00815683674776232 0.033462292558199394 0.006228698717937805
v -0.008066084021886882 0.03254748049445967 0.006521042263336631
v -0.008242333089166096 0.032936270406142776 0.005919250036926159
v -0.008377195113650107 0.033461070663013924 0.005340218867974078
v -0.008396503292754725 0.033213610810923916 0.005250904569776968
v -0.008514692780950347 0.033366642007034014 0.0045382532949611734
v -0.00846710871790808 0.036384857225603494 0.004538252829299898
v -0.008303828317136285 0.03780146960452192 0.005371332491721285
v -0.008420013599204513 0.0378933166343935 0.004538252829299898
v -0.008100101509344692 0.03780401770301846 0.006260542498564137
v -0.007867212198547939 0.03346313819907471 0.00710681434490492
v -0.007827567660243607 0.03780616347017344 0.007135732375740727
v -0.007962187540864644 0.04214160777571595 0.006271507890266712
v -0.007707502954093753 0.03148220023426719 0.007470858550775788
v -0.007881694264198952 0.03205663253246784 0.007044660671891948
v -0.007453474484059271 0.030131540393042788 0.007989959579302795
v -0.007512767599860212 0.03346360013505946 0.007964910728000565
v -0.0075585639892679374 0.030831244887431088 0.007791721055297787
v -0.007491553469157214 0.037807817499022074 0.007986353498389564
v -0.007100733739976594 0.03346380502602044 0.008711953416277956
v -0.007101527692450387 0.03780878607447397 0.008717925987790493
v -0.00660298840318017 0.037808573732932595 0.009359234695654684
v -0.0060051603512033674 0.03780721400200973 0.009907844213514138
v -0.007714600563246575 0.04214539639584896 0.0071358511193658405
v -0.008372917549178396 0.0394017685926031 0.004538252829299898
v -0.008142163760988575 0.04213743172540218 0.00538862435750536
v -0.007840712346712958 0.04565929500308938 0.006023933951164342
v -0.007405433607306276 0.042148615046581434 0.007970459547752896
v -0.007967455101206902 0.04554496584686311 0.005284173739565929
v -0.008232286912820276 0.042416873193855904 0.004538251897977348
v -0.008045389103505456 0.04542967556576534 0.004538250035332248
v -0.0074530889165236106 0.04588349786846317 0.0074745908258945296
v -0.0070462304160498115 0.042150686307932415 0.008676817410437711
v -0.0065856625441230235 0.04215123392559176 0.009290053262680132
v -0.006029188938652177 0.04215023182252806 0.00981592733445132
v -0.007174809738612167 0.045991192282843915 0.008171419396248724
v -0.006803454185063274 0.04609180119526499 0.008822400820116223
v -0.00632038323202442 0.046180772301102464 0.009398080159211198
v -0.0057395252738907014 0.04625467833337268 0.009876261203201777
v -0.005378727658428801 0.04214765019641973 0.010247663322878166
v -0.0053184091565004156 0.03780471060699559 0.010352248051264784
v -0.00452220008816847 0.03780197624398907 0.010698308884358272
v -0.0031200013226936347 0.03262382659181064 0.011126490945934682
v -0.0036317951944940907 0.037800195555273655 0.011003807826435773
v -0.004603375558601965 0.04214456565613445 0.010590680593878566
v -0.0031200008570323595 0.03590562099316387 0.011157191062469733
v -0.0031199999257098096 0.03918767616483108 0.011134555267894305
v -0.0037162959520920195 0.042142438515430466 0.010898132519343216
v -0.0050801964060084095 0.04631108667757529 0.010241252098444623
v -0.0031199978302340723 0.04246924704877233 0.011058093686547152
v -0.004382063518423076 0.04635475825458541 0.010523832123891526
v -0.0036637088243116657 0.04639105003171008 0.01075864275310873
v -0.002930221535748134 0.04642031218622808 0.010947976902214102
v -0.002774688574438357 0.04275096466953802 0.011128394569226688
v -0.0014382069548830654 0.04645916696301009 0.011199396737786301
v -0.002429379085812004 0.04303268974088411 0.011198696383228773
v -0.0012467004959300421 0.043662654940090466 0.011355888728491843
v -0.001661019355689851 0.04348899681214508 0.01131255615288989
v -0.0008142412773355356 0.04379436257509795 0.01138875230731032
v -0.0006810762971604287 0.04646934445583545 0.011265251486612594
v -0.0003714648384293579 0.04388629528664412 0.011411690781714466
v -0.003355264341839455 0.020602289040612853 -0.0051854921991618804
v -0.003108939771937782 0.020602289040612853 -0.005314606100867881
v -0.0007142483183659028 0.020602289040612853 -0.006063537511276478
v -0.0007060026795473458 0.024985461764192866 -0.006148631521338696
v -0.0007063803890489914 0.024768541841159324 -0.006147204269530968
v -0.0007063605402371465 0.02477995985562115 -0.00614727970665751
v -0.0007063207844057976 0.02480279215925461 -0.006147429649588044
v -0.0007064798077311938 0.024711459219430583 -0.006146828946543356
v -0.0007064002960684956 0.024757125689342595 -0.0061471292980657
v -0.0007012135279574404 0.027908061821853857 -0.006139692221843438
v -0.0007000912842848056 0.02863868995018918 -0.006130416714907665
v -0.0006995302206561475 0.029004006808324493 -0.006125778728609141
v -0.0006992496597379887 0.029186663374747047 -0.006123460201121154
v -0.0006993197999675284 0.029141000630125233 -0.00612403994940847
v -0.0006934744121907127 0.03375013828134346 -0.00595281816125364
v -0.0006942802390270175 0.033020391184140345 -0.0059902508085019485
v -0.000693877325608865 0.0333852610074517 -0.005971534484877794
v -0.0006936758688997889 0.033567699644397576 -0.005962176555896355
v -0.0006937765681504972 0.03347648218856974 -0.005966855986048349
v -0.0006938269177758514 0.03343086973536562 -0.005969195002632434
v -0.000693801772067004 0.03345367968725788 -0.005968025261509754
v -0.0006906123415795376 0.036667401860793494 -0.005775004937751862
v -0.0006899871913179143 0.0373962884159605 -0.005723531206079918
v -0.0006896745579794432 0.037760729830898905 -0.005697794107413309
v -0.0006895182704140374 0.037942948675723 -0.005684925558080005
v -0.00068959644330057 0.037851839253310954 -0.00569135959991602
v -0.0006896355588476659 0.037806282679459825 -0.005694576853664665
v -0.0006896551166212139 0.037783506255179365 -0.00569618524770835
v -0.0006896453377344399 0.0377948907420294 -0.005695381050686507
v -0.000686781229855187 0.04394128802057087 -0.005092188580822255
v -0.0006874307109184266 0.041762395585136065 -0.005330622520419863
v -0.0006873765777952134 0.04194396995475563 -0.005310752753817652
v -0.0006873495112336068 0.04203475527692031 -0.005300818336177821
v -0.0006873360070566331 0.042080151663292854 -0.005295850661696631
v -0.000687329196760487 0.04210284985647913 -0.005293367290117311
v -0.008302601765338062 0.040909322755874604 0.004538252363638623
v 7.999865708020171e-05 0.014752136151970479 0.010410157687417841
v 0.006639998695652098 0.03321499289358797 0.0028700473888149843
v 0.008760498604191723 0.033366642007034014 0.0035782513656243482
v 0.00876959669418174 0.033214184505614655 0.0028674536555135005
v 0.008734265110606015 0.032935115566180895 0.0021950669469896363
v 0.006639998695652098 0.032938125600662185 0.002200796676147286
v 0.008664222204272803 0.03254216078005462 0.001588671193214988
v 0.006639998695652098 0.033366642007034014 0.0035782529954388105
v 0.006639998695652098 0.03254511493518292 0.0015924415361429573
v 0.008572318363725684 0.03204545293657879 0.0010619215618315725
v 0.006639998695652098 0.03204884667595064 0.0010649272889460704
v 0.008472490830923978 0.03146666949942498 0.000636197551502656
v 0.006639998695652098 0.031465592890557295 0.0006355476047781414
v 0.008380791881337838 0.03081629902315022 0.00031907215333512655
v 0.008318481746136482 0.030121154283966254 0.00012461638504144895
v 0.006639998695652098 0.030814473630952407 0.0003183798896422507
v 0.006639998695652098 0.030116836672624898 0.00012382224339276248
v 0.008297950740523839 0.029395551572110212 5.825313046493025e-05
v 0.006639998695652098 0.029395551572110212 5.825313046493025e-05
v 0.008327802422215926 0.028608362362674094 0.00013647626839746242
v 0.008403479829976059 0.027853991097251504 0.000367237448960023
v 0.006639998695652098 0.027864816790571595 0.00036273497009251004
v 0.006639998695652098 0.028615190819609993 0.000135112011829086
v 0.008602513703438685 0.026555664132751334 0.0012413328184136682
v 0.008679427907545093 0.026057317161587674 0.001854573909345433
v 0.006639998695652098 0.026069670223889604 0.0018359721383949168
v 0.006639998695652098 0.026567123125405358 0.0012298259790636428
v 0.008504567442187786 0.02715999188480392 0.0007412847866126066
v 0.006639998695652098 0.027173268819075357 0.0007323746491546928
v 0.00871804612839943 0.025689161632320254 0.0025540331166571503
v 0.006639998695652098 0.025700032029122737 0.0025275195278145588
v 0.006639998695652098 0.025472409347345695 0.0032778919270384952
v 0.008705608315745456 0.025465510109896002 0.0033134155958901373
v 0.007562952846784362 0.029395551572110212 0.008058252530564736
v 0.006639998695652098 0.029395551572110212 0.008058252530564736
v 0.006639998695652098 0.028615190819609993 0.007981394205811324
v 0.008637314433160964 0.025395785715874857 0.0041017093538704445
v 0.006639998695652098 0.02539555102259228 0.004058253378030629
v 0.00851776707668758 0.02548066086513785 0.004879012108778055
v 0.00835690252661024 0.02571365541538274 0.005621469430480992
v 0.006639998695652098 0.025472409347345695 0.004838614596192126
v 0.006639998695652098 0.025700032029122737 0.005588986762585425
v 0.008171591690920455 0.026082237490378017 0.006299225911996967
v 0.0078045230150687725 0.027170653665355225 0.007382382442873592
v 0.007664868870404229 0.027854561066652045 0.007749506066755719
v 0.006639998695652098 0.027173268819075357 0.007384131466622312
v 0.006639998695652098 0.026069670223889604 0.0062805338027591105
v 0.007981062654983556 0.026571731309382285 0.0068912806954869125
v 0.006639998695652098 0.026567123125405358 0.0068866799620903845
v 0.006639998695652098 0.027864816790571595 0.0077537710583730065
v 0.0075796477348139485 0.028609880418430437 0.007980333429426983
v -0.006480000741207441 0.033366642007034014 0.0045382532949611734
v -0.008514692780950347 0.033366642007034014 0.0045382532949611734
v -0.008396503292754725 0.033213610810923916 0.005250904569776968
v -0.006480000741207441 0.03321499289358797 0.005246458435923724
v -0.008242333089166096 0.032936270406142776 0.005919250036926159
v -0.006480000741207441 0.032938125600662185 0.005915709614252698
v -0.008066084021886882 0.03254748049445967 0.006521042263336631
v -0.006480000741207441 0.03254511493518292 0.00652406440501107
v -0.007881694264198952 0.03205663253246784 0.007044660671891948
v -0.006480000741207441 0.03204884667595064 0.007051579001453913
v -0.007707502954093753 0.03148220023426719 0.007470858550775788
v -0.0075585639892679374 0.030831244887431088 0.007791721055297787
v -0.006480000741207441 0.031465592890557295 0.0074809582781682265
v -0.007453474484059271 0.030131540393042788 0.007989959579302795
v -0.007402954892339705 0.029395551572110212 0.008058252530564736
v -0.006480000741207441 0.030116836672624898 0.007992683697761264
v -0.006480000741207441 0.030814473630952407 0.00779812576047348
v -0.006480000741207441 0.029395551572110212 0.008058252530564736
v -0.0074196483833854675 0.028609906495461836 0.007980339017362281
v -0.0075047978071394045 0.0278550192773466 0.007749697919200999
v -0.006480000741207441 0.027864816790571595 0.0077537710583730065
v -0.007645623089910453 0.027166280174660874 0.007379450639486493
v -0.006480000741207441 0.027173268819075357 0.007384131466622312
v -0.008012929718673636 0.026079231181186924 0.006294772327563324
v -0.008197628675448133 0.025712411168456066 0.005618537627093892
v -0.006480000741207441 0.025700032029122737 0.005588986762585425
v -0.006480000741207441 0.026069670223889604 0.0062805338027591105
v -0.007821639792213467 0.02657005492879246 0.006889608505848559
v -0.006480000741207441 0.025472409347345695 0.004838614596192126
v -0.006480000741207441 0.026567123125405358 0.0068866799620903845
v -0.006480000741207441 0.028615190819609993 0.007981394205811324
v -0.007402954892339705 0.029395551572110212 0.008058252530564736
v -0.00835785526957879 0.0254801747147668 0.0048779848600055105
v -0.008137954183063007 0.029395551572110212 5.825313046493025e-05
v -0.006480000741207441 0.029395551572110212 5.825313046493025e-05
v -0.006480000741207441 0.028615190819609993 0.000135112011829086
v -0.008477586096594505 0.02539576336413366 0.004099485821282548
v -0.008545520488674734 0.02546517297113294 0.0033151932578072674
v -0.006480000741207441 0.025472409347345695 0.0032778919270384952
v -0.008519404341730314 0.026057509014032955 0.0018542815904800817
v -0.006480000741207441 0.025700032029122737 0.0025275195278145588
v -0.00855803373845525 0.02568949504579312 0.0025532135528132343
v -0.006480000741207441 0.026567123125405358 0.0012298259790636428
v -0.008442442640173861 0.026556118618155686 0.0012408732107352903
v -0.00834402792368036 0.02716339866269147 0.0007389918122870825
v -0.006480000741207441 0.027173268819075357 0.0007323746491546928
v -0.00824346744003188 0.02785411403182809 0.00036718608070062986
v -0.006480000741207441 0.026069670223889604 0.0018359721383949168
v -0.006480000741207441 0.027864816790571595 0.00036273497009251004
v -0.00816764474595396 0.02861062733911546 0.00013602198671991682
v -0.006480000741207441 0.02539555102259228 0.004058253378030629
v 0.006639998695652098 0.028688443063450177 0.0033511462663544152
v 0.008159997656496694 0.028688443063450177 0.0033511462663544152
v 0.008159997656496694 0.029012865548419184 0.0031343737251143975
v 0.006639998695652098 0.029012865548419184 0.0031343737251143975
v 0.008159997656496694 0.029395551572110212 0.003058253007820509
v 0.006639998695652098 0.029395551572110212 0.003058253007820509
v 0.006639998695652098 0.02847167215202462 0.0036755694498153365
v 0.008159997656496694 0.02847167215202462 0.0036755694498153365
v 0.006639998695652098 0.029012865548419184 0.004982132332454948
v 0.006639998695652098 0.029395551572110212 0.005058253049748837
v 0.008159997656496694 0.029395551572110212 0.005058253049748837
v 0.006639998695652098 0.02847167215202462 0.00444093660775401
v 0.008159997656496694 0.02847167215202462 0.00444093660775401
v 0.008159997656496694 0.028395551434730732 0.004058253378030629
v 0.008159997656496694 0.029012865548419184 0.004982132332454948
v 0.008159997656496694 0.028688443063450177 0.004765360024045568
v 0.006639998695652098 0.028688443063450177 0.004765360024045568
v 0.006639998695652098 0.028395551434730732 0.004058253378030629
v -0.006480000741207441 0.028688443063450177 0.004765360024045568
v -0.008000001099035862 0.028688443063450177 0.004765360024045568
v -0.008000001099035862 0.029012865548419184 0.004982132332454948
v -0.006480000741207441 0.029012865548419184 0.004982132332454948
v -0.008000001099035862 0.029395551572110212 0.005058253049748837
v -0.006480000741207441 0.029395551572110212 0.005058253049748837
v -0.006480000741207441 0.02847167215202462 0.00444093660775401
v -0.008000001099035862 0.02847167215202462 0.00444093660775401
v -0.006480000741207441 0.029012865548419184 0.0031343737251143975
v -0.006480000741207441 0.029395551572110212 0.003058253007820509
v -0.008000001099035862 0.029395551572110212 0.003058253007820509
v -0.006480000741207441 0.02847167215202462 0.0036755694498153365
v -0.008000001099035862 0.02847167215202462 0.0036755694498153365
v -0.008000001099035862 0.028395551434730732 0.004058253378030629
v -0.008000001099035862 0.029012865548419184 0.0031343737251143975
v -0.008000001099035862 0.028688443063450177 0.0033511462663544152
v -0.006480000741207441 0.028688443063450177 0.0033511462663544152
v -0.006480000741207441 0.028395551434730732 0.004058253378030629
v 0.009507030927711766 0.028924281872762473 0.0017049774307993841
v 0.009503127754905116 0.029395551572110212 0.0016582530948859977
v 0.008159997656496694 0.02892733288543596 0.0017043683458517465
v 0.009519492954752037 0.028474028398075876 0.0018422206142128632
v 0.008159997656496694 0.02847710921307096 0.0018409421411824819
v 0.008159997656496694 0.02740002350823589 0.0027248844712677556
v 0.009559454142723337 0.027394022065724305 0.0027339117807439793
v 0.009551773525654275 0.02769340314997148 0.0023663041019665394
v 0.009536386214484754 0.028057269007574045 0.0020660170737089416
v 0.008159997656496694 0.02769849375902926 0.0023611967291028635
v 0.008159997656496694 0.02806218080270224 0.0020627260126482166
v 0.00955376469326597 0.027173022949922184 0.003152510998943149
v 0.008159997656496694 0.02717823835620165 0.003139812881636477
v 0.008159997656496694 0.029395551572110212 0.0016582530948859977
v 0.008159997656496694 0.027041665492193463 0.0035900363211708386
v 0.009530889548795218 0.027039197487436217 0.003604453427073997
v 0.008159997656496694 0.02892733288543596 0.006412138060963556
v 0.008159997656496694 0.029395551572110212 0.006458252962683348
v 0.009047738036355796 0.029395551572110212 0.006458252962683348
v 0.008159997656496694 0.026995550124812393 0.004058253378030629
v 0.00949003429117601 0.02699559296564969 0.004072548247849112
v 0.009432028728800312 0.02704435328907249 0.004539783457910666
v 0.008159997656496694 0.027041665492193463 0.004526469736398507
v 0.009361558345416694 0.02718151288628711 0.00498455283976215
v 0.009283757522242777 0.027402962762203387 0.005396011607971203
v 0.008159997656496694 0.02717823835620165 0.004976692943102231
v 0.008159997656496694 0.02806218080270224 0.006053780044921129
v 0.009083996285868676 0.028474438179997837 0.006274455526137159
v 0.009137473758006739 0.028060161695414046 0.006052416588708069
v 0.009206675680077388 0.02769840062677427 0.005755214799227667
v 0.008159997656496694 0.02740002350823589 0.005391621353470953
v 0.008159997656496694 0.02769849375902926 0.005755309328466482
v 0.008159997656496694 0.02847710921307096 0.00627556426563282
v 0.009052803499704727 0.028924281872762473 0.006411528510354644
v -0.008000001099035862 0.02847710921307096 0.00627556426563282
v -0.00892393826111955 0.028475049127590572 0.006274709311532008
v -0.008892805079598796 0.02892431726301937 0.006411535495273768
v -0.008000001099035862 0.02806218080270224 0.006053780044921129
v -0.008977399900774265 0.028060418740437822 0.006052600059250401
v -0.008000001099035862 0.02717823835620165 0.004976692943102231
v -0.009201712662208946 0.02718114780784755 0.00498368484714564
v -0.009123885762003634 0.02740255111763633 0.005395395538104441
v -0.00904645094859183 0.02769941018041837 0.005756224818533038
v -0.008000001099035862 0.02740002350823589 0.005391621353470953
v -0.008000001099035862 0.027041665492193463 0.004526469736398507
v -0.008000001099035862 0.02769849375902926 0.005755309328466482
v -0.008887741478894966 0.029395551572110212 0.006458252962683348
v -0.008000001099035862 0.029395551572110212 0.006458252962683348
v -0.008000001099035862 0.02892733288543596 0.006412138060963556
v -0.009272278971815205 0.027044116733144812 0.004537193915560657
v -0.008000001099035862 0.02892733288543596 0.0017043683458517465
v -0.008000001099035862 0.029395551572110212 0.0016582530948859977
v -0.009343131197444284 0.029395551572110212 0.0016582530948859977
v -0.009393817495900283 0.027173665562481616 0.0031509326400516982
v -0.009371223610839603 0.0270393595375599 0.003601787283444258
v -0.008000001099035862 0.02717823835620165 0.003139812881636477
v -0.009330173706807464 0.026995585515069292 0.004071258366117494
v -0.008000001099035862 0.027041665492193463 0.0035900363211708386
v -0.009399450134682106 0.027395107987817493 0.002732267996443398
v -0.009376424115958269 0.02805691137971488 0.0020662135827669713
v -0.00939180490786994 0.027692641328125663 0.002367070114763836
v -0.008000001099035862 0.02769849375902926 0.0023611967291028635
v -0.009359517817709854 0.02847343235164394 0.0018424690445030501
v -0.008000001099035862 0.02806218080270224 0.0020627260126482166
v -0.008000001099035862 0.02740002350823589 0.0027248844712677556
v -0.009347034370250935 0.02892423158134478 0.001704987675347433
v -0.008000001099035862 0.02847710921307096 0.0018409421411824819
v -0.008000001099035862 0.026995550124812393 0.004058253378030629
v 7.999865708020171e-05 0.011795550271818375 0.010858252356433758
v -0.0007097726150216996 0.0161249800963336 0.011342727278216594
v -0.000771604574301339 0.020602289040612853 -0.006863145906915575
v -0.0008121228095727998 0.0248574552049987 -0.0069477630798322415
v 7.999865708020171e-05 0.024857810970212762 -0.007001581416023569
v -0.0008061314951939458 0.029218244522414307 -0.006917443874220103
v -0.001186482809667684 0.020602289040612853 -0.0067889348665102645
v -0.0017193589136150081 0.024856596525607687 -0.006769531692505556
v -0.0017085162236583832 0.029217208891738816 -0.006738847874115129
v -0.0026280821069387763 0.024855285223457424 -0.006480079903624184
v -0.0020053504899775294 0.020602289040612853 -0.006598490580925408
v -0.0026137895654266678 0.02921562750604908 -0.006449322510752315
v -0.0026062339784099307 0.020602289040612853 -0.006404456978233219
v -0.002803128138314151 0.020602289040612853 -0.0063266570863818525
v -0.0031969166909532293 0.020602289040612853 -0.006171057302679119
v -0.003577245537270451 0.020602289040612853 -0.00597966306809336
v -0.0035246502604177857 0.024853616293447994 -0.006085807296089793
v -0.00395757368509576 0.020602289040612853 -0.0057882683678463255
v -0.004395921597965653 0.024851688455769693 -0.005595115330625071
v -0.004317914952508208 0.020602289040612853 -0.005567055047857725
v -0.004678255754259381 0.020602289040612853 -0.0053458412622078505
v -0.005229420821195772 0.024849592980032406 -0.005017643661282804
v -0.0035085816868030096 0.029213612124051085 -0.00605567761461656
v -0.005360685612330777 0.020602289040612853 -0.004847250284536115
v -0.005682913901372211 0.020602289040612853 -0.0045700761208301325
v -0.005019470450464442 0.020602289040612853 -0.005096545307710708
v -0.005190078031397609 0.020602289040612853 -0.004971898028954049
v -0.005215704768342055 0.029208759933566083 -0.004991297012007283
v -0.004379995051039738 0.02921128568032142 -0.0055664608640708865
v -0.0060051417247523695 0.020602289040612853 -0.004292902422785425
v -0.006012698475922294 0.024847434174361728 -0.004363072920307975
v -0.006003410396132097 0.029206154093071448 -0.004339847132897183
v 7.999865708020171e-05 0.02481300876762706 0.012075362406646962
v -0.0007410995698404943 0.02046498601972554 0.01174397456032722
v -0.007643887104677431 0.016136938277874373 -0.0020117880242731066
v -0.007570416465699296 0.014795328097867396 -0.0019878211369432283
v -0.00807059348567352 0.016136427913117025 -0.0011863762896510389
v -0.006992496830210525 0.01946587063876847 -0.0031920030331799337
v -0.007295998085418481 0.020487782933102102 -0.002850588335457281
v -0.006938731579404543 0.019691898896340074 -0.003268552857338691
v -0.007333289637300479 0.0171365230453966 -0.0025914396868740616
v -0.007842499554686225 0.02048654054882053 -0.0020411326008367703
v -0.008582568499709932 0.013090710739648868 0.002287594075153279
v -0.008779111085351564 0.016135828141394887 0.0013787663408732838
v -0.00852500065893269 0.013464388080314674 0.0011615521199139737
v -0.008345546910759253 0.013883180547942948 5.3279074969081686e-05
v -0.008435274250507246 0.013673783848467536 0.0006074156101744532
v -0.008638884642980103 0.016135878432812584 0.0005202845648649569
v -0.008023489985067002 0.01433026193802457 -0.0010000329664993672
v -0.008403479829976059 0.016136064697322563 -0.00033826141419165425
v -0.008297595906632324 0.020485521681950936 -0.0012006326259990196
v -0.008909293214022304 0.02048441713340675 0.0005204612251111418
v -0.00906173488295831 0.020484322138506657 0.0013795570337181528
v -0.008847330462132062 0.016135630701014307 0.0022367527114927213
v -0.008655029119382696 0.02048478966242671 -0.000342336241385783
v -0.009137769918577609 0.020483970098582795 0.0022464894559213345
v -0.006340185943403039 0.020464065873046236 -0.003962508763287704
v -0.006630830756470838 0.0202334517832389 -0.003646792281515202
v -0.006666801227315797 0.02048918177957206 -0.003616678432525317
v -0.006858188011321158 0.01989735610142939 -0.00337402583460728
v -0.00738317220439591 0.024843297239595052 -0.0028671421281205576
v -0.00673401198177475 0.02484530144572245 -0.0036421696620387513
v -0.007389296581484081 0.029201162204203962 -0.002851847483544752
v -0.00842548232521755 0.024840050649186086 -0.0012042438291862741
v -0.007950186518486575 0.024841514688234537 -0.002050287734332968
v -0.007966834840388666 0.02919901271175878 -0.0020392324700043278
v -0.008801597868319005 0.024839001979994894 -0.00034259904896783415
v -0.009071724248628586 0.024838467400851248 0.0005209580274838565
v -0.008843054760305452 0.029195982188181393 -0.00033904584971314094
v -0.009236443542739984 0.02483833887833936 0.0013800330559564727
v -0.009322238838682278 0.024837882530289908 0.002254099525307241
v -0.009303104816894493 0.029195188701368873 0.00138019382551165
v -0.009347034370250935 0.02892423158134478 0.001704987675347433
v -0.009359517817709854 0.02847343235164394 0.0018424690445030501
v -0.009126043636351762 0.02919533398768666 0.000521775321229057
v -0.009376424115958269 0.02805691137971488 0.0020662135827669713
v -0.009142489861260525 0.02048333866189396 0.0031200525454338794
v -0.009333592591888163 0.024837062966445993 0.0031413116124499106
v -0.008454128875530062 0.029197245061559064 -0.0011971989561728408
v -0.0067314084695864924 0.029203581780188614 -0.0036227229487048344
v -0.0088489137104669 0.016135276798445345 0.003093407872942389
v 7.999865708020171e-05 0.02921860215027347 -0.006977518369640413
v -0.0007984163609828782 0.03357637211998229 -0.006762790779889348
v 7.999865708020171e-05 0.037883615978713696 0.01238294006065585
v -0.0008296496596777481 0.03352498546696876 0.012346658528079223
v 7.999865708020171e-05 0.03792849082445829 -0.006538547867645909
v -0.0007889784546774655 0.03792820397711292 -0.00648401660404263
v 7.999865708020171e-05 0.033576405647594086 -0.00681504402853556
v -0.001691138909030354 0.033575284335244 -0.006589433469127587
v -0.0008010390816987278 0.029167338431836533 0.012246113876914091
v -0.0025856070465746475 0.03357362658110517 -0.0063084003704360755
v -0.003469264275544332 0.03357151061627179 -0.005926282453500488
v -0.005156181615871287 0.03356641441927871 -0.004891956560899177
v -0.005936198244689319 0.03356367633098199 -0.004257738477268683
v -0.004329999328254493 0.03356906682590084 -0.0054511417119740705
v -0.0016672320920049447 0.037927235401661014 -0.006321490574536258
v -0.002543545027761401 0.03792575273616157 -0.006057501144169273
v -0.003406716187431475 0.03792386401403036 -0.005697790847784385
v -0.004245962369286416 0.03792168099397339 -0.005249304557636232
v -0.0050508867540403676 0.03791931170940643 -0.004719747570841449
v -0.005811107190737631 0.03791686791903548 -0.004116848001919141
v -0.0007778202209994011 0.042270115386441966 -0.006081412384976794
v 7.999865708020171e-05 0.042269590120523816 -0.006124109332938437
v -0.0016368039216544672 0.04226947091123743 -0.005935297190122288
v -0.0008268040036265151 0.04381620395153831 -0.005901517655575979
v -0.0017220183051562601 0.043840500294220215 -0.005744326241635459
v -0.0024876212041153776 0.04226848370933453 -0.005696883739620778
v 7.999865708020171e-05 0.0465955461119279 0.012081822059853099
v -0.0008135714817991761 0.04659108321426876 0.012052944541548214
v -0.003320966759124762 0.04226723201182746 -0.005370436559428277
v -0.00412792561798898 0.04226577914864961 -0.004961154292018351
v -0.004899876993524839 0.04226420707618537 -0.00447484047386073
v -0.0025905200058560307 0.04387940349977482 -0.005492622818346814
v -0.0034319014774872657 0.04393212753197001 -0.00515148681889722
v -0.004234023279857917 0.04399725305523973 -0.004730076403581164
v -0.004988275801655393 0.0440735581743985 -0.004236354380200328
v -0.0056282094117746494 0.04226258284965834 -0.003917314008247217
v -0.0008573545846846457 0.037883809693804074 0.01234678984455876
v -0.006658928757801455 0.03356097922087747 -0.0035583133796453564
v -0.007314299039185378 0.03355843857296133 -0.002804687870754604
v -0.007892361632685559 0.03355618104710036 -0.0020079556319802495
v -0.008383446150605066 0.03355432585258095 -0.0011794919533621453
v -0.0065166273287888075 0.03791445765627633 -0.0034490180218013223
v -0.007158241510449367 0.03791218522925456 -0.00272571707362737
v -0.006304591261206966 0.0422609809748725 -0.0032949425802821456
v -0.0077268390728748694 0.03791016984725657 -0.0019564916791950807
v -0.008213511450214202 0.03790851209311774 -0.0011511410979592295
v -0.008779307594409593 0.03355299964926989 -0.0003316745772497958
v -0.009072155450969191 0.03355232164645356 0.0005229133391773808
v -0.00926161998523155 0.03355217263484557 0.0013800387603070908
v -0.009343131197444284 0.029395551572110212 0.0016582530948859977
v -0.009349630897520068 0.029864649427271576 0.0017045440165677223
v -0.008610436464370722 0.037907327450834256 -0.00032049175083564806
v -0.008910141648865267 0.03790672022853172 0.0005243714992522343
v -0.009387080308574275 0.03073356032781671 0.0020662049680333847
v -0.009372776125530292 0.033551677171249024 0.002262924039298223
v -0.009408650670152612 0.03109792723695112 0.002366534604297641
v -0.009365535092704786 0.030317808628313875 0.0018425280670696504
v -0.009112073798103195 0.03790659356866494 0.0013795679767581142
v -0.009238831453757939 0.03790618006145278 0.0022641345257824615
v -0.006921226440756539 0.04225947223234165 -0.0026150102964589556
v -0.0056955300622944915 0.04416085289964614 -0.0036715270442874764
v -0.007470380782307686 0.042258131127869795 -0.0018848886911754597
v -0.007944450502901714 0.042257032167260906 -0.0011121714192576222
v -0.006345600187046908 0.04425781475296179 -0.0030441630289630046
v -0.006928974113049193 0.0443629573435558 -0.002363832371919093
v -0.007444607362061631 0.04447639615542436 -0.0016298628911053483
v -0.00788806357911775 0.044598004528700684 -0.0008430030206059374
v -0.008336572686668375 0.04225624613102879 -0.0003055062762425811
v -0.008640139134454824 0.042255840074397026 0.0005261489865463863
v -0.008854601297279167 0.04225575811801264 0.0013787814748647197
v -0.008998904138451558 0.042255497347698665 0.0022632115851355062
v -0.008245742661021295 0.044724798505934873 -2.2601692162994356e-05
v -0.00851418334751555 0.044856208117726386 0.0008276692604830358
v -0.008703160800084308 0.04499173044989828 0.0017045390107090165
v -0.008822758447975384 0.04512917503181318 0.0025938527436008643
v -0.009291097275258575 0.037905435003412855 0.0031726885676481033
v -0.009071806205012977 0.04225503168642371 0.003172339787353164
v -0.009407902818145039 0.03355079055218151 0.003167634280169772
v -0.00939180490786994 0.027692641328125663 0.002367070114763836
v -0.008532351587819086 0.01276297554036985 0.003429560365427444
v -0.008557460043764509 0.012926842674348085 0.002858577220290361
v -0.008452456220230433 0.012622627094744352 0.004006779180697411
v -0.008786034537187553 0.016134785060138997 0.003947710513630998
v -0.009077859801587356 0.02048246321869705 0.003997293660526635
v -0.00866006012379728 0.016134177837836456 0.004798776342797414
v -0.008945443430119394 0.02048137915924896 0.0048753091703196355
v -0.009272058248370877 0.02483592302764491 0.004036974054749138
v -0.008105285250657459 0.012253766554306654 0.005722866707440562
v -0.008471603280533918 0.01613347375798873 0.005645644235570136
v -0.008238922585988346 0.012368023067374029 0.00515343235170397
v -0.007917608855690919 0.012164555167251309 0.0062810320603233095
v -0.007729931529401827 0.012075342848873414 0.006839196481883508
v -0.008220449803210992 0.01613269330969191 0.006487135137600985
v -0.008746454260139164 0.020480125599096788 0.005751126293233586
v -0.008481726756651379 0.02047873606585233 0.006621623701742484
v -0.0089366163549914 0.02483288691613222 0.005834645436863916
v -0.007905754050953184 0.016131860707332295 0.007321717488956643
v -0.007522091069907305 0.016130990852070686 0.008146527938457427
v -0.0074856861370928155 0.012009757252264044 0.007382470452854558
v -0.008151801086734986 0.020477249675062682 0.007483462138843645
v -0.007753224372036211 0.020475698091694545 0.008331974747239498
v -0.009139195773401512 0.024834516730594555 0.004936350844208021
v -0.009371223610839603 0.0270393595375599 0.003601787283444258
v -0.009393817495900283 0.027173665562481616 0.0031509326400516982
v -0.009330173706807464 0.026995585515069292 0.004071258366117494
v -0.009272278971815205 0.027044116733144812 0.004537193915560657
v -0.009399450134682106 0.027395107987817493 0.002732267996443398
v -0.009201712662208946 0.02718114780784755 0.00498368484714564
v -0.009123885762003634 0.02740255111763633 0.005395395538104441
v -0.00866600289298822 0.024831082013030505 0.006726983290490623
v -0.008329080196754393 0.024829150450062003 0.007608405578171174
v -0.008977399900774265 0.028060418740437822 0.006052600059250401
v -0.007924164435119695 0.02482713879335421 0.008472627735338814
v -0.008773181354676321 0.0291871420745377 0.006803159887137505
v -0.00892393826111955 0.028475049127590572 0.006274709311532008
v -0.00904645094859183 0.02769941018041837 0.005756224818533038
v -0.008892805079598796 0.02892431726301937 0.006411535495273768
v -0.008034833493724839 0.02918276858384335 0.008568404946370987
v -0.008437502905369168 0.02918500003267292 0.00769647842340926
v -0.007222606143195812 0.020474124156585203 0.009134139623278081
v -0.007392286126869275 0.02482509174638952 0.009283666252632888
v -0.007001446374253832 0.016130107958293376 0.008931696177960257
v -0.006121116062263044 0.011836970842225375 0.00930868437029097
v -0.006002398048520351 0.011832749157106658 0.009397892963378666
v -0.006334672513907604 0.016129230652451365 0.00962258011647841
v -0.006927823464038787 0.011897510533259362 0.008428291194028064
v -0.006553169631679408 0.011862311197485724 0.00889141834032199
v -0.0056462440072922735 0.011820083170427957 0.009665519673964304
v -0.00555925382451845 0.016128379423640753 0.010176201080978898
v -0.005773917153013572 0.020471043341590122 0.010417355879406053
v -0.0067404967806897345 0.011879910399711268 0.008659855232836302
v -0.006551897445076238 0.020472561397346465 0.009841460473479498
v -0.005259306961822205 0.01181206634591838 0.009888051746683568
v -0.005323796391790338 0.011813401862454944 0.009850962757456174
v -0.0014952421955770814 0.016125242729292673 0.01127726368486126
v -0.0015426164782149825 0.011795725360457757 0.010770711762032942
v -0.0014694137108852631 0.01179569742078126 0.010778391447779454
v -0.0051303276362246655 0.011809392518877604 0.009962227862493256
v -0.004576059402551993 0.011803134962664797 0.010194976543584972
v -0.004726997451231179 0.016127576623602733 0.010568956564079496
v -0.0014236619085446142 0.011795678794330262 0.010783190552879112
v -0.0014145116644918032 0.011795675069040062 0.010784150746428063
v -0.0035756271315093547 0.011798536091913368 0.010453679321497425
v -0.0038932595765976473 0.01612684087878831 0.010821496780679231
v -0.003647086346610334 0.011798863917450934 0.01043520095078477
v -0.004004383353437782 0.011800507701751516 0.010342807234576402
v -0.0011033999906519848 0.011795552134463474 0.010816787082544363
v -0.0006775422773294975 0.011795550271818375 0.010841611485112066
v -0.004932306110373786 0.020469610967508368 0.010840241509641158
v -0.006726295974448792 0.024823059600585628 0.009999359692557946
v -0.00407514803474717 0.0204682996653581 0.011127076747818572
v -0.005111105604455913 0.024819230002260422 0.011035337751362787
v -0.005954144830225978 0.02482109264736023 0.010589708293136466
v -0.007510422064018277 0.029180501744756882 0.009380177345834384
v -0.006857814085317371 0.029178247944186112 0.010096163221040112
v -0.004237786754282081 0.024817527544639197 0.011349698227502628
v -0.003229189112783155 0.02046714482539622 0.011356532272373827
v -0.003365066511677199 0.02481602625268875 0.011605977704140229
v -0.005263361474543214 0.02917400111335855 0.01115410093424915
v -0.006099893549657096 0.029176064924129136 0.010693128868335703
v -0.003080454340426405 0.016126192678293575 0.011018174408090598
v -0.002283211038402791 0.016125652511214634 0.011169148312687956
v -0.002393179043958494 0.02046618370052472 0.011535847253487327
v -0.0022746440350968574 0.011796015933093327 0.010693921423825671
v -0.001564657390511658 0.020465451681000495 0.01166531040114954
v -0.00198183296577798 0.01179589951777459 0.01072463737284407
v -0.0016890218964591024 0.0117957840337784 0.010755354253185018
v -0.0024956119515935574 0.02481477641782678 0.01180866888125633
v -0.0016305892062789549 0.024813824606180777 0.011955705154112692
v -0.0034880702389639144 0.029170449049153214 0.011766338408718074
v -0.0007715221522556723 0.024813221109168438 0.01204516613561141
v -0.001693033451927497 0.029168008984072465 0.012148263541885833
v -0.0025905006809131205 0.029169063241198955 0.011987438107355586
v -0.003432708002815483 0.011797879509515686 0.010490636994245283
v -0.004381151287985444 0.029172112391227342 0.011489207551510661
v -0.007241440744783804 0.011944171655654673 0.007925743958164333
v -0.009424010041645635 0.03139709970494712 0.0027339446098638633
v -0.00942699679306318 0.03161741336735251 0.003150885142601653
v -0.00941304837523326 0.03175238435657486 0.0036051316627209646
v -0.009367120203684723 0.03354955748112544 0.0040865530106933
v -0.009379971523550855 0.031795497140055036 0.004073954079238193
v -0.00932788358465725 0.03174641644167508 0.004541869620422452
v -0.0092513791624728 0.033548037562723995 0.005011847575393474
v -0.009267973467666998 0.03790439937273736 0.004096435274270336
v -0.009260157808828199 0.031607757415155105 0.004988909566650603
v -0.008909989843289633 0.02986532184215261 0.006411496845387946
v -0.008887741478894966 0.029395551572110212 0.006458252962683348
v -0.008956458181917114 0.030315457970197916 0.0062749551806851826
v -0.008803194155169542 0.03354431599781458 0.006850107856878188
v -0.008477011470581214 0.03354222611001259 0.007747622466898537
v -0.009062480872320785 0.03354626804987918 0.005935638985498102
v -0.00918209528401776 0.03138661673832539 0.005398269133832171
v -0.009100011308436833 0.031089373970652798 0.005758534032795527
v -0.009022423758126844 0.03072936937634214 0.006053478762076236
v -0.008998173981572433 0.03790164638327984 0.005953075206277413
v -0.008085178928127571 0.03354004681524582 0.00861923373717712
v -0.00916980089503647 0.03790312532348909 0.0050262770213204185
v -0.009071187806839841 0.04225438348592898 0.004096382654546266
v -0.008996580488689548 0.04225358254853606 0.005025164090873282
v -0.008849167961523024 0.042252651225986156 0.00594847773250981
v -0.00887385918496609 0.04526669411953206 0.0034836483194969686
v -0.008858786660818437 0.04540411634970576 0.004372832249308423
v -0.00877806427880547 0.045541501326977464 0.005261757271451005
v -0.008447656183808225 0.03789826009448839 0.0077618339833488035
v -0.008756101830433623 0.037900010980882214 0.006867823008761194
v -0.00863199937536866 0.04225162677118126 0.006856314656012026
v -0.00807524823577794 0.03789643097700038 0.008625109451144468
v -0.0075769669228540485 0.03353783399286724 0.00942359094649818
v -0.00759196214723006 0.03789457950777117 0.009413899604043874
v -0.008005114991157388 0.04224938042119089 0.008586045126788726
v -0.008349523658047347 0.042250524085282175 0.007739124148630659
v -0.008631613807832998 0.04567863670980579 0.006149065051985677
v -0.008421273678614533 0.04581351084148295 0.007021773420228047
v -0.008148263923690448 0.04594566551131439 0.007876830897843353
v -0.0069464140591187044 0.03353563607164947 0.010131773270058257
v -0.0062111321120015064 0.03353350148036509 0.010727509571587975
v -0.005389050903233216 0.03353148982365729 0.011196409055046208
v -0.006992128492142038 0.03789273548912236 0.010106185182999633
v -0.006287887525613155 0.037890947349826544 0.010692842952312882
v -0.006995011866756542 0.04224705584010633 0.010019415723670138
v -0.005488193913960743 0.03788925979336611 0.011162256525818664
v -0.006330203562651888 0.04224593452775625 0.010589148568283973
v -0.004505224872051362 0.03352964580500849 0.011545472472040588
v -0.007555471067079704 0.04224821068006821 0.009351118219632266
v -0.003598188653111427 0.03352802157848145 0.011837477481692523
v -0.004610021941979358 0.03788771379793327 0.011518484607189457
v -0.0026778380141674204 0.03352666929813899 0.012072006851499657
v -0.0017519867514130412 0.033525641118043896 0.012242830964925677
v -0.003695431765837148 0.037886354067010415 0.01181938467851553
v -0.00469556764347828 0.04224390424459745 0.011408268171343567
v -0.0027576304706143076 0.03788522157878973 0.012062363937817946
v -0.0018074521315338745 0.03788435731146342 0.01223939811000673
v -0.005560824499998864 0.04224487282004935 0.011051664766985162
v -0.0078015777075046994 0.04607402783572262 0.008707400180331473
v -0.007324312619241951 0.04619069274890404 0.009462280879188859
v -0.0059942373346768135 0.04637580614421325 0.010660008244493452
v -0.005183177862625368 0.04643757890630331 0.011059692767365337
v -0.006712932892841489 0.04629291098669135 0.01012365772535839
v -0.004337958410765976 0.046485374379564404 0.011368959840479751
v -0.0037798156424550637 0.04224305115314174 0.011712085144895941
v -0.002829886664987368 0.04224233589742341 0.011958537305986951
v -0.0018594337832414716 0.04224179573034447 0.012137991985482936
v -0.0008841550208726081 0.0422414530036461 0.012246537628674297
v -0.003474148829487943 0.04652485500509995 0.011624399264177339
v -0.002592496737968203 0.04655588294717257 0.011825158878324938
v -0.0017044000108184432 0.04657785098347972 0.011967322471600199
v -0.0016013613942799853 0.020602289040612853 -0.00671472429176623
v -0.0024093393528444355 0.020602289040612853 -0.006482256870084586
v -0.0018033558257134386 0.020602289040612853 -0.006656607436345819
v -0.008372559921319233 0.012482278649118855 0.004583997530306104
v -0.007607809066077958 0.012042550050568729 0.007110833467369033
v -0.005883680500438934 0.01182852747198794 0.009487101556466362
v -0.00538828582175847 0.011814738310314056 0.00981387469955133
v -0.00429022114516425 0.01180182086654688 0.010268891889080688
v -0.004433140041027484 0.011802477448944564 0.01023193421633283
v -0.004504599954620376 0.01180280713712723 0.010213454914297626
v -0.0037185460273725887 0.011799193605633602 0.010416721648749567
v -0.00368281630340678 0.011799028761542268 0.01042596036844462
v -0.002853676135371489 0.011796947255643231 0.010592278743374203
v -0.0029260550314904993 0.01179706367096197 0.010579573641148405
v -0.003143192185508805 0.011797413848240734 0.010541458334471017
v -0.0029984341604401468 0.011797180086280707 0.01056686947024516
v -0.0021282385004374187 0.011795957259772684 0.010709278932673595
v -0.0022014411513518197 0.01179598706209428 0.010701600178249634
v -0.0021648397094793004 0.011795972160933482 0.01070544002112289
v -0.001396210827140225 0.011795668549782213 0.010786071133525966
v -0.001432812269012744 0.011795682519620461 0.01078223035933016
v -0.00216491817340413 0.011811455398325642 0.009897806419071268
v -0.003432708002815483 0.011797879509515686 0.010490636994245283
v -0.004576059402551993 0.011803134962664797 0.010194976543584972
v -0.0051303276362246655 0.011809392518877604 0.009962227862493256
v -0.0032712611433138128 0.01181849340283527 0.009704804721764371
v -0.0056462440072922735 0.011820083170427957 0.009665519673964304
v -0.0011033999906519848 0.011795552134463474 0.010816787082544363
v -0.0022746440350968574 0.011796015933093327 0.010693921423825671
v 7.999865708020171e-05 0.01180672148580448 0.010053291650100361
v -0.0010458128249318317 0.011807806476575117 0.010014250608808367
v 7.999865708020171e-05 0.011795550271818375 0.010858252356433758
v -0.005342574182702785 0.011861507466125156 0.008903276870349922
v -0.006121116062263044 0.011836970842225375 0.00930868437029097
v -0.006553169631679408 0.011862311197485724 0.00889141834032199
v -0.006927823464038787 0.011897510533259362 0.008428291194028064
v -0.007241440744783804 0.011944171655654673 0.007925743958164333
v -0.00614668366022557 0.011923462767434998 0.008137228682796632
v -0.005771969757561722 0.011887742822355964 0.008547338430292147
v -0.004358442850251124 0.011831130518514924 0.009422007698163343
v -0.004867619705686349 0.011843126884280243 0.009197249764549806
v 0.0012712948618279183 0.011795552134463474 0.010816258091336017
v 0.003620285444761097 0.011797954015319679 0.010484763142923036
v 0.0024513655157395106 0.011796028971609026 0.010691575422322463
v 0.001192915454519874 0.01180778226218882 0.010015137227875876
v 0.0022973431596056784 0.011811329669781406 0.009901616459622925
v 0.0047752758152344 0.011803455337621964 0.010181111013461995
v 0.005322764486405044 0.011809882394538854 0.009945976283997423
v 0.0033882182589452733 0.011818134843653558 0.009713839481820995
v 0.00583606290978487 0.011820906459562073 0.009645688091586639
v 0.004463937946430274 0.011830180569514022 0.009441287937591464
v 0.004979115313054533 0.011841708480036739 0.009222537034424811
v 0.006312229037438733 0.011838415323500277 0.009281915366239069
v 0.005890816759477576 0.011884712298778575 0.00858571357596096
v 0.006271330473320954 0.011919371467473268 0.00818100177396469
v 0.007107180820328306 0.011899844427569422 0.00840075012358229
v 0.005455246050451498 0.011859263910102436 0.008936776542469984
v 0.006736345410423536 0.011864054633299145 0.008865928042131105
v 0.007419731736753684 0.011947645488765818 0.007891762792285971
v 0.0065928849504975325 0.01196496715687149 0.007727853748792991
v 0.006852407292253901 0.012022821844994102 0.007234348723566283
v -0.006463366389143598 0.011970506663398321 0.007677241024818434
v -0.007438758656448231 0.01236937721036159 0.005117239760430859
v -0.008105285250657459 0.012253766554306654 0.005722866707440562
v -0.008372559921319233 0.012482278649118855 0.004583997530306104
v -0.008532351587819086 0.01276297554036985 0.003429560365427444
v -0.007648690866389839 0.012603022755068864 0.004061907887716454
v -0.007759953177459271 0.012880819507899457 0.0029982395140272173
v -0.008582568499709932 0.013090710739648868 0.002287594075153279
v -0.006714900311728162 0.012029005826725468 0.007185583277869462
v -0.007729931529401827 0.012075342848873414 0.006839196481883508
v -0.007127377481145534 0.012178044443064124 0.00616329892017714
v -0.00777106758076983 0.013202549539376692 0.0019340209615416242
v -0.00852500065893269 0.013464388080314674 0.0011615521199139737
v -0.007680814975103692 0.013560957846836814 0.000893489783205619
v -0.008345546910759253 0.013883180547942948 5.3279074969081686e-05
v -0.007463918800795174 0.01395302973918578 -0.00011912984748464322
v -0.008023489985067002 0.01433026193802457 -0.0010000329664993672
v -0.007108292353791618 0.014369951179811297 -0.0010881346827365014
v -0.007570416465699296 0.014795328097867396 -0.0019878211369432283
v -0.006631791415681065 0.014795328097867396 -0.0019878211369432283
v 0.007589275281673586 0.012361758060580822 0.005155117579858023
v 0.007804118821082114 0.012595832944983601 0.004091804738552212
v 0.008536840562509624 0.012487414892981578 0.004560858821553729
v 0.007271496851775595 0.012170669299791432 0.006208483896330854
v 0.008273793164901868 0.012259320030671735 0.00569214191085794
v 0.007901164493427256 0.012079409003126295 0.006810237007194229
v 0.008693305544861219 0.012765780683890162 0.003418983800889454
v 0.007918675220010558 0.012874736109003481 0.003019881587441896
v 0.008742515697075619 0.013094855124995943 0.0022742056150064902
v 0.00850550807796319 0.013883242946553792 5.312271464410164e-05
v 0.007842319809434093 0.013557014627160519 0.0009042771758858433
v 0.007624313032984815 0.013952470014333288 -0.00011776225125181051
v 0.0072695019588736995 0.014368965840553498 -0.001086049102301309
v 0.006791788904464446 0.014795328097867396 -0.0019878211369432283
v 0.007730413954482677 0.014795328097867396 -0.0019878211369432283
v 0.008182166858474619 0.014331365555246207 -0.0010023951497318809
v 0.007931693246613122 0.013197062186912656 0.001951008750513156
v 0.008683972761588625 0.013468003474453403 0.0011513646153712067
v -0.005183177862625368 0.04643757890630331 0.011059692767365337
v -0.004337958410765976 0.046485374379564404 0.011368959840479751
v -0.004382063518423076 0.04635475825458541 0.010523832123891526
v -0.003474148829487943 0.04652485500509995 0.011624399264177339
v -0.0036637088243116657 0.04639105003171008 0.01075864275310873
v -0.0050801964060084095 0.04631108667757529 0.010241252098444623
v -0.0059942373346768135 0.04637580614421325 0.010660008244493452
v -0.0057395252738907014 0.04625467833337268 0.009876261203201777
v -0.00632038323202442 0.046180772301102464 0.009398080159211198
v -0.006712932892841489 0.04629291098669135 0.01012365772535839
v -0.0017044000108184432 0.04657785098347972 0.011967322471600199
v -0.0008135714817991761 0.04659108321426876 0.012052944541548214
v -0.0014382069548830654 0.04645916696301009 0.011199396737786301
v 7.999865708020171e-05 0.0465955461119279 0.012081822059853099
v -0.0006810762971604287 0.04646934445583545 0.011265251486612594
v -0.002592496737968203 0.04655588294717257 0.011825158878324938
v -0.002930221535748134 0.04642031218622808 0.010947976902214102
v 7.999865708020171e-05 0.04647279407456029 0.011287570631521053
v -0.008631613807832998 0.04567863670980579 0.006149065051985677
v -0.008421273678614533 0.04581351084148295 0.007021773420228047
v -0.007840712346712958 0.04565929500308938 0.006023933951164342
v -0.008148263923690448 0.04594566551131439 0.007876830897843353
v -0.0074530889165236106 0.04588349786846317 0.0074745908258945296
v -0.007967455101206902 0.04554496584686311 0.005284173739565929
v -0.00877806427880547 0.045541501326977464 0.005261757271451005
v -0.008072792338213843 0.04528131215827536 0.0035782529954388105
v -0.008045389103505456 0.04542967556576534 0.004538250035332248
v -0.008000001099035862 0.04528131215827536 0.0035782529954388105
v -0.008858786660818437 0.04540411634970576 0.004372832249308423
v -0.008000001099035862 0.045429679291055534 0.0045382532949611734
v -0.006803454185063274 0.04609180119526499 0.008822400820116223
v -0.0078015777075046994 0.04607402783572262 0.008707400180331473
v -0.007324312619241951 0.04619069274890404 0.009462280879188859
v -0.007174809738612167 0.045991192282843915 0.008171419396248724
v 0.0018869051209113212 0.04657740394865576 0.011964432577727845
v 0.0027832129697376324 0.04655492554759127 0.011818973965271023
v 0.0015992618440065446 0.046459137160688495 0.011199198366083171
v 0.0036649039439738307 0.046523603307592885 0.011616304208573569
v 0.003085408510730622 0.046419298907293786 0.010941413872204925
v 0.000982722590679612 0.04659099008201377 0.012052315898827028
v 0.0045326290380823 0.04635356243643133 0.010516097490114569
v 0.004532973161764489 0.04648357133910779 0.0113572931628971
v 0.0053848254928243 0.046434974928453776 0.011042852593017965
v 0.0052403708460762735 0.0463110196223517 0.010240840453877565
v 0.006190541501745669 0.046372334173747205 0.010637554057815257
v 0.005896454054872148 0.046255054587682844 0.009878704993572726
v 0.006910895745371724 0.0462875726458353 0.010089111246692236
v 0.006478561847867839 0.04618105542315763 0.009399890650248212
v 0.007513294728423457 0.04618479561451805 0.009424108761835926
v 0.006962460746653558 0.04609212902080256 0.008824525166852554
v 0.007987061303527491 0.04606622335275442 0.008656896421095255
v 0.007334776028090127 0.04599087190788675 0.008169362104735985
v 0.008325398678714622 0.04593824845852695 0.007828862198587975
v 0.007604553162443493 0.04588276771158405 0.00746986762358269
v 0.00782589314229888 0.045772219724910385 0.006754614699223737
v 0.008594005140622758 0.04580642906481348 0.006975940709240875
v 0.008127324067478398 0.045545215441306484 0.005285800294399337
v 0.008000488180729463 0.04565955204811315 0.006025590773980622
v 0.008800696348090699 0.04567164061481091 0.006103805104366696
v 0.008942621522793183 0.04553592084225844 0.005225650827513759
v 0.008232788895674675 0.04528131215827536 0.0035782529954388105
v 0.008159997656496694 0.04528131215827536 0.0035782529954388105
v 0.008205386592288836 0.04542967556576534 0.004538250035332248
v 0.00903329601757443 0.045262573948571284 0.0034569982919008158
v 0.009020337595615059 0.045399567770372025 0.004343393609167219
v 0.008159997656496694 0.045429679291055534 0.0045382532949611734
v -0.008034600663087362 0.045161223703400484 0.002801235690892746
v -0.008822758447975384 0.04512917503181318 0.0025938527436008643
v -0.00887385918496609 0.04526669411953206 0.0034836483194969686
v -0.007941832555213931 0.04504239067132288 0.0020323332325546356
v -0.007794079629655419 0.04492482051262295 0.0012716063892208615
v -0.008703160800084308 0.04499173044989828 0.0017045390107090165
v -0.008245742661021295 0.044724798505934873 -2.2601692162994356e-05
v -0.00851418334751555 0.044856208117726386 0.0008276692604830358
v -0.007583301778838499 0.04480877027232445 0.000520730668366361
v -0.007299444910175677 0.04469713822620271 -0.00020158588642425683
v -0.00788806357911775 0.044598004528700684 -0.0008430030206059374
v -0.0069481640141899744 0.044590937653192005 -0.0008887230415645707
v -0.006532067725343673 0.044489967387621565 -0.0015420426671089228
v -0.007444607362061631 0.04447639615542436 -0.0016298628911053483
v -0.006052366297290374 0.044394458397483766 -0.0021599972978810725
v -0.006928974113049193 0.0443629573435558 -0.002363832371919093
v -0.005521190671903857 0.0443064595923884 -0.0027294158211343157
v -0.006345600187046908 0.04425781475296179 -0.0030441630289630046
v -0.004942530169326637 0.044226272720841626 -0.003248222318904915
v -0.0056955300622944915 0.04416085289964614 -0.0036715270442874764
v -0.004315800850319925 0.04415384935407086 -0.003716846130888376
v -0.004988275801655393 0.0440735581743985 -0.004236354380200328
v -0.0036479345486226597 0.04409021767217119 -0.004128565902242039
v -0.004234023279857917 0.04399725305523973 -0.004730076403581164
v -0.0034319014774872657 0.04393212753197001 -0.00515148681889722
v -0.002947856826722487 0.0440364878116221 -0.004476206258380165
v -0.0017220183051562601 0.043840500294220215 -0.005744326241635459
v -0.0022154044703425364 0.04399308818079656 -0.004757015373998424
v -0.0014564572679863113 0.04396095755282486 -0.004964926148345464
v -0.0025905200058560307 0.04387940349977482 -0.005492622818346814
v -0.0008268040036265151 0.04381620395153831 -0.005901517655575979
v -0.000686781229855187 0.04394128802057087 -0.005092188580822255
v 0.007597884427324902 0.04447475330244633 -0.0016404832278031835
v 0.006813657754920027 0.044517378072910355 -0.001364680669382573
v 0.0072568806756773945 0.0446329142231613 -0.000617129071539319
v 0.007620496473175307 0.04475643739560022 0.00018210995284533664
v 0.007888787216739026 0.04488424465176871 0.0010090780875193577
v 0.00839995198015702 0.04472242549607772 -3.796769932918629e-05
v 0.008038937832202267 0.04459518448401957 -0.0008612482114351588
v 0.006501279598827657 0.044257103222533664 -0.0030487411777876975
v 0.006295421925041882 0.044409706010270805 -0.0020613604609594194
v 0.007084752710681508 0.04436212287855109 -0.002369242424611488
v 0.005703062599078118 0.04430980490298766 -0.0027077728163970864
v 0.008979853004370713 0.04512482016756982 0.002565697465933428
v 0.008072018409174873 0.045014573929402335 0.0018523378039031124
v 0.008186394131528637 0.045146937215484954 0.00270878539683947
v 0.008858766171722338 0.04498785987338087 0.001679484804302125
v 0.008669570789676903 0.044853503557041464 0.0008101889765055828
v 7.999865708020171e-05 0.043807792246267574 -0.005955953924279168
v 0.00019297119649338534 0.04393480974091374 -0.005134086919697355
v 0.001886050632471784 0.043840645580538 -0.005743384208876231
v 0.0010777102730201021 0.04394583659990461 -0.005062776017712448
v 0.0019370578879615435 0.04397294181139703 -0.0048873707286634475
v 0.0009863999177679098 0.04381612199515392 -0.005902066670219148
v 0.002758071684672325 0.04387981328169678 -0.0054899555105638875
v 0.0027703316147192664 0.044014940733107515 -0.004615631763358708
v 0.005149387617869735 0.04407368110897509 -0.0042355473892108355
v 0.005046270188160492 0.04421918349359175 -0.003294120455301217
v 0.005851019949936335 0.044160204699151405 -0.003675735923721132
v 0.004337172374533857 0.04413954423970433 -0.0038094261116067255
v 0.003598131842435883 0.04393257084150377 -0.005148585283492993
v 0.003577117946081114 0.04407112183460795 -0.0042521249305991346
v 0.0043983737702395515 0.043997659111871486 -0.004727448677006608
v 0.0005359055797868444 0.014780995975146916 0.010406039379102163
v 7.999865708020171e-05 0.014752136151970479 0.010410157687417841
v 0.0009821579763837325 0.014865299292364267 0.010394011348370149
v 0.001192915454519874 0.01180778226218882 0.010015137227875876
v 0.0014132191052078546 0.015001608592090829 0.010374564402205593
v 0.0018287444933310646 0.01518469356688634 0.010348443598648423
v 0.0022973431596056784 0.011811329669781406 0.009901616459622925
v 0.0029374919052339633 0.015950938263497663 0.010239153828739689
v 0.0033882182589452733 0.011818134843653558 0.009713839481820995
v 0.004463937946430274 0.011830180569514022 0.009441287937591464
v 0.003967241278825044 0.016108402554945302 0.010010853144146317
v 0.0031653679067445793 0.016111984421472235 0.010210841623222593
v 0.0031087521104439762 0.016097170804993455 0.010218304310814979
v 0.004979115313054533 0.011841708480036739 0.009222537034424811
v 0.004740310241420788 0.016106012781282247 0.009763033801552046
v 0.004131289089377959 0.020436811649945832 0.010318124393036286
v 0.0032800043994123153 0.01951342955610189 0.010482998286690966
v 0.0032800123156539896 0.016243405209134348 0.010197453861567719
v 0.004928570575626119 0.02043576111810954 0.010037149967665419
v 0.005664090941316092 0.02043560093063096 0.009635692206658514
v 0.005461476132649084 0.016104768534355576 0.00939093598393088
v 0.002211857761241863 0.015421582908034932 0.010314648697280042
v 0.002594971261983299 0.015658471317860974 0.01028085565855676
v 0.003280000208460841 0.022787065571917956 0.010719976103481799
v 0.0032800020711059408 0.021150247564009923 0.010601487660747658
v 0.004280411059084831 0.024772537214898412 0.01054269606213984
v 0.0034220690396666495 0.024773295311454037 0.010801845874876247
v 0.005092807444656666 0.024772708578247597 0.01023552539608526
v 0.0032977572698585935 0.02043888104865172 0.010550728719132766
v 0.003279998811477016 0.026063702308989817 0.0109070620399517
v 0.003537250821687355 0.029113122420916397 0.010963938839396914
v 0.004413554793464269 0.029113455834389262 0.010684352084625403
v 0.005232211063555286 0.029114672141639437 0.010358073473814436
v 0.005832327840698479 0.02477352627944641 0.009812686331977651
v 0.0059656736720712445 0.02911630381874687 0.009921970513951087
v 0.0053460820090870005 0.03345942781003589 0.010404727145629348
v 0.004529820634933063 0.0334573826257163 0.010742917371853594
v 0.0032799995099689287 0.024425384871776437 0.01081351907171675
v 0.0032800034680897654 0.020331838560055906 0.010542242508058037
v 0.0032799985786463788 0.029342736270305134 0.011042929892789608
v 0.005455246050451498 0.011859263910102436 0.008936776542469984
v 0.006120796618628427 0.01610374407955068 0.00887649017116957
v 0.006271330473320954 0.011919371467473268 0.00818100177396469
v 0.005890816759477576 0.011884712298778575 0.00858571357596096
v 0.0065928849504975325 0.01196496715687149 0.007727853748792991
v 0.006671319073005383 0.016103028823832355 0.00824765652886135
v 0.006332618947685065 0.020435518974246565 0.00909751815797074
v 0.006893900505819793 0.02043555622714856 0.008447805195416212
v 0.006499676792719272 0.024774200556972544 0.009259785279808239
v 0.007323432053771016 0.020435708964046746 0.007719890940991308
v 0.007086029553897427 0.016102699135649687 0.007543518473474232
v 0.007061613536267858 0.024774736998761288 0.008599002617425546
v 0.006852407292253901 0.012022821844994102 0.007234348723566283
v 0.007431836135934792 0.016103969459607757 0.006743343368063519
v 0.00768531605698738 0.02043693830981262 0.006892530996010159
v 0.007271496851775595 0.012170669299791432 0.006208483896330854
v 0.007589275281673586 0.012361758060580822 0.005155117579858023
v 0.007713447585929793 0.016105562021168095 0.005934775649494341
v 0.007804118821082114 0.012595832944983601 0.004091804738552212
v 0.008087593847499474 0.01610872479254757 0.004305220560491737
v 0.007982084315820802 0.020438290590155082 0.0060545199806870285
v 0.007865764923305388 0.024776035262395853 0.007011830620685267
v 0.007931750988611217 0.016107225363242224 0.00512180882886069
v 0.008212929373620514 0.02043956650204845 0.005211787160035882
v 0.008181198283022719 0.01610978836289956 0.0034861894330743826
v 0.008377508969349424 0.020440600270078844 0.004367227550203098
v 0.008475302493702139 0.020441194453865684 0.003524182736497734
v 0.007918675220010558 0.012874736109003481 0.003019881587441896
v 0.007496495532268281 0.024775083450749854 0.007857515268158335
v 0.0066216916882886265 0.029117505224836245 0.00936335766058311
v 0.0075796477348139485 0.028609880418430437 0.007980333429426983
v 0.0078045230150687725 0.027170653665355225 0.007382382442873592
v 0.007174353390562714 0.029118267046682068 0.00870118919024616
v 0.006698382374983056 0.033463104671462914 0.009408373136032742
v 0.007664868870404229 0.027854561066652045 0.007749506066755719
v 0.007981062654983556 0.026571731309382285 0.0068912806954869125
v 0.008171591690920455 0.026082237490378017 0.006299225911996967
v 0.00840570475954778 0.024777598021634595 0.005287414742039596
v 0.00816960797388916 0.024776918156173163 0.0061526003523851135
v 0.00851776707668758 0.02548066086513785 0.004879012108778055
v 0.008637314433160964 0.025395785715874857 0.0041017093538704445
v 0.00835690252661024 0.02571365541538274 0.005621469430480992
v 0.008572692755390745 0.024777978001234956 0.0044210137557664534
v 0.008669453443035616 0.02477794261097806 0.00355864516330376
v 0.00867146137445321 0.02543064884420798 0.003707562474880291
v 0.008577540289262997 0.025438224221828905 0.004490360498493612
v 0.0086949511918069 0.02477734656454612 0.0027067478959309165
v 0.008505381418096402 0.020441103184255793 0.002687128189433355
v 0.00821187697913912 0.01611008266082533 0.0026670020762992828
v 0.00606365998019179 0.033461648082994865 0.009963626708963213
v 0.0032799981129851036 0.035905471981555886 0.011157188268502084
v 0.003279996948831916 0.039187635186638876 0.011134554336571756
v 0.003737188543684663 0.03780007262069707 0.011020464530240814
v 0.0036423969047409276 0.033456190532852426 0.011036808309669086
v 0.003279998345815741 0.03262356582149666 0.011126485357999384
v 0.005434168358502061 0.03780452061719541 0.010375514351206495
v 0.0061260041086662175 0.03780709106743314 0.009937849563426958
v 0.004628919407839468 0.03780187938644388 0.010718387267211662
v 0.003821454608000016 0.04214229322911268 0.010914970831045489
v 0.004710716536075025 0.04214445762271866 0.010610798092279052
v 0.006729453623554243 0.0378085215788698 0.009395247076014388
v 0.007234331494099109 0.03780880470092497 0.008759299060747447
v 0.007231994340160123 0.033463793850149845 0.008754432900424197
v 0.006152470432889402 0.04215011633853188 0.0098448588694641
v 0.005496327619450333 0.04214743785487835 0.010270483519318474
v 0.006714606479463666 0.04215121902443096 0.009324460042963802
v 0.0015992618440065446 0.046459137160688495 0.011199198366083171
v 0.0025879977515602523 0.043034388473215134 0.01119912199763408
v 0.0018173112284624816 0.0434907998526017 0.011313006913004043
v 7.999865708020171e-05 0.04647279407456029 0.011287570631521053
v 0.0005302356298953669 0.04387992131511257 0.01141010008279923
v 0.0009743257283620144 0.043796798914888496 0.011389360460935407
v 0.0014054077537358498 0.04366473737731205 0.011356408406474689
v 0.003085408510730622 0.046419298907293786 0.010941413872204925
v 0.0032799950861868163 0.04246924704877233 0.011058093686547152
v 0.0052403708460762735 0.0463110196223517 0.010240840453877565
v 0.005896454054872148 0.046255054587682844 0.009878704993572726
v 0.0045326290380823 0.04635356243643133 0.010516097490114569
v 0.0029339961860428967 0.04275181776099373 0.011128607842090616
v 0.006478561847867839 0.04618105542315763 0.009399890650248212
v 0.007613290830606696 0.030129903128000058 0.007990265984421712
v 0.007562952846784362 0.029395551572110212 0.008058252530564736
v 0.007649549080119575 0.03346361503622026 0.008015516001394721
v 0.00771903924651942 0.03083375200773543 0.007790756205136086
v 0.00786731371270588 0.03148150360499986 0.007471285562164919
v 0.007629517263393681 0.03780789945540646 0.008036328266417436
v 0.00800753363581949 0.033463179177266905 0.007159439191248545
v 0.008042540187825298 0.032059124751611386 0.0070424376049653264
v 0.008225694080489503 0.03254654544661957 0.006522236218845608
v 0.0079689554618348 0.03780627895416963 0.00718804103807866
v 0.008402445130623116 0.03293649764884495 0.00591880998702133
v 0.008301219682674003 0.03346235961342299 0.0062822953993622544
v 0.00824550237980342 0.03780416298933625 0.0063140758500551935
v 0.008453500232808876 0.037801633517290704 0.00542546375228938
v 0.008479030577869407 0.033074359463262204 0.005587073826067921
v 0.008674689338411179 0.033366642007034014 0.0045382532949611734
v 0.008555616956438247 0.033212221277679456 0.005255338130775788
v 0.008627106206691462 0.036384857225603494 0.004538252829299898
v 0.0085258630636139 0.03346115634468851 0.0053942202090464615
v 0.007181138541000043 0.04215076453902661 0.008716477781225392
v 0.007545099859163969 0.04214878640993061 0.008019267368625738
v 0.00785755158973778 0.04214561246268054 0.007187340217859856
v 0.006962460746653558 0.04609212902080256 0.008824525166852554
v 0.007334776028090127 0.04599087190788675 0.008169362104735985
v 0.007604553162443493 0.04588276771158405 0.00746986762358269
v 0.00782589314229888 0.045772219724910385 0.006754614699223737
v 0.008109062694919872 0.04214184991957892 0.006324520166791097
v 0.00829324663032427 0.04213769249571615 0.005442487397179083
v 0.008532913175316677 0.0394017685926031 0.004538252829299898
v 0.008127324067478398 0.045545215441306484 0.005285800294399337
v 0.008000488180729463 0.04565955204811315 0.006025590773980622
v 0.008392283470281108 0.042416873193855904 0.004538251897977348
v 0.008205386592288836 0.04542967556576534 0.004538250035332248
v 0.00842744089654 0.041663097974865254 0.004538252363638623
v 0.008406427465846507 0.04213338233495519 0.004550536508071862
v 0.008462598322798894 0.040909322755874604 0.004538252363638623
v 0.007931693246613122 0.013197062186912656 0.001951008750513156
v 0.008177846453165613 0.01610929103665791 0.0018471014428662748
v 0.007842319809434093 0.013557014627160519 0.0009042771758858433
v 0.008076581889669405 0.01610705586253814 0.001026986954492745
v 0.008466194159164074 0.020440084317386198 0.0018576327218452753
v 0.008355937676448539 0.020437856593846827 0.0010381196350083464
v 0.008647995771485818 0.024776048300911555 0.0018688700597324223
v 0.008162821426468006 0.0204342151226767 0.00024228203340657915
v 0.007897252007395108 0.01610275874029288 0.00022858463610768944
v 0.007865526504732613 0.020430258864484706 -0.000563352586655078
v 0.0076211726133465375 0.016097463240274126 -0.0005689447129059791
v 0.008321871760218133 0.02477100984591657 0.0002557105549749285
v 0.008527650271587167 0.024773872731434977 0.0010492253071700004
v 0.007624313032984815 0.013952470014333288 -0.00011776225125181051
v 0.0072695019588736995 0.014368965840553498 -0.001086049102301309
v 0.007251943734840351 0.016092212443737763 -0.0013528259810601582
v 0.006791788904464446 0.014795328097867396 -0.0019878211369432283
v 0.006792719761353076 0.01608784826626891 -0.0021098595484069674
v 0.007469145848606513 0.020426650920926378 -0.0013632379343374525
v 0.006978484151124663 0.020423907244694357 -0.002142277955046591
v 0.0075914941576487325 0.024766410975165142 -0.0013598001899751177
v 0.006499652578332974 0.017138497449202397 -0.002591948421816947
v 0.00640161365048836 0.02042233703487522 -0.0028856491370016207
v 0.006645720741398711 0.015966912307873622 -0.0022898848957954064
v 0.006093327260018995 0.01946587063876847 -0.0031920030331799337
v 0.007079272343136596 0.02476515741501297 -0.002148587432491556
v 0.00800772641958732 0.024768433807743535 -0.000553024568822594
v 0.00871804612839943 0.025689161632320254 0.0025540331166571503
v 0.008705608315745456 0.025465510109896002 0.0033134155958901373
v 0.008679427907545093 0.026057317161587674 0.001854573909345433
v 0.008602513703438685 0.026555664132751334 0.0012413328184136682
v 0.008504567442187786 0.02715999188480392 0.0007412847866126066
v 0.008327802422215926 0.028608362362674094 0.00013647626839746242
v 0.006486010565621974 0.029109417619812877 -0.0028810246548800706
v 0.006480285725907712 0.024764762534251812 -0.0029037552115249504
v 0.007095213325562035 0.02910889235389473 -0.0021282347751472195
v 0.007619022655240083 0.029108877452733932 -0.0013418881797881246
v 0.008403479829976059 0.027853991097251504 0.000367237448960023
v 0.0075517881520561075 0.03345138118320472 -0.001308963250096672
v 0.008047654079946823 0.02910946232329527 -0.0005374512259737296
v 0.00702646309492809 0.033452364659817414 -0.0020807284775378695
v 0.008297950740523839 0.029395551572110212 5.825313046493025e-05
v 0.006026059694884498 0.019702514110763885 -0.0032732993427142787
v 0.005927209119437642 0.019913315244644552 -0.003383852684492597
v 0.005748796589875 0.020422081852496544 -0.0035788262244682767
v 0.005654693896787557 0.02024827843823338 -0.00366282010976842
v 0.00580585732552382 0.024765228195526765 -0.0036100362400993988
v 0.005313560225644338 0.020471872218659537 -0.003976686752126174
v 4.149574196109593e-05 0.020602289040612853 -0.006115493202367996
v 0.00042210110740212894 0.020602289040612853 -0.006093937741950458
v 0.00010436848693206188 0.02477873423514548 -0.006207841749432695
v 0.0058031210998722 0.02911034521707258 -0.003585207180918947
v 0.003665081593750225 0.020602289040612853 -0.0051241138521717034
v 0.003988755295389111 0.020602289040612853 -0.0049294129568725085
v 0.003453415028390058 0.024770851521083086 -0.005305276111562939
v 0.004312428997027996 0.020602289040612853 -0.004734712992895863
v 0.004930580369688813 0.020602289040612853 -0.004292902422785425
v 0.004278695097286633 0.024768424494518035 -0.0048226792017019866
v 0.0050678419467226525 0.024766485480969134 -0.004253845549010083
v 0.005122070064835938 0.020537079698313643 -0.0041347945874558
v 0.005058697756266416 0.029111565249612954 -0.004227346628497652
v 0.005740680113852583 0.033454502976392 -0.0035041700118841126
v 0.00426542421661177 0.02911296595872801 -0.004795043136356122
v 0.0034382994305744716 0.029114415096615665 -0.005277072405122907
v 0.00421927764992528 0.033455862707314855 -0.004681357989673113
v 0.005003379990769743 0.03345532999081631 -0.004129424581633051
v 0.0026327268453257874 0.020602289040612853 -0.005597489737466052
v 0.0026079527341757794 0.024773502065060116 -0.005691425723817063
v 0.002277906923650448 0.020602289040612853 -0.005735654231712024
v -0.0007142483183659028 0.020602289040612853 -0.006063537511276478
v 0.0009890281100037401 0.020602289040612853 -0.006039948508071224
v 0.0009163011902893624 0.02477793329775256 -0.006147255492271212
v 0.0008027064401013536 0.020602289040612853 -0.0060723822815329205
v 0.0025931877793002323 0.029115776690183625 -0.005663196871668184
v 0.0029875467670011265 0.020602289040612853 -0.0054593252432200805
v 0.0017568316077329628 0.024776009185364458 -0.005973955923507546
v 0.0017446260436398714 0.029116912903694506 -0.005946018575316787
v 0.00010413783908181211 0.029117967160820997 -0.006180348642098241
v 0.000908967025208865 0.029117682176120728 -0.006119633396763597
v 0.0011753497799061265 0.020602289040612853 -0.006007515200270802
v 0.0015479931197108995 0.020602289040612853 -0.005942648584669958
v 0.0017304715706957866 0.020602289040612853 -0.005890900112845794
v 0.0019129501380959924 0.020602289040612853 -0.005839151641021629
v 0.00641896325827053 0.0334534710710067 -0.002817114740368616
v 0.008553458150767568 0.03779079664810002 0.0019067840843237129
v 0.008734265110606015 0.032935115566180895 0.0021950669469896363
v 0.008751931368055152 0.033074650035897775 0.0025312601848362496
v 0.008691573284918395 0.033453951633442454 0.001893443238042288
v 0.008664222204272803 0.03254216078005462 0.001588671193214988
v 0.00876959669418174 0.033214184505614655 0.0028674536555135005
v 0.008760498604191723 0.033366642007034014 0.0035782513656243482
v 0.008699976608286183 0.03634820782061965 0.003578252296946898
v 0.00863959710473078 0.03779321063614937 0.0027619713650194125
v 0.008645898433103432 0.037838200965890155 0.0035782525297775353
v 0.008761953330014673 0.03345594093840905 0.0027441747224132887
v 0.00854750048041583 0.033451966053766054 0.0010712758819381315
v 0.008395591527978368 0.03778891910183941 0.0010821856271183493
v 0.008309022302997102 0.042122631147439096 0.0019208405355694205
v 0.008472490830923978 0.03146666949942498 0.000636197551502656
v 0.008572318363725684 0.03204545293657879 0.0010619215618315725
v 0.008318481746136482 0.030121154283966254 0.00012461638504144895
v 0.008319606783776766 0.033450796312643374 0.00028267795983379085
v 0.008380791881337838 0.03081629902315022 0.00031907215333512655
v 0.007985232186039479 0.03345075905974138 -0.0005161927410342924
v 0.00815819554736263 0.03778854284752925 0.00029654660406654425
v 0.00738994524764009 0.03779106114370419 -0.0012608312201491047
v 0.006873291269112958 0.03779265184261943 -0.0020058219720184185
v 0.007820554801442827 0.03778951887356155 -0.0004890877623725113
v 0.006279575471855258 0.0377939147159971 -0.0027117223225005937
v 0.008413726240670107 0.0421255294232144 0.00277924181038484
v 0.008591820257920683 0.03932819038587045 0.003578252762608173
v 0.008135946251645413 0.042120828106982484 0.00109299828192274
v 0.008186394131528637 0.045146937215484954 0.00270878539683947
v 0.008436074256577615 0.04230607188744867 0.0035782529954388105
v 0.008232788895674675 0.04528131215827536 0.0035782529954388105
v 0.007888787216739026 0.04488424465176871 0.0010090780875193577
v 0.008072018409174873 0.045014573929402335 0.0018523378039031124
v 0.007890073373180444 0.04212112985548865 0.0003108061127319607
v 0.00755375929623298 0.042122865840721675 -0.000456044263678924
v 0.007133673221582888 0.042124992981425656 -0.0011973840565296344
v 0.006635993543026234 0.042126773670141074 -0.0019033307403086672
v 0.007620496473175307 0.04475643739560022 0.00018210995284533664
v 0.0072568806756773945 0.0446329142231613 -0.000617129071539319
v 0.006813657754920027 0.044517378072910355 -0.001364680669382573
v 0.006295421925041882 0.044409706010270805 -0.0020613604609594194
v 0.006068347326585459 0.04212770499269098 -0.0025645535690115083
v 0.004902701694818699 0.03779454056475064 -0.003959792561070908
v 0.003402577855680975 0.03345604524653464 -0.005149559446880192
v 0.0025682132009713574 0.033455881333765855 -0.005524515959068291
v 0.004141182063164319 0.03779372845148712 -0.004481451466981227
v 0.005439338129976581 0.0421274553982476 -0.003172134663561548
v 0.0056191639415087025 0.03779459271881343 -0.0033666006327475297
v 0.004757693842476029 0.04212591685339516 -0.0037181031835001096
v 0.003347169519066323 0.03779222715953667 -0.00492272280133527
v 0.002533787328575415 0.03779020060166808 -0.005275525944028791
v 0.003273291193641967 0.04211939014496543 -0.004596549429972441
v 0.004032343984692288 0.042123137786906246 -0.004195103776158686
v 0.0009029194822310606 0.03345497236295715 -0.005967986611623934
v 0.00010398130413385396 0.03345470041677258 -0.006027072973818795
v 0.001713084127935027 0.037788010131030704 -0.0055338091611325125
v 0.0017298828584289283 0.033455464101263495 -0.005799220721033202
v 0.00010390309486753425 0.037785290669184984 -0.0057482359336999585
v 0.000898339761799565 0.037786140035350496 -0.005692567525263246
v 0.0024909187844339518 0.042115061357753475 -0.004916427526559191
v 0.005703062599078118 0.04430980490298766 -0.0027077728163970864
v 0.004337172374533857 0.04413954423970433 -0.0038094261116067255
v 0.003577117946081114 0.04407112183460795 -0.0042521249305991346
v 0.005046270188160492 0.04421918349359175 -0.003294120455301217
v 0.0027703316147192664 0.044014940733107515 -0.004615631763358708
v 0.0019370578879615435 0.04397294181139703 -0.0048873707286634475
v 0.0008954539424633674 0.04210746176574626 -0.005293728177605398
v 0.0016948651305525215 0.04211081825221611 -0.005150126156651809
v 0.00010390815893389936 0.042106012627858604 -0.005344133682312601
v 0.0010777102730201021 0.04394583659990461 -0.005062776017712448
v 0.00019297119649338534 0.04393480974091374 -0.005134086919697355
v 0.003326313947545038 0.020602289040612853 -0.00529171978052653
v 0.0031943823294643017 0.016170288938386453 0.010207879086191349
v 0.008580009225342794 0.0378933166343935 0.004538252829299898
v 0.008205386592288836 0.04542967556576534 0.004538250035332248
v 0.008159997656496694 0.045429679291055534 0.0045382532949611734
v 0.008392283470281108 0.042416873193855904 0.004538251897977348
v 0.006639998695652098 0.034485912898089555 0.0045382532949611734
v 0.008532913175316677 0.0394017685926031 0.004538252829299898
v 0.006639998695652098 0.033366642007034014 0.0045382532949611734
v 0.008674689338411179 0.033366642007034014 0.0045382532949611734
v 0.008627106206691462 0.036384857225603494 0.004538252829299898
v 0.007613290830606696 0.030129903128000058 0.007990265984421712
v 0.006639998695652098 0.030116836672624898 0.007992683697761264
v 0.00771903924651942 0.03083375200773543 0.007790756205136086
v 0.00786731371270588 0.03148150360499986 0.007471285562164919
v 0.006639998695652098 0.031465592890557295 0.0074809582781682265
v 0.006639998695652098 0.030814473630952407 0.00779812576047348
v 0.006639998695652098 0.03204884667595064 0.007051579001453913
v 0.008042540187825298 0.032059124751611386 0.0070424376049653264
v 0.006639998695652098 0.032938125600662185 0.005915709614252698
v 0.008225694080489503 0.03254654544661957 0.006522236218845608
v 0.008402445130623116 0.03293649764884495 0.00591880998702133
v 0.008555616956438247 0.033212221277679456 0.005255338130775788
v 0.006639998695652098 0.03321499289358797 0.005246458435923724
v 0.008674689338411179 0.033366642007034014 0.0045382532949611734
v 0.006639998695652098 0.033366642007034014 0.0045382532949611734
v 0.006639998695652098 0.03254511493518292 0.00652406440501107
v 0.006639998695652098 0.033366642007034014 0.0035782529954388105
v 0.006639998695652098 0.03433754576530938 0.0035782529954388105
v 0.008760498604191723 0.033366642007034014 0.0035782513656243482
v 0.008699976608286183 0.03634820782061965 0.003578252296946898
v 0.008591820257920683 0.03932819038587045 0.003578252762608173
v 0.008159997656496694 0.04528131215827536 0.0035782529954388105
v 0.008232788895674675 0.04528131215827536 0.0035782529954388105
v 0.008436074256577615 0.04230607188744867 0.0035782529954388105
v -0.006480000741207441 0.03433754576530938 0.0035782529954388105
v -0.008276076767794233 0.04230607188744867 0.0035782529954388105
v -0.008000001099035862 0.04528131215827536 0.0035782529954388105
v -0.008072792338213843 0.04528131215827536 0.0035782529954388105
v -0.008431818112524551 0.03932819038587045 0.003578252762608173
v -0.008600463862506345 0.033366642007034014 0.0035782513656243482
v -0.008539965149664553 0.03634820782061965 0.003578252296946898
v -0.006480000741207441 0.033366642007034014 0.0035782529954388105
v -0.008158474944127601 0.03012098664590727 0.00012458528759943106
v -0.008220972275161487 0.030817800315100667 0.00031964299585055856
v -0.006480000741207441 0.030814473630952407 0.0003183798896422507
v -0.006480000741207441 0.031465592890557295 0.0006355476047781414
v -0.008312489616850396 0.03146664714768378 0.0006361834652490886
v -0.006480000741207441 0.03204884667595064 0.0010649272889460704
v -0.006480000741207441 0.030116836672624898 0.00012382224339276248
v -0.00841274090141231 0.03204777751766335 0.0010639778056064427
v -0.006480000741207441 0.032938125600662185 0.002200796676147286
v -0.00850404683288239 0.032541199655183116 0.0015874495308601507
v -0.008574357960109974 0.032935670634420634 0.002196120738454853
v -0.008609525630916916 0.03321307436913517 0.002863891812421391
v -0.006480000741207441 0.03321499289358797 0.0028700473888149843
v -0.008600463862506345 0.033366642007034014 0.0035782513656243482
v -0.006480000741207441 0.03254511493518292 0.0015924415361429573
v -0.006480000741207441 0.033366642007034014 0.0035782529954388105
v -0.006480000741207441 0.034485912898089555 0.0045382532949611734
v -0.00846710871790808 0.036384857225603494 0.004538252829299898
v -0.008514692780950347 0.033366642007034014 0.0045382532949611734
v -0.006480000741207441 0.033366642007034014 0.0045382532949611734
v -0.008372917549178396 0.0394017685926031 0.004538252829299898
v -0.008000001099035862 0.045429679291055534 0.0045382532949611734
v -0.008232286912820276 0.042416873193855904 0.004538251897977348
v -0.008045389103505456 0.04542967556576534 0.004538250035332248
v 0.0032799985786463788 0.029342736270305134 0.011042929892789608
v 0.0032799985786463788 0.035822625252806585 0.009910284278594887
v 0.003279998345815741 0.03262356582149666 0.011126485357999384
v 0.003279998811477016 0.026063702308989817 0.0109070620399517
v 0.0032799985786463788 0.03225754115822342 0.009880701749119722
v 0.003279996948831916 0.039187635186638876 0.011134554336571756
v 0.0032799981129851036 0.035905471981555886 0.011157188268502084
v 0.0032799985786463788 0.03786914695157838 0.009910284278594887
v 0.0032799950861868163 0.04246924704877233 0.011058093686547152
v 0.003280000208460841 0.022787065571917956 0.010719976103481799
v 0.0032800043994123153 0.01951342955610189 0.010482998286690966
v 0.0032800123156539896 0.016243405209134348 0.010197453861567719
v 0.0032799985786463788 0.025131314326088297 0.009644091804736103
v 0.0032799985786463788 0.021572123640600932 0.00943713051372869
v 0.0032799985786463788 0.02869344799083336 0.009791962542597179
v -0.0031200013226936347 0.03262382659181064 0.011126490945934682
v -0.0031200013226936347 0.035822625252806585 0.009910284278594887
v -0.0031200013226936347 0.0293430361561662 0.011042940137337656
v -0.0031200013226936347 0.03225754115822342 0.009880701749119722
v -0.003120001555524272 0.026063950040788094 0.010907073215822299
v -0.0031200008570323595 0.03590562099316387 0.011157191062469733
v -0.0031199999257098096 0.03918767616483108 0.011134555267894305
v -0.0031199978302340723 0.04246924704877233 0.011058093686547152
v -0.0031200013226936347 0.03786914695157838 0.009910284278594887
v -0.003120002952508097 0.02278721644617104 0.010719984485384748
v -0.0031200013226936347 0.025131314326088297 0.009644091804736103
v -0.0031200150597012455 0.016243405209134348 0.010197453861567719
v -0.003120007376290209 0.01951348543545488 0.010483002011981166
v -0.0031200013226936347 0.021572123640600932 0.00943713051372869
v -0.0031200013226936347 0.02869344799083336 0.009791962542597179
v 0.008159997656496694 0.04528131215827536 0.0035782529954388105
v 0.006639998695652098 0.03433754576530938 0.0035782529954388105
v 0.006639998695652098 0.034485912898089555 0.0045382532949611734
v 0.008159997656496694 0.045429679291055534 0.0045382532949611734
v 0.006639998695652098 0.027864816790571595 0.0077537710583730065
v 0.006639998695652098 0.029012865548419184 0.004982132332454948
v 0.006639998695652098 0.027173268819075357 0.007384131466622312
v 0.006639998695652098 0.026567123125405358 0.0068866799620903845
v 0.006639998695652098 0.029395551572110212 0.008058252530564736
v 0.006639998695652098 0.029395551572110212 0.005058253049748837
v 0.006639998695652098 0.028615190819609993 0.007981394205811324
v 0.006639998695652098 0.028688443063450177 0.004765360024045568
v 0.006639998695652098 0.026069670223889604 0.0062805338027591105
v 0.006639998695652098 0.025472409347345695 0.004838614596192126
v 0.006639998695652098 0.025700032029122737 0.005588986762585425
v 0.006639998695652098 0.02847167215202462 0.00444093660775401
v 0.006639998695652098 0.028395551434730732 0.004058253378030629
v 0.006639998695652098 0.031465592890557295 0.0074809582781682265
v 0.006639998695652098 0.029778233870511043 0.004982132332454948
v 0.006639998695652098 0.030814473630952407 0.00779812576047348
v 0.006639998695652098 0.03204884667595064 0.007051579001453913
v 0.006639998695652098 0.03254511493518292 0.00652406440501107
v 0.006639998695652098 0.030102656355480054 0.004765360024045568
v 0.006639998695652098 0.032938125600662185 0.005915709614252698
v 0.006639998695652098 0.030116836672624898 0.007992683697761264
v 0.006639998695652098 0.030319430992195806 0.00444093660775401
v 0.006639998695652098 0.03433754576530938 0.0035782529954388105
v 0.006639998695652098 0.033366642007034014 0.0045382532949611734
v 0.006639998695652098 0.034485912898089555 0.0045382532949611734
v 0.006639998695652098 0.03321499289358797 0.005246458435923724
v 0.006639998695652098 0.030395551709489696 0.004058253378030629
v 0.006639998695652098 0.02539555102259228 0.004058253378030629
v 0.006639998695652098 0.02847167215202462 0.0036755694498153365
v 0.006639998695652098 0.025472409347345695 0.0032778919270384952
v 0.006639998695652098 0.025700032029122737 0.0025275195278145588
v 0.006639998695652098 0.028688443063450177 0.0033511462663544152
v 0.006639998695652098 0.029012865548419184 0.0031343737251143975
v 0.006639998695652098 0.026567123125405358 0.0012298259790636428
v 0.006639998695652098 0.029395551572110212 0.003058253007820509
v 0.006639998695652098 0.028615190819609993 0.000135112011829086
v 0.006639998695652098 0.026069670223889604 0.0018359721383949168
v 0.006639998695652098 0.027173268819075357 0.0007323746491546928
v 0.006639998695652098 0.027864816790571595 0.00036273497009251004
v 0.006639998695652098 0.029395551572110212 5.825313046493025e-05
v 0.006639998695652098 0.030116836672624898 0.00012382224339276248
v 0.006639998695652098 0.030102656355480054 0.0033511462663544152
v 0.006639998695652098 0.030319430992195806 0.0036755694498153365
v 0.006639998695652098 0.032938125600662185 0.002200796676147286
v 0.006639998695652098 0.03321499289358797 0.0028700473888149843
v 0.006639998695652098 0.033366642007034014 0.0035782529954388105
v 0.006639998695652098 0.029778233870511043 0.0031343737251143975
v 0.006639998695652098 0.03204884667595064 0.0010649272889460704
v 0.006639998695652098 0.031465592890557295 0.0006355476047781414
v 0.006639998695652098 0.030814473630952407 0.0003183798896422507
v 0.006639998695652098 0.03254511493518292 0.0015924415361429573
v -0.006480000741207441 0.034485912898089555 0.0045382532949611734
v -0.008000001099035862 0.04528131215827536 0.0035782529954388105
v -0.008000001099035862 0.045429679291055534 0.0045382532949611734
v -0.006480000741207441 0.03433754576530938 0.0035782529954388105
v -0.006480000741207441 0.027864816790571595 0.00036273497009251004
v -0.006480000741207441 0.029012865548419184 0.0031343737251143975
v -0.006480000741207441 0.027173268819075357 0.0007323746491546928
v -0.006480000741207441 0.026567123125405358 0.0012298259790636428
v -0.006480000741207441 0.029395551572110212 5.825313046493025e-05
v -0.006480000741207441 0.029395551572110212 0.003058253007820509
v -0.006480000741207441 0.028615190819609993 0.000135112011829086
v -0.006480000741207441 0.028688443063450177 0.0033511462663544152
v -0.006480000741207441 0.026069670223889604 0.0018359721383949168
v -0.006480000741207441 0.025472409347345695 0.0032778919270384952
v -0.006480000741207441 0.025700032029122737 0.0025275195278145588
v -0.006480000741207441 0.02847167215202462 0.0036755694498153365
v -0.006480000741207441 0.028395551434730732 0.004058253378030629
v -0.006480000741207441 0.031465592890557295 0.0006355476047781414
v -0.006480000741207441 0.029778233870511043 0.0031343737251143975
v -0.006480000741207441 0.030814473630952407 0.0003183798896422507
v -0.006480000741207441 0.03204884667595064 0.0010649272889460704
v -0.006480000741207441 0.03254511493518292 0.0015924415361429573
v -0.006480000741207441 0.030102656355480054 0.0033511462663544152
v -0.006480000741207441 0.032938125600662185 0.002200796676147286
v -0.006480000741207441 0.030116836672624898 0.00012382224339276248
v -0.006480000741207441 0.030319430992195806 0.0036755694498153365
v -0.006480000741207441 0.033366642007034014 0.0045382532949611734
v -0.006480000741207441 0.033366642007034014 0.0035782529954388105
v -0.006480000741207441 0.03433754576530938 0.0035782529954388105
v -0.006480000741207441 0.03321499289358797 0.0028700473888149843
v -0.006480000741207441 0.030395551709489696 0.004058253378030629
v -0.006480000741207441 0.02539555102259228 0.004058253378030629
v -0.006480000741207441 0.02847167215202462 0.00444093660775401
v -0.006480000741207441 0.025472409347345695 0.004838614596192126
v -0.006480000741207441 0.025700032029122737 0.005588986762585425
v -0.006480000741207441 0.028688443063450177 0.004765360024045568
v -0.006480000741207441 0.029012865548419184 0.004982132332454948
v -0.006480000741207441 0.026567123125405358 0.0068866799620903845
v -0.006480000741207441 0.029395551572110212 0.005058253049748837
v -0.006480000741207441 0.028615190819609993 0.007981394205811324
v -0.006480000741207441 0.026069670223889604 0.0062805338027591105
v -0.006480000741207441 0.027173268819075357 0.007384131466622312
v -0.006480000741207441 0.027864816790571595 0.0077537710583730065
v -0.006480000741207441 0.029395551572110212 0.008058252530564736
v -0.006480000741207441 0.030116836672624898 0.007992683697761264
v -0.006480000741207441 0.030102656355480054 0.004765360024045568
v -0.006480000741207441 0.030319430992195806 0.00444093660775401
v -0.006480000741207441 0.032938125600662185 0.005915709614252698
v -0.006480000741207441 0.03321499289358797 0.005246458435923724
v -0.006480000741207441 0.034485912898089555 0.0045382532949611734
v -0.006480000741207441 0.029778233870511043 0.004982132332454948
v -0.006480000741207441 0.03204884667595064 0.007051579001453913
v -0.006480000741207441 0.031465592890557295 0.0074809582781682265
v -0.006480000741207441 0.030814473630952407 0.00779812576047348
v -0.006480000741207441 0.03254511493518292 0.00652406440501107
v -0.0008142412773355356 0.04379436257509795 0.01138875230731032
v -0.0003714648384293579 0.04388629528664412 0.011411690781714466
v 7.999865708020171e-05 0.04390832292759445 0.011417186516081453
v -0.0012467004959300421 0.043662654940090466 0.011355888728491843
v 0.0014054077537358498 0.04366473737731205 0.011356408406474689
v 0.0005302356298953669 0.04387992131511257 0.01141010008279923
v 0.0009743257283620144 0.043796798914888496 0.011389360460935407
v 0.0018173112284624816 0.0434907998526017 0.011313006913004043
v -0.0031200013226936347 0.03786914695157838 0.009910284278594887
v -0.002429379085812004 0.04303268974088411 0.011198696383228773
v -0.001661019355689851 0.04348899681214508 0.01131255615288989
v -0.0031199978302340723 0.04246924704877233 0.011058093686547152
v 0.0032799985786463788 0.03786914695157838 0.009910284278594887
v 0.0025879977515602523 0.043034388473215134 0.01119912199763408
v 0.0032799950861868163 0.04246924704877233 0.011058093686547152
v 0.0032799985786463788 0.03786914695157838 0.009910284278594887
v 0.0032799985786463788 0.035822625252806585 0.009910284278594887
v -0.0031200013226936347 0.035822625252806585 0.009910284278594887
v -0.0031200013226936347 0.03786914695157838 0.009910284278594887
v 0.0032799985786463788 0.025131314326088297 0.009644091804736103
v 0.0032799985786463788 0.021572123640600932 0.00943713051372869
v -0.0031200013226936347 0.021572123640600932 0.00943713051372869
v -0.0031200013226936347 0.025131314326088297 0.009644091804736103
v -0.0031200013226936347 0.03225754115822342 0.009880701749119722
v -0.0031200013226936347 0.02869344799083336 0.009791962542597179
v 0.0032799985786463788 0.03225754115822342 0.009880701749119722
v 0.0032799985786463788 0.02869344799083336 0.009791962542597179
v 7.999865708020171e-05 0.014752136151970479 0.010410157687417841
v -0.00037609595622407644 0.014778834375508589 0.010406348578188732
v -0.0008230738821911698 0.014865531191679193 0.010393979683403451
v 0.0014132191052078546 0.015001608592090829 0.010374564402205593
v -0.0012530671332965076 0.015001455855192644 0.01037458675394679
v 0.0005359055797868444 0.014780995975146916 0.010406039379102163
v 0.0009821579763837325 0.014865299292364267 0.010394011348370149
v -0.0031200013226936347 0.021572123640600932 0.00943713051372869
v -0.0016666803998094451 0.015183654210920647 0.01034859074761131
v -0.002434478775264643 0.015659052463132112 0.010280764388946869
v -0.0031200150597012455 0.016243405209134348 0.010197453861567719
v 0.0032799985786463788 0.021572123640600932 0.00943713051372869
v 0.002594971261983299 0.015658471317860974 0.01028085565855676
v 0.0018287444933310646 0.01518469356688634 0.010348443598648423
v 0.0032800123156539896 0.016243405209134348 0.010197453861567719
v 0.006639998695652098 0.029778233870511043 0.004982132332454948
v 0.008159997656496694 0.029778233870511043 0.004982132332454948
v 0.006639998695652098 0.030319430992195806 0.00444093660775401
v 0.008159997656496694 0.030319430992195806 0.00444093660775401
v 0.008159997656496694 0.030102656355480054 0.004765360024045568
v 0.006639998695652098 0.030102656355480054 0.004765360024045568
v 0.006639998695652098 0.030395551709489696 0.004058253378030629
v 0.008159997656496694 0.030395551709489696 0.004058253378030629
v 0.006639998695652098 0.030102656355480054 0.0033511462663544152
v 0.008159997656496694 0.030102656355480054 0.0033511462663544152
v 0.008159997656496694 0.030319430992195806 0.0036755694498153365
v 0.008159997656496694 0.029778233870511043 0.0031343737251143975
v 0.006639998695652098 0.029778233870511043 0.0031343737251143975
v 0.006639998695652098 0.030319430992195806 0.0036755694498153365
v -0.006480000741207441 0.029778233870511043 0.0031343737251143975
v -0.008000001099035862 0.029778233870511043 0.0031343737251143975
v -0.006480000741207441 0.030319430992195806 0.0036755694498153365
v -0.008000001099035862 0.030319430992195806 0.0036755694498153365
v -0.008000001099035862 0.030102656355480054 0.0033511462663544152
v -0.006480000741207441 0.030102656355480054 0.0033511462663544152
v -0.006480000741207441 0.030395551709489696 0.004058253378030629
v -0.008000001099035862 0.030395551709489696 0.004058253378030629
v -0.006480000741207441 0.030102656355480054 0.004765360024045568
v -0.008000001099035862 0.030102656355480054 0.004765360024045568
v -0.008000001099035862 0.030319430992195806 0.00444093660775401
v -0.008000001099035862 0.029778233870511043 0.004982132332454948
v -0.006480000741207441 0.029778233870511043 0.004982132332454948
v -0.006480000741207441 0.030319430992195806 0.00444093660775401
v 0.008159997656496694 0.028688443063450177 0.004765360024045568
v 0.008159997656496694 0.029012865548419184 0.004982132332454948
v 0.008159997656496694 0.02806218080270224 0.006053780044921129
v 0.008159997656496694 0.02769849375902926 0.005755309328466482
v 0.008159997656496694 0.02892733288543596 0.006412138060963556
v 0.008159997656496694 0.02847710921307096 0.00627556426563282
v 0.008159997656496694 0.029395551572110212 0.005058253049748837
v 0.008159997656496694 0.02740002350823589 0.005391621353470953
v 0.008159997656496694 0.02847167215202462 0.00444093660775401
v 0.008159997656496694 0.02717823835620165 0.004976692943102231
v 0.008159997656496694 0.027041665492193463 0.004526469736398507
v 0.008159997656496694 0.028395551434730732 0.004058253378030629
v 0.008159997656496694 0.026995550124812393 0.004058253378030629
v 0.008159997656496694 0.027041665492193463 0.0035900363211708386
v 0.008159997656496694 0.030728918616227986 0.006053780044921129
v 0.008159997656496694 0.030313990205859266 0.00627556426563282
v 0.008159997656496694 0.029778233870511043 0.004982132332454948
v 0.008159997656496694 0.029863766533494266 0.006412138060963556
v 0.008159997656496694 0.030102656355480054 0.004765360024045568
v 0.008159997656496694 0.031092607522546067 0.005755309328466482
v 0.008159997656496694 0.03139107591069434 0.005391621353470953
v 0.008159997656496694 0.029395551572110212 0.006458252962683348
v 0.008159997656496694 0.030319430992195806 0.00444093660775401
v 0.008159997656496694 0.03161285733743838 0.004976692943102231
v 0.008159997656496694 0.031749433926736764 0.004526469736398507
v 0.008159997656496694 0.030395551709489696 0.004058253378030629
v 0.008159997656496694 0.02847167215202462 0.0036755694498153365
v 0.008159997656496694 0.02717823835620165 0.003139812881636477
v 0.008159997656496694 0.028688443063450177 0.0033511462663544152
v 0.008159997656496694 0.02740002350823589 0.0027248844712677556
v 0.008159997656496694 0.02806218080270224 0.0020627260126482166
v 0.008159997656496694 0.029012865548419184 0.0031343737251143975
v 0.008159997656496694 0.02892733288543596 0.0017043683458517465
v 0.008159997656496694 0.029395551572110212 0.003058253007820509
v 0.008159997656496694 0.02769849375902926 0.0023611967291028635
v 0.008159997656496694 0.02847710921307096 0.0018409421411824819
v 0.008159997656496694 0.029395551572110212 0.0016582530948859977
v 0.008159997656496694 0.029863766533494266 0.0017043683458517465
v 0.008159997656496694 0.03161285733743838 0.003139812881636477
v 0.008159997656496694 0.030319430992195806 0.0036755694498153365
v 0.008159997656496694 0.03139107591069434 0.0027248844712677556
v 0.008159997656496694 0.031749433926736764 0.0035900363211708386
v 0.008159997656496694 0.031795549294117834 0.004058253378030629
v 0.008159997656496694 0.030102656355480054 0.0033511462663544152
v 0.008159997656496694 0.029778233870511043 0.0031343737251143975
v 0.008159997656496694 0.030313990205859266 0.0018409421411824819
v 0.008159997656496694 0.030728918616227986 0.0020627260126482166
v 0.008159997656496694 0.031092607522546067 0.0023611967291028635
v -0.008000001099035862 0.028688443063450177 0.0033511462663544152
v -0.008000001099035862 0.029012865548419184 0.0031343737251143975
v -0.008000001099035862 0.02806218080270224 0.0020627260126482166
v -0.008000001099035862 0.02769849375902926 0.0023611967291028635
v -0.008000001099035862 0.02892733288543596 0.0017043683458517465
v -0.008000001099035862 0.02847710921307096 0.0018409421411824819
v -0.008000001099035862 0.029395551572110212 0.003058253007820509
v -0.008000001099035862 0.02740002350823589 0.0027248844712677556
v -0.008000001099035862 0.02847167215202462 0.0036755694498153365
v -0.008000001099035862 0.02717823835620165 0.003139812881636477
v -0.008000001099035862 0.027041665492193463 0.0035900363211708386
v -0.008000001099035862 0.028395551434730732 0.004058253378030629
v -0.008000001099035862 0.026995550124812393 0.004058253378030629
v -0.008000001099035862 0.027041665492193463 0.004526469736398507
v -0.008000001099035862 0.030728918616227986 0.0020627260126482166
v -0.008000001099035862 0.030313990205859266 0.0018409421411824819
v -0.008000001099035862 0.029778233870511043 0.0031343737251143975
v -0.008000001099035862 0.029863766533494266 0.0017043683458517465
v -0.008000001099035862 0.030102656355480054 0.0033511462663544152
v -0.008000001099035862 0.031092607522546067 0.0023611967291028635
v -0.008000001099035862 0.03139107591069434 0.0027248844712677556
v -0.008000001099035862 0.029395551572110212 0.0016582530948859977
v -0.008000001099035862 0.030319430992195806 0.0036755694498153365
v -0.008000001099035862 0.03161285733743838 0.003139812881636477
v -0.008000001099035862 0.031749433926736764 0.0035900363211708386
v -0.008000001099035862 0.030395551709489696 0.004058253378030629
v -0.008000001099035862 0.02847167215202462 0.00444093660775401
v -0.008000001099035862 0.02717823835620165 0.004976692943102231
v -0.008000001099035862 0.028688443063450177 0.004765360024045568
v -0.008000001099035862 0.02740002350823589 0.005391621353470953
v -0.008000001099035862 0.02806218080270224 0.006053780044921129
v -0.008000001099035862 0.029012865548419184 0.004982132332454948
v -0.008000001099035862 0.02892733288543596 0.006412138060963556
v -0.008000001099035862 0.029395551572110212 0.005058253049748837
v -0.008000001099035862 0.02769849375902926 0.005755309328466482
v -0.008000001099035862 0.02847710921307096 0.00627556426563282
v -0.008000001099035862 0.029395551572110212 0.006458252962683348
v -0.008000001099035862 0.029863766533494266 0.006412138060963556
v -0.008000001099035862 0.03161285733743838 0.004976692943102231
v -0.008000001099035862 0.030319430992195806 0.00444093660775401
v -0.008000001099035862 0.03139107591069434 0.005391621353470953
v -0.008000001099035862 0.031749433926736764 0.004526469736398507
v -0.008000001099035862 0.031795549294117834 0.004058253378030629
v -0.008000001099035862 0.030102656355480054 0.004765360024045568
v -0.008000001099035862 0.029778233870511043 0.004982132332454948
v -0.008000001099035862 0.030313990205859266 0.00627556426563282
v -0.008000001099035862 0.030728918616227986 0.006053780044921129
v -0.008000001099035862 0.031092607522546067 0.005755309328466482
v 0.009259801112291586 0.031088535780357883 0.005759369894784066
v 0.009182146506758004 0.03072742850014814 0.0060544207948354635
v 0.008159997656496694 0.031092607522546067 0.005755309328466482
v 0.008159997656496694 0.030313990205859266 0.00627556426563282
v 0.009116403516637702 0.030315066814726954 0.006275117696470141
v 0.009069741462919839 0.02986429738734771 0.006412031890192867
v 0.008159997656496694 0.030728918616227986 0.006053780044921129
v 0.008159997656496694 0.031749433926736764 0.004526469736398507
v 0.009487943472051475 0.031746319584129885 0.004541850528310179
v 0.009419943887392753 0.03160724332510756 0.004990135652787552
v 0.009341865530098964 0.03138589403202667 0.0053993476053449604
v 0.008159997656496694 0.03161285733743838 0.004976692943102231
v 0.008159997656496694 0.03139107591069434 0.005391621353470953
v 0.008159997656496694 0.031795549294117834 0.004058253378030629
v 0.008159997656496694 0.029863766533494266 0.006412138060963556
v 0.009539885193304745 0.03179548968947464 0.00407486025607925
v 0.008159997656496694 0.031749433926736764 0.0035900363211708386
v 0.00958699241920146 0.03161745807083491 0.003150998996783379
v 0.009573049589306841 0.03175236200483367 0.003605020835337526
v 0.009584011255719217 0.03139722636481391 0.0027341378592929686
v 0.008159997656496694 0.03139107591069434 0.0027248844712677556
v 0.009568648158935994 0.031097953313982518 0.0023665611469903132
v 0.008159997656496694 0.03161285733743838 0.003139812881636477
v 0.009547088041905705 0.030734502826237214 0.0020664694636375576
v 0.008159997656496694 0.031092607522546067 0.0023611967291028635
v 0.008159997656496694 0.029863766533494266 0.0017043683458517465
v 0.009509787642459484 0.029865953278841444 0.0017051188754116508
v 0.009525529787520517 0.030317765787476577 0.0018425097898646084
v 0.008159997656496694 0.030728918616227986 0.0020627260126482166
v 0.008159997656496694 0.030313990205859266 0.0018409421411824819
v -0.009387080308574275 0.03073356032781671 0.0020662049680333847
v -0.009365535092704786 0.030317808628313875 0.0018425280670696504
v -0.008000001099035862 0.030728918616227986 0.0020627260126482166
v -0.008000001099035862 0.029863766533494266 0.0017043683458517465
v -0.009349630897520068 0.029864649427271576 0.0017045440165677223
v -0.008000001099035862 0.030313990205859266 0.0018409421411824819
v -0.00942699679306318 0.03161741336735251 0.003150885142601653
v -0.009424010041645635 0.03139709970494712 0.0027339446098638633
v -0.008000001099035862 0.03161285733743838 0.003139812881636477
v -0.008000001099035862 0.031092607522546067 0.0023611967291028635
v -0.009408650670152612 0.03109792723695112 0.002366534604297641
v -0.008000001099035862 0.03139107591069434 0.0027248844712677556
v -0.008000001099035862 0.031749433926736764 0.0035900363211708386
v -0.00941304837523326 0.03175238435657486 0.0036051316627209646
v -0.008000001099035862 0.031795549294117834 0.004058253378030629
v -0.009379971523550855 0.031795497140055036 0.004073954079238193
v -0.008000001099035862 0.031749433926736764 0.004526469736398507
v -0.00932788358465725 0.03174641644167508 0.004541869620422452
v -0.009260157808828199 0.031607757415155105 0.004988909566650603
v -0.008000001099035862 0.03161285733743838 0.004976692943102231
v -0.00918209528401776 0.03138661673832539 0.005398269133832171
v -0.009100011308436833 0.031089373970652798 0.005758534032795527
v -0.008000001099035862 0.03139107591069434 0.005391621353470953
v -0.008000001099035862 0.030313990205859266 0.00627556426563282
v -0.008909989843289633 0.02986532184215261 0.006411496845387946
v -0.008956458181917114 0.030315457970197916 0.0062749551806851826
v -0.008000001099035862 0.030728918616227986 0.006053780044921129
v -0.009022423758126844 0.03072936937634214 0.006053478762076236
v -0.008000001099035862 0.031092607522546067 0.005755309328466482
v -0.008000001099035862 0.029863766533494266 0.006412138060963556
v -0.005933329305574339 0.01946587063876847 -0.0031920030331799337
v -0.006339655089549593 0.017138497449202397 -0.002591948421816947
v -0.006992496830210525 0.01946587063876847 -0.0031920030331799337
v -0.007333289637300479 0.0171365230453966 -0.0025914396868740616
v -0.006631791415681065 0.014795328097867396 -0.0019878211369432283
v -0.007570416465699296 0.014795328097867396 -0.0019878211369432283
v 0.007152494784655182 0.01946587063876847 -0.0031920030331799337
v 0.006499652578332974 0.017138497449202397 -0.002591948421816947
v 0.006093327260018995 0.01946587063876847 -0.0031920030331799337
v 0.007493287126083861 0.0171365230453966 -0.0025914396868740616
v 0.007730413954482677 0.014795328097867396 -0.0019878211369432283
v 0.006791788904464446 0.014795328097867396 -0.0019878211369432283
v -0.006340185943403039 0.020464065873046236 -0.003962508763287704
v -0.0060051417247523695 0.020602289040612853 -0.004292902422785425
v -0.00515517951280759 0.02047154253047687 -0.003975109091726636
v -0.006630830756470838 0.0202334517832389 -0.003646792281515202
v -0.005495224933551246 0.020247810914313328 -0.0036623062525515102
v -0.004770582880905432 0.020602289040612853 -0.004292902422785425
v -0.005767618152947294 0.01991150289096244 -0.0033831488374755064
v -0.006938731579404543 0.019691898896340074 -0.003268552857338691
v -0.006858188011321158 0.01989735610142939 -0.00337402583460728
v -0.005866243813998348 0.01970160141466498 -0.003272977105112012
v 0.006498068398675587 0.02046528404294151 -0.003964698768263804
v 0.005654693896787557 0.02024827843823338 -0.00366282010976842
v 0.005313560225644338 0.020471872218659537 -0.003976686752126174
v 0.0061651387478744765 0.020602289040612853 -0.004292902422785425
v 0.004930580369688813 0.020602289040612853 -0.004292902422785425
v 0.00678990018233324 0.0202344445730771 -0.0036478525922382684
v 0.005927209119437642 0.019913315244644552 -0.003383852684492597
v 0.0070982252226884255 0.019693120791525548 -0.0032692085084138236
v 0.006026059694884498 0.019702514110763885 -0.0032732993427142787
v 0.007017460931160713 0.019898868569250435 -0.0033749464469478604
v -0.0016013613942799853 0.020602289040612853 -0.00671472429176623
v -0.000771604574301339 0.020602289040612853 -0.006863145906915575
v 4.149574196109593e-05 0.020602289040612853 -0.006115493202367996
v -0.0024093393528444355 0.020602289040612853 -0.006482256870084586
v -0.0007142483183659028 0.020602289040612853 -0.006063537511276478
v -0.0018100297995213724 0.020602289040612853 -0.0058324409963882926
v -0.0031969166909532293 0.020602289040612853 -0.006171057302679119
v -0.00395757368509576 0.020602289040612853 -0.0057882683678463255
v 0.000923795484640784 0.020602289040612853 -0.006864389222519697
v 0.0017532259924810077 0.020602289040612853 -0.00671662651807441
v 0.002569124965747714 0.020602289040612853 -0.0064819849239000134
v 0.0008027064401013536 0.020602289040612853 -0.0060723822815329205
v 7.999865708020171e-05 0.020602289040612853 -0.006916163771375259
v 0.003358985208256961 0.020602289040612853 -0.006170126911451765
v 0.0015479931197108995 0.020602289040612853 -0.005942648584669958
v 0.004112270551586361 0.020602289040612853 -0.00579138783272723
v 0.002277906923650448 0.020602289040612853 -0.005735654231712024
v -0.002862614969205472 0.020602289040612853 -0.005443719071251332
v -0.004678255754259381 0.020602289040612853 -0.0053458412622078505
v -0.0038479139473040756 0.020602289040612853 -0.004927265327072429
v -0.004770582880905432 0.020602289040612853 -0.004292902422785425
v -0.0060051417247523695 0.020602289040612853 -0.004292902422785425
v -0.005360685612330777 0.020602289040612853 -0.004847250284536115
v 0.004831823392158222 0.020602289040612853 -0.005350154682597733
v 0.0029875467670011265 0.020602289040612853 -0.0054593252432200805
v 0.005518125689392121 0.020602289040612853 -0.004849108738684449
v 0.003665081593750225 0.020602289040612853 -0.0051241138521717034
v 0.004930580369688813 0.020602289040612853 -0.004292902422785425
v 0.004312428997027996 0.020602289040612853 -0.004734712992895863
v 0.0061651387478744765 0.020602289040612853 -0.004292902422785425
v 7.999865708020171e-05 0.011795550271818375 0.010858252356433758
v 0.000837539591489901 0.011795550271818375 0.010841611485112066
v 7.999865708020171e-05 0.01612488882672371 0.011364727910812986
v 0.0012712948618279183 0.011795552134463474 0.010816258091336017
v 0.0008697698709744437 0.0161249800963336 0.011342727278216594
v 0.001655239567945144 0.016125242729292673 0.01127726368486126
v 0.001724654762879721 0.020465451681000495 0.01166531040114954
v 7.999865708020171e-05 0.02046482210695676 0.011770494901258297
v 0.0032404513635485117 0.016126192678293575 0.011018174408090598
v 0.002443208294355535 0.016125652511214634 0.011169148312687956
v 0.0024513655157395106 0.011796028971609026 0.010691575422322463
v 0.0015755318618502984 0.011795675069040062 0.010784113493526067
v 0.0015847511401871212 0.011795678794330262 0.010783138398816316
v 0.0023222951533627178 0.011795976817546232 0.010705212778420714
v 0.002340733942867001 0.011795984268126631 0.010703264451646313
v 0.002553176299911238 0.02046618370052472 0.011535847253487327
v 0.0048869949400145605 0.016127576623602733 0.010568956564079496
v 0.004197780862828386 0.011800705142132096 0.010332936146869965
v 0.004486528106200756 0.011802079774215754 0.010257024045827255
v 0.004630902193548215 0.011802768021580133 0.01021906706398335
v 0.004703089004391307 0.011803110748278499 0.010200088573061398
v 0.0040532572982116665 0.01612684087878831 0.010821496780679231
v 0.0037646595321085565 0.011798642262684058 0.01044680709240168
v 0.0038368461101210114 0.011798984989382422 0.010427827670157177
v 0.0047752758152344 0.011803455337621964 0.010181111013461995
v 0.005322764486405044 0.011809882394538854 0.009945976283997423
v 0.006494670002690986 0.016129230652451365 0.00962258011647841
v 0.006193187389109948 0.011834038107515725 0.009372858081914685
v 0.006312229037438733 0.011838415323500277 0.009281915366239069
v 0.00583606290978487 0.011820906459562073 0.009645688091586639
v 0.005719251313301832 0.016128379423640753 0.010176201080978898
v 0.005579414163756232 0.01181539396138919 0.009795833119114581
v 0.0033280555207133595 0.011797472521561377 0.010536465514280979
v 0.003181940558689491 0.011797232240343502 0.010562318096943777
v 0.006736345410423536 0.011864054633299145 0.008865928042131105
v 0.007161443863037214 0.016130107958293376 0.008931696177960257
v 0.0009010968257932383 0.02046498601972554 0.01174397456032722
v 7.999865708020171e-05 0.02481300876762706 0.012075362406646962
v 0.003389186368735899 0.02046714482539622 0.011356533203696376
v 0.0026556092075463015 0.02481477641782678 0.01180866888125633
v 0.0017905865786470177 0.024813824606180777 0.011955705154112692
v 0.0009315194082084164 0.024813221109168438 0.01204516613561141
v 0.001853030707880241 0.029168010846717562 0.012148263541885833
v 7.999865708020171e-05 0.029167101875908857 0.012279139505856252
v 0.0035250637676299433 0.02481602625268875 0.011605977704140229
v 0.004235145989191827 0.0204683015280032 0.011127076747818572
v 0.004397784708726737 0.024817527544639197 0.011349698227502628
v 0.0036480674949166585 0.029170449049153214 0.011766338408718074
v 0.002750497704035227 0.029169063241198955 0.011987438107355586
v 0.005092304064818443 0.020469610967508368 0.010840241509641158
v 0.003909033153794741 0.011799329578725887 0.010408850110557775
v 0.0059339146417969535 0.020471043341590122 0.010417355879406053
v 0.0067118953995208945 0.020472561397346465 0.009841460473479498
v 0.005271103093239295 0.024819230002260422 0.011035337751362787
v 0.006114142784670634 0.02482109264736023 0.010589708293136466
v 0.005423358963326595 0.029174002976003647 0.01115410093424915
v 0.006886293463232174 0.024823059600585628 0.009999359692557946
v 0.0075522840813139315 0.02482509174638952 0.009283666252632888
v 0.0073826036319791935 0.020474124156585203 0.009134139623278081
v 0.007017811574100753 0.029178247944186112 0.010096163221040112
v 0.006259891038440478 0.029176064924129136 0.010693128868335703
v 0.0045411487767688255 0.029172112391227342 0.011489207551510661
v 0.007107180820328306 0.011899844427569422 0.00840075012358229
v 0.007419731736753684 0.011947645488765818 0.007891762792285971
v 0.007682088558690687 0.016130990852070686 0.008146527938457427
v 0.007913222326480868 0.020475698091694545 0.008331974747239498
v 0.008065750608414015 0.016131860707332295 0.007321717488956643
v 0.007901164493427256 0.012079409003126295 0.006810237007194229
v 0.008380446360671822 0.01613269330969191 0.006487135137600985
v 0.007660448813582382 0.012013528177268607 0.007350999666909462
v 0.008311798575518368 0.020477249675062682 0.007483462138843645
v 0.007780806886335456 0.012046469055858726 0.007080618104221208
v 0.008641722382789662 0.02047873606585233 0.006621623701742484
v 0.006921763348206559 0.01188194906477301 0.008633339548517973
v 0.0086316007693173 0.01613347375798873 0.005645644235570136
v 0.008273793164901868 0.012259320030671735 0.00569214191085794
v 0.00840531639804447 0.012373367927487932 0.005126500366205834
v 0.008536840562509624 0.012487414892981578 0.004560858821553729
v 0.008820056681258112 0.016134177837836456 0.004798776342797414
v 0.008946032025970933 0.016134785060138997 0.003947710513630998
v 0.008906451748922546 0.020480125599096788 0.005751126293233586
v 0.008693305544861219 0.012765780683890162 0.003418983800889454
v 0.009008910267927732 0.016135276798445345 0.003093407872942389
v 0.009237857290370738 0.02048246321869705 0.003997293660526635
v 0.008615073519346697 0.012626597322774595 0.003989920845560316
v 0.009105439987580226 0.02048137915924896 0.0048753091703196355
v 0.009302486418721357 0.02048333866189396 0.0031200525454338794
v 0.008084160992580526 0.02482713879335421 0.008472627735338814
v 0.008489076754215225 0.024829150450062003 0.007608405578171174
v 0.00882599945044905 0.024831082013030505 0.006726983290490623
v 0.009096612912452232 0.02483288691613222 0.005834645436863916
v 0.00859750039415255 0.02918500003267292 0.00769647842340926
v 0.008933177912137153 0.0291871420745377 0.006803159887137505
v 0.009083996285868676 0.028474438179997837 0.006274455526137159
v 0.009137473758006739 0.028060161695414046 0.006052416588708069
v 0.00819483005118567 0.02918276858384335 0.008568404946370987
v 0.007670420018462933 0.029180501744756882 0.009380177345834384
v 0.009299191399539794 0.024834518593239655 0.004936350844208021
v 0.009432054805831709 0.02483592302764491 0.004036974054749138
v 0.009283757522242777 0.027402962762203387 0.005396011607971203
v 0.009432028728800312 0.02704435328907249 0.004539783457910666
v 0.009493589149348995 0.024837062966445993 0.0031413116124499106
v 0.009530889548795218 0.027039197487436217 0.003604453427073997
v 0.00949003429117601 0.02699559296564969 0.004072548247849112
v 0.009206675680077388 0.02769840062677427 0.005755214799227667
v 0.009361558345416694 0.02718151288628711 0.00498455283976215
v 0.00955376469326597 0.027173022949922184 0.003152510998943149
v 0.009052803499704727 0.028924281872762473 0.006411528510354644
v 7.999865708020171e-05 0.033524754498976385 0.01238166973669778
v 0.0009610363376514719 0.029167338431836533 0.012246113876914091
v 0.0009896469738381515 0.03352498546696876 0.012346658528079223
v 0.001911984123781104 0.033525641118043896 0.012242830964925677
v 0.0028378350372895273 0.03352666929813899 0.012072006851499657
v 7.999865708020171e-05 0.037883615978713696 0.01238294006065585
v 0.0010173518406373899 0.037883809693804074 0.01234678984455876
v 0.0019674493874866183 0.03788435731146342 0.01223939811000673
v 7.999865708020171e-05 0.042241330069069515 0.012282981211374607
v 0.002917627493736414 0.03788522157878973 0.012062363937817946
v 0.0020194311556095343 0.04224179573034447 0.012137991985482936
v 0.0037581856762335334 0.03352802157848145 0.011837477481692523
v 0.004665222360834743 0.03352964580500849 0.011545472472040588
v 0.0063711296007848885 0.03353350520565529 0.010727509571587975
v 0.007106411547902086 0.03353563607164947 0.010131773270058257
v 0.005549048857677872 0.03353148982365729 0.011196409055046208
v 0.0038554287889592544 0.037886354067010415 0.01181938467851553
v 0.004770019896424014 0.03788771379793327 0.011518484607189457
v 0.005648191868405399 0.03788925979336611 0.011162256525818664
v 0.0064478850143965365 0.037890947349826544 0.010692842952312882
v 0.0071521259809254195 0.03789273548912236 0.010106185182999633
v 0.007736964877298705 0.03353783399286724 0.00942359094649818
v 0.002989883920940112 0.04224233589742341 0.011958537305986951
v 0.0010441522768253522 0.0422414530036461 0.012246537628674297
v 0.000982722590679612 0.04659099008201377 0.012052315898827028
v 0.003939812898407808 0.04224305115314174 0.011712085144895941
v 0.0027832129697376324 0.04655492554759127 0.011818973965271023
v 0.0018869051209113212 0.04657740394865576 0.011964432577727845
v 7.999865708020171e-05 0.0465955461119279 0.012081822059853099
v 0.0036649039439738307 0.046523603307592885 0.011616304208573569
v 0.004532973161764489 0.04648357133910779 0.0113572931628971
v 0.004855564666600386 0.04224390424459745 0.011408268171343567
v 0.005720821988782245 0.04224487282004935 0.011051664766985162
v 0.006490201051435269 0.04224593452775625 0.010589148568283973
v 0.007155008889878649 0.04224705584010633 0.010019415723670138
v 0.0053848254928243 0.046434974928453776 0.011042852593017965
v 0.006190541501745669 0.046372334173747205 0.010637554057815257
v 0.006910895745371724 0.0462875726458353 0.010089111246692236
v 0.007513294728423457 0.04618479561451805 0.009424108761835926
v 0.007751959636013442 0.03789457950777117 0.009413899604043874
v 0.007715468555863086 0.04224821440535841 0.009351118219632266
v 0.008245175485588403 0.03354004681524582 0.00861923373717712
v 0.008963190712630372 0.03354431599781458 0.006850107856878188
v 0.009047738036355796 0.029395551572110212 0.006458252962683348
v 0.008637008028042046 0.03354222611001259 0.007747622466898537
v 0.009069741462919839 0.02986429738734771 0.006412031890192867
v 0.008235244793238772 0.03789643097700038 0.008625109451144468
v 0.008607652741269057 0.03789826009448839 0.0077618339833488035
v 0.009116403516637702 0.030315066814726954 0.006275117696470141
v 0.009182146506758004 0.03072742850014814 0.0060544207948354635
v 0.008916097456571907 0.037900010980882214 0.006867823008761194
v 0.009259801112291586 0.031088535780357883 0.005759369894784066
v 0.009222478361104167 0.03354626804987918 0.005935638985498102
v 0.009341865530098964 0.03138589403202667 0.0053993476053449604
v 0.009411375719933631 0.033548037562723995 0.005011847575393474
v 0.009419943887392753 0.03160724332510756 0.004990135652787552
v 0.009487943472051475 0.031746319584129885 0.004541850528310179
v 0.009329797452497303 0.03790312532348909 0.0050262770213204185
v 0.009527116761145555 0.03354955748112544 0.0040865530106933
v 0.009539885193304745 0.03179548968947464 0.00407486025607925
v 0.009573049589306841 0.03175236200483367 0.003605020835337526
v 0.009158170539033264 0.03790164638327984 0.005953075206277413
v 0.00816511154861822 0.04224938042119089 0.008586045126788726
v 0.008509521146830727 0.042250527810572376 0.007739124148630659
v 0.008791995932829491 0.04225162677118126 0.006856314656012026
v 0.007987061303527491 0.04606622335275442 0.008656896421095255
v 0.008325398678714622 0.04593824845852695 0.007828862198587975
v 0.008594005140622758 0.04580642906481348 0.006975940709240875
v 0.009009164518983856 0.04225265495127636 0.00594847773250981
v 0.009156577046150378 0.04225358254853606 0.005025164090873282
v 0.008800696348090699 0.04567164061481091 0.006103805104366696
v 0.00942797002512783 0.03790439937273736 0.004096435274270336
v 0.00956789844428332 0.03355079055218151 0.003167634280169772
v 0.009451093832719406 0.037905435003412855 0.0031726885676481033
v 0.009231184364300673 0.04225438348592898 0.004096382654546266
v 0.008942621522793183 0.04553592084225844 0.005225650827513759
v 0.009020337595615059 0.045399567770372025 0.004343393609167219
v 0.00903329601757443 0.045262573948571284 0.0034569982919008158
v 0.009231802762473809 0.04225503168642371 0.003172339787353164
v 0.008717910155307143 0.012930317438781778 0.002846594824363291
v 0.009007327019592894 0.016135630701014307 0.0022367527114927213
v 0.008742515697075619 0.013094855124995943 0.0022742056150064902
v 0.008939107642812395 0.016135828141394887 0.0013787663408732838
v 0.008683972761588625 0.013468003474453403 0.0011513646153712067
v 0.008798882131763485 0.016135878432812584 0.0005202845648649569
v 0.009221731440419143 0.020484322138506657 0.0013795570337181528
v 0.00850550807796319 0.013883242946553792 5.312271464410164e-05
v 0.00856347638743689 0.016136066559967664 -0.00033826141419165425
v 0.008182166858474619 0.014331365555246207 -0.0010023951497318809
v 0.008815025676843528 0.02048478966242671 -0.000342336241385783
v 0.008594739954114633 0.013675624141826147 0.0006022436268088777
v 0.009069290702805686 0.02048441713340675 0.0005204612251111418
v 0.00929776647603844 0.020483970098582795 0.0022464894559213345
v 0.007730413954482677 0.014795328097867396 -0.0019878211369432283
v 0.008230590043134351 0.016136427913117025 -0.0011863762896510389
v 0.008002496112147057 0.02048654054882053 -0.0020411326008367703
v 0.007803884127799538 0.016136938277874373 -0.0020117880242731066
v 0.007493287126083861 0.0171365230453966 -0.0025914396868740616
v 0.007455995108540587 0.020487782933102102 -0.002850588335457281
v 0.007152494784655182 0.01946587063876847 -0.0031920030331799337
v 0.008457593395415706 0.020485521681950936 -0.0012006326259990196
v 0.0070982252226884255 0.019693120791525548 -0.0032692085084138236
v 0.00948223632746566 0.024837882530289908 0.002254099525307241
v 0.009396441031523364 0.02483833887833936 0.0013800330559564727
v 0.009536386214484754 0.028057269007574045 0.0020660170737089416
v 0.009559454142723337 0.027394022065724305 0.0027339117807439793
v 0.009551773525654275 0.02769340314997148 0.0023663041019665394
v 0.009519492954752037 0.028474028398075876 0.0018422206142128632
v 0.009507030927711766 0.028924281872762473 0.0017049774307993841
v 0.008961594425779837 0.024839001979994894 -0.00034259904896783415
v 0.008585478882678382 0.024840050649186086 -0.0012042438291862741
v 0.006826799181760454 0.02048918177957206 -0.003616678432525317
v 0.006894009470558132 0.02484530144572245 -0.0036421696620387513
v 0.0075431696931792915 0.024843297239595052 -0.0028671421281205576
v 0.008110183075947406 0.024841514688234537 -0.002050287734332968
v 0.009463101374355324 0.029195188701368873 0.00138019382551165
v 0.009231720806089418 0.024838467400851248 0.0005209580274838565
v 0.009286040193812593 0.02919533585033176 0.000521775321229057
v 0.008614125432990893 0.029197245061559064 -0.0011971989561728408
v 0.008126831397849497 0.02919901271175878 -0.0020392324700043278
v 0.009003052249088832 0.029195982188181393 -0.00033904584971314094
v 0.007017460931160713 0.019898868569250435 -0.0033749464469478604
v 0.0075492940702674635 0.029201164066849063 -0.002851847483544752
v 0.00678990018233324 0.0202344445730771 -0.0036478525922382684
v 0.006498068398675587 0.02046528404294151 -0.003964698768263804
v 0.004831823392158222 0.020602289040612853 -0.005350154682597733
v 0.004472046971872291 0.020602289040612853 -0.005570771490493119
v 0.00455591955241031 0.024851688455769693 -0.005595115330625071
v 0.003358985208256961 0.020602289040612853 -0.006170126911451765
v 0.0036846475163705298 0.024853616293447994 -0.006085807296089793
v 0.003735627647091023 0.020602289040612853 -0.005980756906428223
v 0.006172695964705676 0.024847434174361728 -0.004363072920307975
v 0.0061651387478744765 0.020602289040612853 -0.004292902422785425
v 0.006163407884915479 0.029206154093071448 -0.004339847132897183
v 0.004539992074161844 0.02921128568032142 -0.0055664608640708865
v 0.005389417844317878 0.024849592980032406 -0.005017643661282804
v 0.0058416326842945735 0.020602289040612853 -0.004571005115073662
v 0.003668578709925116 0.029213612124051085 -0.00605567761461656
v 0.004112270551586361 0.020602289040612853 -0.00579138783272723
v 0.005375702257125436 0.029208759933566083 -0.004991297012007283
v 0.0027880793628915204 0.024855285223457424 -0.006480079903624184
v 0.0019572006484861954 0.020602289040612853 -0.006657965770284854
v 0.0017532259924810077 0.020602289040612853 -0.00671662651807441
v 0.001879356285983071 0.024856596525607687 -0.006769531692505556
v 0.0013385107385608958 0.020602289040612853 -0.006790507404635778
v 0.000923795484640784 0.020602289040612853 -0.006864389222519697
v 0.0009721200073178845 0.0248574552049987 -0.0069477630798322415
v 7.999865708020171e-05 0.02350730200324145 -0.006992263533911775
v 7.999865708020171e-05 0.020602289040612853 -0.006916163771375259
v 0.002569124965747714 0.020602289040612853 -0.0064819849239000134
v 0.0021611754209067014 0.020602289040612853 -0.006599305488156574
v 0.0029640550870023374 0.020602289040612853 -0.006326055917675889
v 0.002766590259205663 0.020602289040612853 -0.006404020653618589
v 0.0018685135960264461 0.029217208891738816 -0.006738847874115129
v 7.999865708020171e-05 0.02641324442577485 -0.0070123130457661175
v 0.0009661288093543493 0.029218244522414307 -0.006917443874220103
v 0.002773786821379412 0.02921562750604908 -0.006449322510752315
v 0.006891406424031149 0.029203581780188614 -0.0036227229487048344
v 0.009509787642459484 0.029865953278841444 0.0017051188754116508
v 0.009503127754905116 0.029395551572110212 0.0016582530948859977
v 0.009525529787520517 0.030317765787476577 0.0018425097898646084
v 0.009421616542692381 0.03355217263484557 0.0013800387603070908
v 0.009547088041905705 0.030734502826237214 0.0020664694636375576
v 0.00958699241920146 0.03161745807083491 0.003150998996783379
v 0.009584011255719217 0.03139722636481391 0.0027341378592929686
v 0.009532772682991124 0.033551677171249024 0.002262924039298223
v 0.009568648158935994 0.031097953313982518 0.0023665611469903132
v 0.009398828942541319 0.03790618006145278 0.0022641345257824615
v 0.008939304151870425 0.03355299964926989 -0.0003316745772497958
v 0.00805235819014639 0.03355618104710036 -0.0020079556319802495
v 0.007474296062307485 0.03355843857296133 -0.002804687870754604
v 0.008543442708065896 0.03355432585258095 -0.0011794919533621453
v 0.009232151077107474 0.03355232164645356 0.0005229133391773808
v 0.009070138206326099 0.03790672022853172 0.0005243714992522343
v 0.008770433953154104 0.037907327450834256 -0.00032049175083564806
v 0.007886836095996975 0.03791016984725657 -0.0019564916791950807
v 0.007318239464894023 0.03791218522925456 -0.00272571707362737
v 0.008373508938997585 0.03790851209311774 -0.0011511410979592295
v 0.006818926712246111 0.03356097922087747 -0.0035583133796453564
v 0.009272071286886577 0.03790659356866494 0.0013795679767581142
v 0.00915890162723494 0.042255497347698665 0.0022632115851355062
v 0.009014597854739998 0.04225576184330283 0.0013787814748647197
v 0.008800135691915656 0.042255840074397026 0.0005261489865463863
v 0.008979853004370713 0.04512482016756982 0.002565697465933428
v 0.008858766171722338 0.04498785987338087 0.001679484804302125
v 0.008669570789676903 0.044853503557041464 0.0008101889765055828
v 0.00839995198015702 0.04472242549607772 -3.796769932918629e-05
v 0.008496570175451756 0.04225624613102879 -0.0003055062762425811
v 0.008104447991685094 0.042257032167260906 -0.0011121714192576222
v 0.007630378271091067 0.04225813485315999 -0.0018848886911754597
v 0.007081223463878646 0.04225947223234165 -0.0026150102964589556
v 0.008038937832202267 0.04459518448401957 -0.0008612482114351588
v 0.007597884427324902 0.04447475330244633 -0.0016404832278031835
v 0.007084752710681508 0.04436212287855109 -0.002369242424611488
v 0.006501279598827657 0.044257103222533664 -0.0030487411777876975
v 0.006676624817572189 0.03791445765627633 -0.0034490180218013223
v 0.006464588284329073 0.0422609809748725 -0.0032949425802821456
v 0.006096195733472701 0.033563680056272194 -0.004257738477268683
v 0.005316179570315944 0.03356641441927871 -0.004891956560899177
v 0.00448999728269915 0.03356906682590084 -0.005451141246312795
v 0.005971104679521013 0.03791686791903548 -0.004116848001919141
v 0.005210884242823749 0.03791931170940643 -0.004719747570841449
v 0.005788207366219306 0.04226258284965834 -0.003917314008247217
v 0.0044059598580697985 0.03792168099397339 -0.005249304557636232
v 0.005059874947969495 0.04226420707618537 -0.00447484047386073
v 0.0036292612986664383 0.03357151061627179 -0.005926282453500488
v 0.0027456043025273916 0.03357362658110517 -0.0063084003704360755
v 0.0018511362813984167 0.033575288060534204 -0.006589433469127587
v 7.999865708020171e-05 0.029319030386119865 -0.006976272725729916
v 7.999865708020171e-05 0.03222357768747351 -0.006884123016029622
v 0.0009584136169356222 0.03357637211998229 -0.006762790779889348
v 0.003566713443384219 0.03792386401403036 -0.005697790847784385
v 0.0027035422837141452 0.03792575273616157 -0.006057501144169273
v 0.0009489757688378688 0.03792820770240312 -0.00648401660404263
v 7.999865708020171e-05 0.03512580599567789 -0.006735928177921179
v 0.0018272294643730076 0.037927235401661014 -0.006321490574536258
v 0.004287923106772361 0.04226577914864961 -0.004961154292018351
v 0.005851019949936335 0.044160204699151405 -0.003675735923721132
v 0.0034809637822468685 0.04226723201182746 -0.005370436093767002
v 0.0043983737702395515 0.043997659111871486 -0.004727448677006608
v 0.005149387617869735 0.04407368110897509 -0.0042355473892108355
v 0.003598131842435883 0.04393257084150377 -0.005148585283492993
v 0.002758071684672325 0.04387981328169678 -0.0054899555105638875
v 0.0026476184600681216 0.04226848743462473 -0.005696883739620778
v 0.00179680129402253 0.04226947091123743 -0.005935297190122288
v 7.999865708020171e-05 0.03802463683922022 -0.006531776687046829
v 7.999865708020171e-05 0.04091899360923281 -0.006271756087726261
v 0.0009378174769521452 0.042270115386441966 -0.006081412384976794
v 0.001886050632471784 0.043840645580538 -0.005743384208876231
v 0.0009863999177679098 0.04381612199515392 -0.005902066670219148
v 7.999865708020171e-05 0.043807792246267574 -0.005955953924279168
v 0.005518125689392121 0.020602289040612853 -0.004849108738684449
v 0.005174974773605809 0.020602289040612853 -0.005099631710641091
v 0.005346549998668328 0.020602289040612853 -0.00497437022466277
v 0.0018613301887837144 0.011795790553036251 0.010753917222490516
v 0.001566312467098157 0.011795671343749863 0.010785086725590717
v 0.001713821386148595 0.011795731879715606 0.010769501974040616
v 0.001640066926623376 0.01179570114607146 0.010777294349815666
v 0.0016031896968607667 0.01179568624491066 0.010781191003364467
v 0.002156347910469272 0.011795909762322638 0.010722745856745214
v 0.0023038565966890722 0.011795970298288381 0.010707160173872564
v 0.002377611289044929 0.01179599916928743 0.010699367798097513
v 0.0030358255966656225 0.011796991959125628 0.010588169748284023
v 0.003620285444761097 0.011797954015319679 0.010484763142923036
v 0.003108882961262238 0.011797112099734565 0.01057524299129135
v 0.003072354395379249 0.011797052495091371 0.010581706369787686
v 0.0038729395155425576 0.011799158215376705 0.010418339356018751
v 0.00545108909225 0.01181263817796402 0.009870904235894727
v 0.0060741462064424386 0.011829660891531174 0.009463801728912853
v 0.008087478363503287 0.012169364516899015 0.006251189691856722
v -0.006339655089549593 0.017138497449202397 -0.002591948421816947
v -0.005933329305574339 0.01946587063876847 -0.0031920030331799337
v -0.006204109008652678 0.020422283018167325 -0.002929229444401849
v -0.005866243813998348 0.01970160141466498 -0.003272977105112012
v -0.005767618152947294 0.01991150289096244 -0.0033831488374755064
v -0.005547031147373505 0.02042211165481814 -0.0036189296719590738
v -0.00560282109340298 0.02476528034958956 -0.003650959717095387
v -0.005495224933551246 0.020247810914313328 -0.0036623062525515102
v -0.006281446964519291 0.02476476625954201 -0.00294810013473865
v -0.00515517951280759 0.02047154253047687 -0.003975109091726636
v -0.0007085474602073002 0.023524119825847623 -0.006139019341301132
v -0.0015453794793899114 0.024776147021101844 -0.005987615631346994
v -0.001262139029839808 0.020602289040612853 -0.0059479892538323855
v -0.0023363222679481034 0.020602289040612853 -0.005638080033819813
v -0.0023963949007233137 0.0247736622525387 -0.005711558123378347
v -0.002862614969205472 0.020602289040612853 -0.005443719071251332
v -0.0007066388310565899 0.024620126279606552 -0.0061462282434986675
v -0.0007072750407734934 0.024254790795020242 -0.006143825431319914
v -0.0018100297995213724 0.020602289040612853 -0.0058324409963882926
v -0.0015360844146805903 0.020602289040612853 -0.005890215125110339
v -0.001533401157998997 0.029116970645692603 -0.005959699237913609
v -0.0006993898819894087 0.02909533416021322 -0.006124619697695785
v -0.0006993548409784686 0.029118166463846677 -0.006124330056382765
v -0.0007034578988873913 0.026446801839893005 -0.00615824277005371
v -0.002381721681118932 0.029115853058632714 -0.0056833409127613425
v -0.0032425985276873163 0.02477100612062637 -0.005331516124406496
v -0.0032274421845101715 0.029114500778290253 -0.0053032961198218416
v -0.002357389948180129 0.033455862707314855 -0.005544078389229034
v -0.00406954752659332 0.02476856046761032 -0.004854488989055247
v -0.0038479139473040756 0.020602289040612853 -0.004927265327072429
v -0.004861341660377444 0.024766584201159424 -0.004290575979055764
v -0.004309248064858797 0.020602289040612853 -0.004610083874928927
v -0.004078580889666118 0.020602289040612853 -0.004768674601000678
v -0.004770582880905432 0.020602289040612853 -0.004292902422785425
v -0.0040561010916178 0.029113053503047704 -0.0048268026322916885
v -0.004851880354592964 0.029111645343352248 -0.004263992308191292
v -0.004010560350250023 0.033455881333765855 -0.004712216896702921
v -0.005599635504621032 0.029110412272296174 -0.0036260161052412967
v -0.0062866055601232115 0.029109464185940372 -0.002925232208017659
v -0.005537558665718427 0.03345455885574499 -0.0035439398130714065
v -0.004797065968934514 0.033455374694298705 -0.004165073280537018
v -0.0031923718369096955 0.03345604524653464 -0.005175024133700954
v -0.007066639418408417 0.016091914420521793 -0.0013996018889597458
v -0.006631791415681065 0.014795328097867396 -0.0019878211369432283
v -0.006602119013579834 0.016087626611502034 -0.002154588409341865
v -0.007108292353791618 0.014369951179811297 -0.0010881346827365014
v -0.007441419910634583 0.01609713541473656 -0.0006169737152964631
v -0.007463918800795174 0.01395302973918578 -0.00011912984748464322
v -0.007282041285685613 0.020426453480545795 -0.0014111952248915937
v -0.006785877800240203 0.02042377872218247 -0.0021884927411098608
v -0.007403119270769763 0.02476631039232975 -0.0014082758779435994
v -0.006885330475715572 0.024765107123595278 -0.0021954664843635455
v -0.007987723473860472 0.020433976704103924 0.0001935954736401182
v -0.007723240442542039 0.01610245326649651 0.0001801182759166215
v -0.007684281357634436 0.02043002417120213 -0.0006121464958973302
v -0.007825351112574834 0.02476829224671595 -0.0006021381545301011
v -0.007680814975103692 0.013560957846836814 0.000893489783205619
v -0.0064857232526153285 0.015966912307873622 -0.0022898848957954064
v -0.007908295630191874 0.01610685097157716 0.0009782619049115262
v -0.008187007873089023 0.020437666604046646 0.000989754425177347
v -0.008013644974391963 0.01610920349233822 0.001797310727457328
v -0.00777106758076983 0.013202549539376692 0.0019340209615416242
v -0.008051687637910459 0.016110069622309632 0.0026173660768489385
v -0.007759953177459271 0.012880819507899457 0.0029982395140272173
v -0.00830154843953412 0.02043998745984101 0.0018075719228968562
v -0.00835806016053977 0.024773703230730894 0.0010010988651577327
v -0.008482794983616121 0.024775943992785963 0.001818552797836823
v -0.008319066616697821 0.020441209355026482 0.0034732393930179614
v -0.008024860891860462 0.016109831203736855 0.003436525726778179
v -0.00834500301839011 0.020441069656643995 0.0026366546981800095
v -0.008534184430597296 0.024777290685193125 0.002655562408588169
v -0.007648690866389839 0.012603022755068864 0.004061907887716454
v -0.008145862974156795 0.02477084034521249 0.00020696930911249034
v -0.006900608822146754 0.029108910980345726 -0.0021749657467337743
v -0.007864518813733616 0.029109408306587377 -0.0005864273833974664
v -0.00816764474595396 0.02861062733911546 0.00013602198671991682
v -0.007429914351853063 0.029108860688928033 -0.0013902178829469087
v -0.006831873958334883 0.03345243171504101 -0.0021265060076639595
v -0.007362492187175282 0.03345143333726751 -0.001356481538483852
v -0.008137954183063007 0.029395551572110212 5.825313046493025e-05
v -0.00824346744003188 0.02785411403182809 0.00036718608070062986
v -0.007801715543242086 0.033450781411482576 -0.0005645644119154817
v -0.00834402792368036 0.02716339866269147 0.0007389918122870825
v -0.008442442640173861 0.026556118618155686 0.0012408732107352903
v -0.008513040614746817 0.02477792398452706 0.0035066552461085324
v -0.008477586096594505 0.02539576336413366 0.004099485821282548
v -0.008545520488674734 0.02546517297113294 0.0033151932578072674
v -0.00855803373845525 0.02568949504579312 0.0025532135528132343
v -0.008519404341730314 0.026057509014032955 0.0018542815904800817
v -0.00851155329263462 0.025430468167633297 0.0037073396559602263
v -0.008225349491146039 0.02044065242414164 0.004316047185134375
v -0.007935047870437879 0.01610880488628686 0.0042556299630157
v -0.006219758021458722 0.033453538126230295 -0.00286029411341111
v -0.0006950860658633223 0.03229064036164703 -0.006027683455750258
v -0.0015192437746719433 0.0334554380242321 -0.005812513953449262
v -0.0023241435957936404 0.037790066491220894 -0.005293922358357054
v -0.00069896909881983 0.029369321803814706 -0.0061211412079718915
v -0.0015033703131313721 0.03778787974587372 -0.00554630844107478
v -0.0006918627003104437 0.03520963620103989 -0.005877953332418297
v -0.003138301112307344 0.037792119126120884 -0.00494669597509236
v -0.00068764718520362 0.041036098106657794 -0.005410100189844882
v -0.000689362041056291 0.03812516752054711 -0.005672057008746701
v -0.0022829730854912905 0.042114793136859105 -0.004933084696025507
v -0.004697720395552383 0.037794514487719234 -0.00399353949932797
v -0.006081347658059575 0.037793978045930494 -0.0027529801442919975
v -0.0066794020214160045 0.03779274124958422 -0.0020498369742188143
v -0.005417232257932049 0.03779461134526443 -0.0034044069731689877
v -0.003066441195679268 0.04211913682523186 -0.004618312575318607
v -0.003933855693717344 0.03779365767097333 -0.004510566938197614
v -0.0038271985398265515 0.042122936621235466 -0.004221646468830963
v -0.005239439523526369 0.04212739579360441 -0.003207051575771927
v -0.005871888559973319 0.042127727344432174 -0.0026029899491379765
v -0.004554888112686291 0.04212577901765777 -0.003749046375220684
v -0.0069456582908694565 0.042125119641292445 -0.001241272864524518
v -0.007201012032892453 0.03779116172653958 -0.0013068701026657616
v -0.0064434994165090366 0.042126863077105864 -0.0019447676088602901
v -0.0022154044703425364 0.04399308818079656 -0.004757015373998424
v -0.0014863904404015147 0.04211057983364334 -0.005161429618439999
v -0.002947856826722487 0.0440364878116221 -0.004476206258380165
v -0.0006872142366332332 0.04248869306361433 -0.005251144850994843
v -0.0014564572679863113 0.04396095755282486 -0.004964926148345464
v 7.999865708020171e-05 0.04390832292759445 0.011417186516081453
v -0.00014573310522649296 0.04389731096976438 0.011414439114559234
v 7.999865708020171e-05 0.04647279407456029 0.011287570631521053
v -0.0006873224446720003 0.042125548049665396 -0.005290883452876716
v -0.0006873281490226184 0.042106590047839544 -0.005292957508195353
v -0.0036479345486226597 0.04409021767217119 -0.004128565902242039
v -0.004315800850319925 0.04415384935407086 -0.003716846130888376
v -0.005521190671903857 0.0443064595923884 -0.0027294158211343157
v -0.006052366297290374 0.044394458397483766 -0.0021599972978810725
v -0.004942530169326637 0.044226272720841626 -0.003248222318904915
v -0.006532067725343673 0.044489967387621565 -0.0015420426671089228
v -0.008158474944127601 0.03012098664590727 0.00012458528759943106
v -0.00814230625333871 0.03345077023561198 0.00023439859174844595
v -0.008220972275161487 0.030817800315100667 0.00031964299585055856
v -0.007637038624306709 0.037789597104655744 -0.0005363859093919577
v -0.007980520625259512 0.037788572649850846 0.0002488043326061122
v -0.008376523630091625 0.033451858020350264 0.0010232908845381305
v -0.00841274090141231 0.03204777751766335 0.0010639778056064427
v -0.008312489616850396 0.03146664714768378 0.0006361834652490886
v -0.00850404683288239 0.032541199655183116 0.0015874495308601507
v -0.00822387800151719 0.037788840870745216 0.0010341178584267257
v -0.008524920565193397 0.033453828698865866 0.0018426577537347245
v -0.008574357960109974 0.032935670634420634 0.002196120738454853
v -0.008385902979491712 0.03779066626294303 0.00185578451224499
v -0.008599813799366512 0.03345582172912266 0.002691967108572021
v -0.008609525630916916 0.03321307436913517 0.002863891812421391
v -0.008591942261174719 0.033074374364423 0.0025300063918534408
v -0.008476468509534619 0.037793054173960984 0.002709456647567314
v -0.008600463862506345 0.033366642007034014 0.0035782513656243482
v -0.008599984231393144 0.03345775142944606 0.0035628803525994505
v -0.008539965149664553 0.03634820782061965 0.003578252296946898
v -0.007370625427003598 0.04212299250058846 -0.0005018000241404099
v -0.007712202873341846 0.042121204361292644 0.0002638073568084789
v -0.007963464384080562 0.04212077967820989 0.0010447551917610967
v -0.007299444910175677 0.04469713822620271 -0.00020158588642425683
v -0.0069481640141899744 0.044590937653192005 -0.0008887230415645707
v -0.007583301778838499 0.04480877027232445 0.000520730668366361
v -0.007794079629655419 0.04492482051262295 0.0012716063892208615
v -0.008140434295013403 0.042122485861121314 0.0018696365381909935
v -0.00824940089599732 0.04212533198283382 0.002726550374478897
v -0.008431818112524551 0.03932819038587045 0.003578252762608173
v -0.008485891631094552 0.037838200965890155 0.0035782525297775353
v -0.007941832555213931 0.04504239067132288 0.0020323332325546356
v -0.008034600663087362 0.045161223703400484 0.002801235690892746
v -0.008072792338213843 0.04528131215827536 0.0035782529954388105
v -0.008276076767794233 0.04230607188744867 0.0035782529954388105
v -0.008353947440159392 0.040817132999304666 0.003578252762608173
v -0.007782968020312509 0.016107322220787413 0.005072420328377984
v -0.007438758656448231 0.01236937721036159 0.005117239760430859
v -0.007568475589505295 0.016105664466648583 0.005885612529068711
v -0.007127377481145534 0.012178044443064124 0.00616329892017714
v -0.008064795071477815 0.020439637282562245 0.005160630543692182
v -0.007837960288577991 0.020438370683894373 0.0060035407812890846
v -0.00835785526957879 0.0254801747147668 0.0048779848600055105
v -0.007545155272855688 0.020437018403551912 0.006842018854870993
v -0.007290710035980123 0.016104058866572547 0.006694570937447573
v -0.007186987246613442 0.02043577043133504 0.007670655177406786
v -0.006948616171287953 0.016102755015002683 0.007495845003467174
v -0.007726060952884424 0.024776089279103748 0.006960098912667001
v -0.00802586485756926 0.02477696472230066 0.006100276788886383
v -0.006714900311728162 0.012029005826725468 0.007185583277869462
v -0.008420570530089355 0.024777989177105556 0.0043685705173200605
v -0.006463366389143598 0.011970506663398321 0.007677241024818434
v -0.005771969757561722 0.011887742822355964 0.008547338430292147
v -0.00614668366022557 0.011923462767434998 0.008137228682796632
v -0.005997684625095285 0.016103691925487884 0.008841193046528193
v -0.0065404412463898635 0.016102997158865658 0.008206734216018549
v -0.005342574182702785 0.011861507466125156 0.008903276870349922
v -0.0067638124407265925 0.020435561815083863 0.008405584618938844
v -0.006210061556730391 0.020435518974246565 0.009060933945565394
v -0.0053436540511993995 0.016104699616486882 0.00936366313437948
v -0.005546904021845443 0.02043559348005056 0.009606824001579127
v -0.006931719651926312 0.024774766801082884 0.00855609658755145
v -0.004867619705686349 0.011843126884280243 0.009197249764549806
v -0.007360477736499839 0.024775133742167547 0.007807275073203741
v -0.008197628675448133 0.025712411168456066 0.005618537627093892
v -0.008257807013332757 0.024777631549246393 0.005234898394773035
v -0.008012929718673636 0.026079231181186924 0.006294772327563324
v -0.007821639792213467 0.02657005492879246 0.006889608505848559
v -0.007645623089910453 0.027166280174660874 0.007379450639486493
v -0.008417720683086648 0.02543796903945023 0.004488735806305304
v -0.0075047978071394045 0.0278550192773466 0.007749697919200999
v -0.006377050949557181 0.02477423780987454 0.009222485811684566
v -0.005715143249534204 0.02477357098292881 0.009782740586708024
v -0.0074196483833854675 0.028609906495461836 0.007980339017362281
v -0.006498386445326379 0.02911756482947944 0.009325913837464202
v -0.007044066022443833 0.029118296849003664 0.008658200272665121
v -0.006573796097853416 0.03346317172668651 0.00937135399599659
v -0.007402954892339705 0.029395551572110212 0.008058252530564736
v -0.005847873942362758 0.02911638950042146 0.009891471563086817
v -0.004624913323891055 0.016105930824897856 0.009744688609964029
v -0.004814302886688145 0.020435751804884043 0.010016895564850097
v -0.004358442850251124 0.011831130518514924 0.009422007698163343
v -0.0032712611433138128 0.01181849340283527 0.009704804721764371
v -0.003856848590186584 0.016108171586952925 0.009997043493376333
v -0.00216491817340413 0.011811455398325642 0.009897806419071268
v -0.0027772469174829444 0.01595122883613323 0.010239109125257294
v -0.002434478775264643 0.015659052463132112 0.010280764388946869
v -0.004022543677499643 0.020436675676853547 0.010302251862818263
v -0.004979052448782414 0.02477276259495549 0.01021381440480189
v -0.0031200150597012455 0.016243405209134348 0.010197453861567719
v -0.002948630988592095 0.01609731609131124 0.010218281959073781
v -0.003053161933101456 0.016111779530511256 0.01020017611738109
v -0.003120007376290209 0.01951348543545488 0.010483002011981166
v -0.0012530671332965076 0.015001455855192644 0.01037458675394679
v -0.0010458128249318317 0.011807806476575117 0.010014250608808367
v -0.0016666803998094451 0.015183654210920647 0.01034859074761131
v -0.0008230738821911698 0.014865531191679193 0.010393979683403451
v -0.00037609595622407644 0.014778834375508589 0.010406348578188732
v -0.0001480486641238522 0.014765484798078259 0.010408253132803287
v 7.999865708020171e-05 0.01180672148580448 0.010053291650100361
v -0.002050579703952363 0.015421353802687655 0.010314677568279088
v -0.005118370851667718 0.029114785762990526 0.010335368761370315
v -0.0031200050479838343 0.021150350009490414 0.010601493248682956
v -0.003187662604436104 0.020438763702010435 0.010538190323643403
v -0.003120002952508097 0.02278721644617104 0.010719984485384748
v -0.0041728535491189185 0.02477248133554542 0.010525165777782989
v -0.004306728837361306 0.02911346514761476 0.010665567308793832
v -0.005231574504592426 0.03345958427222427 0.010381501823879832
v -0.0034302611856462466 0.029113150360592893 0.01094866235561083
v -0.0033137145504286564 0.02477325805855204 0.01078776893453444
v -0.003120001555524272 0.026063950040788094 0.010907073215822299
v -0.003536393539280168 0.03345626876394661 0.011020672215169442
v -0.004423273144272521 0.03345744223035949 0.01072328416117906
v -0.0031200013226936347 0.0293430361561662 0.011042940137337656
v -0.005944641614926753 0.03346175984170085 0.009933103543712645
v -0.00815683674776232 0.033462292558199394 0.006228698717937805
v -0.008066084021886882 0.03254748049445967 0.006521042263336631
v -0.008242333089166096 0.032936270406142776 0.005919250036926159
v -0.008377195113650107 0.033461070663013924 0.005340218867974078
v -0.008396503292754725 0.033213610810923916 0.005250904569776968
v -0.008514692780950347 0.033366642007034014 0.0045382532949611734
v -0.00846710871790808 0.036384857225603494 0.004538252829299898
v -0.008303828317136285 0.03780146960452192 0.005371332491721285
v -0.008420013599204513 0.0378933166343935 0.004538252829299898
v -0.008100101509344692 0.03780401770301846 0.006260542498564137
v -0.007867212198547939 0.03346313819907471 0.00710681434490492
v -0.007827567660243607 0.03780616347017344 0.007135732375740727
v -0.007962187540864644 0.04214160777571595 0.006271507890266712
v -0.007707502954093753 0.03148220023426719 0.007470858550775788
v -0.007881694264198952 0.03205663253246784 0.007044660671891948
v -0.007453474484059271 0.030131540393042788 0.007989959579302795
v -0.007512767599860212 0.03346360013505946 0.007964910728000565
v -0.0075585639892679374 0.030831244887431088 0.007791721055297787
v -0.007491553469157214 0.037807817499022074 0.007986353498389564
v -0.007100733739976594 0.03346380502602044 0.008711953416277956
v -0.007101527692450387 0.03780878607447397 0.008717925987790493
v -0.00660298840318017 0.037808573732932595 0.009359234695654684
v -0.0060051603512033674 0.03780721400200973 0.009907844213514138
v -0.007714600563246575 0.04214539639584896 0.0071358511193658405
v -0.008372917549178396 0.0394017685926031 0.004538252829299898
v -0.008142163760988575 0.04213743172540218 0.00538862435750536
v -0.007840712346712958 0.04565929500308938 0.006023933951164342
v -0.007405433607306276 0.042148615046581434 0.007970459547752896
v -0.007967455101206902 0.04554496584686311 0.005284173739565929
v -0.008232286912820276 0.042416873193855904 0.004538251897977348
v -0.008045389103505456 0.04542967556576534 0.004538250035332248
v -0.0074530889165236106 0.04588349786846317 0.0074745908258945296
v -0.0070462304160498115 0.042150686307932415 0.008676817410437711
v -0.0065856625441230235 0.04215123392559176 0.009290053262680132
v -0.006029188938652177 0.04215023182252806 0.00981592733445132
v -0.007174809738612167 0.045991192282843915 0.008171419396248724
v -0.006803454185063274 0.04609180119526499 0.008822400820116223
v -0.00632038323202442 0.046180772301102464 0.009398080159211198
v -0.0057395252738907014 0.04625467833337268 0.009876261203201777
v -0.005378727658428801 0.04214765019641973 0.010247663322878166
v -0.0053184091565004156 0.03780471060699559 0.010352248051264784
v -0.00452220008816847 0.03780197624398907 0.010698308884358272
v -0.0031200013226936347 0.03262382659181064 0.011126490945934682
v -0.0036317951944940907 0.037800195555273655 0.011003807826435773
v -0.004603375558601965 0.04214456565613445 0.010590680593878566
v -0.0031200008570323595 0.03590562099316387 0.011157191062469733
v -0.0031199999257098096 0.03918767616483108 0.011134555267894305
v -0.0037162959520920195 0.042142438515430466 0.010898132519343216
v -0.0050801964060084095 0.04631108667757529 0.010241252098444623
v -0.0031199978302340723 0.04246924704877233 0.011058093686547152
v -0.004382063518423076 0.04635475825458541 0.010523832123891526
v -0.0036637088243116657 0.04639105003171008 0.01075864275310873
v -0.002930221535748134 0.04642031218622808 0.010947976902214102
v -0.002774688574438357 0.04275096466953802 0.011128394569226688
v -0.0014382069548830654 0.04645916696301009 0.011199396737786301
v -0.002429379085812004 0.04303268974088411 0.011198696383228773
v -0.0012467004959300421 0.043662654940090466 0.011355888728491843
v -0.001661019355689851 0.04348899681214508 0.01131255615288989
v -0.0008142412773355356 0.04379436257509795 0.01138875230731032
v -0.0006810762971604287 0.04646934445583545 0.011265251486612594
v -0.0003714648384293579 0.04388629528664412 0.011411690781714466
v -0.003355264341839455 0.020602289040612853 -0.0051854921991618804
v -0.003108939771937782 0.020602289040612853 -0.005314606100867881
v -0.0007142483183659028 0.020602289040612853 -0.006063537511276478
v -0.0007060026795473458 0.024985461764192866 -0.006148631521338696
v -0.0007063803890489914 0.024768541841159324 -0.006147204269530968
v -0.0007063605402371465 0.02477995985562115 -0.00614727970665751
v -0.0007063207844057976 0.02480279215925461 -0.006147429649588044
v -0.0007064798077311938 0.024711459219430583 -0.006146828946543356
v -0.0007064002960684956 0.024757125689342595 -0.0061471292980657
v -0.0007012135279574404 0.027908061821853857 -0.006139692221843438
v -0.0007000912842848056 0.02863868995018918 -0.006130416714907665
v -0.0006995302206561475 0.029004006808324493 -0.006125778728609141
v -0.0006992496597379887 0.029186663374747047 -0.006123460201121154
v -0.0006993197999675284 0.029141000630125233 -0.00612403994940847
v -0.0006934744121907127 0.03375013828134346 -0.00595281816125364
v -0.0006942802390270175 0.033020391184140345 -0.0059902508085019485
v -0.000693877325608865 0.0333852610074517 -0.005971534484877794
v -0.0006936758688997889 0.033567699644397576 -0.005962176555896355
v -0.0006937765681504972 0.03347648218856974 -0.005966855986048349
v -0.0006938269177758514 0.03343086973536562 -0.005969195002632434
v -0.000693801772067004 0.03345367968725788 -0.005968025261509754
v -0.0006906123415795376 0.036667401860793494 -0.005775004937751862
v -0.0006899871913179143 0.0373962884159605 -0.005723531206079918
v -0.0006896745579794432 0.037760729830898905 -0.005697794107413309
v -0.0006895182704140374 0.037942948675723 -0.005684925558080005
v -0.00068959644330057 0.037851839253310954 -0.00569135959991602
v -0.0006896355588476659 0.037806282679459825 -0.005694576853664665
v -0.0006896551166212139 0.037783506255179365 -0.00569618524770835
v -0.0006896453377344399 0.0377948907420294 -0.005695381050686507
v -0.000686781229855187 0.04394128802057087 -0.005092188580822255
v -0.0006874307109184266 0.041762395585136065 -0.005330622520419863
v -0.0006873765777952134 0.04194396995475563 -0.005310752753817652
v -0.0006873495112336068 0.04203475527692031 -0.005300818336177821
v -0.0006873360070566331 0.042080151663292854 -0.005295850661696631
v -0.000687329196760487 0.04210284985647913 -0.005293367290117311
v -0.008302601765338062 0.040909322755874604 0.004538252363638623
v 7.999865708020171e-05 0.014752136151970479 0.010410157687417841
v 0.006639998695652098 0.03321499289358797 0.0028700473888149843
v 0.008760498604191723 0.033366642007034014 0.0035782513656243482
v 0.00876959669418174 0.033214184505614655 0.0028674536555135005
v 0.008734265110606015 0.032935115566180895 0.0021950669469896363
v 0.006639998695652098 0.032938125600662185 0.002200796676147286
v 0.008664222204272803 0.03254216078005462 0.001588671193214988
v 0.006639998695652098 0.033366642007034014 0.0035782529954388105
v 0.006639998695652098 0.03254511493518292 0.0015924415361429573
v 0.008572318363725684 0.03204545293657879 0.0010619215618315725
v 0.006639998695652098 0.03204884667595064 0.0010649272889460704
v 0.008472490830923978 0.03146666949942498 0.000636197551502656
v 0.006639998695652098 0.031465592890557295 0.0006355476047781414
v 0.008380791881337838 0.03081629902315022 0.00031907215333512655
v 0.008318481746136482 0.030121154283966254 0.00012461638504144895
v 0.006639998695652098 0.030814473630952407 0.0003183798896422507
v 0.006639998695652098 0.030116836672624898 0.00012382224339276248
v 0.008297950740523839 0.029395551572110212 5.825313046493025e-05
v 0.006639998695652098 0.029395551572110212 5.825313046493025e-05
v 0.008327802422215926 0.028608362362674094 0.00013647626839746242
v 0.008403479829976059 0.027853991097251504 0.000367237448960023
v 0.006639998695652098 0.027864816790571595 0.00036273497009251004
v 0.006639998695652098 0.028615190819609993 0.000135112011829086
v 0.008602513703438685 0.026555664132751334 0.0012413328184136682
v 0.008679427907545093 0.026057317161587674 0.001854573909345433
v 0.006639998695652098 0.026069670223889604 0.0018359721383949168
v 0.006639998695652098 0.026567123125405358 0.0012298259790636428
v 0.008504567442187786 0.02715999188480392 0.0007412847866126066
v 0.006639998695652098 0.027173268819075357 0.0007323746491546928
v 0.00871804612839943 0.025689161632320254 0.0025540331166571503
v 0.006639998695652098 0.025700032029122737 0.0025275195278145588
v 0.006639998695652098 0.025472409347345695 0.0032778919270384952
v 0.008705608315745456 0.025465510109896002 0.0033134155958901373
v 0.007562952846784362 0.029395551572110212 0.008058252530564736
v 0.006639998695652098 0.029395551572110212 0.008058252530564736
v 0.006639998695652098 0.028615190819609993 0.007981394205811324
v 0.008637314433160964 0.025395785715874857 0.0041017093538704445
v 0.006639998695652098 0.02539555102259228 0.004058253378030629
v 0.00851776707668758 0.02548066086513785 0.004879012108778055
v 0.00835690252661024 0.02571365541538274 0.005621469430480992
v 0.006639998695652098 0.025472409347345695 0.004838614596192126
v 0.006639998695652098 0.025700032029122737 0.005588986762585425
v 0.008171591690920455 0.026082237490378017 0.006299225911996967
v 0.0078045230150687725 0.027170653665355225 0.007382382442873592
v 0.007664868870404229 0.027854561066652045 0.007749506066755719
v 0.006639998695652098 0.027173268819075357 0.007384131466622312
v 0.006639998695652098 0.026069670223889604 0.0062805338027591105
v 0.007981062654983556 0.026571731309382285 0.0068912806954869125
v 0.006639998695652098 0.026567123125405358 0.0068866799620903845
v 0.006639998695652098 0.027864816790571595 0.0077537710583730065
v 0.0075796477348139485 0.028609880418430437 0.007980333429426983
v -0.006480000741207441 0.033366642007034014 0.0045382532949611734
v -0.008514692780950347 0.033366642007034014 0.0045382532949611734
v -0.008396503292754725 0.033213610810923916 0.005250904569776968
v -0.006480000741207441 0.03321499289358797 0.005246458435923724
v -0.008242333089166096 0.032936270406142776 0.005919250036926159
v -0.006480000741207441 0.032938125600662185 0.005915709614252698
v -0.008066084021886882 0.03254748049445967 0.006521042263336631
v -0.006480000741207441 0.03254511493518292 0.00652406440501107
v -0.007881694264198952 0.03205663253246784 0.007044660671891948
v -0.006480000741207441 0.03204884667595064 0.007051579001453913
v -0.007707502954093753 0.03148220023426719 0.007470858550775788
v -0.0075585639892679374 0.030831244887431088 0.007791721055297787
v -0.006480000741207441 0.031465592890557295 0.0074809582781682265
v -0.007453474484059271 0.030131540393042788 0.007989959579302795
v -0.007402954892339705 0.029395551572110212 0.008058252530564736
v -0.006480000741207441 0.030116836672624898 0.007992683697761264
v -0.006480000741207441 0.030814473630952407 0.00779812576047348
v -0.006480000741207441 0.029395551572110212 0.008058252530564736
v -0.0074196483833854675 0.028609906495461836 0.007980339017362281
v -0.0075047978071394045 0.0278550192773466 0.007749697919200999
v -0.006480000741207441 0.027864816790571595 0.0077537710583730065
v -0.007645623089910453 0.027166280174660874 0.007379450639486493
v -0.006480000741207441 0.027173268819075357 0.007384131466622312
v -0.008012929718673636 0.026079231181186924 0.006294772327563324
v -0.008197628675448133 0.025712411168456066 0.005618537627093892
v -0.006480000741207441 0.025700032029122737 0.005588986762585425
v -0.006480000741207441 0.026069670223889604 0.0062805338027591105
v -0.007821639792213467 0.02657005492879246 0.006889608505848559
v -0.006480000741207441 0.025472409347345695 0.004838614596192126
v -0.006480000741207441 0.026567123125405358 0.0068866799620903845
v -0.006480000741207441 0.028615190819609993 0.007981394205811324
v -0.007402954892339705 0.029395551572110212 0.008058252530564736
v -0.00835785526957879 0.0254801747147668 0.0048779848600055105
v -0.008137954183063007 0.029395551572110212 5.825313046493025e-05
v -0.006480000741207441 0.029395551572110212 5.825313046493025e-05
v -0.006480000741207441 0.028615190819609993 0.000135112011829086
v -0.008477586096594505 0.02539576336413366 0.004099485821282548
v -0.008545520488674734 0.02546517297113294 0.0033151932578072674
v -0.006480000741207441 0.025472409347345695 0.0032778919270384952
v -0.008519404341730314 0.026057509014032955 0.0018542815904800817
v -0.006480000741207441 0.025700032029122737 0.0025275195278145588
v -0.00855803373845525 0.02568949504579312 0.0025532135528132343
v -0.006480000741207441 0.026567123125405358 0.0012298259790636428
v -0.008442442640173861 0.026556118618155686 0.0012408732107352903
v -0.00834402792368036 0.02716339866269147 0.0007389918122870825
v -0.006480000741207441 0.027173268819075357 0.0007323746491546928
v -0.00824346744003188 0.02785411403182809 0.00036718608070062986
v -0.006480000741207441 0.026069670223889604 0.0018359721383949168
v -0.006480000741207441 0.027864816790571595 0.00036273497009251004
v -0.00816764474595396 0.02861062733911546 0.00013602198671991682
v -0.006480000741207441 0.02539555102259228 0.004058253378030629
v 0.006639998695652098 0.028688443063450177 0.0033511462663544152
v 0.008159997656496694 0.028688443063450177 0.0033511462663544152
v 0.008159997656496694 0.029012865548419184 0.0031343737251143975
v 0.006639998695652098 0.029012865548419184 0.0031343737251143975
v 0.008159997656496694 0.029395551572110212 0.003058253007820509
v 0.006639998695652098 0.029395551572110212 0.003058253007820509
v 0.006639998695652098 0.02847167215202462 0.0036755694498153365
v 0.008159997656496694 0.02847167215202462 0.0036755694498153365
v 0.006639998695652098 0.029012865548419184 0.004982132332454948
v 0.006639998695652098 0.029395551572110212 0.005058253049748837
v 0.008159997656496694 0.029395551572110212 0.005058253049748837
v 0.006639998695652098 0.02847167215202462 0.00444093660775401
v 0.008159997656496694 0.02847167215202462 0.00444093660775401
v 0.008159997656496694 0.028395551434730732 0.004058253378030629
v 0.008159997656496694 0.029012865548419184 0.004982132332454948
v 0.008159997656496694 0.028688443063450177 0.004765360024045568
v 0.006639998695652098 0.028688443063450177 0.004765360024045568
v 0.006639998695652098 0.028395551434730732 0.004058253378030629
v -0.006480000741207441 0.028688443063450177 0.004765360024045568
v -0.008000001099035862 0.028688443063450177 0.004765360024045568
v -0.008000001099035862 0.029012865548419184 0.004982132332454948
v -0.006480000741207441 0.029012865548419184 0.004982132332454948
v -0.008000001099035862 0.029395551572110212 0.005058253049748837
v -0.006480000741207441 0.029395551572110212 0.005058253049748837
v -0.006480000741207441 0.02847167215202462 0.00444093660775401
v -0.008000001099035862 0.02847167215202462 0.00444093660775401
v -0.006480000741207441 0.029012865548419184 0.0031343737251143975
v -0.006480000741207441 0.029395551572110212 0.003058253007820509
v -0.008000001099035862 0.029395551572110212 0.003058253007820509
v -0.006480000741207441 0.02847167215202462 0.0036755694498153365
v -0.008000001099035862 0.02847167215202462 0.0036755694498153365
v -0.008000001099035862 0.028395551434730732 0.004058253378030629
v -0.008000001099035862 0.029012865548419184 0.0031343737251143975
v -0.008000001099035862 0.028688443063450177 0.0033511462663544152
v -0.006480000741207441 0.028688443063450177 0.0033511462663544152
v -0.006480000741207441 0.028395551434730732 0.004058253378030629
v 0.009507030927711766 0.028924281872762473 0.0017049774307993841
v 0.009503127754905116 0.029395551572110212 0.0016582530948859977
v 0.008159997656496694 0.02892733288543596 0.0017043683458517465
v 0.009519492954752037 0.028474028398075876 0.0018422206142128632
v 0.008159997656496694 0.02847710921307096 0.0018409421411824819
v 0.008159997656496694 0.02740002350823589 0.0027248844712677556
v 0.009559454142723337 0.027394022065724305 0.0027339117807439793
v 0.009551773525654275 0.02769340314997148 0.0023663041019665394
v 0.009536386214484754 0.028057269007574045 0.0020660170737089416
v 0.008159997656496694 0.02769849375902926 0.0023611967291028635
v 0.008159997656496694 0.02806218080270224 0.0020627260126482166
v 0.00955376469326597 0.027173022949922184 0.003152510998943149
v 0.008159997656496694 0.02717823835620165 0.003139812881636477
v 0.008159997656496694 0.029395551572110212 0.0016582530948859977
v 0.008159997656496694 0.027041665492193463 0.0035900363211708386
v 0.009530889548795218 0.027039197487436217 0.003604453427073997
v 0.008159997656496694 0.02892733288543596 0.006412138060963556
v 0.008159997656496694 0.029395551572110212 0.006458252962683348
v 0.009047738036355796 0.029395551572110212 0.006458252962683348
v 0.008159997656496694 0.026995550124812393 0.004058253378030629
v 0.00949003429117601 0.02699559296564969 0.004072548247849112
v 0.009432028728800312 0.02704435328907249 0.004539783457910666
v 0.008159997656496694 0.027041665492193463 0.004526469736398507
v 0.009361558345416694 0.02718151288628711 0.00498455283976215
v 0.009283757522242777 0.027402962762203387 0.005396011607971203
v 0.008159997656496694 0.02717823835620165 0.004976692943102231
v 0.008159997656496694 0.02806218080270224 0.006053780044921129
v 0.009083996285868676 0.028474438179997837 0.006274455526137159
v 0.009137473758006739 0.028060161695414046 0.006052416588708069
v 0.009206675680077388 0.02769840062677427 0.005755214799227667
v 0.008159997656496694 0.02740002350823589 0.005391621353470953
v 0.008159997656496694 0.02769849375902926 0.005755309328466482
v 0.008159997656496694 0.02847710921307096 0.00627556426563282
v 0.009052803499704727 0.028924281872762473 0.006411528510354644
v -0.008000001099035862 0.02847710921307096 0.00627556426563282
v -0.00892393826111955 0.028475049127590572 0.006274709311532008
v -0.008892805079598796 0.02892431726301937 0.006411535495273768
v -0.008000001099035862 0.02806218080270224 0.006053780044921129
v -0.008977399900774265 0.028060418740437822 0.006052600059250401
v -0.008000001099035862 0.02717823835620165 0.004976692943102231
v -0.009201712662208946 0.02718114780784755 0.00498368484714564
v -0.009123885762003634 0.02740255111763633 0.005395395538104441
v -0.00904645094859183 0.02769941018041837 0.005756224818533038
v -0.008000001099035862 0.02740002350823589 0.005391621353470953
v -0.008000001099035862 0.027041665492193463 0.004526469736398507
v -0.008000001099035862 0.02769849375902926 0.005755309328466482
v -0.008887741478894966 0.029395551572110212 0.006458252962683348
v -0.008000001099035862 0.029395551572110212 0.006458252962683348
v -0.008000001099035862 0.02892733288543596 0.006412138060963556
v -0.009272278971815205 0.027044116733144812 0.004537193915560657
v -0.008000001099035862 0.02892733288543596 0.0017043683458517465
v -0.008000001099035862 0.029395551572110212 0.0016582530948859977
v -0.009343131197444284 0.029395551572110212 0.0016582530948859977
v -0.009393817495900283 0.027173665562481616 0.0031509326400516982
v -0.009371223610839603 0.0270393595375599 0.003601787283444258
v -0.008000001099035862 0.02717823835620165 0.003139812881636477
v -0.009330173706807464 0.026995585515069292 0.004071258366117494
v -0.008000001099035862 0.027041665492193463 0.0035900363211708386
v -0.009399450134682106 0.027395107987817493 0.002732267996443398
v -0.009376424115958269 0.02805691137971488 0.0020662135827669713
v -0.00939180490786994 0.027692641328125663 0.002367070114763836
v -0.008000001099035862 0.02769849375902926 0.0023611967291028635
v -0.009359517817709854 0.02847343235164394 0.0018424690445030501
v -0.008000001099035862 0.02806218080270224 0.0020627260126482166
v -0.008000001099035862 0.02740002350823589 0.0027248844712677556
v -0.009347034370250935 0.02892423158134478 0.001704987675347433
v -0.008000001099035862 0.02847710921307096 0.0018409421411824819
v -0.008000001099035862 0.026995550124812393 0.004058253378030629
v 7.999865708020171e-05 0.011795550271818375 0.010858252356433758
v -0.0007097726150216996 0.0161249800963336 0.011342727278216594
v -0.000771604574301339 0.020602289040612853 -0.006863145906915575
v -0.0008121228095727998 0.0248574552049987 -0.0069477630798322415
v 7.999865708020171e-05 0.024857810970212762 -0.007001581416023569
v -0.0008061314951939458 0.029218244522414307 -0.006917443874220103
v -0.001186482809667684 0.020602289040612853 -0.0067889348665102645
v -0.0017193589136150081 0.024856596525607687 -0.006769531692505556
v -0.0017085162236583832 0.029217208891738816 -0.006738847874115129
v -0.0026280821069387763 0.024855285223457424 -0.006480079903624184
v -0.0020053504899775294 0.020602289040612853 -0.006598490580925408
v -0.0026137895654266678 0.02921562750604908 -0.006449322510752315
v -0.0026062339784099307 0.020602289040612853 -0.006404456978233219
v -0.002803128138314151 0.020602289040612853 -0.0063266570863818525
v -0.0031969166909532293 0.020602289040612853 -0.006171057302679119
v -0.003577245537270451 0.020602289040612853 -0.00597966306809336
v -0.0035246502604177857 0.024853616293447994 -0.006085807296089793
v -0.00395757368509576 0.020602289040612853 -0.0057882683678463255
v -0.004395921597965653 0.024851688455769693 -0.005595115330625071
v -0.004317914952508208 0.020602289040612853 -0.005567055047857725
v -0.004678255754259381 0.020602289040612853 -0.0053458412622078505
v -0.005229420821195772 0.024849592980032406 -0.005017643661282804
v -0.0035085816868030096 0.029213612124051085 -0.00605567761461656
v -0.005360685612330777 0.020602289040612853 -0.004847250284536115
v -0.005682913901372211 0.020602289040612853 -0.0045700761208301325
v -0.005019470450464442 0.020602289040612853 -0.005096545307710708
v -0.005190078031397609 0.020602289040612853 -0.004971898028954049
v -0.005215704768342055 0.029208759933566083 -0.004991297012007283
v -0.004379995051039738 0.02921128568032142 -0.0055664608640708865
v -0.0060051417247523695 0.020602289040612853 -0.004292902422785425
v -0.006012698475922294 0.024847434174361728 -0.004363072920307975
v -0.006003410396132097 0.029206154093071448 -0.004339847132897183
v 7.999865708020171e-05 0.02481300876762706 0.012075362406646962
v -0.0007410995698404943 0.02046498601972554 0.01174397456032722
v -0.007643887104677431 0.016136938277874373 -0.0020117880242731066
v -0.007570416465699296 0.014795328097867396 -0.0019878211369432283
v -0.00807059348567352 0.016136427913117025 -0.0011863762896510389
v -0.006992496830210525 0.01946587063876847 -0.0031920030331799337
v -0.007295998085418481 0.020487782933102102 -0.002850588335457281
v -0.006938731579404543 0.019691898896340074 -0.003268552857338691
v -0.007333289637300479 0.0171365230453966 -0.0025914396868740616
v -0.007842499554686225 0.02048654054882053 -0.0020411326008367703
v -0.008582568499709932 0.013090710739648868 0.002287594075153279
v -0.008779111085351564 0.016135828141394887 0.0013787663408732838
v -0.00852500065893269 0.013464388080314674 0.0011615521199139737
v -0.008345546910759253 0.013883180547942948 5.3279074969081686e-05
v -0.008435274250507246 0.013673783848467536 0.0006074156101744532
v -0.008638884642980103 0.016135878432812584 0.0005202845648649569
v -0.008023489985067002 0.01433026193802457 -0.0010000329664993672
v -0.008403479829976059 0.016136064697322563 -0.00033826141419165425
v -0.008297595906632324 0.020485521681950936 -0.0012006326259990196
v -0.008909293214022304 0.02048441713340675 0.0005204612251111418
v -0.00906173488295831 0.020484322138506657 0.0013795570337181528
v -0.008847330462132062 0.016135630701014307 0.0022367527114927213
v -0.008655029119382696 0.02048478966242671 -0.000342336241385783
v -0.009137769918577609 0.020483970098582795 0.0022464894559213345
v -0.006340185943403039 0.020464065873046236 -0.003962508763287704
v -0.006630830756470838 0.0202334517832389 -0.003646792281515202
v -0.006666801227315797 0.02048918177957206 -0.003616678432525317
v -0.006858188011321158 0.01989735610142939 -0.00337402583460728
v -0.00738317220439591 0.024843297239595052 -0.0028671421281205576
v -0.00673401198177475 0.02484530144572245 -0.0036421696620387513
v -0.007389296581484081 0.029201162204203962 -0.002851847483544752
v -0.00842548232521755 0.024840050649186086 -0.0012042438291862741
v -0.007950186518486575 0.024841514688234537 -0.002050287734332968
v -0.007966834840388666 0.02919901271175878 -0.0020392324700043278
v -0.008801597868319005 0.024839001979994894 -0.00034259904896783415
v -0.009071724248628586 0.024838467400851248 0.0005209580274838565
v -0.008843054760305452 0.029195982188181393 -0.00033904584971314094
v -0.009236443542739984 0.02483833887833936 0.0013800330559564727
v -0.009322238838682278 0.024837882530289908 0.002254099525307241
v -0.009303104816894493 0.029195188701368873 0.00138019382551165
v -0.009347034370250935 0.02892423158134478 0.001704987675347433
v -0.009359517817709854 0.02847343235164394 0.0018424690445030501
v -0.009126043636351762 0.02919533398768666 0.000521775321229057
v -0.009376424115958269 0.02805691137971488 0.0020662135827669713
v -0.009142489861260525 0.02048333866189396 0.0031200525454338794
v -0.009333592591888163 0.024837062966445993 0.0031413116124499106
v -0.008454128875530062 0.029197245061559064 -0.0011971989561728408
v -0.0067314084695864924 0.029203581780188614 -0.0036227229487048344
v -0.0088489137104669 0.016135276798445345 0.003093407872942389
v 7.999865708020171e-05 0.02921860215027347 -0.006977518369640413
v -0.0007984163609828782 0.03357637211998229 -0.006762790779889348
v 7.999865708020171e-05 0.037883615978713696 0.01238294006065585
v -0.0008296496596777481 0.03352498546696876 0.012346658528079223
v 7.999865708020171e-05 0.03792849082445829 -0.006538547867645909
v -0.0007889784546774655 0.03792820397711292 -0.00648401660404263
v 7.999865708020171e-05 0.033576405647594086 -0.00681504402853556
v -0.001691138909030354 0.033575284335244 -0.006589433469127587
v -0.0008010390816987278 0.029167338431836533 0.012246113876914091
v -0.0025856070465746475 0.03357362658110517 -0.0063084003704360755
v -0.003469264275544332 0.03357151061627179 -0.005926282453500488
v -0.005156181615871287 0.03356641441927871 -0.004891956560899177
v -0.005936198244689319 0.03356367633098199 -0.004257738477268683
v -0.004329999328254493 0.03356906682590084 -0.0054511417119740705
v -0.0016672320920049447 0.037927235401661014 -0.006321490574536258
v -0.002543545027761401 0.03792575273616157 -0.006057501144169273
v -0.003406716187431475 0.03792386401403036 -0.005697790847784385
v -0.004245962369286416 0.03792168099397339 -0.005249304557636232
v -0.0050508867540403676 0.03791931170940643 -0.004719747570841449
v -0.005811107190737631 0.03791686791903548 -0.004116848001919141
v -0.0007778202209994011 0.042270115386441966 -0.006081412384976794
v 7.999865708020171e-05 0.042269590120523816 -0.006124109332938437
v -0.0016368039216544672 0.04226947091123743 -0.005935297190122288
v -0.0008268040036265151 0.04381620395153831 -0.005901517655575979
v -0.0017220183051562601 0.043840500294220215 -0.005744326241635459
v -0.0024876212041153776 0.04226848370933453 -0.005696883739620778
v 7.999865708020171e-05 0.0465955461119279 0.012081822059853099
v -0.0008135714817991761 0.04659108321426876 0.012052944541548214
v -0.003320966759124762 0.04226723201182746 -0.005370436559428277
v -0.00412792561798898 0.04226577914864961 -0.004961154292018351
v -0.004899876993524839 0.04226420707618537 -0.00447484047386073
v -0.0025905200058560307 0.04387940349977482 -0.005492622818346814
v -0.0034319014774872657 0.04393212753197001 -0.00515148681889722
v -0.004234023279857917 0.04399725305523973 -0.004730076403581164
v -0.004988275801655393 0.0440735581743985 -0.004236354380200328
v -0.0056282094117746494 0.04226258284965834 -0.003917314008247217
v -0.0008573545846846457 0.037883809693804074 0.01234678984455876
v -0.006658928757801455 0.03356097922087747 -0.0035583133796453564
v -0.007314299039185378 0.03355843857296133 -0.002804687870754604
v -0.007892361632685559 0.03355618104710036 -0.0020079556319802495
v -0.008383446150605066 0.03355432585258095 -0.0011794919533621453
v -0.0065166273287888075 0.03791445765627633 -0.0034490180218013223
v -0.007158241510449367 0.03791218522925456 -0.00272571707362737
v -0.006304591261206966 0.0422609809748725 -0.0032949425802821456
v -0.0077268390728748694 0.03791016984725657 -0.0019564916791950807
v -0.008213511450214202 0.03790851209311774 -0.0011511410979592295
v -0.008779307594409593 0.03355299964926989 -0.0003316745772497958
v -0.009072155450969191 0.03355232164645356 0.0005229133391773808
v -0.00926161998523155 0.03355217263484557 0.0013800387603070908
v -0.009343131197444284 0.029395551572110212 0.0016582530948859977
v -0.009349630897520068 0.029864649427271576 0.0017045440165677223
v -0.008610436464370722 0.037907327450834256 -0.00032049175083564806
v -0.008910141648865267 0.03790672022853172 0.0005243714992522343
v -0.009387080308574275 0.03073356032781671 0.0020662049680333847
v -0.009372776125530292 0.033551677171249024 0.002262924039298223
v -0.009408650670152612 0.03109792723695112 0.002366534604297641
v -0.009365535092704786 0.030317808628313875 0.0018425280670696504
v -0.009112073798103195 0.03790659356866494 0.0013795679767581142
v -0.009238831453757939 0.03790618006145278 0.0022641345257824615
v -0.006921226440756539 0.04225947223234165 -0.0026150102964589556
v -0.0056955300622944915 0.04416085289964614 -0.0036715270442874764
v -0.007470380782307686 0.042258131127869795 -0.0018848886911754597
v -0.007944450502901714 0.042257032167260906 -0.0011121714192576222
v -0.006345600187046908 0.04425781475296179 -0.0030441630289630046
v -0.006928974113049193 0.0443629573435558 -0.002363832371919093
v -0.007444607362061631 0.04447639615542436 -0.0016298628911053483
v -0.00788806357911775 0.044598004528700684 -0.0008430030206059374
v -0.008336572686668375 0.04225624613102879 -0.0003055062762425811
v -0.008640139134454824 0.042255840074397026 0.0005261489865463863
v -0.008854601297279167 0.04225575811801264 0.0013787814748647197
v -0.008998904138451558 0.042255497347698665 0.0022632115851355062
v -0.008245742661021295 0.044724798505934873 -2.2601692162994356e-05
v -0.00851418334751555 0.044856208117726386 0.0008276692604830358
v -0.008703160800084308 0.04499173044989828 0.0017045390107090165
v -0.008822758447975384 0.04512917503181318 0.0025938527436008643
v -0.009291097275258575 0.037905435003412855 0.0031726885676481033
v -0.009071806205012977 0.04225503168642371 0.003172339787353164
v -0.009407902818145039 0.03355079055218151 0.003167634280169772
v -0.00939180490786994 0.027692641328125663 0.002367070114763836
v -0.008532351587819086 0.01276297554036985 0.003429560365427444
v -0.008557460043764509 0.012926842674348085 0.002858577220290361
v -0.008452456220230433 0.012622627094744352 0.004006779180697411
v -0.008786034537187553 0.016134785060138997 0.003947710513630998
v -0.009077859801587356 0.02048246321869705 0.003997293660526635
v -0.00866006012379728 0.016134177837836456 0.004798776342797414
v -0.008945443430119394 0.02048137915924896 0.0048753091703196355
v -0.009272058248370877 0.02483592302764491 0.004036974054749138
v -0.008105285250657459 0.012253766554306654 0.005722866707440562
v -0.008471603280533918 0.01613347375798873 0.005645644235570136
v -0.008238922585988346 0.012368023067374029 0.00515343235170397
v -0.007917608855690919 0.012164555167251309 0.0062810320603233095
v -0.007729931529401827 0.012075342848873414 0.006839196481883508
v -0.008220449803210992 0.01613269330969191 0.006487135137600985
v -0.008746454260139164 0.020480125599096788 0.005751126293233586
v -0.008481726756651379 0.02047873606585233 0.006621623701742484
v -0.0089366163549914 0.02483288691613222 0.005834645436863916
v -0.007905754050953184 0.016131860707332295 0.007321717488956643
v -0.007522091069907305 0.016130990852070686 0.008146527938457427
v -0.0074856861370928155 0.012009757252264044 0.007382470452854558
v -0.008151801086734986 0.020477249675062682 0.007483462138843645
v -0.007753224372036211 0.020475698091694545 0.008331974747239498
v -0.009139195773401512 0.024834516730594555 0.004936350844208021
v -0.009371223610839603 0.0270393595375599 0.003601787283444258
v -0.009393817495900283 0.027173665562481616 0.0031509326400516982
v -0.009330173706807464 0.026995585515069292 0.004071258366117494
v -0.009272278971815205 0.027044116733144812 0.004537193915560657
v -0.009399450134682106 0.027395107987817493 0.002732267996443398
v -0.009201712662208946 0.02718114780784755 0.00498368484714564
v -0.009123885762003634 0.02740255111763633 0.005395395538104441
v -0.00866600289298822 0.024831082013030505 0.006726983290490623
v -0.008329080196754393 0.024829150450062003 0.007608405578171174
v -0.008977399900774265 0.028060418740437822 0.006052600059250401
v -0.007924164435119695 0.02482713879335421 0.008472627735338814
v -0.008773181354676321 0.0291871420745377 0.006803159887137505
v -0.00892393826111955 0.028475049127590572 0.006274709311532008
v -0.00904645094859183 0.02769941018041837 0.005756224818533038
v -0.008892805079598796 0.02892431726301937 0.006411535495273768
v -0.008034833493724839 0.02918276858384335 0.008568404946370987
v -0.008437502905369168 0.02918500003267292 0.00769647842340926
v -0.007222606143195812 0.020474124156585203 0.009134139623278081
v -0.007392286126869275 0.02482509174638952 0.009283666252632888
v -0.007001446374253832 0.016130107958293376 0.008931696177960257
v -0.006121116062263044 0.011836970842225375 0.00930868437029097
v -0.006002398048520351 0.011832749157106658 0.009397892963378666
v -0.006334672513907604 0.016129230652451365 0.00962258011647841
v -0.006927823464038787 0.011897510533259362 0.008428291194028064
v -0.006553169631679408 0.011862311197485724 0.00889141834032199
v -0.0056462440072922735 0.011820083170427957 0.009665519673964304
v -0.00555925382451845 0.016128379423640753 0.010176201080978898
v -0.005773917153013572 0.020471043341590122 0.010417355879406053
v -0.0067404967806897345 0.011879910399711268 0.008659855232836302
v -0.006551897445076238 0.020472561397346465 0.009841460473479498
v -0.005259306961822205 0.01181206634591838 0.009888051746683568
v -0.005323796391790338 0.011813401862454944 0.009850962757456174
v -0.0014952421955770814 0.016125242729292673 0.01127726368486126
v -0.0015426164782149825 0.011795725360457757 0.010770711762032942
v -0.0014694137108852631 0.01179569742078126 0.010778391447779454
v -0.0051303276362246655 0.011809392518877604 0.009962227862493256
v -0.004576059402551993 0.011803134962664797 0.010194976543584972
v -0.004726997451231179 0.016127576623602733 0.010568956564079496
v -0.0014236619085446142 0.011795678794330262 0.010783190552879112
v -0.0014145116644918032 0.011795675069040062 0.010784150746428063
v -0.0035756271315093547 0.011798536091913368 0.010453679321497425
v -0.0038932595765976473 0.01612684087878831 0.010821496780679231
v -0.003647086346610334 0.011798863917450934 0.01043520095078477
v -0.004004383353437782 0.011800507701751516 0.010342807234576402
v -0.0011033999906519848 0.011795552134463474 0.010816787082544363
v -0.0006775422773294975 0.011795550271818375 0.010841611485112066
v -0.004932306110373786 0.020469610967508368 0.010840241509641158
v -0.006726295974448792 0.024823059600585628 0.009999359692557946
v -0.00407514803474717 0.0204682996653581 0.011127076747818572
v -0.005111105604455913 0.024819230002260422 0.011035337751362787
v -0.005954144830225978 0.02482109264736023 0.010589708293136466
v -0.007510422064018277 0.029180501744756882 0.009380177345834384
v -0.006857814085317371 0.029178247944186112 0.010096163221040112
v -0.004237786754282081 0.024817527544639197 0.011349698227502628
v -0.003229189112783155 0.02046714482539622 0.011356532272373827
v -0.003365066511677199 0.02481602625268875 0.011605977704140229
v -0.005263361474543214 0.02917400111335855 0.01115410093424915
v -0.006099893549657096 0.029176064924129136 0.010693128868335703
v -0.003080454340426405 0.016126192678293575 0.011018174408090598
v -0.002283211038402791 0.016125652511214634 0.011169148312687956
v -0.002393179043958494 0.02046618370052472 0.011535847253487327
v -0.0022746440350968574 0.011796015933093327 0.010693921423825671
v -0.001564657390511658 0.020465451681000495 0.01166531040114954
v -0.00198183296577798 0.01179589951777459 0.01072463737284407
v -0.0016890218964591024 0.0117957840337784 0.010755354253185018
v -0.0024956119515935574 0.02481477641782678 0.01180866888125633
v -0.0016305892062789549 0.024813824606180777 0.011955705154112692
v -0.0034880702389639144 0.029170449049153214 0.011766338408718074
v -0.0007715221522556723 0.024813221109168438 0.01204516613561141
v -0.001693033451927497 0.029168008984072465 0.012148263541885833
v -0.0025905006809131205 0.029169063241198955 0.011987438107355586
v -0.003432708002815483 0.011797879509515686 0.010490636994245283
v -0.004381151287985444 0.029172112391227342 0.011489207551510661
v -0.007241440744783804 0.011944171655654673 0.007925743958164333
v -0.009424010041645635 0.03139709970494712 0.0027339446098638633
v -0.00942699679306318 0.03161741336735251 0.003150885142601653
v -0.00941304837523326 0.03175238435657486 0.0036051316627209646
v -0.009367120203684723 0.03354955748112544 0.0040865530106933
v -0.009379971523550855 0.031795497140055036 0.004073954079238193
v -0.00932788358465725 0.03174641644167508 0.004541869620422452
v -0.0092513791624728 0.033548037562723995 0.005011847575393474
v -0.009267973467666998 0.03790439937273736 0.004096435274270336
v -0.009260157808828199 0.031607757415155105 0.004988909566650603
v -0.008909989843289633 0.02986532184215261 0.006411496845387946
v -0.008887741478894966 0.029395551572110212 0.006458252962683348
v -0.008956458181917114 0.030315457970197916 0.0062749551806851826
v -0.008803194155169542 0.03354431599781458 0.006850107856878188
v -0.008477011470581214 0.03354222611001259 0.007747622466898537
v -0.009062480872320785 0.03354626804987918 0.005935638985498102
v -0.00918209528401776 0.03138661673832539 0.005398269133832171
v -0.009100011308436833 0.031089373970652798 0.005758534032795527
v -0.009022423758126844 0.03072936937634214 0.006053478762076236
v -0.008998173981572433 0.03790164638327984 0.005953075206277413
v -0.008085178928127571 0.03354004681524582 0.00861923373717712
v -0.00916980089503647 0.03790312532348909 0.0050262770213204185
v -0.009071187806839841 0.04225438348592898 0.004096382654546266
v -0.008996580488689548 0.04225358254853606 0.005025164090873282
v -0.008849167961523024 0.042252651225986156 0.00594847773250981
v -0.00887385918496609 0.04526669411953206 0.0034836483194969686
v -0.008858786660818437 0.04540411634970576 0.004372832249308423
v -0.00877806427880547 0.045541501326977464 0.005261757271451005
v -0.008447656183808225 0.03789826009448839 0.0077618339833488035
v -0.008756101830433623 0.037900010980882214 0.006867823008761194
v -0.00863199937536866 0.04225162677118126 0.006856314656012026
v -0.00807524823577794 0.03789643097700038 0.008625109451144468
v -0.0075769669228540485 0.03353783399286724 0.00942359094649818
v -0.00759196214723006 0.03789457950777117 0.009413899604043874
v -0.008005114991157388 0.04224938042119089 0.008586045126788726
v -0.008349523658047347 0.042250524085282175 0.007739124148630659
v -0.008631613807832998 0.04567863670980579 0.006149065051985677
v -0.008421273678614533 0.04581351084148295 0.007021773420228047
v -0.008148263923690448 0.04594566551131439 0.007876830897843353
v -0.0069464140591187044 0.03353563607164947 0.010131773270058257
v -0.0062111321120015064 0.03353350148036509 0.010727509571587975
v -0.005389050903233216 0.03353148982365729 0.011196409055046208
v -0.006992128492142038 0.03789273548912236 0.010106185182999633
v -0.006287887525613155 0.037890947349826544 0.010692842952312882
v -0.006995011866756542 0.04224705584010633 0.010019415723670138
v -0.005488193913960743 0.03788925979336611 0.011162256525818664
v -0.006330203562651888 0.04224593452775625 0.010589148568283973
v -0.004505224872051362 0.03352964580500849 0.011545472472040588
v -0.007555471067079704 0.04224821068006821 0.009351118219632266
v -0.003598188653111427 0.03352802157848145 0.011837477481692523
v -0.004610021941979358 0.03788771379793327 0.011518484607189457
v -0.0026778380141674204 0.03352666929813899 0.012072006851499657
v -0.0017519867514130412 0.033525641118043896 0.012242830964925677
v -0.003695431765837148 0.037886354067010415 0.01181938467851553
v -0.00469556764347828 0.04224390424459745 0.011408268171343567
v -0.0027576304706143076 0.03788522157878973 0.012062363937817946
v -0.0018074521315338745 0.03788435731146342 0.01223939811000673
v -0.005560824499998864 0.04224487282004935 0.011051664766985162
v -0.0078015777075046994 0.04607402783572262 0.008707400180331473
v -0.007324312619241951 0.04619069274890404 0.009462280879188859
v -0.0059942373346768135 0.04637580614421325 0.010660008244493452
v -0.005183177862625368 0.04643757890630331 0.011059692767365337
v -0.006712932892841489 0.04629291098669135 0.01012365772535839
v -0.004337958410765976 0.046485374379564404 0.011368959840479751
v -0.0037798156424550637 0.04224305115314174 0.011712085144895941
v -0.002829886664987368 0.04224233589742341 0.011958537305986951
v -0.0018594337832414716 0.04224179573034447 0.012137991985482936
v -0.0008841550208726081 0.0422414530036461 0.012246537628674297
v -0.003474148829487943 0.04652485500509995 0.011624399264177339
v -0.002592496737968203 0.04655588294717257 0.011825158878324938
v -0.0017044000108184432 0.04657785098347972 0.011967322471600199
v -0.0016013613942799853 0.020602289040612853 -0.00671472429176623
v -0.0024093393528444355 0.020602289040612853 -0.006482256870084586
v -0.0018033558257134386 0.020602289040612853 -0.006656607436345819
v -0.008372559921319233 0.012482278649118855 0.004583997530306104
v -0.007607809066077958 0.012042550050568729 0.007110833467369033
v -0.005883680500438934 0.01182852747198794 0.009487101556466362
v -0.00538828582175847 0.011814738310314056 0.00981387469955133
v -0.00429022114516425 0.01180182086654688 0.010268891889080688
v -0.004433140041027484 0.011802477448944564 0.01023193421633283
v -0.004504599954620376 0.01180280713712723 0.010213454914297626
v -0.0037185460273725887 0.011799193605633602 0.010416721648749567
v -0.00368281630340678 0.011799028761542268 0.01042596036844462
v -0.002853676135371489 0.011796947255643231 0.010592278743374203
v -0.0029260550314904993 0.01179706367096197 0.010579573641148405
v -0.003143192185508805 0.011797413848240734 0.010541458334471017
v -0.0029984341604401468 0.011797180086280707 0.01056686947024516
v -0.0021282385004374187 0.011795957259772684 0.010709278932673595
v -0.0022014411513518197 0.01179598706209428 0.010701600178249634
v -0.0021648397094793004 0.011795972160933482 0.01070544002112289
v -0.001396210827140225 0.011795668549782213 0.010786071133525966
v -0.001432812269012744 0.011795682519620461 0.01078223035933016
v -0.00216491817340413 0.011811455398325642 0.009897806419071268
v -0.003432708002815483 0.011797879509515686 0.010490636994245283
v -0.004576059402551993 0.011803134962664797 0.010194976543584972
v -0.0051303276362246655 0.011809392518877604 0.009962227862493256
v -0.0032712611433138128 0.01181849340283527 0.009704804721764371
v -0.0056462440072922735 0.011820083170427957 0.009665519673964304
v -0.0011033999906519848 0.011795552134463474 0.010816787082544363
v -0.0022746440350968574 0.011796015933093327 0.010693921423825671
v 7.999865708020171e-05 0.01180672148580448 0.010053291650100361
v -0.0010458128249318317 0.011807806476575117 0.010014250608808367
v 7.999865708020171e-05 0.011795550271818375 0.010858252356433758
v -0.005342574182702785 0.011861507466125156 0.008903276870349922
v -0.006121116062263044 0.011836970842225375 0.00930868437029097
v -0.006553169631679408 0.011862311197485724 0.00889141834032199
v -0.006927823464038787 0.011897510533259362 0.008428291194028064
v -0.007241440744783804 0.011944171655654673 0.007925743958164333
v -0.00614668366022557 0.011923462767434998 0.008137228682796632
v -0.005771969757561722 0.011887742822355964 0.008547338430292147
v -0.004358442850251124 0.011831130518514924 0.009422007698163343
v -0.004867619705686349 0.011843126884280243 0.009197249764549806
v 0.0012712948618279183 0.011795552134463474 0.010816258091336017
v 0.003620285444761097 0.011797954015319679 0.010484763142923036
v 0.0024513655157395106 0.011796028971609026 0.010691575422322463
v 0.001192915454519874 0.01180778226218882 0.010015137227875876
v 0.0022973431596056784 0.011811329669781406 0.009901616459622925
v 0.0047752758152344 0.011803455337621964 0.010181111013461995
v 0.005322764486405044 0.011809882394538854 0.009945976283997423
v 0.0033882182589452733 0.011818134843653558 0.009713839481820995
v 0.00583606290978487 0.011820906459562073 0.009645688091586639
v 0.004463937946430274 0.011830180569514022 0.009441287937591464
v 0.004979115313054533 0.011841708480036739 0.009222537034424811
v 0.006312229037438733 0.011838415323500277 0.009281915366239069
v 0.005890816759477576 0.011884712298778575 0.00858571357596096
v 0.006271330473320954 0.011919371467473268 0.00818100177396469
v 0.007107180820328306 0.011899844427569422 0.00840075012358229
v 0.005455246050451498 0.011859263910102436 0.008936776542469984
v 0.006736345410423536 0.011864054633299145 0.008865928042131105
v 0.007419731736753684 0.011947645488765818 0.007891762792285971
v 0.0065928849504975325 0.01196496715687149 0.007727853748792991
v 0.006852407292253901 0.012022821844994102 0.007234348723566283
v -0.006463366389143598 0.011970506663398321 0.007677241024818434
v -0.007438758656448231 0.01236937721036159 0.005117239760430859
v -0.008105285250657459 0.012253766554306654 0.005722866707440562
v -0.008372559921319233 0.012482278649118855 0.004583997530306104
v -0.008532351587819086 0.01276297554036985 0.003429560365427444
v -0.007648690866389839 0.012603022755068864 0.004061907887716454
v -0.007759953177459271 0.012880819507899457 0.0029982395140272173
v -0.008582568499709932 0.013090710739648868 0.002287594075153279
v -0.006714900311728162 0.012029005826725468 0.007185583277869462
v -0.007729931529401827 0.012075342848873414 0.006839196481883508
v -0.007127377481145534 0.012178044443064124 0.00616329892017714
v -0.00777106758076983 0.013202549539376692 0.0019340209615416242
v -0.00852500065893269 0.013464388080314674 0.0011615521199139737
v -0.007680814975103692 0.013560957846836814 0.000893489783205619
v -0.008345546910759253 0.013883180547942948 5.3279074969081686e-05
v -0.007463918800795174 0.01395302973918578 -0.00011912984748464322
v -0.008023489985067002 0.01433026193802457 -0.0010000329664993672
v -0.007108292353791618 0.014369951179811297 -0.0010881346827365014
v -0.007570416465699296 0.014795328097867396 -0.0019878211369432283
v -0.006631791415681065 0.014795328097867396 -0.0019878211369432283
v 0.007589275281673586 0.012361758060580822 0.005155117579858023
v 0.007804118821082114 0.012595832944983601 0.004091804738552212
v 0.008536840562509624 0.012487414892981578 0.004560858821553729
v 0.007271496851775595 0.012170669299791432 0.006208483896330854
v 0.008273793164901868 0.012259320030671735 0.00569214191085794
v 0.007901164493427256 0.012079409003126295 0.006810237007194229
v 0.008693305544861219 0.012765780683890162 0.003418983800889454
v 0.007918675220010558 0.012874736109003481 0.003019881587441896
v 0.008742515697075619 0.013094855124995943 0.0022742056150064902
v 0.00850550807796319 0.013883242946553792 5.312271464410164e-05
v 0.007842319809434093 0.013557014627160519 0.0009042771758858433
v 0.007624313032984815 0.013952470014333288 -0.00011776225125181051
v 0.0072695019588736995 0.014368965840553498 -0.001086049102301309
v 0.006791788904464446 0.014795328097867396 -0.0019878211369432283
v 0.007730413954482677 0.014795328097867396 -0.0019878211369432283
v 0.008182166858474619 0.014331365555246207 -0.0010023951497318809
v 0.007931693246613122 0.013197062186912656 0.001951008750513156
v 0.008683972761588625 0.013468003474453403 0.0011513646153712067
v -0.005183177862625368 0.04643757890630331 0.011059692767365337
v -0.004337958410765976 0.046485374379564404 0.011368959840479751
v -0.004382063518423076 0.04635475825458541 0.010523832123891526
v -0.003474148829487943 0.04652485500509995 0.011624399264177339
v -0.0036637088243116657 0.04639105003171008 0.01075864275310873
v -0.0050801964060084095 0.04631108667757529 0.010241252098444623
v -0.0059942373346768135 0.04637580614421325 0.010660008244493452
v -0.0057395252738907014 0.04625467833337268 0.009876261203201777
v -0.00632038323202442 0.046180772301102464 0.009398080159211198
v -0.006712932892841489 0.04629291098669135 0.01012365772535839
v -0.0017044000108184432 0.04657785098347972 0.011967322471600199
v -0.0008135714817991761 0.04659108321426876 0.012052944541548214
v -0.0014382069548830654 0.04645916696301009 0.011199396737786301
v 7.999865708020171e-05 0.0465955461119279 0.012081822059853099
v -0.0006810762971604287 0.04646934445583545 0.011265251486612594
v -0.002592496737968203 0.04655588294717257 0.011825158878324938
v -0.002930221535748134 0.04642031218622808 0.010947976902214102
v 7.999865708020171e-05 0.04647279407456029 0.011287570631521053
v -0.008631613807832998 0.04567863670980579 0.006149065051985677
v -0.008421273678614533 0.04581351084148295 0.007021773420228047
v -0.007840712346712958 0.04565929500308938 0.006023933951164342
v -0.008148263923690448 0.04594566551131439 0.007876830897843353
v -0.0074530889165236106 0.04588349786846317 0.0074745908258945296
v -0.007967455101206902 0.04554496584686311 0.005284173739565929
v -0.00877806427880547 0.045541501326977464 0.005261757271451005
v -0.008072792338213843 0.04528131215827536 0.0035782529954388105
v -0.008045389103505456 0.04542967556576534 0.004538250035332248
v -0.008000001099035862 0.04528131215827536 0.0035782529954388105
v -0.008858786660818437 0.04540411634970576 0.004372832249308423
v -0.008000001099035862 0.045429679291055534 0.0045382532949611734
v -0.006803454185063274 0.04609180119526499 0.008822400820116223
v -0.0078015777075046994 0.04607402783572262 0.008707400180331473
v -0.007324312619241951 0.04619069274890404 0.009462280879188859
v -0.007174809738612167 0.045991192282843915 0.008171419396248724
v 0.0018869051209113212 0.04657740394865576 0.011964432577727845
v 0.0027832129697376324 0.04655492554759127 0.011818973965271023
v 0.0015992618440065446 0.046459137160688495 0.011199198366083171
v 0.0036649039439738307 0.046523603307592885 0.011616304208573569
v 0.003085408510730622 0.046419298907293786 0.010941413872204925
v 0.000982722590679612 0.04659099008201377 0.012052315898827028
v 0.0045326290380823 0.04635356243643133 0.010516097490114569
v 0.004532973161764489 0.04648357133910779 0.0113572931628971
v 0.0053848254928243 0.046434974928453776 0.011042852593017965
v 0.0052403708460762735 0.0463110196223517 0.010240840453877565
v 0.006190541501745669 0.046372334173747205 0.010637554057815257
v 0.005896454054872148 0.046255054587682844 0.009878704993572726
v 0.006910895745371724 0.0462875726458353 0.010089111246692236
v 0.006478561847867839 0.04618105542315763 0.009399890650248212
v 0.007513294728423457 0.04618479561451805 0.009424108761835926
v 0.006962460746653558 0.04609212902080256 0.008824525166852554
v 0.007987061303527491 0.04606622335275442 0.008656896421095255
v 0.007334776028090127 0.04599087190788675 0.008169362104735985
v 0.008325398678714622 0.04593824845852695 0.007828862198587975
v 0.007604553162443493 0.04588276771158405 0.00746986762358269
v 0.00782589314229888 0.045772219724910385 0.006754614699223737
v 0.008594005140622758 0.04580642906481348 0.006975940709240875
v 0.008127324067478398 0.045545215441306484 0.005285800294399337
v 0.008000488180729463 0.04565955204811315 0.006025590773980622
v 0.008800696348090699 0.04567164061481091 0.006103805104366696
v 0.008942621522793183 0.04553592084225844 0.005225650827513759
v 0.008232788895674675 0.04528131215827536 0.0035782529954388105
v 0.008159997656496694 0.04528131215827536 0.0035782529954388105
v 0.008205386592288836 0.04542967556576534 0.004538250035332248
v 0.00903329601757443 0.045262573948571284 0.0034569982919008158
v 0.009020337595615059 0.045399567770372025 0.004343393609167219
v 0.008159997656496694 0.045429679291055534 0.0045382532949611734
v -0.008034600663087362 0.045161223703400484 0.002801235690892746
v -0.008822758447975384 0.04512917503181318 0.0025938527436008643
v -0.00887385918496609 0.04526669411953206 0.0034836483194969686
v -0.007941832555213931 0.04504239067132288 0.0020323332325546356
v -0.007794079629655419 0.04492482051262295 0.0012716063892208615
v -0.008703160800084308 0.04499173044989828 0.0017045390107090165
v -0.008245742661021295 0.044724798505934873 -2.2601692162994356e-05
v -0.00851418334751555 0.044856208117726386 0.0008276692604830358
v -0.007583301778838499 0.04480877027232445 0.000520730668366361
v -0.007299444910175677 0.04469713822620271 -0.00020158588642425683
v -0.00788806357911775 0.044598004528700684 -0.0008430030206059374
v -0.0069481640141899744 0.044590937653192005 -0.0008887230415645707
v -0.006532067725343673 0.044489967387621565 -0.0015420426671089228
v -0.007444607362061631 0.04447639615542436 -0.0016298628911053483
v -0.006052366297290374 0.044394458397483766 -0.0021599972978810725
v -0.006928974113049193 0.0443629573435558 -0.002363832371919093
v -0.005521190671903857 0.0443064595923884 -0.0027294158211343157
v -0.006345600187046908 0.04425781475296179 -0.0030441630289630046
v -0.004942530169326637 0.044226272720841626 -0.003248222318904915
v -0.0056955300622944915 0.04416085289964614 -0.0036715270442874764
v -0.004315800850319925 0.04415384935407086 -0.003716846130888376
v -0.004988275801655393 0.0440735581743985 -0.004236354380200328
v -0.0036479345486226597 0.04409021767217119 -0.004128565902242039
v -0.004234023279857917 0.04399725305523973 -0.004730076403581164
v -0.0034319014774872657 0.04393212753197001 -0.00515148681889722
v -0.002947856826722487 0.0440364878116221 -0.004476206258380165
v -0.0017220183051562601 0.043840500294220215 -0.005744326241635459
v -0.0022154044703425364 0.04399308818079656 -0.004757015373998424
v -0.0014564572679863113 0.04396095755282486 -0.004964926148345464
v -0.0025905200058560307 0.04387940349977482 -0.005492622818346814
v -0.0008268040036265151 0.04381620395153831 -0.005901517655575979
v -0.000686781229855187 0.04394128802057087 -0.005092188580822255
v 0.007597884427324902 0.04447475330244633 -0.0016404832278031835
v 0.006813657754920027 0.044517378072910355 -0.001364680669382573
v 0.0072568806756773945 0.0446329142231613 -0.000617129071539319
v 0.007620496473175307 0.04475643739560022 0.00018210995284533664
v 0.007888787216739026 0.04488424465176871 0.0010090780875193577
v 0.00839995198015702 0.04472242549607772 -3.796769932918629e-05
v 0.008038937832202267 0.04459518448401957 -0.0008612482114351588
v 0.006501279598827657 0.044257103222533664 -0.0030487411777876975
v 0.006295421925041882 0.044409706010270805 -0.0020613604609594194
v 0.007084752710681508 0.04436212287855109 -0.002369242424611488
v 0.005703062599078118 0.04430980490298766 -0.0027077728163970864
v 0.008979853004370713 0.04512482016756982 0.002565697465933428
v 0.008072018409174873 0.045014573929402335 0.0018523378039031124
v 0.008186394131528637 0.045146937215484954 0.00270878539683947
v 0.008858766171722338 0.04498785987338087 0.001679484804302125
v 0.008669570789676903 0.044853503557041464 0.0008101889765055828
v 7.999865708020171e-05 0.043807792246267574 -0.005955953924279168
v 0.00019297119649338534 0.04393480974091374 -0.005134086919697355
v 0.001886050632471784 0.043840645580538 -0.005743384208876231
v 0.0010777102730201021 0.04394583659990461 -0.005062776017712448
v 0.0019370578879615435 0.04397294181139703 -0.0048873707286634475
v 0.0009863999177679098 0.04381612199515392 -0.005902066670219148
v 0.002758071684672325 0.04387981328169678 -0.0054899555105638875
v 0.0027703316147192664 0.044014940733107515 -0.004615631763358708
v 0.005149387617869735 0.04407368110897509 -0.0042355473892108355
v 0.005046270188160492 0.04421918349359175 -0.003294120455301217
v 0.005851019949936335 0.044160204699151405 -0.003675735923721132
v 0.004337172374533857 0.04413954423970433 -0.0038094261116067255
v 0.003598131842435883 0.04393257084150377 -0.005148585283492993
v 0.003577117946081114 0.04407112183460795 -0.0042521249305991346
v 0.0043983737702395515 0.043997659111871486 -0.004727448677006608
v 0.0005359055797868444 0.014780995975146916 0.010406039379102163
v 7.999865708020171e-05 0.014752136151970479 0.010410157687417841
v 0.0009821579763837325 0.014865299292364267 0.010394011348370149
v 0.001192915454519874 0.01180778226218882 0.010015137227875876
v 0.0014132191052078546 0.015001608592090829 0.010374564402205593
v 0.0018287444933310646 0.01518469356688634 0.010348443598648423
v 0.0022973431596056784 0.011811329669781406 0.009901616459622925
v 0.0029374919052339633 0.015950938263497663 0.010239153828739689
v 0.0033882182589452733 0.011818134843653558 0.009713839481820995
v 0.004463937946430274 0.011830180569514022 0.009441287937591464
v 0.003967241278825044 0.016108402554945302 0.010010853144146317
v 0.0031653679067445793 0.016111984421472235 0.010210841623222593
v 0.0031087521104439762 0.016097170804993455 0.010218304310814979
v 0.004979115313054533 0.011841708480036739 0.009222537034424811
v 0.004740310241420788 0.016106012781282247 0.009763033801552046
v 0.004131289089377959 0.020436811649945832 0.010318124393036286
v 0.0032800043994123153 0.01951342955610189 0.010482998286690966
v 0.0032800123156539896 0.016243405209134348 0.010197453861567719
v 0.004928570575626119 0.02043576111810954 0.010037149967665419
v 0.005664090941316092 0.02043560093063096 0.009635692206658514
v 0.005461476132649084 0.016104768534355576 0.00939093598393088
v 0.002211857761241863 0.015421582908034932 0.010314648697280042
v 0.002594971261983299 0.015658471317860974 0.01028085565855676
v 0.003280000208460841 0.022787065571917956 0.010719976103481799
v 0.0032800020711059408 0.021150247564009923 0.010601487660747658
v 0.004280411059084831 0.024772537214898412 0.01054269606213984
v 0.0034220690396666495 0.024773295311454037 0.010801845874876247
v 0.005092807444656666 0.024772708578247597 0.01023552539608526
v 0.0032977572698585935 0.02043888104865172 0.010550728719132766
v 0.003279998811477016 0.026063702308989817 0.0109070620399517
v 0.003537250821687355 0.029113122420916397 0.010963938839396914
v 0.004413554793464269 0.029113455834389262 0.010684352084625403
v 0.005232211063555286 0.029114672141639437 0.010358073473814436
v 0.005832327840698479 0.02477352627944641 0.009812686331977651
v 0.0059656736720712445 0.02911630381874687 0.009921970513951087
v 0.0053460820090870005 0.03345942781003589 0.010404727145629348
v 0.004529820634933063 0.0334573826257163 0.010742917371853594
v 0.0032799995099689287 0.024425384871776437 0.01081351907171675
v 0.0032800034680897654 0.020331838560055906 0.010542242508058037
v 0.0032799985786463788 0.029342736270305134 0.011042929892789608
v 0.005455246050451498 0.011859263910102436 0.008936776542469984
v 0.006120796618628427 0.01610374407955068 0.00887649017116957
v 0.006271330473320954 0.011919371467473268 0.00818100177396469
v 0.005890816759477576 0.011884712298778575 0.00858571357596096
v 0.0065928849504975325 0.01196496715687149 0.007727853748792991
v 0.006671319073005383 0.016103028823832355 0.00824765652886135
v 0.006332618947685065 0.020435518974246565 0.00909751815797074
v 0.006893900505819793 0.02043555622714856 0.008447805195416212
v 0.006499676792719272 0.024774200556972544 0.009259785279808239
v 0.007323432053771016 0.020435708964046746 0.007719890940991308
v 0.007086029553897427 0.016102699135649687 0.007543518473474232
v 0.007061613536267858 0.024774736998761288 0.008599002617425546
v 0.006852407292253901 0.012022821844994102 0.007234348723566283
v 0.007431836135934792 0.016103969459607757 0.006743343368063519
v 0.00768531605698738 0.02043693830981262 0.006892530996010159
v 0.007271496851775595 0.012170669299791432 0.006208483896330854
v 0.007589275281673586 0.012361758060580822 0.005155117579858023
v 0.007713447585929793 0.016105562021168095 0.005934775649494341
v 0.007804118821082114 0.012595832944983601 0.004091804738552212
v 0.008087593847499474 0.01610872479254757 0.004305220560491737
v 0.007982084315820802 0.020438290590155082 0.0060545199806870285
v 0.007865764923305388 0.024776035262395853 0.007011830620685267
v 0.007931750988611217 0.016107225363242224 0.00512180882886069
v 0.008212929373620514 0.02043956650204845 0.005211787160035882
v 0.008181198283022719 0.01610978836289956 0.0034861894330743826
v 0.008377508969349424 0.020440600270078844 0.004367227550203098
v 0.008475302493702139 0.020441194453865684 0.003524182736497734
v 0.007918675220010558 0.012874736109003481 0.003019881587441896
v 0.007496495532268281 0.024775083450749854 0.007857515268158335
v 0.0066216916882886265 0.029117505224836245 0.00936335766058311
v 0.0075796477348139485 0.028609880418430437 0.007980333429426983
v 0.0078045230150687725 0.027170653665355225 0.007382382442873592
v 0.007174353390562714 0.029118267046682068 0.00870118919024616
v 0.006698382374983056 0.033463104671462914 0.009408373136032742
v 0.007664868870404229 0.027854561066652045 0.007749506066755719
v 0.007981062654983556 0.026571731309382285 0.0068912806954869125
v 0.008171591690920455 0.026082237490378017 0.006299225911996967
v 0.00840570475954778 0.024777598021634595 0.005287414742039596
v 0.00816960797388916 0.024776918156173163 0.0061526003523851135
v 0.00851776707668758 0.02548066086513785 0.004879012108778055
v 0.008637314433160964 0.025395785715874857 0.0041017093538704445
v 0.00835690252661024 0.02571365541538274 0.005621469430480992
v 0.008572692755390745 0.024777978001234956 0.0044210137557664534
v 0.008669453443035616 0.02477794261097806 0.00355864516330376
v 0.00867146137445321 0.02543064884420798 0.003707562474880291
v 0.008577540289262997 0.025438224221828905 0.004490360498493612
v 0.0086949511918069 0.02477734656454612 0.0027067478959309165
v 0.008505381418096402 0.020441103184255793 0.002687128189433355
v 0.00821187697913912 0.01611008266082533 0.0026670020762992828
v 0.00606365998019179 0.033461648082994865 0.009963626708963213
v 0.0032799981129851036 0.035905471981555886 0.011157188268502084
v 0.003279996948831916 0.039187635186638876 0.011134554336571756
v 0.003737188543684663 0.03780007262069707 0.011020464530240814
v 0.0036423969047409276 0.033456190532852426 0.011036808309669086
v 0.003279998345815741 0.03262356582149666 0.011126485357999384
v 0.005434168358502061 0.03780452061719541 0.010375514351206495
v 0.0061260041086662175 0.03780709106743314 0.009937849563426958
v 0.004628919407839468 0.03780187938644388 0.010718387267211662
v 0.003821454608000016 0.04214229322911268 0.010914970831045489
v 0.004710716536075025 0.04214445762271866 0.010610798092279052
v 0.006729453623554243 0.0378085215788698 0.009395247076014388
v 0.007234331494099109 0.03780880470092497 0.008759299060747447
v 0.007231994340160123 0.033463793850149845 0.008754432900424197
v 0.006152470432889402 0.04215011633853188 0.0098448588694641
v 0.005496327619450333 0.04214743785487835 0.010270483519318474
v 0.006714606479463666 0.04215121902443096 0.009324460042963802
v 0.0015992618440065446 0.046459137160688495 0.011199198366083171
v 0.0025879977515602523 0.043034388473215134 0.01119912199763408
v 0.0018173112284624816 0.0434907998526017 0.011313006913004043
v 7.999865708020171e-05 0.04647279407456029 0.011287570631521053
v 0.0005302356298953669 0.04387992131511257 0.01141010008279923
v 0.0009743257283620144 0.043796798914888496 0.011389360460935407
v 0.0014054077537358498 0.04366473737731205 0.011356408406474689
v 0.003085408510730622 0.046419298907293786 0.010941413872204925
v 0.0032799950861868163 0.04246924704877233 0.011058093686547152
v 0.0052403708460762735 0.0463110196223517 0.010240840453877565
v 0.005896454054872148 0.046255054587682844 0.009878704993572726
v 0.0045326290380823 0.04635356243643133 0.010516097490114569
v 0.0029339961860428967 0.04275181776099373 0.011128607842090616
v 0.006478561847867839 0.04618105542315763 0.009399890650248212
v 0.007613290830606696 0.030129903128000058 0.007990265984421712
v 0.007562952846784362 0.029395551572110212 0.008058252530564736
v 0.007649549080119575 0.03346361503622026 0.008015516001394721
v 0.00771903924651942 0.03083375200773543 0.007790756205136086
v 0.00786731371270588 0.03148150360499986 0.007471285562164919
v 0.007629517263393681 0.03780789945540646 0.008036328266417436
v 0.00800753363581949 0.033463179177266905 0.007159439191248545
v 0.008042540187825298 0.032059124751611386 0.0070424376049653264
v 0.008225694080489503 0.03254654544661957 0.006522236218845608
v 0.0079689554618348 0.03780627895416963 0.00718804103807866
v 0.008402445130623116 0.03293649764884495 0.00591880998702133
v 0.008301219682674003 0.03346235961342299 0.0062822953993622544
v 0.00824550237980342 0.03780416298933625 0.0063140758500551935
v 0.008453500232808876 0.037801633517290704 0.00542546375228938
v 0.008479030577869407 0.033074359463262204 0.005587073826067921
v 0.008674689338411179 0.033366642007034014 0.0045382532949611734
v 0.008555616956438247 0.033212221277679456 0.005255338130775788
v 0.008627106206691462 0.036384857225603494 0.004538252829299898
v 0.0085258630636139 0.03346115634468851 0.0053942202090464615
v 0.007181138541000043 0.04215076453902661 0.008716477781225392
v 0.007545099859163969 0.04214878640993061 0.008019267368625738
v 0.00785755158973778 0.04214561246268054 0.007187340217859856
v 0.006962460746653558 0.04609212902080256 0.008824525166852554
v 0.007334776028090127 0.04599087190788675 0.008169362104735985
v 0.007604553162443493 0.04588276771158405 0.00746986762358269
v 0.00782589314229888 0.045772219724910385 0.006754614699223737
v 0.008109062694919872 0.04214184991957892 0.006324520166791097
v 0.00829324663032427 0.04213769249571615 0.005442487397179083
v 0.008532913175316677 0.0394017685926031 0.004538252829299898
v 0.008127324067478398 0.045545215441306484 0.005285800294399337
v 0.008000488180729463 0.04565955204811315 0.006025590773980622
v 0.008392283470281108 0.042416873193855904 0.004538251897977348
v 0.008205386592288836 0.04542967556576534 0.004538250035332248
v 0.00842744089654 0.041663097974865254 0.004538252363638623
v 0.008406427465846507 0.04213338233495519 0.004550536508071862
v 0.008462598322798894 0.040909322755874604 0.004538252363638623
v 0.007931693246613122 0.013197062186912656 0.001951008750513156
v 0.008177846453165613 0.01610929103665791 0.0018471014428662748
v 0.007842319809434093 0.013557014627160519 0.0009042771758858433
v 0.008076581889669405 0.01610705586253814 0.001026986954492745
v 0.008466194159164074 0.020440084317386198 0.0018576327218452753
v 0.008355937676448539 0.020437856593846827 0.0010381196350083464
v 0.008647995771485818 0.024776048300911555 0.0018688700597324223
v 0.008162821426468006 0.0204342151226767 0.00024228203340657915
v 0.007897252007395108 0.01610275874029288 0.00022858463610768944
v 0.007865526504732613 0.020430258864484706 -0.000563352586655078
v 0.0076211726133465375 0.016097463240274126 -0.0005689447129059791
v 0.008321871760218133 0.02477100984591657 0.0002557105549749285
v 0.008527650271587167 0.024773872731434977 0.0010492253071700004
v 0.007624313032984815 0.013952470014333288 -0.00011776225125181051
v 0.0072695019588736995 0.014368965840553498 -0.001086049102301309
v 0.007251943734840351 0.016092212443737763 -0.0013528259810601582
v 0.006791788904464446 0.014795328097867396 -0.0019878211369432283
v 0.006792719761353076 0.01608784826626891 -0.0021098595484069674
v 0.007469145848606513 0.020426650920926378 -0.0013632379343374525
v 0.006978484151124663 0.020423907244694357 -0.002142277955046591
v 0.0075914941576487325 0.024766410975165142 -0.0013598001899751177
v 0.006499652578332974 0.017138497449202397 -0.002591948421816947
v 0.00640161365048836 0.02042233703487522 -0.0028856491370016207
v 0.006645720741398711 0.015966912307873622 -0.0022898848957954064
v 0.006093327260018995 0.01946587063876847 -0.0031920030331799337
v 0.007079272343136596 0.02476515741501297 -0.002148587432491556
v 0.00800772641958732 0.024768433807743535 -0.000553024568822594
v 0.00871804612839943 0.025689161632320254 0.0025540331166571503
v 0.008705608315745456 0.025465510109896002 0.0033134155958901373
v 0.008679427907545093 0.026057317161587674 0.001854573909345433
v 0.008602513703438685 0.026555664132751334 0.0012413328184136682
v 0.008504567442187786 0.02715999188480392 0.0007412847866126066
v 0.008327802422215926 0.028608362362674094 0.00013647626839746242
v 0.006486010565621974 0.029109417619812877 -0.0028810246548800706
v 0.006480285725907712 0.024764762534251812 -0.0029037552115249504
v 0.007095213325562035 0.02910889235389473 -0.0021282347751472195
v 0.007619022655240083 0.029108877452733932 -0.0013418881797881246
v 0.008403479829976059 0.027853991097251504 0.000367237448960023
v 0.0075517881520561075 0.03345138118320472 -0.001308963250096672
v 0.008047654079946823 0.02910946232329527 -0.0005374512259737296
v 0.00702646309492809 0.033452364659817414 -0.0020807284775378695
v 0.008297950740523839 0.029395551572110212 5.825313046493025e-05
v 0.006026059694884498 0.019702514110763885 -0.0032732993427142787
v 0.005927209119437642 0.019913315244644552 -0.003383852684492597
v 0.005748796589875 0.020422081852496544 -0.0035788262244682767
v 0.005654693896787557 0.02024827843823338 -0.00366282010976842
v 0.00580585732552382 0.024765228195526765 -0.0036100362400993988
v 0.005313560225644338 0.020471872218659537 -0.003976686752126174
v 4.149574196109593e-05 0.020602289040612853 -0.006115493202367996
v 0.00042210110740212894 0.020602289040612853 -0.006093937741950458
v 0.00010436848693206188 0.02477873423514548 -0.006207841749432695
v 0.0058031210998722 0.02911034521707258 -0.003585207180918947
v 0.003665081593750225 0.020602289040612853 -0.0051241138521717034
v 0.003988755295389111 0.020602289040612853 -0.0049294129568725085
v 0.003453415028390058 0.024770851521083086 -0.005305276111562939
v 0.004312428997027996 0.020602289040612853 -0.004734712992895863
v 0.004930580369688813 0.020602289040612853 -0.004292902422785425
v 0.004278695097286633 0.024768424494518035 -0.0048226792017019866
v 0.0050678419467226525 0.024766485480969134 -0.004253845549010083
v 0.005122070064835938 0.020537079698313643 -0.0041347945874558
v 0.005058697756266416 0.029111565249612954 -0.004227346628497652
v 0.005740680113852583 0.033454502976392 -0.0035041700118841126
v 0.00426542421661177 0.02911296595872801 -0.004795043136356122
v 0.0034382994305744716 0.029114415096615665 -0.005277072405122907
v 0.00421927764992528 0.033455862707314855 -0.004681357989673113
v 0.005003379990769743 0.03345532999081631 -0.004129424581633051
v 0.0026327268453257874 0.020602289040612853 -0.005597489737466052
v 0.0026079527341757794 0.024773502065060116 -0.005691425723817063
v 0.002277906923650448 0.020602289040612853 -0.005735654231712024
v -0.0007142483183659028 0.020602289040612853 -0.006063537511276478
v 0.0009890281100037401 0.020602289040612853 -0.006039948508071224
v 0.0009163011902893624 0.02477793329775256 -0.006147255492271212
v 0.0008027064401013536 0.020602289040612853 -0.0060723822815329205
v 0.0025931877793002323 0.029115776690183625 -0.005663196871668184
v 0.0029875467670011265 0.020602289040612853 -0.0054593252432200805
v 0.0017568316077329628 0.024776009185364458 -0.005973955923507546
v 0.0017446260436398714 0.029116912903694506 -0.005946018575316787
v 0.00010413783908181211 0.029117967160820997 -0.006180348642098241
v 0.000908967025208865 0.029117682176120728 -0.006119633396763597
v 0.0011753497799061265 0.020602289040612853 -0.006007515200270802
v 0.0015479931197108995 0.020602289040612853 -0.005942648584669958
v 0.0017304715706957866 0.020602289040612853 -0.005890900112845794
v 0.0019129501380959924 0.020602289040612853 -0.005839151641021629
v 0.00641896325827053 0.0334534710710067 -0.002817114740368616
v 0.008553458150767568 0.03779079664810002 0.0019067840843237129
v 0.008734265110606015 0.032935115566180895 0.0021950669469896363
v 0.008751931368055152 0.033074650035897775 0.0025312601848362496
v 0.008691573284918395 0.033453951633442454 0.001893443238042288
v 0.008664222204272803 0.03254216078005462 0.001588671193214988
v 0.00876959669418174 0.033214184505614655 0.0028674536555135005
v 0.008760498604191723 0.033366642007034014 0.0035782513656243482
v 0.008699976608286183 0.03634820782061965 0.003578252296946898
v 0.00863959710473078 0.03779321063614937 0.0027619713650194125
v 0.008645898433103432 0.037838200965890155 0.0035782525297775353
v 0.008761953330014673 0.03345594093840905 0.0027441747224132887
v 0.00854750048041583 0.033451966053766054 0.0010712758819381315
v 0.008395591527978368 0.03778891910183941 0.0010821856271183493
v 0.008309022302997102 0.042122631147439096 0.0019208405355694205
v 0.008472490830923978 0.03146666949942498 0.000636197551502656
v 0.008572318363725684 0.03204545293657879 0.0010619215618315725
v 0.008318481746136482 0.030121154283966254 0.00012461638504144895
v 0.008319606783776766 0.033450796312643374 0.00028267795983379085
v 0.008380791881337838 0.03081629902315022 0.00031907215333512655
v 0.007985232186039479 0.03345075905974138 -0.0005161927410342924
v 0.00815819554736263 0.03778854284752925 0.00029654660406654425
v 0.00738994524764009 0.03779106114370419 -0.0012608312201491047
v 0.006873291269112958 0.03779265184261943 -0.0020058219720184185
v 0.007820554801442827 0.03778951887356155 -0.0004890877623725113
v 0.006279575471855258 0.0377939147159971 -0.0027117223225005937
v 0.008413726240670107 0.0421255294232144 0.00277924181038484
v 0.008591820257920683 0.03932819038587045 0.003578252762608173
v 0.008135946251645413 0.042120828106982484 0.00109299828192274
v 0.008186394131528637 0.045146937215484954 0.00270878539683947
v 0.008436074256577615 0.04230607188744867 0.0035782529954388105
v 0.008232788895674675 0.04528131215827536 0.0035782529954388105
v 0.007888787216739026 0.04488424465176871 0.0010090780875193577
v 0.008072018409174873 0.045014573929402335 0.0018523378039031124
v 0.007890073373180444 0.04212112985548865 0.0003108061127319607
v 0.00755375929623298 0.042122865840721675 -0.000456044263678924
v 0.007133673221582888 0.042124992981425656 -0.0011973840565296344
v 0.006635993543026234 0.042126773670141074 -0.0019033307403086672
v 0.007620496473175307 0.04475643739560022 0.00018210995284533664
v 0.0072568806756773945 0.0446329142231613 -0.000617129071539319
v 0.006813657754920027 0.044517378072910355 -0.001364680669382573
v 0.006295421925041882 0.044409706010270805 -0.0020613604609594194
v 0.006068347326585459 0.04212770499269098 -0.0025645535690115083
v 0.004902701694818699 0.03779454056475064 -0.003959792561070908
v 0.003402577855680975 0.03345604524653464 -0.005149559446880192
v 0.0025682132009713574 0.033455881333765855 -0.005524515959068291
v 0.004141182063164319 0.03779372845148712 -0.004481451466981227
v 0.005439338129976581 0.0421274553982476 -0.003172134663561548
v 0.0056191639415087025 0.03779459271881343 -0.0033666006327475297
v 0.004757693842476029 0.04212591685339516 -0.0037181031835001096
v 0.003347169519066323 0.03779222715953667 -0.00492272280133527
v 0.002533787328575415 0.03779020060166808 -0.005275525944028791
v 0.003273291193641967 0.04211939014496543 -0.004596549429972441
v 0.004032343984692288 0.042123137786906246 -0.004195103776158686
v 0.0009029194822310606 0.03345497236295715 -0.005967986611623934
v 0.00010398130413385396 0.03345470041677258 -0.006027072973818795
v 0.001713084127935027 0.037788010131030704 -0.0055338091611325125
v 0.0017298828584289283 0.033455464101263495 -0.005799220721033202
v 0.00010390309486753425 0.037785290669184984 -0.0057482359336999585
v 0.000898339761799565 0.037786140035350496 -0.005692567525263246
v 0.0024909187844339518 0.042115061357753475 -0.004916427526559191
v 0.005703062599078118 0.04430980490298766 -0.0027077728163970864
v 0.004337172374533857 0.04413954423970433 -0.0038094261116067255
v 0.003577117946081114 0.04407112183460795 -0.0042521249305991346
v 0.005046270188160492 0.04421918349359175 -0.003294120455301217
v 0.0027703316147192664 0.044014940733107515 -0.004615631763358708
v 0.0019370578879615435 0.04397294181139703 -0.0048873707286634475
v 0.0008954539424633674 0.04210746176574626 -0.005293728177605398
v 0.0016948651305525215 0.04211081825221611 -0.005150126156651809
v 0.00010390815893389936 0.042106012627858604 -0.005344133682312601
v 0.0010777102730201021 0.04394583659990461 -0.005062776017712448
v 0.00019297119649338534 0.04393480974091374 -0.005134086919697355
v 0.003326313947545038 0.020602289040612853 -0.00529171978052653
v 0.0031943823294643017 0.016170288938386453 0.010207879086191349
v 0.008580009225342794 0.0378933166343935 0.004538252829299898
v 0.008205386592288836 0.04542967556576534 0.004538250035332248
v 0.008159997656496694 0.045429679291055534 0.0045382532949611734
v 0.008392283470281108 0.042416873193855904 0.004538251897977348
v 0.006639998695652098 0.034485912898089555 0.0045382532949611734
v 0.008532913175316677 0.0394017685926031 0.004538252829299898
v 0.006639998695652098 0.033366642007034014 0.0045382532949611734
v 0.008674689338411179 0.033366642007034014 0.0045382532949611734
v 0.008627106206691462 0.036384857225603494 0.004538252829299898
v 0.007613290830606696 0.030129903128000058 0.007990265984421712
v 0.006639998695652098 0.030116836672624898 0.007992683697761264
v 0.00771903924651942 0.03083375200773543 0.007790756205136086
v 0.00786731371270588 0.03148150360499986 0.007471285562164919
v 0.006639998695652098 0.031465592890557295 0.0074809582781682265
v 0.006639998695652098 0.030814473630952407 0.00779812576047348
v 0.006639998695652098 0.03204884667595064 0.007051579001453913
v 0.008042540187825298 0.032059124751611386 0.0070424376049653264
v 0.006639998695652098 0.032938125600662185 0.005915709614252698
v 0.008225694080489503 0.03254654544661957 0.006522236218845608
v 0.008402445130623116 0.03293649764884495 0.00591880998702133
v 0.008555616956438247 0.033212221277679456 0.005255338130775788
v 0.006639998695652098 0.03321499289358797 0.005246458435923724
v 0.008674689338411179 0.033366642007034014 0.0045382532949611734
v 0.006639998695652098 0.033366642007034014 0.0045382532949611734
v 0.006639998695652098 0.03254511493518292 0.00652406440501107
v 0.006639998695652098 0.033366642007034014 0.0035782529954388105
v 0.006639998695652098 0.03433754576530938 0.0035782529954388105
v 0.008760498604191723 0.033366642007034014 0.0035782513656243482
v 0.008699976608286183 0.03634820782061965 0.003578252296946898
v 0.008591820257920683 0.03932819038587045 0.003578252762608173
v 0.008159997656496694 0.04528131215827536 0.0035782529954388105
v 0.008232788895674675 0.04528131215827536 0.0035782529954388105
v 0.008436074256577615 0.04230607188744867 0.0035782529954388105
v -0.006480000741207441 0.03433754576530938 0.0035782529954388105
v -0.008276076767794233 0.04230607188744867 0.0035782529954388105
v -0.008000001099035862 0.04528131215827536 0.0035782529954388105
v -0.008072792338213843 0.04528131215827536 0.0035782529954388105
v -0.008431818112524551 0.03932819038587045 0.003578252762608173
v -0.008600463862506345 0.033366642007034014 0.0035782513656243482
v -0.008539965149664553 0.03634820782061965 0.003578252296946898
v -0.006480000741207441 0.033366642007034014 0.0035782529954388105
v -0.008158474944127601 0.03012098664590727 0.00012458528759943106
v -0.008220972275161487 0.030817800315100667 0.00031964299585055856
v -0.006480000741207441 0.030814473630952407 0.0003183798896422507
v -0.006480000741207441 0.031465592890557295 0.0006355476047781414
v -0.008312489616850396 0.03146664714768378 0.0006361834652490886
v -0.006480000741207441 0.03204884667595064 0.0010649272889460704
v -0.006480000741207441 0.030116836672624898 0.00012382224339276248
v -0.00841274090141231 0.03204777751766335 0.0010639778056064427
v -0.006480000741207441 0.032938125600662185 0.002200796676147286
v -0.00850404683288239 0.032541199655183116 0.0015874495308601507
v -0.008574357960109974 0.032935670634420634 0.002196120738454853
v -0.008609525630916916 0.03321307436913517 0.002863891812421391
v -0.006480000741207441 0.03321499289358797 0.0028700473888149843
v -0.008600463862506345 0.033366642007034014 0.0035782513656243482
v -0.006480000741207441 0.03254511493518292 0.0015924415361429573
v -0.006480000741207441 0.033366642007034014 0.0035782529954388105
v -0.006480000741207441 0.034485912898089555 0.0045382532949611734
v -0.00846710871790808 0.036384857225603494 0.004538252829299898
v -0.008514692780950347 0.033366642007034014 0.0045382532949611734
v -0.006480000741207441 0.033366642007034014 0.0045382532949611734
v -0.008372917549178396 0.0394017685926031 0.004538252829299898
v -0.008000001099035862 0.045429679291055534 0.0045382532949611734
v -0.008232286912820276 0.042416873193855904 0.004538251897977348
v -0.008045389103505456 0.04542967556576534 0.004538250035332248
v 0.0032799985786463788 0.029342736270305134 0.011042929892789608
v 0.0032799985786463788 0.035822625252806585 0.009910284278594887
v 0.003279998345815741 0.03262356582149666 0.011126485357999384
v 0.003279998811477016 0.026063702308989817 0.0109070620399517
v 0.0032799985786463788 0.03225754115822342 0.009880701749119722
v 0.003279996948831916 0.039187635186638876 0.011134554336571756
v 0.0032799981129851036 0.035905471981555886 0.011157188268502084
v 0.0032799985786463788 0.03786914695157838 0.009910284278594887
v 0.0032799950861868163 0.04246924704877233 0.011058093686547152
v 0.003280000208460841 0.022787065571917956 0.010719976103481799
v 0.0032800043994123153 0.01951342955610189 0.010482998286690966
v 0.0032800123156539896 0.016243405209134348 0.010197453861567719
v 0.0032799985786463788 0.025131314326088297 0.009644091804736103
v 0.0032799985786463788 0.021572123640600932 0.00943713051372869
v 0.0032799985786463788 0.02869344799083336 0.009791962542597179
v -0.0031200013226936347 0.03262382659181064 0.011126490945934682
v -0.0031200013226936347 0.035822625252806585 0.009910284278594887
v -0.0031200013226936347 0.0293430361561662 0.011042940137337656
v -0.0031200013226936347 0.03225754115822342 0.009880701749119722
v -0.003120001555524272 0.026063950040788094 0.010907073215822299
v -0.0031200008570323595 0.03590562099316387 0.011157191062469733
v -0.0031199999257098096 0.03918767616483108 0.011134555267894305
v -0.0031199978302340723 0.04246924704877233 0.011058093686547152
v -0.0031200013226936347 0.03786914695157838 0.009910284278594887
v -0.003120002952508097 0.02278721644617104 0.010719984485384748
v -0.0031200013226936347 0.025131314326088297 0.009644091804736103
v -0.0031200150597012455 0.016243405209134348 0.010197453861567719
v -0.003120007376290209 0.01951348543545488 0.010483002011981166
v -0.0031200013226936347 0.021572123640600932 0.00943713051372869
v -0.0031200013226936347 0.02869344799083336 0.009791962542597179
v 0.008159997656496694 0.04528131215827536 0.0035782529954388105
v 0.006639998695652098 0.03433754576530938 0.0035782529954388105
v 0.006639998695652098 0.034485912898089555 0.0045382532949611734
v 0.008159997656496694 0.045429679291055534 0.0045382532949611734
v 0.006639998695652098 0.027864816790571595 0.0077537710583730065
v 0.006639998695652098 0.029012865548419184 0.004982132332454948
v 0.006639998695652098 0.027173268819075357 0.007384131466622312
v 0.006639998695652098 0.026567123125405358 0.0068866799620903845
v 0.006639998695652098 0.029395551572110212 0.008058252530564736
v 0.006639998695652098 0.029395551572110212 0.005058253049748837
v 0.006639998695652098 0.028615190819609993 0.007981394205811324
v 0.006639998695652098 0.028688443063450177 0.004765360024045568
v 0.006639998695652098 0.026069670223889604 0.0062805338027591105
v 0.006639998695652098 0.025472409347345695 0.004838614596192126
v 0.006639998695652098 0.025700032029122737 0.005588986762585425
v 0.006639998695652098 0.02847167215202462 0.00444093660775401
v 0.006639998695652098 0.028395551434730732 0.004058253378030629
v 0.006639998695652098 0.031465592890557295 0.0074809582781682265
v 0.006639998695652098 0.029778233870511043 0.004982132332454948
v 0.006639998695652098 0.030814473630952407 0.00779812576047348
v 0.006639998695652098 0.03204884667595064 0.007051579001453913
v 0.006639998695652098 0.03254511493518292 0.00652406440501107
v 0.006639998695652098 0.030102656355480054 0.004765360024045568
v 0.006639998695652098 0.032938125600662185 0.005915709614252698
v 0.006639998695652098 0.030116836672624898 0.007992683697761264
v 0.006639998695652098 0.030319430992195806 0.00444093660775401
v 0.006639998695652098 0.03433754576530938 0.0035782529954388105
v 0.006639998695652098 0.033366642007034014 0.0045382532949611734
v 0.006639998695652098 0.034485912898089555 0.0045382532949611734
v 0.006639998695652098 0.03321499289358797 0.005246458435923724
v 0.006639998695652098 0.030395551709489696 0.004058253378030629
v 0.006639998695652098 0.02539555102259228 0.004058253378030629
v 0.006639998695652098 0.02847167215202462 0.0036755694498153365
v 0.006639998695652098 0.025472409347345695 0.0032778919270384952
v 0.006639998695652098 0.025700032029122737 0.0025275195278145588
v 0.006639998695652098 0.028688443063450177 0.0033511462663544152
v 0.006639998695652098 0.029012865548419184 0.0031343737251143975
v 0.006639998695652098 0.026567123125405358 0.0012298259790636428
v 0.006639998695652098 0.029395551572110212 0.003058253007820509
v 0.006639998695652098 0.028615190819609993 0.000135112011829086
v 0.006639998695652098 0.026069670223889604 0.0018359721383949168
v 0.006639998695652098 0.027173268819075357 0.0007323746491546928
v 0.006639998695652098 0.027864816790571595 0.00036273497009251004
v 0.006639998695652098 0.029395551572110212 5.825313046493025e-05
v 0.006639998695652098 0.030116836672624898 0.00012382224339276248
v 0.006639998695652098 0.030102656355480054 0.0033511462663544152
v 0.006639998695652098 0.030319430992195806 0.0036755694498153365
v 0.006639998695652098 0.032938125600662185 0.002200796676147286
v 0.006639998695652098 0.03321499289358797 0.0028700473888149843
v 0.006639998695652098 0.033366642007034014 0.0035782529954388105
v 0.006639998695652098 0.029778233870511043 0.0031343737251143975
v 0.006639998695652098 0.03204884667595064 0.0010649272889460704
v 0.006639998695652098 0.031465592890557295 0.0006355476047781414
v 0.006639998695652098 0.030814473630952407 0.0003183798896422507
v 0.006639998695652098 0.03254511493518292 0.0015924415361429573
v -0.006480000741207441 0.034485912898089555 0.0045382532949611734
v -0.008000001099035862 0.04528131215827536 0.0035782529954388105
v -0.008000001099035862 0.045429679291055534 0.0045382532949611734
v -0.006480000741207441 0.03433754576530938 0.0035782529954388105
v -0.006480000741207441 0.027864816790571595 0.00036273497009251004
v -0.006480000741207441 0.029012865548419184 0.0031343737251143975
v -0.006480000741207441 0.027173268819075357 0.0007323746491546928
v -0.006480000741207441 0.026567123125405358 0.0012298259790636428
v -0.006480000741207441 0.029395551572110212 5.825313046493025e-05
v -0.006480000741207441 0.029395551572110212 0.003058253007820509
v -0.006480000741207441 0.028615190819609993 0.000135112011829086
v -0.006480000741207441 0.028688443063450177 0.0033511462663544152
v -0.006480000741207441 0.026069670223889604 0.0018359721383949168
v -0.006480000741207441 0.025472409347345695 0.0032778919270384952
v -0.006480000741207441 0.025700032029122737 0.0025275195278145588
v -0.006480000741207441 0.02847167215202462 0.0036755694498153365
v -0.006480000741207441 0.028395551434730732 0.004058253378030629
v -0.006480000741207441 0.031465592890557295 0.0006355476047781414
v -0.006480000741207441 0.029778233870511043 0.0031343737251143975
v -0.006480000741207441 0.030814473630952407 0.0003183798896422507
v -0.006480000741207441 0.03204884667595064 0.0010649272889460704
v -0.006480000741207441 0.03254511493518292 0.0015924415361429573
v -0.006480000741207441 0.030102656355480054 0.0033511462663544152
v -0.006480000741207441 0.032938125600662185 0.002200796676147286
v -0.006480000741207441 0.030116836672624898 0.00012382224339276248
v -0.006480000741207441 0.030319430992195806 0.0036755694498153365
v -0.006480000741207441 0.033366642007034014 0.0045382532949611734
v -0.006480000741207441 0.033366642007034014 0.0035782529954388105
v -0.006480000741207441 0.03433754576530938 0.0035782529954388105
v -0.006480000741207441 0.03321499289358797 0.0028700473888149843
v -0.006480000741207441 0.030395551709489696 0.004058253378030629
v -0.006480000741207441 0.02539555102259228 0.004058253378030629
v -0.006480000741207441 0.02847167215202462 0.00444093660775401
v -0.006480000741207441 0.025472409347345695 0.004838614596192126
v -0.006480000741207441 0.025700032029122737 0.005588986762585425
v -0.006480000741207441 0.028688443063450177 0.004765360024045568
v -0.006480000741207441 0.029012865548419184 0.004982132332454948
v -0.006480000741207441 0.026567123125405358 0.0068866799620903845
v -0.006480000741207441 0.029395551572110212 0.005058253049748837
v -0.006480000741207441 0.028615190819609993 0.007981394205811324
v -0.006480000741207441 0.026069670223889604 0.0062805338027591105
v -0.006480000741207441 0.027173268819075357 0.007384131466622312
v -0.006480000741207441 0.027864816790571595 0.0077537710583730065
v -0.006480000741207441 0.029395551572110212 0.008058252530564736
v -0.006480000741207441 0.030116836672624898 0.007992683697761264
v -0.006480000741207441 0.030102656355480054 0.004765360024045568
v -0.006480000741207441 0.030319430992195806 0.00444093660775401
v -0.006480000741207441 0.032938125600662185 0.005915709614252698
v -0.006480000741207441 0.03321499289358797 0.005246458435923724
v -0.006480000741207441 0.034485912898089555 0.0045382532949611734
v -0.006480000741207441 0.029778233870511043 0.004982132332454948
v -0.006480000741207441 0.03204884667595064 0.007051579001453913
v -0.006480000741207441 0.031465592890557295 0.0074809582781682265
v -0.006480000741207441 0.030814473630952407 0.00779812576047348
v -0.006480000741207441 0.03254511493518292 0.00652406440501107
v -0.0008142412773355356 0.04379436257509795 0.01138875230731032
v -0.0003714648384293579 0.04388629528664412 0.011411690781714466
v 7.999865708020171e-05 0.04390832292759445 0.011417186516081453
v -0.0012467004959300421 0.043662654940090466 0.011355888728491843
v 0.0014054077537358498 0.04366473737731205 0.011356408406474689
v 0.0005302356298953669 0.04387992131511257 0.01141010008279923
v 0.0009743257283620144 0.043796798914888496 0.011389360460935407
v 0.0018173112284624816 0.0434907998526017 0.011313006913004043
v -0.0031200013226936347 0.03786914695157838 0.009910284278594887
v -0.002429379085812004 0.04303268974088411 0.011198696383228773
v -0.001661019355689851 0.04348899681214508 0.01131255615288989
v -0.0031199978302340723 0.04246924704877233 0.011058093686547152
v 0.0032799985786463788 0.03786914695157838 0.009910284278594887
v 0.0025879977515602523 0.043034388473215134 0.01119912199763408
v 0.0032799950861868163 0.04246924704877233 0.011058093686547152
v 0.0032799985786463788 0.03786914695157838 0.009910284278594887
v 0.0032799985786463788 0.035822625252806585 0.009910284278594887
v -0.0031200013226936347 0.035822625252806585 0.009910284278594887
v -0.0031200013226936347 0.03786914695157838 0.009910284278594887
v 0.0032799985786463788 0.025131314326088297 0.009644091804736103
v 0.0032799985786463788 0.021572123640600932 0.00943713051372869
v -0.0031200013226936347 0.021572123640600932 0.00943713051372869
v -0.0031200013226936347 0.025131314326088297 0.009644091804736103
v -0.0031200013226936347 0.03225754115822342 0.009880701749119722
v -0.0031200013226936347 0.02869344799083336 0.009791962542597179
v 0.0032799985786463788 0.03225754115822342 0.009880701749119722
v 0.0032799985786463788 0.02869344799083336 0.009791962542597179
v 7.999865708020171e-05 0.014752136151970479 0.010410157687417841
v -0.00037609595622407644 0.014778834375508589 0.010406348578188732
v -0.0008230738821911698 0.014865531191679193 0.010393979683403451
v 0.0014132191052078546 0.015001608592090829 0.010374564402205593
v -0.0012530671332965076 0.015001455855192644 0.01037458675394679
v 0.0005359055797868444 0.014780995975146916 0.010406039379102163
v 0.0009821579763837325 0.014865299292364267 0.010394011348370149
v -0.0031200013226936347 0.021572123640600932 0.00943713051372869
v -0.0016666803998094451 0.015183654210920647 0.01034859074761131
v -0.002434478775264643 0.015659052463132112 0.010280764388946869
v -0.0031200150597012455 0.016243405209134348 0.010197453861567719
v 0.0032799985786463788 0.021572123640600932 0.00943713051372869
v 0.002594971261983299 0.015658471317860974 0.01028085565855676
v 0.0018287444933310646 0.01518469356688634 0.010348443598648423
v 0.0032800123156539896 0.016243405209134348 0.010197453861567719
v 0.006639998695652098 0.029778233870511043 0.004982132332454948
v 0.008159997656496694 0.029778233870511043 0.004982132332454948
v 0.006639998695652098 0.030319430992195806 0.00444093660775401
v 0.008159997656496694 0.030319430992195806 0.00444093660775401
v 0.008159997656496694 0.030102656355480054 0.004765360024045568
v 0.006639998695652098 0.030102656355480054 0.004765360024045568
v 0.006639998695652098 0.030395551709489696 0.004058253378030629
v 0.008159997656496694 0.030395551709489696 0.004058253378030629
v 0.006639998695652098 0.030102656355480054 0.0033511462663544152
v 0.008159997656496694 0.030102656355480054 0.0033511462663544152
v 0.008159997656496694 0.030319430992195806 0.0036755694498153365
v 0.008159997656496694 0.029778233870511043 0.0031343737251143975
v 0.006639998695652098 0.029778233870511043 0.0031343737251143975
v 0.006639998695652098 0.030319430992195806 0.0036755694498153365
v -0.006480000741207441 0.029778233870511043 0.0031343737251143975
v -0.008000001099035862 0.029778233870511043 0.0031343737251143975
v -0.006480000741207441 0.030319430992195806 0.0036755694498153365
v -0.008000001099035862 0.030319430992195806 0.0036755694498153365
v -0.008000001099035862 0.030102656355480054 0.0033511462663544152
v -0.006480000741207441 0.030102656355480054 0.0033511462663544152
v -0.006480000741207441 0.030395551709489696 0.004058253378030629
v -0.008000001099035862 0.030395551709489696 0.004058253378030629
v -0.006480000741207441 0.030102656355480054 0.004765360024045568
v -0.008000001099035862 0.030102656355480054 0.004765360024045568
v -0.008000001099035862 0.030319430992195806 0.00444093660775401
v -0.008000001099035862 0.029778233870511043 0.004982132332454948
v -0.006480000741207441 0.029778233870511043 0.004982132332454948
v -0.006480000741207441 0.030319430992195806 0.00444093660775401
v 0.008159997656496694 0.028688443063450177 0.004765360024045568
v 0.008159997656496694 0.029012865548419184 0.004982132332454948
v 0.008159997656496694 0.02806218080270224 0.006053780044921129
v 0.008159997656496694 0.02769849375902926 0.005755309328466482
v 0.008159997656496694 0.02892733288543596 0.006412138060963556
v 0.008159997656496694 0.02847710921307096 0.00627556426563282
v 0.008159997656496694 0.029395551572110212 0.005058253049748837
v 0.008159997656496694 0.02740002350823589 0.005391621353470953
v 0.008159997656496694 0.02847167215202462 0.00444093660775401
v 0.008159997656496694 0.02717823835620165 0.004976692943102231
v 0.008159997656496694 0.027041665492193463 0.004526469736398507
v 0.008159997656496694 0.028395551434730732 0.004058253378030629
v 0.008159997656496694 0.026995550124812393 0.004058253378030629
v 0.008159997656496694 0.027041665492193463 0.0035900363211708386
v 0.008159997656496694 0.030728918616227986 0.006053780044921129
v 0.008159997656496694 0.030313990205859266 0.00627556426563282
v 0.008159997656496694 0.029778233870511043 0.004982132332454948
v 0.008159997656496694 0.029863766533494266 0.006412138060963556
v 0.008159997656496694 0.030102656355480054 0.004765360024045568
v 0.008159997656496694 0.031092607522546067 0.005755309328466482
v 0.008159997656496694 0.03139107591069434 0.005391621353470953
v 0.008159997656496694 0.029395551572110212 0.006458252962683348
v 0.008159997656496694 0.030319430992195806 0.00444093660775401
v 0.008159997656496694 0.03161285733743838 0.004976692943102231
v 0.008159997656496694 0.031749433926736764 0.004526469736398507
v 0.008159997656496694 0.030395551709489696 0.004058253378030629
v 0.008159997656496694 0.02847167215202462 0.0036755694498153365
v 0.008159997656496694 0.02717823835620165 0.003139812881636477
v 0.008159997656496694 0.028688443063450177 0.0033511462663544152
v 0.008159997656496694 0.02740002350823589 0.0027248844712677556
v 0.008159997656496694 0.02806218080270224 0.0020627260126482166
v 0.008159997656496694 0.029012865548419184 0.0031343737251143975
v 0.008159997656496694 0.02892733288543596 0.0017043683458517465
v 0.008159997656496694 0.029395551572110212 0.003058253007820509
v 0.008159997656496694 0.02769849375902926 0.0023611967291028635
v 0.008159997656496694 0.02847710921307096 0.0018409421411824819
v 0.008159997656496694 0.029395551572110212 0.0016582530948859977
v 0.008159997656496694 0.029863766533494266 0.0017043683458517465
v 0.008159997656496694 0.03161285733743838 0.003139812881636477
v 0.008159997656496694 0.030319430992195806 0.0036755694498153365
v 0.008159997656496694 0.03139107591069434 0.0027248844712677556
v 0.008159997656496694 0.031749433926736764 0.0035900363211708386
v 0.008159997656496694 0.031795549294117834 0.004058253378030629
v 0.008159997656496694 0.030102656355480054 0.0033511462663544152
v 0.008159997656496694 0.029778233870511043 0.0031343737251143975
v 0.008159997656496694 0.030313990205859266 0.0018409421411824819
v 0.008159997656496694 0.030728918616227986 0.0020627260126482166
v 0.008159997656496694 0.031092607522546067 0.0023611967291028635
v -0.008000001099035862 0.028688443063450177 0.0033511462663544152
v -0.008000001099035862 0.029012865548419184 0.0031343737251143975
v -0.008000001099035862 0.02806218080270224 0.0020627260126482166
v -0.008000001099035862 0.02769849375902926 0.0023611967291028635
v -0.008000001099035862 0.02892733288543596 0.0017043683458517465
v -0.008000001099035862 0.02847710921307096 0.0018409421411824819
v -0.008000001099035862 0.029395551572110212 0.003058253007820509
v -0.008000001099035862 0.02740002350823589 0.0027248844712677556
v -0.008000001099035862 0.02847167215202462 0.0036755694498153365
v -0.008000001099035862 0.02717823835620165 0.003139812881636477
v -0.008000001099035862 0.027041665492193463 0.0035900363211708386
v -0.008000001099035862 0.028395551434730732 0.004058253378030629
v -0.008000001099035862 0.026995550124812393 0.004058253378030629
v -0.008000001099035862 0.027041665492193463 0.004526469736398507
v -0.008000001099035862 0.030728918616227986 0.0020627260126482166
v -0.008000001099035862 0.030313990205859266 0.0018409421411824819
v -0.008000001099035862 0.029778233870511043 0.0031343737251143975
v -0.008000001099035862 0.029863766533494266 0.0017043683458517465
v -0.008000001099035862 0.030102656355480054 0.0033511462663544152
v -0.008000001099035862 0.031092607522546067 0.0023611967291028635
v -0.008000001099035862 0.03139107591069434 0.0027248844712677556
v -0.008000001099035862 0.029395551572110212 0.0016582530948859977
v -0.008000001099035862 0.030319430992195806 0.0036755694498153365
v -0.008000001099035862 0.03161285733743838 0.003139812881636477
v -0.008000001099035862 0.031749433926736764 0.0035900363211708386
v -0.008000001099035862 0.030395551709489696 0.004058253378030629
v -0.008000001099035862 0.02847167215202462 0.00444093660775401
v -0.008000001099035862 0.02717823835620165 0.004976692943102231
v -0.008000001099035862 0.028688443063450177 0.004765360024045568
v -0.008000001099035862 0.02740002350823589 0.005391621353470953
v -0.008000001099035862 0.02806218080270224 0.006053780044921129
v -0.008000001099035862 0.029012865548419184 0.004982132332454948
v -0.008000001099035862 0.02892733288543596 0.006412138060963556
v -0.008000001099035862 0.029395551572110212 0.005058253049748837
v -0.008000001099035862 0.02769849375902926 0.005755309328466482
v -0.008000001099035862 0.02847710921307096 0.00627556426563282
v -0.008000001099035862 0.029395551572110212 0.006458252962683348
v -0.008000001099035862 0.029863766533494266 0.006412138060963556
v -0.008000001099035862 0.03161285733743838 0.004976692943102231
v -0.008000001099035862 0.030319430992195806 0.00444093660775401
v -0.008000001099035862 0.03139107591069434 0.005391621353470953
v -0.008000001099035862 0.031749433926736764 0.004526469736398507
v -0.008000001099035862 0.031795549294117834 0.004058253378030629
v -0.008000001099035862 0.030102656355480054 0.004765360024045568
v -0.008000001099035862 0.029778233870511043 0.004982132332454948
v -0.008000001099035862 0.030313990205859266 0.00627556426563282
v -0.008000001099035862 0.030728918616227986 0.006053780044921129
v -0.008000001099035862 0.031092607522546067 0.005755309328466482
v 0.009259801112291586 0.031088535780357883 0.005759369894784066
v 0.009182146506758004 0.03072742850014814 0.0060544207948354635
v 0.008159997656496694 0.031092607522546067 0.005755309328466482
v 0.008159997656496694 0.030313990205859266 0.00627556426563282
v 0.009116403516637702 0.030315066814726954 0.006275117696470141
v 0.009069741462919839 0.02986429738734771 0.006412031890192867
v 0.008159997656496694 0.030728918616227986 0.006053780044921129
v 0.008159997656496694 0.031749433926736764 0.004526469736398507
v 0.009487943472051475 0.031746319584129885 0.004541850528310179
v 0.009419943887392753 0.03160724332510756 0.004990135652787552
v 0.009341865530098964 0.03138589403202667 0.0053993476053449604
v 0.008159997656496694 0.03161285733743838 0.004976692943102231
v 0.008159997656496694 0.03139107591069434 0.005391621353470953
v 0.008159997656496694 0.031795549294117834 0.004058253378030629
v 0.008159997656496694 0.029863766533494266 0.006412138060963556
v 0.009539885193304745 0.03179548968947464 0.00407486025607925
v 0.008159997656496694 0.031749433926736764 0.0035900363211708386
v 0.00958699241920146 0.03161745807083491 0.003150998996783379
v 0.009573049589306841 0.03175236200483367 0.003605020835337526
v 0.009584011255719217 0.03139722636481391 0.0027341378592929686
v 0.008159997656496694 0.03139107591069434 0.0027248844712677556
v 0.009568648158935994 0.031097953313982518 0.0023665611469903132
v 0.008159997656496694 0.03161285733743838 0.003139812881636477
v 0.009547088041905705 0.030734502826237214 0.0020664694636375576
v 0.008159997656496694 0.031092607522546067 0.0023611967291028635
v 0.008159997656496694 0.029863766533494266 0.0017043683458517465
v 0.009509787642459484 0.029865953278841444 0.0017051188754116508
v 0.009525529787520517 0.030317765787476577 0.0018425097898646084
v 0.008159997656496694 0.030728918616227986 0.0020627260126482166
v 0.008159997656496694 0.030313990205859266 0.0018409421411824819
v -0.009387080308574275 0.03073356032781671 0.0020662049680333847
v -0.009365535092704786 0.030317808628313875 0.0018425280670696504
v -0.008000001099035862 0.030728918616227986 0.0020627260126482166
v -0.008000001099035862 0.029863766533494266 0.0017043683458517465
v -0.009349630897520068 0.029864649427271576 0.0017045440165677223
v -0.008000001099035862 0.030313990205859266 0.0018409421411824819
v -0.00942699679306318 0.03161741336735251 0.003150885142601653
v -0.009424010041645635 0.03139709970494712 0.0027339446098638633
v -0.008000001099035862 0.03161285733743838 0.003139812881636477
v -0.008000001099035862 0.031092607522546067 0.0023611967291028635
v -0.009408650670152612 0.03109792723695112 0.002366534604297641
v -0.008000001099035862 0.03139107591069434 0.0027248844712677556
v -0.008000001099035862 0.031749433926736764 0.0035900363211708386
v -0.00941304837523326 0.03175238435657486 0.0036051316627209646
v -0.008000001099035862 0.031795549294117834 0.004058253378030629
v -0.009379971523550855 0.031795497140055036 0.004073954079238193
v -0.008000001099035862 0.031749433926736764 0.004526469736398507
v -0.00932788358465725 0.03174641644167508 0.004541869620422452
v -0.009260157808828199 0.031607757415155105 0.004988909566650603
v -0.008000001099035862 0.03161285733743838 0.004976692943102231
v -0.00918209528401776 0.03138661673832539 0.005398269133832171
v -0.009100011308436833 0.031089373970652798 0.005758534032795527
v -0.008000001099035862 0.03139107591069434 0.005391621353470953
v -0.008000001099035862 0.030313990205859266 0.00627556426563282
v -0.008909989843289633 0.02986532184215261 0.006411496845387946
v -0.008956458181917114 0.030315457970197916 0.0062749551806851826
v -0.008000001099035862 0.030728918616227986 0.006053780044921129
v -0.009022423758126844 0.03072936937634214 0.006053478762076236
v -0.008000001099035862 0.031092607522546067 0.005755309328466482
v -0.008000001099035862 0.029863766533494266 0.006412138060963556
v -0.005933329305574339 0.01946587063876847 -0.0031920030331799337
v -0.006339655089549593 0.017138497449202397 -0.002591948421816947
v -0.006992496830210525 0.01946587063876847 -0.0031920030331799337
v -0.007333289637300479 0.0171365230453966 -0.0025914396868740616
v -0.006631791415681065 0.014795328097867396 -0.0019878211369432283
v -0.007570416465699296 0.014795328097867396 -0.0019878211369432283
v 0.007152494784655182 0.01946587063876847 -0.0031920030331799337
v 0.006499652578332974 0.017138497449202397 -0.002591948421816947
v 0.006093327260018995 0.01946587063876847 -0.0031920030331799337
v 0.007493287126083861 0.0171365230453966 -0.0025914396868740616
v 0.007730413954482677 0.014795328097867396 -0.0019878211369432283
v 0.006791788904464446 0.014795328097867396 -0.0019878211369432283
v -0.006340185943403039 0.020464065873046236 -0.003962508763287704
v -0.0060051417247523695 0.020602289040612853 -0.004292902422785425
v -0.00515517951280759 0.02047154253047687 -0.003975109091726636
v -0.006630830756470838 0.0202334517832389 -0.003646792281515202
v -0.005495224933551246 0.020247810914313328 -0.0036623062525515102
v -0.004770582880905432 0.020602289040612853 -0.004292902422785425
v -0.005767618152947294 0.01991150289096244 -0.0033831488374755064
v -0.006938731579404543 0.019691898896340074 -0.003268552857338691
v -0.006858188011321158 0.01989735610142939 -0.00337402583460728
v -0.005866243813998348 0.01970160141466498 -0.003272977105112012
v 0.006498068398675587 0.02046528404294151 -0.003964698768263804
v 0.005654693896787557 0.02024827843823338 -0.00366282010976842
v 0.005313560225644338 0.020471872218659537 -0.003976686752126174
v 0.0061651387478744765 0.020602289040612853 -0.004292902422785425
v 0.004930580369688813 0.020602289040612853 -0.004292902422785425
v 0.00678990018233324 0.0202344445730771 -0.0036478525922382684
v 0.005927209119437642 0.019913315244644552 -0.003383852684492597
v 0.0070982252226884255 0.019693120791525548 -0.0032692085084138236
v 0.006026059694884498 0.019702514110763885 -0.0032732993427142787
v 0.007017460931160713 0.019898868569250435 -0.0033749464469478604
v -0.0016013613942799853 0.020602289040612853 -0.00671472429176623
v -0.000771604574301339 0.020602289040612853 -0.006863145906915575
v 4.149574196109593e-05 0.020602289040612853 -0.006115493202367996
v -0.0024093393528444355 0.020602289040612853 -0.006482256870084586
v -0.0007142483183659028 0.020602289040612853 -0.006063537511276478
v -0.0018100297995213724 0.020602289040612853 -0.0058324409963882926
v -0.0031969166909532293 0.020602289040612853 -0.006171057302679119
v -0.00395757368509576 0.020602289040612853 -0.0057882683678463255
v 0.000923795484640784 0.020602289040612853 -0.006864389222519697
v 0.0017532259924810077 0.020602289040612853 -0.00671662651807441
v 0.002569124965747714 0.020602289040612853 -0.0064819849239000134
v 0.0008027064401013536 0.020602289040612853 -0.0060723822815329205
v 7.999865708020171e-05 0.020602289040612853 -0.006916163771375259
v 0.003358985208256961 0.020602289040612853 -0.006170126911451765
v 0.0015479931197108995 0.020602289040612853 -0.005942648584669958
v 0.004112270551586361 0.020602289040612853 -0.00579138783272723
v 0.002277906923650448 0.020602289040612853 -0.005735654231712024
v -0.002862614969205472 0.020602289040612853 -0.005443719071251332
v -0.004678255754259381 0.020602289040612853 -0.0053458412622078505
v -0.0038479139473040756 0.020602289040612853 -0.004927265327072429
v -0.004770582880905432 0.020602289040612853 -0.004292902422785425
v -0.0060051417247523695 0.020602289040612853 -0.004292902422785425
v -0.005360685612330777 0.020602289040612853 -0.004847250284536115
v 0.004831823392158222 0.020602289040612853 -0.005350154682597733
v 0.0029875467670011265 0.020602289040612853 -0.0054593252432200805
v 0.005518125689392121 0.020602289040612853 -0.004849108738684449
v 0.003665081593750225 0.020602289040612853 -0.0051241138521717034
v 0.004930580369688813 0.020602289040612853 -0.004292902422785425
v 0.004312428997027996 0.020602289040612853 -0.004734712992895863
v 0.0061651387478744765 0.020602289040612853 -0.004292902422785425
f 1 2 3
f 4 3 5
f 4 1 3
f 5 6 4
f 1 7 2
f 7 8 2
f 9 10 11
f 12 13 14
f 9 15 16
f 17 16 13
f 12 8 7
f 13 18 17
f 16 17 9
f 18 13 12
f 9 11 15
f 14 8 12
f 19 20 21
f 22 21 23
f 22 19 21
f 23 24 22
f 19 25 20
f 25 26 20
f 27 28 29
f 30 31 32
f 27 33 34
f 35 34 31
f 30 26 25
f 31 36 35
f 34 35 27
f 36 31 30
f 27 29 33
f 32 26 30
f 37 38 39
f 40 39 41
f 40 37 39
f 41 42 40
f 37 43 38
f 43 44 38
f 45 46 47
f 48 49 50
f 51 52 53
f 51 53 49
f 54 44 43
f 49 48 51
f 52 51 45
f 48 50 54
f 45 47 52
f 50 44 54
f 55 56 57
f 58 57 59
f 58 55 57
f 59 60 58
f 55 61 56
f 61 62 56
f 63 64 65
f 66 67 68
f 63 69 70
f 71 70 67
f 72 62 61
f 67 66 71
f 70 71 63
f 66 68 72
f 63 65 69
f 68 62 72
f 73 74 75
f 76 75 77
f 76 73 75
f 77 78 76
f 73 79 74
f 79 80 74
f 81 82 83
f 84 85 86
f 81 87 88
f 89 88 85
f 90 80 79
f 85 84 89
f 88 89 81
f 84 86 90
f 81 83 87
f 86 80 90
f 91 92 93
f 94 93 95
f 94 91 93
f 95 96 94
f 97 92 98
f 92 91 98
f 99 100 101
f 102 103 104
f 99 105 106
f 107 106 103
f 104 98 102
f 106 107 108
f 106 108 99
f 107 103 102
f 99 101 105
f 97 98 104
f 109 110 111
f 112 111 113
f 112 109 111
f 113 114 112
f 115 110 116
f 110 109 116
f 117 118 119
f 120 121 122
f 117 123 124
f 125 124 121
f 122 116 120
f 124 125 126
f 124 126 117
f 125 121 120
f 117 119 123
f 115 116 122
f 127 128 129
f 130 129 131
f 127 132 128
f 129 130 127
f 132 133 128
f 133 134 128
f 135 136 137
f 138 139 140
f 135 141 142
f 143 142 139
f 144 134 133
f 139 138 143
f 142 143 135
f 138 140 144
f 135 137 141
f 140 134 144
f 145 146 147
f 148 147 149
f 148 145 147
f 149 150 148
f 145 151 146
f 151 152 146
f 153 154 155
f 156 157 158
f 153 159 160
f 161 160 157
f 162 152 151
f 157 156 161
f 160 161 153
f 156 158 162
f 153 155 159
f 158 152 162
f 163 164 165
f 166 165 167
f 166 163 165
f 167 168 166
f 163 169 164
f 169 170 164
f 171 172 173
f 174 175 176
f 171 177 178
f 179 178 175
f 180 170 169
f 175 174 179
f 178 179 171
f 174 176 180
f 171 173 177
f 176 170 180
f 181 182 183
f 183 184 185
f 186 187 185
f 182 184 183
f 186 185 184
f 183 188 181
f 189 190 191
f 192 193 194
f 195 196 193
f 197 196 195
f 192 194 188
f 193 192 198
f 197 195 189
f 193 198 195
f 189 191 197
f 181 188 194
f 199 200 201
f 202 200 203
f 200 199 203
f 204 202 203
f 204 205 206
f 206 202 204
f 207 208 209
f 210 211 212
f 207 211 213
f 206 214 215
f 216 215 214
f 212 215 216
f 210 212 216
f 210 213 211
f 213 208 207
f 205 214 206
f 217 218 219
f 220 218 221
f 218 217 221
f 222 220 221
f 222 223 224
f 224 220 222
f 225 226 227
f 228 229 230
f 225 229 231
f 224 232 233
f 234 233 232
f 230 233 234
f 228 230 234
f 228 231 229
f 231 226 225
f 223 232 224
f 235 236 237
f 238 239 240
f 241 239 235
f 242 243 238
f 236 244 237
f 235 237 241
f 238 240 242
f 243 242 245
f 240 239 241
f 245 246 243
f 246 247 248
f 248 247 249
f 250 251 252
f 252 251 249
f 253 250 252
f 247 252 249
f 254 255 253
f 253 256 254
f 252 257 256
f 256 253 252
f 245 247 246
f 258 259 260
f 260 261 262
f 263 264 262
f 259 261 260
f 263 262 261
f 260 265 258
f 266 267 268
f 269 270 271
f 272 273 270
f 274 273 272
f 269 258 265
f 269 275 270
f 275 272 270
f 272 266 274
f 266 268 274
f 271 258 269
f 276 277 278
f 279 277 280
f 280 281 279
f 277 276 280
f 282 283 281
f 283 279 281
f 284 285 286
f 287 288 289
f 290 291 287
f 291 292 293
f 288 282 289
f 291 290 292
f 293 292 284
f 290 287 289
f 284 286 293
f 283 282 288
f 294 295 296
f 297 295 298
f 298 299 297
f 295 294 298
f 300 301 299
f 301 297 299
f 302 303 304
f 305 306 307
f 308 309 305
f 309 310 311
f 306 300 307
f 309 308 310
f 311 310 302
f 308 305 307
f 302 304 311
f 301 300 306
f 312 313 314
f 315 316 317
f 312 317 313
f 315 317 312
f 315 318 319
f 320 319 318
f 315 319 316
f 321 320 322
f 321 323 324
f 323 321 325
f 322 320 326
f 327 325 328
f 322 328 325
f 322 325 321
f 318 326 320
f 329 330 331
f 332 333 334
f 330 332 331
f 331 332 334
f 335 336 334
f 336 335 337
f 333 335 334
f 338 337 339
f 340 341 339
f 342 339 341
f 343 337 338
f 344 342 345
f 342 344 338
f 339 342 338
f 337 343 336
f 346 347 348
f 348 349 346
f 350 351 352
f 352 353 350
f 354 355 356
f 357 355 354
f 358 359 360
f 359 357 361
f 358 357 359
f 362 360 363
f 364 362 363
f 365 366 367
f 367 356 355
f 355 365 367
f 355 357 358
f 368 355 369
f 360 362 358
f 370 371 369
f 372 373 374
f 363 372 375
f 376 377 378
f 379 380 381
f 380 376 381
f 373 380 374
f 382 370 383
f 379 374 380
f 384 385 386
f 375 372 374
f 387 383 385
f 378 377 388
f 375 364 363
f 389 386 390
f 391 392 365
f 392 366 365
f 393 391 365
f 365 355 368
f 393 365 394
f 371 368 369
f 395 394 396
f 397 393 398
f 397 391 393
f 398 393 399
f 393 394 400
f 399 401 398
f 394 395 400
f 402 398 401
f 396 403 395
f 371 370 382
f 389 384 386
f 404 405 406
f 387 385 384
f 407 408 403
f 409 408 407
f 406 409 407
f 402 410 411
f 407 404 406
f 402 401 410
f 406 405 412
f 403 408 395
f 383 387 382
f 402 411 413
f 390 414 389
f 415 376 416
f 417 415 416
f 418 419 420
f 419 418 421
f 422 417 420
f 420 417 418
f 422 415 417
f 423 381 424
f 425 414 423
f 381 376 426
f 424 427 423
f 426 424 381
f 415 426 376
f 423 427 428
f 414 429 389
f 430 421 431
f 421 430 419
f 431 421 432
f 432 433 434
f 434 435 432
f 433 436 434
f 432 435 431
f 437 438 439
f 440 437 439
f 441 436 439
f 428 440 439
f 436 433 439
f 439 438 441
f 440 428 427
f 425 423 428
f 405 442 412
f 412 442 443
f 442 444 443
f 444 442 425
f 445 444 446
f 444 447 448
f 429 414 425
f 445 402 449
f 445 446 402
f 402 450 398
f 451 450 452
f 453 450 451
f 452 450 402
f 444 448 446
f 402 413 449
f 444 425 454
f 454 447 444
f 455 454 425
f 455 428 456
f 457 458 459
f 428 460 456
f 425 428 455
f 453 461 462
f 463 462 461
f 461 464 463
f 453 462 450
f 464 465 466
f 466 465 457
f 457 459 466
f 464 466 463
f 458 428 459
f 428 458 460
f 416 376 378
f 467 468 469
f 470 469 468
f 471 472 473
f 474 473 475
f 475 473 472
f 476 475 477
f 474 475 478
f 479 478 475
f 475 480 479
f 475 476 480
f 477 481 476
f 482 483 481
f 484 485 486
f 485 487 486
f 483 484 488
f 481 483 488
f 487 489 486
f 486 488 484
f 489 487 490
f 482 481 477
f 491 492 493
f 494 493 492
f 495 491 493
f 496 497 493
f 495 493 497
f 494 498 499
f 500 499 501
f 498 502 499
f 501 499 502
f 492 498 494
f 503 504 505
f 506 505 504
f 507 508 509
f 510 511 509
f 511 506 509
f 506 511 512
f 506 512 505
f 510 509 508
f 513 514 515
f 513 515 516
f 517 516 518
f 519 518 520
f 521 513 516
f 519 517 518
f 522 519 520
f 521 516 517
f 520 523 522
f 524 525 526
f 527 504 528
f 529 527 530
f 525 529 531
f 524 526 523
f 525 531 526
f 531 529 530
f 530 527 528
f 504 503 528
f 524 523 520
f 532 533 534
f 535 536 537
f 536 535 534
f 532 534 535
f 538 539 533
f 532 540 533
f 538 533 540
f 537 541 542
f 542 543 544
f 545 544 543
f 546 537 544
f 546 547 548
f 547 546 544
f 537 542 544
f 541 537 536
f 549 550 551
f 552 553 550
f 554 555 556
f 557 558 559
f 554 560 558
f 552 557 553
f 561 562 549
f 551 561 549
f 551 550 553
f 559 558 560
f 557 559 553
f 554 556 560
f 555 563 556
f 564 565 566
f 563 567 568
f 569 570 571
f 567 571 568
f 567 563 555
f 572 569 573
f 574 575 576
f 577 573 575
f 578 576 579
f 570 568 571
f 572 580 569
f 570 569 580
f 581 577 575
f 578 574 576
f 566 578 579
f 581 575 574
f 572 573 577
f 579 564 566
f 582 583 584
f 585 586 587
f 587 582 588
f 190 583 191
f 583 190 584
f 584 588 582
f 588 585 587
f 585 589 586
f 590 591 592
f 593 186 594
f 594 590 592
f 589 595 586
f 592 593 594
f 187 186 593
f 595 592 591
f 591 586 595
f 208 596 209
f 597 598 599
f 600 599 596
f 600 596 208
f 601 597 599
f 599 600 601
f 602 598 603
f 598 597 603
f 604 605 606
f 607 604 608
f 609 607 610
f 605 603 611
f 606 608 604
f 605 611 606
f 607 608 610
f 602 603 605
f 226 612 227
f 613 614 615
f 616 615 612
f 616 612 226
f 617 613 615
f 615 616 617
f 618 614 619
f 614 613 619
f 620 621 622
f 623 620 624
f 625 623 626
f 621 619 627
f 622 624 620
f 621 627 622
f 623 624 626
f 618 619 621
f 628 629 630
f 631 632 630
f 629 633 634
f 633 635 634
f 636 637 634
f 634 635 636
f 629 628 633
f 634 638 629
f 628 630 632
f 631 639 632
f 640 641 642
f 643 641 640
f 642 631 640
f 639 631 642
f 644 645 646
f 645 640 646
f 647 645 644
f 648 647 644
f 643 640 645
f 649 637 650
f 651 652 650
f 637 651 650
f 653 654 655
f 653 656 657
f 653 657 658
f 656 653 655
f 653 658 652
f 653 651 659
f 648 660 647
f 661 662 663
f 661 647 660
f 664 659 663
f 663 665 664
f 661 660 662
f 662 665 663
f 659 664 653
f 653 652 651
f 634 637 649
f 666 667 668
f 666 668 669
f 668 670 671
f 670 668 672
f 667 672 668
f 673 668 671
f 669 674 666
f 675 676 677
f 675 677 678
f 676 679 677
f 669 679 674
f 676 674 679
f 680 673 671
f 681 680 682
f 681 682 683
f 684 685 686
f 681 687 688
f 685 681 683
f 686 685 683
f 689 680 681
f 681 690 691
f 689 681 691
f 688 690 681
f 692 691 690
f 693 691 692
f 694 695 693
f 691 693 696
f 689 673 680
f 675 678 697
f 698 678 699
f 697 678 698
f 700 698 699
f 700 699 701
f 702 701 703
f 702 700 701
f 704 705 703
f 706 705 704
f 707 708 704
f 706 704 708
f 704 709 707
f 710 709 704
f 702 703 705
f 711 709 710
f 712 696 713
f 713 696 695
f 695 714 715
f 715 716 695
f 714 695 694
f 717 718 712
f 696 693 695
f 711 719 720
f 720 721 711
f 711 722 719
f 712 713 717
f 722 718 723
f 717 723 718
f 722 711 718
f 711 710 718
f 724 725 726
f 727 724 726
f 728 729 725
f 724 728 725
f 730 731 732
f 733 729 728
f 732 733 730
f 732 729 733
f 734 735 736
f 736 737 734
f 738 736 735
f 735 739 738
f 740 741 739
f 739 741 738
f 740 739 742
f 743 740 742
f 744 743 742
f 742 745 744
f 746 747 748
f 746 749 750
f 749 746 748
f 747 751 748
f 752 753 754
f 755 752 754
f 755 751 756
f 751 755 754
f 756 751 747
f 753 757 754
f 745 758 759
f 758 760 759
f 760 758 761
f 760 761 762
f 763 764 765
f 766 764 763
f 762 761 767
f 763 767 766
f 764 768 769
f 767 761 766
f 770 771 772
f 773 770 774
f 774 757 773
f 772 774 770
f 771 775 772
f 757 753 773
f 776 765 769
f 775 776 777
f 769 777 776
f 769 765 764
f 768 778 769
f 775 777 772
f 744 745 759
f 778 768 779
f 780 781 782
f 768 783 779
f 784 785 782
f 779 783 786
f 782 786 784
f 785 780 782
f 786 783 784
f 787 788 789
f 790 791 792
f 788 790 793
f 793 789 788
f 794 792 791
f 795 794 791
f 793 790 792
f 791 796 795
f 797 798 799
f 800 512 511
f 798 800 801
f 796 802 795
f 796 797 802
f 802 797 799
f 799 798 801
f 800 511 801
f 803 804 805
f 805 806 803
f 807 808 809
f 809 808 810
f 811 812 813
f 814 810 812
f 812 810 813
f 815 811 816
f 815 816 817
f 818 819 820
f 808 807 818
f 818 820 808
f 813 810 808
f 821 808 822
f 813 816 811
f 821 823 824
f 825 826 827
f 828 827 815
f 829 830 831
f 832 833 834
f 832 831 833
f 825 833 826
f 835 824 836
f 833 825 834
f 837 838 839
f 840 841 839
f 825 827 828
f 838 835 842
f 843 830 829
f 815 817 828
f 841 837 839
f 820 844 845
f 820 819 844
f 820 845 846
f 822 808 820
f 847 820 848
f 821 822 823
f 849 847 850
f 851 846 852
f 846 845 852
f 853 846 851
f 848 820 846
f 851 854 853
f 848 850 847
f 854 851 855
f 850 856 849
f 836 824 823
f 850 857 856
f 858 859 860
f 858 861 859
f 839 838 842
f 862 860 856
f 856 857 862
f 863 864 855
f 855 865 863
f 858 860 862
f 864 854 855
f 859 861 866
f 836 842 835
f 867 865 855
f 868 831 869
f 868 869 870
f 871 872 873
f 874 873 872
f 871 870 875
f 873 870 871
f 870 869 875
f 876 832 877
f 877 878 879
f 880 831 832
f 877 881 876
f 832 876 880
f 831 880 869
f 882 881 877
f 840 878 841
f 883 874 884
f 872 884 874
f 885 874 883
f 886 887 885
f 885 888 886
f 886 889 887
f 883 888 885
f 890 891 892
f 890 892 893
f 890 889 894
f 890 893 882
f 890 887 889
f 894 891 890
f 881 882 893
f 882 877 879
f 861 895 866
f 878 840 896
f 897 879 895
f 895 898 897
f 899 900 897
f 861 898 895
f 879 878 896
f 855 901 902
f 901 897 902
f 902 867 855
f 903 904 905
f 905 904 906
f 855 904 903
f 901 899 897
f 851 904 855
f 907 879 897
f 897 900 907
f 879 907 908
f 909 882 908
f 910 911 912
f 909 913 882
f 908 882 879
f 914 915 906
f 915 914 916
f 916 917 915
f 904 914 906
f 918 919 917
f 912 919 918
f 918 910 912
f 916 918 917
f 910 882 911
f 913 911 882
f 829 831 868
f 920 921 922
f 923 924 925
f 926 923 927
f 921 926 922
f 928 920 929
f 929 920 922
f 922 926 927
f 923 925 927
f 924 930 925
f 931 932 933
f 934 935 936
f 935 508 507
f 932 934 937
f 931 938 930
f 931 933 938
f 930 938 925
f 937 933 932
f 934 936 937
f 935 507 936
f 939 940 941
f 939 942 943
f 944 945 940
f 944 946 945
f 944 947 948
f 948 946 944
f 945 941 940
f 940 949 944
f 942 939 941
f 942 950 943
f 951 952 953
f 953 952 954
f 953 943 951
f 951 943 950
f 955 956 957
f 955 953 956
f 957 956 958
f 957 958 959
f 956 953 954
f 960 947 961
f 960 962 963
f 960 963 947
f 964 965 966
f 967 968 966
f 969 967 966
f 964 966 968
f 962 969 966
f 970 963 966
f 958 971 959
f 972 973 974
f 971 958 974
f 972 970 975
f 975 976 972
f 973 971 974
f 972 976 973
f 966 975 970
f 963 962 966
f 961 947 944
f 977 978 979
f 979 980 977
f 981 982 983
f 984 985 981
f 986 981 985
f 983 984 981
f 987 988 989
f 990 991 992
f 988 990 993
f 989 994 987
f 992 993 990
f 995 992 991
f 989 988 993
f 991 996 995
f 996 997 998
f 999 1000 1001
f 997 999 1002
f 998 997 1002
f 1000 1003 1001
f 1001 1002 999
f 1003 1000 1004
f 996 998 995
f 987 994 1005
f 1006 1005 994
f 1007 1008 1009
f 1010 1011 1007
f 1012 1013 1010
f 1014 1015 1013
f 1010 1007 1009
f 1016 1009 1008
f 1012 1010 1009
f 1017 1012 1009
f 1015 1014 1018
f 1014 1013 1012
f 1018 1019 1015
f 1020 1021 1019
f 1022 1023 1021
f 1024 1025 1026
f 1027 1028 1025
f 1029 1026 1023
f 1021 1020 1022
f 1023 1022 1029
f 1025 1024 1027
f 1028 1027 1030
f 1024 1026 1029
f 1018 1020 1019
f 1031 1032 1033
f 1034 1035 1036
f 1037 1036 1032
f 1033 1038 1031
f 1036 1037 1034
f 1035 1034 1039
f 1037 1032 1031
f 1039 1040 1035
f 1041 1042 1040
f 1043 1044 1045
f 1046 1045 1042
f 1046 1042 1041
f 1043 1047 1044
f 1045 1046 1043
f 1048 1044 1047
f 1039 1041 1040
f 1049 1050 1051
f 1052 1053 1051
f 1054 1052 1051
f 1049 1051 1053
f 1055 1056 1057
f 1058 1059 1057
f 1060 1058 1057
f 1056 1060 1057
f 1061 1062 1063
f 1061 1063 1064
f 1063 1062 1051
f 1064 1063 1065
f 1062 1054 1051
f 1066 1067 1068
f 1069 1066 1068
f 1068 1057 1069
f 1068 1065 1063
f 1068 1067 1065
f 1069 1057 1059
f 1070 1071 1072
f 1072 1073 1070
f 1074 1075 1076
f 1077 1076 1075
f 1078 1074 1076
f 1076 1079 1080
f 1081 1077 1082
f 1079 1076 1077
f 1081 1079 1077
f 1076 1083 1078
f 1084 244 236
f 1085 1086 1083
f 1085 1087 1088
f 1089 1090 1091
f 1092 1090 1088
f 1093 1089 1094
f 1085 1083 1087
f 1088 1087 1092
f 1089 1091 1094
f 1093 1094 1084
f 1091 1090 1092
f 1084 236 1093
f 1078 1083 1086
f 1095 1096 1097
f 1098 1097 1096
f 1099 1100 1101
f 1102 1103 1104
f 1103 1105 1106
f 1100 1102 1104
f 1101 1100 1104
f 1105 1107 1106
f 1106 1104 1103
f 1107 1108 1109
f 1107 1105 1108
f 1110 1109 1111
f 1112 1113 1114
f 1113 1112 1111
f 1115 1111 1112
f 1110 1111 1116
f 1111 1117 1118
f 1118 1116 1111
f 1117 1111 1115
f 1109 1110 1107
f 1119 1120 1121
f 1120 1119 1122
f 1119 1121 1123
f 1119 1124 1125
f 1124 1119 1123
f 1126 1127 1122
f 1128 1126 1129
f 1126 1130 1127
f 1130 1126 1128
f 1122 1127 1120
f 1131 1132 1133
f 1134 1135 1136
f 1136 1131 1134
f 1134 1131 1133
f 1132 1137 1138
f 1132 1139 1133
f 1139 1132 1138
f 1135 1140 1141
f 1140 1142 1141
f 1142 1140 1143
f 1144 1145 1146
f 1145 1144 1140
f 1145 1140 1135
f 1136 1135 1141
f 1147 1148 1149
f 1150 1151 1147
f 1152 1153 1154
f 1155 1156 1157
f 1153 1155 1154
f 1148 1152 1158
f 1150 1159 1151
f 1150 1147 1149
f 1158 1160 1148
f 1157 1154 1155
f 1158 1152 1154
f 1149 1148 1160
f 1156 1161 1157
f 1162 1163 1164
f 1165 1166 1167
f 1168 1169 1170
f 1166 1168 1170
f 1171 1172 1173
f 1174 1175 1176
f 1172 1174 1173
f 1169 1171 1177
f 1161 1165 1167
f 1170 1169 1177
f 1166 1170 1167
f 1174 1176 1173
f 1173 1177 1171
f 1176 1175 1178
f 1164 1163 1178
f 1178 1175 1164
f 1165 1161 1156
f 1179 1180 1181
f 1181 1182 1179
f 1183 268 267
f 1184 1183 1185
f 1185 1183 267
f 1186 1187 1188
f 1184 1185 1188
f 1187 1186 1189
f 1184 1188 1187
f 1189 1190 1187
f 1191 1192 1193
f 1194 263 1195
f 1195 1191 1193
f 1196 1192 1189
f 1193 1192 1196
f 1194 1195 1193
f 1194 264 263
f 1190 1189 1192
f 285 1197 286
f 1198 1199 1200
f 1201 1200 1197
f 1202 1197 285
f 1201 1198 1200
f 1197 1202 1201
f 1203 1204 1198
f 1204 1199 1198
f 1205 1206 1207
f 1208 1205 1209
f 278 1208 276
f 1210 1204 1203
f 1205 1207 1209
f 1208 1209 276
f 1207 1206 1210
f 1206 1204 1210
f 303 1211 304
f 1212 1213 1214
f 1215 1214 1211
f 1216 1211 303
f 1215 1212 1214
f 1211 1216 1215
f 1217 1218 1212
f 1218 1213 1212
f 1219 1220 1221
f 1222 1219 1223
f 296 1222 294
f 1224 1218 1217
f 1219 1221 1223
f 1222 1223 294
f 1221 1220 1224
f 1220 1218 1224
f 1225 1226 1227
f 1228 1227 1226
f 1229 1230 1226
f 1228 1226 1230
f 1231 1232 1233
f 1234 1235 1236
f 1231 1233 1237
f 1234 1238 1239
f 1238 1234 1236
f 1239 1238 1237
f 1233 1239 1237
f 1235 1240 1236
f 1241 1242 1243
f 1244 1245 1246
f 1242 1244 1247
f 1243 1240 1241
f 1246 1247 1244
f 1248 1246 1245
f 1243 1242 1247
f 1241 1240 1235
f 1232 1249 1250
f 1249 1232 1231
f 1251 1252 1253
f 1254 1255 1256
f 1257 1254 1258
f 1251 1259 1257
f 1252 1260 1261
f 1262 1263 1252
f 1262 1252 1261
f 1252 1263 1253
f 1251 1253 1259
f 1264 1265 1266
f 1267 1268 1269
f 1270 1268 1267
f 1265 1270 1266
f 1264 1254 1271
f 1254 1264 1258
f 1258 1264 1266
f 1270 1267 1266
f 1271 1254 1256
f 1268 1272 1273
f 1257 1258 1251
f 1274 1275 1276
f 1275 1277 1276
f 1278 1277 1275
f 1279 1275 1251
f 1252 1251 1275
f 1278 1275 1280
f 1275 1281 1282
f 1280 1275 1282
f 1279 1281 1275
f 1251 1283 1279
f 1284 1285 1286
f 1287 1284 1286
f 1288 1251 1289
f 1251 1288 1283
f 1283 1290 1279
f 1291 1292 1293
f 1292 1288 1293
f 1289 1293 1288
f 1290 1294 1279
f 1295 1287 1286
f 1251 1258 1284
f 1285 1284 1258
f 1279 1294 1296
f 1268 1273 1269
f 1297 1273 1298
f 1273 1297 1269
f 1298 1273 1299
f 1300 1287 1295
f 1300 1295 1301
f 1301 1302 1303
f 1303 1302 1304
f 1301 1303 1300
f 1305 1306 1299
f 1307 1299 1308
f 1299 1307 1305
f 1307 1308 1309
f 1306 1298 1299
f 1302 1310 1304
f 1302 1311 1310
f 1310 1311 1309
f 1312 1309 1313
f 1313 1309 1308
f 1309 1312 1310
f 1314 1313 1315
f 1316 1291 1317
f 1318 1317 1319
f 1319 1317 1320
f 1317 1318 1316
f 1296 1321 1279
f 1322 1319 1320
f 1323 1324 1279
f 1320 1325 1322
f 1292 1291 1316
f 1326 1325 1327
f 1313 1314 1312
f 1314 1315 1328
f 1314 1328 1327
f 1326 1327 1328
f 1329 1330 1324
f 1331 1332 1324
f 1331 1326 1328
f 1331 1324 1330
f 1328 1332 1331
f 1329 1324 1323
f 1326 1322 1325
f 1323 1279 1321
f 1333 1273 1272
f 1334 1335 1336
f 1337 1336 1335
f 1338 1337 1335
f 1335 1339 1338
f 1334 1336 1340
f 1341 1342 1343
f 1344 1340 1345
f 1346 1345 1347
f 1343 1340 1344
f 1343 1334 1340
f 1345 1346 1344
f 1348 1349 1350
f 1349 1348 1351
f 1348 1350 1339
f 1339 1335 1348
f 1352 1353 1354
f 1353 1352 1347
f 1354 1355 1356
f 1355 1354 1353
f 1356 1355 1357
f 1347 1352 1346
f 1358 1341 1359
f 1358 1342 1341
f 1358 1359 1360
f 1343 1344 1341
f 1360 1359 1361
f 1362 1363 1364
f 1364 1363 1358
f 1364 1365 1362
f 1358 1360 1364
f 1362 1365 1366
f 1360 1361 1367
f 1368 1369 1367
f 1369 1368 1370
f 1371 1370 1372
f 1372 1370 1373
f 1370 1371 1369
f 1366 1374 1362
f 1375 1376 1377
f 1362 1374 1377
f 1373 1378 1372
f 1368 1367 1361
f 1377 1374 1375
f 1351 1348 1379
f 1380 1381 1382
f 1351 1380 1383
f 1351 1383 1349
f 1383 1380 1382
f 1384 1385 1386
f 1386 1385 1382
f 1384 1386 1387
f 1381 1386 1382
f 1388 1384 1387
f 1384 1388 1389
f 1385 1390 1391
f 1384 1390 1385
f 1392 1393 1394
f 1395 1392 1394
f 1396 1397 1394
f 1396 1394 1393
f 1398 1395 1391
f 1390 1398 1391
f 1391 1395 1394
f 1357 1399 1400
f 1400 1385 1401
f 1402 1403 1404
f 1401 1357 1400
f 1403 1405 1404
f 1403 1378 1405
f 1405 1378 1373
f 1406 1407 1377
f 1355 1399 1357
f 1377 1402 1391
f 1391 1402 1404
f 1408 1409 1410
f 1377 1391 1409
f 1385 1391 1401
f 1411 1409 1408
f 1409 1412 1377
f 1409 1413 1412
f 1409 1414 1415
f 1415 1413 1409
f 1414 1409 1411
f 1402 1377 1407
f 1394 1409 1391
f 1406 1377 1376
f 1416 1379 1348
f 1417 1418 1419
f 1420 1421 1422
f 1423 1418 1417
f 1424 1425 1422
f 1420 1422 1425
f 1423 1425 1424
f 1423 1424 1418
f 1420 1426 1421
f 1427 1428 1429
f 1430 1431 1432
f 1433 1432 1428
f 1429 1426 1427
f 1432 1433 1434
f 1432 1434 1430
f 1433 1428 1427
f 1421 1426 1429
f 1435 1436 1437
f 1438 1435 1437
f 1439 1440 1435
f 1441 1435 1440
f 1435 1441 1436
f 1439 1435 1442
f 1437 1443 1438
f 1444 1445 1446
f 1447 1446 1448
f 1444 1446 1447
f 1444 1449 1445
f 1443 1449 1438
f 1449 1443 1445
f 1439 1442 1450
f 1451 1450 1452
f 1453 1451 1452
f 1454 1455 1456
f 1457 1452 1458
f 1453 1452 1455
f 1453 1455 1454
f 1450 1459 1452
f 1460 1461 1452
f 1460 1452 1459
f 1452 1461 1458
f 1461 1460 1462
f 1462 1460 1463
f 1463 1464 1465
f 1466 1463 1460
f 1450 1442 1459
f 1447 1467 1468
f 1468 1467 1469
f 1470 1468 1469
f 1471 1470 1472
f 1470 1469 1472
f 1471 1473 1474
f 1474 1473 1475
f 1474 1476 1477
f 1476 1474 1475
f 1477 1478 1474
f 1474 1478 1479
f 1473 1471 1472
f 1479 1478 1480
f 1481 1466 1482
f 1464 1466 1481
f 1483 1484 1464
f 1464 1485 1483
f 1465 1464 1484
f 1482 1486 1487
f 1464 1463 1466
f 1488 1489 1480
f 1480 1490 1488
f 1489 1491 1480
f 1487 1481 1482
f 1492 1486 1491
f 1486 1492 1487
f 1486 1480 1491
f 1486 1479 1480
f 1447 1448 1467
f 1493 1494 1495
f 1496 1493 1495
f 1497 1494 1493
f 1498 1497 1493
f 1499 1500 1501
f 1501 1498 1499
f 1500 1499 1502
f 1497 1498 1501
f 1503 1504 173
f 1505 1506 1507
f 1508 1507 1504
f 1503 173 172
f 1508 1505 1507
f 1504 1503 1508
f 1505 1509 1506
f 1509 1510 1506
f 1511 1512 1513
f 168 167 1514
f 1515 1514 1512
f 1516 1510 1509
f 1512 1511 1515
f 1514 1515 168
f 1511 1513 1516
f 1513 1510 1516
f 1517 1518 155
f 1519 1520 1521
f 1522 1521 1518
f 1517 155 154
f 1522 1519 1521
f 1518 1517 1522
f 1519 1523 1520
f 1523 1524 1520
f 1525 1526 1527
f 150 149 1528
f 1529 1528 1526
f 1530 1524 1523
f 1526 1525 1529
f 1528 1529 150
f 1525 1527 1530
f 1527 1524 1530
f 1531 1532 137
f 1533 1534 1535
f 1536 1535 1532
f 1531 137 136
f 1536 1533 1535
f 1532 1531 1536
f 1537 1534 1538
f 1534 1533 1538
f 1539 1540 1541
f 130 131 1542
f 1543 1542 1540
f 1544 1537 1538
f 1540 1539 1543
f 1542 1543 130
f 1539 1541 1544
f 1541 1537 1544
f 1545 1546 119
f 1547 1548 1549
f 1545 1549 1546
f 1545 119 118
f 1547 1550 1548
f 1549 1545 1547
f 1551 1548 1552
f 1548 1550 1552
f 1553 1554 1555
f 1556 113 1557
f 1553 1557 1554
f 1558 1551 1552
f 1557 1553 1556
f 113 1556 114
f 1553 1555 1558
f 1555 1551 1558
f 1559 1560 101
f 1561 1562 1563
f 1559 1563 1560
f 1559 101 100
f 1561 1564 1562
f 1563 1559 1561
f 1565 1562 1566
f 1562 1564 1566
f 1567 1568 1569
f 1570 95 1571
f 1567 1571 1568
f 1572 1565 1566
f 1571 1567 1570
f 95 1570 96
f 1567 1569 1572
f 1569 1565 1572
f 1573 1574 83
f 1575 1576 1577
f 1578 1577 1574
f 1573 83 82
f 1578 1575 1577
f 1574 1573 1578
f 1575 1579 1576
f 1579 1580 1576
f 1581 1582 1583
f 78 77 1584
f 1585 1584 1582
f 1586 1580 1579
f 1582 1581 1585
f 1584 1585 78
f 1581 1583 1586
f 1583 1580 1586
f 1587 1588 65
f 1589 1590 1591
f 1592 1591 1588
f 1587 65 64
f 1592 1589 1591
f 1588 1587 1592
f 1589 1593 1590
f 1593 1594 1590
f 1595 1596 1597
f 60 59 1598
f 1599 1598 1596
f 1600 1594 1593
f 1596 1595 1599
f 1598 1599 60
f 1595 1597 1600
f 1597 1594 1600
f 1601 1602 47
f 1603 1604 1605
f 1606 1605 1602
f 1601 47 46
f 1606 1603 1605
f 1602 1601 1606
f 1603 1607 1604
f 1607 1608 1604
f 1609 1610 1611
f 42 41 1612
f 1613 1612 1610
f 1614 1608 1607
f 1610 1609 1613
f 1612 1613 42
f 1609 1611 1614
f 1611 1608 1614
f 28 1615 29
f 1616 1617 1618
f 1619 1618 1615
f 1619 1615 28
f 1620 1616 1618
f 1618 1619 1620
f 1621 1617 1622
f 1617 1616 1622
f 1623 1624 1625
f 24 23 1626
f 1627 1626 1624
f 1623 1621 1622
f 1626 1627 1628
f 1626 1628 24
f 1627 1624 1623
f 1625 1621 1623
f 10 1629 11
f 1630 1631 1632
f 1633 1632 1629
f 1633 1629 10
f 1634 1630 1632
f 1632 1633 1634
f 1635 1631 1636
f 1631 1630 1636
f 1637 1638 1639
f 6 5 1640
f 1641 1640 1638
f 1637 1635 1636
f 1640 1641 1642
f 1640 1642 6
f 1641 1638 1637
f 1639 1635 1637
f 1643 1644 1645
f 1646 1647 1643
f 1648 1643 1647
f 1645 1646 1643
f 1649 1650 1651
f 1652 1650 1649
f 1653 1654 1649
f 1651 1653 1649
f 1655 1656 1657
f 1657 1658 1655
f 1659 1650 1652
f 1656 1660 1661
f 1659 1662 1660
f 1661 1660 1662
f 1652 1662 1659
f 1657 1656 1661
f 1663 1664 1653
f 1651 1663 1653
f 1665 1664 1663
f 1665 1666 1664
f 1667 1668 1666
f 1667 1669 1668
f 1670 1668 1669
f 1665 1667 1666
f 1645 1671 1646
f 1671 1645 1672
f 1672 1673 1674
f 1674 1671 1672
f 1673 1675 1676
f 1677 1678 1675
f 1676 1675 1678
f 1674 1673 1676
f 1679 1680 1681
f 1681 1682 1679
f 1683 1648 1647
f 1684 1683 1685
f 1686 1682 1681
f 1685 1686 1684
f 1684 1648 1683
f 1685 1682 1686
f 1658 1687 1688
f 1658 1688 1655
f 1689 1688 1687
f 1689 1687 1690
f 1691 1692 1693
f 1689 1690 1694
f 1693 1694 1691
f 1694 1690 1691
f 1695 1696 1697
f 1696 1698 1697
f 1698 1696 1699
f 1698 1699 1700
f 1701 1670 1702
f 1702 1700 1701
f 1669 1702 1670
f 1701 1700 1699
f 1703 1704 1705
f 1705 1706 1703
f 1707 1705 1704
f 1704 1708 1707
f 1709 1678 1677
f 1709 1710 1708
f 1710 1709 1677
f 1708 1710 1707
f 1679 1711 1680
f 1711 1712 1680
f 1712 1711 1713
f 1712 1713 1714
f 1715 1716 1717
f 1715 1717 1714
f 1717 1716 1718
f 1715 1714 1713
f 1719 1720 1721
f 1722 1721 1723
f 1722 1719 1721
f 1723 1724 1722
f 1719 1725 1720
f 1725 1726 1720
f 1727 1728 1729
f 1730 1731 1732
f 1727 1733 1734
f 1735 1734 1731
f 1730 1726 1725
f 1731 1736 1735
f 1734 1735 1727
f 1736 1731 1730
f 1727 1729 1733
f 1732 1726 1730
f 1737 1738 1739
f 1740 1739 1741
f 1740 1737 1739
f 1741 1742 1740
f 1737 1743 1738
f 1743 1744 1738
f 1745 1746 1747
f 1748 1749 1750
f 1745 1751 1752
f 1753 1752 1749
f 1748 1744 1743
f 1749 1754 1753
f 1752 1753 1745
f 1754 1749 1748
f 1745 1747 1751
f 1750 1744 1748
f 1755 1756 1757
f 1758 1757 1759
f 1758 1755 1757
f 1759 1760 1758
f 1755 1761 1756
f 1761 1762 1756
f 1763 1764 1765
f 1766 1767 1768
f 1769 1770 1771
f 1769 1771 1767
f 1772 1762 1761
f 1767 1766 1769
f 1770 1769 1763
f 1766 1768 1772
f 1763 1765 1770
f 1768 1762 1772
f 1773 1774 1775
f 1776 1775 1777
f 1776 1773 1775
f 1777 1778 1776
f 1773 1779 1774
f 1779 1780 1774
f 1781 1782 1783
f 1784 1785 1786
f 1781 1787 1788
f 1789 1788 1785
f 1790 1780 1779
f 1785 1784 1789
f 1788 1789 1781
f 1784 1786 1790
f 1781 1783 1787
f 1786 1780 1790
f 1791 1792 1793
f 1794 1793 1795
f 1794 1791 1793
f 1795 1796 1794
f 1791 1797 1792
f 1797 1798 1792
f 1799 1800 1801
f 1802 1803 1804
f 1799 1805 1806
f 1807 1806 1803
f 1808 1798 1797
f 1803 1802 1807
f 1806 1807 1799
f 1802 1804 1808
f 1799 1801 1805
f 1804 1798 1808
f 1809 1810 1811
f 1812 1811 1813
f 1812 1809 1811
f 1813 1814 1812
f 1815 1810 1816
f 1810 1809 1816
f 1817 1818 1819
f 1820 1821 1822
f 1817 1823 1824
f 1825 1824 1821
f 1822 1816 1820
f 1824 1825 1826
f 1824 1826 1817
f 1825 1821 1820
f 1817 1819 1823
f 1815 1816 1822
f 1827 1828 1829
f 1830 1829 1831
f 1830 1827 1829
f 1831 1832 1830
f 1833 1828 1834
f 1828 1827 1834
f 1835 1836 1837
f 1838 1839 1840
f 1835 1841 1842
f 1843 1842 1839
f 1840 1834 1838
f 1842 1843 1844
f 1842 1844 1835
f 1843 1839 1838
f 1835 1837 1841
f 1833 1834 1840
f 1845 1846 1847
f 1848 1847 1849
f 1845 1850 1846
f 1847 1848 1845
f 1850 1851 1846
f 1851 1852 1846
f 1853 1854 1855
f 1856 1857 1858
f 1853 1859 1860
f 1861 1860 1857
f 1862 1852 1851
f 1857 1856 1861
f 1860 1861 1853
f 1856 1858 1862
f 1853 1855 1859
f 1858 1852 1862
f 1863 1864 1865
f 1866 1865 1867
f 1866 1863 1865
f 1867 1868 1866
f 1863 1869 1864
f 1869 1870 1864
f 1871 1872 1873
f 1874 1875 1876
f 1871 1877 1878
f 1879 1878 1875
f 1880 1870 1869
f 1875 1874 1879
f 1878 1879 1871
f 1874 1876 1880
f 1871 1873 1877
f 1876 1870 1880
f 1881 1882 1883
f 1884 1883 1885
f 1884 1881 1883
f 1885 1886 1884
f 1881 1887 1882
f 1887 1888 1882
f 1889 1890 1891
f 1892 1893 1894
f 1889 1895 1896
f 1897 1896 1893
f 1898 1888 1887
f 1893 1892 1897
f 1896 1897 1889
f 1892 1894 1898
f 1889 1891 1895
f 1894 1888 1898
f 1899 1900 1901
f 1901 1902 1903
f 1904 1905 1903
f 1900 1902 1901
f 1904 1903 1902
f 1901 1906 1899
f 1907 1908 1909
f 1910 1911 1912
f 1913 1914 1911
f 1915 1914 1913
f 1910 1912 1906
f 1911 1910 1916
f 1915 1913 1907
f 1911 1916 1913
f 1907 1909 1915
f 1899 1906 1912
f 1917 1918 1919
f 1920 1918 1921
f 1918 1917 1921
f 1922 1920 1921
f 1922 1923 1924
f 1924 1920 1922
f 1925 1926 1927
f 1928 1929 1930
f 1925 1929 1931
f 1924 1932 1933
f 1934 1933 1932
f 1930 1933 1934
f 1928 1930 1934
f 1928 1931 1929
f 1931 1926 1925
f 1923 1932 1924
f 1935 1936 1937
f 1938 1936 1939
f 1936 1935 1939
f 1940 1938 1939
f 1940 1941 1942
f 1942 1938 1940
f 1943 1944 1945
f 1946 1947 1948
f 1943 1947 1949
f 1942 1950 1951
f 1952 1951 1950
f 1948 1951 1952
f 1946 1948 1952
f 1946 1949 1947
f 1949 1944 1943
f 1941 1950 1942
f 1953 1954 1955
f 1956 1957 1958
f 1959 1957 1953
f 1960 1961 1956
f 1954 1962 1955
f 1953 1955 1959
f 1956 1958 1960
f 1961 1960 1963
f 1958 1957 1959
f 1963 1964 1961
f 1964 1965 1966
f 1966 1965 1967
f 1968 1969 1970
f 1970 1969 1967
f 1971 1968 1970
f 1965 1970 1967
f 1972 1973 1971
f 1971 1974 1972
f 1970 1975 1974
f 1974 1971 1970
f 1963 1965 1964
f 1976 1977 1978
f 1978 1979 1980
f 1981 1982 1980
f 1977 1979 1978
f 1981 1980 1979
f 1978 1983 1976
f 1984 1985 1986
f 1987 1988 1989
f 1990 1991 1988
f 1992 1991 1990
f 1987 1976 1983
f 1987 1993 1988
f 1993 1990 1988
f 1990 1984 1992
f 1984 1986 1992
f 1989 1976 1987
f 1994 1995 1996
f 1997 1995 1998
f 1998 1999 1997
f 1995 1994 1998
f 2000 2001 1999
f 2001 1997 1999
f 2002 2003 2004
f 2005 2006 2007
f 2008 2009 2005
f 2009 2010 2011
f 2006 2000 2007
f 2009 2008 2010
f 2011 2010 2002
f 2008 2005 2007
f 2002 2004 2011
f 2001 2000 2006
f 2012 2013 2014
f 2015 2013 2016
f 2016 2017 2015
f 2013 2012 2016
f 2018 2019 2017
f 2019 2015 2017
f 2020 2021 2022
f 2023 2024 2025
f 2026 2027 2023
f 2027 2028 2029
f 2024 2018 2025
f 2027 2026 2028
f 2029 2028 2020
f 2026 2023 2025
f 2020 2022 2029
f 2019 2018 2024
f 2030 2031 2032
f 2033 2034 2035
f 2030 2035 2031
f 2033 2035 2030
f 2033 2036 2037
f 2038 2037 2036
f 2033 2037 2034
f 2039 2038 2040
f 2039 2041 2042
f 2041 2039 2043
f 2040 2038 2044
f 2045 2043 2046
f 2040 2046 2043
f 2040 2043 2039
f 2036 2044 2038
f 2047 2048 2049
f 2050 2051 2052
f 2048 2050 2049
f 2049 2050 2052
f 2053 2054 2052
f 2054 2053 2055
f 2051 2053 2052
f 2056 2055 2057
f 2058 2059 2057
f 2060 2057 2059
f 2061 2055 2056
f 2062 2060 2063
f 2060 2062 2056
f 2057 2060 2056
f 2055 2061 2054
f 2064 2065 2066
f 2066 2067 2064
f 2068 2069 2070
f 2070 2071 2068
f 2072 2073 2074
f 2075 2073 2072
f 2076 2077 2078
f 2077 2075 2079
f 2076 2075 2077
f 2080 2078 2081
f 2082 2080 2081
f 2083 2084 2085
f 2085 2074 2073
f 2073 2083 2085
f 2073 2075 2076
f 2086 2073 2087
f 2078 2080 2076
f 2088 2089 2087
f 2090 2091 2092
f 2081 2090 2093
f 2094 2095 2096
f 2097 2098 2099
f 2098 2094 2099
f 2091 2098 2092
f 2100 2088 2101
f 2097 2092 2098
f 2102 2103 2104
f 2093 2090 2092
f 2105 2101 2103
f 2096 2095 2106
f 2093 2082 2081
f 2107 2104 2108
f 2109 2110 2083
f 2110 2084 2083
f 2111 2109 2083
f 2083 2073 2086
f 2111 2083 2112
f 2089 2086 2087
f 2113 2112 2114
f 2115 2111 2116
f 2115 2109 2111
f 2116 2111 2117
f 2111 2112 2118
f 2117 2119 2116
f 2112 2113 2118
f 2120 2116 2119
f 2114 2121 2113
f 2089 2088 2100
f 2107 2102 2104
f 2122 2123 2124
f 2105 2103 2102
f 2125 2126 2121
f 2127 2126 2125
f 2124 2127 2125
f 2120 2128 2129
f 2125 2122 2124
f 2120 2119 2128
f 2124 2123 2130
f 2121 2126 2113
f 2101 2105 2100
f 2120 2129 2131
f 2108 2132 2107
f 2133 2094 2134
f 2135 2133 2134
f 2136 2137 2138
f 2137 2136 2139
f 2140 2135 2138
f 2138 2135 2136
f 2140 2133 2135
f 2141 2099 2142
f 2143 2132 2141
f 2099 2094 2144
f 2142 2145 2141
f 2144 2142 2099
f 2133 2144 2094
f 2141 2145 2146
f 2132 2147 2107
f 2148 2139 2149
f 2139 2148 2137
f 2149 2139 2150
f 2150 2151 2152
f 2152 2153 2150
f 2151 2154 2152
f 2150 2153 2149
f 2155 2156 2157
f 2158 2155 2157
f 2159 2154 2157
f 2146 2158 2157
f 2154 2151 2157
f 2157 2156 2159
f 2158 2146 2145
f 2143 2141 2146
f 2123 2160 2130
f 2130 2160 2161
f 2160 2162 2161
f 2162 2160 2143
f 2163 2162 2164
f 2162 2165 2166
f 2147 2132 2143
f 2163 2120 2167
f 2163 2164 2120
f 2120 2168 2116
f 2169 2168 2170
f 2171 2168 2169
f 2170 2168 2120
f 2162 2166 2164
f 2120 2131 2167
f 2162 2143 2172
f 2172 2165 2162
f 2173 2172 2143
f 2173 2146 2174
f 2175 2176 2177
f 2146 2178 2174
f 2143 2146 2173
f 2171 2179 2180
f 2181 2180 2179
f 2179 2182 2181
f 2171 2180 2168
f 2182 2183 2184
f 2184 2183 2175
f 2175 2177 2184
f 2182 2184 2181
f 2176 2146 2177
f 2146 2176 2178
f 2134 2094 2096
f 2185 2186 2187
f 2188 2187 2186
f 2189 2190 2191
f 2192 2191 2193
f 2193 2191 2190
f 2194 2193 2195
f 2192 2193 2196
f 2197 2196 2193
f 2193 2198 2197
f 2193 2194 2198
f 2195 2199 2194
f 2200 2201 2199
f 2202 2203 2204
f 2203 2205 2204
f 2201 2202 2206
f 2199 2201 2206
f 2205 2207 2204
f 2204 2206 2202
f 2207 2205 2208
f 2200 2199 2195
f 2209 2210 2211
f 2212 2211 2210
f 2213 2209 2211
f 2214 2215 2211
f 2213 2211 2215
f 2212 2216 2217
f 2218 2217 2219
f 2216 2220 2217
f 2219 2217 2220
f 2210 2216 2212
f 2221 2222 2223
f 2224 2223 2222
f 2225 2226 2227
f 2228 2229 2227
f 2229 2224 2227
f 2224 2229 2230
f 2224 2230 2223
f 2228 2227 2226
f 2231 2232 2233
f 2231 2233 2234
f 2235 2234 2236
f 2237 2236 2238
f 2239 2231 2234
f 2237 2235 2236
f 2240 2237 2238
f 2239 2234 2235
f 2238 2241 2240
f 2242 2243 2244
f 2245 2222 2246
f 2247 2245 2248
f 2243 2247 2249
f 2242 2244 2241
f 2243 2249 2244
f 2249 2247 2248
f 2248 2245 2246
f 2222 2221 2246
f 2242 2241 2238
f 2250 2251 2252
f 2253 2254 2255
f 2254 2253 2252
f 2250 2252 2253
f 2256 2257 2251
f 2250 2258 2251
f 2256 2251 2258
f 2255 2259 2260
f 2260 2261 2262
f 2263 2262 2261
f 2264 2255 2262
f 2264 2265 2266
f 2265 2264 2262
f 2255 2260 2262
f 2259 2255 2254
f 2267 2268 2269
f 2270 2271 2268
f 2272 2273 2274
f 2275 2276 2277
f 2272 2278 2276
f 2270 2275 2271
f 2279 2280 2267
f 2269 2279 2267
f 2269 2268 2271
f 2277 2276 2278
f 2275 2277 2271
f 2272 2274 2278
f 2273 2281 2274
f 2282 2283 2284
f 2281 2285 2286
f 2287 2288 2289
f 2285 2289 2286
f 2285 2281 2273
f 2290 2287 2291
f 2292 2293 2294
f 2295 2291 2293
f 2296 2294 2297
f 2288 2286 2289
f 2290 2298 2287
f 2288 2287 2298
f 2299 2295 2293
f 2296 2292 2294
f 2284 2296 2297
f 2299 2293 2292
f 2290 2291 2295
f 2297 2282 2284
f 2300 2301 2302
f 2303 2304 2305
f 2305 2300 2306
f 1908 2301 1909
f 2301 1908 2302
f 2302 2306 2300
f 2306 2303 2305
f 2303 2307 2304
f 2308 2309 2310
f 2311 1904 2312
f 2312 2308 2310
f 2307 2313 2304
f 2310 2311 2312
f 1905 1904 2311
f 2313 2310 2309
f 2309 2304 2313
f 1926 2314 1927
f 2315 2316 2317
f 2318 2317 2314
f 2318 2314 1926
f 2319 2315 2317
f 2317 2318 2319
f 2320 2316 2321
f 2316 2315 2321
f 2322 2323 2324
f 2325 2322 2326
f 2327 2325 2328
f 2323 2321 2329
f 2324 2326 2322
f 2323 2329 2324
f 2325 2326 2328
f 2320 2321 2323
f 1944 2330 1945
f 2331 2332 2333
f 2334 2333 2330
f 2334 2330 1944
f 2335 2331 2333
f 2333 2334 2335
f 2336 2332 2337
f 2332 2331 2337
f 2338 2339 2340
f 2341 2338 2342
f 2343 2341 2344
f 2339 2337 2345
f 2340 2342 2338
f 2339 2345 2340
f 2341 2342 2344
f 2336 2337 2339
f 2346 2347 2348
f 2349 2350 2348
f 2347 2351 2352
f 2351 2353 2352
f 2354 2355 2352
f 2352 2353 2354
f 2347 2346 2351
f 2352 2356 2347
f 2346 2348 2350
f 2349 2357 2350
f 2358 2359 2360
f 2361 2359 2358
f 2360 2349 2358
f 2357 2349 2360
f 2362 2363 2364
f 2363 2358 2364
f 2365 2363 2362
f 2366 2365 2362
f 2361 2358 2363
f 2367 2355 2368
f 2369 2370 2368
f 2355 2369 2368
f 2371 2372 2373
f 2371 2374 2375
f 2371 2375 2376
f 2374 2371 2373
f 2371 2376 2370
f 2371 2369 2377
f 2366 2378 2365
f 2379 2380 2381
f 2379 2365 2378
f 2382 2377 2381
f 2381 2383 2382
f 2379 2378 2380
f 2380 2383 2381
f 2377 2382 2371
f 2371 2370 2369
f 2352 2355 2367
f 2384 2385 2386
f 2384 2386 2387
f 2386 2388 2389
f 2388 2386 2390
f 2385 2390 2386
f 2391 2386 2389
f 2387 2392 2384
f 2393 2394 2395
f 2393 2395 2396
f 2394 2397 2395
f 2387 2397 2392
f 2394 2392 2397
f 2398 2391 2389
f 2399 2398 2400
f 2399 2400 2401
f 2402 2403 2404
f 2399 2405 2406
f 2403 2399 2401
f 2404 2403 2401
f 2407 2398 2399
f 2399 2408 2409
f 2407 2399 2409
f 2406 2408 2399
f 2410 2409 2408
f 2411 2409 2410
f 2412 2413 2411
f 2409 2411 2414
f 2407 2391 2398
f 2393 2396 2415
f 2416 2396 2417
f 2415 2396 2416
f 2418 2416 2417
f 2418 2417 2419
f 2420 2419 2421
f 2420 2418 2419
f 2422 2423 2421
f 2424 2423 2422
f 2425 2426 2422
f 2424 2422 2426
f 2422 2427 2425
f 2428 2427 2422
f 2420 2421 2423
f 2429 2427 2428
f 2430 2414 2431
f 2431 2414 2413
f 2413 2432 2433
f 2433 2434 2413
f 2432 2413 2412
f 2435 2436 2430
f 2414 2411 2413
f 2429 2437 2438
f 2438 2439 2429
f 2429 2440 2437
f 2430 2431 2435
f 2440 2436 2441
f 2435 2441 2436
f 2440 2429 2436
f 2429 2428 2436
f 2442 2443 2444
f 2445 2442 2444
f 2446 2447 2443
f 2442 2446 2443
f 2448 2449 2450
f 2451 2447 2446
f 2450 2451 2448
f 2450 2447 2451
f 2452 2453 2454
f 2454 2455 2452
f 2456 2454 2453
f 2453 2457 2456
f 2458 2459 2457
f 2457 2459 2456
f 2458 2457 2460
f 2461 2458 2460
f 2462 2461 2460
f 2460 2463 2462
f 2464 2465 2466
f 2464 2467 2468
f 2467 2464 2466
f 2465 2469 2466
f 2470 2471 2472
f 2473 2470 2472
f 2473 2469 2474
f 2469 2473 2472
f 2474 2469 2465
f 2471 2475 2472
f 2463 2476 2477
f 2476 2478 2477
f 2478 2476 2479
f 2478 2479 2480
f 2481 2482 2483
f 2484 2482 2481
f 2480 2479 2485
f 2481 2485 2484
f 2482 2486 2487
f 2485 2479 2484
f 2488 2489 2490
f 2491 2488 2492
f 2492 2475 2491
f 2490 2492 2488
f 2489 2493 2490
f 2475 2471 2491
f 2494 2483 2487
f 2493 2494 2495
f 2487 2495 2494
f 2487 2483 2482
f 2486 2496 2487
f 2493 2495 2490
f 2462 2463 2477
f 2496 2486 2497
f 2498 2499 2500
f 2486 2501 2497
f 2502 2503 2500
f 2497 2501 2504
f 2500 2504 2502
f 2503 2498 2500
f 2504 2501 2502
f 2505 2506 2507
f 2508 2509 2510
f 2506 2508 2511
f 2511 2507 2506
f 2512 2510 2509
f 2513 2512 2509
f 2511 2508 2510
f 2509 2514 2513
f 2515 2516 2517
f 2518 2230 2229
f 2516 2518 2519
f 2514 2520 2513
f 2514 2515 2520
f 2520 2515 2517
f 2517 2516 2519
f 2518 2229 2519
f 2521 2522 2523
f 2523 2524 2521
f 2525 2526 2527
f 2527 2526 2528
f 2529 2530 2531
f 2532 2528 2530
f 2530 2528 2531
f 2533 2529 2534
f 2533 2534 2535
f 2536 2537 2538
f 2526 2525 2536
f 2536 2538 2526
f 2531 2528 2526
f 2539 2526 2540
f 2531 2534 2529
f 2539 2541 2542
f 2543 2544 2545
f 2546 2545 2533
f 2547 2548 2549
f 2550 2551 2552
f 2550 2549 2551
f 2543 2551 2544
f 2553 2542 2554
f 2551 2543 2552
f 2555 2556 2557
f 2558 2559 2557
f 2543 2545 2546
f 2556 2553 2560
f 2561 2548 2547
f 2533 2535 2546
f 2559 2555 2557
f 2538 2562 2563
f 2538 2537 2562
f 2538 2563 2564
f 2540 2526 2538
f 2565 2538 2566
f 2539 2540 2541
f 2567 2565 2568
f 2569 2564 2570
f 2564 2563 2570
f 2571 2564 2569
f 2566 2538 2564
f 2569 2572 2571
f 2566 2568 2565
f 2572 2569 2573
f 2568 2574 2567
f 2554 2542 2541
f 2568 2575 2574
f 2576 2577 2578
f 2576 2579 2577
f 2557 2556 2560
f 2580 2578 2574
f 2574 2575 2580
f 2581 2582 2573
f 2573 2583 2581
f 2576 2578 2580
f 2582 2572 2573
f 2577 2579 2584
f 2554 2560 2553
f 2585 2583 2573
f 2586 2549 2587
f 2586 2587 2588
f 2589 2590 2591
f 2592 2591 2590
f 2589 2588 2593
f 2591 2588 2589
f 2588 2587 2593
f 2594 2550 2595
f 2595 2596 2597
f 2598 2549 2550
f 2595 2599 2594
f 2550 2594 2598
f 2549 2598 2587
f 2600 2599 2595
f 2558 2596 2559
f 2601 2592 2602
f 2590 2602 2592
f 2603 2592 2601
f 2604 2605 2603
f 2603 2606 2604
f 2604 2607 2605
f 2601 2606 2603
f 2608 2609 2610
f 2608 2610 2611
f 2608 2607 2612
f 2608 2611 2600
f 2608 2605 2607
f 2612 2609 2608
f 2599 2600 2611
f 2600 2595 2597
f 2579 2613 2584
f 2596 2558 2614
f 2615 2597 2613
f 2613 2616 2615
f 2617 2618 2615
f 2579 2616 2613
f 2597 2596 2614
f 2573 2619 2620
f 2619 2615 2620
f 2620 2585 2573
f 2621 2622 2623
f 2623 2622 2624
f 2573 2622 2621
f 2619 2617 2615
f 2569 2622 2573
f 2625 2597 2615
f 2615 2618 2625
f 2597 2625 2626
f 2627 2600 2626
f 2628 2629 2630
f 2627 2631 2600
f 2626 2600 2597
f 2632 2633 2624
f 2633 2632 2634
f 2634 2635 2633
f 2622 2632 2624
f 2636 2637 2635
f 2630 2637 2636
f 2636 2628 2630
f 2634 2636 2635
f 2628 2600 2629
f 2631 2629 2600
f 2547 2549 2586
f 2638 2639 2640
f 2641 2642 2643
f 2644 2641 2645
f 2639 2644 2640
f 2646 2638 2647
f 2647 2638 2640
f 2640 2644 2645
f 2641 2643 2645
f 2642 2648 2643
f 2649 2650 2651
f 2652 2653 2654
f 2653 2226 2225
f 2650 2652 2655
f 2649 2656 2648
f 2649 2651 2656
f 2648 2656 2643
f 2655 2651 2650
f 2652 2654 2655
f 2653 2225 2654
f 2657 2658 2659
f 2657 2660 2661
f 2662 2663 2658
f 2662 2664 2663
f 2662 2665 2666
f 2666 2664 2662
f 2663 2659 2658
f 2658 2667 2662
f 2660 2657 2659
f 2660 2668 2661
f 2669 2670 2671
f 2671 2670 2672
f 2671 2661 2669
f 2669 2661 2668
f 2673 2674 2675
f 2673 2671 2674
f 2675 2674 2676
f 2675 2676 2677
f 2674 2671 2672
f 2678 2665 2679
f 2678 2680 2681
f 2678 2681 2665
f 2682 2683 2684
f 2685 2686 2684
f 2687 2685 2684
f 2682 2684 2686
f 2680 2687 2684
f 2688 2681 2684
f 2676 2689 2677
f 2690 2691 2692
f 2689 2676 2692
f 2690 2688 2693
f 2693 2694 2690
f 2691 2689 2692
f 2690 2694 2691
f 2684 2693 2688
f 2681 2680 2684
f 2679 2665 2662
f 2695 2696 2697
f 2697 2698 2695
f 2699 2700 2701
f 2702 2703 2699
f 2704 2699 2703
f 2701 2702 2699
f 2705 2706 2707
f 2708 2709 2710
f 2706 2708 2711
f 2707 2712 2705
f 2710 2711 2708
f 2713 2710 2709
f 2707 2706 2711
f 2709 2714 2713
f 2714 2715 2716
f 2717 2718 2719
f 2715 2717 2720
f 2716 2715 2720
f 2718 2721 2719
f 2719 2720 2717
f 2721 2718 2722
f 2714 2716 2713
f 2705 2712 2723
f 2724 2723 2712
f 2725 2726 2727
f 2728 2729 2725
f 2730 2731 2728
f 2732 2733 2731
f 2728 2725 2727
f 2734 2727 2726
f 2730 2728 2727
f 2735 2730 2727
f 2733 2732 2736
f 2732 2731 2730
f 2736 2737 2733
f 2738 2739 2737
f 2740 2741 2739
f 2742 2743 2744
f 2745 2746 2743
f 2747 2744 2741
f 2739 2738 2740
f 2741 2740 2747
f 2743 2742 2745
f 2746 2745 2748
f 2742 2744 2747
f 2736 2738 2737
f 2749 2750 2751
f 2752 2753 2754
f 2755 2754 2750
f 2751 2756 2749
f 2754 2755 2752
f 2753 2752 2757
f 2755 2750 2749
f 2757 2758 2753
f 2759 2760 2758
f 2761 2762 2763
f 2764 2763 2760
f 2764 2760 2759
f 2761 2765 2762
f 2763 2764 2761
f 2766 2762 2765
f 2757 2759 2758
f 2767 2768 2769
f 2770 2771 2769
f 2772 2770 2769
f 2767 2769 2771
f 2773 2774 2775
f 2776 2777 2775
f 2778 2776 2775
f 2774 2778 2775
f 2779 2780 2781
f 2779 2781 2782
f 2781 2780 2769
f 2782 2781 2783
f 2780 2772 2769
f 2784 2785 2786
f 2787 2784 2786
f 2786 2775 2787
f 2786 2783 2781
f 2786 2785 2783
f 2787 2775 2777
f 2788 2789 2790
f 2790 2791 2788
f 2792 2793 2794
f 2795 2794 2793
f 2796 2792 2794
f 2794 2797 2798
f 2799 2795 2800
f 2797 2794 2795
f 2799 2797 2795
f 2794 2801 2796
f 2802 1962 1954
f 2803 2804 2801
f 2803 2805 2806
f 2807 2808 2809
f 2810 2808 2806
f 2811 2807 2812
f 2803 2801 2805
f 2806 2805 2810
f 2807 2809 2812
f 2811 2812 2802
f 2809 2808 2810
f 2802 1954 2811
f 2796 2801 2804
f 2813 2814 2815
f 2816 2815 2814
f 2817 2818 2819
f 2820 2821 2822
f 2821 2823 2824
f 2818 2820 2822
f 2819 2818 2822
f 2823 2825 2824
f 2824 2822 2821
f 2825 2826 2827
f 2825 2823 2826
f 2828 2827 2829
f 2830 2831 2832
f 2831 2830 2829
f 2833 2829 2830
f 2828 2829 2834
f 2829 2835 2836
f 2836 2834 2829
f 2835 2829 2833
f 2827 2828 2825
f 2837 2838 2839
f 2838 2837 2840
f 2837 2839 2841
f 2837 2842 2843
f 2842 2837 2841
f 2844 2845 2840
f 2846 2844 2847
f 2844 2848 2845
f 2848 2844 2846
f 2840 2845 2838
f 2849 2850 2851
f 2852 2853 2854
f 2854 2849 2852
f 2852 2849 2851
f 2850 2855 2856
f 2850 2857 2851
f 2857 2850 2856
f 2853 2858 2859
f 2858 2860 2859
f 2860 2858 2861
f 2862 2863 2864
f 2863 2862 2858
f 2863 2858 2853
f 2854 2853 2859
f 2865 2866 2867
f 2868 2869 2865
f 2870 2871 2872
f 2873 2874 2875
f 2871 2873 2872
f 2866 2870 2876
f 2868 2877 2869
f 2868 2865 2867
f 2876 2878 2866
f 2875 2872 2873
f 2876 2870 2872
f 2867 2866 2878
f 2874 2879 2875
f 2880 2881 2882
f 2883 2884 2885
f 2886 2887 2888
f 2884 2886 2888
f 2889 2890 2891
f 2892 2893 2894
f 2890 2892 2891
f 2887 2889 2895
f 2879 2883 2885
f 2888 2887 2895
f 2884 2888 2885
f 2892 2894 2891
f 2891 2895 2889
f 2894 2893 2896
f 2882 2881 2896
f 2896 2893 2882
f 2883 2879 2874
f 2897 2898 2899
f 2899 2900 2897
f 2901 1986 1985
f 2902 2901 2903
f 2903 2901 1985
f 2904 2905 2906
f 2902 2903 2906
f 2905 2904 2907
f 2902 2906 2905
f 2907 2908 2905
f 2909 2910 2911
f 2912 1981 2913
f 2913 2909 2911
f 2914 2910 2907
f 2911 2910 2914
f 2912 2913 2911
f 2912 1982 1981
f 2908 2907 2910
f 2003 2915 2004
f 2916 2917 2918
f 2919 2918 2915
f 2920 2915 2003
f 2919 2916 2918
f 2915 2920 2919
f 2921 2922 2916
f 2922 2917 2916
f 2923 2924 2925
f 2926 2923 2927
f 1996 2926 1994
f 2928 2922 2921
f 2923 2925 2927
f 2926 2927 1994
f 2925 2924 2928
f 2924 2922 2928
f 2021 2929 2022
f 2930 2931 2932
f 2933 2932 2929
f 2934 2929 2021
f 2933 2930 2932
f 2929 2934 2933
f 2935 2936 2930
f 2936 2931 2930
f 2937 2938 2939
f 2940 2937 2941
f 2014 2940 2012
f 2942 2936 2935
f 2937 2939 2941
f 2940 2941 2012
f 2939 2938 2942
f 2938 2936 2942
f 2943 2944 2945
f 2946 2945 2944
f 2947 2948 2944
f 2946 2944 2948
f 2949 2950 2951
f 2952 2953 2954
f 2949 2951 2955
f 2952 2956 2957
f 2956 2952 2954
f 2957 2956 2955
f 2951 2957 2955
f 2953 2958 2954
f 2959 2960 2961
f 2962 2963 2964
f 2960 2962 2965
f 2961 2958 2959
f 2964 2965 2962
f 2966 2964 2963
f 2961 2960 2965
f 2959 2958 2953
f 2950 2967 2968
f 2967 2950 2949
f 2969 2970 2971
f 2972 2973 2974
f 2975 2972 2976
f 2969 2977 2975
f 2970 2978 2979
f 2980 2981 2970
f 2980 2970 2979
f 2970 2981 2971
f 2969 2971 2977
f 2982 2983 2984
f 2985 2986 2987
f 2988 2986 2985
f 2983 2988 2984
f 2982 2972 2989
f 2972 2982 2976
f 2976 2982 2984
f 2988 2985 2984
f 2989 2972 2974
f 2986 2990 2991
f 2975 2976 2969
f 2992 2993 2994
f 2993 2995 2994
f 2996 2995 2993
f 2997 2993 2969
f 2970 2969 2993
f 2996 2993 2998
f 2993 2999 3000
f 2998 2993 3000
f 2997 2999 2993
f 2969 3001 2997
f 3002 3003 3004
f 3005 3002 3004
f 3006 2969 3007
f 2969 3006 3001
f 3001 3008 2997
f 3009 3010 3011
f 3010 3006 3011
f 3007 3011 3006
f 3008 3012 2997
f 3013 3005 3004
f 2969 2976 3002
f 3003 3002 2976
f 2997 3012 3014
f 2986 2991 2987
f 3015 2991 3016
f 2991 3015 2987
f 3016 2991 3017
f 3018 3005 3013
f 3018 3013 3019
f 3019 3020 3021
f 3021 3020 3022
f 3019 3021 3018
f 3023 3024 3017
f 3025 3017 3026
f 3017 3025 3023
f 3025 3026 3027
f 3024 3016 3017
f 3020 3028 3022
f 3020 3029 3028
f 3028 3029 3027
f 3030 3027 3031
f 3031 3027 3026
f 3027 3030 3028
f 3032 3031 3033
f 3034 3009 3035
f 3036 3035 3037
f 3037 3035 3038
f 3035 3036 3034
f 3014 3039 2997
f 3040 3037 3038
f 3041 3042 2997
f 3038 3043 3040
f 3010 3009 3034
f 3044 3043 3045
f 3031 3032 3030
f 3032 3033 3046
f 3032 3046 3045
f 3044 3045 3046
f 3047 3048 3042
f 3049 3050 3042
f 3049 3044 3046
f 3049 3042 3048
f 3046 3050 3049
f 3047 3042 3041
f 3044 3040 3043
f 3041 2997 3039
f 3051 2991 2990
f 3052 3053 3054
f 3055 3054 3053
f 3056 3055 3053
f 3053 3057 3056
f 3052 3054 3058
f 3059 3060 3061
f 3062 3058 3063
f 3064 3063 3065
f 3061 3058 3062
f 3061 3052 3058
f 3063 3064 3062
f 3066 3067 3068
f 3067 3066 3069
f 3066 3068 3057
f 3057 3053 3066
f 3070 3071 3072
f 3071 3070 3065
f 3072 3073 3074
f 3073 3072 3071
f 3074 3073 3075
f 3065 3070 3064
f 3076 3059 3077
f 3076 3060 3059
f 3076 3077 3078
f 3061 3062 3059
f 3078 3077 3079
f 3080 3081 3082
f 3082 3081 3076
f 3082 3083 3080
f 3076 3078 3082
f 3080 3083 3084
f 3078 3079 3085
f 3086 3087 3085
f 3087 3086 3088
f 3089 3088 3090
f 3090 3088 3091
f 3088 3089 3087
f 3084 3092 3080
f 3093 3094 3095
f 3080 3092 3095
f 3091 3096 3090
f 3086 3085 3079
f 3095 3092 3093
f 3069 3066 3097
f 3098 3099 3100
f 3069 3098 3101
f 3069 3101 3067
f 3101 3098 3100
f 3102 3103 3104
f 3104 3103 3100
f 3102 3104 3105
f 3099 3104 3100
f 3106 3102 3105
f 3102 3106 3107
f 3103 3108 3109
f 3102 3108 3103
f 3110 3111 3112
f 3113 3110 3112
f 3114 3115 3112
f 3114 3112 3111
f 3116 3113 3109
f 3108 3116 3109
f 3109 3113 3112
f 3075 3117 3118
f 3118 3103 3119
f 3120 3121 3122
f 3119 3075 3118
f 3121 3123 3122
f 3121 3096 3123
f 3123 3096 3091
f 3124 3125 3095
f 3073 3117 3075
f 3095 3120 3109
f 3109 3120 3122
f 3126 3127 3128
f 3095 3109 3127
f 3103 3109 3119
f 3129 3127 3126
f 3127 3130 3095
f 3127 3131 3130
f 3127 3132 3133
f 3133 3131 3127
f 3132 3127 3129
f 3120 3095 3125
f 3112 3127 3109
f 3124 3095 3094
f 3134 3097 3066
f 3135 3136 3137
f 3138 3139 3140
f 3141 3136 3135
f 3142 3143 3140
f 3138 3140 3143
f 3141 3143 3142
f 3141 3142 3136
f 3138 3144 3139
f 3145 3146 3147
f 3148 3149 3150
f 3151 3150 3146
f 3147 3144 3145
f 3150 3151 3152
f 3150 3152 3148
f 3151 3146 3145
f 3139 3144 3147
f 3153 3154 3155
f 3156 3153 3155
f 3157 3158 3153
f 3159 3153 3158
f 3153 3159 3154
f 3157 3153 3160
f 3155 3161 3156
f 3162 3163 3164
f 3165 3164 3166
f 3162 3164 3165
f 3162 3167 3163
f 3161 3167 3156
f 3167 3161 3163
f 3157 3160 3168
f 3169 3168 3170
f 3171 3169 3170
f 3172 3173 3174
f 3175 3170 3176
f 3171 3170 3173
f 3171 3173 3172
f 3168 3177 3170
f 3178 3179 3170
f 3178 3170 3177
f 3170 3179 3176
f 3179 3178 3180
f 3180 3178 3181
f 3181 3182 3183
f 3184 3181 3178
f 3168 3160 3177
f 3165 3185 3186
f 3186 3185 3187
f 3188 3186 3187
f 3189 3188 3190
f 3188 3187 3190
f 3189 3191 3192
f 3192 3191 3193
f 3192 3194 3195
f 3194 3192 3193
f 3195 3196 3192
f 3192 3196 3197
f 3191 3189 3190
f 3197 3196 3198
f 3199 3184 3200
f 3182 3184 3199
f 3201 3202 3182
f 3182 3203 3201
f 3183 3182 3202
f 3200 3204 3205
f 3182 3181 3184
f 3206 3207 3198
f 3198 3208 3206
f 3207 3209 3198
f 3205 3199 3200
f 3210 3204 3209
f 3204 3210 3205
f 3204 3198 3209
f 3204 3197 3198
f 3165 3166 3185
f 3211 3212 3213
f 3214 3211 3213
f 3215 3212 3211
f 3216 3215 3211
f 3217 3218 3219
f 3219 3216 3217
f 3218 3217 3220
f 3215 3216 3219
f 3221 3222 1891
f 3223 3224 3225
f 3226 3225 3222
f 3221 1891 1890
f 3226 3223 3225
f 3222 3221 3226
f 3223 3227 3224
f 3227 3228 3224
f 3229 3230 3231
f 1886 1885 3232
f 3233 3232 3230
f 3234 3228 3227
f 3230 3229 3233
f 3232 3233 1886
f 3229 3231 3234
f 3231 3228 3234
f 3235 3236 1873
f 3237 3238 3239
f 3240 3239 3236
f 3235 1873 1872
f 3240 3237 3239
f 3236 3235 3240
f 3237 3241 3238
f 3241 3242 3238
f 3243 3244 3245
f 1868 1867 3246
f 3247 3246 3244
f 3248 3242 3241
f 3244 3243 3247
f 3246 3247 1868
f 3243 3245 3248
f 3245 3242 3248
f 3249 3250 1855
f 3251 3252 3253
f 3254 3253 3250
f 3249 1855 1854
f 3254 3251 3253
f 3250 3249 3254
f 3255 3252 3256
f 3252 3251 3256
f 3257 3258 3259
f 1848 1849 3260
f 3261 3260 3258
f 3262 3255 3256
f 3258 3257 3261
f 3260 3261 1848
f 3257 3259 3262
f 3259 3255 3262
f 3263 3264 1837
f 3265 3266 3267
f 3263 3267 3264
f 3263 1837 1836
f 3265 3268 3266
f 3267 3263 3265
f 3269 3266 3270
f 3266 3268 3270
f 3271 3272 3273
f 3274 1831 3275
f 3271 3275 3272
f 3276 3269 3270
f 3275 3271 3274
f 1831 3274 1832
f 3271 3273 3276
f 3273 3269 3276
f 3277 3278 1819
f 3279 3280 3281
f 3277 3281 3278
f 3277 1819 1818
f 3279 3282 3280
f 3281 3277 3279
f 3283 3280 3284
f 3280 3282 3284
f 3285 3286 3287
f 3288 1813 3289
f 3285 3289 3286
f 3290 3283 3284
f 3289 3285 3288
f 1813 3288 1814
f 3285 3287 3290
f 3287 3283 3290
f 3291 3292 1801
f 3293 3294 3295
f 3296 3295 3292
f 3291 1801 1800
f 3296 3293 3295
f 3292 3291 3296
f 3293 3297 3294
f 3297 3298 3294
f 3299 3300 3301
f 1796 1795 3302
f 3303 3302 3300
f 3304 3298 3297
f 3300 3299 3303
f 3302 3303 1796
f 3299 3301 3304
f 3301 3298 3304
f 3305 3306 1783
f 3307 3308 3309
f 3310 3309 3306
f 3305 1783 1782
f 3310 3307 3309
f 3306 3305 3310
f 3307 3311 3308
f 3311 3312 3308
f 3313 3314 3315
f 1778 1777 3316
f 3317 3316 3314
f 3318 3312 3311
f 3314 3313 3317
f 3316 3317 1778
f 3313 3315 3318
f 3315 3312 3318
f 3319 3320 1765
f 3321 3322 3323
f 3324 3323 3320
f 3319 1765 1764
f 3324 3321 3323
f 3320 3319 3324
f 3321 3325 3322
f 3325 3326 3322
f 3327 3328 3329
f 1760 1759 3330
f 3331 3330 3328
f 3332 3326 3325
f 3328 3327 3331
f 3330 3331 1760
f 3327 3329 3332
f 3329 3326 3332
f 1746 3333 1747
f 3334 3335 3336
f 3337 3336 3333
f 3337 3333 1746
f 3338 3334 3336
f 3336 3337 3338
f 3339 3335 3340
f 3335 3334 3340
f 3341 3342 3343
f 1742 1741 3344
f 3345 3344 3342
f 3341 3339 3340
f 3344 3345 3346
f 3344 3346 1742
f 3345 3342 3341
f 3343 3339 3341
f 1728 3347 1729
f 3348 3349 3350
f 3351 3350 3347
f 3351 3347 1728
f 3352 3348 3350
f 3350 3351 3352
f 3353 3349 3354
f 3349 3348 3354
f 3355 3356 3357
f 1724 1723 3358
f 3359 3358 3356
f 3355 3353 3354
f 3358 3359 3360
f 3358 3360 1724
f 3359 3356 3355
f 3357 3353 3355
f 3361 3362 3363
f 3364 3365 3361
f 3366 3361 3365
f 3363 3364 3361
f 3367 3368 3369
f 3370 3368 3367
f 3371 3372 3367
f 3369 3371 3367
f 3373 3374 3375
f 3375 3376 3373
f 3377 3368 3370
f 3374 3378 3379
f 3377 3380 3378
f 3379 3378 3380
f 3370 3380 3377
f 3375 3374 3379
f 3381 3382 3371
f 3369 3381 3371
f 3383 3382 3381
f 3383 3384 3382
f 3385 3386 3384
f 3385 3387 3386
f 3388 3386 3387
f 3383 3385 3384
f 3363 3389 3364
f 3389 3363 3390
f 3390 3391 3392
f 3392 3389 3390
f 3391 3393 3394
f 3395 3396 3393
f 3394 3393 3396
f 3392 3391 3394
f 3397 3398 3399
f 3399 3400 3397
f 3401 3366 3365
f 3402 3401 3403
f 3404 3400 3399
f 3403 3404 3402
f 3402 3366 3401
f 3403 3400 3404
f 3376 3405 3406
f 3376 3406 3373
f 3407 3406 3405
f 3407 3405 3408
f 3409 3410 3411
f 3407 3408 3412
f 3411 3412 3409
f 3412 3408 3409
f 3413 3414 3415
f 3414 3416 3415
f 3416 3414 3417
f 3416 3417 3418
f 3419 3388 3420
f 3420 3418 3419
f 3387 3420 3388
f 3419 3418 3417
f 3421 3422 3423
f 3423 3424 3421
f 3425 3423 3422
f 3422 3426 3425
f 3427 3396 3395
f 3427 3428 3426
f 3428 3427 3395
f 3426 3428 3425
f 3397 3429 3398
f 3429 3430 3398
f 3430 3429 3431
f 3430 3431 3432
f 3433 3434 3435
f 3433 3435 3432
f 3435 3434 3436
f 3433 3432 3431
f 3437 3438 3439
f 3438 3437 3440
f 3438 3440 3441
f 3440 3442 3441
f 3441 3439 3438
f 3441 3442 3443
f 3439 3441 3444
f 3445 3446 3447
f 3448 3449 3442
f 3450 3451 3446
f 3442 3446 3452
f 3453 3454 3455
f 3456 3457 3453
f 3458 3459 3460
f 3461 3462 3453
f 3463 3464 3465
f 3466 3467 3468
f 3469 3445 3470
f 3465 3471 3463
f 3472 3463 3471
f 3444 3473 3474
f 3444 3441 3473
f 3442 3452 3443
f 3443 3473 3441
f 3446 3475 3452
f 3443 3452 3476
f 3446 3445 3475
f 3473 3443 3477
f 3473 3477 3478
f 3478 3474 3473
f 3479 3478 3477
f 3480 3474 3478
f 3452 3481 3476
f 3476 3477 3443
f 3475 3482 3483
f 3484 3476 3481
f 3452 3475 3481
f 3485 3477 3476
f 3458 3482 3445
f 3453 3486 3458
f 3458 3487 3454
f 3458 3486 3482
f 3482 3475 3445
f 3486 3453 3488
f 3488 3453 3467
f 3463 3467 3466
f 3489 3467 3463
f 3453 3462 3467
f 3482 3486 3490
f 3482 3490 3483
f 3486 3488 3491
f 3486 3491 3490
f 3492 3483 3490
f 3488 3493 3491
f 3493 3488 3489
f 3494 3489 3495
f 3496 3491 3493
f 3488 3467 3489
f 3497 3490 3491
f 3463 3472 3495
f 3483 3481 3475
f 3469 3458 3445
f 3498 3481 3483
f 3499 3500 3501
f 3501 3502 3472
f 3472 3499 3501
f 3495 3472 3502
f 3495 3489 3463
f 3503 3504 3505
f 3501 3500 3506
f 3507 3501 3503
f 3503 3506 3508
f 3505 3509 3503
f 3499 3472 3510
f 3511 3512 3513
f 3513 3514 3515
f 3515 3514 3516
f 3517 3505 3511
f 3516 3518 3519
f 3520 3515 3516
f 3518 3516 3521
f 3522 3511 3515
f 3512 3511 3505
f 3516 3519 3523
f 3494 3495 3524
f 3524 3495 3502
f 3525 3502 3507
f 3509 3507 3503
f 3517 3509 3505
f 3526 3507 3509
f 3502 3501 3507
f 3509 3517 3527
f 3528 3524 3525
f 3525 3524 3502
f 3526 3525 3507
f 3529 3525 3526
f 3526 3530 3529
f 3531 3530 3526
f 3531 3526 3527
f 3494 3524 3532
f 3509 3527 3526
f 3493 3494 3533
f 3517 3534 3527
f 3534 3517 3522
f 3522 3520 3535
f 3536 3527 3534
f 3537 3534 3535
f 3534 3522 3535
f 3538 3539 3535
f 3540 3535 3539
f 3522 3515 3520
f 3540 3537 3535
f 3536 3541 3527
f 3542 3536 3534
f 3538 3543 3539
f 3542 3534 3537
f 3538 3520 3523
f 3527 3541 3531
f 3517 3511 3522
f 3516 3523 3520
f 3494 3493 3489
f 3529 3530 3544
f 3545 3480 3546
f 3545 3546 3547
f 3546 3480 3478
f 3546 3478 3479
f 3548 3546 3479
f 3485 3479 3477
f 3549 3479 3485
f 3550 3547 3551
f 3547 3550 3545
f 3547 3548 3552
f 3550 3551 3553
f 3549 3554 3548
f 3549 3548 3479
f 3548 3554 3552
f 3552 3551 3547
f 3547 3546 3548
f 3551 3552 3555
f 3484 3556 3485
f 3484 3498 3557
f 3485 3476 3484
f 3492 3497 3558
f 3498 3483 3492
f 3492 3490 3497
f 3497 3496 3559
f 3481 3498 3484
f 3498 3492 3560
f 3554 3549 3561
f 3549 3556 3561
f 3557 3556 3484
f 3557 3562 3556
f 3563 3557 3560
f 3558 3560 3492
f 3559 3558 3497
f 3564 3560 3558
f 3557 3498 3560
f 3565 3558 3559
f 3533 3566 3496
f 3549 3485 3556
f 3496 3497 3491
f 3552 3554 3567
f 3553 3568 3569
f 3553 3551 3568
f 3552 3567 3555
f 3555 3568 3551
f 3554 3570 3567
f 3555 3567 3571
f 3554 3561 3570
f 3568 3555 3572
f 3568 3572 3569
f 3569 3573 3553
f 3567 3574 3571
f 3571 3572 3555
f 3574 3570 3575
f 3567 3570 3574
f 3562 3576 3561
f 3563 3577 3562
f 3563 3562 3557
f 3562 3577 3576
f 3576 3575 3570
f 3577 3563 3578
f 3578 3563 3564
f 3565 3564 3558
f 3579 3564 3565
f 3563 3560 3564
f 3576 3577 3580
f 3577 3581 3580
f 3580 3575 3576
f 3578 3579 3582
f 3579 3578 3564
f 3582 3579 3583
f 3578 3582 3581
f 3578 3581 3577
f 3584 3585 3565
f 3570 3561 3576
f 3561 3556 3562
f 3566 3584 3559
f 3586 3533 3532
f 3496 3493 3533
f 3587 3528 3529
f 3532 3524 3528
f 3529 3544 3588
f 3532 3528 3589
f 3494 3532 3533
f 3529 3588 3590
f 3566 3586 3591
f 3566 3533 3586
f 3586 3532 3589
f 3586 3589 3592
f 3587 3590 3593
f 3587 3589 3528
f 3587 3593 3594
f 3587 3529 3590
f 3589 3587 3595
f 3565 3559 3584
f 3594 3596 3597
f 3596 3598 3597
f 3598 3599 3597
f 3599 3598 3600
f 3599 3600 3601
f 3597 3599 3602
f 3603 3601 3604
f 3599 3601 3603
f 3603 3604 3605
f 3594 3597 3587
f 3525 3529 3528
f 3587 3597 3606
f 3585 3583 3579
f 3584 3591 3607
f 3584 3607 3585
f 3591 3586 3592
f 3592 3589 3595
f 3608 3591 3592
f 3566 3591 3584
f 3592 3595 3609
f 3585 3610 3583
f 3610 3585 3607
f 3610 3607 3611
f 3611 3608 3612
f 3608 3611 3607
f 3609 3612 3608
f 3607 3591 3608
f 3592 3609 3608
f 3565 3585 3579
f 3595 3613 3609
f 3613 3595 3606
f 3606 3602 3614
f 3609 3613 3615
f 3599 3616 3602
f 3602 3606 3597
f 3603 3617 3618
f 3606 3614 3613
f 3595 3587 3606
f 3619 3602 3616
f 3613 3620 3615
f 3620 3613 3614
f 3620 3614 3621
f 3621 3619 3622
f 3619 3621 3614
f 3623 3622 3619
f 3614 3602 3619
f 3616 3618 3623
f 3609 3615 3612
f 3616 3599 3603
f 3605 3617 3603
f 3559 3496 3566
f 3519 3624 3625
f 3626 3627 3625
f 3627 3626 3628
f 3627 3628 3629
f 3630 3625 3627
f 3629 3631 3632
f 3633 3632 3631
f 3634 3629 3632
f 3631 3629 3635
f 3636 3627 3629
f 3637 3519 3625
f 3633 3638 3639
f 3640 3639 3641
f 3641 3639 3638
f 3641 3638 3642
f 3642 3640 3641
f 3643 3642 3644
f 3639 3645 3632
f 3633 3639 3632
f 3643 3644 3646
f 3538 3535 3520
f 3523 3637 3647
f 3630 3648 3637
f 3637 3625 3630
f 3648 3649 3647
f 3647 3538 3523
f 3637 3523 3519
f 3538 3647 3650
f 3651 3650 3647
f 3648 3652 3649
f 3648 3653 3652
f 3651 3647 3649
f 3647 3637 3648
f 3650 3543 3538
f 3636 3634 3654
f 3636 3629 3634
f 3634 3632 3645
f 3634 3645 3655
f 3642 3643 3640
f 3640 3645 3639
f 3643 3656 3657
f 3640 3643 3658
f 3630 3627 3636
f 3645 3640 3659
f 3653 3648 3660
f 3648 3630 3661
f 3654 3661 3636
f 3662 3648 3661
f 3663 3654 3655
f 3659 3655 3645
f 3658 3659 3640
f 3664 3655 3659
f 3654 3634 3655
f 3665 3661 3654
f 3643 3666 3656
f 3661 3630 3636
f 3646 3666 3643
f 3658 3667 3659
f 3656 3668 3669
f 3656 3666 3668
f 3657 3656 3669
f 3670 3671 3672
f 3673 3674 3675
f 3669 3676 3657
f 3676 3669 3677
f 3657 3676 3678
f 3679 3680 3672
f 3681 3680 3676
f 3680 3670 3672
f 3682 3672 3674
f 3683 3674 3672
f 3684 3676 3680
f 3673 3685 3674
f 3686 3687 3688
f 3689 3690 3691
f 3692 3690 3693
f 3694 3695 3685
f 3685 3696 3697
f 3698 3685 3688
f 3691 3692 3699
f 3687 3689 3688
f 3688 3691 3700
f 3690 3692 3691
f 3674 3685 3701
f 3658 3657 3702
f 3657 3658 3643
f 3691 3699 3700
f 3703 3704 3660
f 3705 3703 3706
f 3653 3660 3704
f 3706 3707 3705
f 3617 3708 3709
f 3617 3605 3708
f 3617 3709 3710
f 3711 3707 3710
f 3706 3710 3707
f 3711 3710 3709
f 3617 3710 3712
f 3706 3703 3660
f 3662 3665 3713
f 3665 3662 3661
f 3663 3664 3714
f 3664 3663 3655
f 3667 3664 3659
f 3664 3667 3715
f 3665 3654 3663
f 3665 3663 3716
f 3706 3717 3718
f 3706 3660 3717
f 3713 3717 3662
f 3717 3713 3719
f 3716 3714 3720
f 3714 3716 3663
f 3715 3714 3664
f 3714 3715 3721
f 3713 3665 3716
f 3713 3716 3722
f 3702 3723 3667
f 3717 3660 3662
f 3660 3648 3662
f 3710 3706 3724
f 3623 3619 3616
f 3618 3712 3725
f 3618 3725 3623
f 3724 3712 3710
f 3718 3724 3706
f 3726 3712 3724
f 3618 3617 3712
f 3727 3724 3718
f 3728 3725 3729
f 3725 3728 3623
f 3729 3725 3726
f 3726 3727 3730
f 3727 3726 3724
f 3730 3727 3731
f 3726 3730 3729
f 3725 3712 3726
f 3719 3732 3718
f 3623 3728 3622
f 3722 3733 3719
f 3722 3719 3713
f 3719 3733 3732
f 3732 3731 3727
f 3733 3722 3734
f 3734 3722 3720
f 3721 3720 3714
f 3735 3720 3721
f 3722 3716 3720
f 3732 3733 3736
f 3731 3732 3736
f 3736 3733 3737
f 3734 3735 3738
f 3735 3734 3720
f 3738 3735 3739
f 3734 3738 3737
f 3734 3737 3733
f 3740 3741 3721
f 3727 3718 3732
f 3718 3717 3719
f 3723 3740 3715
f 3618 3616 3603
f 3721 3715 3740
f 3702 3678 3742
f 3702 3742 3723
f 3684 3678 3676
f 3679 3684 3680
f 3743 3678 3684
f 3702 3657 3678
f 3744 3684 3679
f 3723 3745 3740
f 3745 3723 3742
f 3742 3743 3746
f 3740 3745 3747
f 3744 3748 3743
f 3744 3743 3684
f 3743 3748 3746
f 3746 3745 3742
f 3742 3678 3743
f 3745 3746 3749
f 3682 3750 3679
f 3735 3721 3741
f 3751 3682 3701
f 3701 3682 3674
f 3698 3701 3685
f 3752 3701 3698
f 3700 3753 3754
f 3753 3700 3699
f 3698 3700 3755
f 3698 3688 3700
f 3700 3754 3755
f 3748 3744 3756
f 3744 3750 3756
f 3751 3750 3682
f 3751 3757 3750
f 3758 3752 3755
f 3755 3752 3698
f 3759 3755 3754
f 3760 3751 3752
f 3751 3701 3752
f 3759 3758 3755
f 3744 3679 3750
f 3679 3672 3682
f 3746 3748 3761
f 3741 3747 3762
f 3741 3740 3747
f 3746 3761 3749
f 3749 3747 3745
f 3748 3763 3761
f 3749 3761 3764
f 3748 3756 3763
f 3747 3749 3765
f 3739 3741 3762
f 3762 3747 3765
f 3761 3766 3764
f 3764 3765 3749
f 3766 3763 3767
f 3761 3763 3766
f 3757 3768 3756
f 3739 3735 3741
f 3760 3769 3757
f 3760 3757 3751
f 3768 3757 3769
f 3768 3767 3763
f 3758 3770 3771
f 3770 3758 3759
f 3772 3760 3758
f 3760 3752 3758
f 3772 3758 3771
f 3768 3773 3767
f 3773 3768 3769
f 3773 3769 3774
f 3774 3772 3775
f 3772 3774 3769
f 3775 3772 3771
f 3769 3760 3772
f 3763 3756 3768
f 3756 3750 3757
f 3715 3667 3723
f 3667 3658 3702
f 3677 3681 3676
f 3680 3681 3776
f 3670 3680 3777
f 3777 3680 3778
f 3776 3778 3680
f 3683 3672 3671
f 3674 3683 3675
f 3685 3673 3696
f 3694 3685 3697
f 3685 3695 3688
f 3688 3695 3686
f 3688 3689 3691
f 3442 3779 3446
f 3442 3440 3780
f 3779 3442 3781
f 3781 3442 3782
f 3782 3442 3783
f 3783 3442 3449
f 3442 3780 3448
f 3446 3779 3784
f 3446 3784 3785
f 3447 3446 3786
f 3786 3446 3451
f 3446 3785 3450
f 3445 3447 3787
f 3458 3469 3788
f 3445 3789 3470
f 3790 3789 3445
f 3445 3787 3790
f 3458 3454 3453
f 3460 3791 3458
f 3458 3788 3459
f 3487 3458 3791
f 3456 3453 3455
f 3461 3453 3457
f 3792 3468 3467
f 3467 3462 3792
f 3463 3466 3793
f 3463 3793 3464
f 3471 3510 3472
f 3501 3506 3503
f 3504 3503 3508
f 3512 3505 3794
f 3504 3794 3505
f 3511 3513 3515
f 3516 3514 3521
f 3625 3624 3626
f 3518 3624 3519
f 3629 3628 3635
f 3795 3796 3797
f 3797 3796 3798
f 3799 3800 3801
f 3802 3800 3799
f 3798 3799 3797
f 3799 3801 3803
f 3800 3802 3804
f 3805 3806 3807
f 3808 3809 3810
f 3811 3806 3812
f 3806 3813 3814
f 3815 3816 3817
f 3806 3818 3815
f 3815 3819 3806
f 3809 3806 3819
f 3820 3809 3821
f 3822 3819 3815
f 3809 3813 3806
f 3820 3810 3809
f 3823 3824 3820
f 3825 3826 3823
f 3823 3827 3824
f 3804 3828 3825
f 3829 3823 3820
f 3821 3829 3820
f 3830 3825 3823
f 3829 3830 3823
f 3831 3829 3821
f 3830 3832 3825
f 3801 3825 3832
f 3803 3801 3833
f 3834 3832 3830
f 3801 3804 3825
f 3835 3830 3829
f 3801 3800 3804
f 3809 3819 3821
f 3836 3821 3819
f 3797 3799 3803
f 3837 3838 3839
f 3840 3837 3841
f 3838 3837 3840
f 3842 3840 3841
f 3843 3837 3839
f 3795 3844 3839
f 3844 3843 3839
f 3845 3843 3844
f 3844 3797 3846
f 3841 3847 3848
f 3842 3841 3848
f 3849 3847 3841
f 3837 3843 3849
f 3837 3849 3841
f 3850 3849 3843
f 3848 3851 3842
f 3839 3852 3795
f 3853 3848 3854
f 3855 3851 3853
f 3856 3855 3857
f 3851 3855 3856
f 3858 3856 3857
f 3859 3855 3853
f 3860 3854 3847
f 3847 3854 3848
f 3859 3853 3854
f 3861 3859 3854
f 3857 3862 3863
f 3858 3857 3863
f 3864 3862 3857
f 3855 3859 3864
f 3857 3855 3864
f 3865 3864 3859
f 3863 3866 3858
f 3851 3848 3853
f 3867 3847 3849
f 3868 3846 3803
f 3803 3846 3797
f 3869 3850 3845
f 3850 3843 3845
f 3867 3849 3850
f 3870 3867 3850
f 3846 3845 3844
f 3871 3845 3846
f 3872 3868 3833
f 3868 3803 3833
f 3871 3846 3868
f 3873 3871 3868
f 3869 3870 3850
f 3845 3871 3869
f 3874 3870 3869
f 3870 3875 3867
f 3876 3869 3871
f 3875 3877 3867
f 3801 3832 3833
f 3878 3861 3860
f 3861 3854 3860
f 3865 3879 3864
f 3859 3861 3865
f 3880 3862 3879
f 3881 3879 3865
f 3860 3847 3867
f 3882 3865 3861
f 3860 3877 3878
f 3861 3878 3883
f 3865 3882 3881
f 3879 3881 3884
f 3882 3861 3883
f 3885 3862 3880
f 3867 3877 3860
f 3864 3879 3862
f 3885 3886 3863
f 3795 3797 3844
f 3887 3833 3832
f 3815 3888 3889
f 3889 3822 3815
f 3890 3822 3889
f 3891 3888 3815
f 3892 3890 3889
f 3889 3893 3892
f 3890 3894 3822
f 3895 3892 3896
f 3836 3822 3894
f 3892 3897 3890
f 3819 3822 3836
f 3898 3835 3831
f 3831 3821 3836
f 3899 3887 3834
f 3832 3834 3887
f 3833 3887 3872
f 3900 3872 3887
f 3834 3830 3835
f 3901 3834 3835
f 3894 3890 3902
f 3903 3836 3894
f 3831 3903 3898
f 3903 3894 3904
f 3901 3898 3905
f 3834 3901 3899
f 3887 3899 3900
f 3899 3901 3906
f 3901 3835 3898
f 3898 3903 3907
f 3908 3909 3900
f 3831 3836 3903
f 3829 3831 3835
f 3900 3899 3910
f 3911 3897 3912
f 3892 3895 3912
f 3897 3892 3912
f 3913 3902 3897
f 3890 3897 3902
f 3914 3915 3912
f 3916 3917 3918
f 3912 3915 3911
f 3897 3911 3913
f 3919 3912 3920
f 3913 3921 3902
f 3922 3907 3904
f 3904 3894 3902
f 3923 3906 3905
f 3905 3898 3907
f 3906 3901 3905
f 3924 3910 3906
f 3904 3907 3903
f 3925 3905 3907
f 3904 3921 3922
f 3907 3922 3925
f 3906 3923 3924
f 3910 3924 3926
f 3923 3905 3925
f 3908 3910 3926
f 3902 3921 3904
f 3906 3910 3899
f 3909 3873 3872
f 3869 3876 3927
f 3927 3874 3869
f 3928 3929 3927
f 3876 3873 3930
f 3873 3876 3871
f 3928 3927 3876
f 3928 3876 3931
f 3932 3933 3934
f 3935 3933 3932
f 3928 3932 3934
f 3929 3928 3934
f 3932 3928 3936
f 3868 3872 3873
f 3937 3938 3935
f 3939 3938 3937
f 3940 3941 3942
f 3941 3940 3943
f 3942 3938 3943
f 3944 3945 3946
f 3941 3946 3945
f 3941 3945 3944
f 3939 3937 3932
f 3932 3937 3935
f 3943 3946 3941
f 3900 3910 3908
f 3947 3930 3909
f 3908 3947 3909
f 3876 3930 3931
f 3928 3931 3936
f 3931 3930 3948
f 3930 3873 3909
f 3936 3931 3949
f 3950 3947 3951
f 3908 3951 3947
f 3948 3947 3950
f 3952 3949 3948
f 3931 3948 3949
f 3953 3949 3952
f 3950 3952 3948
f 3948 3930 3947
f 3936 3954 3939
f 3926 3951 3908
f 3939 3955 3943
f 3938 3939 3943
f 3954 3955 3939
f 3949 3953 3954
f 3955 3956 3943
f 3957 3943 3956
f 3958 3955 3954
f 3958 3954 3953
f 3959 3955 3958
f 3959 3960 3961
f 3961 3955 3959
f 3962 3955 3961
f 3954 3936 3949
f 3939 3932 3936
f 3872 3900 3909
f 3863 3862 3885
f 3963 3866 3886
f 3964 3963 3965
f 3866 3963 3964
f 3966 3964 3965
f 3967 3963 3886
f 3885 3967 3886
f 3968 3965 3963
f 3967 3968 3963
f 3969 3967 3885
f 3968 3970 3965
f 3971 3965 3970
f 3972 3973 3971
f 3974 3970 3968
f 3971 3966 3965
f 3975 3968 3967
f 3971 3976 3966
f 3880 3977 3885
f 3978 3976 3973
f 3979 3980 3981
f 3982 3980 3978
f 3983 3979 3981
f 3973 3984 3982
f 3978 3973 3982
f 3972 3984 3973
f 3972 3971 3970
f 3985 3982 3984
f 3981 3982 3985
f 3983 3981 3986
f 3987 3986 3981
f 3981 3980 3982
f 3988 3984 3972
f 3986 3989 3983
f 3976 3971 3973
f 3990 3972 3970
f 3969 3885 3977
f 3991 3992 3969
f 3975 3967 3992
f 3974 3968 3975
f 3975 3992 3991
f 3967 3969 3992
f 3974 3975 3993
f 3974 3993 3994
f 3993 3975 3991
f 3994 3995 3974
f 3996 3977 3880
f 3990 3995 3997
f 3974 3995 3990
f 3988 3998 3984
f 3972 3990 3988
f 3987 3985 3999
f 3988 3990 4000
f 3990 3970 3974
f 3998 3988 4001
f 3997 4000 3990
f 4000 4002 3988
f 4003 4001 4002
f 4002 4001 3988
f 4002 4000 4004
f 4005 3999 3998
f 3985 3984 3998
f 3987 3981 3985
f 4006 3986 4007
f 4008 3989 4006
f 4009 4008 4010
f 4011 4009 4012
f 4006 4010 4008
f 4013 4011 4012
f 3986 3987 4007
f 4014 4010 4006
f 4014 4006 4007
f 4015 4007 3987
f 4016 4017 4018
f 4009 4010 4016
f 4010 4019 4016
f 4016 4018 4009
f 4019 4010 4014
f 3989 3986 4006
f 4020 4021 4022
f 4011 4022 4021
f 4023 4024 4021
f 4020 4023 4021
f 4025 4026 4021
f 4011 4013 4027
f 4028 4015 3999
f 4015 3987 3999
f 4014 4029 4030
f 4019 4014 4030
f 4031 4029 4014
f 4015 4032 4007
f 4007 4032 4014
f 4031 4014 4032
f 4005 4028 3999
f 4033 4032 4015
f 4028 4033 4015
f 4034 4028 4005
f 4033 4035 4032
f 4036 4032 4035
f 4036 4035 4037
f 4038 4035 4033
f 4036 4031 4032
f 4039 4033 4028
f 4037 4031 4036
f 3998 4001 4005
f 4035 4040 4037
f 3985 3998 3999
f 4041 4005 4001
f 4042 4043 4044
f 4045 4044 4046
f 4046 4047 4048
f 4049 4048 4050
f 4046 4048 4045
f 4045 4048 4049
f 4049 4051 4044
f 4044 4045 4049
f 4052 4042 4053
f 4054 4051 4049
f 4044 4051 4042
f 4052 4043 4042
f 4052 4055 4056
f 4057 4002 4004
f 4058 4057 4059
f 4058 4059 4055
f 4052 4060 4058
f 4055 4052 4058
f 4060 4052 4053
f 4053 4042 4051
f 4061 4058 4062
f 4061 4002 4057
f 4003 4002 4061
f 4003 4061 4063
f 4061 4057 4058
f 4041 4003 4064
f 4001 4003 4041
f 4056 4043 4052
f 4065 4053 4051
f 4066 4067 4049
f 4067 4054 4049
f 4054 4065 4051
f 4068 4054 4067
f 4060 4053 4069
f 4070 4071 4072
f 4070 4067 4071
f 4073 4065 4068
f 4068 4067 4070
f 4065 4073 4069
f 4068 4065 4054
f 4065 4069 4053
f 4069 4074 4060
f 4062 4060 4074
f 4075 4062 4074
f 4063 4062 4075
f 4003 4063 4064
f 4064 4063 4076
f 4063 4061 4062
f 4077 4074 4069
f 4077 4078 4074
f 4075 4074 4078
f 4079 4075 4078
f 4080 4076 4079
f 4075 4079 4076
f 4076 4080 4081
f 4076 4063 4075
f 4082 4064 4081
f 4073 4077 4069
f 4062 4058 4060
f 4082 4034 4041
f 4083 4039 4034
f 4039 4028 4034
f 4084 4040 4035
f 4039 4038 4033
f 4034 4005 4041
f 4038 4084 4035
f 4082 4083 4034
f 4085 4038 4039
f 4083 4085 4039
f 4086 4083 4082
f 4085 4087 4038
f 4087 4084 4038
f 4087 4085 4088
f 4089 4085 4083
f 4041 4064 4082
f 4090 4086 4081
f 4086 4082 4081
f 4088 4089 4091
f 4083 4086 4089
f 4085 4089 4088
f 4092 4089 4086
f 4092 4093 4089
f 4086 4090 4092
f 4094 4095 4091
f 4096 4097 4094
f 4093 4094 4091
f 4089 4093 4091
f 4080 4090 4081
f 4096 4098 4099
f 4100 4098 4096
f 4099 4097 4096
f 4101 4102 4100
f 3917 4102 4101
f 4096 4101 4100
f 4101 3918 3917
f 4064 4076 4081
f 3863 3886 3866
f 3828 3826 3825
f 3827 3823 3826
f 4103 3820 3824
f 3820 4103 4104
f 4104 3810 3820
f 3808 3813 3809
f 3807 4105 3805
f 3814 3807 3806
f 4106 3818 3806
f 3812 3806 3805
f 3806 4107 4108
f 4109 4106 3806
f 4110 3806 3811
f 4111 3806 4110
f 4108 4109 3806
f 4107 3806 4111
f 4112 3815 3818
f 4113 3815 4112
f 4114 3815 4113
f 4115 3891 3815
f 3816 3815 4114
f 4116 4115 3815
f 3817 4116 3815
f 4117 3893 3889
f 4118 3889 3888
f 4119 3889 4118
f 4120 4117 3889
f 4121 4120 3889
f 4122 3889 4119
f 4123 3889 4122
f 3889 4123 4121
f 4124 3892 3893
f 4125 3892 4124
f 4126 3892 4125
f 4127 3896 3892
f 4128 4127 3892
f 4129 4128 3892
f 4130 3892 4126
f 3892 4130 4131
f 4131 4129 3892
f 3914 4132 3915
f 4133 3912 3895
f 3919 3914 3912
f 4134 3912 4133
f 4135 3912 4134
f 4136 3912 4135
f 4137 3912 4136
f 4137 3920 3912
f 3962 3956 3955
f 3943 3957 3946
f 3940 3942 3943
f 3884 3880 3879
f 3996 3969 3977
f 4050 4066 4049
f 4138 4067 4066
f 4067 4138 4071
f 4095 4094 4097
f 4030 4029 4019
f 4012 4009 4017
f 4018 4017 4009
f 4027 4022 4011
f 4024 4025 4021
f 4026 4025 4139
f 3852 3839 3838
f 4140 4141 4142
f 4140 4142 4143
f 4144 4143 4145
f 4140 4146 4141
f 4147 4144 4145
f 4148 4149 4147
f 4140 4143 4144
f 4147 4145 4148
f 4150 4151 4149
f 4152 4153 4154
f 4150 4152 4151
f 4151 4152 4154
f 4155 4156 4157
f 4155 4154 4153
f 4156 4155 4153
f 4150 4149 4148
f 4158 4159 4160
f 4156 4158 4161
f 4162 4163 4164
f 4165 4166 4162
f 4166 4167 4159
f 4163 4168 4169
f 4160 4161 4158
f 4157 4156 4161
f 4165 4167 4166
f 4169 4164 4163
f 4170 4169 4168
f 4165 4162 4164
f 4160 4159 4167
f 4168 4171 4170
f 4172 4173 4174
f 4170 4175 4176
f 4176 4175 4177
f 4178 4179 4177
f 4180 4178 4181
f 4182 4183 4184
f 4185 4181 4186
f 4187 4186 4182
f 4176 4177 4179
f 4180 4181 4185
f 4178 4180 4179
f 4182 4184 4187
f 4187 4185 4186
f 4184 4183 4188
f 4174 4188 4189
f 4189 4172 4174
f 4188 4183 4189
f 4175 4170 4171
f 4190 4191 4192
f 4193 4192 4194
f 4195 4194 4196
f 4190 4192 4193
f 4196 4197 4195
f 4195 4193 4194
f 4197 4198 4199
f 4197 4196 4198
f 4200 4201 4202
f 4203 4204 4205
f 4201 4203 4206
f 4202 4199 4200
f 4205 4206 4203
f 4207 4205 4204
f 4202 4201 4206
f 4200 4199 4198
f 4208 4209 4210
f 4211 4212 4209
f 4213 4214 4215
f 4216 4217 4213
f 4218 4215 4214
f 4211 4217 4219
f 4220 4207 4221
f 4208 4220 4221
f 4220 4208 4210
f 4212 4211 4219
f 4219 4217 4216
f 4209 4212 4210
f 4213 4215 4216
f 4214 4222 4218
f 4223 4224 4225
f 4226 4227 4228
f 4229 4230 4231
f 4227 4231 4228
f 4232 4233 4234
f 4235 4234 4236
f 4229 4233 4237
f 4238 4236 4239
f 4218 4222 4240
f 4230 4228 4231
f 4240 4226 4228
f 4232 4237 4233
f 4238 4235 4236
f 4225 4238 4239
f 4232 4234 4235
f 4230 4229 4237
f 4239 4223 4225
f 4240 4222 4226
f 4241 4242 4243
f 4244 4243 4245
f 4244 4241 4243
f 4245 4246 4244
f 4241 4247 4242
f 4247 4248 4242
f 4249 4250 4251
f 4252 4253 4254
f 4249 4255 4256
f 4257 4256 4253
f 4258 4248 4247
f 4253 4252 4257
f 4256 4257 4249
f 4252 4254 4258
f 4249 4251 4255
f 4254 4248 4258
f 4259 4260 4261
f 4262 4261 4263
f 4262 4259 4261
f 4263 4264 4262
f 4259 4265 4260
f 4265 4266 4260
f 4267 4268 4269
f 4270 4271 4272
f 4267 4273 4274
f 4275 4274 4271
f 4276 4266 4265
f 4271 4270 4275
f 4274 4275 4267
f 4270 4272 4276
f 4267 4269 4273
f 4272 4266 4276
f 4277 4278 4279
f 4280 4277 4281
f 4282 4283 4284
f 4284 4285 4286
f 4280 4287 4285
f 4288 4283 4289
f 4277 4279 4281
f 4279 4278 4290
f 4285 4287 4286
f 4283 4282 4289
f 4288 4289 4291
f 4282 4284 4286
f 4287 4280 4281
f 4291 4292 4288
f 4293 4294 4295
f 4296 4297 4291
f 4298 4297 4296
f 4298 4299 4300
f 4301 4300 4302
f 4303 4304 4305
f 4306 4301 4307
f 4305 4306 4308
f 4299 4298 4296
f 4307 4301 4302
f 4299 4302 4300
f 4308 4303 4305
f 4306 4307 4308
f 4309 4304 4303
f 4310 4309 4293
f 4293 4295 4310
f 4310 4304 4309
f 4292 4291 4297
f 4311 4312 4313
f 4312 4314 4315
f 4316 4317 4318
f 4318 4319 4320
f 4317 4316 4321
f 4322 4319 4315
f 4323 4324 4325
f 4323 4325 4313
f 4311 4313 4325
f 4322 4315 4314
f 4320 4319 4322
f 4311 4314 4312
f 4320 4316 4318
f 4321 4326 4317
f 4327 4328 4329
f 4330 4331 4332
f 4331 4333 4334
f 4335 4330 4332
f 4336 4337 4338
f 4339 4336 4340
f 4341 4337 4335
f 4342 4339 4343
f 4344 4326 4321
f 4331 4334 4332
f 4334 4333 4344
f 4337 4341 4338
f 4339 4340 4343
f 4342 4343 4327
f 4340 4336 4338
f 4341 4335 4332
f 4327 4329 4342
f 4333 4326 4344
f 4345 3439 4346
f 3439 3444 4346
f 3692 3693 4347
f 4347 4348 3692
f 3699 4349 4348
f 3699 4348 4350
f 4349 3692 4348
f 4351 4352 4348
f 4353 4348 4352
f 4354 4352 4355
f 4354 4356 4352
f 4357 4358 4354
f 4359 4360 4361
f 4362 4363 4361
f 4364 4365 4363
f 4363 4365 4366
f 4367 4354 4361
f 4368 4369 4366
f 4366 4370 4371
f 4366 4372 4363
f 4368 4366 4371
f 4373 4361 4363
f 4374 4375 4369
f 4359 4361 4354
f 4375 4376 4366
f 3444 4377 4378
f 4379 4380 4381
f 4382 4383 4384
f 4385 4380 4379
f 4383 4382 4385
f 4385 4379 4386
f 4387 4388 4389
f 4390 4391 4392
f 4381 4393 4394
f 4393 4381 4380
f 4393 4390 4394
f 4381 4395 4379
f 4396 4394 4392
f 4394 4390 4392
f 4392 4389 4388
f 4397 4392 4388
f 4388 4387 4398
f 4394 4399 4381
f 4400 4388 4398
f 4401 4402 4403
f 4403 4404 4383
f 4404 4403 4402
f 4404 4384 4383
f 4403 4383 4405
f 4401 4403 4406
f 4406 4375 4401
f 4403 4405 4406
f 4407 4406 4405
f 4401 4375 4374
f 4395 4408 4386
f 4383 4385 4386
f 4386 4408 4409
f 4409 4405 4383
f 4386 4409 4383
f 4410 4405 4409
f 4395 4386 4379
f 4395 4411 4408
f 4411 4395 4399
f 4399 4396 4412
f 4413 4408 4411
f 4399 4412 4411
f 4399 4394 4396
f 4396 4392 4397
f 4414 4396 4397
f 4381 4399 4395
f 4415 4397 4400
f 4416 4412 4414
f 4414 4412 4396
f 4417 4414 4418
f 4411 4412 4419
f 4414 4420 4418
f 4420 4414 4415
f 4414 4397 4415
f 4421 4422 4400
f 4409 4408 4423
f 4388 4400 4397
f 4375 4406 4424
f 4425 4421 4398
f 4416 4414 4417
f 3753 4350 3754
f 4350 3753 4426
f 3754 4350 4427
f 4426 3699 4350
f 3545 4428 4429
f 4430 3759 4431
f 4427 3759 4432
f 4431 3759 4427
f 3754 4427 4432
f 4353 4433 4350
f 3480 3545 4434
f 4353 4356 4435
f 4356 4353 4352
f 4367 4356 4354
f 4356 4367 4436
f 4373 4372 4437
f 4372 4373 4363
f 4376 4372 4366
f 4376 4438 4372
f 4367 4361 4373
f 4367 4373 4439
f 4431 4427 4440
f 4427 4433 4440
f 4435 4433 4353
f 4435 4441 4433
f 4442 4435 4436
f 4439 4436 4367
f 4437 4439 4373
f 4443 4436 4439
f 4435 4356 4436
f 4444 4439 4437
f 4438 4445 4437
f 4427 4350 4433
f 4350 4348 4353
f 4430 4431 3770
f 4446 4447 3771
f 4431 3771 3770
f 3771 4431 4446
f 4440 4448 4431
f 3775 4447 4446
f 3775 4446 4449
f 4449 4448 4450
f 4448 4449 4446
f 4451 4450 4448
f 4431 4448 4446
f 4440 4441 4451
f 3553 4452 4453
f 4442 4454 4441
f 4442 4441 4435
f 4441 4454 4451
f 4451 4448 4440
f 4454 4442 4455
f 4455 4442 4443
f 4444 4443 4439
f 4456 4443 4444
f 4442 4436 4443
f 4451 4454 4457
f 4454 4458 4457
f 4458 4454 4455
f 4458 4455 4459
f 4459 4456 4460
f 4456 4459 4455
f 4461 4460 4456
f 4455 4443 4456
f 4461 4444 4445
f 4451 4457 4450
f 4440 4433 4441
f 4437 4372 4438
f 4428 3553 4462
f 4438 4376 4463
f 4463 4376 4424
f 4464 4424 4407
f 4410 4407 4405
f 4423 4410 4409
f 4465 4407 4410
f 4424 4406 4407
f 4466 4410 4423
f 4438 4467 4445
f 4467 4438 4463
f 4463 4464 4468
f 4445 4467 4469
f 4463 4468 4467
f 4465 4464 4407
f 4466 4465 4410
f 4470 4464 4465
f 4463 4424 4464
f 4466 4471 4465
f 4413 4472 4423
f 4445 4444 4437
f 4473 4413 4419
f 4419 4413 4411
f 4416 4419 4412
f 4474 4419 4416
f 4475 4416 4417
f 4475 4476 4416
f 4476 4474 4416
f 4477 4466 4472
f 4472 4413 4473
f 4473 4419 4474
f 4478 4472 4473
f 4479 4480 4474
f 4481 4480 4479
f 4479 4474 4482
f 4482 4474 4476
f 4483 4473 4474
f 4472 4466 4423
f 4423 4408 4413
f 4484 4474 4480
f 4445 4469 4461
f 4467 4468 4485
f 4467 4485 4469
f 4461 4469 4486
f 4485 4468 4487
f 4487 4468 4470
f 4471 4470 4465
f 4488 4470 4471
f 4468 4464 4470
f 4469 4485 4489
f 4486 4469 4489
f 4489 4485 4490
f 4487 4488 4491
f 4488 4487 4470
f 4491 4488 4492
f 4487 4491 4490
f 4487 4490 4485
f 4477 4493 4471
f 4461 4486 4460
f 4478 4494 4477
f 4478 4477 4472
f 4477 4494 4493
f 4493 4492 4488
f 4494 4478 4495
f 4495 4478 4483
f 4484 4483 4474
f 4496 4483 4484
f 4478 4473 4483
f 4493 4494 4497
f 4492 4493 4497
f 4497 4494 4498
f 4495 4496 4499
f 4496 4495 4483
f 4499 4496 4500
f 4495 4499 4498
f 4495 4498 4494
f 4501 4502 4484
f 4488 4471 4493
f 4471 4466 4477
f 4503 4501 4480
f 4461 4456 4444
f 4376 4375 4424
f 4420 4415 4504
f 4377 3480 4434
f 4505 4425 4506
f 4505 4507 4508
f 4421 4400 4398
f 4425 4508 4509
f 4415 4400 4422
f 4510 4511 4508
f 4425 4505 4508
f 4508 4511 4509
f 4509 4421 4425
f 4510 4508 4507
f 4421 4509 4512
f 4513 4514 4515
f 4516 4517 4518
f 4510 4519 4511
f 4510 4514 4519
f 4514 4518 4520
f 4511 4519 4521
f 4514 4520 4519
f 4522 4518 4517
f 4523 4522 4524
f 4525 4518 4522
f 4514 4513 4518
f 4526 4522 4523
f 4510 4515 4514
f 4509 4511 4527
f 4422 4528 4529
f 4528 4422 4512
f 4530 4512 4531
f 4512 4509 4527
f 4531 4512 4527
f 4512 4530 4528
f 4421 4512 4422
f 4504 4415 4532
f 4533 4531 4527
f 4532 4422 4529
f 4527 4534 4533
f 4415 4422 4532
f 4519 4535 4521
f 4521 4527 4511
f 4520 4525 4536
f 4521 4535 4537
f 4526 4538 4525
f 4526 4525 4522
f 4525 4538 4536
f 4536 4535 4520
f 4520 4518 4525
f 4539 4540 4535
f 4534 4521 4541
f 4541 4521 4537
f 4540 4539 4542
f 4540 4537 4535
f 4538 4543 4536
f 4544 4535 4536
f 4545 4546 4526
f 4521 4534 4527
f 4519 4520 4535
f 4547 4545 4523
f 4548 4549 4550
f 4551 4547 4523
f 4545 4526 4523
f 4548 4550 4552
f 4550 4553 4554
f 4550 4554 4555
f 4552 4550 4547
f 4552 4547 4556
f 4547 4550 4557
f 4558 4554 4559
f 4560 4561 4562
f 4563 4564 4565
f 4563 4565 4554
f 4560 4566 4567
f 4568 4569 4570
f 4571 4569 4565
f 4346 4572 4573
f 4572 4345 4573
f 4554 4565 4574
f 4545 4557 4575
f 4545 4547 4557
f 4554 4574 4555
f 4555 4557 4550
f 4565 4576 4574
f 4555 4574 4577
f 4565 4569 4576
f 4557 4555 4578
f 4579 4538 4546
f 4546 4545 4575
f 4575 4557 4578
f 4580 4546 4575
f 4574 4581 4577
f 4577 4578 4555
f 4576 4582 4583
f 4584 4578 4577
f 4574 4576 4581
f 4585 4575 4578
f 4586 4582 4569
f 4538 4526 4546
f 4587 4588 4586
f 4587 4586 4589
f 4586 4588 4582
f 4582 4576 4569
f 4588 4587 4590
f 4590 4587 4560
f 4346 4560 4572
f 4378 4560 4346
f 4591 4592 4587
f 4582 4588 4593
f 4582 4593 4583
f 4588 4590 4594
f 4588 4594 4593
f 4595 4581 4583
f 4590 4596 4594
f 4596 4590 4378
f 4377 4434 4596
f 4597 4593 4594
f 4590 4560 4378
f 4598 4583 4593
f 4596 4378 4377
f 4583 4581 4576
f 4569 4599 4586
f 4600 4577 4581
f 4378 4346 3444
f 4601 4551 4523
f 4434 4594 4596
f 4602 4503 4480
f 4603 4604 4503
f 4503 4604 4605
f 4603 4503 4602
f 4606 4607 4605
f 4608 4605 4607
f 4606 4605 4604
f 4503 4605 4609
f 4607 4610 4608
f 4501 4484 4480
f 4611 4612 4539
f 4613 4611 4614
f 4544 4539 4535
f 4543 4544 4536
f 4611 4539 4614
f 4542 4539 4612
f 4544 4615 4539
f 4616 4608 4617
f 4617 4608 4610
f 4616 4617 4618
f 4614 4616 4619
f 4619 4616 4618
f 4613 4614 4619
f 4608 4616 4620
f 4544 4543 4621
f 4605 4608 4622
f 4502 4500 4496
f 4501 4609 4623
f 4501 4623 4502
f 4609 4605 4622
f 4622 4608 4620
f 4624 4609 4622
f 4503 4609 4501
f 4622 4620 4625
f 4502 4626 4500
f 4626 4502 4623
f 4626 4623 4627
f 4627 4624 4628
f 4624 4627 4623
f 4625 4628 4624
f 4623 4609 4624
f 4622 4625 4624
f 4484 4502 4496
f 4615 4629 4614
f 4615 4614 4539
f 4614 4629 4630
f 4631 4620 4630
f 4615 4632 4629
f 4632 4615 4621
f 4621 4633 4634
f 4632 4635 4629
f 4615 4544 4621
f 4630 4629 4636
f 4625 4631 4637
f 4625 4620 4631
f 4637 4631 4638
f 4625 4637 4628
f 4638 4636 4639
f 4636 4638 4631
f 4635 4639 4636
f 4631 4630 4636
f 4629 4635 4636
f 4620 4616 4630
f 4616 4614 4630
f 4579 4633 4543
f 4481 4602 4480
f 4632 4621 4634
f 4579 4580 4640
f 4579 4640 4633
f 4585 4580 4575
f 4584 4585 4578
f 4641 4580 4585
f 4579 4546 4580
f 4642 4585 4584
f 4633 4643 4634
f 4643 4633 4640
f 4640 4641 4644
f 4634 4643 4645
f 4642 4646 4641
f 4642 4641 4585
f 4641 4646 4644
f 4644 4643 4640
f 4640 4580 4641
f 4643 4644 4647
f 4600 4648 4584
f 4649 4632 4634
f 4595 4650 4600
f 4595 4600 4581
f 4648 4600 4650
f 4651 4642 4648
f 4652 4595 4598
f 4597 4598 4593
f 4434 4597 4594
f 4653 4598 4597
f 4595 4583 4598
f 4429 4597 4434
f 4651 4646 4642
f 4648 4650 4654
f 4651 4648 4654
f 4646 4651 4655
f 4656 4650 4652
f 4653 4652 4598
f 4429 4653 4597
f 4657 4652 4653
f 4650 4595 4652
f 4462 4653 4429
f 4462 4429 4428
f 4642 4584 4648
f 4584 4577 4600
f 4644 4646 4658
f 4635 4649 4659
f 4632 4649 4635
f 4649 4634 4645
f 4649 4645 4660
f 4647 4658 4661
f 4647 4644 4658
f 4658 4646 4655
f 4658 4655 4662
f 4643 4647 4645
f 4645 4647 4663
f 4645 4663 4660
f 4660 4659 4649
f 4647 4661 4663
f 4661 4658 4662
f 4655 4664 4662
f 4655 4665 4664
f 4635 4659 4639
f 4656 4666 4654
f 4656 4654 4650
f 4654 4666 4665
f 4665 4655 4651
f 4666 4656 4667
f 4667 4656 4657
f 4462 4657 4653
f 4668 4657 4462
f 4656 4652 4657
f 4665 4666 4669
f 4666 4670 4669
f 4670 4666 4667
f 4670 4667 4671
f 4671 4668 4453
f 4668 4671 4667
f 3553 4453 4668
f 4667 4657 4668
f 3553 4668 4462
f 4665 4669 4664
f 4665 4651 4654
f 3545 4429 4434
f 4621 4543 4633
f 4543 4538 4579
f 4346 4573 4345
f 4506 4398 4387
f 4347 4351 4348
f 4352 4351 4672
f 4354 4355 4673
f 4355 4352 4674
f 4672 4674 4352
f 4359 4354 4358
f 4354 4673 4357
f 4362 4361 4360
f 4363 4362 4364
f 4366 4365 4370
f 4366 4369 4375
f 4389 4392 4391
f 4398 4506 4425
f 4510 4507 4675
f 4675 4515 4510
f 4518 4513 4516
f 4523 4524 4601
f 4676 4524 4522
f 4522 4517 4676
f 4547 4551 4556
f 4553 4550 4677
f 4677 4550 4549
f 4554 4553 4678
f 4563 4554 4558
f 4554 4678 4559
f 4565 4679 4571
f 4565 4680 4679
f 4681 4680 4565
f 4565 4564 4681
f 4569 4571 4682
f 4599 4569 4568
f 4569 4683 4570
f 4682 4683 4569
f 4589 4586 4684
f 4685 4684 4586
f 4586 4599 4686
f 4586 4686 4687
f 4586 4687 4685
f 4587 4592 4560
f 4587 4688 4591
f 4689 4690 4587
f 4587 4589 4689
f 4688 4587 4690
f 4572 4560 4691
f 4560 4592 4561
f 4692 4560 4562
f 4691 4560 4567
f 4560 4692 4566
f 4693 4694 4695
f 4695 4696 4693
f 4697 4696 4698
f 4697 4693 4696
f 4699 4700 4701
f 4702 4701 4700
f 4702 4700 4694
f 4694 4693 4702
f 4699 4701 4703
f 4704 4705 4706
f 4707 4708 4709
f 4706 4707 4710
f 4709 4710 4707
f 4698 4711 4697
f 4698 4705 4711
f 4711 4705 4712
f 4712 4705 4704
f 4706 4710 4704
f 4703 4701 4713
f 4714 4715 4716
f 4715 4713 4701
f 4714 4716 4717
f 4716 4715 4701
f 4714 4717 4718
f 4719 4720 4721
f 4719 4718 4717
f 4721 4720 4722
f 4720 4719 4717
f 4722 4723 4724
f 4725 4726 4727
f 4728 4725 4729
f 4723 4728 4724
f 4724 4728 4729
f 4726 4730 4727
f 4727 4729 4725
f 4730 4731 4732
f 4730 4726 4731
f 4722 4724 4721
f 4709 4708 4733
f 4734 4735 4736
f 4736 4737 4738
f 4739 4737 4740
f 4739 4738 4737
f 4741 4742 4743
f 4741 4733 4708
f 4743 4742 4735
f 4743 4735 4734
f 4736 4738 4734
f 4740 4744 4739
f 4744 4740 4745
f 4746 4745 4747
f 4745 4746 4744
f 4748 4747 4749
f 4746 4747 4748
f 4750 4751 4752
f 4750 4748 4749
f 4751 4750 4749
f 4753 4754 4755
f 4756 4753 4757
f 4732 4756 4758
f 4758 4756 4757
f 4754 4759 4755
f 4755 4757 4753
f 4759 4760 4761
f 4759 4754 4760
f 4732 4758 4730
f 4762 4763 4764
f 4765 4766 4767
f 4764 4765 4768
f 4767 4768 4765
f 4761 4769 4770
f 4769 4761 4760
f 4763 4770 4769
f 4763 4762 4770
f 4764 4768 4762
f 4741 4708 4742
f 4771 4772 4773
f 4774 4775 4772
f 4772 4775 4773
f 4776 4777 4771
f 4777 4776 4778
f 4779 4780 4778
f 4776 4771 4773
f 4778 4780 4777
f 4781 4782 4783
f 4782 4784 4785
f 4783 4786 4781
f 4786 4783 4787
f 4775 4774 4787
f 4783 4782 4785
f 4787 4774 4786
f 4788 4785 4784
f 4789 4790 4791
f 4792 4793 4790
f 4789 4794 4795
f 4796 4797 4798
f 4795 4797 4799
f 4797 4800 4798
f 4796 4799 4797
f 4794 4797 4795
f 4801 4802 4803
f 4803 4779 4801
f 4801 4804 4802
f 4780 4779 4803
f 4791 4790 4793
f 4792 4802 4804
f 4793 4792 4804
f 4791 4794 4789
f 4805 4806 4807
f 4806 4808 4809
f 4807 4810 4805
f 4810 4807 4788
f 4808 4811 4809
f 4806 4809 4807
f 4788 4784 4810
f 4812 4811 4808
f 4812 4813 4811
f 4814 4811 4813
f 4814 4813 4815
f 4815 4816 4814
f 4817 4818 4816
f 4818 4817 4819
f 4819 4820 4818
f 4815 4817 4816
f 4821 4822 4820
f 4822 4823 4824
f 4821 4823 4822
f 4819 4821 4820
f 4825 4824 4826
f 4827 4828 4829
f 4828 4825 4826
f 4828 4826 4829
f 4827 4829 4830
f 4826 4824 4823
f 4831 4832 4833
f 4827 4830 4833
f 4834 4831 4835
f 4833 4835 4831
f 4830 4835 4833
f 4833 4832 4836
f 4837 4838 4839
f 4839 4796 4837
f 4837 4840 4838
f 4799 4796 4839
f 4841 4842 4840
f 4843 4844 4845
f 4841 4844 4842
f 4838 4840 4842
f 4841 4845 4844
f 4846 4847 4843
f 4846 4843 4845
f 4846 4848 4847
f 4849 4850 4848
f 4847 4848 4850
f 4849 4851 4852
f 4852 4850 4849
f 4851 4853 4854
f 4853 4855 4856
f 4856 4854 4853
f 4852 4851 4854
f 4855 4857 4858
f 4859 4860 4857
f 4858 4857 4860
f 4856 4855 4858
f 4861 4859 4862
f 4863 4864 4865
f 4864 4866 4862
f 4866 4864 4863
f 4863 4865 4867
f 4861 4862 4866
f 4861 4860 4859
f 4868 4867 4865
f 4869 4870 4871
f 4872 4873 4874
f 4875 4871 4872
f 4876 4877 4878
f 4878 4870 4869
f 4876 4879 4877
f 4877 4870 4878
f 4871 4875 4869
f 4880 4881 4882
f 4882 4834 4880
f 4880 4883 4881
f 4834 4882 4831
f 4884 4873 4883
f 4883 4873 4881
f 4873 4884 4874
f 4874 4875 4872
f 4885 4868 4886
f 4887 4888 4889
f 4888 4890 4886
f 4888 4887 4890
f 4887 4889 4891
f 4890 4885 4886
f 4885 4867 4868
f 4892 4891 4889
f 4893 4894 4895
f 4895 4879 4876
f 4893 4896 4894
f 4894 4879 4895
f 4897 4892 4898
f 4896 4893 4899
f 4897 4898 4899
f 4897 4891 4892
f 4898 4896 4899
f 4900 4026 4901
f 4902 4903 4900
f 4026 4900 4903
f 4904 4903 4902
f 4903 4904 4905
f 4905 4906 4903
f 4907 4908 4906
f 4909 4908 4910
f 4911 4908 4912
f 4913 4909 4914
f 4915 4910 4916
f 4908 4911 4917
f 4909 4910 4914
f 4917 4916 4910
f 4917 4910 4908
f 4914 4910 4918
f 4914 4919 4920
f 4906 4921 4922
f 4923 4915 4924
f 4923 4925 4915
f 4926 4925 4923
f 4910 4915 4918
f 4918 4915 4927
f 4915 4916 4928
f 4929 4930 4926
f 4931 4925 4926
f 4930 4931 4926
f 4931 4932 4925
f 4927 4925 4932
f 4933 4927 4934
f 4935 4932 4931
f 4927 4915 4925
f 4936 4931 4930
f 4933 4919 4918
f 4926 4937 4929
f 4924 4928 4938
f 4930 4929 4939
f 4914 4920 4913
f 4940 4920 4941
f 4913 4920 4940
f 4942 4943 4941
f 4941 4943 4940
f 4944 4942 4945
f 4919 4946 4920
f 4941 4920 4946
f 4947 4945 4941
f 4948 4946 4919
f 4945 4949 4950
f 4944 4945 4950
f 4947 4949 4945
f 4941 4946 4947
f 4945 4942 4941
f 4951 4947 4946
f 4950 4952 4944
f 4914 4918 4919
f 4953 4950 4954
f 4955 4952 4953
f 4956 4955 4957
f 4953 4957 4955
f 4958 4956 4959
f 4950 4949 4954
f 4960 4957 4953
f 4960 4953 4954
f 4961 4954 4949
f 4962 4957 4963
f 4956 4962 4959
f 4958 4959 4964
f 4959 4962 4965
f 4962 4956 4957
f 4964 4959 4966
f 4964 4967 4958
f 4952 4950 4953
f 4968 4949 4947
f 4969 4948 4933
f 4948 4919 4933
f 4970 4968 4951
f 4968 4947 4951
f 4961 4949 4968
f 4971 4961 4968
f 4948 4951 4946
f 4948 4972 4951
f 4969 4972 4948
f 4933 4934 4969
f 4970 4951 4972
f 4973 4969 4934
f 4974 4968 4970
f 4974 4971 4968
f 4971 4975 4961
f 4975 4976 4961
f 4927 4932 4934
f 4960 4977 4963
f 4957 4960 4963
f 4978 4977 4960
f 4961 4976 4978
f 4963 4979 4965
f 4977 4979 4963
f 4959 4965 4966
f 4966 4965 4980
f 4965 4962 4963
f 4981 4977 4978
f 4981 4978 4976
f 4979 4977 4981
f 4982 4980 4965
f 4983 4966 4980
f 4984 4983 4980
f 4985 4982 4979
f 4965 4979 4982
f 4966 4986 4987
f 4978 4954 4961
f 4954 4978 4960
f 4964 4987 4988
f 4918 4927 4933
f 4989 4934 4932
f 4990 4991 4992
f 4993 4994 4990
f 4990 4992 4993
f 4994 4993 4930
f 4995 4935 4936
f 4936 4930 4993
f 4932 4935 4989
f 4996 4989 4935
f 4989 4973 4934
f 4997 4936 4993
f 4998 4992 4991
f 4997 4993 4992
f 4995 4936 4997
f 4997 4992 4999
f 4996 5000 4989
f 4935 4995 4996
f 5001 5002 4973
f 4996 4995 5003
f 5000 4973 4989
f 4995 4997 5004
f 4935 4931 4936
f 4930 4939 4994
f 5005 5000 4996
f 5006 5007 5008
f 5009 5010 3916
f 5011 5010 5009
f 5006 5012 5011
f 5008 5012 5006
f 5009 5006 5011
f 5006 5013 5007
f 4998 4991 5014
f 5015 5004 4999
f 4997 4999 5004
f 4995 5004 5003
f 5016 5003 5004
f 4999 4992 4998
f 5017 4999 4998
f 5013 4998 5014
f 5018 5013 5014
f 5013 5017 4998
f 4999 5017 5015
f 5015 5016 5004
f 5016 5019 5003
f 5005 5003 5019
f 5003 5005 4996
f 5020 5021 4972
f 5021 4970 4972
f 5002 5020 4972
f 5002 5022 5020
f 5023 5020 5022
f 5024 5023 5022
f 5025 5022 5002
f 5026 5027 5024
f 5028 5027 5026
f 5022 5026 5024
f 5029 5026 5022
f 5001 4973 5000
f 5030 5031 5032
f 5028 5031 5030
f 5033 5034 5030
f 5035 5036 5037
f 5038 5036 5034
f 5033 5036 5038
f 5026 5031 5028
f 5032 5031 5026
f 5005 5039 5000
f 5039 5001 5000
f 5040 5001 5039
f 5025 5001 5040
f 5029 5022 5025
f 5029 5025 5041
f 5001 5025 5002
f 5042 5039 5005
f 5042 5043 5039
f 5040 5039 5043
f 5044 5040 5043
f 5045 5041 5044
f 5040 5044 5041
f 5041 5045 5046
f 5041 5025 5040
f 5046 5032 5029
f 5019 5042 5005
f 5032 5047 5033
f 5033 5030 5032
f 5047 5032 5046
f 5029 5041 5046
f 5032 5026 5029
f 5048 5033 5047
f 5049 5047 5050
f 5046 5050 5047
f 5051 5047 5049
f 5049 5052 5051
f 5053 5054 5051
f 5054 5047 5051
f 5047 5055 5048
f 5045 5050 5046
f 5033 5037 5036
f 5002 4969 4973
f 5002 4972 4969
f 4964 4966 4987
f 5056 4967 4988
f 5057 5058 5056
f 5059 5058 5057
f 4988 5057 5056
f 5060 5057 4988
f 4987 5060 4988
f 5061 5059 5057
f 5060 5061 5057
f 5062 5060 4987
f 5061 5063 5059
f 5064 5059 5063
f 5065 5066 5064
f 5067 5063 5061
f 5064 5058 5059
f 5068 5061 5060
f 5064 5069 5058
f 4986 4966 4983
f 5064 5063 5065
f 5070 5069 5066
f 5071 5072 5070
f 5073 5072 5071
f 5066 5071 5070
f 5074 5071 5066
f 5065 5074 5066
f 5075 5073 5071
f 5074 5075 5071
f 5076 5074 5065
f 5077 5075 5078
f 5073 5075 5077
f 5079 5073 5077
f 5077 5078 5080
f 5081 5075 5074
f 5069 5064 5066
f 5082 5065 5063
f 5083 4986 5084
f 4986 4983 5084
f 5062 5083 5085
f 4986 5083 5062
f 5068 5060 5062
f 5068 5062 5086
f 4986 5062 4987
f 5068 5086 5087
f 5086 5062 5085
f 5087 5067 5068
f 5088 5082 5067
f 5082 5063 5067
f 5076 5081 5074
f 5065 5082 5076
f 5089 5090 5081
f 5091 5081 5076
f 5067 5061 5068
f 5092 5076 5082
f 5088 5067 5093
f 5094 5092 5095
f 5095 5082 5088
f 5092 5082 5095
f 5096 5091 5092
f 5092 5091 5076
f 5095 5088 5097
f 5081 5090 5075
f 5087 5093 5067
f 5090 5078 5075
f 5098 5078 5099
f 5100 5101 5099
f 5101 5100 5102
f 5078 5090 5099
f 5103 5101 5102
f 5100 5099 5102
f 5104 5105 5106
f 5107 5102 5090
f 5102 5099 5090
f 5108 5109 5110
f 5111 5112 5113
f 5102 5114 5103
f 5112 5115 5114
f 5089 5107 5090
f 5116 5114 5102
f 5107 5116 5102
f 5117 5107 5089
f 5116 5118 5114
f 5113 5114 5118
f 5110 5113 5119
f 5120 5118 5116
f 5113 5112 5114
f 5121 5116 5107
f 5113 5110 5109
f 5081 5091 5089
f 5122 5123 5124
f 3805 5125 5104
f 5126 5127 5128
f 5106 3805 5104
f 5129 5123 5110
f 5130 5110 5123
f 5124 5123 5131
f 5132 5131 5123
f 5106 5127 5133
f 5105 5128 5127
f 3805 5106 3818
f 5134 5127 5131
f 5131 5135 5136
f 5113 5118 5119
f 5137 5138 5131
f 5106 5133 3818
f 5080 5078 5098
f 5139 5089 5091
f 5140 5141 5142
f 5143 5144 5141
f 5145 5146 5147
f 5148 5147 5149
f 5150 5145 5148
f 5148 5145 5147
f 5142 5148 5140
f 5148 5142 5150
f 5151 5143 5152
f 5153 5140 5148
f 5141 5140 5143
f 5151 5144 5143
f 5151 5154 5155
f 5156 5095 5097
f 5157 5156 5158
f 5157 5158 5154
f 5140 5152 5143
f 5154 5151 5157
f 5156 5157 5159
f 5157 5151 5160
f 5094 5159 5161
f 5094 5095 5159
f 5096 5092 5094
f 5096 5094 5162
f 5156 5159 5095
f 5159 5157 5163
f 5091 5096 5139
f 5144 5151 5155
f 5164 5139 5096
f 5165 5153 5148
f 5148 5166 5165
f 5153 5167 5140
f 5168 5153 5165
f 5152 5140 5167
f 5165 5166 5169
f 5169 5170 5165
f 5170 5168 5165
f 5171 5167 5172
f 5153 5168 5172
f 5167 5171 5173
f 5153 5172 5167
f 5173 5160 5152
f 5160 5174 5163
f 5157 5160 5163
f 5173 5174 5160
f 5152 5167 5173
f 5175 5163 5174
f 5161 5163 5175
f 5094 5161 5162
f 5162 5161 5176
f 5161 5159 5163
f 5177 5174 5173
f 5177 5178 5174
f 5175 5174 5178
f 5179 5175 5178
f 5180 5176 5179
f 5175 5179 5176
f 5176 5180 5181
f 5176 5161 5175
f 5164 5162 5181
f 5171 5177 5173
f 5160 5151 5152
f 5162 5164 5096
f 5182 5121 5117
f 5121 5107 5117
f 5183 5118 5120
f 5116 5121 5120
f 5110 5119 5129
f 5184 5129 5119
f 5117 5089 5139
f 5185 5120 5121
f 5186 5187 5164
f 5164 5187 5139
f 5182 5117 5187
f 5188 5182 5187
f 5185 5189 5120
f 5121 5182 5185
f 5184 5183 5190
f 5191 5189 5185
f 5189 5183 5120
f 5192 5185 5182
f 5183 5184 5119
f 5117 5139 5187
f 5134 5132 5193
f 5131 5132 5134
f 3888 3891 5133
f 3818 5133 3891
f 5194 5133 5134
f 5133 5127 5134
f 5133 5194 3888
f 5184 5195 5196
f 5196 5129 5184
f 5195 5184 5190
f 5183 5189 5190
f 5194 5193 5197
f 5134 5193 5194
f 3888 5194 3893
f 5193 5196 5198
f 5193 5132 5196
f 5194 5197 3893
f 5132 5129 5196
f 5132 5123 5129
f 5199 5190 5189
f 5200 5186 5181
f 5186 5164 5181
f 5201 5192 5188
f 5192 5182 5188
f 5191 5185 5192
f 5202 5191 5192
f 5186 5188 5187
f 5203 5188 5186
f 5203 5186 5200
f 5201 5188 5203
f 5202 5204 5191
f 5192 5201 5202
f 5205 5199 5204
f 5204 5199 5191
f 5191 5199 5189
f 5180 5200 5181
f 5195 5206 5198
f 5196 5195 5198
f 5206 5195 5207
f 5199 5205 5207
f 3895 3896 5197
f 3893 5197 3896
f 5197 5198 5208
f 5197 5193 5198
f 3895 5197 5208
f 5205 5209 5207
f 5206 5207 5209
f 5210 5206 5209
f 4132 5208 5210
f 5206 5210 5208
f 3895 5208 4132
f 5208 5198 5206
f 5207 5190 5199
f 5195 5190 5207
f 5162 5176 5181
f 5118 5183 5119
f 4964 4988 4967
f 5106 5105 5127
f 5127 5135 5131
f 5126 5135 5127
f 5138 5124 5131
f 5137 5131 5136
f 5122 5130 5123
f 5211 5110 5130
f 5110 5211 5108
f 5113 5109 5111
f 5115 5103 5114
f 5079 5072 5073
f 4921 4906 4905
f 4906 4922 4907
f 4907 4912 4908
f 4911 4912 5212
f 5212 4917 4911
f 4928 4924 4915
f 4938 4928 4916
f 4937 4926 4923
f 5013 5018 5007
f 5047 5053 5055
f 5054 5053 5047
f 5213 5033 5048
f 5033 5213 5037
f 5038 5034 5033
f 4982 4985 4980
f 4983 4984 5084
f 5150 5142 5145
f 5149 5166 5148
f 5214 5215 5216
f 5217 5218 5216
f 5216 5215 5217
f 5217 5219 5220
f 5220 5221 5217
f 5217 5221 5218
f 4172 5222 5223
f 5224 5225 5226
f 5222 5224 5227
f 5223 4173 4172
f 5226 5227 5224
f 5228 5226 5225
f 5223 5222 5227
f 5225 5229 5228
f 5230 5231 5232
f 5232 5233 5234
f 5235 5236 5233
f 5229 5237 5228
f 5229 5231 5237
f 5237 5231 5230
f 5230 5232 5234
f 5233 5236 5234
f 5238 5239 5240
f 5241 5240 5239
f 5239 5242 5241
f 5243 5244 5245
f 5242 5239 5245
f 5245 5239 5243
f 5246 5247 5248
f 5247 5249 5248
f 5246 5250 5247
f 5246 5251 5252
f 5251 5246 5253
f 5250 5246 5252
f 5254 5255 5256
f 5257 5258 5259
f 5255 5258 5257
f 4224 4223 5260
f 5260 4223 5254
f 5260 5254 5256
f 5255 5257 5256
f 5258 5261 5259
f 5262 5263 5264
f 5264 5265 5266
f 5267 5266 5265
f 5259 5261 5268
f 5266 5262 5264
f 5269 5266 5267
f 5268 5263 5262
f 5268 5261 5263
f 5270 5271 5272
f 5272 5273 5270
f 5270 5274 5271
f 5270 5275 5276
f 5276 5275 5277
f 5274 5270 5276
f 5278 5279 5280
f 5281 5282 5278
f 5279 5283 5284
f 5283 5285 5286
f 5284 5280 5279
f 5281 5287 5282
f 5288 5289 5290
f 5291 5290 5289
f 5288 5290 5292
f 5285 5283 5279
f 5282 5287 5292
f 5278 5282 5279
f 5288 5292 5287
f 5293 5294 5295
f 5295 5296 5297
f 5298 5299 5294
f 5300 5301 5299
f 5294 5293 5298
f 5296 5302 5297
f 5303 5304 5305
f 5304 5303 5306
f 5307 5303 5305
f 5294 5299 5301
f 5307 5302 5296
f 5294 5296 5295
f 5302 5307 5305
f 5308 5309 5310
f 5310 5311 5308
f 5312 5313 5314
f 5314 5313 5315
f 5316 5317 5318
f 5318 5313 5312
f 5319 5320 5315
f 5321 5322 5323
f 5321 5323 5324
f 5319 5315 5313
f 5322 5319 5323
f 5322 5320 5319
f 5313 5318 5317
f 5325 5326 5327
f 5326 5325 5328
f 5329 5330 5328
f 5330 5329 5331
f 5317 5332 5327
f 5330 5331 5333
f 5326 5328 5330
f 5334 5335 5336
f 5337 5335 5333
f 5337 5333 5331
f 5335 5338 5333
f 5317 5327 5326
f 5317 5316 5332
f 5321 5324 5339
f 5340 5341 5324
f 5339 5324 5341
f 5342 5340 5343
f 5343 5344 5345
f 5344 5346 5347
f 5340 5342 5341
f 5343 5345 5348
f 5344 5349 5345
f 5350 5344 5347
f 5347 5346 5351
f 5350 5349 5344
f 5342 5343 5348
f 5352 5351 5346
f 5353 5354 5355
f 5356 5354 5357
f 5335 5334 5357
f 5354 5338 5357
f 5338 5335 5357
f 5358 5353 5359
f 5360 5361 5358
f 5358 5359 5360
f 5356 5355 5354
f 5362 5353 5355
f 5359 5353 5362
f 5358 5361 5346
f 5361 5352 5346
f 5363 5364 5365
f 5364 5363 5366
f 5367 5368 5369
f 5369 5368 5370
f 5371 5372 5373
f 5373 5368 5367
f 5374 5375 5370
f 5376 5377 5378
f 5376 5378 5379
f 5374 5370 5368
f 5377 5374 5378
f 5377 5375 5374
f 5368 5373 5372
f 5380 5381 5382
f 5381 5380 5383
f 5384 5385 5383
f 5385 5384 5386
f 5372 5387 5382
f 5385 5386 5388
f 5381 5383 5385
f 5389 5390 5391
f 5392 5390 5388
f 5392 5388 5386
f 5390 5393 5388
f 5372 5382 5381
f 5372 5371 5387
f 5376 5379 5394
f 5395 5396 5379
f 5394 5379 5396
f 5397 5395 5398
f 5398 5399 5400
f 5399 5401 5402
f 5395 5397 5396
f 5398 5400 5403
f 5399 5404 5400
f 5405 5399 5402
f 5402 5401 5406
f 5405 5404 5399
f 5397 5398 5403
f 5407 5406 5401
f 5408 5409 5410
f 5411 5409 5389
f 5391 5412 5389
f 5409 5393 5389
f 5393 5390 5389
f 5413 5408 5414
f 5415 5416 5413
f 5413 5414 5415
f 5411 5410 5409
f 5417 5408 5410
f 5414 5408 5417
f 5413 5416 5401
f 5416 5407 5401
f 5418 5419 5420
f 5421 5418 5422
f 5423 5418 5420
f 5424 5418 5423
f 5424 5422 5418
f 5422 5425 5421
f 5426 5427 5428
f 5427 5426 5429
f 5430 5426 5428
f 5430 5425 5431
f 5431 5432 5430
f 5430 5428 5425
f 5421 5425 5428
f 5433 5434 5435
f 5435 5436 5433
f 5437 5438 5439
f 5440 5437 5439
f 5441 5435 5434
f 5442 5443 5444
f 5444 5440 5442
f 5443 5442 5441
f 5441 5434 5443
f 5437 5440 5444
f 5445 5446 5447
f 5448 5447 5449
f 5445 5447 5450
f 5450 5447 5451
f 5447 5448 5451
f 5449 5452 5448
f 5453 5454 5452
f 5455 5452 5454
f 5452 5456 5448
f 5457 5458 5456
f 5456 5459 5457
f 5448 5456 5458
f 5449 5453 5452
f 5460 5461 4251
f 5462 5463 5464
f 5465 5464 5461
f 5460 4251 4250
f 5465 5462 5464
f 5461 5460 5465
f 5462 5466 5463
f 5466 5467 5463
f 5468 5469 5470
f 4246 4245 5471
f 5472 5471 5469
f 5473 5467 5466
f 5469 5468 5472
f 5471 5472 4246
f 5468 5470 5473
f 5470 5467 5473
f 5474 5475 4269
f 5476 5477 5478
f 5479 5478 5475
f 5474 4269 4268
f 5479 5476 5478
f 5475 5474 5479
f 5476 5480 5477
f 5480 5481 5477
f 5482 5483 5484
f 4264 4263 5485
f 5486 5485 5483
f 5487 5481 5480
f 5483 5482 5486
f 5485 5486 4264
f 5482 5484 5487
f 5484 5481 5487
f 5488 5489 5490
f 5491 5488 5490
f 5492 5493 5489
f 5489 5493 5490
f 5492 5489 5494
f 5491 5495 5488
f 5496 5497 5498
f 5499 5498 5500
f 5488 5495 5496
f 5499 5496 5498
f 5500 5501 5499
f 5496 5495 5497
f 5502 5503 5504
f 5505 5504 5503
f 5502 5506 5507
f 5508 5507 5506
f 5494 5505 5509
f 5510 5508 5506
f 5506 5502 5504
f 5511 5510 5512
f 5511 5508 5510
f 5513 5512 5510
f 5504 5505 5494
f 5509 5492 5494
f 5514 5501 5515
f 5516 5514 5517
f 5518 5519 5516
f 5520 5521 5519
f 5515 5517 5514
f 5522 5518 5516
f 5519 5518 5523
f 5520 5524 5521
f 5519 5523 5520
f 5516 5517 5522
f 5521 5524 5525
f 5526 5527 5528
f 5513 5527 5529
f 5513 5529 5530
f 5529 5527 5526
f 5527 5531 5528
f 5513 5530 5512
f 5532 5525 5533
f 5525 5532 5521
f 5532 5533 5534
f 5535 5528 5531
f 5531 5534 5535
f 5531 5532 5534
f 5514 5499 5501
f 5536 5537 5538
f 5539 5536 5538
f 5540 5541 5537
f 5537 5541 5538
f 5540 5537 5542
f 5539 5543 5536
f 5544 5545 5546
f 5547 5546 5548
f 5536 5543 5544
f 5547 5544 5546
f 5548 5549 5547
f 5544 5543 5545
f 5550 5551 5552
f 5553 5552 5551
f 5550 5554 5555
f 5556 5555 5554
f 5542 5553 5557
f 5558 5556 5554
f 5554 5550 5552
f 5559 5558 5560
f 5559 5556 5558
f 5561 5560 5558
f 5552 5553 5542
f 5557 5540 5542
f 5562 5549 5563
f 5564 5562 5565
f 5566 5567 5564
f 5568 5569 5567
f 5563 5565 5562
f 5566 5564 5570
f 5567 5566 5571
f 5568 5572 5569
f 5567 5571 5568
f 5570 5564 5565
f 5569 5572 5573
f 5574 5575 5576
f 5561 5575 5577
f 5561 5577 5578
f 5577 5575 5574
f 5575 5579 5576
f 5561 5578 5560
f 5580 5573 5581
f 5573 5580 5569
f 5580 5581 5582
f 5583 5576 5579
f 5579 5582 5583
f 5579 5580 5582
f 5562 5547 5549
f 5584 5585 5586
f 5587 5588 5589
f 5588 5590 5585
f 5591 5592 5593
f 5593 5594 5595
f 5584 5596 5594
f 5592 5591 5597
f 5598 4295 4294
f 5589 4295 5598
f 5589 5598 5587
f 5590 5588 5587
f 5596 5584 5586
f 5595 5594 5596
f 5590 5586 5585
f 5595 5591 5593
f 5597 5599 5592
f 5600 5601 5602
f 5603 5604 5605
f 5606 5603 5601
f 5607 5605 5608
f 5609 4278 5610
f 5611 5607 5612
f 5610 5611 5613
f 5600 5599 5597
f 5603 5606 5604
f 5606 5601 5600
f 5607 5608 5612
f 5610 5613 5609
f 4278 5609 4290
f 5613 5611 5612
f 5608 5605 5604
f 5602 5599 5600
f 5614 5615 5616
f 5617 5618 4329
f 5619 5615 5618
f 5620 5621 5622
f 5623 5624 5614
f 5624 5625 5621
f 5620 5626 5627
f 4329 4328 5617
f 5615 5619 5616
f 5619 5618 5617
f 5624 5623 5625
f 5620 5622 5626
f 5626 5628 5629
f 5622 5621 5625
f 5623 5614 5616
f 5629 5627 5626
f 5630 5631 5628
f 5632 5631 5630
f 5632 5633 5634
f 5635 5634 5636
f 5637 5638 5639
f 5640 5639 5641
f 5641 5635 5642
f 5633 5632 5630
f 5642 5635 5636
f 5633 5636 5634
f 5640 5637 5639
f 5641 5642 5640
f 5643 5638 5637
f 4323 5643 4324
f 4323 5638 5643
f 5629 5628 5631
f 5644 5645 5646
f 5647 5646 5645
f 5648 5649 5647
f 5645 5648 5647
f 5650 5651 5652
f 5653 5651 5650
f 5654 5655 5653
f 5651 5653 5655
f 5656 5657 5658
f 5659 5656 5660
f 5657 5661 5658
f 5656 5658 5660
f 5660 5662 5659
f 5663 5664 5665
f 5646 5663 5644
f 5664 5662 5665
f 5663 5665 5644
f 5659 5662 5664
f 5666 5667 5668
f 5669 5668 5670
f 5669 5666 5668
f 5671 5667 5666
f 5671 5672 5667
f 5673 5652 5674
f 5675 5674 5672
f 5675 5673 5674
f 5650 5652 5673
f 5671 5675 5672
f 5676 5677 5678
f 5679 5676 5680
f 5680 5681 5682
f 5683 5682 5681
f 5680 5676 5678
f 5682 5679 5680
f 5684 5678 5677
f 5685 5678 5684
f 5685 5686 5687
f 5677 5688 5684
f 5686 5689 5690
f 5689 5691 5692
f 5690 5689 5692
f 5687 5686 5690
f 5678 5685 5687
f 5693 5694 5683
f 5695 5694 5693
f 5696 5697 5698
f 5698 5695 5696
f 5694 5695 5698
f 5691 5699 5700
f 5701 5702 5699
f 5700 5699 5702
f 5692 5691 5700
f 5701 5703 5704
f 5703 5701 5705
f 5702 5701 5704
f 5683 5681 5693
f 5706 5707 5708
f 5707 5706 5709
f 5707 5709 5710
f 5709 5711 5710
f 5710 5708 5707
f 5710 5711 5712
f 5708 5710 5713
f 5714 5715 5716
f 5717 5718 5711
f 5719 5720 5715
f 5711 5715 5721
f 5722 5723 5724
f 5725 5726 5722
f 5727 5728 5729
f 5730 5731 5722
f 5732 5733 5734
f 5735 5736 5737
f 5738 5714 5739
f 5734 5740 5732
f 5741 5732 5740
f 5713 5742 5743
f 5713 5710 5742
f 5711 5721 5712
f 5712 5742 5710
f 5715 5744 5721
f 5712 5721 5745
f 5715 5714 5744
f 5742 5712 5746
f 5742 5746 5747
f 5747 5743 5742
f 5748 5747 5746
f 5749 5743 5747
f 5721 5750 5745
f 5745 5746 5712
f 5744 5751 5752
f 5753 5745 5750
f 5721 5744 5750
f 5754 5746 5745
f 5727 5751 5714
f 5722 5755 5727
f 5727 5756 5723
f 5727 5755 5751
f 5751 5744 5714
f 5755 5722 5757
f 5757 5722 5736
f 5732 5736 5735
f 5758 5736 5732
f 5722 5731 5736
f 5751 5755 5759
f 5751 5759 5752
f 5755 5757 5760
f 5755 5760 5759
f 5761 5752 5759
f 5757 5762 5760
f 5762 5757 5758
f 5763 5758 5764
f 5765 5760 5762
f 5757 5736 5758
f 5766 5759 5760
f 5732 5741 5764
f 5752 5750 5744
f 5738 5727 5714
f 5767 5750 5752
f 5768 5769 5770
f 5770 5771 5741
f 5741 5768 5770
f 5764 5741 5771
f 5764 5758 5732
f 5772 5773 5774
f 5770 5769 5775
f 5776 5770 5772
f 5772 5775 5777
f 5774 5778 5772
f 5768 5741 5779
f 5780 5781 5782
f 5782 5783 5784
f 5784 5783 5785
f 5786 5774 5780
f 5785 5787 5788
f 5789 5784 5785
f 5787 5785 5790
f 5791 5780 5784
f 5781 5780 5774
f 5785 5788 5792
f 5763 5764 5793
f 5793 5764 5771
f 5794 5771 5776
f 5778 5776 5772
f 5786 5778 5774
f 5795 5776 5778
f 5771 5770 5776
f 5778 5786 5796
f 5797 5793 5794
f 5794 5793 5771
f 5795 5794 5776
f 5798 5794 5795
f 5795 5799 5798
f 5800 5799 5795
f 5800 5795 5796
f 5763 5793 5801
f 5778 5796 5795
f 5762 5763 5802
f 5786 5803 5796
f 5803 5786 5791
f 5791 5789 5804
f 5805 5796 5803
f 5806 5803 5804
f 5803 5791 5804
f 5807 5808 5804
f 5809 5804 5808
f 5791 5784 5789
f 5809 5806 5804
f 5805 5810 5796
f 5811 5805 5803
f 5807 5812 5808
f 5811 5803 5806
f 5807 5789 5792
f 5796 5810 5800
f 5786 5780 5791
f 5785 5792 5789
f 5763 5762 5758
f 5798 5799 5813
f 5814 5749 5815
f 5814 5815 5816
f 5815 5749 5747
f 5815 5747 5748
f 5817 5815 5748
f 5754 5748 5746
f 5818 5748 5754
f 5819 5816 5820
f 5816 5819 5814
f 5816 5817 5821
f 5819 5820 5822
f 5818 5823 5817
f 5818 5817 5748
f 5817 5823 5821
f 5821 5820 5816
f 5816 5815 5817
f 5820 5821 5824
f 5753 5825 5754
f 5753 5767 5826
f 5754 5745 5753
f 5761 5766 5827
f 5767 5752 5761
f 5761 5759 5766
f 5766 5765 5828
f 5750 5767 5753
f 5767 5761 5829
f 5823 5818 5830
f 5818 5825 5830
f 5826 5825 5753
f 5826 5831 5825
f 5832 5826 5829
f 5827 5829 5761
f 5828 5827 5766
f 5833 5829 5827
f 5826 5767 5829
f 5834 5827 5828
f 5802 5835 5765
f 5818 5754 5825
f 5765 5766 5760
f 5821 5823 5836
f 5822 5837 5838
f 5822 5820 5837
f 5821 5836 5824
f 5824 5837 5820
f 5823 5839 5836
f 5824 5836 5840
f 5823 5830 5839
f 5837 5824 5841
f 5837 5841 5838
f 5838 5842 5822
f 5836 5843 5840
f 5840 5841 5824
f 5843 5839 5844
f 5836 5839 5843
f 5831 5845 5830
f 5832 5846 5831
f 5832 5831 5826
f 5831 5846 5845
f 5845 5844 5839
f 5846 5832 5847
f 5847 5832 5833
f 5834 5833 5827
f 5848 5833 5834
f 5832 5829 5833
f 5845 5846 5849
f 5846 5850 5849
f 5849 5844 5845
f 5847 5848 5851
f 5848 5847 5833
f 5851 5848 5852
f 5847 5851 5850
f 5847 5850 5846
f 5853 5854 5834
f 5839 5830 5845
f 5830 5825 5831
f 5835 5853 5828
f 5855 5802 5801
f 5765 5762 5802
f 5856 5797 5798
f 5801 5793 5797
f 5798 5813 5857
f 5801 5797 5858
f 5763 5801 5802
f 5798 5857 5859
f 5835 5855 5860
f 5835 5802 5855
f 5855 5801 5858
f 5855 5858 5861
f 5856 5859 5862
f 5856 5858 5797
f 5856 5862 5863
f 5856 5798 5859
f 5858 5856 5864
f 5834 5828 5853
f 5863 5865 5866
f 5865 5867 5866
f 5867 5868 5866
f 5868 5867 5869
f 5868 5869 5870
f 5866 5868 5871
f 5872 5870 5873
f 5868 5870 5872
f 5872 5873 5874
f 5863 5866 5856
f 5794 5798 5797
f 5856 5866 5875
f 5854 5852 5848
f 5853 5860 5876
f 5853 5876 5854
f 5860 5855 5861
f 5861 5858 5864
f 5877 5860 5861
f 5835 5860 5853
f 5861 5864 5878
f 5854 5879 5852
f 5879 5854 5876
f 5879 5876 5880
f 5880 5877 5881
f 5877 5880 5876
f 5878 5881 5877
f 5876 5860 5877
f 5861 5878 5877
f 5834 5854 5848
f 5864 5882 5878
f 5882 5864 5875
f 5875 5871 5883
f 5878 5882 5884
f 5868 5885 5871
f 5871 5875 5866
f 5872 5886 5887
f 5875 5883 5882
f 5864 5856 5875
f 5888 5871 5885
f 5882 5889 5884
f 5889 5882 5883
f 5889 5883 5890
f 5890 5888 5891
f 5888 5890 5883
f 5892 5891 5888
f 5883 5871 5888
f 5885 5887 5892
f 5878 5884 5881
f 5885 5868 5872
f 5874 5886 5872
f 5828 5765 5835
f 5788 5893 5894
f 5895 5896 5894
f 5896 5895 5897
f 5896 5897 5898
f 5899 5894 5896
f 5898 5900 5901
f 5902 5901 5900
f 5903 5898 5901
f 5900 5898 5904
f 5905 5896 5898
f 5906 5788 5894
f 5902 5907 5908
f 5909 5908 5910
f 5910 5908 5907
f 5910 5907 5911
f 5911 5909 5910
f 5912 5911 5913
f 5908 5914 5901
f 5902 5908 5901
f 5912 5913 5915
f 5807 5804 5789
f 5792 5906 5916
f 5899 5917 5906
f 5906 5894 5899
f 5917 5918 5916
f 5916 5807 5792
f 5906 5792 5788
f 5807 5916 5919
f 5920 5919 5916
f 5917 5921 5918
f 5917 5922 5921
f 5920 5916 5918
f 5916 5906 5917
f 5919 5812 5807
f 5905 5903 5923
f 5905 5898 5903
f 5903 5901 5914
f 5903 5914 5924
f 5911 5912 5909
f 5909 5914 5908
f 5912 5925 5926
f 5909 5912 5927
f 5899 5896 5905
f 5914 5909 5928
f 5922 5917 5929
f 5917 5899 5930
f 5923 5930 5905
f 5931 5917 5930
f 5932 5923 5924
f 5928 5924 5914
f 5927 5928 5909
f 5933 5924 5928
f 5923 5903 5924
f 5934 5930 5923
f 5912 5935 5925
f 5930 5899 5905
f 5915 5935 5912
f 5927 5936 5928
f 5925 5937 5938
f 5925 5935 5937
f 5926 5925 5938
f 5939 5940 5941
f 5942 5943 5944
f 5938 5945 5926
f 5945 5938 5946
f 5926 5945 5947
f 5948 5949 5941
f 5950 5949 5945
f 5949 5939 5941
f 5951 5941 5943
f 5952 5943 5941
f 5953 5945 5949
f 5942 5954 5943
f 5955 5956 5957
f 5958 5959 5960
f 5961 5959 5962
f 5963 5964 5954
f 5954 5965 5966
f 5967 5954 5957
f 5960 5961 5968
f 5956 5958 5957
f 5957 5960 5969
f 5959 5961 5960
f 5943 5954 5970
f 5927 5926 5971
f 5926 5927 5912
f 5960 5968 5969
f 5972 5973 5929
f 5974 5972 5975
f 5922 5929 5973
f 5975 5976 5974
f 5886 5977 5978
f 5886 5874 5977
f 5886 5978 5979
f 5980 5976 5979
f 5975 5979 5976
f 5980 5979 5978
f 5886 5979 5981
f 5975 5972 5929
f 5931 5934 5982
f 5934 5931 5930
f 5932 5933 5983
f 5933 5932 5924
f 5936 5933 5928
f 5933 5936 5984
f 5934 5923 5932
f 5934 5932 5985
f 5975 5986 5987
f 5975 5929 5986
f 5982 5986 5931
f 5986 5982 5988
f 5985 5983 5989
f 5983 5985 5932
f 5984 5983 5933
f 5983 5984 5990
f 5982 5934 5985
f 5982 5985 5991
f 5971 5992 5936
f 5986 5929 5931
f 5929 5917 5931
f 5979 5975 5993
f 5892 5888 5885
f 5887 5981 5994
f 5887 5994 5892
f 5993 5981 5979
f 5987 5993 5975
f 5995 5981 5993
f 5887 5886 5981
f 5996 5993 5987
f 5997 5994 5998
f 5994 5997 5892
f 5998 5994 5995
f 5995 5996 5999
f 5996 5995 5993
f 5999 5996 6000
f 5995 5999 5998
f 5994 5981 5995
f 5988 6001 5987
f 5892 5997 5891
f 5991 6002 5988
f 5991 5988 5982
f 5988 6002 6001
f 6001 6000 5996
f 6002 5991 6003
f 6003 5991 5989
f 5990 5989 5983
f 6004 5989 5990
f 5991 5985 5989
f 6001 6002 6005
f 6000 6001 6005
f 6005 6002 6006
f 6003 6004 6007
f 6004 6003 5989
f 6007 6004 6008
f 6003 6007 6006
f 6003 6006 6002
f 6009 6010 5990
f 5996 5987 6001
f 5987 5986 5988
f 5992 6009 5984
f 5887 5885 5872
f 5990 5984 6009
f 5971 5947 6011
f 5971 6011 5992
f 5953 5947 5945
f 5948 5953 5949
f 6012 5947 5953
f 5971 5926 5947
f 6013 5953 5948
f 5992 6014 6009
f 6014 5992 6011
f 6011 6012 6015
f 6009 6014 6016
f 6013 6017 6012
f 6013 6012 5953
f 6012 6017 6015
f 6015 6014 6011
f 6011 5947 6012
f 6014 6015 6018
f 5951 6019 5948
f 6004 5990 6010
f 6020 5951 5970
f 5970 5951 5943
f 5967 5970 5954
f 6021 5970 5967
f 5969 6022 6023
f 6022 5969 5968
f 5967 5969 6024
f 5967 5957 5969
f 5969 6023 6024
f 6017 6013 6025
f 6013 6019 6025
f 6020 6019 5951
f 6020 6026 6019
f 6027 6021 6024
f 6024 6021 5967
f 6028 6024 6023
f 6029 6020 6021
f 6020 5970 6021
f 6028 6027 6024
f 6013 5948 6019
f 5948 5941 5951
f 6015 6017 6030
f 6010 6016 6031
f 6010 6009 6016
f 6015 6030 6018
f 6018 6016 6014
f 6017 6032 6030
f 6018 6030 6033
f 6017 6025 6032
f 6016 6018 6034
f 6008 6010 6031
f 6031 6016 6034
f 6030 6035 6033
f 6033 6034 6018
f 6035 6032 6036
f 6030 6032 6035
f 6026 6037 6025
f 6008 6004 6010
f 6029 6038 6026
f 6029 6026 6020
f 6037 6026 6038
f 6037 6036 6032
f 6027 6039 6040
f 6039 6027 6028
f 6041 6029 6027
f 6029 6021 6027
f 6041 6027 6040
f 6037 6042 6036
f 6042 6037 6038
f 6042 6038 6043
f 6043 6041 6044
f 6041 6043 6038
f 6044 6041 6040
f 6038 6029 6041
f 6032 6025 6037
f 6025 6019 6026
f 5984 5936 5992
f 5936 5927 5971
f 5946 5950 5945
f 5949 5950 6045
f 5939 5949 6046
f 6046 5949 6047
f 6045 6047 5949
f 5952 5941 5940
f 5943 5952 5944
f 5954 5942 5965
f 5963 5954 5966
f 5954 5964 5957
f 5957 5964 5955
f 5957 5958 5960
f 5711 6048 5715
f 5711 5709 6049
f 6048 5711 6050
f 6050 5711 6051
f 6051 5711 6052
f 6052 5711 5718
f 5711 6049 5717
f 5715 6048 6053
f 5715 6053 6054
f 5716 5715 6055
f 6055 5715 5720
f 5715 6054 5719
f 5714 5716 6056
f 5727 5738 6057
f 5714 6058 5739
f 6059 6058 5714
f 5714 6056 6059
f 5727 5723 5722
f 5729 6060 5727
f 5727 6057 5728
f 5756 5727 6060
f 5725 5722 5724
f 5730 5722 5726
f 6061 5737 5736
f 5736 5731 6061
f 5732 5735 6062
f 5732 6062 5733
f 5740 5779 5741
f 5770 5775 5772
f 5773 5772 5777
f 5781 5774 6063
f 5773 6063 5774
f 5780 5782 5784
f 5785 5783 5790
f 5894 5893 5895
f 5787 5893 5788
f 5898 5897 5904
f 6064 6065 6066
f 6066 6065 6067
f 6068 6069 6070
f 6071 6069 6068
f 6067 6068 6066
f 6068 6070 6072
f 6069 6071 6073
f 6074 6075 6076
f 6077 6078 6079
f 6080 6075 6081
f 6075 6082 6083
f 6084 6085 6086
f 6075 6087 6084
f 6084 6088 6075
f 6078 6075 6088
f 6089 6078 6090
f 6091 6088 6084
f 6078 6082 6075
f 6089 6079 6078
f 6092 6093 6089
f 6094 6095 6092
f 6092 6096 6093
f 6073 6097 6094
f 6098 6092 6089
f 6090 6098 6089
f 6099 6094 6092
f 6098 6099 6092
f 6100 6098 6090
f 6099 6101 6094
f 6070 6094 6101
f 6072 6070 6102
f 6103 6101 6099
f 6070 6073 6094
f 6104 6099 6098
f 6070 6069 6073
f 6078 6088 6090
f 6105 6090 6088
f 6066 6068 6072
f 6106 6107 6108
f 6109 6106 6110
f 6107 6106 6109
f 6111 6109 6110
f 6112 6106 6108
f 6064 6113 6108
f 6113 6112 6108
f 6114 6112 6113
f 6113 6066 6115
f 6110 6116 6117
f 6111 6110 6117
f 6118 6116 6110
f 6106 6112 6118
f 6106 6118 6110
f 6119 6118 6112
f 6117 6120 6111
f 6108 6121 6064
f 6122 6117 6123
f 6124 6120 6122
f 6125 6124 6126
f 6120 6124 6125
f 6127 6125 6126
f 6128 6124 6122
f 6129 6123 6116
f 6116 6123 6117
f 6128 6122 6123
f 6130 6128 6123
f 6126 6131 6132
f 6127 6126 6132
f 6133 6131 6126
f 6124 6128 6133
f 6126 6124 6133
f 6134 6133 6128
f 6132 6135 6127
f 6120 6117 6122
f 6136 6116 6118
f 6137 6115 6072
f 6072 6115 6066
f 6138 6119 6114
f 6119 6112 6114
f 6136 6118 6119
f 6139 6136 6119
f 6115 6114 6113
f 6140 6114 6115
f 6141 6137 6102
f 6137 6072 6102
f 6140 6115 6137
f 6142 6140 6137
f 6138 6139 6119
f 6114 6140 6138
f 6143 6139 6138
f 6139 6144 6136
f 6145 6138 6140
f 6144 6146 6136
f 6070 6101 6102
f 6147 6130 6129
f 6130 6123 6129
f 6134 6148 6133
f 6128 6130 6134
f 6149 6131 6148
f 6150 6148 6134
f 6129 6116 6136
f 6151 6134 6130
f 6129 6146 6147
f 6130 6147 6152
f 6134 6151 6150
f 6148 6150 6153
f 6151 6130 6152
f 6154 6131 6149
f 6136 6146 6129
f 6133 6148 6131
f 6154 6155 6132
f 6064 6066 6113
f 6156 6102 6101
f 6084 6157 6158
f 6158 6091 6084
f 6159 6091 6158
f 6160 6157 6084
f 6161 6159 6158
f 6158 6162 6161
f 6159 6163 6091
f 6164 6161 6165
f 6105 6091 6163
f 6161 6166 6159
f 6088 6091 6105
f 6167 6104 6100
f 6100 6090 6105
f 6168 6156 6103
f 6101 6103 6156
f 6102 6156 6141
f 6169 6141 6156
f 6103 6099 6104
f 6170 6103 6104
f 6163 6159 6171
f 6172 6105 6163
f 6100 6172 6167
f 6172 6163 6173
f 6170 6167 6174
f 6103 6170 6168
f 6156 6168 6169
f 6168 6170 6175
f 6170 6104 6167
f 6167 6172 6176
f 6177 6178 6169
f 6100 6105 6172
f 6098 6100 6104
f 6169 6168 6179
f 6180 6166 6181
f 6161 6164 6181
f 6166 6161 6181
f 6182 6171 6166
f 6159 6166 6171
f 6183 6184 6181
f 6185 6186 6187
f 6181 6184 6180
f 6166 6180 6182
f 6188 6181 6189
f 6182 6190 6171
f 6191 6176 6173
f 6173 6163 6171
f 6192 6175 6174
f 6174 6167 6176
f 6175 6170 6174
f 6193 6179 6175
f 6173 6176 6172
f 6194 6174 6176
f 6173 6190 6191
f 6176 6191 6194
f 6175 6192 6193
f 6179 6193 6195
f 6192 6174 6194
f 6177 6179 6195
f 6171 6190 6173
f 6175 6179 6168
f 6178 6142 6141
f 6138 6145 6196
f 6196 6143 6138
f 6197 6198 6196
f 6145 6142 6199
f 6142 6145 6140
f 6197 6196 6145
f 6197 6145 6200
f 6201 6202 6203
f 6204 6202 6201
f 6197 6201 6203
f 6198 6197 6203
f 6201 6197 6205
f 6137 6141 6142
f 6206 6207 6204
f 6208 6207 6206
f 6209 6210 6211
f 6210 6209 6212
f 6211 6207 6212
f 6213 6214 6215
f 6210 6215 6214
f 6210 6214 6213
f 6208 6206 6201
f 6201 6206 6204
f 6212 6215 6210
f 6169 6179 6177
f 6216 6199 6178
f 6177 6216 6178
f 6145 6199 6200
f 6197 6200 6205
f 6200 6199 6217
f 6199 6142 6178
f 6205 6200 6218
f 6219 6216 6220
f 6177 6220 6216
f 6217 6216 6219
f 6221 6218 6217
f 6200 6217 6218
f 6222 6218 6221
f 6219 6221 6217
f 6217 6199 6216
f 6205 6223 6208
f 6195 6220 6177
f 6208 6224 6212
f 6207 6208 6212
f 6223 6224 6208
f 6218 6222 6223
f 6224 6225 6212
f 6226 6212 6225
f 6227 6224 6223
f 6227 6223 6222
f 6228 6224 6227
f 6228 6229 6230
f 6230 6224 6228
f 6231 6224 6230
f 6223 6205 6218
f 6208 6201 6205
f 6141 6169 6178
f 6132 6131 6154
f 6232 6135 6155
f 6233 6232 6234
f 6135 6232 6233
f 6235 6233 6234
f 6236 6232 6155
f 6154 6236 6155
f 6237 6234 6232
f 6236 6237 6232
f 6238 6236 6154
f 6237 6239 6234
f 6240 6234 6239
f 6241 6242 6240
f 6243 6239 6237
f 6240 6235 6234
f 6244 6237 6236
f 6240 6245 6235
f 6149 6246 6154
f 6247 6245 6242
f 6248 6249 6250
f 6251 6249 6247
f 6252 6248 6250
f 6242 6253 6251
f 6247 6242 6251
f 6241 6253 6242
f 6241 6240 6239
f 6254 6251 6253
f 6250 6251 6254
f 6252 6250 6255
f 6256 6255 6250
f 6250 6249 6251
f 6257 6253 6241
f 6255 6258 6252
f 6245 6240 6242
f 6259 6241 6239
f 6238 6154 6246
f 6260 6261 6238
f 6244 6236 6261
f 6243 6237 6244
f 6244 6261 6260
f 6236 6238 6261
f 6243 6244 6262
f 6243 6262 6263
f 6262 6244 6260
f 6263 6264 6243
f 6265 6246 6149
f 6259 6264 6266
f 6243 6264 6259
f 6257 6267 6253
f 6241 6259 6257
f 6256 6254 6268
f 6257 6259 6269
f 6259 6239 6243
f 6267 6257 6270
f 6266 6269 6259
f 6269 6271 6257
f 6272 6270 6271
f 6271 6270 6257
f 6271 6269 6273
f 6274 6268 6267
f 6254 6253 6267
f 6256 6250 6254
f 6275 6255 6276
f 6277 6258 6275
f 6278 6277 6279
f 6280 6278 6281
f 6275 6279 6277
f 6282 6280 6281
f 6255 6256 6276
f 6283 6279 6275
f 6283 6275 6276
f 6284 6276 6256
f 6285 6286 6287
f 6278 6279 6285
f 6279 6288 6285
f 6285 6287 6278
f 6288 6279 6283
f 6258 6255 6275
f 6289 6290 6291
f 6280 6291 6290
f 6292 6293 6290
f 6289 6292 6290
f 6294 6295 6290
f 6280 6282 6296
f 6297 6284 6268
f 6284 6256 6268
f 6283 6298 6299
f 6288 6283 6299
f 6300 6298 6283
f 6284 6301 6276
f 6276 6301 6283
f 6300 6283 6301
f 6274 6297 6268
f 6302 6301 6284
f 6297 6302 6284
f 6303 6297 6274
f 6302 6304 6301
f 6305 6301 6304
f 6305 6304 6306
f 6307 6304 6302
f 6305 6300 6301
f 6308 6302 6297
f 6306 6300 6305
f 6267 6270 6274
f 6304 6309 6306
f 6254 6267 6268
f 6310 6274 6270
f 6311 6312 6313
f 6314 6313 6315
f 6315 6316 6317
f 6318 6317 6319
f 6315 6317 6314
f 6314 6317 6318
f 6318 6320 6313
f 6313 6314 6318
f 6321 6311 6322
f 6323 6320 6318
f 6313 6320 6311
f 6321 6312 6311
f 6321 6324 6325
f 6326 6271 6273
f 6327 6326 6328
f 6327 6328 6324
f 6321 6329 6327
f 6324 6321 6327
f 6329 6321 6322
f 6322 6311 6320
f 6330 6327 6331
f 6330 6271 6326
f 6272 6271 6330
f 6272 6330 6332
f 6330 6326 6327
f 6310 6272 6333
f 6270 6272 6310
f 6325 6312 6321
f 6334 6322 6320
f 6335 6336 6318
f 6336 6323 6318
f 6323 6334 6320
f 6337 6323 6336
f 6329 6322 6338
f 6339 6340 6341
f 6339 6336 6340
f 6342 6334 6337
f 6337 6336 6339
f 6334 6342 6338
f 6337 6334 6323
f 6334 6338 6322
f 6338 6343 6329
f 6331 6329 6343
f 6344 6331 6343
f 6332 6331 6344
f 6272 6332 6333
f 6333 6332 6345
f 6332 6330 6331
f 6346 6343 6338
f 6346 6347 6343
f 6344 6343 6347
f 6348 6344 6347
f 6349 6345 6348
f 6344 6348 6345
f 6345 6349 6350
f 6345 6332 6344
f 6351 6333 6350
f 6342 6346 6338
f 6331 6327 6329
f 6351 6303 6310
f 6352 6308 6303
f 6308 6297 6303
f 6353 6309 6304
f 6308 6307 6302
f 6303 6274 6310
f 6307 6353 6304
f 6351 6352 6303
f 6354 6307 6308
f 6352 6354 6308
f 6355 6352 6351
f 6354 6356 6307
f 6356 6353 6307
f 6356 6354 6357
f 6358 6354 6352
f 6310 6333 6351
f 6359 6355 6350
f 6355 6351 6350
f 6357 6358 6360
f 6352 6355 6358
f 6354 6358 6357
f 6361 6358 6355
f 6361 6362 6358
f 6355 6359 6361
f 6363 6364 6360
f 6365 6366 6363
f 6362 6363 6360
f 6358 6362 6360
f 6349 6359 6350
f 6365 6367 6368
f 6369 6367 6365
f 6368 6366 6365
f 6370 6371 6369
f 6186 6371 6370
f 6365 6370 6369
f 6370 6187 6186
f 6333 6345 6350
f 6132 6155 6135
f 6097 6095 6094
f 6096 6092 6095
f 6372 6089 6093
f 6089 6372 6373
f 6373 6079 6089
f 6077 6082 6078
f 6076 6374 6074
f 6083 6076 6075
f 6375 6087 6075
f 6081 6075 6074
f 6075 6376 6377
f 6378 6375 6075
f 6379 6075 6080
f 6380 6075 6379
f 6377 6378 6075
f 6376 6075 6380
f 6381 6084 6087
f 6382 6084 6381
f 6383 6084 6382
f 6384 6160 6084
f 6085 6084 6383
f 6385 6384 6084
f 6086 6385 6084
f 6386 6162 6158
f 6387 6158 6157
f 6388 6158 6387
f 6389 6386 6158
f 6390 6389 6158
f 6391 6158 6388
f 6392 6158 6391
f 6158 6392 6390
f 6393 6161 6162
f 6394 6161 6393
f 6395 6161 6394
f 6396 6165 6161
f 6397 6396 6161
f 6398 6397 6161
f 6399 6161 6395
f 6161 6399 6400
f 6400 6398 6161
f 6183 6401 6184
f 6402 6181 6164
f 6188 6183 6181
f 6403 6181 6402
f 6404 6181 6403
f 6405 6181 6404
f 6406 6181 6405
f 6406 6189 6181
f 6231 6225 6224
f 6212 6226 6215
f 6209 6211 6212
f 6153 6149 6148
f 6265 6238 6246
f 6319 6335 6318
f 6407 6336 6335
f 6336 6407 6340
f 6364 6363 6366
f 6299 6298 6288
f 6281 6278 6286
f 6287 6286 6278
f 6296 6291 6280
f 6293 6294 6290
f 6295 6294 6408
f 6121 6108 6107
f 6409 6410 6411
f 6409 6411 6412
f 6413 6412 6414
f 6409 6415 6410
f 6416 6413 6414
f 6417 6418 6416
f 6409 6412 6413
f 6416 6414 6417
f 6419 6420 6418
f 6421 6422 6423
f 6419 6421 6420
f 6420 6421 6423
f 6424 6425 6426
f 6424 6423 6422
f 6425 6424 6422
f 6419 6418 6417
f 6427 6428 6429
f 6425 6427 6430
f 6431 6432 6433
f 6434 6435 6431
f 6435 6436 6428
f 6432 6437 6438
f 6429 6430 6427
f 6426 6425 6430
f 6434 6436 6435
f 6438 6433 6432
f 6439 6438 6437
f 6434 6431 6433
f 6429 6428 6436
f 6437 6440 6439
f 6441 6442 6443
f 6439 6444 6445
f 6445 6444 6446
f 6447 6448 6446
f 6449 6447 6450
f 6451 6452 6453
f 6454 6450 6455
f 6456 6455 6451
f 6445 6446 6448
f 6449 6450 6454
f 6447 6449 6448
f 6451 6453 6456
f 6456 6454 6455
f 6453 6452 6457
f 6443 6457 6458
f 6458 6441 6443
f 6457 6452 6458
f 6444 6439 6440
f 6459 6460 6461
f 6462 6461 6463
f 6464 6463 6465
f 6459 6461 6462
f 6465 6466 6464
f 6464 6462 6463
f 6466 6467 6468
f 6466 6465 6467
f 6469 6470 6471
f 6472 6473 6474
f 6470 6472 6475
f 6471 6468 6469
f 6474 6475 6472
f 6476 6474 6473
f 6471 6470 6475
f 6469 6468 6467
f 6477 6478 6479
f 6480 6481 6478
f 6482 6483 6484
f 6485 6486 6482
f 6487 6484 6483
f 6480 6486 6488
f 6489 6476 6490
f 6477 6489 6490
f 6489 6477 6479
f 6481 6480 6488
f 6488 6486 6485
f 6478 6481 6479
f 6482 6484 6485
f 6483 6491 6487
f 6492 6493 6494
f 6495 6496 6497
f 6498 6499 6500
f 6496 6500 6497
f 6501 6502 6503
f 6504 6503 6505
f 6498 6502 6506
f 6507 6505 6508
f 6487 6491 6509
f 6499 6497 6500
f 6509 6495 6497
f 6501 6506 6502
f 6507 6504 6505
f 6494 6507 6508
f 6501 6503 6504
f 6499 6498 6506
f 6508 6492 6494
f 6509 6491 6495
f 6510 6511 6512
f 6513 6512 6514
f 6513 6510 6512
f 6514 6515 6513
f 6510 6516 6511
f 6516 6517 6511
f 6518 6519 6520
f 6521 6522 6523
f 6518 6524 6525
f 6526 6525 6522
f 6527 6517 6516
f 6522 6521 6526
f 6525 6526 6518
f 6521 6523 6527
f 6518 6520 6524
f 6523 6517 6527
f 6528 6529 6530
f 6531 6530 6532
f 6531 6528 6530
f 6532 6533 6531
f 6528 6534 6529
f 6534 6535 6529
f 6536 6537 6538
f 6539 6540 6541
f 6536 6542 6543
f 6544 6543 6540
f 6545 6535 6534
f 6540 6539 6544
f 6543 6544 6536
f 6539 6541 6545
f 6536 6538 6542
f 6541 6535 6545
f 6546 6547 6548
f 6549 6546 6550
f 6551 6552 6553
f 6553 6554 6555
f 6549 6556 6554
f 6557 6552 6558
f 6546 6548 6550
f 6548 6547 6559
f 6554 6556 6555
f 6552 6551 6558
f 6557 6558 6560
f 6551 6553 6555
f 6556 6549 6550
f 6560 6561 6557
f 6562 6563 6564
f 6565 6566 6560
f 6567 6566 6565
f 6567 6568 6569
f 6570 6569 6571
f 6572 6573 6574
f 6575 6570 6576
f 6574 6575 6577
f 6568 6567 6565
f 6576 6570 6571
f 6568 6571 6569
f 6577 6572 6574
f 6575 6576 6577
f 6578 6573 6572
f 6579 6578 6562
f 6562 6564 6579
f 6579 6573 6578
f 6561 6560 6566
f 6580 6581 6582
f 6581 6583 6584
f 6585 6586 6587
f 6587 6588 6589
f 6586 6585 6590
f 6591 6588 6584
f 6592 6593 6594
f 6592 6594 6582
f 6580 6582 6594
f 6591 6584 6583
f 6589 6588 6591
f 6580 6583 6581
f 6589 6585 6587
f 6590 6595 6586
f 6596 6597 6598
f 6599 6600 6601
f 6600 6602 6603
f 6604 6599 6601
f 6605 6606 6607
f 6608 6605 6609
f 6610 6606 6604
f 6611 6608 6612
f 6613 6595 6590
f 6600 6603 6601
f 6603 6602 6613
f 6606 6610 6607
f 6608 6609 6612
f 6611 6612 6596
f 6609 6605 6607
f 6610 6604 6601
f 6596 6598 6611
f 6602 6595 6613
f 6614 5708 6615
f 5708 5713 6615
f 5961 5962 6616
f 6616 6617 5961
f 5968 6618 6617
f 5968 6617 6619
f 6618 5961 6617
f 6620 6621 6617
f 6622 6617 6621
f 6623 6621 6624
f 6623 6625 6621
f 6626 6627 6623
f 6628 6629 6630
f 6631 6632 6630
f 6633 6634 6632
f 6632 6634 6635
f 6636 6623 6630
f 6637 6638 6635
f 6635 6639 6640
f 6635 6641 6632
f 6637 6635 6640
f 6642 6630 6632
f 6643 6644 6638
f 6628 6630 6623
f 6644 6645 6635
f 5713 6646 6647
f 6648 6649 6650
f 6651 6652 6653
f 6654 6649 6648
f 6652 6651 6654
f 6654 6648 6655
f 6656 6657 6658
f 6659 6660 6661
f 6650 6662 6663
f 6662 6650 6649
f 6662 6659 6663
f 6650 6664 6648
f 6665 6663 6661
f 6663 6659 6661
f 6661 6658 6657
f 6666 6661 6657
f 6657 6656 6667
f 6663 6668 6650
f 6669 6657 6667
f 6670 6671 6672
f 6672 6673 6652
f 6673 6672 6671
f 6673 6653 6652
f 6672 6652 6674
f 6670 6672 6675
f 6675 6644 6670
f 6672 6674 6675
f 6676 6675 6674
f 6670 6644 6643
f 6664 6677 6655
f 6652 6654 6655
f 6655 6677 6678
f 6678 6674 6652
f 6655 6678 6652
f 6679 6674 6678
f 6664 6655 6648
f 6664 6680 6677
f 6680 6664 6668
f 6668 6665 6681
f 6682 6677 6680
f 6668 6681 6680
f 6668 6663 6665
f 6665 6661 6666
f 6683 6665 6666
f 6650 6668 6664
f 6684 6666 6669
f 6685 6681 6683
f 6683 6681 6665
f 6686 6683 6687
f 6680 6681 6688
f 6683 6689 6687
f 6689 6683 6684
f 6683 6666 6684
f 6690 6691 6669
f 6678 6677 6692
f 6657 6669 6666
f 6644 6675 6693
f 6694 6690 6667
f 6685 6683 6686
f 6022 6619 6023
f 6619 6022 6695
f 6023 6619 6696
f 6695 5968 6619
f 5814 6697 6698
f 6699 6028 6700
f 6696 6028 6701
f 6700 6028 6696
f 6023 6696 6701
f 6622 6702 6619
f 5749 5814 6703
f 6622 6625 6704
f 6625 6622 6621
f 6636 6625 6623
f 6625 6636 6705
f 6642 6641 6706
f 6641 6642 6632
f 6645 6641 6635
f 6645 6707 6641
f 6636 6630 6642
f 6636 6642 6708
f 6700 6696 6709
f 6696 6702 6709
f 6704 6702 6622
f 6704 6710 6702
f 6711 6704 6705
f 6708 6705 6636
f 6706 6708 6642
f 6712 6705 6708
f 6704 6625 6705
f 6713 6708 6706
f 6707 6714 6706
f 6696 6619 6702
f 6619 6617 6622
f 6699 6700 6039
f 6715 6716 6040
f 6700 6040 6039
f 6040 6700 6715
f 6709 6717 6700
f 6044 6716 6715
f 6044 6715 6718
f 6718 6717 6719
f 6717 6718 6715
f 6720 6719 6717
f 6700 6717 6715
f 6709 6710 6720
f 5822 6721 6722
f 6711 6723 6710
f 6711 6710 6704
f 6710 6723 6720
f 6720 6717 6709
f 6723 6711 6724
f 6724 6711 6712
f 6713 6712 6708
f 6725 6712 6713
f 6711 6705 6712
f 6720 6723 6726
f 6723 6727 6726
f 6727 6723 6724
f 6727 6724 6728
f 6728 6725 6729
f 6725 6728 6724
f 6730 6729 6725
f 6724 6712 6725
f 6730 6713 6714
f 6720 6726 6719
f 6709 6702 6710
f 6706 6641 6707
f 6697 5822 6731
f 6707 6645 6732
f 6732 6645 6693
f 6733 6693 6676
f 6679 6676 6674
f 6692 6679 6678
f 6734 6676 6679
f 6693 6675 6676
f 6735 6679 6692
f 6707 6736 6714
f 6736 6707 6732
f 6732 6733 6737
f 6714 6736 6738
f 6732 6737 6736
f 6734 6733 6676
f 6735 6734 6679
f 6739 6733 6734
f 6732 6693 6733
f 6735 6740 6734
f 6682 6741 6692
f 6714 6713 6706
f 6742 6682 6688
f 6688 6682 6680
f 6685 6688 6681
f 6743 6688 6685
f 6744 6685 6686
f 6744 6745 6685
f 6745 6743 6685
f 6746 6735 6741
f 6741 6682 6742
f 6742 6688 6743
f 6747 6741 6742
f 6748 6749 6743
f 6750 6749 6748
f 6748 6743 6751
f 6751 6743 6745
f 6752 6742 6743
f 6741 6735 6692
f 6692 6677 6682
f 6753 6743 6749
f 6714 6738 6730
f 6736 6737 6754
f 6736 6754 6738
f 6730 6738 6755
f 6754 6737 6756
f 6756 6737 6739
f 6740 6739 6734
f 6757 6739 6740
f 6737 6733 6739
f 6738 6754 6758
f 6755 6738 6758
f 6758 6754 6759
f 6756 6757 6760
f 6757 6756 6739
f 6760 6757 6761
f 6756 6760 6759
f 6756 6759 6754
f 6746 6762 6740
f 6730 6755 6729
f 6747 6763 6746
f 6747 6746 6741
f 6746 6763 6762
f 6762 6761 6757
f 6763 6747 6764
f 6764 6747 6752
f 6753 6752 6743
f 6765 6752 6753
f 6747 6742 6752
f 6762 6763 6766
f 6761 6762 6766
f 6766 6763 6767
f 6764 6765 6768
f 6765 6764 6752
f 6768 6765 6769
f 6764 6768 6767
f 6764 6767 6763
f 6770 6771 6753
f 6757 6740 6762
f 6740 6735 6746
f 6772 6770 6749
f 6730 6725 6713
f 6645 6644 6693
f 6689 6684 6773
f 6646 5749 6703
f 6774 6694 6775
f 6774 6776 6777
f 6690 6669 6667
f 6694 6777 6778
f 6684 6669 6691
f 6779 6780 6777
f 6694 6774 6777
f 6777 6780 6778
f 6778 6690 6694
f 6779 6777 6776
f 6690 6778 6781
f 6782 6783 6784
f 6785 6786 6787
f 6779 6788 6780
f 6779 6783 6788
f 6783 6787 6789
f 6780 6788 6790
f 6783 6789 6788
f 6791 6787 6786
f 6792 6791 6793
f 6794 6787 6791
f 6783 6782 6787
f 6795 6791 6792
f 6779 6784 6783
f 6778 6780 6796
f 6691 6797 6798
f 6797 6691 6781
f 6799 6781 6800
f 6781 6778 6796
f 6800 6781 6796
f 6781 6799 6797
f 6690 6781 6691
f 6773 6684 6801
f 6802 6800 6796
f 6801 6691 6798
f 6796 6803 6802
f 6684 6691 6801
f 6788 6804 6790
f 6790 6796 6780
f 6789 6794 6805
f 6790 6804 6806
f 6795 6807 6794
f 6795 6794 6791
f 6794 6807 6805
f 6805 6804 6789
f 6789 6787 6794
f 6808 6809 6804
f 6803 6790 6810
f 6810 6790 6806
f 6809 6808 6811
f 6809 6806 6804
f 6807 6812 6805
f 6813 6804 6805
f 6814 6815 6795
f 6790 6803 6796
f 6788 6789 6804
f 6816 6814 6792
f 6817 6818 6819
f 6820 6816 6792
f 6814 6795 6792
f 6817 6819 6821
f 6819 6822 6823
f 6819 6823 6824
f 6821 6819 6816
f 6821 6816 6825
f 6816 6819 6826
f 6827 6823 6828
f 6829 6830 6831
f 6832 6833 6834
f 6832 6834 6823
f 6829 6835 6836
f 6837 6838 6839
f 6840 6838 6834
f 6615 6841 6842
f 6841 6614 6842
f 6823 6834 6843
f 6814 6826 6844
f 6814 6816 6826
f 6823 6843 6824
f 6824 6826 6819
f 6834 6845 6843
f 6824 6843 6846
f 6834 6838 6845
f 6826 6824 6847
f 6848 6807 6815
f 6815 6814 6844
f 6844 6826 6847
f 6849 6815 6844
f 6843 6850 6846
f 6846 6847 6824
f 6845 6851 6852
f 6853 6847 6846
f 6843 6845 6850
f 6854 6844 6847
f 6855 6851 6838
f 6807 6795 6815
f 6856 6857 6855
f 6856 6855 6858
f 6855 6857 6851
f 6851 6845 6838
f 6857 6856 6859
f 6859 6856 6829
f 6615 6829 6841
f 6647 6829 6615
f 6860 6861 6856
f 6851 6857 6862
f 6851 6862 6852
f 6857 6859 6863
f 6857 6863 6862
f 6864 6850 6852
f 6859 6865 6863
f 6865 6859 6647
f 6646 6703 6865
f 6866 6862 6863
f 6859 6829 6647
f 6867 6852 6862
f 6865 6647 6646
f 6852 6850 6845
f 6838 6868 6855
f 6869 6846 6850
f 6647 6615 5713
f 6870 6820 6792
f 6703 6863 6865
f 6871 6772 6749
f 6872 6873 6772
f 6772 6873 6874
f 6872 6772 6871
f 6875 6876 6874
f 6877 6874 6876
f 6875 6874 6873
f 6772 6874 6878
f 6876 6879 6877
f 6770 6753 6749
f 6880 6881 6808
f 6882 6880 6883
f 6813 6808 6804
f 6812 6813 6805
f 6880 6808 6883
f 6811 6808 6881
f 6813 6884 6808
f 6885 6877 6886
f 6886 6877 6879
f 6885 6886 6887
f 6883 6885 6888
f 6888 6885 6887
f 6882 6883 6888
f 6877 6885 6889
f 6813 6812 6890
f 6874 6877 6891
f 6771 6769 6765
f 6770 6878 6892
f 6770 6892 6771
f 6878 6874 6891
f 6891 6877 6889
f 6893 6878 6891
f 6772 6878 6770
f 6891 6889 6894
f 6771 6895 6769
f 6895 6771 6892
f 6895 6892 6896
f 6896 6893 6897
f 6893 6896 6892
f 6894 6897 6893
f 6892 6878 6893
f 6891 6894 6893
f 6753 6771 6765
f 6884 6898 6883
f 6884 6883 6808
f 6883 6898 6899
f 6900 6889 6899
f 6884 6901 6898
f 6901 6884 6890
f 6890 6902 6903
f 6901 6904 6898
f 6884 6813 6890
f 6899 6898 6905
f 6894 6900 6906
f 6894 6889 6900
f 6906 6900 6907
f 6894 6906 6897
f 6907 6905 6908
f 6905 6907 6900
f 6904 6908 6905
f 6900 6899 6905
f 6898 6904 6905
f 6889 6885 6899
f 6885 6883 6899
f 6848 6902 6812
f 6750 6871 6749
f 6901 6890 6903
f 6848 6849 6909
f 6848 6909 6902
f 6854 6849 6844
f 6853 6854 6847
f 6910 6849 6854
f 6848 6815 6849
f 6911 6854 6853
f 6902 6912 6903
f 6912 6902 6909
f 6909 6910 6913
f 6903 6912 6914
f 6911 6915 6910
f 6911 6910 6854
f 6910 6915 6913
f 6913 6912 6909
f 6909 6849 6910
f 6912 6913 6916
f 6869 6917 6853
f 6918 6901 6903
f 6864 6919 6869
f 6864 6869 6850
f 6917 6869 6919
f 6920 6911 6917
f 6921 6864 6867
f 6866 6867 6862
f 6703 6866 6863
f 6922 6867 6866
f 6864 6852 6867
f 6698 6866 6703
f 6920 6915 6911
f 6917 6919 6923
f 6920 6917 6923
f 6915 6920 6924
f 6925 6919 6921
f 6922 6921 6867
f 6698 6922 6866
f 6926 6921 6922
f 6919 6864 6921
f 6731 6922 6698
f 6731 6698 6697
f 6911 6853 6917
f 6853 6846 6869
f 6913 6915 6927
f 6904 6918 6928
f 6901 6918 6904
f 6918 6903 6914
f 6918 6914 6929
f 6916 6927 6930
f 6916 6913 6927
f 6927 6915 6924
f 6927 6924 6931
f 6912 6916 6914
f 6914 6916 6932
f 6914 6932 6929
f 6929 6928 6918
f 6916 6930 6932
f 6930 6927 6931
f 6924 6933 6931
f 6924 6934 6933
f 6904 6928 6908
f 6925 6935 6923
f 6925 6923 6919
f 6923 6935 6934
f 6934 6924 6920
f 6935 6925 6936
f 6936 6925 6926
f 6731 6926 6922
f 6937 6926 6731
f 6925 6921 6926
f 6934 6935 6938
f 6935 6939 6938
f 6939 6935 6936
f 6939 6936 6940
f 6940 6937 6722
f 6937 6940 6936
f 5822 6722 6937
f 6936 6926 6937
f 5822 6937 6731
f 6934 6938 6933
f 6934 6920 6923
f 5814 6698 6703
f 6890 6812 6902
f 6812 6807 6848
f 6615 6842 6614
f 6775 6667 6656
f 6616 6620 6617
f 6621 6620 6941
f 6623 6624 6942
f 6624 6621 6943
f 6941 6943 6621
f 6628 6623 6627
f 6623 6942 6626
f 6631 6630 6629
f 6632 6631 6633
f 6635 6634 6639
f 6635 6638 6644
f 6658 6661 6660
f 6667 6775 6694
f 6779 6776 6944
f 6944 6784 6779
f 6787 6782 6785
f 6792 6793 6870
f 6945 6793 6791
f 6791 6786 6945
f 6816 6820 6825
f 6822 6819 6946
f 6946 6819 6818
f 6823 6822 6947
f 6832 6823 6827
f 6823 6947 6828
f 6834 6948 6840
f 6834 6949 6948
f 6950 6949 6834
f 6834 6833 6950
f 6838 6840 6951
f 6868 6838 6837
f 6838 6952 6839
f 6951 6952 6838
f 6858 6855 6953
f 6954 6953 6855
f 6855 6868 6955
f 6855 6955 6956
f 6855 6956 6954
f 6856 6861 6829
f 6856 6957 6860
f 6958 6959 6856
f 6856 6858 6958
f 6957 6856 6959
f 6841 6829 6960
f 6829 6861 6830
f 6961 6829 6831
f 6960 6829 6836
f 6829 6961 6835
f 6962 6963 6964
f 6964 6965 6962
f 6966 6965 6967
f 6966 6962 6965
f 6968 6969 6970
f 6971 6970 6969
f 6971 6969 6963
f 6963 6962 6971
f 6968 6970 6972
f 6973 6974 6975
f 6976 6977 6978
f 6975 6976 6979
f 6978 6979 6976
f 6967 6980 6966
f 6967 6974 6980
f 6980 6974 6981
f 6981 6974 6973
f 6975 6979 6973
f 6972 6970 6982
f 6983 6984 6985
f 6984 6982 6970
f 6983 6985 6986
f 6985 6984 6970
f 6983 6986 6987
f 6988 6989 6990
f 6988 6987 6986
f 6990 6989 6991
f 6989 6988 6986
f 6991 6992 6993
f 6994 6995 6996
f 6997 6994 6998
f 6992 6997 6993
f 6993 6997 6998
f 6995 6999 6996
f 6996 6998 6994
f 6999 7000 7001
f 6999 6995 7000
f 6991 6993 6990
f 6978 6977 7002
f 7003 7004 7005
f 7005 7006 7007
f 7008 7006 7009
f 7008 7007 7006
f 7010 7011 7012
f 7010 7002 6977
f 7012 7011 7004
f 7012 7004 7003
f 7005 7007 7003
f 7009 7013 7008
f 7013 7009 7014
f 7015 7014 7016
f 7014 7015 7013
f 7017 7016 7018
f 7015 7016 7017
f 7019 7020 7021
f 7019 7017 7018
f 7020 7019 7018
f 7022 7023 7024
f 7025 7022 7026
f 7001 7025 7027
f 7027 7025 7026
f 7023 7028 7024
f 7024 7026 7022
f 7028 7029 7030
f 7028 7023 7029
f 7001 7027 6999
f 7031 7032 7033
f 7034 7035 7036
f 7033 7034 7037
f 7036 7037 7034
f 7030 7038 7039
f 7038 7030 7029
f 7032 7039 7038
f 7032 7031 7039
f 7033 7037 7031
f 7010 6977 7011
f 7040 7041 7042
f 7043 7044 7041
f 7041 7044 7042
f 7045 7046 7040
f 7046 7045 7047
f 7048 7049 7047
f 7045 7040 7042
f 7047 7049 7046
f 7050 7051 7052
f 7051 7053 7054
f 7052 7055 7050
f 7055 7052 7056
f 7044 7043 7056
f 7052 7051 7054
f 7056 7043 7055
f 7057 7054 7053
f 7058 7059 7060
f 7061 7062 7059
f 7058 7063 7064
f 7065 7066 7067
f 7064 7066 7068
f 7066 7069 7067
f 7065 7068 7066
f 7063 7066 7064
f 7070 7071 7072
f 7072 7048 7070
f 7070 7073 7071
f 7049 7048 7072
f 7060 7059 7062
f 7061 7071 7073
f 7062 7061 7073
f 7060 7063 7058
f 7074 7075 7076
f 7075 7077 7078
f 7076 7079 7074
f 7079 7076 7057
f 7077 7080 7078
f 7075 7078 7076
f 7057 7053 7079
f 7081 7080 7077
f 7081 7082 7080
f 7083 7080 7082
f 7083 7082 7084
f 7084 7085 7083
f 7086 7087 7085
f 7087 7086 7088
f 7088 7089 7087
f 7084 7086 7085
f 7090 7091 7089
f 7091 7092 7093
f 7090 7092 7091
f 7088 7090 7089
f 7094 7093 7095
f 7096 7097 7098
f 7097 7094 7095
f 7097 7095 7098
f 7096 7098 7099
f 7095 7093 7092
f 7100 7101 7102
f 7096 7099 7102
f 7103 7100 7104
f 7102 7104 7100
f 7099 7104 7102
f 7102 7101 7105
f 7106 7107 7108
f 7108 7065 7106
f 7106 7109 7107
f 7068 7065 7108
f 7110 7111 7109
f 7112 7113 7114
f 7110 7113 7111
f 7107 7109 7111
f 7110 7114 7113
f 7115 7116 7112
f 7115 7112 7114
f 7115 7117 7116
f 7118 7119 7117
f 7116 7117 7119
f 7118 7120 7121
f 7121 7119 7118
f 7120 7122 7123
f 7122 7124 7125
f 7125 7123 7122
f 7121 7120 7123
f 7124 7126 7127
f 7128 7129 7126
f 7127 7126 7129
f 7125 7124 7127
f 7130 7128 7131
f 7132 7133 7134
f 7133 7135 7131
f 7135 7133 7132
f 7132 7134 7136
f 7130 7131 7135
f 7130 7129 7128
f 7137 7136 7134
f 7138 7139 7140
f 7141 7142 7143
f 7144 7140 7141
f 7145 7146 7147
f 7147 7139 7138
f 7145 7148 7146
f 7146 7139 7147
f 7140 7144 7138
f 7149 7150 7151
f 7151 7103 7149
f 7149 7152 7150
f 7103 7151 7100
f 7153 7142 7152
f 7152 7142 7150
f 7142 7153 7143
f 7143 7144 7141
f 7154 7137 7155
f 7156 7157 7158
f 7157 7159 7155
f 7157 7156 7159
f 7156 7158 7160
f 7159 7154 7155
f 7154 7136 7137
f 7161 7160 7158
f 7162 7163 7164
f 7164 7148 7145
f 7162 7165 7163
f 7163 7148 7164
f 7166 7161 7167
f 7165 7162 7168
f 7166 7167 7168
f 7166 7160 7161
f 7167 7165 7168
f 7169 6295 7170
f 7171 7172 7169
f 6295 7169 7172
f 7173 7172 7171
f 7172 7173 7174
f 7174 7175 7172
f 7176 7177 7175
f 7178 7177 7179
f 7180 7177 7181
f 7182 7178 7183
f 7184 7179 7185
f 7177 7180 7186
f 7178 7179 7183
f 7186 7185 7179
f 7186 7179 7177
f 7183 7179 7187
f 7183 7188 7189
f 7175 7190 7191
f 7192 7184 7193
f 7192 7194 7184
f 7195 7194 7192
f 7179 7184 7187
f 7187 7184 7196
f 7184 7185 7197
f 7198 7199 7195
f 7200 7194 7195
f 7199 7200 7195
f 7200 7201 7194
f 7196 7194 7201
f 7202 7196 7203
f 7204 7201 7200
f 7196 7184 7194
f 7205 7200 7199
f 7202 7188 7187
f 7195 7206 7198
f 7193 7197 7207
f 7199 7198 7208
f 7183 7189 7182
f 7209 7189 7210
f 7182 7189 7209
f 7211 7212 7210
f 7210 7212 7209
f 7213 7211 7214
f 7188 7215 7189
f 7210 7189 7215
f 7216 7214 7210
f 7217 7215 7188
f 7214 7218 7219
f 7213 7214 7219
f 7216 7218 7214
f 7210 7215 7216
f 7214 7211 7210
f 7220 7216 7215
f 7219 7221 7213
f 7183 7187 7188
f 7222 7219 7223
f 7224 7221 7222
f 7225 7224 7226
f 7222 7226 7224
f 7227 7225 7228
f 7219 7218 7223
f 7229 7226 7222
f 7229 7222 7223
f 7230 7223 7218
f 7231 7226 7232
f 7225 7231 7228
f 7227 7228 7233
f 7228 7231 7234
f 7231 7225 7226
f 7233 7228 7235
f 7233 7236 7227
f 7221 7219 7222
f 7237 7218 7216
f 7238 7217 7202
f 7217 7188 7202
f 7239 7237 7220
f 7237 7216 7220
f 7230 7218 7237
f 7240 7230 7237
f 7217 7220 7215
f 7217 7241 7220
f 7238 7241 7217
f 7202 7203 7238
f 7239 7220 7241
f 7242 7238 7203
f 7243 7237 7239
f 7243 7240 7237
f 7240 7244 7230
f 7244 7245 7230
f 7196 7201 7203
f 7229 7246 7232
f 7226 7229 7232
f 7247 7246 7229
f 7230 7245 7247
f 7232 7248 7234
f 7246 7248 7232
f 7228 7234 7235
f 7235 7234 7249
f 7234 7231 7232
f 7250 7246 7247
f 7250 7247 7245
f 7248 7246 7250
f 7251 7249 7234
f 7252 7235 7249
f 7253 7252 7249
f 7254 7251 7248
f 7234 7248 7251
f 7235 7255 7256
f 7247 7223 7230
f 7223 7247 7229
f 7233 7256 7257
f 7187 7196 7202
f 7258 7203 7201
f 7259 7260 7261
f 7262 7263 7259
f 7259 7261 7262
f 7263 7262 7199
f 7264 7204 7205
f 7205 7199 7262
f 7201 7204 7258
f 7265 7258 7204
f 7258 7242 7203
f 7266 7205 7262
f 7267 7261 7260
f 7266 7262 7261
f 7264 7205 7266
f 7266 7261 7268
f 7265 7269 7258
f 7204 7264 7265
f 7270 7271 7242
f 7265 7264 7272
f 7269 7242 7258
f 7264 7266 7273
f 7204 7200 7205
f 7199 7208 7263
f 7274 7269 7265
f 7275 7276 7277
f 7278 7279 6185
f 7280 7279 7278
f 7275 7281 7280
f 7277 7281 7275
f 7278 7275 7280
f 7275 7282 7276
f 7267 7260 7283
f 7284 7273 7268
f 7266 7268 7273
f 7264 7273 7272
f 7285 7272 7273
f 7268 7261 7267
f 7286 7268 7267
f 7282 7267 7283
f 7287 7282 7283
f 7282 7286 7267
f 7268 7286 7284
f 7284 7285 7273
f 7285 7288 7272
f 7274 7272 7288
f 7272 7274 7265
f 7289 7290 7241
f 7290 7239 7241
f 7271 7289 7241
f 7271 7291 7289
f 7292 7289 7291
f 7293 7292 7291
f 7294 7291 7271
f 7295 7296 7293
f 7297 7296 7295
f 7291 7295 7293
f 7298 7295 7291
f 7270 7242 7269
f 7299 7300 7301
f 7297 7300 7299
f 7302 7303 7299
f 7304 7305 7306
f 7307 7305 7303
f 7302 7305 7307
f 7295 7300 7297
f 7301 7300 7295
f 7274 7308 7269
f 7308 7270 7269
f 7309 7270 7308
f 7294 7270 7309
f 7298 7291 7294
f 7298 7294 7310
f 7270 7294 7271
f 7311 7308 7274
f 7311 7312 7308
f 7309 7308 7312
f 7313 7309 7312
f 7314 7310 7313
f 7309 7313 7310
f 7310 7314 7315
f 7310 7294 7309
f 7315 7301 7298
f 7288 7311 7274
f 7301 7316 7302
f 7302 7299 7301
f 7316 7301 7315
f 7298 7310 7315
f 7301 7295 7298
f 7317 7302 7316
f 7318 7316 7319
f 7315 7319 7316
f 7320 7316 7318
f 7318 7321 7320
f 7322 7323 7320
f 7323 7316 7320
f 7316 7324 7317
f 7314 7319 7315
f 7302 7306 7305
f 7271 7238 7242
f 7271 7241 7238
f 7233 7235 7256
f 7325 7236 7257
f 7326 7327 7325
f 7328 7327 7326
f 7257 7326 7325
f 7329 7326 7257
f 7256 7329 7257
f 7330 7328 7326
f 7329 7330 7326
f 7331 7329 7256
f 7330 7332 7328
f 7333 7328 7332
f 7334 7335 7333
f 7336 7332 7330
f 7333 7327 7328
f 7337 7330 7329
f 7333 7338 7327
f 7255 7235 7252
f 7333 7332 7334
f 7339 7338 7335
f 7340 7341 7339
f 7342 7341 7340
f 7335 7340 7339
f 7343 7340 7335
f 7334 7343 7335
f 7344 7342 7340
f 7343 7344 7340
f 7345 7343 7334
f 7346 7344 7347
f 7342 7344 7346
f 7348 7342 7346
f 7346 7347 7349
f 7350 7344 7343
f 7338 7333 7335
f 7351 7334 7332
f 7352 7255 7353
f 7255 7252 7353
f 7331 7352 7354
f 7255 7352 7331
f 7337 7329 7331
f 7337 7331 7355
f 7255 7331 7256
f 7337 7355 7356
f 7355 7331 7354
f 7356 7336 7337
f 7357 7351 7336
f 7351 7332 7336
f 7345 7350 7343
f 7334 7351 7345
f 7358 7359 7350
f 7360 7350 7345
f 7336 7330 7337
f 7361 7345 7351
f 7357 7336 7362
f 7363 7361 7364
f 7364 7351 7357
f 7361 7351 7364
f 7365 7360 7361
f 7361 7360 7345
f 7364 7357 7366
f 7350 7359 7344
f 7356 7362 7336
f 7359 7347 7344
f 7367 7347 7368
f 7369 7370 7368
f 7370 7369 7371
f 7347 7359 7368
f 7372 7370 7371
f 7369 7368 7371
f 7373 7374 7375
f 7376 7371 7359
f 7371 7368 7359
f 7377 7378 7379
f 7380 7381 7382
f 7371 7383 7372
f 7381 7384 7383
f 7358 7376 7359
f 7385 7383 7371
f 7376 7385 7371
f 7386 7376 7358
f 7385 7387 7383
f 7382 7383 7387
f 7379 7382 7388
f 7389 7387 7385
f 7382 7381 7383
f 7390 7385 7376
f 7382 7379 7378
f 7350 7360 7358
f 7391 7392 7393
f 6074 7394 7373
f 7395 7396 7397
f 7375 6074 7373
f 7398 7392 7379
f 7399 7379 7392
f 7393 7392 7400
f 7401 7400 7392
f 7375 7396 7402
f 7374 7397 7396
f 6074 7375 6087
f 7403 7396 7400
f 7400 7404 7405
f 7382 7387 7388
f 7406 7407 7400
f 7375 7402 6087
f 7349 7347 7367
f 7408 7358 7360
f 7409 7410 7411
f 7412 7413 7410
f 7414 7415 7416
f 7417 7416 7418
f 7419 7414 7417
f 7417 7414 7416
f 7411 7417 7409
f 7417 7411 7419
f 7420 7412 7421
f 7422 7409 7417
f 7410 7409 7412
f 7420 7413 7412
f 7420 7423 7424
f 7425 7364 7366
f 7426 7425 7427
f 7426 7427 7423
f 7409 7421 7412
f 7423 7420 7426
f 7425 7426 7428
f 7426 7420 7429
f 7363 7428 7430
f 7363 7364 7428
f 7365 7361 7363
f 7365 7363 7431
f 7425 7428 7364
f 7428 7426 7432
f 7360 7365 7408
f 7413 7420 7424
f 7433 7408 7365
f 7434 7422 7417
f 7417 7435 7434
f 7422 7436 7409
f 7437 7422 7434
f 7421 7409 7436
f 7434 7435 7438
f 7438 7439 7434
f 7439 7437 7434
f 7440 7436 7441
f 7422 7437 7441
f 7436 7440 7442
f 7422 7441 7436
f 7442 7429 7421
f 7429 7443 7432
f 7426 7429 7432
f 7442 7443 7429
f 7421 7436 7442
f 7444 7432 7443
f 7430 7432 7444
f 7363 7430 7431
f 7431 7430 7445
f 7430 7428 7432
f 7446 7443 7442
f 7446 7447 7443
f 7444 7443 7447
f 7448 7444 7447
f 7449 7445 7448
f 7444 7448 7445
f 7445 7449 7450
f 7445 7430 7444
f 7433 7431 7450
f 7440 7446 7442
f 7429 7420 7421
f 7431 7433 7365
f 7451 7390 7386
f 7390 7376 7386
f 7452 7387 7389
f 7385 7390 7389
f 7379 7388 7398
f 7453 7398 7388
f 7386 7358 7408
f 7454 7389 7390
f 7455 7456 7433
f 7433 7456 7408
f 7451 7386 7456
f 7457 7451 7456
f 7454 7458 7389
f 7390 7451 7454
f 7453 7452 7459
f 7460 7458 7454
f 7458 7452 7389
f 7461 7454 7451
f 7452 7453 7388
f 7386 7408 7456
f 7403 7401 7462
f 7400 7401 7403
f 6157 6160 7402
f 6087 7402 6160
f 7463 7402 7403
f 7402 7396 7403
f 7402 7463 6157
f 7453 7464 7465
f 7465 7398 7453
f 7464 7453 7459
f 7452 7458 7459
f 7463 7462 7466
f 7403 7462 7463
f 6157 7463 6162
f 7462 7465 7467
f 7462 7401 7465
f 7463 7466 6162
f 7401 7398 7465
f 7401 7392 7398
f 7468 7459 7458
f 7469 7455 7450
f 7455 7433 7450
f 7470 7461 7457
f 7461 7451 7457
f 7460 7454 7461
f 7471 7460 7461
f 7455 7457 7456
f 7472 7457 7455
f 7472 7455 7469
f 7470 7457 7472
f 7471 7473 7460
f 7461 7470 7471
f 7474 7468 7473
f 7473 7468 7460
f 7460 7468 7458
f 7449 7469 7450
f 7464 7475 7467
f 7465 7464 7467
f 7475 7464 7476
f 7468 7474 7476
f 6164 6165 7466
f 6162 7466 6165
f 7466 7467 7477
f 7466 7462 7467
f 6164 7466 7477
f 7474 7478 7476
f 7475 7476 7478
f 7479 7475 7478
f 6401 7477 7479
f 7475 7479 7477
f 6164 7477 6401
f 7477 7467 7475
f 7476 7459 7468
f 7464 7459 7476
f 7431 7445 7450
f 7387 7452 7388
f 7233 7257 7236
f 7375 7374 7396
f 7396 7404 7400
f 7395 7404 7396
f 7407 7393 7400
f 7406 7400 7405
f 7391 7399 7392
f 7480 7379 7399
f 7379 7480 7377
f 7382 7378 7380
f 7384 7372 7383
f 7348 7341 7342
f 7190 7175 7174
f 7175 7191 7176
f 7176 7181 7177
f 7180 7181 7481
f 7481 7186 7180
f 7197 7193 7184
f 7207 7197 7185
f 7206 7195 7192
f 7282 7287 7276
f 7316 7322 7324
f 7323 7322 7316
f 7482 7302 7317
f 7302 7482 7306
f 7307 7303 7302
f 7251 7254 7249
f 7252 7253 7353
f 7419 7411 7414
f 7418 7435 7417
f 7483 7484 7485
f 7486 7487 7485
f 7485 7484 7486
f 7486 7488 7489
f 7489 7490 7486
f 7486 7490 7487
f 6441 7491 7492
f 7493 7494 7495
f 7491 7493 7496
f 7492 6442 6441
f 7495 7496 7493
f 7497 7495 7494
f 7492 7491 7496
f 7494 7498 7497
f 7499 7500 7501
f 7501 7502 7503
f 7504 7505 7502
f 7498 7506 7497
f 7498 7500 7506
f 7506 7500 7499
f 7499 7501 7503
f 7502 7505 7503
f 7507 7508 7509
f 7510 7509 7508
f 7508 7511 7510
f 7512 7513 7514
f 7511 7508 7514
f 7514 7508 7512
f 7515 7516 7517
f 7516 7518 7517
f 7515 7519 7516
f 7515 7520 7521
f 7520 7515 7522
f 7519 7515 7521
f 7523 7524 7525
f 7526 7527 7528
f 7524 7527 7526
f 6493 6492 7529
f 7529 6492 7523
f 7529 7523 7525
f 7524 7526 7525
f 7527 7530 7528
f 7531 7532 7533
f 7533 7534 7535
f 7536 7535 7534
f 7528 7530 7537
f 7535 7531 7533
f 7538 7535 7536
f 7537 7532 7531
f 7537 7530 7532
f 7539 7540 7541
f 7541 7542 7539
f 7539 7543 7540
f 7539 7544 7545
f 7545 7544 7546
f 7543 7539 7545
f 7547 7548 7549
f 7550 7551 7547
f 7548 7552 7553
f 7552 7554 7555
f 7553 7549 7548
f 7550 7556 7551
f 7557 7558 7559
f 7560 7559 7558
f 7557 7559 7561
f 7554 7552 7548
f 7551 7556 7561
f 7547 7551 7548
f 7557 7561 7556
f 7562 7563 7564
f 7564 7565 7566
f 7567 7568 7563
f 7569 7570 7568
f 7563 7562 7567
f 7565 7571 7566
f 7572 7573 7574
f 7573 7572 7575
f 7576 7572 7574
f 7563 7568 7570
f 7576 7571 7565
f 7563 7565 7564
f 7571 7576 7574
f 7577 7578 7579
f 7579 7580 7577
f 7581 7582 7583
f 7583 7582 7584
f 7585 7586 7587
f 7587 7582 7581
f 7588 7589 7584
f 7590 7591 7592
f 7590 7592 7593
f 7588 7584 7582
f 7591 7588 7592
f 7591 7589 7588
f 7582 7587 7586
f 7594 7595 7596
f 7595 7594 7597
f 7598 7599 7597
f 7599 7598 7600
f 7586 7601 7596
f 7599 7600 7602
f 7595 7597 7599
f 7603 7604 7605
f 7606 7604 7602
f 7606 7602 7600
f 7604 7607 7602
f 7586 7596 7595
f 7586 7585 7601
f 7590 7593 7608
f 7609 7610 7593
f 7608 7593 7610
f 7611 7609 7612
f 7612 7613 7614
f 7613 7615 7616
f 7609 7611 7610
f 7612 7614 7617
f 7613 7618 7614
f 7619 7613 7616
f 7616 7615 7620
f 7619 7618 7613
f 7611 7612 7617
f 7621 7620 7615
f 7622 7623 7624
f 7625 7623 7626
f 7604 7603 7626
f 7623 7607 7626
f 7607 7604 7626
f 7627 7622 7628
f 7629 7630 7627
f 7627 7628 7629
f 7625 7624 7623
f 7631 7622 7624
f 7628 7622 7631
f 7627 7630 7615
f 7630 7621 7615
f 7632 7633 7634
f 7633 7632 7635
f 7636 7637 7638
f 7638 7637 7639
f 7640 7641 7642
f 7642 7637 7636
f 7643 7644 7639
f 7645 7646 7647
f 7645 7647 7648
f 7643 7639 7637
f 7646 7643 7647
f 7646 7644 7643
f 7637 7642 7641
f 7649 7650 7651
f 7650 7649 7652
f 7653 7654 7652
f 7654 7653 7655
f 7641 7656 7651
f 7654 7655 7657
f 7650 7652 7654
f 7658 7659 7660
f 7661 7659 7657
f 7661 7657 7655
f 7659 7662 7657
f 7641 7651 7650
f 7641 7640 7656
f 7645 7648 7663
f 7664 7665 7648
f 7663 7648 7665
f 7666 7664 7667
f 7667 7668 7669
f 7668 7670 7671
f 7664 7666 7665
f 7667 7669 7672
f 7668 7673 7669
f 7674 7668 7671
f 7671 7670 7675
f 7674 7673 7668
f 7666 7667 7672
f 7676 7675 7670
f 7677 7678 7679
f 7680 7678 7658
f 7660 7681 7658
f 7678 7662 7658
f 7662 7659 7658
f 7682 7677 7683
f 7684 7685 7682
f 7682 7683 7684
f 7680 7679 7678
f 7686 7677 7679
f 7683 7677 7686
f 7682 7685 7670
f 7685 7676 7670
f 7687 7688 7689
f 7690 7687 7691
f 7692 7687 7689
f 7693 7687 7692
f 7693 7691 7687
f 7691 7694 7690
f 7695 7696 7697
f 7696 7695 7698
f 7699 7695 7697
f 7699 7694 7700
f 7700 7701 7699
f 7699 7697 7694
f 7690 7694 7697
f 7702 7703 7704
f 7704 7705 7702
f 7706 7707 7708
f 7709 7706 7708
f 7710 7704 7703
f 7711 7712 7713
f 7713 7709 7711
f 7712 7711 7710
f 7710 7703 7712
f 7706 7709 7713
f 7714 7715 7716
f 7717 7716 7718
f 7714 7716 7719
f 7719 7716 7720
f 7716 7717 7720
f 7718 7721 7717
f 7722 7723 7721
f 7724 7721 7723
f 7721 7725 7717
f 7726 7727 7725
f 7725 7728 7726
f 7717 7725 7727
f 7718 7722 7721
f 7729 7730 6520
f 7731 7732 7733
f 7734 7733 7730
f 7729 6520 6519
f 7734 7731 7733
f 7730 7729 7734
f 7731 7735 7732
f 7735 7736 7732
f 7737 7738 7739
f 6515 6514 7740
f 7741 7740 7738
f 7742 7736 7735
f 7738 7737 7741
f 7740 7741 6515
f 7737 7739 7742
f 7739 7736 7742
f 7743 7744 6538
f 7745 7746 7747
f 7748 7747 7744
f 7743 6538 6537
f 7748 7745 7747
f 7744 7743 7748
f 7745 7749 7746
f 7749 7750 7746
f 7751 7752 7753
f 6533 6532 7754
f 7755 7754 7752
f 7756 7750 7749
f 7752 7751 7755
f 7754 7755 6533
f 7751 7753 7756
f 7753 7750 7756
f 7757 7758 7759
f 7760 7757 7759
f 7761 7762 7758
f 7758 7762 7759
f 7761 7758 7763
f 7760 7764 7757
f 7765 7766 7767
f 7768 7767 7769
f 7757 7764 7765
f 7768 7765 7767
f 7769 7770 7768
f 7765 7764 7766
f 7771 7772 7773
f 7774 7773 7772
f 7771 7775 7776
f 7777 7776 7775
f 7763 7774 7778
f 7779 7777 7775
f 7775 7771 7773
f 7780 7779 7781
f 7780 7777 7779
f 7782 7781 7779
f 7773 7774 7763
f 7778 7761 7763
f 7783 7770 7784
f 7785 7783 7786
f 7787 7788 7785
f 7789 7790 7788
f 7784 7786 7783
f 7791 7787 7785
f 7788 7787 7792
f 7789 7793 7790
f 7788 7792 7789
f 7785 7786 7791
f 7790 7793 7794
f 7795 7796 7797
f 7782 7796 7798
f 7782 7798 7799
f 7798 7796 7795
f 7796 7800 7797
f 7782 7799 7781
f 7801 7794 7802
f 7794 7801 7790
f 7801 7802 7803
f 7804 7797 7800
f 7800 7803 7804
f 7800 7801 7803
f 7783 7768 7770
f 7805 7806 7807
f 7808 7805 7807
f 7809 7810 7806
f 7806 7810 7807
f 7809 7806 7811
f 7808 7812 7805
f 7813 7814 7815
f 7816 7815 7817
f 7805 7812 7813
f 7816 7813 7815
f 7817 7818 7816
f 7813 7812 7814
f 7819 7820 7821
f 7822 7821 7820
f 7819 7823 7824
f 7825 7824 7823
f 7811 7822 7826
f 7827 7825 7823
f 7823 7819 7821
f 7828 7827 7829
f 7828 7825 7827
f 7830 7829 7827
f 7821 7822 7811
f 7826 7809 7811
f 7831 7818 7832
f 7833 7831 7834
f 7835 7836 7833
f 7837 7838 7836
f 7832 7834 7831
f 7835 7833 7839
f 7836 7835 7840
f 7837 7841 7838
f 7836 7840 7837
f 7839 7833 7834
f 7838 7841 7842
f 7843 7844 7845
f 7830 7844 7846
f 7830 7846 7847
f 7846 7844 7843
f 7844 7848 7845
f 7830 7847 7829
f 7849 7842 7850
f 7842 7849 7838
f 7849 7850 7851
f 7852 7845 7848
f 7848 7851 7852
f 7848 7849 7851
f 7831 7816 7818
f 7853 7854 7855
f 7856 7857 7858
f 7857 7859 7854
f 7860 7861 7862
f 7862 7863 7864
f 7853 7865 7863
f 7861 7860 7866
f 7867 6564 6563
f 7858 6564 7867
f 7858 7867 7856
f 7859 7857 7856
f 7865 7853 7855
f 7864 7863 7865
f 7859 7855 7854
f 7864 7860 7862
f 7866 7868 7861
f 7869 7870 7871
f 7872 7873 7874
f 7875 7872 7870
f 7876 7874 7877
f 7878 6547 7879
f 7880 7876 7881
f 7879 7880 7882
f 7869 7868 7866
f 7872 7875 7873
f 7875 7870 7869
f 7876 7877 7881
f 7879 7882 7878
f 6547 7878 6559
f 7882 7880 7881
f 7877 7874 7873
f 7871 7868 7869
f 7883 7884 7885
f 7886 7887 6598
f 7888 7884 7887
f 7889 7890 7891
f 7892 7893 7883
f 7893 7894 7890
f 7889 7895 7896
f 6598 6597 7886
f 7884 7888 7885
f 7888 7887 7886
f 7893 7892 7894
f 7889 7891 7895
f 7895 7897 7898
f 7891 7890 7894
f 7892 7883 7885
f 7898 7896 7895
f 7899 7900 7897
f 7901 7900 7899
f 7901 7902 7903
f 7904 7903 7905
f 7906 7907 7908
f 7909 7908 7910
f 7910 7904 7911
f 7902 7901 7899
f 7911 7904 7905
f 7902 7905 7903
f 7909 7906 7908
f 7910 7911 7909
f 7912 7907 7906
f 6592 7912 6593
f 6592 7907 7912
f 7898 7897 7900
f 7913 7914 7915
f 7916 7915 7914
f 7917 7918 7916
f 7914 7917 7916
f 7919 7920 7921
f 7922 7920 7919
f 7923 7924 7922
f 7920 7922 7924
f 7925 7926 7927
f 7928 7925 7929
f 7926 7930 7927
f 7925 7927 7929
f 7929 7931 7928
f 7932 7933 7934
f 7915 7932 7913
f 7933 7931 7934
f 7932 7934 7913
f 7928 7931 7933
f 7935 7936 7937
f 7938 7937 7939
f 7938 7935 7937
f 7940 7936 7935
f 7940 7941 7936
f 7942 7921 7943
f 7944 7943 7941
f 7944 7942 7943
f 7919 7921 7942
f 7940 7944 7941
f 7945 7946 7947
f 7948 7945 7949
f 7949 7950 7951
f 7952 7951 7950
f 7949 7945 7947
f 7951 7948 7949
f 7953 7947 7946
f 7954 7947 7953
f 7954 7955 7956
f 7946 7957 7953
f 7955 7958 7959
f 7958 7960 7961
f 7959 7958 7961
f 7956 7955 7959
f 7947 7954 7956
f 7962 7963 7952
f 7964 7963 7962
f 7965 7966 7967
f 7967 7964 7965
f 7963 7964 7967
f 7960 7968 7969
f 7970 7971 7968
f 7969 7968 7971
f 7961 7960 7969
f 7970 7972 7973
f 7972 7970 7974
f 7971 7970 7973
f 7952 7950 7962
